"Time","gnb-layer-map"
2026-01-27 22:19:31,0
2026-01-27 22:19:32,0
2026-01-27 22:19:33,0
2026-01-27 22:19:34,0
2026-01-27 22:19:35,0
2026-01-27 22:19:36,0
2026-01-27 22:19:37,0
2026-01-27 22:19:38,0
2026-01-27 22:19:39,0
2026-01-27 22:19:40,0
2026-01-27 22:19:41,0
2026-01-27 22:19:42,0
2026-01-27 22:19:43,0
2026-01-27 22:19:44,0
2026-01-27 22:19:45,0
2026-01-27 22:19:46,0
2026-01-27 22:19:47,0
2026-01-27 22:19:48,0
2026-01-27 22:19:49,0
2026-01-27 22:19:50,0
2026-01-27 22:19:51,0
2026-01-27 22:19:52,0
2026-01-27 22:19:53,0
2026-01-27 22:19:54,0
2026-01-27 22:19:55,0
2026-01-27 22:19:56,0
2026-01-27 22:19:57,0
2026-01-27 22:19:58,0
2026-01-27 22:23:39,7.03
2026-01-27 22:23:40,7.03
2026-01-27 22:23:41,7.03
2026-01-27 22:23:42,7.03
2026-01-27 22:23:43,7.03
2026-01-27 22:23:44,10.1
2026-01-27 22:23:45,10.1
2026-01-27 22:23:46,10.1
2026-01-27 22:23:47,10.1
2026-01-27 22:23:48,10.1
2026-01-27 22:23:49,9.40
2026-01-27 22:23:50,9.40
2026-01-27 22:23:51,9.40
2026-01-27 22:23:52,9.40
2026-01-27 22:23:53,9.40
2026-01-27 22:23:54,8.51
2026-01-27 22:23:55,8.51
2026-01-27 22:23:56,8.51
2026-01-27 22:23:57,8.51
2026-01-27 22:23:58,8.51
2026-01-27 22:23:59,9.05
2026-01-27 22:24:00,9.05
2026-01-27 22:24:01,9.05
2026-01-27 22:24:02,9.05
2026-01-27 22:24:03,9.05
2026-01-27 22:24:04,8.38
2026-01-27 22:24:05,8.38
2026-01-27 22:24:06,8.38
2026-01-27 22:24:07,8.38
2026-01-27 22:24:08,8.38
2026-01-27 22:24:09,8.58
2026-01-27 22:24:10,8.58
2026-01-27 22:24:11,8.58
2026-01-27 22:24:12,8.58
2026-01-27 22:24:13,8.58
2026-01-27 22:24:14,8.25
2026-01-27 22:24:15,8.25
2026-01-27 22:24:16,8.25
2026-01-27 22:24:17,8.25
2026-01-27 22:24:18,8.25
2026-01-27 22:24:19,10.4
2026-01-27 22:24:20,10.4
2026-01-27 22:24:21,10.4
2026-01-27 22:24:22,10.4
2026-01-27 22:24:23,10.4
2026-01-27 22:24:24,6.97
2026-01-27 22:24:25,6.97
2026-01-27 22:24:26,6.97
2026-01-27 22:24:27,6.97
2026-01-27 22:24:28,6.97
2026-01-27 22:24:29,7.79
2026-01-27 22:24:30,7.79
2026-01-27 22:24:31,7.79
2026-01-27 22:24:32,7.79
2026-01-27 22:24:33,7.79
2026-01-27 22:24:34,6.72
2026-01-27 22:24:35,6.72
2026-01-27 22:24:36,6.72
2026-01-27 22:24:37,6.72
2026-01-27 22:24:38,6.72
2026-01-27 22:24:39,6.81
2026-01-27 22:24:40,6.81
2026-01-27 22:24:41,6.81
2026-01-27 22:24:42,6.81
2026-01-27 22:24:43,6.81
2026-01-27 22:24:44,6.77
2026-01-27 22:24:45,6.77
2026-01-27 22:24:46,6.77
2026-01-27 22:24:47,6.77
2026-01-27 22:24:48,6.77
2026-01-27 22:24:49,6.84
2026-01-27 22:24:50,6.84
2026-01-27 22:24:51,6.84
2026-01-27 22:24:52,6.84
2026-01-27 22:24:53,6.84
2026-01-27 22:24:54,6.89
2026-01-27 22:24:55,6.89
2026-01-27 22:24:56,6.89
2026-01-27 22:24:57,6.89
2026-01-27 22:24:58,6.89
2026-01-27 22:24:59,7.58
2026-01-27 22:25:00,7.58
2026-01-27 22:25:01,7.58
2026-01-27 22:25:02,7.58
2026-01-27 22:25:03,7.58
2026-01-27 22:25:04,6.75
2026-01-27 22:25:05,6.75
2026-01-27 22:25:06,6.75
2026-01-27 22:25:07,6.75
2026-01-27 22:25:08,6.75
2026-01-27 22:25:09,7.44
2026-01-27 22:25:10,7.44
2026-01-27 22:25:11,7.44
2026-01-27 22:25:12,7.44
2026-01-27 22:25:13,7.44
2026-01-27 22:25:14,6.52
2026-01-27 22:25:15,6.52
2026-01-27 22:25:16,6.52
2026-01-27 22:25:17,6.52
2026-01-27 22:25:18,6.52
2026-01-27 22:25:19,8.26
2026-01-27 22:25:20,8.26
2026-01-27 22:25:21,8.26
2026-01-27 22:25:22,8.26
2026-01-27 22:25:23,8.26
2026-01-27 22:25:24,8.99
2026-01-27 22:25:25,8.99
2026-01-27 22:25:26,8.99
2026-01-27 22:25:27,8.99
2026-01-27 22:25:28,8.99
2026-01-27 22:25:29,8.77
2026-01-27 22:25:30,8.77
2026-01-27 22:25:31,8.77
2026-01-27 22:25:32,8.77
2026-01-27 22:25:33,8.77
2026-01-27 22:25:34,7.94
2026-01-27 22:25:35,7.94
2026-01-27 22:25:36,7.94
2026-01-27 22:25:37,7.94
2026-01-27 22:25:38,7.94
2026-01-27 22:25:39,7.97
2026-01-27 22:25:40,7.97
2026-01-27 22:25:41,7.97
2026-01-27 22:25:42,7.97
2026-01-27 22:25:43,7.97
2026-01-27 22:25:44,7.89
2026-01-27 22:25:45,7.89
2026-01-27 22:25:46,7.89
2026-01-27 22:25:47,7.89
2026-01-27 22:25:48,7.89
2026-01-27 22:25:49,8.90
2026-01-27 22:25:50,8.90
2026-01-27 22:25:51,8.90
2026-01-27 22:25:52,8.90
2026-01-27 22:25:53,8.90
2026-01-27 22:25:54,7.90
2026-01-27 22:25:55,7.90
2026-01-27 22:25:56,7.90
2026-01-27 22:25:57,7.90
2026-01-27 22:25:58,7.90
2026-01-27 22:25:59,8.22
2026-01-27 22:26:00,8.22
2026-01-27 22:26:01,8.22
2026-01-27 22:26:02,8.22
2026-01-27 22:26:03,8.22
2026-01-27 22:26:04,7.30
2026-01-27 22:26:05,7.30
2026-01-27 22:26:06,7.30
2026-01-27 22:26:07,7.30
2026-01-27 22:26:08,7.30
2026-01-27 22:26:09,9.71
2026-01-27 22:26:10,9.71
2026-01-27 22:26:11,9.71
2026-01-27 22:26:12,9.71
2026-01-27 22:26:13,9.71
2026-01-27 22:26:14,8.69
2026-01-27 22:26:15,8.69
2026-01-27 22:26:16,8.69
2026-01-27 22:26:17,8.69
2026-01-27 22:26:18,8.69
2026-01-27 22:26:19,8.64
2026-01-27 22:26:20,8.64
2026-01-27 22:26:21,8.64
2026-01-27 22:26:22,8.64
2026-01-27 22:26:23,8.64
2026-01-27 22:26:24,8.70
2026-01-27 22:26:25,8.70
2026-01-27 22:26:26,8.70
2026-01-27 22:26:27,8.70
2026-01-27 22:26:28,8.70
2026-01-27 22:26:29,9.89
2026-01-27 22:26:30,9.89
2026-01-27 22:26:31,9.89
2026-01-27 22:26:32,9.89
2026-01-27 22:26:33,9.89
2026-01-27 22:26:34,8.77
2026-01-27 22:26:35,8.77
2026-01-27 22:26:36,8.77
2026-01-27 22:26:37,8.77
2026-01-27 22:26:38,8.77
2026-01-27 22:26:39,9.74
2026-01-27 22:26:40,9.74
2026-01-27 22:26:41,9.74
2026-01-27 22:26:42,9.74
2026-01-27 22:26:43,9.74
2026-01-27 22:26:44,8.61
2026-01-27 22:26:45,8.61
2026-01-27 22:26:46,8.61
2026-01-27 22:26:47,8.61
2026-01-27 22:26:48,8.61
2026-01-27 22:26:49,9.81
2026-01-27 22:26:50,9.81
2026-01-27 22:26:51,9.81
2026-01-27 22:26:52,9.81
2026-01-27 22:26:53,9.81
2026-01-27 22:26:54,8.70
2026-01-27 22:26:55,8.70
2026-01-27 22:26:56,8.70
2026-01-27 22:26:57,8.70
2026-01-27 22:26:58,8.70
2026-01-27 22:26:59,9.12
2026-01-27 22:27:00,9.12
2026-01-27 22:27:01,9.12
2026-01-27 22:27:02,9.12
2026-01-27 22:27:03,9.12
2026-01-27 22:27:04,8.68
2026-01-27 22:27:05,8.68
2026-01-27 22:27:06,8.68
2026-01-27 22:27:07,8.68
2026-01-27 22:27:08,8.68
2026-01-27 22:27:09,9.78
2026-01-27 22:27:10,9.78
2026-01-27 22:27:11,9.78
2026-01-27 22:27:12,9.78
2026-01-27 22:27:13,9.78
2026-01-27 22:27:14,8.52
2026-01-27 22:27:15,8.52
2026-01-27 22:27:16,8.52
2026-01-27 22:27:17,8.52
2026-01-27 22:27:18,8.52
2026-01-27 22:27:19,8.75
2026-01-27 22:27:20,8.75
2026-01-27 22:27:21,8.75
2026-01-27 22:27:22,8.75
2026-01-27 22:27:23,8.75
2026-01-27 22:27:24,8.83
2026-01-27 22:27:25,8.83
2026-01-27 22:27:26,8.83
2026-01-27 22:27:27,8.83
2026-01-27 22:27:28,8.83
2026-01-27 22:27:29,9.70
2026-01-27 22:27:30,9.70
2026-01-27 22:27:31,9.70
2026-01-27 22:27:32,9.70
2026-01-27 22:27:33,9.70
2026-01-27 22:27:34,8.68
2026-01-27 22:27:35,8.68
2026-01-27 22:27:36,8.68
2026-01-27 22:27:37,8.68
2026-01-27 22:27:38,8.68
2026-01-27 22:27:39,8.78
2026-01-27 22:27:40,8.78
2026-01-27 22:27:41,8.78
2026-01-27 22:27:42,8.78
2026-01-27 22:27:43,8.78
2026-01-27 22:27:44,8.54
2026-01-27 22:27:45,8.54
2026-01-27 22:27:46,8.54
2026-01-27 22:27:47,8.54
2026-01-27 22:27:48,8.54
2026-01-27 22:27:49,9.51
2026-01-27 22:27:50,9.51
2026-01-27 22:27:51,9.51
2026-01-27 22:27:52,9.51
2026-01-27 22:27:53,9.51
2026-01-27 22:27:54,8.56
2026-01-27 22:27:55,8.56
2026-01-27 22:27:56,8.56
2026-01-27 22:27:57,8.56
2026-01-27 22:27:58,8.56
2026-01-27 22:27:59,9.00
2026-01-27 22:28:00,9.00
2026-01-27 22:28:01,9.00
2026-01-27 22:28:02,9.00
2026-01-27 22:28:03,9.00
2026-01-27 22:28:04,9.85
2026-01-27 22:28:05,9.85
2026-01-27 22:28:06,9.85
2026-01-27 22:28:07,9.85
2026-01-27 22:28:08,9.85
2026-01-27 22:28:09,8.96
2026-01-27 22:28:10,8.96
2026-01-27 22:28:11,8.96
2026-01-27 22:28:12,8.96
2026-01-27 22:28:13,8.96
2026-01-27 22:28:14,7.88
2026-01-27 22:28:15,7.88
2026-01-27 22:28:16,7.88
2026-01-27 22:28:17,7.88
2026-01-27 22:28:18,7.88
2026-01-27 22:28:19,7.81
2026-01-27 22:28:20,7.81
2026-01-27 22:28:21,7.81
2026-01-27 22:28:22,7.81
2026-01-27 22:28:23,7.81
2026-01-27 22:28:24,7.97
2026-01-27 22:28:25,7.97
2026-01-27 22:28:26,7.97
2026-01-27 22:28:27,7.97
2026-01-27 22:28:28,7.97
2026-01-27 22:28:29,8.95
2026-01-27 22:28:30,8.95
2026-01-27 22:28:31,8.95
2026-01-27 22:28:32,8.95
2026-01-27 22:28:33,8.95
2026-01-27 22:28:34,0
2026-01-27 22:28:35,0
2026-01-27 22:28:36,0
2026-01-27 22:28:37,0
2026-01-27 22:28:38,0
2026-01-27 22:28:39,0
2026-01-27 22:28:40,0
2026-01-27 22:28:41,0
2026-01-27 22:28:42,0
2026-01-27 22:28:43,0
2026-01-27 22:28:44,0
2026-01-27 22:28:45,0
2026-01-27 22:28:46,0
2026-01-27 22:28:47,0
2026-01-27 22:28:48,0
2026-01-27 22:28:49,0
2026-01-27 22:28:50,0
2026-01-27 22:28:51,0
2026-01-27 22:28:52,0
2026-01-27 22:28:53,0
2026-01-27 22:28:54,0
2026-01-27 22:28:55,0
2026-01-27 22:28:56,0
2026-01-27 22:28:57,0
2026-01-27 22:28:58,0
2026-01-27 22:28:59,0
2026-01-27 22:29:00,0
2026-01-27 22:29:01,0
2026-01-27 22:29:02,0
2026-01-27 22:29:03,0
2026-01-27 22:29:04,0
2026-01-27 22:29:05,0
2026-01-27 22:29:06,0
2026-01-27 22:29:07,0
2026-01-27 22:29:08,0
2026-01-27 22:29:09,0
2026-01-27 22:29:10,0
2026-01-27 22:29:11,0
2026-01-27 22:29:12,0
2026-01-27 22:29:13,0
2026-01-27 22:29:14,0
2026-01-27 22:29:15,0
2026-01-27 22:29:16,0
2026-01-27 22:29:17,0
2026-01-27 22:29:18,0
2026-01-27 22:29:19,0
2026-01-27 22:29:20,0
2026-01-27 22:29:21,0
2026-01-27 22:29:22,0
2026-01-27 22:29:23,0
2026-01-27 22:29:24,0
2026-01-27 22:29:25,0
2026-01-27 22:29:26,0
2026-01-27 22:29:27,0
2026-01-27 22:29:28,0
2026-01-27 22:29:29,0
2026-01-27 22:29:30,0
2026-01-27 22:29:31,0
2026-01-27 22:29:32,0
2026-01-27 22:29:33,0
2026-01-27 22:29:34,0
2026-01-27 22:29:35,0
2026-01-27 22:29:36,0
2026-01-27 22:29:37,0
2026-01-27 22:29:38,0
2026-01-27 22:29:39,0
2026-01-27 22:29:40,0
2026-01-27 22:29:41,0
2026-01-27 22:29:42,0
2026-01-27 22:29:43,0
2026-01-27 22:29:44,0
2026-01-27 22:29:45,0
2026-01-27 22:29:46,0
2026-01-27 22:29:47,0
2026-01-27 22:29:48,0
2026-01-27 22:29:49,0
2026-01-27 22:29:50,0
2026-01-27 22:29:51,0
2026-01-27 22:29:52,0
2026-01-27 22:29:53,0
2026-01-27 22:29:54,0
2026-01-27 22:29:55,0
2026-01-27 22:29:56,0
2026-01-27 22:29:57,0
2026-01-27 22:29:58,0
2026-01-27 22:29:59,0
2026-01-27 22:30:00,0
2026-01-27 22:30:01,0
2026-01-27 22:30:02,0
2026-01-27 22:30:03,0
2026-01-27 22:30:04,0
2026-01-27 22:30:05,0
2026-01-27 22:30:06,0
2026-01-27 22:30:07,0
2026-01-27 22:30:08,0
2026-01-27 22:30:14,1.86
2026-01-27 22:30:15,1.86
2026-01-27 22:30:16,1.86
2026-01-27 22:30:17,1.86
2026-01-27 22:30:18,1.86
2026-01-27 22:30:19,7.99
2026-01-27 22:30:20,7.99
2026-01-27 22:30:21,7.99
2026-01-27 22:30:22,7.99
2026-01-27 22:30:23,7.99
2026-01-27 22:30:24,8.85
2026-01-27 22:30:25,8.85
2026-01-27 22:30:26,8.85
2026-01-27 22:30:27,8.85
2026-01-27 22:30:28,8.85
2026-01-27 22:30:29,8.28
2026-01-27 22:30:30,8.28
2026-01-27 22:30:31,8.28
2026-01-27 22:30:32,8.28
2026-01-27 22:30:33,8.28
2026-01-27 22:30:34,6.89
2026-01-27 22:30:35,6.89
2026-01-27 22:30:36,6.89
2026-01-27 22:30:37,6.89
2026-01-27 22:30:38,6.89
2026-01-27 22:30:39,6.85
2026-01-27 22:30:40,6.85
2026-01-27 22:30:41,6.85
2026-01-27 22:30:42,6.85
2026-01-27 22:30:43,6.85
2026-01-27 22:30:44,6.96
2026-01-27 22:30:45,6.96
2026-01-27 22:30:46,6.96
2026-01-27 22:30:47,6.96
2026-01-27 22:30:48,6.96
2026-01-27 22:30:49,7.87
2026-01-27 22:30:50,7.87
2026-01-27 22:30:51,7.87
2026-01-27 22:30:52,7.87
2026-01-27 22:30:53,7.87
2026-01-27 22:30:54,7.08
2026-01-27 22:30:55,7.08
2026-01-27 22:30:56,7.08
2026-01-27 22:30:57,7.08
2026-01-27 22:30:58,7.08
2026-01-27 22:30:59,6.96
2026-01-27 22:31:00,6.96
2026-01-27 22:31:01,6.96
2026-01-27 22:31:02,6.96
2026-01-27 22:31:03,6.96
2026-01-27 22:31:04,7.79
2026-01-27 22:31:05,7.79
2026-01-27 22:31:06,7.79
2026-01-27 22:31:07,7.79
2026-01-27 22:31:08,7.79
2026-01-27 22:31:09,9.15
2026-01-27 22:31:10,9.15
2026-01-27 22:31:11,9.15
2026-01-27 22:31:12,9.15
2026-01-27 22:31:13,9.15
2026-01-27 22:31:14,7.72
2026-01-27 22:31:15,7.72
2026-01-27 22:31:16,7.72
2026-01-27 22:31:17,7.72
2026-01-27 22:31:18,7.72
2026-01-27 22:31:19,8.97
2026-01-27 22:31:20,8.97
2026-01-27 22:31:21,8.97
2026-01-27 22:31:22,8.97
2026-01-27 22:31:23,8.97
2026-01-27 22:31:24,8.95
2026-01-27 22:31:25,8.95
2026-01-27 22:31:26,8.95
2026-01-27 22:31:27,8.95
2026-01-27 22:31:28,8.95
2026-01-27 22:31:29,9.91
2026-01-27 22:31:30,9.91
2026-01-27 22:31:31,9.91
2026-01-27 22:31:32,9.91
2026-01-27 22:31:33,9.91
2026-01-27 22:31:34,8.61
2026-01-27 22:31:35,8.61
2026-01-27 22:31:36,8.61
2026-01-27 22:31:37,8.61
2026-01-27 22:31:38,8.61
2026-01-27 22:31:39,8.73
2026-01-27 22:31:40,8.73
2026-01-27 22:31:41,8.73
2026-01-27 22:31:42,8.73
2026-01-27 22:31:43,8.73
2026-01-27 22:31:44,8.64
2026-01-27 22:31:45,8.64
2026-01-27 22:31:46,8.64
2026-01-27 22:31:47,8.64
2026-01-27 22:31:48,8.64
2026-01-27 22:31:49,9.31
2026-01-27 22:31:50,9.31
2026-01-27 22:31:51,9.31
2026-01-27 22:31:52,9.31
2026-01-27 22:31:53,9.31
2026-01-27 22:31:54,7.97
2026-01-27 22:31:55,7.97
2026-01-27 22:31:56,7.97
2026-01-27 22:31:57,7.97
2026-01-27 22:31:58,7.97
2026-01-27 22:31:59,10.8
2026-01-27 22:32:00,10.8
2026-01-27 22:32:01,10.8
2026-01-27 22:32:02,10.8
2026-01-27 22:32:03,10.8
2026-01-27 22:32:04,9.52
2026-01-27 22:32:05,9.52
2026-01-27 22:32:06,9.52
2026-01-27 22:32:07,9.52
2026-01-27 22:32:08,9.52
2026-01-27 22:32:09,9.84
2026-01-27 22:32:10,9.84
2026-01-27 22:32:11,9.84
2026-01-27 22:32:12,9.84
2026-01-27 22:32:13,9.84
2026-01-27 22:32:14,9.06
2026-01-27 22:32:15,9.06
2026-01-27 22:32:16,9.06
2026-01-27 22:32:17,9.06
2026-01-27 22:32:18,9.06
2026-01-27 22:32:19,9.20
2026-01-27 22:32:20,9.20
2026-01-27 22:32:21,9.20
2026-01-27 22:32:22,9.20
2026-01-27 22:32:23,9.20
2026-01-27 22:32:24,8.93
2026-01-27 22:32:25,8.93
2026-01-27 22:32:26,8.93
2026-01-27 22:32:27,8.93
2026-01-27 22:32:28,8.93
2026-01-27 22:32:29,9.99
2026-01-27 22:32:30,9.99
2026-01-27 22:32:31,9.99
2026-01-27 22:32:32,9.99
2026-01-27 22:32:33,9.99
2026-01-27 22:32:34,9.18
2026-01-27 22:32:35,9.18
2026-01-27 22:32:36,9.18
2026-01-27 22:32:37,9.18
2026-01-27 22:32:38,9.18
2026-01-27 22:32:39,9.23
2026-01-27 22:32:40,9.23
2026-01-27 22:32:41,9.23
2026-01-27 22:32:42,9.23
2026-01-27 22:32:43,9.23
2026-01-27 22:32:44,9.04
2026-01-27 22:32:45,9.04
2026-01-27 22:32:46,9.04
2026-01-27 22:32:47,9.04
2026-01-27 22:32:48,9.04
2026-01-27 22:32:49,10.0
2026-01-27 22:32:50,10.0
2026-01-27 22:32:51,10.0
2026-01-27 22:32:52,10.0
2026-01-27 22:32:53,10.0
2026-01-27 22:32:54,9.07
2026-01-27 22:32:55,9.07
2026-01-27 22:32:56,9.07
2026-01-27 22:32:57,9.07
2026-01-27 22:32:58,9.07
2026-01-27 22:32:59,9.06
2026-01-27 22:33:00,9.06
2026-01-27 22:33:01,9.06
2026-01-27 22:33:02,9.06
2026-01-27 22:33:03,9.06
2026-01-27 22:33:04,10.2
2026-01-27 22:33:05,10.2
2026-01-27 22:33:06,10.2
2026-01-27 22:33:07,10.2
2026-01-27 22:33:08,10.2
2026-01-27 22:33:09,11.2
2026-01-27 22:33:10,11.2
2026-01-27 22:33:11,11.2
2026-01-27 22:33:12,11.2
2026-01-27 22:33:13,11.2
2026-01-27 22:33:14,8.88
2026-01-27 22:33:15,8.88
2026-01-27 22:33:16,8.88
2026-01-27 22:33:17,8.88
2026-01-27 22:33:18,8.88
2026-01-27 22:33:19,8.83
2026-01-27 22:33:20,8.83
2026-01-27 22:33:21,8.83
2026-01-27 22:33:22,8.83
2026-01-27 22:33:23,8.83
2026-01-27 22:33:24,8.75
2026-01-27 22:33:25,8.75
2026-01-27 22:33:26,8.75
2026-01-27 22:33:27,8.75
2026-01-27 22:33:28,8.75
2026-01-27 22:33:29,10.0
2026-01-27 22:33:30,10.0
2026-01-27 22:33:31,10.0
2026-01-27 22:33:32,10.0
2026-01-27 22:33:33,10.0
2026-01-27 22:33:34,8.68
2026-01-27 22:33:35,8.68
2026-01-27 22:33:36,8.68
2026-01-27 22:33:37,8.68
2026-01-27 22:33:38,8.68
2026-01-27 22:33:39,9.10
2026-01-27 22:33:40,9.10
2026-01-27 22:33:41,9.10
2026-01-27 22:33:42,9.10
2026-01-27 22:33:43,9.10
2026-01-27 22:33:44,7.96
2026-01-27 22:33:45,7.96
2026-01-27 22:33:46,7.96
2026-01-27 22:33:47,7.96
2026-01-27 22:33:48,7.96
2026-01-27 22:33:49,8.42
2026-01-27 22:33:50,8.42
2026-01-27 22:33:51,8.42
2026-01-27 22:33:52,8.42
2026-01-27 22:33:53,8.42
2026-01-27 22:33:54,7.83
2026-01-27 22:33:55,7.83
2026-01-27 22:33:56,7.83
2026-01-27 22:33:57,7.83
2026-01-27 22:33:58,7.83
2026-01-27 22:33:59,8.19
2026-01-27 22:34:00,8.19
2026-01-27 22:34:01,8.19
2026-01-27 22:34:02,8.19
2026-01-27 22:34:03,8.19
2026-01-27 22:34:04,7.77
2026-01-27 22:34:05,7.77
2026-01-27 22:34:06,7.77
2026-01-27 22:34:07,7.77
2026-01-27 22:34:08,7.77
2026-01-27 22:34:09,10.1
2026-01-27 22:34:10,10.1
2026-01-27 22:34:11,10.1
2026-01-27 22:34:12,10.1
2026-01-27 22:34:13,10.1
2026-01-27 22:34:14,9.16
2026-01-27 22:34:15,9.16
2026-01-27 22:34:16,9.16
2026-01-27 22:34:17,9.16
2026-01-27 22:34:18,9.16
2026-01-27 22:34:19,7.86
2026-01-27 22:34:20,7.86
2026-01-27 22:34:21,7.86
2026-01-27 22:34:22,7.86
2026-01-27 22:34:23,7.86
2026-01-27 22:34:24,8.01
2026-01-27 22:34:25,8.01
2026-01-27 22:34:26,8.01
2026-01-27 22:34:27,8.01
2026-01-27 22:34:28,8.01
2026-01-27 22:34:29,8.51
2026-01-27 22:34:30,8.51
2026-01-27 22:34:31,8.51
2026-01-27 22:34:32,8.51
2026-01-27 22:34:33,8.51
2026-01-27 22:34:34,7.76
2026-01-27 22:34:35,7.76
2026-01-27 22:34:36,7.76
2026-01-27 22:34:37,7.76
2026-01-27 22:34:38,7.76
2026-01-27 22:34:39,7.90
2026-01-27 22:34:40,7.90
2026-01-27 22:34:41,7.90
2026-01-27 22:34:42,7.90
2026-01-27 22:34:43,7.90
2026-01-27 22:34:44,7.98
2026-01-27 22:34:45,7.98
2026-01-27 22:34:46,7.98
2026-01-27 22:34:47,7.98
2026-01-27 22:34:48,7.98
2026-01-27 22:34:49,8.50
2026-01-27 22:34:50,8.50
2026-01-27 22:34:51,8.50
2026-01-27 22:34:52,8.50
2026-01-27 22:34:53,8.50
2026-01-27 22:34:54,8.57
2026-01-27 22:34:55,8.57
2026-01-27 22:34:56,8.57
2026-01-27 22:34:57,8.57
2026-01-27 22:34:58,8.57
2026-01-27 22:34:59,9.26
2026-01-27 22:35:00,9.26
2026-01-27 22:35:01,9.26
2026-01-27 22:35:02,9.26
2026-01-27 22:35:03,9.26
2026-01-27 22:35:04,8.56
2026-01-27 22:35:05,8.56
2026-01-27 22:35:06,8.56
2026-01-27 22:35:07,8.56
2026-01-27 22:35:08,8.56
2026-01-27 22:35:09,0
2026-01-27 22:35:10,0
2026-01-27 22:35:11,0
2026-01-27 22:35:12,0
2026-01-27 22:35:13,0
2026-01-27 22:35:14,0
2026-01-27 22:35:15,0
2026-01-27 22:35:16,0
2026-01-27 22:35:17,0
2026-01-27 22:35:18,0
2026-01-27 22:35:19,0
2026-01-27 22:35:20,0
2026-01-27 22:35:21,0
2026-01-27 22:35:22,0
2026-01-27 22:35:23,0
2026-01-27 22:35:24,0
2026-01-27 22:35:25,0
2026-01-27 22:35:26,0
2026-01-27 22:35:27,0
2026-01-27 22:35:28,0
2026-01-27 22:35:29,0
2026-01-27 22:35:30,0
2026-01-27 22:35:31,0
2026-01-27 22:35:32,0
2026-01-27 22:35:33,0
2026-01-27 22:35:34,0
2026-01-27 22:35:35,0
2026-01-27 22:35:36,0
2026-01-27 22:35:37,0
2026-01-27 22:35:38,0
2026-01-27 22:35:39,0
2026-01-27 22:35:40,0
2026-01-27 22:35:41,0
2026-01-27 22:35:42,0
2026-01-27 22:35:43,0
2026-01-27 22:35:44,0
2026-01-27 22:35:45,0
2026-01-27 22:35:46,0
2026-01-27 22:35:47,0
2026-01-27 22:35:48,0
2026-01-27 22:35:49,0
2026-01-27 22:35:50,0
2026-01-27 22:35:51,0
2026-01-27 22:35:52,0
2026-01-27 22:35:53,0
2026-01-27 22:35:54,0
2026-01-27 22:35:55,0
2026-01-27 22:35:56,0
2026-01-27 22:35:57,0
2026-01-27 22:35:58,0
2026-01-27 22:35:59,0
2026-01-27 22:36:00,0
2026-01-27 22:36:01,0
2026-01-27 22:36:02,0
2026-01-27 22:36:03,0
2026-01-27 22:36:04,0
2026-01-27 22:36:05,0
2026-01-27 22:36:06,0
2026-01-27 22:36:07,0
2026-01-27 22:36:08,0
2026-01-27 22:36:09,0
2026-01-27 22:36:10,0
2026-01-27 22:36:11,0
2026-01-27 22:36:12,0
2026-01-27 22:36:13,0
2026-01-27 22:36:14,0
2026-01-27 22:36:15,0
2026-01-27 22:36:16,0
2026-01-27 22:36:17,0
2026-01-27 22:36:18,0
2026-01-27 22:36:19,0
2026-01-27 22:36:20,0
2026-01-27 22:36:21,0
2026-01-27 22:36:22,0
2026-01-27 22:36:23,0
2026-01-27 22:36:24,0
2026-01-27 22:36:25,0
2026-01-27 22:36:26,0
2026-01-27 22:36:27,0
2026-01-27 22:36:28,0
2026-01-27 22:36:29,0
2026-01-27 22:36:30,0
2026-01-27 22:36:31,0
2026-01-27 22:36:32,0
2026-01-27 22:36:33,0
2026-01-27 22:36:34,0
2026-01-27 22:36:35,0
2026-01-27 22:36:36,0
2026-01-27 22:36:37,0
2026-01-27 22:36:38,0
2026-01-27 22:36:39,0
2026-01-27 22:36:40,0
2026-01-27 22:36:41,0
2026-01-27 22:36:42,0
2026-01-27 22:36:43,0
2026-01-27 22:37:04,1.97
2026-01-27 22:37:05,1.97
2026-01-27 22:37:06,1.97
2026-01-27 22:37:07,1.97
2026-01-27 22:37:08,1.97
2026-01-27 22:37:09,9.51
2026-01-27 22:37:10,9.51
2026-01-27 22:37:11,9.51
2026-01-27 22:37:12,9.51
2026-01-27 22:37:13,9.51
2026-01-27 22:37:14,8.84
2026-01-27 22:37:15,8.84
2026-01-27 22:37:16,8.84
2026-01-27 22:37:17,8.84
2026-01-27 22:37:18,8.84
2026-01-27 22:37:19,8.84
2026-01-27 22:37:20,8.84
2026-01-27 22:37:21,8.84
2026-01-27 22:37:22,8.84
2026-01-27 22:37:23,8.84
2026-01-27 22:37:24,8.89
2026-01-27 22:37:25,8.89
2026-01-27 22:37:26,8.89
2026-01-27 22:37:27,8.89
2026-01-27 22:37:28,8.89
2026-01-27 22:37:29,9.83
2026-01-27 22:37:30,9.83
2026-01-27 22:37:31,9.83
2026-01-27 22:37:32,9.83
2026-01-27 22:37:33,9.83
2026-01-27 22:37:34,8.64
2026-01-27 22:37:35,8.64
2026-01-27 22:37:36,8.64
2026-01-27 22:37:37,8.64
2026-01-27 22:37:38,8.64
2026-01-27 22:37:39,8.68
2026-01-27 22:37:40,8.68
2026-01-27 22:37:41,8.68
2026-01-27 22:37:42,8.68
2026-01-27 22:37:43,8.68
2026-01-27 22:37:44,8.58
2026-01-27 22:37:45,8.58
2026-01-27 22:37:46,8.58
2026-01-27 22:37:47,8.58
2026-01-27 22:37:48,8.58
2026-01-27 22:37:49,9.14
2026-01-27 22:37:50,9.14
2026-01-27 22:37:51,9.14
2026-01-27 22:37:52,9.14
2026-01-27 22:37:53,9.14
2026-01-27 22:37:54,8.54
2026-01-27 22:37:55,8.54
2026-01-27 22:37:56,8.54
2026-01-27 22:37:57,8.54
2026-01-27 22:37:58,8.54
2026-01-27 22:37:59,8.90
2026-01-27 22:38:00,8.90
2026-01-27 22:38:01,8.90
2026-01-27 22:38:02,8.90
2026-01-27 22:38:03,8.90
2026-01-27 22:38:04,8.60
2026-01-27 22:38:05,8.60
2026-01-27 22:38:06,8.60
2026-01-27 22:38:07,8.60
2026-01-27 22:38:08,8.60
2026-01-27 22:38:09,9.82
2026-01-27 22:38:10,9.82
2026-01-27 22:38:11,9.82
2026-01-27 22:38:12,9.82
2026-01-27 22:38:13,9.82
2026-01-27 22:38:14,9.12
2026-01-27 22:38:15,9.12
2026-01-27 22:38:16,9.12
2026-01-27 22:38:17,9.12
2026-01-27 22:38:18,9.12
2026-01-27 22:38:19,8.68
2026-01-27 22:38:20,8.68
2026-01-27 22:38:21,8.68
2026-01-27 22:38:22,8.68
2026-01-27 22:38:23,8.68
2026-01-27 22:38:24,8.60
2026-01-27 22:38:25,8.60
2026-01-27 22:38:26,8.60
2026-01-27 22:38:27,8.60
2026-01-27 22:38:28,8.60
2026-01-27 22:38:29,9.44
2026-01-27 22:38:30,9.44
2026-01-27 22:38:31,9.44
2026-01-27 22:38:32,9.44
2026-01-27 22:38:33,9.44
2026-01-27 22:38:34,8.74
2026-01-27 22:38:35,8.74
2026-01-27 22:38:36,8.74
2026-01-27 22:38:37,8.74
2026-01-27 22:38:38,8.74
2026-01-27 22:38:39,8.71
2026-01-27 22:38:40,8.71
2026-01-27 22:38:41,8.71
2026-01-27 22:38:42,8.71
2026-01-27 22:38:43,8.71
2026-01-27 22:38:44,8.50
2026-01-27 22:38:45,8.50
2026-01-27 22:38:46,8.50
2026-01-27 22:38:47,8.50
2026-01-27 22:38:48,8.50
2026-01-27 22:38:49,9.43
2026-01-27 22:38:50,9.43
2026-01-27 22:38:51,9.43
2026-01-27 22:38:52,9.43
2026-01-27 22:38:53,9.43
2026-01-27 22:38:54,8.57
2026-01-27 22:38:55,8.57
2026-01-27 22:38:56,8.57
2026-01-27 22:38:57,8.57
2026-01-27 22:38:58,8.57
2026-01-27 22:38:59,8.98
2026-01-27 22:39:00,8.98
2026-01-27 22:39:01,8.98
2026-01-27 22:39:02,8.98
2026-01-27 22:39:03,8.98
2026-01-27 22:39:04,8.67
2026-01-27 22:39:05,8.67
2026-01-27 22:39:06,8.67
2026-01-27 22:39:07,8.67
2026-01-27 22:39:08,8.67
2026-01-27 22:39:09,9.24
2026-01-27 22:39:10,9.24
2026-01-27 22:39:11,9.24
2026-01-27 22:39:12,9.24
2026-01-27 22:39:13,9.24
2026-01-27 22:39:14,10.4
2026-01-27 22:39:15,10.4
2026-01-27 22:39:16,10.4
2026-01-27 22:39:17,10.4
2026-01-27 22:39:18,10.4
2026-01-27 22:39:19,7.95
2026-01-27 22:39:20,7.95
2026-01-27 22:39:21,7.95
2026-01-27 22:39:22,7.95
2026-01-27 22:39:23,7.95
2026-01-27 22:39:24,7.68
2026-01-27 22:39:25,7.68
2026-01-27 22:39:26,7.68
2026-01-27 22:39:27,7.68
2026-01-27 22:39:28,7.68
2026-01-27 22:39:29,8.29
2026-01-27 22:39:30,8.29
2026-01-27 22:39:31,8.29
2026-01-27 22:39:32,8.29
2026-01-27 22:39:33,8.29
2026-01-27 22:39:34,7.81
2026-01-27 22:39:35,7.81
2026-01-27 22:39:36,7.81
2026-01-27 22:39:37,7.81
2026-01-27 22:39:38,7.81
2026-01-27 22:39:39,7.81
2026-01-27 22:39:40,7.81
2026-01-27 22:39:41,7.81
2026-01-27 22:39:42,7.81
2026-01-27 22:39:43,7.81
2026-01-27 22:39:44,7.62
2026-01-27 22:39:45,7.62
2026-01-27 22:39:46,7.62
2026-01-27 22:39:47,7.62
2026-01-27 22:39:48,7.62
2026-01-27 22:39:49,8.19
2026-01-27 22:39:50,8.19
2026-01-27 22:39:51,8.19
2026-01-27 22:39:52,8.19
2026-01-27 22:39:53,8.19
2026-01-27 22:39:54,7.65
2026-01-27 22:39:55,7.65
2026-01-27 22:39:56,7.65
2026-01-27 22:39:57,7.65
2026-01-27 22:39:58,7.65
2026-01-27 22:39:59,7.91
2026-01-27 22:40:00,7.91
2026-01-27 22:40:01,7.91
2026-01-27 22:40:02,7.91
2026-01-27 22:40:03,7.91
2026-01-27 22:40:04,7.63
2026-01-27 22:40:05,7.63
2026-01-27 22:40:06,7.63
2026-01-27 22:40:07,7.63
2026-01-27 22:40:08,7.63
2026-01-27 22:40:09,8.87
2026-01-27 22:40:10,8.87
2026-01-27 22:40:11,8.87
2026-01-27 22:40:12,8.87
2026-01-27 22:40:13,8.87
2026-01-27 22:40:14,7.29
2026-01-27 22:40:15,7.29
2026-01-27 22:40:16,7.29
2026-01-27 22:40:17,7.29
2026-01-27 22:40:18,7.29
2026-01-27 22:40:19,7.85
2026-01-27 22:40:20,7.85
2026-01-27 22:40:21,7.85
2026-01-27 22:40:22,7.85
2026-01-27 22:40:23,7.85
2026-01-27 22:40:24,8.08
2026-01-27 22:40:25,8.08
2026-01-27 22:40:26,8.08
2026-01-27 22:40:27,8.08
2026-01-27 22:40:28,8.08
2026-01-27 22:40:29,8.56
2026-01-27 22:40:30,8.56
2026-01-27 22:40:31,8.56
2026-01-27 22:40:32,8.56
2026-01-27 22:40:33,8.56
2026-01-27 22:40:34,7.68
2026-01-27 22:40:35,7.68
2026-01-27 22:40:36,7.68
2026-01-27 22:40:37,7.68
2026-01-27 22:40:38,7.68
2026-01-27 22:40:39,8.17
2026-01-27 22:40:40,8.17
2026-01-27 22:40:41,8.17
2026-01-27 22:40:42,8.17
2026-01-27 22:40:43,8.17
2026-01-27 22:40:44,8.39
2026-01-27 22:40:45,8.39
2026-01-27 22:40:46,8.39
2026-01-27 22:40:47,8.39
2026-01-27 22:40:48,8.39
2026-01-27 22:40:49,8.27
2026-01-27 22:40:50,8.27
2026-01-27 22:40:51,8.27
2026-01-27 22:40:52,8.27
2026-01-27 22:40:53,8.27
2026-01-27 22:40:54,7.64
2026-01-27 22:40:55,7.64
2026-01-27 22:40:56,7.64
2026-01-27 22:40:57,7.64
2026-01-27 22:40:58,7.64
2026-01-27 22:40:59,8.36
2026-01-27 22:41:00,8.36
2026-01-27 22:41:01,8.36
2026-01-27 22:41:02,8.36
2026-01-27 22:41:03,8.36
2026-01-27 22:41:04,8.59
2026-01-27 22:41:05,8.59
2026-01-27 22:41:06,8.59
2026-01-27 22:41:07,8.59
2026-01-27 22:41:08,8.59
2026-01-27 22:41:09,9.31
2026-01-27 22:41:10,9.31
2026-01-27 22:41:11,9.31
2026-01-27 22:41:12,9.31
2026-01-27 22:41:13,9.31
2026-01-27 22:41:14,9.30
2026-01-27 22:41:15,9.30
2026-01-27 22:41:16,9.30
2026-01-27 22:41:17,9.30
2026-01-27 22:41:18,9.30
2026-01-27 22:41:19,8.81
2026-01-27 22:41:20,8.81
2026-01-27 22:41:21,8.81
2026-01-27 22:41:22,8.81
2026-01-27 22:41:23,8.81
2026-01-27 22:41:24,8.68
2026-01-27 22:41:25,8.68
2026-01-27 22:41:26,8.68
2026-01-27 22:41:27,8.68
2026-01-27 22:41:28,8.68
2026-01-27 22:41:29,10.0
2026-01-27 22:41:30,10.0
2026-01-27 22:41:31,10.0
2026-01-27 22:41:32,10.0
2026-01-27 22:41:33,10.0
2026-01-27 22:41:34,9.78
2026-01-27 22:41:35,9.78
2026-01-27 22:41:36,9.78
2026-01-27 22:41:37,9.78
2026-01-27 22:41:38,9.78
2026-01-27 22:41:39,8.12
2026-01-27 22:41:40,8.12
2026-01-27 22:41:41,8.12
2026-01-27 22:41:42,8.12
2026-01-27 22:41:43,8.12
2026-01-27 22:41:44,8.83
2026-01-27 22:41:45,8.83
2026-01-27 22:41:46,8.83
2026-01-27 22:41:47,8.83
2026-01-27 22:41:48,8.83
2026-01-27 22:41:49,10.2
2026-01-27 22:41:50,10.2
2026-01-27 22:41:51,10.2
2026-01-27 22:41:52,10.2
2026-01-27 22:41:53,10.2
2026-01-27 22:41:54,9.18
2026-01-27 22:41:55,9.18
2026-01-27 22:41:56,9.18
2026-01-27 22:41:57,9.18
2026-01-27 22:41:58,9.18
2026-01-27 22:41:59,0
2026-01-27 22:42:00,0
2026-01-27 22:42:01,0
2026-01-27 22:42:02,0
2026-01-27 22:42:03,0
2026-01-27 22:42:04,0
2026-01-27 22:42:05,0
2026-01-27 22:42:06,0
2026-01-27 22:42:07,0
2026-01-27 22:42:08,0
2026-01-27 22:42:09,0
2026-01-27 22:42:10,0
2026-01-27 22:42:11,0
2026-01-27 22:42:12,0
2026-01-27 22:42:13,0
2026-01-27 22:42:14,0
2026-01-27 22:42:15,0
2026-01-27 22:42:16,0
2026-01-27 22:42:17,0
2026-01-27 22:42:18,0
2026-01-27 22:42:19,0
2026-01-27 22:42:20,0
2026-01-27 22:42:21,0
2026-01-27 22:42:22,0
2026-01-27 22:42:23,0
2026-01-27 22:42:24,0
2026-01-27 22:42:25,0
2026-01-27 22:42:26,0
2026-01-27 22:42:27,0
2026-01-27 22:42:28,0
2026-01-27 22:42:29,0
2026-01-27 22:42:30,0
2026-01-27 22:42:31,0
2026-01-27 22:42:32,0
2026-01-27 22:42:33,0
2026-01-27 22:42:34,0
2026-01-27 22:42:35,0
2026-01-27 22:42:36,0
2026-01-27 22:42:37,0
2026-01-27 22:42:38,0
2026-01-27 22:42:39,0
2026-01-27 22:42:40,0
2026-01-27 22:42:41,0
2026-01-27 22:42:42,0
2026-01-27 22:42:43,0
2026-01-27 22:42:44,0
2026-01-27 22:42:45,0
2026-01-27 22:42:46,0
2026-01-27 22:42:47,0
2026-01-27 22:42:48,0
2026-01-27 22:42:49,0
2026-01-27 22:42:50,0
2026-01-27 22:42:51,0
2026-01-27 22:42:52,0
2026-01-27 22:42:53,0
2026-01-27 22:42:54,0
2026-01-27 22:42:55,0
2026-01-27 22:42:56,0
2026-01-27 22:42:57,0
2026-01-27 22:42:58,0
2026-01-27 22:42:59,0
2026-01-27 22:43:00,0
2026-01-27 22:43:01,0
2026-01-27 22:43:02,0
2026-01-27 22:43:03,0
2026-01-27 22:43:04,0
2026-01-27 22:43:05,0
2026-01-27 22:43:06,0
2026-01-27 22:43:07,0
2026-01-27 22:43:08,0
2026-01-27 22:43:09,0
2026-01-27 22:43:10,0
2026-01-27 22:43:11,0
2026-01-27 22:43:12,0
2026-01-27 22:43:13,0
2026-01-27 22:43:14,0
2026-01-27 22:43:15,0
2026-01-27 22:43:16,0
2026-01-27 22:43:17,0
2026-01-27 22:43:18,0
2026-01-27 22:43:19,0
2026-01-27 22:43:20,0
2026-01-27 22:43:21,0
2026-01-27 22:43:22,0
2026-01-27 22:43:23,0
2026-01-27 22:43:24,0
2026-01-27 22:43:25,0
2026-01-27 22:43:26,0
2026-01-27 22:43:27,0
2026-01-27 22:43:28,0
2026-01-27 22:43:29,0
2026-01-27 22:43:30,0
2026-01-27 22:43:31,0
2026-01-27 22:43:32,0
2026-01-27 22:43:33,0
2026-01-27 22:44:14,8.74
2026-01-27 22:44:15,8.74
2026-01-27 22:44:16,8.74
2026-01-27 22:44:17,8.74
2026-01-27 22:44:18,8.74
2026-01-27 22:44:19,8.21
2026-01-27 22:44:20,8.21
2026-01-27 22:44:21,8.21
2026-01-27 22:44:22,8.21
2026-01-27 22:44:23,8.21
2026-01-27 22:44:24,7.80
2026-01-27 22:44:25,7.80
2026-01-27 22:44:26,7.80
2026-01-27 22:44:27,7.80
2026-01-27 22:44:28,7.80
2026-01-27 22:44:29,8.17
2026-01-27 22:44:30,8.17
2026-01-27 22:44:31,8.17
2026-01-27 22:44:32,8.17
2026-01-27 22:44:33,8.17
2026-01-27 22:44:34,7.76
2026-01-27 22:44:35,7.76
2026-01-27 22:44:36,7.76
2026-01-27 22:44:37,7.76
2026-01-27 22:44:38,7.76
2026-01-27 22:44:39,7.81
2026-01-27 22:44:40,7.81
2026-01-27 22:44:41,7.81
2026-01-27 22:44:42,7.81
2026-01-27 22:44:43,7.81
2026-01-27 22:44:44,7.99
2026-01-27 22:44:45,7.99
2026-01-27 22:44:46,7.99
2026-01-27 22:44:47,7.99
2026-01-27 22:44:48,7.99
2026-01-27 22:44:49,8.08
2026-01-27 22:44:50,8.08
2026-01-27 22:44:51,8.08
2026-01-27 22:44:52,8.08
2026-01-27 22:44:53,8.08
2026-01-27 22:44:54,7.79
2026-01-27 22:44:55,7.79
2026-01-27 22:44:56,7.79
2026-01-27 22:44:57,7.79
2026-01-27 22:44:58,7.79
2026-01-27 22:44:59,8.04
2026-01-27 22:45:00,8.04
2026-01-27 22:45:01,8.04
2026-01-27 22:45:02,8.04
2026-01-27 22:45:03,8.04
2026-01-27 22:45:04,7.75
2026-01-27 22:45:05,7.75
2026-01-27 22:45:06,7.75
2026-01-27 22:45:07,7.75
2026-01-27 22:45:08,7.75
2026-01-27 22:45:09,9.32
2026-01-27 22:45:10,9.32
2026-01-27 22:45:11,9.32
2026-01-27 22:45:12,9.32
2026-01-27 22:45:13,9.32
2026-01-27 22:45:14,8.93
2026-01-27 22:45:15,8.93
2026-01-27 22:45:16,8.93
2026-01-27 22:45:17,8.93
2026-01-27 22:45:18,8.93
2026-01-27 22:45:19,7.84
2026-01-27 22:45:20,7.84
2026-01-27 22:45:21,7.84
2026-01-27 22:45:22,7.84
2026-01-27 22:45:23,7.84
2026-01-27 22:45:24,7.96
2026-01-27 22:45:25,7.96
2026-01-27 22:45:26,7.96
2026-01-27 22:45:27,7.96
2026-01-27 22:45:28,7.96
2026-01-27 22:45:29,8.20
2026-01-27 22:45:30,8.20
2026-01-27 22:45:31,8.20
2026-01-27 22:45:32,8.20
2026-01-27 22:45:33,8.20
2026-01-27 22:45:34,7.77
2026-01-27 22:45:35,7.77
2026-01-27 22:45:36,7.77
2026-01-27 22:45:37,7.77
2026-01-27 22:45:38,7.77
2026-01-27 22:45:39,7.94
2026-01-27 22:45:40,7.94
2026-01-27 22:45:41,7.94
2026-01-27 22:45:42,7.94
2026-01-27 22:45:43,7.94
2026-01-27 22:45:44,7.96
2026-01-27 22:45:45,7.96
2026-01-27 22:45:46,7.96
2026-01-27 22:45:47,7.96
2026-01-27 22:45:48,7.96
2026-01-27 22:45:49,8.80
2026-01-27 22:45:50,8.80
2026-01-27 22:45:51,8.80
2026-01-27 22:45:52,8.80
2026-01-27 22:45:53,8.80
2026-01-27 22:45:54,8.57
2026-01-27 22:45:55,8.57
2026-01-27 22:45:56,8.57
2026-01-27 22:45:57,8.57
2026-01-27 22:45:58,8.57
2026-01-27 22:45:59,8.80
2026-01-27 22:46:00,8.80
2026-01-27 22:46:01,8.80
2026-01-27 22:46:02,8.80
2026-01-27 22:46:03,8.80
2026-01-27 22:46:04,8.57
2026-01-27 22:46:05,8.57
2026-01-27 22:46:06,8.57
2026-01-27 22:46:07,8.57
2026-01-27 22:46:08,8.57
2026-01-27 22:46:09,9.04
2026-01-27 22:46:10,9.04
2026-01-27 22:46:11,9.04
2026-01-27 22:46:12,9.04
2026-01-27 22:46:13,9.04
2026-01-27 22:46:14,9.79
2026-01-27 22:46:15,9.79
2026-01-27 22:46:16,9.79
2026-01-27 22:46:17,9.79
2026-01-27 22:46:18,9.79
2026-01-27 22:46:19,9.59
2026-01-27 22:46:20,9.59
2026-01-27 22:46:21,9.59
2026-01-27 22:46:22,9.59
2026-01-27 22:46:23,9.59
2026-01-27 22:46:24,8.63
2026-01-27 22:46:25,8.63
2026-01-27 22:46:26,8.63
2026-01-27 22:46:27,8.63
2026-01-27 22:46:28,8.63
2026-01-27 22:46:29,9.34
2026-01-27 22:46:30,9.34
2026-01-27 22:46:31,9.34
2026-01-27 22:46:32,9.34
2026-01-27 22:46:33,9.34
2026-01-27 22:46:34,8.58
2026-01-27 22:46:35,8.58
2026-01-27 22:46:36,8.58
2026-01-27 22:46:37,8.58
2026-01-27 22:46:38,8.58
2026-01-27 22:46:39,8.64
2026-01-27 22:46:40,8.64
2026-01-27 22:46:41,8.64
2026-01-27 22:46:42,8.64
2026-01-27 22:46:43,8.64
2026-01-27 22:46:44,8.48
2026-01-27 22:46:45,8.48
2026-01-27 22:46:46,8.48
2026-01-27 22:46:47,8.48
2026-01-27 22:46:48,8.48
2026-01-27 22:46:49,8.88
2026-01-27 22:46:50,8.88
2026-01-27 22:46:51,8.88
2026-01-27 22:46:52,8.88
2026-01-27 22:46:53,8.88
2026-01-27 22:46:54,8.85
2026-01-27 22:46:55,8.85
2026-01-27 22:46:56,8.85
2026-01-27 22:46:57,8.85
2026-01-27 22:46:58,8.85
2026-01-27 22:46:59,8.98
2026-01-27 22:47:00,8.98
2026-01-27 22:47:01,8.98
2026-01-27 22:47:02,8.98
2026-01-27 22:47:03,8.98
2026-01-27 22:47:04,8.86
2026-01-27 22:47:05,8.86
2026-01-27 22:47:06,8.86
2026-01-27 22:47:07,8.86
2026-01-27 22:47:08,8.86
2026-01-27 22:47:09,9.16
2026-01-27 22:47:10,9.16
2026-01-27 22:47:11,9.16
2026-01-27 22:47:12,9.16
2026-01-27 22:47:13,9.16
2026-01-27 22:47:14,8.67
2026-01-27 22:47:15,8.67
2026-01-27 22:47:16,8.67
2026-01-27 22:47:17,8.67
2026-01-27 22:47:18,8.67
2026-01-27 22:47:19,9.55
2026-01-27 22:47:20,9.55
2026-01-27 22:47:21,9.55
2026-01-27 22:47:22,9.55
2026-01-27 22:47:23,9.55
2026-01-27 22:47:24,9.38
2026-01-27 22:47:25,9.38
2026-01-27 22:47:26,9.38
2026-01-27 22:47:27,9.38
2026-01-27 22:47:28,9.38
2026-01-27 22:47:29,9.08
2026-01-27 22:47:30,9.08
2026-01-27 22:47:31,9.08
2026-01-27 22:47:32,9.08
2026-01-27 22:47:33,9.08
2026-01-27 22:47:34,8.48
2026-01-27 22:47:35,8.48
2026-01-27 22:47:36,8.48
2026-01-27 22:47:37,8.48
2026-01-27 22:47:38,8.48
2026-01-27 22:47:39,8.71
2026-01-27 22:47:40,8.71
2026-01-27 22:47:41,8.71
2026-01-27 22:47:42,8.71
2026-01-27 22:47:43,8.71
2026-01-27 22:47:44,8.47
2026-01-27 22:47:45,8.47
2026-01-27 22:47:46,8.47
2026-01-27 22:47:47,8.47
2026-01-27 22:47:48,8.47
2026-01-27 22:47:49,8.94
2026-01-27 22:47:50,8.94
2026-01-27 22:47:51,8.94
2026-01-27 22:47:52,8.94
2026-01-27 22:47:53,8.94
2026-01-27 22:47:54,8.59
2026-01-27 22:47:55,8.59
2026-01-27 22:47:56,8.59
2026-01-27 22:47:57,8.59
2026-01-27 22:47:58,8.59
2026-01-27 22:47:59,8.82
2026-01-27 22:48:00,8.82
2026-01-27 22:48:01,8.82
2026-01-27 22:48:02,8.82
2026-01-27 22:48:03,8.82
2026-01-27 22:48:04,8.58
2026-01-27 22:48:05,8.58
2026-01-27 22:48:06,8.58
2026-01-27 22:48:07,8.58
2026-01-27 22:48:08,8.58
2026-01-27 22:48:09,9.12
2026-01-27 22:48:10,9.12
2026-01-27 22:48:11,9.12
2026-01-27 22:48:12,9.12
2026-01-27 22:48:13,9.12
2026-01-27 22:48:14,8.70
2026-01-27 22:48:15,8.70
2026-01-27 22:48:16,8.70
2026-01-27 22:48:17,8.70
2026-01-27 22:48:18,8.70
2026-01-27 22:48:19,8.78
2026-01-27 22:48:20,8.78
2026-01-27 22:48:21,8.78
2026-01-27 22:48:22,8.78
2026-01-27 22:48:23,8.78
2026-01-27 22:48:24,9.13
2026-01-27 22:48:25,9.13
2026-01-27 22:48:26,9.13
2026-01-27 22:48:27,9.13
2026-01-27 22:48:28,9.13
2026-01-27 22:48:29,9.79
2026-01-27 22:48:30,9.79
2026-01-27 22:48:31,9.79
2026-01-27 22:48:32,9.79
2026-01-27 22:48:33,9.79
2026-01-27 22:48:34,8.51
2026-01-27 22:48:35,8.51
2026-01-27 22:48:36,8.51
2026-01-27 22:48:37,8.51
2026-01-27 22:48:38,8.51
2026-01-27 22:48:39,8.60
2026-01-27 22:48:40,8.60
2026-01-27 22:48:41,8.60
2026-01-27 22:48:42,8.60
2026-01-27 22:48:43,8.60
2026-01-27 22:48:44,8.39
2026-01-27 22:48:45,8.39
2026-01-27 22:48:46,8.39
2026-01-27 22:48:47,8.39
2026-01-27 22:48:48,8.39
2026-01-27 22:48:49,8.08
2026-01-27 22:48:50,8.08
2026-01-27 22:48:51,8.08
2026-01-27 22:48:52,8.08
2026-01-27 22:48:53,8.08
2026-01-27 22:48:54,7.54
2026-01-27 22:48:55,7.54
2026-01-27 22:48:56,7.54
2026-01-27 22:48:57,7.54
2026-01-27 22:48:58,7.54
2026-01-27 22:48:59,7.87
2026-01-27 22:49:00,7.87
2026-01-27 22:49:01,7.87
2026-01-27 22:49:02,7.87
2026-01-27 22:49:03,7.87
2026-01-27 22:49:04,0
2026-01-27 22:49:05,0
2026-01-27 22:49:06,0
2026-01-27 22:49:07,0
2026-01-27 22:49:08,0
2026-01-27 22:49:09,0
2026-01-27 22:49:10,0
2026-01-27 22:49:11,0
2026-01-27 22:49:12,0
2026-01-27 22:49:13,0
2026-01-27 22:49:14,0
2026-01-27 22:49:15,0
2026-01-27 22:49:16,0
2026-01-27 22:49:17,0
2026-01-27 22:49:18,0
2026-01-27 22:49:19,0
2026-01-27 22:49:20,0
2026-01-27 22:49:21,0
2026-01-27 22:49:22,0
2026-01-27 22:49:23,0
2026-01-27 22:49:24,0
2026-01-27 22:49:25,0
2026-01-27 22:49:26,0
2026-01-27 22:49:27,0
2026-01-27 22:49:28,0
2026-01-27 22:49:29,0
2026-01-27 22:49:30,0
2026-01-27 22:49:31,0
2026-01-27 22:49:32,0
2026-01-27 22:49:33,0
2026-01-27 22:49:34,0
2026-01-27 22:49:35,0
2026-01-27 22:49:36,0
2026-01-27 22:49:37,0
2026-01-27 22:49:38,0
2026-01-27 22:49:39,0
2026-01-27 22:49:40,0
2026-01-27 22:49:41,0
2026-01-27 22:49:42,0
2026-01-27 22:49:43,0
2026-01-27 22:49:44,0
2026-01-27 22:49:45,0
2026-01-27 22:49:46,0
2026-01-27 22:49:47,0
2026-01-27 22:49:48,0
2026-01-27 22:49:49,0
2026-01-27 22:49:50,0
2026-01-27 22:49:51,0
2026-01-27 22:49:52,0
2026-01-27 22:49:53,0
2026-01-27 22:49:54,0
2026-01-27 22:49:55,0
2026-01-27 22:49:56,0
2026-01-27 22:49:57,0
2026-01-27 22:49:58,0
2026-01-27 22:49:59,0
2026-01-27 22:50:00,0
2026-01-27 22:50:01,0
2026-01-27 22:50:02,0
2026-01-27 22:50:03,0
2026-01-27 22:50:04,0
2026-01-27 22:50:05,0
2026-01-27 22:50:06,0
2026-01-27 22:50:07,0
2026-01-27 22:50:08,0
2026-01-27 22:50:09,0
2026-01-27 22:50:10,0
2026-01-27 22:50:11,0
2026-01-27 22:50:12,0
2026-01-27 22:50:13,0
2026-01-27 22:50:14,0
2026-01-27 22:50:15,0
2026-01-27 22:50:16,0
2026-01-27 22:50:17,0
2026-01-27 22:50:18,0
2026-01-27 22:50:19,0
2026-01-27 22:50:20,0
2026-01-27 22:50:21,0
2026-01-27 22:50:22,0
2026-01-27 22:50:23,0
2026-01-27 22:50:24,0
2026-01-27 22:50:25,0
2026-01-27 22:50:26,0
2026-01-27 22:50:27,0
2026-01-27 22:50:28,0
2026-01-27 22:50:29,0
2026-01-27 22:50:30,0
2026-01-27 22:50:31,0
2026-01-27 22:50:32,0
2026-01-27 22:50:33,0
2026-01-27 22:50:34,0
2026-01-27 22:50:35,0
2026-01-27 22:50:36,0
2026-01-27 22:50:37,0
2026-01-27 22:50:38,0
2026-01-27 22:52:04,8.65
2026-01-27 22:52:05,8.65
2026-01-27 22:52:06,8.65
2026-01-27 22:52:07,8.65
2026-01-27 22:52:08,8.65
2026-01-27 22:52:09,7.36
2026-01-27 22:52:10,7.36
2026-01-27 22:52:11,7.36
2026-01-27 22:52:12,7.36
2026-01-27 22:52:13,7.36
2026-01-27 22:52:14,7.58
2026-01-27 22:52:15,7.58
2026-01-27 22:52:16,7.58
2026-01-27 22:52:17,7.58
2026-01-27 22:52:18,7.58
2026-01-27 22:52:19,9.22
2026-01-27 22:52:20,9.22
2026-01-27 22:52:21,9.22
2026-01-27 22:52:22,9.22
2026-01-27 22:52:23,9.22
2026-01-27 22:52:24,6.00
2026-01-27 22:52:25,6.00
2026-01-27 22:52:26,6.00
2026-01-27 22:52:27,6.00
2026-01-27 22:52:28,6.00
2026-01-27 22:52:29,6.10
2026-01-27 22:52:30,6.10
2026-01-27 22:52:31,6.10
2026-01-27 22:52:32,6.10
2026-01-27 22:52:33,6.10
2026-01-27 22:52:34,5.80
2026-01-27 22:52:35,5.80
2026-01-27 22:52:36,5.80
2026-01-27 22:52:37,5.80
2026-01-27 22:52:38,5.80
2026-01-27 22:52:39,5.74
2026-01-27 22:52:40,5.74
2026-01-27 22:52:41,5.74
2026-01-27 22:52:42,5.74
2026-01-27 22:52:43,5.74
2026-01-27 22:52:44,6.09
2026-01-27 22:52:45,6.09
2026-01-27 22:52:46,6.09
2026-01-27 22:52:47,6.09
2026-01-27 22:52:48,6.09
2026-01-27 22:52:49,6.20
2026-01-27 22:52:50,6.20
2026-01-27 22:52:51,6.20
2026-01-27 22:52:52,6.20
2026-01-27 22:52:53,6.20
2026-01-27 22:52:54,5.87
2026-01-27 22:52:55,5.87
2026-01-27 22:52:56,5.87
2026-01-27 22:52:57,5.87
2026-01-27 22:52:58,5.87
2026-01-27 22:52:59,5.85
2026-01-27 22:53:00,5.85
2026-01-27 22:53:01,5.85
2026-01-27 22:53:02,5.85
2026-01-27 22:53:03,5.85
2026-01-27 22:53:04,5.78
2026-01-27 22:53:05,5.78
2026-01-27 22:53:06,5.78
2026-01-27 22:53:07,5.78
2026-01-27 22:53:08,5.78
2026-01-27 22:53:09,5.79
2026-01-27 22:53:10,5.79
2026-01-27 22:53:11,5.79
2026-01-27 22:53:12,5.79
2026-01-27 22:53:13,5.79
2026-01-27 22:53:14,5.95
2026-01-27 22:53:15,5.95
2026-01-27 22:53:16,5.95
2026-01-27 22:53:17,5.95
2026-01-27 22:53:18,5.95
2026-01-27 22:53:19,5.79
2026-01-27 22:53:20,5.79
2026-01-27 22:53:21,5.79
2026-01-27 22:53:22,5.79
2026-01-27 22:53:23,5.79
2026-01-27 22:53:24,6.22
2026-01-27 22:53:25,6.22
2026-01-27 22:53:26,6.22
2026-01-27 22:53:27,6.22
2026-01-27 22:53:28,6.22
2026-01-27 22:53:29,6.18
2026-01-27 22:53:30,6.18
2026-01-27 22:53:31,6.18
2026-01-27 22:53:32,6.18
2026-01-27 22:53:33,6.18
2026-01-27 22:53:34,5.22
2026-01-27 22:53:35,5.22
2026-01-27 22:53:36,5.22
2026-01-27 22:53:37,5.22
2026-01-27 22:53:38,5.22
2026-01-27 22:53:39,7.81
2026-01-27 22:53:40,7.81
2026-01-27 22:53:41,7.81
2026-01-27 22:53:42,7.81
2026-01-27 22:53:43,7.81
2026-01-27 22:53:44,7.73
2026-01-27 22:53:45,7.73
2026-01-27 22:53:46,7.73
2026-01-27 22:53:47,7.73
2026-01-27 22:53:48,7.73
2026-01-27 22:53:49,7.81
2026-01-27 22:53:50,7.81
2026-01-27 22:53:51,7.81
2026-01-27 22:53:52,7.81
2026-01-27 22:53:53,7.81
2026-01-27 22:53:54,8.71
2026-01-27 22:53:55,8.71
2026-01-27 22:53:56,8.71
2026-01-27 22:53:57,8.71
2026-01-27 22:53:58,8.71
2026-01-27 22:53:59,8.75
2026-01-27 22:54:00,8.75
2026-01-27 22:54:01,8.75
2026-01-27 22:54:02,8.75
2026-01-27 22:54:03,8.75
2026-01-27 22:54:04,8.55
2026-01-27 22:54:05,8.55
2026-01-27 22:54:06,8.55
2026-01-27 22:54:07,8.55
2026-01-27 22:54:08,8.55
2026-01-27 22:54:09,8.84
2026-01-27 22:54:10,8.84
2026-01-27 22:54:11,8.84
2026-01-27 22:54:12,8.84
2026-01-27 22:54:13,8.84
2026-01-27 22:54:14,8.49
2026-01-27 22:54:15,8.49
2026-01-27 22:54:16,8.49
2026-01-27 22:54:17,8.49
2026-01-27 22:54:18,8.49
2026-01-27 22:54:19,8.60
2026-01-27 22:54:20,8.60
2026-01-27 22:54:21,8.60
2026-01-27 22:54:22,8.60
2026-01-27 22:54:23,8.60
2026-01-27 22:54:24,8.30
2026-01-27 22:54:25,8.30
2026-01-27 22:54:26,8.30
2026-01-27 22:54:27,8.30
2026-01-27 22:54:28,8.30
2026-01-27 22:54:29,8.89
2026-01-27 22:54:30,8.89
2026-01-27 22:54:31,8.89
2026-01-27 22:54:32,8.89
2026-01-27 22:54:33,8.89
2026-01-27 22:54:34,8.69
2026-01-27 22:54:35,8.69
2026-01-27 22:54:36,8.69
2026-01-27 22:54:37,8.69
2026-01-27 22:54:38,8.69
2026-01-27 22:54:39,8.58
2026-01-27 22:54:40,8.58
2026-01-27 22:54:41,8.58
2026-01-27 22:54:42,8.58
2026-01-27 22:54:43,8.58
2026-01-27 22:54:44,8.52
2026-01-27 22:54:45,8.52
2026-01-27 22:54:46,8.52
2026-01-27 22:54:47,8.52
2026-01-27 22:54:48,8.52
2026-01-27 22:54:49,9.02
2026-01-27 22:54:50,9.02
2026-01-27 22:54:51,9.02
2026-01-27 22:54:52,9.02
2026-01-27 22:54:53,9.02
2026-01-27 22:54:54,8.49
2026-01-27 22:54:55,8.49
2026-01-27 22:54:56,8.49
2026-01-27 22:54:57,8.49
2026-01-27 22:54:58,8.49
2026-01-27 22:54:59,9.48
2026-01-27 22:55:00,9.48
2026-01-27 22:55:01,9.48
2026-01-27 22:55:02,9.48
2026-01-27 22:55:03,9.48
2026-01-27 22:55:04,9.06
2026-01-27 22:55:05,9.06
2026-01-27 22:55:06,9.06
2026-01-27 22:55:07,9.06
2026-01-27 22:55:08,9.06
2026-01-27 22:55:09,8.93
2026-01-27 22:55:10,8.93
2026-01-27 22:55:11,8.93
2026-01-27 22:55:12,8.93
2026-01-27 22:55:13,8.93
2026-01-27 22:55:14,8.71
2026-01-27 22:55:15,8.71
2026-01-27 22:55:16,8.71
2026-01-27 22:55:17,8.71
2026-01-27 22:55:18,8.71
2026-01-27 22:55:19,8.84
2026-01-27 22:55:20,8.84
2026-01-27 22:55:21,8.84
2026-01-27 22:55:22,8.84
2026-01-27 22:55:23,8.84
2026-01-27 22:55:24,8.52
2026-01-27 22:55:25,8.52
2026-01-27 22:55:26,8.52
2026-01-27 22:55:27,8.52
2026-01-27 22:55:28,8.52
2026-01-27 22:55:29,9.13
2026-01-27 22:55:30,9.13
2026-01-27 22:55:31,9.13
2026-01-27 22:55:32,9.13
2026-01-27 22:55:33,9.13
2026-01-27 22:55:34,8.70
2026-01-27 22:55:35,8.70
2026-01-27 22:55:36,8.70
2026-01-27 22:55:37,8.70
2026-01-27 22:55:38,8.70
2026-01-27 22:55:39,8.59
2026-01-27 22:55:40,8.59
2026-01-27 22:55:41,8.59
2026-01-27 22:55:42,8.59
2026-01-27 22:55:43,8.59
2026-01-27 22:55:44,8.46
2026-01-27 22:55:45,8.46
2026-01-27 22:55:46,8.46
2026-01-27 22:55:47,8.46
2026-01-27 22:55:48,8.46
2026-01-27 22:55:49,8.82
2026-01-27 22:55:50,8.82
2026-01-27 22:55:51,8.82
2026-01-27 22:55:52,8.82
2026-01-27 22:55:53,8.82
2026-01-27 22:55:54,8.44
2026-01-27 22:55:55,8.44
2026-01-27 22:55:56,8.44
2026-01-27 22:55:57,8.44
2026-01-27 22:55:58,8.44
2026-01-27 22:55:59,8.66
2026-01-27 22:56:00,8.66
2026-01-27 22:56:01,8.66
2026-01-27 22:56:02,8.66
2026-01-27 22:56:03,8.66
2026-01-27 22:56:04,9.08
2026-01-27 22:56:05,9.08
2026-01-27 22:56:06,9.08
2026-01-27 22:56:07,9.08
2026-01-27 22:56:08,9.08
2026-01-27 22:56:09,9.76
2026-01-27 22:56:10,9.76
2026-01-27 22:56:11,9.76
2026-01-27 22:56:12,9.76
2026-01-27 22:56:13,9.76
2026-01-27 22:56:14,8.65
2026-01-27 22:56:15,8.65
2026-01-27 22:56:16,8.65
2026-01-27 22:56:17,8.65
2026-01-27 22:56:18,8.65
2026-01-27 22:56:19,8.64
2026-01-27 22:56:20,8.64
2026-01-27 22:56:21,8.64
2026-01-27 22:56:22,8.64
2026-01-27 22:56:23,8.64
2026-01-27 22:56:24,8.52
2026-01-27 22:56:25,8.52
2026-01-27 22:56:26,8.52
2026-01-27 22:56:27,8.52
2026-01-27 22:56:28,8.52
2026-01-27 22:56:29,8.98
2026-01-27 22:56:30,8.98
2026-01-27 22:56:31,8.98
2026-01-27 22:56:32,8.98
2026-01-27 22:56:33,8.98
2026-01-27 22:56:34,8.51
2026-01-27 22:56:35,8.51
2026-01-27 22:56:36,8.51
2026-01-27 22:56:37,8.51
2026-01-27 22:56:38,8.51
2026-01-27 22:56:39,8.64
2026-01-27 22:56:40,8.64
2026-01-27 22:56:41,8.64
2026-01-27 22:56:42,8.64
2026-01-27 22:56:43,8.64
2026-01-27 22:56:44,8.62
2026-01-27 22:56:45,8.62
2026-01-27 22:56:46,8.62
2026-01-27 22:56:47,8.62
2026-01-27 22:56:48,8.62
2026-01-27 22:56:49,8.94
2026-01-27 22:56:50,8.94
2026-01-27 22:56:51,8.94
2026-01-27 22:56:52,8.94
2026-01-27 22:56:53,8.94
2026-01-27 22:56:54,0
2026-01-27 22:56:55,0
2026-01-27 22:56:56,0
2026-01-27 22:56:57,0
2026-01-27 22:56:58,0
2026-01-27 22:56:59,0
2026-01-27 22:57:00,0
2026-01-27 22:57:01,0
2026-01-27 22:57:02,0
2026-01-27 22:57:03,0
2026-01-27 22:57:04,0
2026-01-27 22:57:05,0
2026-01-27 22:57:06,0
2026-01-27 22:57:07,0
2026-01-27 22:57:08,0
2026-01-27 22:57:09,0
2026-01-27 22:57:10,0
2026-01-27 22:57:11,0
2026-01-27 22:57:12,0
2026-01-27 22:57:13,0
2026-01-27 22:57:14,0
2026-01-27 22:57:15,0
2026-01-27 22:57:16,0
2026-01-27 22:57:17,0
2026-01-27 22:57:18,0
2026-01-27 22:57:19,0
2026-01-27 22:57:20,0
2026-01-27 22:57:21,0
2026-01-27 22:57:22,0
2026-01-27 22:57:23,0
2026-01-27 22:57:24,0
2026-01-27 22:57:25,0
2026-01-27 22:57:26,0
2026-01-27 22:57:27,0
2026-01-27 22:57:28,0
2026-01-27 22:57:29,0
2026-01-27 22:57:30,0
2026-01-27 22:57:31,0
2026-01-27 22:57:32,0
2026-01-27 22:57:33,0
2026-01-27 22:57:34,0
2026-01-27 22:57:35,0
2026-01-27 22:57:36,0
2026-01-27 22:57:37,0
2026-01-27 22:57:38,0
2026-01-27 22:57:39,0
2026-01-27 22:57:40,0
2026-01-27 22:57:41,0
2026-01-27 22:57:42,0
2026-01-27 22:57:43,0
2026-01-27 22:57:44,0
2026-01-27 22:57:45,0
2026-01-27 22:57:46,0
2026-01-27 22:57:47,0
2026-01-27 22:57:48,0
2026-01-27 22:57:49,0
2026-01-27 22:57:50,0
2026-01-27 22:57:51,0
2026-01-27 22:57:52,0
2026-01-27 22:57:53,0
2026-01-27 22:57:54,0
2026-01-27 22:57:55,0
2026-01-27 22:57:56,0
2026-01-27 22:57:57,0
2026-01-27 22:57:58,0
2026-01-27 22:57:59,0
2026-01-27 22:58:00,0
2026-01-27 22:58:01,0
2026-01-27 22:58:02,0
2026-01-27 22:58:03,0
2026-01-27 22:58:04,0
2026-01-27 22:58:05,0
2026-01-27 22:58:06,0
2026-01-27 22:58:07,0
2026-01-27 22:58:08,0
2026-01-27 22:58:09,0
2026-01-27 22:58:10,0
2026-01-27 22:58:11,0
2026-01-27 22:58:12,0
2026-01-27 22:58:13,0
2026-01-27 22:58:14,0
2026-01-27 22:58:15,0
2026-01-27 22:58:16,0
2026-01-27 22:58:17,0
2026-01-27 22:58:18,0
2026-01-27 22:58:19,0
2026-01-27 22:58:20,0
2026-01-27 22:58:21,0
2026-01-27 22:58:22,0
2026-01-27 22:58:23,0
2026-01-27 22:58:24,0
2026-01-27 22:58:25,0
2026-01-27 22:58:26,0
2026-01-27 22:58:27,0
2026-01-27 22:58:28,0
2026-01-27 23:01:09,7.23
2026-01-27 23:01:10,7.23
2026-01-27 23:01:11,7.23
2026-01-27 23:01:12,7.23
2026-01-27 23:01:13,7.23
2026-01-27 23:01:14,8.53
2026-01-27 23:01:15,8.53
2026-01-27 23:01:16,8.53
2026-01-27 23:01:17,8.53
2026-01-27 23:01:18,8.53
2026-01-27 23:01:19,7.89
2026-01-27 23:01:20,7.89
2026-01-27 23:01:21,7.89
2026-01-27 23:01:22,7.89
2026-01-27 23:01:23,7.89
2026-01-27 23:01:24,7.93
2026-01-27 23:01:25,7.93
2026-01-27 23:01:26,7.93
2026-01-27 23:01:27,7.93
2026-01-27 23:01:28,7.93
2026-01-27 23:01:29,8.60
2026-01-27 23:01:30,8.60
2026-01-27 23:01:31,8.60
2026-01-27 23:01:32,8.60
2026-01-27 23:01:33,8.60
2026-01-27 23:01:34,8.43
2026-01-27 23:01:35,8.43
2026-01-27 23:01:36,8.43
2026-01-27 23:01:37,8.43
2026-01-27 23:01:38,8.43
2026-01-27 23:01:39,7.78
2026-01-27 23:01:40,7.78
2026-01-27 23:01:41,7.78
2026-01-27 23:01:42,7.78
2026-01-27 23:01:43,7.78
2026-01-27 23:01:44,7.71
2026-01-27 23:01:45,7.71
2026-01-27 23:01:46,7.71
2026-01-27 23:01:47,7.71
2026-01-27 23:01:48,7.71
2026-01-27 23:01:49,8.08
2026-01-27 23:01:50,8.08
2026-01-27 23:01:51,8.08
2026-01-27 23:01:52,8.08
2026-01-27 23:01:53,8.08
2026-01-27 23:01:54,8.01
2026-01-27 23:01:55,8.01
2026-01-27 23:01:56,8.01
2026-01-27 23:01:57,8.01
2026-01-27 23:01:58,8.01
2026-01-27 23:01:59,7.90
2026-01-27 23:02:00,7.90
2026-01-27 23:02:01,7.90
2026-01-27 23:02:02,7.90
2026-01-27 23:02:03,7.90
2026-01-27 23:02:04,8.20
2026-01-27 23:02:05,8.20
2026-01-27 23:02:06,8.20
2026-01-27 23:02:07,8.20
2026-01-27 23:02:08,8.20
2026-01-27 23:02:09,9.01
2026-01-27 23:02:10,9.01
2026-01-27 23:02:11,9.01
2026-01-27 23:02:12,9.01
2026-01-27 23:02:13,9.01
2026-01-27 23:02:14,8.00
2026-01-27 23:02:15,8.00
2026-01-27 23:02:16,8.00
2026-01-27 23:02:17,8.00
2026-01-27 23:02:18,8.00
2026-01-27 23:02:19,7.80
2026-01-27 23:02:20,7.80
2026-01-27 23:02:21,7.80
2026-01-27 23:02:22,7.80
2026-01-27 23:02:23,7.80
2026-01-27 23:02:24,7.78
2026-01-27 23:02:25,7.78
2026-01-27 23:02:26,7.78
2026-01-27 23:02:27,7.78
2026-01-27 23:02:28,7.78
2026-01-27 23:02:29,8.26
2026-01-27 23:02:30,8.26
2026-01-27 23:02:31,8.26
2026-01-27 23:02:32,8.26
2026-01-27 23:02:33,8.26
2026-01-27 23:02:34,8.49
2026-01-27 23:02:35,8.49
2026-01-27 23:02:36,8.49
2026-01-27 23:02:37,8.49
2026-01-27 23:02:38,8.49
2026-01-27 23:02:39,8.33
2026-01-27 23:02:40,8.33
2026-01-27 23:02:41,8.33
2026-01-27 23:02:42,8.33
2026-01-27 23:02:43,8.33
2026-01-27 23:02:44,7.70
2026-01-27 23:02:45,7.70
2026-01-27 23:02:46,7.70
2026-01-27 23:02:47,7.70
2026-01-27 23:02:48,7.70
2026-01-27 23:02:49,8.11
2026-01-27 23:02:50,8.11
2026-01-27 23:02:51,8.11
2026-01-27 23:02:52,8.11
2026-01-27 23:02:53,8.11
2026-01-27 23:02:54,7.65
2026-01-27 23:02:55,7.65
2026-01-27 23:02:56,7.65
2026-01-27 23:02:57,7.65
2026-01-27 23:02:58,7.65
2026-01-27 23:02:59,7.94
2026-01-27 23:03:00,7.94
2026-01-27 23:03:01,7.94
2026-01-27 23:03:02,7.94
2026-01-27 23:03:03,7.94
2026-01-27 23:03:04,7.87
2026-01-27 23:03:05,7.87
2026-01-27 23:03:06,7.87
2026-01-27 23:03:07,7.87
2026-01-27 23:03:08,7.87
2026-01-27 23:03:09,8.08
2026-01-27 23:03:10,8.08
2026-01-27 23:03:11,8.08
2026-01-27 23:03:12,8.08
2026-01-27 23:03:13,8.08
2026-01-27 23:03:14,8.25
2026-01-27 23:03:15,8.25
2026-01-27 23:03:16,8.25
2026-01-27 23:03:17,8.25
2026-01-27 23:03:18,8.25
2026-01-27 23:03:19,7.89
2026-01-27 23:03:20,7.89
2026-01-27 23:03:21,7.89
2026-01-27 23:03:22,7.89
2026-01-27 23:03:23,7.89
2026-01-27 23:03:24,7.88
2026-01-27 23:03:25,7.88
2026-01-27 23:03:26,7.88
2026-01-27 23:03:27,7.88
2026-01-27 23:03:28,7.88
2026-01-27 23:03:29,8.10
2026-01-27 23:03:30,8.10
2026-01-27 23:03:31,8.10
2026-01-27 23:03:32,8.10
2026-01-27 23:03:33,8.10
2026-01-27 23:03:34,7.75
2026-01-27 23:03:35,7.75
2026-01-27 23:03:36,7.75
2026-01-27 23:03:37,7.75
2026-01-27 23:03:38,7.75
2026-01-27 23:03:39,8.27
2026-01-27 23:03:40,8.27
2026-01-27 23:03:41,8.27
2026-01-27 23:03:42,8.27
2026-01-27 23:03:43,8.27
2026-01-27 23:03:44,7.45
2026-01-27 23:03:45,7.45
2026-01-27 23:03:46,7.45
2026-01-27 23:03:47,7.45
2026-01-27 23:03:48,7.45
2026-01-27 23:03:49,8.81
2026-01-27 23:03:50,8.81
2026-01-27 23:03:51,8.81
2026-01-27 23:03:52,8.81
2026-01-27 23:03:53,8.81
2026-01-27 23:03:54,8.86
2026-01-27 23:03:55,8.86
2026-01-27 23:03:56,8.86
2026-01-27 23:03:57,8.86
2026-01-27 23:03:58,8.86
2026-01-27 23:03:59,8.67
2026-01-27 23:04:00,8.67
2026-01-27 23:04:01,8.67
2026-01-27 23:04:02,8.67
2026-01-27 23:04:03,8.67
2026-01-27 23:04:04,8.53
2026-01-27 23:04:05,8.53
2026-01-27 23:04:06,8.53
2026-01-27 23:04:07,8.53
2026-01-27 23:04:08,8.53
2026-01-27 23:04:09,8.00
2026-01-27 23:04:10,8.00
2026-01-27 23:04:11,8.00
2026-01-27 23:04:12,8.00
2026-01-27 23:04:13,8.00
2026-01-27 23:04:14,8.35
2026-01-27 23:04:15,8.35
2026-01-27 23:04:16,8.35
2026-01-27 23:04:17,8.35
2026-01-27 23:04:18,8.35
2026-01-27 23:04:19,7.65
2026-01-27 23:04:20,7.65
2026-01-27 23:04:21,7.65
2026-01-27 23:04:22,7.65
2026-01-27 23:04:23,7.65
2026-01-27 23:04:24,7.87
2026-01-27 23:04:25,7.87
2026-01-27 23:04:26,7.87
2026-01-27 23:04:27,7.87
2026-01-27 23:04:28,7.87
2026-01-27 23:04:29,7.84
2026-01-27 23:04:30,7.84
2026-01-27 23:04:31,7.84
2026-01-27 23:04:32,7.84
2026-01-27 23:04:33,7.84
2026-01-27 23:04:34,7.87
2026-01-27 23:04:35,7.87
2026-01-27 23:04:36,7.87
2026-01-27 23:04:37,7.87
2026-01-27 23:04:38,7.87
2026-01-27 23:04:39,7.74
2026-01-27 23:04:40,7.74
2026-01-27 23:04:41,7.74
2026-01-27 23:04:42,7.74
2026-01-27 23:04:43,7.74
2026-01-27 23:04:44,8.20
2026-01-27 23:04:45,8.20
2026-01-27 23:04:46,8.20
2026-01-27 23:04:47,8.20
2026-01-27 23:04:48,8.20
2026-01-27 23:04:49,8.37
2026-01-27 23:04:50,8.37
2026-01-27 23:04:51,8.37
2026-01-27 23:04:52,8.37
2026-01-27 23:04:53,8.37
2026-01-27 23:04:54,7.87
2026-01-27 23:04:55,7.87
2026-01-27 23:04:56,7.87
2026-01-27 23:04:57,7.87
2026-01-27 23:04:58,7.87
2026-01-27 23:04:59,7.82
2026-01-27 23:05:00,7.82
2026-01-27 23:05:01,7.82
2026-01-27 23:05:02,7.82
2026-01-27 23:05:03,7.82
2026-01-27 23:05:04,7.80
2026-01-27 23:05:05,7.80
2026-01-27 23:05:06,7.80
2026-01-27 23:05:07,7.80
2026-01-27 23:05:08,7.80
2026-01-27 23:05:09,8.01
2026-01-27 23:05:10,8.01
2026-01-27 23:05:11,8.01
2026-01-27 23:05:12,8.01
2026-01-27 23:05:13,8.01
2026-01-27 23:05:14,8.07
2026-01-27 23:05:15,8.07
2026-01-27 23:05:16,8.07
2026-01-27 23:05:17,8.07
2026-01-27 23:05:18,8.07
2026-01-27 23:05:19,7.76
2026-01-27 23:05:20,7.76
2026-01-27 23:05:21,7.76
2026-01-27 23:05:22,7.76
2026-01-27 23:05:23,7.76
2026-01-27 23:05:24,8.56
2026-01-27 23:05:25,8.56
2026-01-27 23:05:26,8.56
2026-01-27 23:05:27,8.56
2026-01-27 23:05:28,8.56
2026-01-27 23:05:29,8.39
2026-01-27 23:05:30,8.39
2026-01-27 23:05:31,8.39
2026-01-27 23:05:32,8.39
2026-01-27 23:05:33,8.39
2026-01-27 23:05:34,8.02
2026-01-27 23:05:35,8.02
2026-01-27 23:05:36,8.02
2026-01-27 23:05:37,8.02
2026-01-27 23:05:38,8.02
2026-01-27 23:05:39,8.76
2026-01-27 23:05:40,8.76
2026-01-27 23:05:41,8.76
2026-01-27 23:05:42,8.76
2026-01-27 23:05:43,8.76
2026-01-27 23:05:44,8.40
2026-01-27 23:05:45,8.40
2026-01-27 23:05:46,8.40
2026-01-27 23:05:47,8.40
2026-01-27 23:05:48,8.40
2026-01-27 23:05:49,8.98
2026-01-27 23:05:50,8.98
2026-01-27 23:05:51,8.98
2026-01-27 23:05:52,8.98
2026-01-27 23:05:53,8.98
2026-01-27 23:05:54,9.21
2026-01-27 23:05:55,9.21
2026-01-27 23:05:56,9.21
2026-01-27 23:05:57,9.21
2026-01-27 23:05:58,9.21
2026-01-27 23:05:59,0
2026-01-27 23:06:00,0
2026-01-27 23:06:01,0
2026-01-27 23:06:02,0
2026-01-27 23:06:03,0
2026-01-27 23:06:04,0
2026-01-27 23:06:05,0
2026-01-27 23:06:06,0
2026-01-27 23:06:07,0
2026-01-27 23:06:08,0
2026-01-27 23:06:09,0
2026-01-27 23:06:10,0
2026-01-27 23:06:11,0
2026-01-27 23:06:12,0
2026-01-27 23:06:13,0
2026-01-27 23:06:14,0
2026-01-27 23:06:15,0
2026-01-27 23:06:16,0
2026-01-27 23:06:17,0
2026-01-27 23:06:18,0
2026-01-27 23:06:19,0
2026-01-27 23:06:20,0
2026-01-27 23:06:21,0
2026-01-27 23:06:22,0
2026-01-27 23:06:23,0
2026-01-27 23:06:24,0
2026-01-27 23:06:25,0
2026-01-27 23:06:26,0
2026-01-27 23:06:27,0
2026-01-27 23:06:28,0
2026-01-27 23:06:29,0
2026-01-27 23:06:30,0
2026-01-27 23:06:31,0
2026-01-27 23:06:32,0
2026-01-27 23:06:33,0
2026-01-27 23:06:34,0
2026-01-27 23:06:35,0
2026-01-27 23:06:36,0
2026-01-27 23:06:37,0
2026-01-27 23:06:38,0
2026-01-27 23:06:39,0
2026-01-27 23:06:40,0
2026-01-27 23:06:41,0
2026-01-27 23:06:42,0
2026-01-27 23:06:43,0
2026-01-27 23:06:44,0
2026-01-27 23:06:45,0
2026-01-27 23:06:46,0
2026-01-27 23:06:47,0
2026-01-27 23:06:48,0
2026-01-27 23:06:49,0
2026-01-27 23:06:50,0
2026-01-27 23:06:51,0
2026-01-27 23:06:52,0
2026-01-27 23:06:53,0
2026-01-27 23:06:54,0
2026-01-27 23:06:55,0
2026-01-27 23:06:56,0
2026-01-27 23:06:57,0
2026-01-27 23:06:58,0
2026-01-27 23:06:59,0
2026-01-27 23:07:00,0
2026-01-27 23:07:01,0
2026-01-27 23:07:02,0
2026-01-27 23:07:03,0
2026-01-27 23:07:04,0
2026-01-27 23:07:05,0
2026-01-27 23:07:06,0
2026-01-27 23:07:07,0
2026-01-27 23:07:08,0
2026-01-27 23:07:09,0
2026-01-27 23:07:10,0
2026-01-27 23:07:11,0
2026-01-27 23:07:12,0
2026-01-27 23:07:13,0
2026-01-27 23:07:14,0
2026-01-27 23:07:15,0
2026-01-27 23:07:16,0
2026-01-27 23:07:17,0
2026-01-27 23:07:18,0
2026-01-27 23:07:19,0
2026-01-27 23:07:20,0
2026-01-27 23:07:21,0
2026-01-27 23:07:22,0
2026-01-27 23:07:23,0
2026-01-27 23:07:24,0
2026-01-27 23:07:25,0
2026-01-27 23:07:26,0
2026-01-27 23:07:27,0
2026-01-27 23:07:28,0
2026-01-27 23:07:29,0
2026-01-27 23:07:30,0
2026-01-27 23:07:31,0
2026-01-27 23:07:32,0
2026-01-27 23:07:33,0
2026-01-27 23:11:19,8.21
2026-01-27 23:11:20,8.21
2026-01-27 23:11:21,8.21
2026-01-27 23:11:22,8.21
2026-01-27 23:11:23,8.21
2026-01-27 23:11:24,8.99
2026-01-27 23:11:25,8.99
2026-01-27 23:11:26,8.99
2026-01-27 23:11:27,8.99
2026-01-27 23:11:28,8.99
2026-01-27 23:11:29,8.15
2026-01-27 23:11:30,8.15
2026-01-27 23:11:31,8.15
2026-01-27 23:11:32,8.15
2026-01-27 23:11:33,8.15
2026-01-27 23:11:34,8.32
2026-01-27 23:11:35,8.32
2026-01-27 23:11:36,8.32
2026-01-27 23:11:37,8.32
2026-01-27 23:11:38,8.32
2026-01-27 23:11:39,7.74
2026-01-27 23:11:40,7.74
2026-01-27 23:11:41,7.74
2026-01-27 23:11:42,7.74
2026-01-27 23:11:43,7.74
2026-01-27 23:11:44,8.32
2026-01-27 23:11:45,8.32
2026-01-27 23:11:46,8.32
2026-01-27 23:11:47,8.32
2026-01-27 23:11:48,8.32
2026-01-27 23:11:49,7.79
2026-01-27 23:11:50,7.79
2026-01-27 23:11:51,7.79
2026-01-27 23:11:52,7.79
2026-01-27 23:11:53,7.79
2026-01-27 23:11:54,8.78
2026-01-27 23:11:55,8.78
2026-01-27 23:11:56,8.78
2026-01-27 23:11:57,8.78
2026-01-27 23:11:58,8.78
2026-01-27 23:11:59,6.92
2026-01-27 23:12:00,6.92
2026-01-27 23:12:01,6.92
2026-01-27 23:12:02,6.92
2026-01-27 23:12:03,6.92
2026-01-27 23:12:04,7.73
2026-01-27 23:12:05,7.73
2026-01-27 23:12:06,7.73
2026-01-27 23:12:07,7.73
2026-01-27 23:12:08,7.73
2026-01-27 23:12:09,7.23
2026-01-27 23:12:10,7.23
2026-01-27 23:12:11,7.23
2026-01-27 23:12:12,7.23
2026-01-27 23:12:13,7.23
2026-01-27 23:12:14,8.46
2026-01-27 23:12:15,8.46
2026-01-27 23:12:16,8.46
2026-01-27 23:12:17,8.46
2026-01-27 23:12:18,8.46
2026-01-27 23:12:19,6.99
2026-01-27 23:12:20,6.99
2026-01-27 23:12:21,6.99
2026-01-27 23:12:22,6.99
2026-01-27 23:12:23,6.99
2026-01-27 23:12:24,8.12
2026-01-27 23:12:25,8.12
2026-01-27 23:12:26,8.12
2026-01-27 23:12:27,8.12
2026-01-27 23:12:28,8.12
2026-01-27 23:12:29,7.65
2026-01-27 23:12:30,7.65
2026-01-27 23:12:31,7.65
2026-01-27 23:12:32,7.65
2026-01-27 23:12:33,7.65
2026-01-27 23:12:34,7.57
2026-01-27 23:12:35,7.57
2026-01-27 23:12:36,7.57
2026-01-27 23:12:37,7.57
2026-01-27 23:12:38,7.57
2026-01-27 23:12:39,6.82
2026-01-27 23:12:40,6.82
2026-01-27 23:12:41,6.82
2026-01-27 23:12:42,6.82
2026-01-27 23:12:43,6.82
2026-01-27 23:12:44,7.89
2026-01-27 23:12:45,7.89
2026-01-27 23:12:46,7.89
2026-01-27 23:12:47,7.89
2026-01-27 23:12:48,7.89
2026-01-27 23:12:49,7.95
2026-01-27 23:12:50,7.95
2026-01-27 23:12:51,7.95
2026-01-27 23:12:52,7.95
2026-01-27 23:12:53,7.95
2026-01-27 23:12:54,8.55
2026-01-27 23:12:55,8.55
2026-01-27 23:12:56,8.55
2026-01-27 23:12:57,8.55
2026-01-27 23:12:58,8.55
2026-01-27 23:12:59,7.72
2026-01-27 23:13:00,7.72
2026-01-27 23:13:01,7.72
2026-01-27 23:13:02,7.72
2026-01-27 23:13:03,7.72
2026-01-27 23:13:04,9.22
2026-01-27 23:13:05,9.22
2026-01-27 23:13:06,9.22
2026-01-27 23:13:07,9.22
2026-01-27 23:13:08,9.22
2026-01-27 23:13:09,7.75
2026-01-27 23:13:10,7.75
2026-01-27 23:13:11,7.75
2026-01-27 23:13:12,7.75
2026-01-27 23:13:13,7.75
2026-01-27 23:13:14,9.27
2026-01-27 23:13:15,9.27
2026-01-27 23:13:16,9.27
2026-01-27 23:13:17,9.27
2026-01-27 23:13:18,9.27
2026-01-27 23:13:19,7.70
2026-01-27 23:13:20,7.70
2026-01-27 23:13:21,7.70
2026-01-27 23:13:22,7.70
2026-01-27 23:13:23,7.70
2026-01-27 23:13:24,9.27
2026-01-27 23:13:25,9.27
2026-01-27 23:13:26,9.27
2026-01-27 23:13:27,9.27
2026-01-27 23:13:28,9.27
2026-01-27 23:13:29,9.42
2026-01-27 23:13:30,9.42
2026-01-27 23:13:31,9.42
2026-01-27 23:13:32,9.42
2026-01-27 23:13:33,9.42
2026-01-27 23:13:34,9.58
2026-01-27 23:13:35,9.58
2026-01-27 23:13:36,9.58
2026-01-27 23:13:37,9.58
2026-01-27 23:13:38,9.58
2026-01-27 23:13:39,8.61
2026-01-27 23:13:40,8.61
2026-01-27 23:13:41,8.61
2026-01-27 23:13:42,8.61
2026-01-27 23:13:43,8.61
2026-01-27 23:13:44,9.02
2026-01-27 23:13:45,9.02
2026-01-27 23:13:46,9.02
2026-01-27 23:13:47,9.02
2026-01-27 23:13:48,9.02
2026-01-27 23:13:49,8.74
2026-01-27 23:13:50,8.74
2026-01-27 23:13:51,8.74
2026-01-27 23:13:52,8.74
2026-01-27 23:13:53,8.74
2026-01-27 23:13:54,9.02
2026-01-27 23:13:55,9.02
2026-01-27 23:13:56,9.02
2026-01-27 23:13:57,9.02
2026-01-27 23:13:58,9.02
2026-01-27 23:13:59,8.64
2026-01-27 23:14:00,8.64
2026-01-27 23:14:01,8.64
2026-01-27 23:14:02,8.64
2026-01-27 23:14:03,8.64
2026-01-27 23:14:04,9.77
2026-01-27 23:14:05,9.77
2026-01-27 23:14:06,9.77
2026-01-27 23:14:07,9.77
2026-01-27 23:14:08,9.77
2026-01-27 23:14:09,8.64
2026-01-27 23:14:10,8.64
2026-01-27 23:14:11,8.64
2026-01-27 23:14:12,8.64
2026-01-27 23:14:13,8.64
2026-01-27 23:14:14,9.96
2026-01-27 23:14:15,9.96
2026-01-27 23:14:16,9.96
2026-01-27 23:14:17,9.96
2026-01-27 23:14:18,9.96
2026-01-27 23:14:19,8.59
2026-01-27 23:14:20,8.59
2026-01-27 23:14:21,8.59
2026-01-27 23:14:22,8.59
2026-01-27 23:14:23,8.59
2026-01-27 23:14:24,9.08
2026-01-27 23:14:25,9.08
2026-01-27 23:14:26,9.08
2026-01-27 23:14:27,9.08
2026-01-27 23:14:28,9.08
2026-01-27 23:14:29,8.78
2026-01-27 23:14:30,8.78
2026-01-27 23:14:31,8.78
2026-01-27 23:14:32,8.78
2026-01-27 23:14:33,8.78
2026-01-27 23:14:34,9.60
2026-01-27 23:14:35,9.60
2026-01-27 23:14:36,9.60
2026-01-27 23:14:37,9.60
2026-01-27 23:14:38,9.60
2026-01-27 23:14:39,8.86
2026-01-27 23:14:40,8.86
2026-01-27 23:14:41,8.86
2026-01-27 23:14:42,8.86
2026-01-27 23:14:43,8.86
2026-01-27 23:14:44,9.21
2026-01-27 23:14:45,9.21
2026-01-27 23:14:46,9.21
2026-01-27 23:14:47,9.21
2026-01-27 23:14:48,9.21
2026-01-27 23:14:49,8.70
2026-01-27 23:14:50,8.70
2026-01-27 23:14:51,8.70
2026-01-27 23:14:52,8.70
2026-01-27 23:14:53,8.70
2026-01-27 23:14:54,8.78
2026-01-27 23:14:55,8.78
2026-01-27 23:14:56,8.78
2026-01-27 23:14:57,8.78
2026-01-27 23:14:58,8.78
2026-01-27 23:14:59,8.63
2026-01-27 23:15:00,8.63
2026-01-27 23:15:01,8.63
2026-01-27 23:15:02,8.63
2026-01-27 23:15:03,8.63
2026-01-27 23:15:04,9.18
2026-01-27 23:15:05,9.18
2026-01-27 23:15:06,9.18
2026-01-27 23:15:07,9.18
2026-01-27 23:15:08,9.18
2026-01-27 23:15:09,8.67
2026-01-27 23:15:10,8.67
2026-01-27 23:15:11,8.67
2026-01-27 23:15:12,8.67
2026-01-27 23:15:13,8.67
2026-01-27 23:15:14,10.8
2026-01-27 23:15:15,10.8
2026-01-27 23:15:16,10.8
2026-01-27 23:15:17,10.8
2026-01-27 23:15:18,10.8
2026-01-27 23:15:19,8.47
2026-01-27 23:15:20,8.47
2026-01-27 23:15:21,8.47
2026-01-27 23:15:22,8.47
2026-01-27 23:15:23,8.47
2026-01-27 23:15:24,9.11
2026-01-27 23:15:25,9.11
2026-01-27 23:15:26,9.11
2026-01-27 23:15:27,9.11
2026-01-27 23:15:28,9.11
2026-01-27 23:15:29,8.89
2026-01-27 23:15:30,8.89
2026-01-27 23:15:31,8.89
2026-01-27 23:15:32,8.89
2026-01-27 23:15:33,8.89
2026-01-27 23:15:34,9.12
2026-01-27 23:15:35,9.12
2026-01-27 23:15:36,9.12
2026-01-27 23:15:37,9.12
2026-01-27 23:15:38,9.12
2026-01-27 23:15:39,9.24
2026-01-27 23:15:40,9.24
2026-01-27 23:15:41,9.24
2026-01-27 23:15:42,9.24
2026-01-27 23:15:43,9.24
2026-01-27 23:15:44,9.83
2026-01-27 23:15:45,9.83
2026-01-27 23:15:46,9.83
2026-01-27 23:15:47,9.83
2026-01-27 23:15:48,9.83
2026-01-27 23:15:49,8.76
2026-01-27 23:15:50,8.76
2026-01-27 23:15:51,8.76
2026-01-27 23:15:52,8.76
2026-01-27 23:15:53,8.76
2026-01-27 23:15:54,8.98
2026-01-27 23:15:55,8.98
2026-01-27 23:15:56,8.98
2026-01-27 23:15:57,8.98
2026-01-27 23:15:58,8.98
2026-01-27 23:15:59,8.35
2026-01-27 23:16:00,8.35
2026-01-27 23:16:01,8.35
2026-01-27 23:16:02,8.35
2026-01-27 23:16:03,8.35
2026-01-27 23:16:04,8.29
2026-01-27 23:16:05,8.29
2026-01-27 23:16:06,8.29
2026-01-27 23:16:07,8.29
2026-01-27 23:16:08,8.29
2026-01-27 23:16:09,0
2026-01-27 23:16:10,0
2026-01-27 23:16:11,0
2026-01-27 23:16:12,0
2026-01-27 23:16:13,0
2026-01-27 23:16:14,0
2026-01-27 23:16:15,0
2026-01-27 23:16:16,0
2026-01-27 23:16:17,0
2026-01-27 23:16:18,0
2026-01-27 23:16:19,0
2026-01-27 23:16:20,0
2026-01-27 23:16:21,0
2026-01-27 23:16:22,0
2026-01-27 23:16:23,0
2026-01-27 23:16:24,0
2026-01-27 23:16:25,0
2026-01-27 23:16:26,0
2026-01-27 23:16:27,0
2026-01-27 23:16:28,0
2026-01-27 23:16:29,0
2026-01-27 23:16:30,0
2026-01-27 23:16:31,0
2026-01-27 23:16:32,0
2026-01-27 23:16:33,0
2026-01-27 23:16:34,0
2026-01-27 23:16:35,0
2026-01-27 23:16:36,0
2026-01-27 23:16:37,0
2026-01-27 23:16:38,0
2026-01-27 23:16:39,0
2026-01-27 23:16:40,0
2026-01-27 23:16:41,0
2026-01-27 23:16:42,0
2026-01-27 23:16:43,0
2026-01-27 23:16:44,0
2026-01-27 23:16:45,0
2026-01-27 23:16:46,0
2026-01-27 23:16:47,0
2026-01-27 23:16:48,0
2026-01-27 23:16:49,0
2026-01-27 23:16:50,0
2026-01-27 23:16:51,0
2026-01-27 23:16:52,0
2026-01-27 23:16:53,0
2026-01-27 23:16:54,0
2026-01-27 23:16:55,0
2026-01-27 23:16:56,0
2026-01-27 23:16:57,0
2026-01-27 23:16:58,0
2026-01-27 23:16:59,0
2026-01-27 23:17:00,0
2026-01-27 23:17:01,0
2026-01-27 23:17:02,0
2026-01-27 23:17:03,0
2026-01-27 23:17:04,0
2026-01-27 23:17:05,0
2026-01-27 23:17:06,0
2026-01-27 23:17:07,0
2026-01-27 23:17:08,0
2026-01-27 23:17:09,0
2026-01-27 23:17:10,0
2026-01-27 23:17:11,0
2026-01-27 23:17:12,0
2026-01-27 23:17:13,0
2026-01-27 23:17:14,0
2026-01-27 23:17:15,0
2026-01-27 23:17:16,0
2026-01-27 23:17:17,0
2026-01-27 23:17:18,0
2026-01-27 23:17:19,0
2026-01-27 23:17:20,0
2026-01-27 23:17:21,0
2026-01-27 23:17:22,0
2026-01-27 23:17:23,0
2026-01-27 23:17:24,0
2026-01-27 23:17:25,0
2026-01-27 23:17:26,0
2026-01-27 23:17:27,0
2026-01-27 23:17:28,0
2026-01-27 23:17:29,0
2026-01-27 23:17:30,0
2026-01-27 23:17:31,0
2026-01-27 23:17:32,0
2026-01-27 23:17:33,0
2026-01-27 23:17:34,0
2026-01-27 23:17:35,0
2026-01-27 23:17:36,0
2026-01-27 23:17:37,0
2026-01-27 23:17:38,0
2026-01-27 23:17:39,0
2026-01-27 23:17:40,0
2026-01-27 23:17:41,0
2026-01-27 23:17:42,0
2026-01-27 23:17:43,0
2026-01-27 23:17:54,7.33
2026-01-27 23:17:55,7.33
2026-01-27 23:17:56,7.33
2026-01-27 23:17:57,7.33
2026-01-27 23:17:58,7.33
2026-01-27 23:17:59,10.2
2026-01-27 23:18:00,10.2
2026-01-27 23:18:01,10.2
2026-01-27 23:18:02,10.2
2026-01-27 23:18:03,10.2
2026-01-27 23:18:04,9.39
2026-01-27 23:18:05,9.39
2026-01-27 23:18:06,9.39
2026-01-27 23:18:07,9.39
2026-01-27 23:18:08,9.39
2026-01-27 23:18:09,9.46
2026-01-27 23:18:10,9.46
2026-01-27 23:18:11,9.46
2026-01-27 23:18:12,9.46
2026-01-27 23:18:13,9.46
2026-01-27 23:18:14,9.05
2026-01-27 23:18:15,9.05
2026-01-27 23:18:16,9.05
2026-01-27 23:18:17,9.05
2026-01-27 23:18:18,9.05
2026-01-27 23:18:19,10.2
2026-01-27 23:18:20,10.2
2026-01-27 23:18:21,10.2
2026-01-27 23:18:22,10.2
2026-01-27 23:18:23,10.2
2026-01-27 23:18:24,9.06
2026-01-27 23:18:25,9.06
2026-01-27 23:18:26,9.06
2026-01-27 23:18:27,9.06
2026-01-27 23:18:28,9.06
2026-01-27 23:18:29,9.38
2026-01-27 23:18:30,9.38
2026-01-27 23:18:31,9.38
2026-01-27 23:18:32,9.38
2026-01-27 23:18:33,9.38
2026-01-27 23:18:34,9.23
2026-01-27 23:18:35,9.23
2026-01-27 23:18:36,9.23
2026-01-27 23:18:37,9.23
2026-01-27 23:18:38,9.23
2026-01-27 23:18:39,9.66
2026-01-27 23:18:40,9.66
2026-01-27 23:18:41,9.66
2026-01-27 23:18:42,9.66
2026-01-27 23:18:43,9.66
2026-01-27 23:18:44,9.22
2026-01-27 23:18:45,9.22
2026-01-27 23:18:46,9.22
2026-01-27 23:18:47,9.22
2026-01-27 23:18:48,9.22
2026-01-27 23:18:49,10.5
2026-01-27 23:18:50,10.5
2026-01-27 23:18:51,10.5
2026-01-27 23:18:52,10.5
2026-01-27 23:18:53,10.5
2026-01-27 23:18:54,9.15
2026-01-27 23:18:55,9.15
2026-01-27 23:18:56,9.15
2026-01-27 23:18:57,9.15
2026-01-27 23:18:58,9.15
2026-01-27 23:18:59,9.07
2026-01-27 23:19:00,9.07
2026-01-27 23:19:01,9.07
2026-01-27 23:19:02,9.07
2026-01-27 23:19:03,9.07
2026-01-27 23:19:04,9.76
2026-01-27 23:19:05,9.76
2026-01-27 23:19:06,9.76
2026-01-27 23:19:07,9.76
2026-01-27 23:19:08,9.76
2026-01-27 23:19:09,8.49
2026-01-27 23:19:10,8.49
2026-01-27 23:19:11,8.49
2026-01-27 23:19:12,8.49
2026-01-27 23:19:13,8.49
2026-01-27 23:19:14,7.63
2026-01-27 23:19:15,7.63
2026-01-27 23:19:16,7.63
2026-01-27 23:19:17,7.63
2026-01-27 23:19:18,7.63
2026-01-27 23:19:19,8.74
2026-01-27 23:19:20,8.74
2026-01-27 23:19:21,8.74
2026-01-27 23:19:22,8.74
2026-01-27 23:19:23,8.74
2026-01-27 23:19:24,7.61
2026-01-27 23:19:25,7.61
2026-01-27 23:19:26,7.61
2026-01-27 23:19:27,7.61
2026-01-27 23:19:28,7.61
2026-01-27 23:19:29,8.95
2026-01-27 23:19:30,8.95
2026-01-27 23:19:31,8.95
2026-01-27 23:19:32,8.95
2026-01-27 23:19:33,8.95
2026-01-27 23:19:34,7.58
2026-01-27 23:19:35,7.58
2026-01-27 23:19:36,7.58
2026-01-27 23:19:37,7.58
2026-01-27 23:19:38,7.58
2026-01-27 23:19:39,7.51
2026-01-27 23:19:40,7.51
2026-01-27 23:19:41,7.51
2026-01-27 23:19:42,7.51
2026-01-27 23:19:43,7.51
2026-01-27 23:19:44,6.77
2026-01-27 23:19:45,6.77
2026-01-27 23:19:46,6.77
2026-01-27 23:19:47,6.77
2026-01-27 23:19:48,6.77
2026-01-27 23:19:49,7.22
2026-01-27 23:19:50,7.22
2026-01-27 23:19:51,7.22
2026-01-27 23:19:52,7.22
2026-01-27 23:19:53,7.22
2026-01-27 23:19:54,6.88
2026-01-27 23:19:55,6.88
2026-01-27 23:19:56,6.88
2026-01-27 23:19:57,6.88
2026-01-27 23:19:58,6.88
2026-01-27 23:19:59,7.20
2026-01-27 23:20:00,7.20
2026-01-27 23:20:01,7.20
2026-01-27 23:20:02,7.20
2026-01-27 23:20:03,7.20
2026-01-27 23:20:04,7.02
2026-01-27 23:20:05,7.02
2026-01-27 23:20:06,7.02
2026-01-27 23:20:07,7.02
2026-01-27 23:20:08,7.02
2026-01-27 23:20:09,7.70
2026-01-27 23:20:10,7.70
2026-01-27 23:20:11,7.70
2026-01-27 23:20:12,7.70
2026-01-27 23:20:13,7.70
2026-01-27 23:20:14,7.02
2026-01-27 23:20:15,7.02
2026-01-27 23:20:16,7.02
2026-01-27 23:20:17,7.02
2026-01-27 23:20:18,7.02
2026-01-27 23:20:19,8.12
2026-01-27 23:20:20,8.12
2026-01-27 23:20:21,8.12
2026-01-27 23:20:22,8.12
2026-01-27 23:20:23,8.12
2026-01-27 23:20:24,6.90
2026-01-27 23:20:25,6.90
2026-01-27 23:20:26,6.90
2026-01-27 23:20:27,6.90
2026-01-27 23:20:28,6.90
2026-01-27 23:20:29,7.12
2026-01-27 23:20:30,7.12
2026-01-27 23:20:31,7.12
2026-01-27 23:20:32,7.12
2026-01-27 23:20:33,7.12
2026-01-27 23:20:34,6.75
2026-01-27 23:20:35,6.75
2026-01-27 23:20:36,6.75
2026-01-27 23:20:37,6.75
2026-01-27 23:20:38,6.75
2026-01-27 23:20:39,8.87
2026-01-27 23:20:40,8.87
2026-01-27 23:20:41,8.87
2026-01-27 23:20:42,8.87
2026-01-27 23:20:43,8.87
2026-01-27 23:20:44,7.21
2026-01-27 23:20:45,7.21
2026-01-27 23:20:46,7.21
2026-01-27 23:20:47,7.21
2026-01-27 23:20:48,7.21
2026-01-27 23:20:49,7.45
2026-01-27 23:20:50,7.45
2026-01-27 23:20:51,7.45
2026-01-27 23:20:52,7.45
2026-01-27 23:20:53,7.45
2026-01-27 23:20:54,6.78
2026-01-27 23:20:55,6.78
2026-01-27 23:20:56,6.78
2026-01-27 23:20:57,6.78
2026-01-27 23:20:58,6.78
2026-01-27 23:20:59,7.11
2026-01-27 23:21:00,7.11
2026-01-27 23:21:01,7.11
2026-01-27 23:21:02,7.11
2026-01-27 23:21:03,7.11
2026-01-27 23:21:04,6.74
2026-01-27 23:21:05,6.74
2026-01-27 23:21:06,6.74
2026-01-27 23:21:07,6.74
2026-01-27 23:21:08,6.74
2026-01-27 23:21:09,7.20
2026-01-27 23:21:10,7.20
2026-01-27 23:21:11,7.20
2026-01-27 23:21:12,7.20
2026-01-27 23:21:13,7.20
2026-01-27 23:21:14,7.55
2026-01-27 23:21:15,7.55
2026-01-27 23:21:16,7.55
2026-01-27 23:21:17,7.55
2026-01-27 23:21:18,7.55
2026-01-27 23:21:19,7.96
2026-01-27 23:21:20,7.96
2026-01-27 23:21:21,7.96
2026-01-27 23:21:22,7.96
2026-01-27 23:21:23,7.96
2026-01-27 23:21:24,6.33
2026-01-27 23:21:25,6.33
2026-01-27 23:21:26,6.33
2026-01-27 23:21:27,6.33
2026-01-27 23:21:28,6.33
2026-01-27 23:21:29,6.96
2026-01-27 23:21:30,6.96
2026-01-27 23:21:31,6.96
2026-01-27 23:21:32,6.96
2026-01-27 23:21:33,6.96
2026-01-27 23:21:34,7.61
2026-01-27 23:21:35,7.61
2026-01-27 23:21:36,7.61
2026-01-27 23:21:37,7.61
2026-01-27 23:21:38,7.61
2026-01-27 23:21:39,8.09
2026-01-27 23:21:40,8.09
2026-01-27 23:21:41,8.09
2026-01-27 23:21:42,8.09
2026-01-27 23:21:43,8.09
2026-01-27 23:21:44,7.45
2026-01-27 23:21:45,7.45
2026-01-27 23:21:46,7.45
2026-01-27 23:21:47,7.45
2026-01-27 23:21:48,7.45
2026-01-27 23:21:49,8.09
2026-01-27 23:21:50,8.09
2026-01-27 23:21:51,8.09
2026-01-27 23:21:52,8.09
2026-01-27 23:21:53,8.09
2026-01-27 23:21:54,7.40
2026-01-27 23:21:55,7.40
2026-01-27 23:21:56,7.40
2026-01-27 23:21:57,7.40
2026-01-27 23:21:58,7.40
2026-01-27 23:21:59,7.86
2026-01-27 23:22:00,7.86
2026-01-27 23:22:01,7.86
2026-01-27 23:22:02,7.86
2026-01-27 23:22:03,7.86
2026-01-27 23:22:04,7.50
2026-01-27 23:22:05,7.50
2026-01-27 23:22:06,7.50
2026-01-27 23:22:07,7.50
2026-01-27 23:22:08,7.50
2026-01-27 23:22:09,7.60
2026-01-27 23:22:10,7.60
2026-01-27 23:22:11,7.60
2026-01-27 23:22:12,7.60
2026-01-27 23:22:13,7.60
2026-01-27 23:22:14,8.94
2026-01-27 23:22:15,8.94
2026-01-27 23:22:16,8.94
2026-01-27 23:22:17,8.94
2026-01-27 23:22:18,8.94
2026-01-27 23:22:19,10.3
2026-01-27 23:22:20,10.3
2026-01-27 23:22:21,10.3
2026-01-27 23:22:22,10.3
2026-01-27 23:22:23,10.3
2026-01-27 23:22:24,8.70
2026-01-27 23:22:25,8.70
2026-01-27 23:22:26,8.70
2026-01-27 23:22:27,8.70
2026-01-27 23:22:28,8.70
2026-01-27 23:22:29,9.05
2026-01-27 23:22:30,9.05
2026-01-27 23:22:31,9.05
2026-01-27 23:22:32,9.05
2026-01-27 23:22:33,9.05
2026-01-27 23:22:34,8.70
2026-01-27 23:22:35,8.70
2026-01-27 23:22:36,8.70
2026-01-27 23:22:37,8.70
2026-01-27 23:22:38,8.70
2026-01-27 23:22:39,8.92
2026-01-27 23:22:40,8.92
2026-01-27 23:22:41,8.92
2026-01-27 23:22:42,8.92
2026-01-27 23:22:43,8.92
2026-01-27 23:22:44,8.52
2026-01-27 23:22:45,8.52
2026-01-27 23:22:46,8.52
2026-01-27 23:22:47,8.52
2026-01-27 23:22:48,8.52
2026-01-27 23:22:49,8.84
2026-01-27 23:22:50,8.84
2026-01-27 23:22:51,8.84
2026-01-27 23:22:52,8.84
2026-01-27 23:22:53,8.84
2026-01-27 23:22:54,0
2026-01-27 23:22:55,0
2026-01-27 23:22:56,0
2026-01-27 23:22:57,0
2026-01-27 23:22:58,0
2026-01-27 23:22:59,0
2026-01-27 23:23:00,0
2026-01-27 23:23:01,0
2026-01-27 23:23:02,0
2026-01-27 23:23:03,0
2026-01-27 23:23:04,0
2026-01-27 23:23:05,0
2026-01-27 23:23:06,0
2026-01-27 23:23:07,0
2026-01-27 23:23:08,0
2026-01-27 23:23:09,0
2026-01-27 23:23:10,0
2026-01-27 23:23:11,0
2026-01-27 23:23:12,0
2026-01-27 23:23:13,0
2026-01-27 23:23:14,0
2026-01-27 23:23:15,0
2026-01-27 23:23:16,0
2026-01-27 23:23:17,0
2026-01-27 23:23:18,0
2026-01-27 23:23:19,0
2026-01-27 23:23:20,0
2026-01-27 23:23:21,0
2026-01-27 23:23:22,0
2026-01-27 23:23:23,0
2026-01-27 23:23:24,0
2026-01-27 23:23:25,0
2026-01-27 23:23:26,0
2026-01-27 23:23:27,0
2026-01-27 23:23:28,0
2026-01-27 23:23:29,0
2026-01-27 23:23:30,0
2026-01-27 23:23:31,0
2026-01-27 23:23:32,0
2026-01-27 23:23:33,0
2026-01-27 23:23:34,0
2026-01-27 23:23:35,0
2026-01-27 23:23:36,0
2026-01-27 23:23:37,0
2026-01-27 23:23:38,0
2026-01-27 23:23:39,0
2026-01-27 23:23:40,0
2026-01-27 23:23:41,0
2026-01-27 23:23:42,0
2026-01-27 23:23:43,0
2026-01-27 23:23:44,0
2026-01-27 23:23:45,0
2026-01-27 23:23:46,0
2026-01-27 23:23:47,0
2026-01-27 23:23:48,0
2026-01-27 23:23:49,0
2026-01-27 23:23:50,0
2026-01-27 23:23:51,0
2026-01-27 23:23:52,0
2026-01-27 23:23:53,0
2026-01-27 23:23:54,0
2026-01-27 23:23:55,0
2026-01-27 23:23:56,0
2026-01-27 23:23:57,0
2026-01-27 23:23:58,0
2026-01-27 23:23:59,0
2026-01-27 23:24:00,0
2026-01-27 23:24:01,0
2026-01-27 23:24:02,0
2026-01-27 23:24:03,0
2026-01-27 23:24:04,0
2026-01-27 23:24:05,0
2026-01-27 23:24:06,0
2026-01-27 23:24:07,0
2026-01-27 23:24:08,0
2026-01-27 23:24:09,0
2026-01-27 23:24:10,0
2026-01-27 23:24:11,0
2026-01-27 23:24:12,0
2026-01-27 23:24:13,0
2026-01-27 23:24:14,0
2026-01-27 23:24:15,0
2026-01-27 23:24:16,0
2026-01-27 23:24:17,0
2026-01-27 23:24:18,0
2026-01-27 23:24:19,0
2026-01-27 23:24:20,0
2026-01-27 23:24:21,0
2026-01-27 23:24:22,0
2026-01-27 23:24:23,0
2026-01-27 23:24:24,0
2026-01-27 23:24:25,0
2026-01-27 23:24:26,0
2026-01-27 23:24:27,0
2026-01-27 23:24:28,0
2026-01-27 23:24:54,2.92
2026-01-27 23:24:55,2.92
2026-01-27 23:24:56,2.92
2026-01-27 23:24:57,2.92
2026-01-27 23:24:58,2.92
2026-01-27 23:24:59,8.19
2026-01-27 23:25:00,8.19
2026-01-27 23:25:01,8.19
2026-01-27 23:25:02,8.19
2026-01-27 23:25:03,8.19
2026-01-27 23:25:04,8.84
2026-01-27 23:25:05,8.84
2026-01-27 23:25:06,8.84
2026-01-27 23:25:07,8.84
2026-01-27 23:25:08,8.84
2026-01-27 23:25:09,9.28
2026-01-27 23:25:10,9.28
2026-01-27 23:25:11,9.28
2026-01-27 23:25:12,9.28
2026-01-27 23:25:13,9.28
2026-01-27 23:25:14,8.56
2026-01-27 23:25:15,8.56
2026-01-27 23:25:16,8.56
2026-01-27 23:25:17,8.56
2026-01-27 23:25:18,8.56
2026-01-27 23:25:19,9.68
2026-01-27 23:25:20,9.68
2026-01-27 23:25:21,9.68
2026-01-27 23:25:22,9.68
2026-01-27 23:25:23,9.68
2026-01-27 23:25:24,8.44
2026-01-27 23:25:25,8.44
2026-01-27 23:25:26,8.44
2026-01-27 23:25:27,8.44
2026-01-27 23:25:28,8.44
2026-01-27 23:25:29,8.93
2026-01-27 23:25:30,8.93
2026-01-27 23:25:31,8.93
2026-01-27 23:25:32,8.93
2026-01-27 23:25:33,8.93
2026-01-27 23:25:34,8.94
2026-01-27 23:25:35,8.94
2026-01-27 23:25:36,8.94
2026-01-27 23:25:37,8.94
2026-01-27 23:25:38,8.94
2026-01-27 23:25:39,10.1
2026-01-27 23:25:40,10.1
2026-01-27 23:25:41,10.1
2026-01-27 23:25:42,10.1
2026-01-27 23:25:43,10.1
2026-01-27 23:25:44,9.47
2026-01-27 23:25:45,9.47
2026-01-27 23:25:46,9.47
2026-01-27 23:25:47,9.47
2026-01-27 23:25:48,9.47
2026-01-27 23:25:49,9.22
2026-01-27 23:25:50,9.22
2026-01-27 23:25:51,9.22
2026-01-27 23:25:52,9.22
2026-01-27 23:25:53,9.22
2026-01-27 23:25:54,8.78
2026-01-27 23:25:55,8.78
2026-01-27 23:25:56,8.78
2026-01-27 23:25:57,8.78
2026-01-27 23:25:58,8.78
2026-01-27 23:25:59,9.14
2026-01-27 23:26:00,9.14
2026-01-27 23:26:01,9.14
2026-01-27 23:26:02,9.14
2026-01-27 23:26:03,9.14
2026-01-27 23:26:04,8.66
2026-01-27 23:26:05,8.66
2026-01-27 23:26:06,8.66
2026-01-27 23:26:07,8.66
2026-01-27 23:26:08,8.66
2026-01-27 23:26:09,8.96
2026-01-27 23:26:10,8.96
2026-01-27 23:26:11,8.96
2026-01-27 23:26:12,8.96
2026-01-27 23:26:13,8.96
2026-01-27 23:26:14,8.72
2026-01-27 23:26:15,8.72
2026-01-27 23:26:16,8.72
2026-01-27 23:26:17,8.72
2026-01-27 23:26:18,8.72
2026-01-27 23:26:19,9.66
2026-01-27 23:26:20,9.66
2026-01-27 23:26:21,9.66
2026-01-27 23:26:22,9.66
2026-01-27 23:26:23,9.66
2026-01-27 23:26:24,8.55
2026-01-27 23:26:25,8.55
2026-01-27 23:26:26,8.55
2026-01-27 23:26:27,8.55
2026-01-27 23:26:28,8.55
2026-01-27 23:26:29,8.91
2026-01-27 23:26:30,8.91
2026-01-27 23:26:31,8.91
2026-01-27 23:26:32,8.91
2026-01-27 23:26:33,8.91
2026-01-27 23:26:34,8.98
2026-01-27 23:26:35,8.98
2026-01-27 23:26:36,8.98
2026-01-27 23:26:37,8.98
2026-01-27 23:26:38,8.98
2026-01-27 23:26:39,9.47
2026-01-27 23:26:40,9.47
2026-01-27 23:26:41,9.47
2026-01-27 23:26:42,9.47
2026-01-27 23:26:43,9.47
2026-01-27 23:26:44,9.06
2026-01-27 23:26:45,9.06
2026-01-27 23:26:46,9.06
2026-01-27 23:26:47,9.06
2026-01-27 23:26:48,9.06
2026-01-27 23:26:49,9.02
2026-01-27 23:26:50,9.02
2026-01-27 23:26:51,9.02
2026-01-27 23:26:52,9.02
2026-01-27 23:26:53,9.02
2026-01-27 23:26:54,8.73
2026-01-27 23:26:55,8.73
2026-01-27 23:26:56,8.73
2026-01-27 23:26:57,8.73
2026-01-27 23:26:58,8.73
2026-01-27 23:26:59,9.17
2026-01-27 23:27:00,9.17
2026-01-27 23:27:01,9.17
2026-01-27 23:27:02,9.17
2026-01-27 23:27:03,9.17
2026-01-27 23:27:04,8.70
2026-01-27 23:27:05,8.70
2026-01-27 23:27:06,8.70
2026-01-27 23:27:07,8.70
2026-01-27 23:27:08,8.70
2026-01-27 23:27:09,8.57
2026-01-27 23:27:10,8.57
2026-01-27 23:27:11,8.57
2026-01-27 23:27:12,8.57
2026-01-27 23:27:13,8.57
2026-01-27 23:27:14,9.39
2026-01-27 23:27:15,9.39
2026-01-27 23:27:16,9.39
2026-01-27 23:27:17,9.39
2026-01-27 23:27:18,9.39
2026-01-27 23:27:19,10.5
2026-01-27 23:27:20,10.5
2026-01-27 23:27:21,10.5
2026-01-27 23:27:22,10.5
2026-01-27 23:27:23,10.5
2026-01-27 23:27:24,9.04
2026-01-27 23:27:25,9.04
2026-01-27 23:27:26,9.04
2026-01-27 23:27:27,9.04
2026-01-27 23:27:28,9.04
2026-01-27 23:27:29,9.42
2026-01-27 23:27:30,9.42
2026-01-27 23:27:31,9.42
2026-01-27 23:27:32,9.42
2026-01-27 23:27:33,9.42
2026-01-27 23:27:34,9.10
2026-01-27 23:27:35,9.10
2026-01-27 23:27:36,9.10
2026-01-27 23:27:37,9.10
2026-01-27 23:27:38,9.10
2026-01-27 23:27:39,9.32
2026-01-27 23:27:40,9.32
2026-01-27 23:27:41,9.32
2026-01-27 23:27:42,9.32
2026-01-27 23:27:43,9.32
2026-01-27 23:27:44,8.95
2026-01-27 23:27:45,8.95
2026-01-27 23:27:46,8.95
2026-01-27 23:27:47,8.95
2026-01-27 23:27:48,8.95
2026-01-27 23:27:49,9.78
2026-01-27 23:27:50,9.78
2026-01-27 23:27:51,9.78
2026-01-27 23:27:52,9.78
2026-01-27 23:27:53,9.78
2026-01-27 23:27:54,9.38
2026-01-27 23:27:55,9.38
2026-01-27 23:27:56,9.38
2026-01-27 23:27:57,9.38
2026-01-27 23:27:58,9.38
2026-01-27 23:27:59,9.46
2026-01-27 23:28:00,9.46
2026-01-27 23:28:01,9.46
2026-01-27 23:28:02,9.46
2026-01-27 23:28:03,9.46
2026-01-27 23:28:04,10.2
2026-01-27 23:28:05,10.2
2026-01-27 23:28:06,10.2
2026-01-27 23:28:07,10.2
2026-01-27 23:28:08,10.2
2026-01-27 23:28:09,10.5
2026-01-27 23:28:10,10.5
2026-01-27 23:28:11,10.5
2026-01-27 23:28:12,10.5
2026-01-27 23:28:13,10.5
2026-01-27 23:28:14,7.59
2026-01-27 23:28:15,7.59
2026-01-27 23:28:16,7.59
2026-01-27 23:28:17,7.59
2026-01-27 23:28:18,7.59
2026-01-27 23:28:19,7.85
2026-01-27 23:28:20,7.85
2026-01-27 23:28:21,7.85
2026-01-27 23:28:22,7.85
2026-01-27 23:28:23,7.85
2026-01-27 23:28:24,8.31
2026-01-27 23:28:25,8.31
2026-01-27 23:28:26,8.31
2026-01-27 23:28:27,8.31
2026-01-27 23:28:28,8.31
2026-01-27 23:28:29,7.11
2026-01-27 23:28:30,7.11
2026-01-27 23:28:31,7.11
2026-01-27 23:28:32,7.11
2026-01-27 23:28:33,7.11
2026-01-27 23:28:34,6.01
2026-01-27 23:28:35,6.01
2026-01-27 23:28:36,6.01
2026-01-27 23:28:37,6.01
2026-01-27 23:28:38,6.01
2026-01-27 23:28:39,6.46
2026-01-27 23:28:40,6.46
2026-01-27 23:28:41,6.46
2026-01-27 23:28:42,6.46
2026-01-27 23:28:43,6.46
2026-01-27 23:28:44,5.79
2026-01-27 23:28:45,5.79
2026-01-27 23:28:46,5.79
2026-01-27 23:28:47,5.79
2026-01-27 23:28:48,5.79
2026-01-27 23:28:49,6.38
2026-01-27 23:28:50,6.38
2026-01-27 23:28:51,6.38
2026-01-27 23:28:52,6.38
2026-01-27 23:28:53,6.38
2026-01-27 23:28:54,6.52
2026-01-27 23:28:55,6.52
2026-01-27 23:28:56,6.52
2026-01-27 23:28:57,6.52
2026-01-27 23:28:58,6.52
2026-01-27 23:28:59,6.68
2026-01-27 23:29:00,6.68
2026-01-27 23:29:01,6.68
2026-01-27 23:29:02,6.68
2026-01-27 23:29:03,6.68
2026-01-27 23:29:04,5.88
2026-01-27 23:29:05,5.88
2026-01-27 23:29:06,5.88
2026-01-27 23:29:07,5.88
2026-01-27 23:29:08,5.88
2026-01-27 23:29:09,6.19
2026-01-27 23:29:10,6.19
2026-01-27 23:29:11,6.19
2026-01-27 23:29:12,6.19
2026-01-27 23:29:13,6.19
2026-01-27 23:29:14,6.02
2026-01-27 23:29:15,6.02
2026-01-27 23:29:16,6.02
2026-01-27 23:29:17,6.02
2026-01-27 23:29:18,6.02
2026-01-27 23:29:19,6.81
2026-01-27 23:29:20,6.81
2026-01-27 23:29:21,6.81
2026-01-27 23:29:22,6.81
2026-01-27 23:29:23,6.81
2026-01-27 23:29:24,6.05
2026-01-27 23:29:25,6.05
2026-01-27 23:29:26,6.05
2026-01-27 23:29:27,6.05
2026-01-27 23:29:28,6.05
2026-01-27 23:29:29,6.49
2026-01-27 23:29:30,6.49
2026-01-27 23:29:31,6.49
2026-01-27 23:29:32,6.49
2026-01-27 23:29:33,6.49
2026-01-27 23:29:34,5.65
2026-01-27 23:29:35,5.65
2026-01-27 23:29:36,5.65
2026-01-27 23:29:37,5.65
2026-01-27 23:29:38,5.65
2026-01-27 23:29:39,6.93
2026-01-27 23:29:40,6.93
2026-01-27 23:29:41,6.93
2026-01-27 23:29:42,6.93
2026-01-27 23:29:43,6.93
2026-01-27 23:29:44,6.90
2026-01-27 23:29:45,6.90
2026-01-27 23:29:46,6.90
2026-01-27 23:29:47,6.90
2026-01-27 23:29:48,6.90
2026-01-27 23:29:49,0
2026-01-27 23:29:50,0
2026-01-27 23:29:51,0
2026-01-27 23:29:52,0
2026-01-27 23:29:53,0
2026-01-27 23:29:54,0
2026-01-27 23:29:55,0
2026-01-27 23:29:56,0
2026-01-27 23:29:57,0
2026-01-27 23:29:58,0
2026-01-27 23:29:59,0
2026-01-27 23:30:00,0
2026-01-27 23:30:01,0
2026-01-27 23:30:02,0
2026-01-27 23:30:03,0
2026-01-27 23:30:04,0
2026-01-27 23:30:05,0
2026-01-27 23:30:06,0
2026-01-27 23:30:07,0
2026-01-27 23:30:08,0
2026-01-27 23:30:09,0
2026-01-27 23:30:10,0
2026-01-27 23:30:11,0
2026-01-27 23:30:12,0
2026-01-27 23:30:13,0
2026-01-27 23:30:14,0
2026-01-27 23:30:15,0
2026-01-27 23:30:16,0
2026-01-27 23:30:17,0
2026-01-27 23:30:18,0
2026-01-27 23:30:19,0
2026-01-27 23:30:20,0
2026-01-27 23:30:21,0
2026-01-27 23:30:22,0
2026-01-27 23:30:23,0
2026-01-27 23:30:24,0
2026-01-27 23:30:25,0
2026-01-27 23:30:26,0
2026-01-27 23:30:27,0
2026-01-27 23:30:28,0
2026-01-27 23:30:29,0
2026-01-27 23:30:30,0
2026-01-27 23:30:31,0
2026-01-27 23:30:32,0
2026-01-27 23:30:33,0
2026-01-27 23:30:34,0
2026-01-27 23:30:35,0
2026-01-27 23:30:36,0
2026-01-27 23:30:37,0
2026-01-27 23:30:38,0
2026-01-27 23:30:39,0
2026-01-27 23:30:40,0
2026-01-27 23:30:41,0
2026-01-27 23:30:42,0
2026-01-27 23:30:43,0
2026-01-27 23:30:44,0
2026-01-27 23:30:45,0
2026-01-27 23:30:46,0
2026-01-27 23:30:47,0
2026-01-27 23:30:48,0
2026-01-27 23:30:49,0
2026-01-27 23:30:50,0
2026-01-27 23:30:51,0
2026-01-27 23:30:52,0
2026-01-27 23:30:53,0
2026-01-27 23:30:54,0
2026-01-27 23:30:55,0
2026-01-27 23:30:56,0
2026-01-27 23:30:57,0
2026-01-27 23:30:58,0
2026-01-27 23:30:59,0
2026-01-27 23:31:00,0
2026-01-27 23:31:01,0
2026-01-27 23:31:02,0
2026-01-27 23:31:03,0
2026-01-27 23:31:04,0
2026-01-27 23:31:05,0
2026-01-27 23:31:06,0
2026-01-27 23:31:07,0
2026-01-27 23:31:08,0
2026-01-27 23:31:09,0
2026-01-27 23:31:10,0
2026-01-27 23:31:11,0
2026-01-27 23:31:12,0
2026-01-27 23:31:13,0
2026-01-27 23:31:14,0
2026-01-27 23:31:15,0
2026-01-27 23:31:16,0
2026-01-27 23:31:17,0
2026-01-27 23:31:18,0
2026-01-27 23:31:19,0
2026-01-27 23:31:20,0
2026-01-27 23:31:21,0
2026-01-27 23:31:22,0
2026-01-27 23:31:23,0
2026-01-27 23:32:09,4.54
2026-01-27 23:32:10,4.54
2026-01-27 23:32:11,4.54
2026-01-27 23:32:12,4.54
2026-01-27 23:32:13,4.54
2026-01-27 23:32:14,9.92
2026-01-27 23:32:15,9.92
2026-01-27 23:32:16,9.92
2026-01-27 23:32:17,9.92
2026-01-27 23:32:18,9.92
2026-01-27 23:32:19,10.2
2026-01-27 23:32:20,10.2
2026-01-27 23:32:21,10.2
2026-01-27 23:32:22,10.2
2026-01-27 23:32:23,10.2
2026-01-27 23:32:24,9.18
2026-01-27 23:32:25,9.18
2026-01-27 23:32:26,9.18
2026-01-27 23:32:27,9.18
2026-01-27 23:32:28,9.18
2026-01-27 23:32:29,8.84
2026-01-27 23:32:30,8.84
2026-01-27 23:32:31,8.84
2026-01-27 23:32:32,8.84
2026-01-27 23:32:33,8.84
2026-01-27 23:32:34,8.65
2026-01-27 23:32:35,8.65
2026-01-27 23:32:36,8.65
2026-01-27 23:32:37,8.65
2026-01-27 23:32:38,8.65
2026-01-27 23:32:39,8.93
2026-01-27 23:32:40,8.93
2026-01-27 23:32:41,8.93
2026-01-27 23:32:42,8.93
2026-01-27 23:32:43,8.93
2026-01-27 23:32:44,8.55
2026-01-27 23:32:45,8.55
2026-01-27 23:32:46,8.55
2026-01-27 23:32:47,8.55
2026-01-27 23:32:48,8.55
2026-01-27 23:32:49,9.08
2026-01-27 23:32:50,9.08
2026-01-27 23:32:51,9.08
2026-01-27 23:32:52,9.08
2026-01-27 23:32:53,9.08
2026-01-27 23:32:54,8.66
2026-01-27 23:32:55,8.66
2026-01-27 23:32:56,8.66
2026-01-27 23:32:57,8.66
2026-01-27 23:32:58,8.66
2026-01-27 23:32:59,8.99
2026-01-27 23:33:00,8.99
2026-01-27 23:33:01,8.99
2026-01-27 23:33:02,8.99
2026-01-27 23:33:03,8.99
2026-01-27 23:33:04,8.60
2026-01-27 23:33:05,8.60
2026-01-27 23:33:06,8.60
2026-01-27 23:33:07,8.60
2026-01-27 23:33:08,8.60
2026-01-27 23:33:09,8.78
2026-01-27 23:33:10,8.78
2026-01-27 23:33:11,8.78
2026-01-27 23:33:12,8.78
2026-01-27 23:33:13,8.78
2026-01-27 23:33:14,9.50
2026-01-27 23:33:15,9.50
2026-01-27 23:33:16,9.50
2026-01-27 23:33:17,9.50
2026-01-27 23:33:18,9.50
2026-01-27 23:33:19,9.78
2026-01-27 23:33:20,9.78
2026-01-27 23:33:21,9.78
2026-01-27 23:33:22,9.78
2026-01-27 23:33:23,9.78
2026-01-27 23:33:24,8.87
2026-01-27 23:33:25,8.87
2026-01-27 23:33:26,8.87
2026-01-27 23:33:27,8.87
2026-01-27 23:33:28,8.87
2026-01-27 23:33:29,8.84
2026-01-27 23:33:30,8.84
2026-01-27 23:33:31,8.84
2026-01-27 23:33:32,8.84
2026-01-27 23:33:33,8.84
2026-01-27 23:33:34,8.69
2026-01-27 23:33:35,8.69
2026-01-27 23:33:36,8.69
2026-01-27 23:33:37,8.69
2026-01-27 23:33:38,8.69
2026-01-27 23:33:39,8.97
2026-01-27 23:33:40,8.97
2026-01-27 23:33:41,8.97
2026-01-27 23:33:42,8.97
2026-01-27 23:33:43,8.97
2026-01-27 23:33:44,8.44
2026-01-27 23:33:45,8.44
2026-01-27 23:33:46,8.44
2026-01-27 23:33:47,8.44
2026-01-27 23:33:48,8.44
2026-01-27 23:33:49,8.79
2026-01-27 23:33:50,8.79
2026-01-27 23:33:51,8.79
2026-01-27 23:33:52,8.79
2026-01-27 23:33:53,8.79
2026-01-27 23:33:54,8.72
2026-01-27 23:33:55,8.72
2026-01-27 23:33:56,8.72
2026-01-27 23:33:57,8.72
2026-01-27 23:33:58,8.72
2026-01-27 23:33:59,9.20
2026-01-27 23:34:00,9.20
2026-01-27 23:34:01,9.20
2026-01-27 23:34:02,9.20
2026-01-27 23:34:03,9.20
2026-01-27 23:34:04,8.56
2026-01-27 23:34:05,8.56
2026-01-27 23:34:06,8.56
2026-01-27 23:34:07,8.56
2026-01-27 23:34:08,8.56
2026-01-27 23:34:09,8.87
2026-01-27 23:34:10,8.87
2026-01-27 23:34:11,8.87
2026-01-27 23:34:12,8.87
2026-01-27 23:34:13,8.87
2026-01-27 23:34:14,8.62
2026-01-27 23:34:15,8.62
2026-01-27 23:34:16,8.62
2026-01-27 23:34:17,8.62
2026-01-27 23:34:18,8.62
2026-01-27 23:34:19,9.67
2026-01-27 23:34:20,9.67
2026-01-27 23:34:21,9.67
2026-01-27 23:34:22,9.67
2026-01-27 23:34:23,9.67
2026-01-27 23:34:24,8.99
2026-01-27 23:34:25,8.99
2026-01-27 23:34:26,8.99
2026-01-27 23:34:27,8.99
2026-01-27 23:34:28,8.99
2026-01-27 23:34:29,9.23
2026-01-27 23:34:30,9.23
2026-01-27 23:34:31,9.23
2026-01-27 23:34:32,9.23
2026-01-27 23:34:33,9.23
2026-01-27 23:34:34,8.65
2026-01-27 23:34:35,8.65
2026-01-27 23:34:36,8.65
2026-01-27 23:34:37,8.65
2026-01-27 23:34:38,8.65
2026-01-27 23:34:39,8.95
2026-01-27 23:34:40,8.95
2026-01-27 23:34:41,8.95
2026-01-27 23:34:42,8.95
2026-01-27 23:34:43,8.95
2026-01-27 23:34:44,8.11
2026-01-27 23:34:45,8.11
2026-01-27 23:34:46,8.11
2026-01-27 23:34:47,8.11
2026-01-27 23:34:48,8.11
2026-01-27 23:34:49,8.56
2026-01-27 23:34:50,8.56
2026-01-27 23:34:51,8.56
2026-01-27 23:34:52,8.56
2026-01-27 23:34:53,8.56
2026-01-27 23:34:54,9.37
2026-01-27 23:34:55,9.37
2026-01-27 23:34:56,9.37
2026-01-27 23:34:57,9.37
2026-01-27 23:34:58,9.37
2026-01-27 23:34:59,9.47
2026-01-27 23:35:00,9.47
2026-01-27 23:35:01,9.47
2026-01-27 23:35:02,9.47
2026-01-27 23:35:03,9.47
2026-01-27 23:35:04,8.87
2026-01-27 23:35:05,8.87
2026-01-27 23:35:06,8.87
2026-01-27 23:35:07,8.87
2026-01-27 23:35:08,8.87
2026-01-27 23:35:09,9.36
2026-01-27 23:35:10,9.36
2026-01-27 23:35:11,9.36
2026-01-27 23:35:12,9.36
2026-01-27 23:35:13,9.36
2026-01-27 23:35:14,9.02
2026-01-27 23:35:15,9.02
2026-01-27 23:35:16,9.02
2026-01-27 23:35:17,9.02
2026-01-27 23:35:18,9.02
2026-01-27 23:35:19,9.96
2026-01-27 23:35:20,9.96
2026-01-27 23:35:21,9.96
2026-01-27 23:35:22,9.96
2026-01-27 23:35:23,9.96
2026-01-27 23:35:24,9.12
2026-01-27 23:35:25,9.12
2026-01-27 23:35:26,9.12
2026-01-27 23:35:27,9.12
2026-01-27 23:35:28,9.12
2026-01-27 23:35:29,9.83
2026-01-27 23:35:30,9.83
2026-01-27 23:35:31,9.83
2026-01-27 23:35:32,9.83
2026-01-27 23:35:33,9.83
2026-01-27 23:35:34,9.47
2026-01-27 23:35:35,9.47
2026-01-27 23:35:36,9.47
2026-01-27 23:35:37,9.47
2026-01-27 23:35:38,9.47
2026-01-27 23:35:39,9.57
2026-01-27 23:35:40,9.57
2026-01-27 23:35:41,9.57
2026-01-27 23:35:42,9.57
2026-01-27 23:35:43,9.57
2026-01-27 23:35:44,9.04
2026-01-27 23:35:45,9.04
2026-01-27 23:35:46,9.04
2026-01-27 23:35:47,9.04
2026-01-27 23:35:48,9.04
2026-01-27 23:35:49,9.47
2026-01-27 23:35:50,9.47
2026-01-27 23:35:51,9.47
2026-01-27 23:35:52,9.47
2026-01-27 23:35:53,9.47
2026-01-27 23:35:54,9.21
2026-01-27 23:35:55,9.21
2026-01-27 23:35:56,9.21
2026-01-27 23:35:57,9.21
2026-01-27 23:35:58,9.21
2026-01-27 23:35:59,9.45
2026-01-27 23:36:00,9.45
2026-01-27 23:36:01,9.45
2026-01-27 23:36:02,9.45
2026-01-27 23:36:03,9.45
2026-01-27 23:36:04,9.20
2026-01-27 23:36:05,9.20
2026-01-27 23:36:06,9.20
2026-01-27 23:36:07,9.20
2026-01-27 23:36:08,9.20
2026-01-27 23:36:09,9.65
2026-01-27 23:36:10,9.65
2026-01-27 23:36:11,9.65
2026-01-27 23:36:12,9.65
2026-01-27 23:36:13,9.65
2026-01-27 23:36:14,9.14
2026-01-27 23:36:15,9.14
2026-01-27 23:36:16,9.14
2026-01-27 23:36:17,9.14
2026-01-27 23:36:18,9.14
2026-01-27 23:36:19,10.1
2026-01-27 23:36:20,10.1
2026-01-27 23:36:21,10.1
2026-01-27 23:36:22,10.1
2026-01-27 23:36:23,10.1
2026-01-27 23:36:24,8.98
2026-01-27 23:36:25,8.98
2026-01-27 23:36:26,8.98
2026-01-27 23:36:27,8.98
2026-01-27 23:36:28,8.98
2026-01-27 23:36:29,9.41
2026-01-27 23:36:30,9.41
2026-01-27 23:36:31,9.41
2026-01-27 23:36:32,9.41
2026-01-27 23:36:33,9.41
2026-01-27 23:36:34,9.51
2026-01-27 23:36:35,9.51
2026-01-27 23:36:36,9.51
2026-01-27 23:36:37,9.51
2026-01-27 23:36:38,9.51
2026-01-27 23:36:39,9.51
2026-01-27 23:36:40,9.51
2026-01-27 23:36:41,9.51
2026-01-27 23:36:42,9.51
2026-01-27 23:36:43,9.51
2026-01-27 23:36:44,8.71
2026-01-27 23:36:45,8.71
2026-01-27 23:36:46,8.71
2026-01-27 23:36:47,8.71
2026-01-27 23:36:48,8.71
2026-01-27 23:36:49,9.40
2026-01-27 23:36:50,9.40
2026-01-27 23:36:51,9.40
2026-01-27 23:36:52,9.40
2026-01-27 23:36:53,9.40
2026-01-27 23:36:54,9.25
2026-01-27 23:36:55,9.25
2026-01-27 23:36:56,9.25
2026-01-27 23:36:57,9.25
2026-01-27 23:36:58,9.25
2026-01-27 23:36:59,9.61
2026-01-27 23:37:00,9.61
2026-01-27 23:37:01,9.61
2026-01-27 23:37:02,9.61
2026-01-27 23:37:03,9.61
2026-01-27 23:37:04,9.18
2026-01-27 23:37:05,9.18
2026-01-27 23:37:06,9.18
2026-01-27 23:37:07,9.18
2026-01-27 23:37:08,9.18
2026-01-27 23:37:09,0
2026-01-27 23:37:10,0
2026-01-27 23:37:11,0
2026-01-27 23:37:12,0
2026-01-27 23:37:13,0
2026-01-27 23:37:14,0
2026-01-27 23:37:15,0
2026-01-27 23:37:16,0
2026-01-27 23:37:17,0
2026-01-27 23:37:18,0
2026-01-27 23:37:19,0
2026-01-27 23:37:20,0
2026-01-27 23:37:21,0
2026-01-27 23:37:22,0
2026-01-27 23:37:23,0
2026-01-27 23:37:24,0
2026-01-27 23:37:25,0
2026-01-27 23:37:26,0
2026-01-27 23:37:27,0
2026-01-27 23:37:28,0
2026-01-27 23:37:29,0
2026-01-27 23:37:30,0
2026-01-27 23:37:31,0
2026-01-27 23:37:32,0
2026-01-27 23:37:33,0
2026-01-27 23:37:34,0
2026-01-27 23:37:35,0
2026-01-27 23:37:36,0
2026-01-27 23:37:37,0
2026-01-27 23:37:38,0
2026-01-27 23:37:39,0
2026-01-27 23:37:40,0
2026-01-27 23:37:41,0
2026-01-27 23:37:42,0
2026-01-27 23:37:43,0
2026-01-27 23:37:44,0
2026-01-27 23:37:45,0
2026-01-27 23:37:46,0
2026-01-27 23:37:47,0
2026-01-27 23:37:48,0
2026-01-27 23:37:49,0
2026-01-27 23:37:50,0
2026-01-27 23:37:51,0
2026-01-27 23:37:52,0
2026-01-27 23:37:53,0
2026-01-27 23:37:54,0
2026-01-27 23:37:55,0
2026-01-27 23:37:56,0
2026-01-27 23:37:57,0
2026-01-27 23:37:58,0
2026-01-27 23:37:59,0
2026-01-27 23:38:00,0
2026-01-27 23:38:01,0
2026-01-27 23:38:02,0
2026-01-27 23:38:03,0
2026-01-27 23:38:04,0
2026-01-27 23:38:05,0
2026-01-27 23:38:06,0
2026-01-27 23:38:07,0
2026-01-27 23:38:08,0
2026-01-27 23:38:09,0
2026-01-27 23:38:10,0
2026-01-27 23:38:11,0
2026-01-27 23:38:12,0
2026-01-27 23:38:13,0
2026-01-27 23:38:14,0
2026-01-27 23:38:15,0
2026-01-27 23:38:16,0
2026-01-27 23:38:17,0
2026-01-27 23:38:18,0
2026-01-27 23:38:19,0
2026-01-27 23:38:20,0
2026-01-27 23:38:21,0
2026-01-27 23:38:22,0
2026-01-27 23:38:23,0
2026-01-27 23:38:24,0
2026-01-27 23:38:25,0
2026-01-27 23:38:26,0
2026-01-27 23:38:27,0
2026-01-27 23:38:28,0
2026-01-27 23:38:29,0
2026-01-27 23:38:30,0
2026-01-27 23:38:31,0
2026-01-27 23:38:32,0
2026-01-27 23:38:33,0
2026-01-27 23:38:34,0
2026-01-27 23:38:35,0
2026-01-27 23:38:36,0
2026-01-27 23:38:37,0
2026-01-27 23:38:38,0
2026-01-27 23:38:39,0
2026-01-27 23:38:40,0
2026-01-27 23:38:41,0
2026-01-27 23:38:42,0
2026-01-27 23:38:43,0
2026-01-27 23:39:59,3.79
2026-01-27 23:40:00,3.79
2026-01-27 23:40:01,3.79
2026-01-27 23:40:02,3.79
2026-01-27 23:40:03,3.79
2026-01-27 23:40:04,5.67
2026-01-27 23:40:05,5.67
2026-01-27 23:40:06,5.67
2026-01-27 23:40:07,5.67
2026-01-27 23:40:08,5.67
2026-01-27 23:40:09,8.80
2026-01-27 23:40:10,8.80
2026-01-27 23:40:11,8.80
2026-01-27 23:40:12,8.80
2026-01-27 23:40:13,8.80
2026-01-27 23:40:14,5.19
2026-01-27 23:40:15,5.19
2026-01-27 23:40:16,5.19
2026-01-27 23:40:17,5.19
2026-01-27 23:40:18,5.19
2026-01-27 23:40:19,5.52
2026-01-27 23:40:20,5.52
2026-01-27 23:40:21,5.52
2026-01-27 23:40:22,5.52
2026-01-27 23:40:23,5.52
2026-01-27 23:40:24,4.91
2026-01-27 23:40:25,4.91
2026-01-27 23:40:26,4.91
2026-01-27 23:40:27,4.91
2026-01-27 23:40:28,4.91
2026-01-27 23:40:29,6.09
2026-01-27 23:40:30,6.09
2026-01-27 23:40:31,6.09
2026-01-27 23:40:32,6.09
2026-01-27 23:40:33,6.09
2026-01-27 23:40:34,7.03
2026-01-27 23:40:35,7.03
2026-01-27 23:40:36,7.03
2026-01-27 23:40:37,7.03
2026-01-27 23:40:38,7.03
2026-01-27 23:40:39,7.48
2026-01-27 23:40:40,7.48
2026-01-27 23:40:41,7.48
2026-01-27 23:40:42,7.48
2026-01-27 23:40:43,7.48
2026-01-27 23:40:44,7.02
2026-01-27 23:40:45,7.02
2026-01-27 23:40:46,7.02
2026-01-27 23:40:47,7.02
2026-01-27 23:40:48,7.02
2026-01-27 23:40:49,7.34
2026-01-27 23:40:50,7.34
2026-01-27 23:40:51,7.34
2026-01-27 23:40:52,7.34
2026-01-27 23:40:53,7.34
2026-01-27 23:40:54,7.48
2026-01-27 23:40:55,7.48
2026-01-27 23:40:56,7.48
2026-01-27 23:40:57,7.48
2026-01-27 23:40:58,7.48
2026-01-27 23:40:59,7.93
2026-01-27 23:41:00,7.93
2026-01-27 23:41:01,7.93
2026-01-27 23:41:02,7.93
2026-01-27 23:41:03,7.93
2026-01-27 23:41:04,6.44
2026-01-27 23:41:05,6.44
2026-01-27 23:41:06,6.44
2026-01-27 23:41:07,6.44
2026-01-27 23:41:08,6.44
2026-01-27 23:41:09,8.10
2026-01-27 23:41:10,8.10
2026-01-27 23:41:11,8.10
2026-01-27 23:41:12,8.10
2026-01-27 23:41:13,8.10
2026-01-27 23:41:14,7.82
2026-01-27 23:41:15,7.82
2026-01-27 23:41:16,7.82
2026-01-27 23:41:17,7.82
2026-01-27 23:41:18,7.82
2026-01-27 23:41:19,8.55
2026-01-27 23:41:20,8.55
2026-01-27 23:41:21,8.55
2026-01-27 23:41:22,8.55
2026-01-27 23:41:23,8.55
2026-01-27 23:41:24,7.58
2026-01-27 23:41:25,7.58
2026-01-27 23:41:26,7.58
2026-01-27 23:41:27,7.58
2026-01-27 23:41:28,7.58
2026-01-27 23:41:29,7.94
2026-01-27 23:41:30,7.94
2026-01-27 23:41:31,7.94
2026-01-27 23:41:32,7.94
2026-01-27 23:41:33,7.94
2026-01-27 23:41:34,7.91
2026-01-27 23:41:35,7.91
2026-01-27 23:41:36,7.91
2026-01-27 23:41:37,7.91
2026-01-27 23:41:38,7.91
2026-01-27 23:41:39,8.28
2026-01-27 23:41:40,8.28
2026-01-27 23:41:41,8.28
2026-01-27 23:41:42,8.28
2026-01-27 23:41:43,8.28
2026-01-27 23:41:44,7.54
2026-01-27 23:41:45,7.54
2026-01-27 23:41:46,7.54
2026-01-27 23:41:47,7.54
2026-01-27 23:41:48,7.54
2026-01-27 23:41:49,9.14
2026-01-27 23:41:50,9.14
2026-01-27 23:41:51,9.14
2026-01-27 23:41:52,9.14
2026-01-27 23:41:53,9.14
2026-01-27 23:41:54,8.64
2026-01-27 23:41:55,8.64
2026-01-27 23:41:56,8.64
2026-01-27 23:41:57,8.64
2026-01-27 23:41:58,8.64
2026-01-27 23:41:59,9.02
2026-01-27 23:42:00,9.02
2026-01-27 23:42:01,9.02
2026-01-27 23:42:02,9.02
2026-01-27 23:42:03,9.02
2026-01-27 23:42:04,9.16
2026-01-27 23:42:05,9.16
2026-01-27 23:42:06,9.16
2026-01-27 23:42:07,9.16
2026-01-27 23:42:08,9.16
2026-01-27 23:42:09,9.55
2026-01-27 23:42:10,9.55
2026-01-27 23:42:11,9.55
2026-01-27 23:42:12,9.55
2026-01-27 23:42:13,9.55
2026-01-27 23:42:14,8.59
2026-01-27 23:42:15,8.59
2026-01-27 23:42:16,8.59
2026-01-27 23:42:17,8.59
2026-01-27 23:42:18,8.59
2026-01-27 23:42:19,9.50
2026-01-27 23:42:20,9.50
2026-01-27 23:42:21,9.50
2026-01-27 23:42:22,9.50
2026-01-27 23:42:23,9.50
2026-01-27 23:42:24,8.43
2026-01-27 23:42:25,8.43
2026-01-27 23:42:26,8.43
2026-01-27 23:42:27,8.43
2026-01-27 23:42:28,8.43
2026-01-27 23:42:29,8.76
2026-01-27 23:42:30,8.76
2026-01-27 23:42:31,8.76
2026-01-27 23:42:32,8.76
2026-01-27 23:42:33,8.76
2026-01-27 23:42:34,8.80
2026-01-27 23:42:35,8.80
2026-01-27 23:42:36,8.80
2026-01-27 23:42:37,8.80
2026-01-27 23:42:38,8.80
2026-01-27 23:42:39,9.26
2026-01-27 23:42:40,9.26
2026-01-27 23:42:41,9.26
2026-01-27 23:42:42,9.26
2026-01-27 23:42:43,9.26
2026-01-27 23:42:44,8.38
2026-01-27 23:42:45,8.38
2026-01-27 23:42:46,8.38
2026-01-27 23:42:47,8.38
2026-01-27 23:42:48,8.38
2026-01-27 23:42:49,8.83
2026-01-27 23:42:50,8.83
2026-01-27 23:42:51,8.83
2026-01-27 23:42:52,8.83
2026-01-27 23:42:53,8.83
2026-01-27 23:42:54,8.65
2026-01-27 23:42:55,8.65
2026-01-27 23:42:56,8.65
2026-01-27 23:42:57,8.65
2026-01-27 23:42:58,8.65
2026-01-27 23:42:59,8.90
2026-01-27 23:43:00,8.90
2026-01-27 23:43:01,8.90
2026-01-27 23:43:02,8.90
2026-01-27 23:43:03,8.90
2026-01-27 23:43:04,8.72
2026-01-27 23:43:05,8.72
2026-01-27 23:43:06,8.72
2026-01-27 23:43:07,8.72
2026-01-27 23:43:08,8.72
2026-01-27 23:43:09,9.27
2026-01-27 23:43:10,9.27
2026-01-27 23:43:11,9.27
2026-01-27 23:43:12,9.27
2026-01-27 23:43:13,9.27
2026-01-27 23:43:14,8.67
2026-01-27 23:43:15,8.67
2026-01-27 23:43:16,8.67
2026-01-27 23:43:17,8.67
2026-01-27 23:43:18,8.67
2026-01-27 23:43:19,9.59
2026-01-27 23:43:20,9.59
2026-01-27 23:43:21,9.59
2026-01-27 23:43:22,9.59
2026-01-27 23:43:23,9.59
2026-01-27 23:43:24,8.43
2026-01-27 23:43:25,8.43
2026-01-27 23:43:26,8.43
2026-01-27 23:43:27,8.43
2026-01-27 23:43:28,8.43
2026-01-27 23:43:29,8.83
2026-01-27 23:43:30,8.83
2026-01-27 23:43:31,8.83
2026-01-27 23:43:32,8.83
2026-01-27 23:43:33,8.83
2026-01-27 23:43:34,8.60
2026-01-27 23:43:35,8.60
2026-01-27 23:43:36,8.60
2026-01-27 23:43:37,8.60
2026-01-27 23:43:38,8.60
2026-01-27 23:43:39,8.90
2026-01-27 23:43:40,8.90
2026-01-27 23:43:41,8.90
2026-01-27 23:43:42,8.90
2026-01-27 23:43:43,8.90
2026-01-27 23:43:44,8.65
2026-01-27 23:43:45,8.65
2026-01-27 23:43:46,8.65
2026-01-27 23:43:47,8.65
2026-01-27 23:43:48,8.65
2026-01-27 23:43:49,9.09
2026-01-27 23:43:50,9.09
2026-01-27 23:43:51,9.09
2026-01-27 23:43:52,9.09
2026-01-27 23:43:53,9.09
2026-01-27 23:43:54,8.67
2026-01-27 23:43:55,8.67
2026-01-27 23:43:56,8.67
2026-01-27 23:43:57,8.67
2026-01-27 23:43:58,8.67
2026-01-27 23:43:59,9.00
2026-01-27 23:44:00,9.00
2026-01-27 23:44:01,9.00
2026-01-27 23:44:02,9.00
2026-01-27 23:44:03,9.00
2026-01-27 23:44:04,8.48
2026-01-27 23:44:05,8.48
2026-01-27 23:44:06,8.48
2026-01-27 23:44:07,8.48
2026-01-27 23:44:08,8.48
2026-01-27 23:44:09,8.70
2026-01-27 23:44:10,8.70
2026-01-27 23:44:11,8.70
2026-01-27 23:44:12,8.70
2026-01-27 23:44:13,8.70
2026-01-27 23:44:14,9.75
2026-01-27 23:44:15,9.75
2026-01-27 23:44:16,9.75
2026-01-27 23:44:17,9.75
2026-01-27 23:44:18,9.75
2026-01-27 23:44:19,9.84
2026-01-27 23:44:20,9.84
2026-01-27 23:44:21,9.84
2026-01-27 23:44:22,9.84
2026-01-27 23:44:23,9.84
2026-01-27 23:44:24,8.98
2026-01-27 23:44:25,8.98
2026-01-27 23:44:26,8.98
2026-01-27 23:44:27,8.98
2026-01-27 23:44:28,8.98
2026-01-27 23:44:29,9.29
2026-01-27 23:44:30,9.29
2026-01-27 23:44:31,9.29
2026-01-27 23:44:32,9.29
2026-01-27 23:44:33,9.29
2026-01-27 23:44:34,9.12
2026-01-27 23:44:35,9.12
2026-01-27 23:44:36,9.12
2026-01-27 23:44:37,9.12
2026-01-27 23:44:38,9.12
2026-01-27 23:44:39,9.37
2026-01-27 23:44:40,9.37
2026-01-27 23:44:41,9.37
2026-01-27 23:44:42,9.37
2026-01-27 23:44:43,9.37
2026-01-27 23:44:44,9.03
2026-01-27 23:44:45,9.03
2026-01-27 23:44:46,9.03
2026-01-27 23:44:47,9.03
2026-01-27 23:44:48,9.03
2026-01-27 23:44:49,0
2026-01-27 23:44:50,0
2026-01-27 23:44:51,0
2026-01-27 23:44:52,0
2026-01-27 23:44:53,0
2026-01-27 23:44:54,0
2026-01-27 23:44:55,0
2026-01-27 23:44:56,0
2026-01-27 23:44:57,0
2026-01-27 23:44:58,0
2026-01-27 23:44:59,0
2026-01-27 23:45:00,0
2026-01-27 23:45:01,0
2026-01-27 23:45:02,0
2026-01-27 23:45:03,0
2026-01-27 23:45:04,0
2026-01-27 23:45:05,0
2026-01-27 23:45:06,0
2026-01-27 23:45:07,0
2026-01-27 23:45:08,0
2026-01-27 23:45:09,0
2026-01-27 23:45:10,0
2026-01-27 23:45:11,0
2026-01-27 23:45:12,0
2026-01-27 23:45:13,0
2026-01-27 23:45:14,0
2026-01-27 23:45:15,0
2026-01-27 23:45:16,0
2026-01-27 23:45:17,0
2026-01-27 23:45:18,0
2026-01-27 23:45:19,0
2026-01-27 23:45:20,0
2026-01-27 23:45:21,0
2026-01-27 23:45:22,0
2026-01-27 23:45:23,0
2026-01-27 23:45:24,0
2026-01-27 23:45:25,0
2026-01-27 23:45:26,0
2026-01-27 23:45:27,0
2026-01-27 23:45:28,0
2026-01-27 23:45:29,0
2026-01-27 23:45:30,0
2026-01-27 23:45:31,0
2026-01-27 23:45:32,0
2026-01-27 23:45:33,0
2026-01-27 23:45:34,0
2026-01-27 23:45:35,0
2026-01-27 23:45:36,0
2026-01-27 23:45:37,0
2026-01-27 23:45:38,0
2026-01-27 23:45:39,0
2026-01-27 23:45:40,0
2026-01-27 23:45:41,0
2026-01-27 23:45:42,0
2026-01-27 23:45:43,0
2026-01-27 23:45:44,0
2026-01-27 23:45:45,0
2026-01-27 23:45:46,0
2026-01-27 23:45:47,0
2026-01-27 23:45:48,0
2026-01-27 23:45:49,0
2026-01-27 23:45:50,0
2026-01-27 23:45:51,0
2026-01-27 23:45:52,0
2026-01-27 23:45:53,0
2026-01-27 23:45:54,0
2026-01-27 23:45:55,0
2026-01-27 23:45:56,0
2026-01-27 23:45:57,0
2026-01-27 23:45:58,0
2026-01-27 23:45:59,0
2026-01-27 23:46:00,0
2026-01-27 23:46:01,0
2026-01-27 23:46:02,0
2026-01-27 23:46:03,0
2026-01-27 23:46:04,0
2026-01-27 23:46:05,0
2026-01-27 23:46:06,0
2026-01-27 23:46:07,0
2026-01-27 23:46:08,0
2026-01-27 23:46:09,0
2026-01-27 23:46:10,0
2026-01-27 23:46:11,0
2026-01-27 23:46:12,0
2026-01-27 23:46:13,0
2026-01-27 23:46:14,0
2026-01-27 23:46:15,0
2026-01-27 23:46:16,0
2026-01-27 23:46:17,0
2026-01-27 23:46:18,0
2026-01-27 23:46:19,0
2026-01-27 23:46:20,0
2026-01-27 23:46:21,0
2026-01-27 23:46:22,0
2026-01-27 23:46:23,0
2026-01-27 23:49:09,2.40
2026-01-27 23:49:10,2.40
2026-01-27 23:49:11,2.40
2026-01-27 23:49:12,2.40
2026-01-27 23:49:13,2.40
2026-01-27 23:49:14,6.90
2026-01-27 23:49:15,6.90
2026-01-27 23:49:16,6.90
2026-01-27 23:49:17,6.90
2026-01-27 23:49:18,6.90
2026-01-27 23:49:19,10.5
2026-01-27 23:49:20,10.5
2026-01-27 23:49:21,10.5
2026-01-27 23:49:22,10.5
2026-01-27 23:49:23,10.5
2026-01-27 23:49:24,7.67
2026-01-27 23:49:25,7.67
2026-01-27 23:49:26,7.67
2026-01-27 23:49:27,7.67
2026-01-27 23:49:28,7.67
2026-01-27 23:49:29,5.78
2026-01-27 23:49:30,5.78
2026-01-27 23:49:31,5.78
2026-01-27 23:49:32,5.78
2026-01-27 23:49:33,5.78
2026-01-27 23:49:34,5.99
2026-01-27 23:49:35,5.99
2026-01-27 23:49:36,5.99
2026-01-27 23:49:37,5.99
2026-01-27 23:49:38,5.99
2026-01-27 23:49:39,6.72
2026-01-27 23:49:40,6.72
2026-01-27 23:49:41,6.72
2026-01-27 23:49:42,6.72
2026-01-27 23:49:43,6.72
2026-01-27 23:49:44,5.92
2026-01-27 23:49:45,5.92
2026-01-27 23:49:46,5.92
2026-01-27 23:49:47,5.92
2026-01-27 23:49:48,5.92
2026-01-27 23:49:49,6.06
2026-01-27 23:49:50,6.06
2026-01-27 23:49:51,6.06
2026-01-27 23:49:52,6.06
2026-01-27 23:49:53,6.06
2026-01-27 23:49:54,5.55
2026-01-27 23:49:55,5.55
2026-01-27 23:49:56,5.55
2026-01-27 23:49:57,5.55
2026-01-27 23:49:58,5.55
2026-01-27 23:49:59,5.96
2026-01-27 23:50:00,5.96
2026-01-27 23:50:01,5.96
2026-01-27 23:50:02,5.96
2026-01-27 23:50:03,5.96
2026-01-27 23:50:04,5.63
2026-01-27 23:50:05,5.63
2026-01-27 23:50:06,5.63
2026-01-27 23:50:07,5.63
2026-01-27 23:50:08,5.63
2026-01-27 23:50:09,5.71
2026-01-27 23:50:10,5.71
2026-01-27 23:50:11,5.71
2026-01-27 23:50:12,5.71
2026-01-27 23:50:13,5.71
2026-01-27 23:50:14,7.10
2026-01-27 23:50:15,7.10
2026-01-27 23:50:16,7.10
2026-01-27 23:50:17,7.10
2026-01-27 23:50:18,7.10
2026-01-27 23:50:19,8.12
2026-01-27 23:50:20,8.12
2026-01-27 23:50:21,8.12
2026-01-27 23:50:22,8.12
2026-01-27 23:50:23,8.12
2026-01-27 23:50:24,6.78
2026-01-27 23:50:25,6.78
2026-01-27 23:50:26,6.78
2026-01-27 23:50:27,6.78
2026-01-27 23:50:28,6.78
2026-01-27 23:50:29,7.13
2026-01-27 23:50:30,7.13
2026-01-27 23:50:31,7.13
2026-01-27 23:50:32,7.13
2026-01-27 23:50:33,7.13
2026-01-27 23:50:34,6.32
2026-01-27 23:50:35,6.32
2026-01-27 23:50:36,6.32
2026-01-27 23:50:37,6.32
2026-01-27 23:50:38,6.32
2026-01-27 23:50:39,7.14
2026-01-27 23:50:40,7.14
2026-01-27 23:50:41,7.14
2026-01-27 23:50:42,7.14
2026-01-27 23:50:43,7.14
2026-01-27 23:50:44,8.02
2026-01-27 23:50:45,8.02
2026-01-27 23:50:46,8.02
2026-01-27 23:50:47,8.02
2026-01-27 23:50:48,8.02
2026-01-27 23:50:49,8.49
2026-01-27 23:50:50,8.49
2026-01-27 23:50:51,8.49
2026-01-27 23:50:52,8.49
2026-01-27 23:50:53,8.49
2026-01-27 23:50:54,7.33
2026-01-27 23:50:55,7.33
2026-01-27 23:50:56,7.33
2026-01-27 23:50:57,7.33
2026-01-27 23:50:58,7.33
2026-01-27 23:50:59,9.40
2026-01-27 23:51:00,9.40
2026-01-27 23:51:01,9.40
2026-01-27 23:51:02,9.40
2026-01-27 23:51:03,9.40
2026-01-27 23:51:04,8.51
2026-01-27 23:51:05,8.51
2026-01-27 23:51:06,8.51
2026-01-27 23:51:07,8.51
2026-01-27 23:51:08,8.51
2026-01-27 23:51:09,8.88
2026-01-27 23:51:10,8.88
2026-01-27 23:51:11,8.88
2026-01-27 23:51:12,8.88
2026-01-27 23:51:13,8.88
2026-01-27 23:51:14,8.56
2026-01-27 23:51:15,8.56
2026-01-27 23:51:16,8.56
2026-01-27 23:51:17,8.56
2026-01-27 23:51:18,8.56
2026-01-27 23:51:19,9.40
2026-01-27 23:51:20,9.40
2026-01-27 23:51:21,9.40
2026-01-27 23:51:22,9.40
2026-01-27 23:51:23,9.40
2026-01-27 23:51:24,8.58
2026-01-27 23:51:25,8.58
2026-01-27 23:51:26,8.58
2026-01-27 23:51:27,8.58
2026-01-27 23:51:28,8.58
2026-01-27 23:51:29,9.12
2026-01-27 23:51:30,9.12
2026-01-27 23:51:31,9.12
2026-01-27 23:51:32,9.12
2026-01-27 23:51:33,9.12
2026-01-27 23:51:34,8.68
2026-01-27 23:51:35,8.68
2026-01-27 23:51:36,8.68
2026-01-27 23:51:37,8.68
2026-01-27 23:51:38,8.68
2026-01-27 23:51:39,9.02
2026-01-27 23:51:40,9.02
2026-01-27 23:51:41,9.02
2026-01-27 23:51:42,9.02
2026-01-27 23:51:43,9.02
2026-01-27 23:51:44,8.45
2026-01-27 23:51:45,8.45
2026-01-27 23:51:46,8.45
2026-01-27 23:51:47,8.45
2026-01-27 23:51:48,8.45
2026-01-27 23:51:49,8.92
2026-01-27 23:51:50,8.92
2026-01-27 23:51:51,8.92
2026-01-27 23:51:52,8.92
2026-01-27 23:51:53,8.92
2026-01-27 23:51:54,9.23
2026-01-27 23:51:55,9.23
2026-01-27 23:51:56,9.23
2026-01-27 23:51:57,9.23
2026-01-27 23:51:58,9.23
2026-01-27 23:51:59,9.28
2026-01-27 23:52:00,9.28
2026-01-27 23:52:01,9.28
2026-01-27 23:52:02,9.28
2026-01-27 23:52:03,9.28
2026-01-27 23:52:04,8.52
2026-01-27 23:52:05,8.52
2026-01-27 23:52:06,8.52
2026-01-27 23:52:07,8.52
2026-01-27 23:52:08,8.52
2026-01-27 23:52:09,9.76
2026-01-27 23:52:10,9.76
2026-01-27 23:52:11,9.76
2026-01-27 23:52:12,9.76
2026-01-27 23:52:13,9.76
2026-01-27 23:52:14,7.87
2026-01-27 23:52:15,7.87
2026-01-27 23:52:16,7.87
2026-01-27 23:52:17,7.87
2026-01-27 23:52:18,7.87
2026-01-27 23:52:19,8.56
2026-01-27 23:52:20,8.56
2026-01-27 23:52:21,8.56
2026-01-27 23:52:22,8.56
2026-01-27 23:52:23,8.56
2026-01-27 23:52:24,7.81
2026-01-27 23:52:25,7.81
2026-01-27 23:52:26,7.81
2026-01-27 23:52:27,7.81
2026-01-27 23:52:28,7.81
2026-01-27 23:52:29,8.24
2026-01-27 23:52:30,8.24
2026-01-27 23:52:31,8.24
2026-01-27 23:52:32,8.24
2026-01-27 23:52:33,8.24
2026-01-27 23:52:34,7.84
2026-01-27 23:52:35,7.84
2026-01-27 23:52:36,7.84
2026-01-27 23:52:37,7.84
2026-01-27 23:52:38,7.84
2026-01-27 23:52:39,8.18
2026-01-27 23:52:40,8.18
2026-01-27 23:52:41,8.18
2026-01-27 23:52:42,8.18
2026-01-27 23:52:43,8.18
2026-01-27 23:52:44,7.62
2026-01-27 23:52:45,7.62
2026-01-27 23:52:46,7.62
2026-01-27 23:52:47,7.62
2026-01-27 23:52:48,7.62
2026-01-27 23:52:49,7.99
2026-01-27 23:52:50,7.99
2026-01-27 23:52:51,7.99
2026-01-27 23:52:52,7.99
2026-01-27 23:52:53,7.99
2026-01-27 23:52:54,8.00
2026-01-27 23:52:55,8.00
2026-01-27 23:52:56,8.00
2026-01-27 23:52:57,8.00
2026-01-27 23:52:58,8.00
2026-01-27 23:52:59,8.71
2026-01-27 23:53:00,8.71
2026-01-27 23:53:01,8.71
2026-01-27 23:53:02,8.71
2026-01-27 23:53:03,8.71
2026-01-27 23:53:04,8.10
2026-01-27 23:53:05,8.10
2026-01-27 23:53:06,8.10
2026-01-27 23:53:07,8.10
2026-01-27 23:53:08,8.10
2026-01-27 23:53:09,8.07
2026-01-27 23:53:10,8.07
2026-01-27 23:53:11,8.07
2026-01-27 23:53:12,8.07
2026-01-27 23:53:13,8.07
2026-01-27 23:53:14,7.69
2026-01-27 23:53:15,7.69
2026-01-27 23:53:16,7.69
2026-01-27 23:53:17,7.69
2026-01-27 23:53:18,7.69
2026-01-27 23:53:19,9.49
2026-01-27 23:53:20,9.49
2026-01-27 23:53:21,9.49
2026-01-27 23:53:22,9.49
2026-01-27 23:53:23,9.49
2026-01-27 23:53:24,6.86
2026-01-27 23:53:25,6.86
2026-01-27 23:53:26,6.86
2026-01-27 23:53:27,6.86
2026-01-27 23:53:28,6.86
2026-01-27 23:53:29,6.65
2026-01-27 23:53:30,6.65
2026-01-27 23:53:31,6.65
2026-01-27 23:53:32,6.65
2026-01-27 23:53:33,6.65
2026-01-27 23:53:34,7.94
2026-01-27 23:53:35,7.94
2026-01-27 23:53:36,7.94
2026-01-27 23:53:37,7.94
2026-01-27 23:53:38,7.94
2026-01-27 23:53:39,8.58
2026-01-27 23:53:40,8.58
2026-01-27 23:53:41,8.58
2026-01-27 23:53:42,8.58
2026-01-27 23:53:43,8.58
2026-01-27 23:53:44,8.22
2026-01-27 23:53:45,8.22
2026-01-27 23:53:46,8.22
2026-01-27 23:53:47,8.22
2026-01-27 23:53:48,8.22
2026-01-27 23:53:49,9.18
2026-01-27 23:53:50,9.18
2026-01-27 23:53:51,9.18
2026-01-27 23:53:52,9.18
2026-01-27 23:53:53,9.18
2026-01-27 23:53:54,8.74
2026-01-27 23:53:55,8.74
2026-01-27 23:53:56,8.74
2026-01-27 23:53:57,8.74
2026-01-27 23:53:58,8.74
2026-01-27 23:53:59,0
2026-01-27 23:54:00,0
2026-01-27 23:54:01,0
2026-01-27 23:54:02,0
2026-01-27 23:54:03,0
2026-01-27 23:54:04,0
2026-01-27 23:54:05,0
2026-01-27 23:54:06,0
2026-01-27 23:54:07,0
2026-01-27 23:54:08,0
2026-01-27 23:54:09,0
2026-01-27 23:54:10,0
2026-01-27 23:54:11,0
2026-01-27 23:54:12,0
2026-01-27 23:54:13,0
2026-01-27 23:54:14,0
2026-01-27 23:54:15,0
2026-01-27 23:54:16,0
2026-01-27 23:54:17,0
2026-01-27 23:54:18,0
2026-01-27 23:54:19,0
2026-01-27 23:54:20,0
2026-01-27 23:54:21,0
2026-01-27 23:54:22,0
2026-01-27 23:54:23,0
2026-01-27 23:54:24,0
2026-01-27 23:54:25,0
2026-01-27 23:54:26,0
2026-01-27 23:54:27,0
2026-01-27 23:54:28,0
2026-01-27 23:54:29,0
2026-01-27 23:54:30,0
2026-01-27 23:54:31,0
2026-01-27 23:54:32,0
2026-01-27 23:54:33,0
2026-01-27 23:54:34,0
2026-01-27 23:54:35,0
2026-01-27 23:54:36,0
2026-01-27 23:54:37,0
2026-01-27 23:54:38,0
2026-01-27 23:54:39,0
2026-01-27 23:54:40,0
2026-01-27 23:54:41,0
2026-01-27 23:54:42,0
2026-01-27 23:54:43,0
2026-01-27 23:54:44,0
2026-01-27 23:54:45,0
2026-01-27 23:54:46,0
2026-01-27 23:54:47,0
2026-01-27 23:54:48,0
2026-01-27 23:54:49,0
2026-01-27 23:54:50,0
2026-01-27 23:54:51,0
2026-01-27 23:54:52,0
2026-01-27 23:54:53,0
2026-01-27 23:54:54,0
2026-01-27 23:54:55,0
2026-01-27 23:54:56,0
2026-01-27 23:54:57,0
2026-01-27 23:54:58,0
2026-01-27 23:54:59,0
2026-01-27 23:55:00,0
2026-01-27 23:55:01,0
2026-01-27 23:55:02,0
2026-01-27 23:55:03,0
2026-01-27 23:55:04,0
2026-01-27 23:55:05,0
2026-01-27 23:55:06,0
2026-01-27 23:55:07,0
2026-01-27 23:55:08,0
2026-01-27 23:55:09,0
2026-01-27 23:55:10,0
2026-01-27 23:55:11,0
2026-01-27 23:55:12,0
2026-01-27 23:55:13,0
2026-01-27 23:55:14,0
2026-01-27 23:55:15,0
2026-01-27 23:55:16,0
2026-01-27 23:55:17,0
2026-01-27 23:55:18,0
2026-01-27 23:55:19,0
2026-01-27 23:55:20,0
2026-01-27 23:55:21,0
2026-01-27 23:55:22,0
2026-01-27 23:55:23,0
2026-01-27 23:55:24,0
2026-01-27 23:55:25,0
2026-01-27 23:55:26,0
2026-01-27 23:55:27,0
2026-01-27 23:55:28,0
2026-01-27 23:55:29,0
2026-01-27 23:55:30,0
2026-01-27 23:55:31,0
2026-01-27 23:55:32,0
2026-01-27 23:55:33,0
2026-01-27 23:59:24,6.82
2026-01-27 23:59:25,6.82
2026-01-27 23:59:26,6.82
2026-01-27 23:59:27,6.82
2026-01-27 23:59:28,6.82
2026-01-27 23:59:29,8.85
2026-01-27 23:59:30,8.85
2026-01-27 23:59:31,8.85
2026-01-27 23:59:32,8.85
2026-01-27 23:59:33,8.85
2026-01-27 23:59:34,8.32
2026-01-27 23:59:35,8.32
2026-01-27 23:59:36,8.32
2026-01-27 23:59:37,8.32
2026-01-27 23:59:38,8.32
2026-01-27 23:59:39,8.04
2026-01-27 23:59:40,8.04
2026-01-27 23:59:41,8.04
2026-01-27 23:59:42,8.04
2026-01-27 23:59:43,8.04
2026-01-27 23:59:44,7.50
2026-01-27 23:59:45,7.50
2026-01-27 23:59:46,7.50
2026-01-27 23:59:47,7.50
2026-01-27 23:59:48,7.50
2026-01-27 23:59:49,7.86
2026-01-27 23:59:50,7.86
2026-01-27 23:59:51,7.86
2026-01-27 23:59:52,7.86
2026-01-27 23:59:53,7.86
2026-01-27 23:59:54,7.38
2026-01-27 23:59:55,7.38
2026-01-27 23:59:56,7.38
2026-01-27 23:59:57,7.38
2026-01-27 23:59:58,7.38
2026-01-27 23:59:59,8.51
2026-01-28 00:00:00,8.51
2026-01-28 00:00:01,8.51
2026-01-28 00:00:02,8.51
2026-01-28 00:00:03,8.51
2026-01-28 00:00:04,8.96
2026-01-28 00:00:05,8.96
2026-01-28 00:00:06,8.96
2026-01-28 00:00:07,8.96
2026-01-28 00:00:08,8.96
2026-01-28 00:00:09,8.88
2026-01-28 00:00:10,8.88
2026-01-28 00:00:11,8.88
2026-01-28 00:00:12,8.88
2026-01-28 00:00:13,8.88
2026-01-28 00:00:14,8.42
2026-01-28 00:00:15,8.42
2026-01-28 00:00:16,8.42
2026-01-28 00:00:17,8.42
2026-01-28 00:00:18,8.42
2026-01-28 00:00:19,9.55
2026-01-28 00:00:20,9.55
2026-01-28 00:00:21,9.55
2026-01-28 00:00:22,9.55
2026-01-28 00:00:23,9.55
2026-01-28 00:00:24,8.69
2026-01-28 00:00:25,8.69
2026-01-28 00:00:26,8.69
2026-01-28 00:00:27,8.69
2026-01-28 00:00:28,8.69
2026-01-28 00:00:29,8.92
2026-01-28 00:00:30,8.92
2026-01-28 00:00:31,8.92
2026-01-28 00:00:32,8.92
2026-01-28 00:00:33,8.92
2026-01-28 00:00:34,9.19
2026-01-28 00:00:35,9.19
2026-01-28 00:00:36,9.19
2026-01-28 00:00:37,9.19
2026-01-28 00:00:38,9.19
2026-01-28 00:00:39,9.39
2026-01-28 00:00:40,9.39
2026-01-28 00:00:41,9.39
2026-01-28 00:00:42,9.39
2026-01-28 00:00:43,9.39
2026-01-28 00:00:44,8.46
2026-01-28 00:00:45,8.46
2026-01-28 00:00:46,8.46
2026-01-28 00:00:47,8.46
2026-01-28 00:00:48,8.46
2026-01-28 00:00:49,8.87
2026-01-28 00:00:50,8.87
2026-01-28 00:00:51,8.87
2026-01-28 00:00:52,8.87
2026-01-28 00:00:53,8.87
2026-01-28 00:00:54,8.64
2026-01-28 00:00:55,8.64
2026-01-28 00:00:56,8.64
2026-01-28 00:00:57,8.64
2026-01-28 00:00:58,8.64
2026-01-28 00:00:59,9.02
2026-01-28 00:01:00,9.02
2026-01-28 00:01:01,9.02
2026-01-28 00:01:02,9.02
2026-01-28 00:01:03,9.02
2026-01-28 00:01:04,8.58
2026-01-28 00:01:05,8.58
2026-01-28 00:01:06,8.58
2026-01-28 00:01:07,8.58
2026-01-28 00:01:08,8.58
2026-01-28 00:01:09,8.76
2026-01-28 00:01:10,8.76
2026-01-28 00:01:11,8.76
2026-01-28 00:01:12,8.76
2026-01-28 00:01:13,8.76
2026-01-28 00:01:14,8.45
2026-01-28 00:01:15,8.45
2026-01-28 00:01:16,8.45
2026-01-28 00:01:17,8.45
2026-01-28 00:01:18,8.45
2026-01-28 00:01:19,9.23
2026-01-28 00:01:20,9.23
2026-01-28 00:01:21,9.23
2026-01-28 00:01:22,9.23
2026-01-28 00:01:23,9.23
2026-01-28 00:01:24,8.73
2026-01-28 00:01:25,8.73
2026-01-28 00:01:26,8.73
2026-01-28 00:01:27,8.73
2026-01-28 00:01:28,8.73
2026-01-28 00:01:29,8.78
2026-01-28 00:01:30,8.78
2026-01-28 00:01:31,8.78
2026-01-28 00:01:32,8.78
2026-01-28 00:01:33,8.78
2026-01-28 00:01:34,8.67
2026-01-28 00:01:35,8.67
2026-01-28 00:01:36,8.67
2026-01-28 00:01:37,8.67
2026-01-28 00:01:38,8.67
2026-01-28 00:01:39,9.13
2026-01-28 00:01:40,9.13
2026-01-28 00:01:41,9.13
2026-01-28 00:01:42,9.13
2026-01-28 00:01:43,9.13
2026-01-28 00:01:44,8.92
2026-01-28 00:01:45,8.92
2026-01-28 00:01:46,8.92
2026-01-28 00:01:47,8.92
2026-01-28 00:01:48,8.92
2026-01-28 00:01:49,9.19
2026-01-28 00:01:50,9.19
2026-01-28 00:01:51,9.19
2026-01-28 00:01:52,9.19
2026-01-28 00:01:53,9.19
2026-01-28 00:01:54,8.65
2026-01-28 00:01:55,8.65
2026-01-28 00:01:56,8.65
2026-01-28 00:01:57,8.65
2026-01-28 00:01:58,8.65
2026-01-28 00:01:59,8.93
2026-01-28 00:02:00,8.93
2026-01-28 00:02:01,8.93
2026-01-28 00:02:02,8.93
2026-01-28 00:02:03,8.93
2026-01-28 00:02:04,8.58
2026-01-28 00:02:05,8.58
2026-01-28 00:02:06,8.58
2026-01-28 00:02:07,8.58
2026-01-28 00:02:08,8.58
2026-01-28 00:02:09,8.84
2026-01-28 00:02:10,8.84
2026-01-28 00:02:11,8.84
2026-01-28 00:02:12,8.84
2026-01-28 00:02:13,8.84
2026-01-28 00:02:14,8.55
2026-01-28 00:02:15,8.55
2026-01-28 00:02:16,8.55
2026-01-28 00:02:17,8.55
2026-01-28 00:02:18,8.55
2026-01-28 00:02:19,10.0
2026-01-28 00:02:20,10.0
2026-01-28 00:02:21,10.0
2026-01-28 00:02:22,10.0
2026-01-28 00:02:23,10.0
2026-01-28 00:02:24,9.29
2026-01-28 00:02:25,9.29
2026-01-28 00:02:26,9.29
2026-01-28 00:02:27,9.29
2026-01-28 00:02:28,9.29
2026-01-28 00:02:29,8.89
2026-01-28 00:02:30,8.89
2026-01-28 00:02:31,8.89
2026-01-28 00:02:32,8.89
2026-01-28 00:02:33,8.89
2026-01-28 00:02:34,8.27
2026-01-28 00:02:35,8.27
2026-01-28 00:02:36,8.27
2026-01-28 00:02:37,8.27
2026-01-28 00:02:38,8.27
2026-01-28 00:02:39,8.78
2026-01-28 00:02:40,8.78
2026-01-28 00:02:41,8.78
2026-01-28 00:02:42,8.78
2026-01-28 00:02:43,8.78
2026-01-28 00:02:44,9.11
2026-01-28 00:02:45,9.11
2026-01-28 00:02:46,9.11
2026-01-28 00:02:47,9.11
2026-01-28 00:02:48,9.11
2026-01-28 00:02:49,9.70
2026-01-28 00:02:50,9.70
2026-01-28 00:02:51,9.70
2026-01-28 00:02:52,9.70
2026-01-28 00:02:53,9.70
2026-01-28 00:02:54,9.24
2026-01-28 00:02:55,9.24
2026-01-28 00:02:56,9.24
2026-01-28 00:02:57,9.24
2026-01-28 00:02:58,9.24
2026-01-28 00:02:59,9.52
2026-01-28 00:03:00,9.52
2026-01-28 00:03:01,9.52
2026-01-28 00:03:02,9.52
2026-01-28 00:03:03,9.52
2026-01-28 00:03:04,9.07
2026-01-28 00:03:05,9.07
2026-01-28 00:03:06,9.07
2026-01-28 00:03:07,9.07
2026-01-28 00:03:08,9.07
2026-01-28 00:03:09,9.31
2026-01-28 00:03:10,9.31
2026-01-28 00:03:11,9.31
2026-01-28 00:03:12,9.31
2026-01-28 00:03:13,9.31
2026-01-28 00:03:14,9.05
2026-01-28 00:03:15,9.05
2026-01-28 00:03:16,9.05
2026-01-28 00:03:17,9.05
2026-01-28 00:03:18,9.05
2026-01-28 00:03:19,9.69
2026-01-28 00:03:20,9.69
2026-01-28 00:03:21,9.69
2026-01-28 00:03:22,9.69
2026-01-28 00:03:23,9.69
2026-01-28 00:03:24,9.39
2026-01-28 00:03:25,9.39
2026-01-28 00:03:26,9.39
2026-01-28 00:03:27,9.39
2026-01-28 00:03:28,9.39
2026-01-28 00:03:29,9.43
2026-01-28 00:03:30,9.43
2026-01-28 00:03:31,9.43
2026-01-28 00:03:32,9.43
2026-01-28 00:03:33,9.43
2026-01-28 00:03:34,9.00
2026-01-28 00:03:35,9.00
2026-01-28 00:03:36,9.00
2026-01-28 00:03:37,9.00
2026-01-28 00:03:38,9.00
2026-01-28 00:03:39,9.61
2026-01-28 00:03:40,9.61
2026-01-28 00:03:41,9.61
2026-01-28 00:03:42,9.61
2026-01-28 00:03:43,9.61
2026-01-28 00:03:44,9.03
2026-01-28 00:03:45,9.03
2026-01-28 00:03:46,9.03
2026-01-28 00:03:47,9.03
2026-01-28 00:03:48,9.03
2026-01-28 00:03:49,9.54
2026-01-28 00:03:50,9.54
2026-01-28 00:03:51,9.54
2026-01-28 00:03:52,9.54
2026-01-28 00:03:53,9.54
2026-01-28 00:03:54,9.55
2026-01-28 00:03:55,9.55
2026-01-28 00:03:56,9.55
2026-01-28 00:03:57,9.55
2026-01-28 00:03:58,9.55
2026-01-28 00:03:59,9.86
2026-01-28 00:04:00,9.86
2026-01-28 00:04:01,9.86
2026-01-28 00:04:02,9.86
2026-01-28 00:04:03,9.86
2026-01-28 00:04:04,9.09
2026-01-28 00:04:05,9.09
2026-01-28 00:04:06,9.09
2026-01-28 00:04:07,9.09
2026-01-28 00:04:08,9.09
2026-01-28 00:04:09,10.5
2026-01-28 00:04:10,10.5
2026-01-28 00:04:11,10.5
2026-01-28 00:04:12,10.5
2026-01-28 00:04:13,10.5
2026-01-28 00:04:14,0
2026-01-28 00:04:15,0
2026-01-28 00:04:16,0
2026-01-28 00:04:17,0
2026-01-28 00:04:18,0
2026-01-28 00:04:19,0
2026-01-28 00:04:20,0
2026-01-28 00:04:21,0
2026-01-28 00:04:22,0
2026-01-28 00:04:23,0
2026-01-28 00:04:24,0
2026-01-28 00:04:25,0
2026-01-28 00:04:26,0
2026-01-28 00:04:27,0
2026-01-28 00:04:28,0
2026-01-28 00:04:29,0
2026-01-28 00:04:30,0
2026-01-28 00:04:31,0
2026-01-28 00:04:32,0
2026-01-28 00:04:33,0
2026-01-28 00:04:34,0
2026-01-28 00:04:35,0
2026-01-28 00:04:36,0
2026-01-28 00:04:37,0
2026-01-28 00:04:38,0
2026-01-28 00:04:39,0
2026-01-28 00:04:40,0
2026-01-28 00:04:41,0
2026-01-28 00:04:42,0
2026-01-28 00:04:43,0
2026-01-28 00:04:44,0
2026-01-28 00:04:45,0
2026-01-28 00:04:46,0
2026-01-28 00:04:47,0
2026-01-28 00:04:48,0
2026-01-28 00:04:49,0
2026-01-28 00:04:50,0
2026-01-28 00:04:51,0
2026-01-28 00:04:52,0
2026-01-28 00:04:53,0
2026-01-28 00:04:54,0
2026-01-28 00:04:55,0
2026-01-28 00:04:56,0
2026-01-28 00:04:57,0
2026-01-28 00:04:58,0
2026-01-28 00:04:59,0
2026-01-28 00:05:00,0
2026-01-28 00:05:01,0
2026-01-28 00:05:02,0
2026-01-28 00:05:03,0
2026-01-28 00:05:04,0
2026-01-28 00:05:05,0
2026-01-28 00:05:06,0
2026-01-28 00:05:07,0
2026-01-28 00:05:08,0
2026-01-28 00:05:09,0
2026-01-28 00:05:10,0
2026-01-28 00:05:11,0
2026-01-28 00:05:12,0
2026-01-28 00:05:13,0
2026-01-28 00:05:14,0
2026-01-28 00:05:15,0
2026-01-28 00:05:16,0
2026-01-28 00:05:17,0
2026-01-28 00:05:18,0
2026-01-28 00:05:19,0
2026-01-28 00:05:20,0
2026-01-28 00:05:21,0
2026-01-28 00:05:22,0
2026-01-28 00:05:23,0
2026-01-28 00:05:24,0
2026-01-28 00:05:25,0
2026-01-28 00:05:26,0
2026-01-28 00:05:27,0
2026-01-28 00:05:28,0
2026-01-28 00:05:29,0
2026-01-28 00:05:30,0
2026-01-28 00:05:31,0
2026-01-28 00:05:32,0
2026-01-28 00:05:33,0
2026-01-28 00:05:34,0
2026-01-28 00:05:35,0
2026-01-28 00:05:36,0
2026-01-28 00:05:37,0
2026-01-28 00:05:38,0
2026-01-28 00:05:39,0
2026-01-28 00:05:40,0
2026-01-28 00:05:41,0
2026-01-28 00:05:42,0
2026-01-28 00:05:43,0
2026-01-28 00:05:44,0
2026-01-28 00:05:45,0
2026-01-28 00:05:46,0
2026-01-28 00:05:47,0
2026-01-28 00:05:48,0
2026-01-28 00:05:59,1.40
2026-01-28 00:06:00,1.40
2026-01-28 00:06:01,1.40
2026-01-28 00:06:02,1.40
2026-01-28 00:06:03,1.40
2026-01-28 00:06:04,7.16
2026-01-28 00:06:05,7.16
2026-01-28 00:06:06,7.16
2026-01-28 00:06:07,7.16
2026-01-28 00:06:08,7.16
2026-01-28 00:06:09,8.69
2026-01-28 00:06:10,8.69
2026-01-28 00:06:11,8.69
2026-01-28 00:06:12,8.69
2026-01-28 00:06:13,8.69
2026-01-28 00:06:14,7.71
2026-01-28 00:06:15,7.71
2026-01-28 00:06:16,7.71
2026-01-28 00:06:17,7.71
2026-01-28 00:06:18,7.71
2026-01-28 00:06:19,8.63
2026-01-28 00:06:20,8.63
2026-01-28 00:06:21,8.63
2026-01-28 00:06:22,8.63
2026-01-28 00:06:23,8.63
2026-01-28 00:06:24,7.91
2026-01-28 00:06:25,7.91
2026-01-28 00:06:26,7.91
2026-01-28 00:06:27,7.91
2026-01-28 00:06:28,7.91
2026-01-28 00:06:29,8.17
2026-01-28 00:06:30,8.17
2026-01-28 00:06:31,8.17
2026-01-28 00:06:32,8.17
2026-01-28 00:06:33,8.17
2026-01-28 00:06:34,8.10
2026-01-28 00:06:35,8.10
2026-01-28 00:06:36,8.10
2026-01-28 00:06:37,8.10
2026-01-28 00:06:38,8.10
2026-01-28 00:06:39,9.00
2026-01-28 00:06:40,9.00
2026-01-28 00:06:41,9.00
2026-01-28 00:06:42,9.00
2026-01-28 00:06:43,9.00
2026-01-28 00:06:44,7.71
2026-01-28 00:06:45,7.71
2026-01-28 00:06:46,7.71
2026-01-28 00:06:47,7.71
2026-01-28 00:06:48,7.71
2026-01-28 00:06:49,8.15
2026-01-28 00:06:50,8.15
2026-01-28 00:06:51,8.15
2026-01-28 00:06:52,8.15
2026-01-28 00:06:53,8.15
2026-01-28 00:06:54,7.98
2026-01-28 00:06:55,7.98
2026-01-28 00:06:56,7.98
2026-01-28 00:06:57,7.98
2026-01-28 00:06:58,7.98
2026-01-28 00:06:59,8.27
2026-01-28 00:07:00,8.27
2026-01-28 00:07:01,8.27
2026-01-28 00:07:02,8.27
2026-01-28 00:07:03,8.27
2026-01-28 00:07:04,8.00
2026-01-28 00:07:05,8.00
2026-01-28 00:07:06,8.00
2026-01-28 00:07:07,8.00
2026-01-28 00:07:08,8.00
2026-01-28 00:07:09,10.1
2026-01-28 00:07:10,10.1
2026-01-28 00:07:11,10.1
2026-01-28 00:07:12,10.1
2026-01-28 00:07:13,10.1
2026-01-28 00:07:14,7.25
2026-01-28 00:07:15,7.25
2026-01-28 00:07:16,7.25
2026-01-28 00:07:17,7.25
2026-01-28 00:07:18,7.25
2026-01-28 00:07:19,7.93
2026-01-28 00:07:20,7.93
2026-01-28 00:07:21,7.93
2026-01-28 00:07:22,7.93
2026-01-28 00:07:23,7.93
2026-01-28 00:07:24,7.10
2026-01-28 00:07:25,7.10
2026-01-28 00:07:26,7.10
2026-01-28 00:07:27,7.10
2026-01-28 00:07:28,7.10
2026-01-28 00:07:29,7.30
2026-01-28 00:07:30,7.30
2026-01-28 00:07:31,7.30
2026-01-28 00:07:32,7.30
2026-01-28 00:07:33,7.30
2026-01-28 00:07:34,7.14
2026-01-28 00:07:35,7.14
2026-01-28 00:07:36,7.14
2026-01-28 00:07:37,7.14
2026-01-28 00:07:38,7.14
2026-01-28 00:07:39,7.03
2026-01-28 00:07:40,7.03
2026-01-28 00:07:41,7.03
2026-01-28 00:07:42,7.03
2026-01-28 00:07:43,7.03
2026-01-28 00:07:44,8.33
2026-01-28 00:07:45,8.33
2026-01-28 00:07:46,8.33
2026-01-28 00:07:47,8.33
2026-01-28 00:07:48,8.33
2026-01-28 00:07:49,8.79
2026-01-28 00:07:50,8.79
2026-01-28 00:07:51,8.79
2026-01-28 00:07:52,8.79
2026-01-28 00:07:53,8.79
2026-01-28 00:07:54,7.04
2026-01-28 00:07:55,7.04
2026-01-28 00:07:56,7.04
2026-01-28 00:07:57,7.04
2026-01-28 00:07:58,7.04
2026-01-28 00:07:59,7.26
2026-01-28 00:08:00,7.26
2026-01-28 00:08:01,7.26
2026-01-28 00:08:02,7.26
2026-01-28 00:08:03,7.26
2026-01-28 00:08:04,6.81
2026-01-28 00:08:05,6.81
2026-01-28 00:08:06,6.81
2026-01-28 00:08:07,6.81
2026-01-28 00:08:08,6.81
2026-01-28 00:08:09,7.28
2026-01-28 00:08:10,7.28
2026-01-28 00:08:11,7.28
2026-01-28 00:08:12,7.28
2026-01-28 00:08:13,7.28
2026-01-28 00:08:14,6.98
2026-01-28 00:08:15,6.98
2026-01-28 00:08:16,6.98
2026-01-28 00:08:17,6.98
2026-01-28 00:08:18,6.98
2026-01-28 00:08:19,8.15
2026-01-28 00:08:20,8.15
2026-01-28 00:08:21,8.15
2026-01-28 00:08:22,8.15
2026-01-28 00:08:23,8.15
2026-01-28 00:08:24,6.91
2026-01-28 00:08:25,6.91
2026-01-28 00:08:26,6.91
2026-01-28 00:08:27,6.91
2026-01-28 00:08:28,6.91
2026-01-28 00:08:29,7.02
2026-01-28 00:08:30,7.02
2026-01-28 00:08:31,7.02
2026-01-28 00:08:32,7.02
2026-01-28 00:08:33,7.02
2026-01-28 00:08:34,6.93
2026-01-28 00:08:35,6.93
2026-01-28 00:08:36,6.93
2026-01-28 00:08:37,6.93
2026-01-28 00:08:38,6.93
2026-01-28 00:08:39,6.90
2026-01-28 00:08:40,6.90
2026-01-28 00:08:41,6.90
2026-01-28 00:08:42,6.90
2026-01-28 00:08:43,6.90
2026-01-28 00:08:44,7.29
2026-01-28 00:08:45,7.29
2026-01-28 00:08:46,7.29
2026-01-28 00:08:47,7.29
2026-01-28 00:08:48,7.29
2026-01-28 00:08:49,8.26
2026-01-28 00:08:50,8.26
2026-01-28 00:08:51,8.26
2026-01-28 00:08:52,8.26
2026-01-28 00:08:53,8.26
2026-01-28 00:08:54,7.71
2026-01-28 00:08:55,7.71
2026-01-28 00:08:56,7.71
2026-01-28 00:08:57,7.71
2026-01-28 00:08:58,7.71
2026-01-28 00:08:59,8.06
2026-01-28 00:09:00,8.06
2026-01-28 00:09:01,8.06
2026-01-28 00:09:02,8.06
2026-01-28 00:09:03,8.06
2026-01-28 00:09:04,7.53
2026-01-28 00:09:05,7.53
2026-01-28 00:09:06,7.53
2026-01-28 00:09:07,7.53
2026-01-28 00:09:08,7.53
2026-01-28 00:09:09,7.83
2026-01-28 00:09:10,7.83
2026-01-28 00:09:11,7.83
2026-01-28 00:09:12,7.83
2026-01-28 00:09:13,7.83
2026-01-28 00:09:14,7.63
2026-01-28 00:09:15,7.63
2026-01-28 00:09:16,7.63
2026-01-28 00:09:17,7.63
2026-01-28 00:09:18,7.63
2026-01-28 00:09:19,9.25
2026-01-28 00:09:20,9.25
2026-01-28 00:09:21,9.25
2026-01-28 00:09:22,9.25
2026-01-28 00:09:23,9.25
2026-01-28 00:09:24,8.22
2026-01-28 00:09:25,8.22
2026-01-28 00:09:26,8.22
2026-01-28 00:09:27,8.22
2026-01-28 00:09:28,8.22
2026-01-28 00:09:29,7.96
2026-01-28 00:09:30,7.96
2026-01-28 00:09:31,7.96
2026-01-28 00:09:32,7.96
2026-01-28 00:09:33,7.96
2026-01-28 00:09:34,7.67
2026-01-28 00:09:35,7.67
2026-01-28 00:09:36,7.67
2026-01-28 00:09:37,7.67
2026-01-28 00:09:38,7.67
2026-01-28 00:09:39,7.95
2026-01-28 00:09:40,7.95
2026-01-28 00:09:41,7.95
2026-01-28 00:09:42,7.95
2026-01-28 00:09:43,7.95
2026-01-28 00:09:44,7.50
2026-01-28 00:09:45,7.50
2026-01-28 00:09:46,7.50
2026-01-28 00:09:47,7.50
2026-01-28 00:09:48,7.50
2026-01-28 00:09:49,7.80
2026-01-28 00:09:50,7.80
2026-01-28 00:09:51,7.80
2026-01-28 00:09:52,7.80
2026-01-28 00:09:53,7.80
2026-01-28 00:09:54,7.71
2026-01-28 00:09:55,7.71
2026-01-28 00:09:56,7.71
2026-01-28 00:09:57,7.71
2026-01-28 00:09:58,7.71
2026-01-28 00:09:59,7.73
2026-01-28 00:10:00,7.73
2026-01-28 00:10:01,7.73
2026-01-28 00:10:02,7.73
2026-01-28 00:10:03,7.73
2026-01-28 00:10:04,8.69
2026-01-28 00:10:05,8.69
2026-01-28 00:10:06,8.69
2026-01-28 00:10:07,8.69
2026-01-28 00:10:08,8.69
2026-01-28 00:10:09,9.05
2026-01-28 00:10:10,9.05
2026-01-28 00:10:11,9.05
2026-01-28 00:10:12,9.05
2026-01-28 00:10:13,9.05
2026-01-28 00:10:14,8.36
2026-01-28 00:10:15,8.36
2026-01-28 00:10:16,8.36
2026-01-28 00:10:17,8.36
2026-01-28 00:10:18,8.36
2026-01-28 00:10:19,9.47
2026-01-28 00:10:20,9.47
2026-01-28 00:10:21,9.47
2026-01-28 00:10:22,9.47
2026-01-28 00:10:23,9.47
2026-01-28 00:10:24,9.17
2026-01-28 00:10:25,9.17
2026-01-28 00:10:26,9.17
2026-01-28 00:10:27,9.17
2026-01-28 00:10:28,9.17
2026-01-28 00:10:29,9.21
2026-01-28 00:10:30,9.21
2026-01-28 00:10:31,9.21
2026-01-28 00:10:32,9.21
2026-01-28 00:10:33,9.21
2026-01-28 00:10:34,8.67
2026-01-28 00:10:35,8.67
2026-01-28 00:10:36,8.67
2026-01-28 00:10:37,8.67
2026-01-28 00:10:38,8.67
2026-01-28 00:10:39,8.99
2026-01-28 00:10:40,8.99
2026-01-28 00:10:41,8.99
2026-01-28 00:10:42,8.99
2026-01-28 00:10:43,8.99
2026-01-28 00:10:44,8.41
2026-01-28 00:10:45,8.41
2026-01-28 00:10:46,8.41
2026-01-28 00:10:47,8.41
2026-01-28 00:10:48,8.41
2026-01-28 00:10:49,8.84
2026-01-28 00:10:50,8.84
2026-01-28 00:10:51,8.84
2026-01-28 00:10:52,8.84
2026-01-28 00:10:53,8.84
2026-01-28 00:10:54,0
2026-01-28 00:10:55,0
2026-01-28 00:10:56,0
2026-01-28 00:10:57,0
2026-01-28 00:10:58,0
2026-01-28 00:10:59,0
2026-01-28 00:11:00,0
2026-01-28 00:11:01,0
2026-01-28 00:11:02,0
2026-01-28 00:11:03,0
2026-01-28 00:11:04,0
2026-01-28 00:11:05,0
2026-01-28 00:11:06,0
2026-01-28 00:11:07,0
2026-01-28 00:11:08,0
2026-01-28 00:11:09,0
2026-01-28 00:11:10,0
2026-01-28 00:11:11,0
2026-01-28 00:11:12,0
2026-01-28 00:11:13,0
2026-01-28 00:11:14,0
2026-01-28 00:11:15,0
2026-01-28 00:11:16,0
2026-01-28 00:11:17,0
2026-01-28 00:11:18,0
2026-01-28 00:11:19,0
2026-01-28 00:11:20,0
2026-01-28 00:11:21,0
2026-01-28 00:11:22,0
2026-01-28 00:11:23,0
2026-01-28 00:11:24,0
2026-01-28 00:11:25,0
2026-01-28 00:11:26,0
2026-01-28 00:11:27,0
2026-01-28 00:11:28,0
2026-01-28 00:11:29,0
2026-01-28 00:11:30,0
2026-01-28 00:11:31,0
2026-01-28 00:11:32,0
2026-01-28 00:11:33,0
2026-01-28 00:11:34,0
2026-01-28 00:11:35,0
2026-01-28 00:11:36,0
2026-01-28 00:11:37,0
2026-01-28 00:11:38,0
2026-01-28 00:11:39,0
2026-01-28 00:11:40,0
2026-01-28 00:11:41,0
2026-01-28 00:11:42,0
2026-01-28 00:11:43,0
2026-01-28 00:11:44,0
2026-01-28 00:11:45,0
2026-01-28 00:11:46,0
2026-01-28 00:11:47,0
2026-01-28 00:11:48,0
2026-01-28 00:11:49,0
2026-01-28 00:11:50,0
2026-01-28 00:11:51,0
2026-01-28 00:11:52,0
2026-01-28 00:11:53,0
2026-01-28 00:11:54,0
2026-01-28 00:11:55,0
2026-01-28 00:11:56,0
2026-01-28 00:11:57,0
2026-01-28 00:11:58,0
2026-01-28 00:11:59,0
2026-01-28 00:12:00,0
2026-01-28 00:12:01,0
2026-01-28 00:12:02,0
2026-01-28 00:12:03,0
2026-01-28 00:12:04,0
2026-01-28 00:12:05,0
2026-01-28 00:12:06,0
2026-01-28 00:12:07,0
2026-01-28 00:12:08,0
2026-01-28 00:12:09,0
2026-01-28 00:12:10,0
2026-01-28 00:12:11,0
2026-01-28 00:12:12,0
2026-01-28 00:12:13,0
2026-01-28 00:12:14,0
2026-01-28 00:12:15,0
2026-01-28 00:12:16,0
2026-01-28 00:12:17,0
2026-01-28 00:12:18,0
2026-01-28 00:12:19,0
2026-01-28 00:12:20,0
2026-01-28 00:12:21,0
2026-01-28 00:12:22,0
2026-01-28 00:12:23,0
2026-01-28 00:12:24,0
2026-01-28 00:12:25,0
2026-01-28 00:12:26,0
2026-01-28 00:12:27,0
2026-01-28 00:12:28,0
2026-01-28 00:12:49,7.98
2026-01-28 00:12:50,7.98
2026-01-28 00:12:51,7.98
2026-01-28 00:12:52,7.98
2026-01-28 00:12:53,7.98
2026-01-28 00:12:54,9.07
2026-01-28 00:12:55,9.07
2026-01-28 00:12:56,9.07
2026-01-28 00:12:57,9.07
2026-01-28 00:12:58,9.07
2026-01-28 00:12:59,9.45
2026-01-28 00:13:00,9.45
2026-01-28 00:13:01,9.45
2026-01-28 00:13:02,9.45
2026-01-28 00:13:03,9.45
2026-01-28 00:13:04,9.09
2026-01-28 00:13:05,9.09
2026-01-28 00:13:06,9.09
2026-01-28 00:13:07,9.09
2026-01-28 00:13:08,9.09
2026-01-28 00:13:09,9.31
2026-01-28 00:13:10,9.31
2026-01-28 00:13:11,9.31
2026-01-28 00:13:12,9.31
2026-01-28 00:13:13,9.31
2026-01-28 00:13:14,8.85
2026-01-28 00:13:15,8.85
2026-01-28 00:13:16,8.85
2026-01-28 00:13:17,8.85
2026-01-28 00:13:18,8.85
2026-01-28 00:13:19,9.88
2026-01-28 00:13:20,9.88
2026-01-28 00:13:21,9.88
2026-01-28 00:13:22,9.88
2026-01-28 00:13:23,9.88
2026-01-28 00:13:24,9.03
2026-01-28 00:13:25,9.03
2026-01-28 00:13:26,9.03
2026-01-28 00:13:27,9.03
2026-01-28 00:13:28,9.03
2026-01-28 00:13:29,9.32
2026-01-28 00:13:30,9.32
2026-01-28 00:13:31,9.32
2026-01-28 00:13:32,9.32
2026-01-28 00:13:33,9.32
2026-01-28 00:13:34,9.07
2026-01-28 00:13:35,9.07
2026-01-28 00:13:36,9.07
2026-01-28 00:13:37,9.07
2026-01-28 00:13:38,9.07
2026-01-28 00:13:39,9.56
2026-01-28 00:13:40,9.56
2026-01-28 00:13:41,9.56
2026-01-28 00:13:42,9.56
2026-01-28 00:13:43,9.56
2026-01-28 00:13:44,9.40
2026-01-28 00:13:45,9.40
2026-01-28 00:13:46,9.40
2026-01-28 00:13:47,9.40
2026-01-28 00:13:48,9.40
2026-01-28 00:13:49,9.63
2026-01-28 00:13:50,9.63
2026-01-28 00:13:51,9.63
2026-01-28 00:13:52,9.63
2026-01-28 00:13:53,9.63
2026-01-28 00:13:54,9.09
2026-01-28 00:13:55,9.09
2026-01-28 00:13:56,9.09
2026-01-28 00:13:57,9.09
2026-01-28 00:13:58,9.09
2026-01-28 00:13:59,9.38
2026-01-28 00:14:00,9.38
2026-01-28 00:14:01,9.38
2026-01-28 00:14:02,9.38
2026-01-28 00:14:03,9.38
2026-01-28 00:14:04,9.02
2026-01-28 00:14:05,9.02
2026-01-28 00:14:06,9.02
2026-01-28 00:14:07,9.02
2026-01-28 00:14:08,9.02
2026-01-28 00:14:09,9.32
2026-01-28 00:14:10,9.32
2026-01-28 00:14:11,9.32
2026-01-28 00:14:12,9.32
2026-01-28 00:14:13,9.32
2026-01-28 00:14:14,8.99
2026-01-28 00:14:15,8.99
2026-01-28 00:14:16,8.99
2026-01-28 00:14:17,8.99
2026-01-28 00:14:18,8.99
2026-01-28 00:14:19,11.7
2026-01-28 00:14:20,11.7
2026-01-28 00:14:21,11.7
2026-01-28 00:14:22,11.7
2026-01-28 00:14:23,11.7
2026-01-28 00:14:24,10.9
2026-01-28 00:14:25,10.9
2026-01-28 00:14:26,10.9
2026-01-28 00:14:27,10.9
2026-01-28 00:14:28,10.9
2026-01-28 00:14:29,8.15
2026-01-28 00:14:30,8.15
2026-01-28 00:14:31,8.15
2026-01-28 00:14:32,8.15
2026-01-28 00:14:33,8.15
2026-01-28 00:14:34,7.92
2026-01-28 00:14:35,7.92
2026-01-28 00:14:36,7.92
2026-01-28 00:14:37,7.92
2026-01-28 00:14:38,7.92
2026-01-28 00:14:39,8.18
2026-01-28 00:14:40,8.18
2026-01-28 00:14:41,8.18
2026-01-28 00:14:42,8.18
2026-01-28 00:14:43,8.18
2026-01-28 00:14:44,7.88
2026-01-28 00:14:45,7.88
2026-01-28 00:14:46,7.88
2026-01-28 00:14:47,7.88
2026-01-28 00:14:48,7.88
2026-01-28 00:14:49,8.72
2026-01-28 00:14:50,8.72
2026-01-28 00:14:51,8.72
2026-01-28 00:14:52,8.72
2026-01-28 00:14:53,8.72
2026-01-28 00:14:54,8.20
2026-01-28 00:14:55,8.20
2026-01-28 00:14:56,8.20
2026-01-28 00:14:57,8.20
2026-01-28 00:14:58,8.20
2026-01-28 00:14:59,8.16
2026-01-28 00:15:00,8.16
2026-01-28 00:15:01,8.16
2026-01-28 00:15:02,8.16
2026-01-28 00:15:03,8.16
2026-01-28 00:15:04,7.83
2026-01-28 00:15:05,7.83
2026-01-28 00:15:06,7.83
2026-01-28 00:15:07,7.83
2026-01-28 00:15:08,7.83
2026-01-28 00:15:09,8.07
2026-01-28 00:15:10,8.07
2026-01-28 00:15:11,8.07
2026-01-28 00:15:12,8.07
2026-01-28 00:15:13,8.07
2026-01-28 00:15:14,7.63
2026-01-28 00:15:15,7.63
2026-01-28 00:15:16,7.63
2026-01-28 00:15:17,7.63
2026-01-28 00:15:18,7.63
2026-01-28 00:15:19,8.53
2026-01-28 00:15:20,8.53
2026-01-28 00:15:21,8.53
2026-01-28 00:15:22,8.53
2026-01-28 00:15:23,8.53
2026-01-28 00:15:24,8.10
2026-01-28 00:15:25,8.10
2026-01-28 00:15:26,8.10
2026-01-28 00:15:27,8.10
2026-01-28 00:15:28,8.10
2026-01-28 00:15:29,8.37
2026-01-28 00:15:30,8.37
2026-01-28 00:15:31,8.37
2026-01-28 00:15:32,8.37
2026-01-28 00:15:33,8.37
2026-01-28 00:15:34,7.88
2026-01-28 00:15:35,7.88
2026-01-28 00:15:36,7.88
2026-01-28 00:15:37,7.88
2026-01-28 00:15:38,7.88
2026-01-28 00:15:39,8.28
2026-01-28 00:15:40,8.28
2026-01-28 00:15:41,8.28
2026-01-28 00:15:42,8.28
2026-01-28 00:15:43,8.28
2026-01-28 00:15:44,7.71
2026-01-28 00:15:45,7.71
2026-01-28 00:15:46,7.71
2026-01-28 00:15:47,7.71
2026-01-28 00:15:48,7.71
2026-01-28 00:15:49,8.23
2026-01-28 00:15:50,8.23
2026-01-28 00:15:51,8.23
2026-01-28 00:15:52,8.23
2026-01-28 00:15:53,8.23
2026-01-28 00:15:54,8.34
2026-01-28 00:15:55,8.34
2026-01-28 00:15:56,8.34
2026-01-28 00:15:57,8.34
2026-01-28 00:15:58,8.34
2026-01-28 00:15:59,8.63
2026-01-28 00:16:00,8.63
2026-01-28 00:16:01,8.63
2026-01-28 00:16:02,8.63
2026-01-28 00:16:03,8.63
2026-01-28 00:16:04,7.81
2026-01-28 00:16:05,7.81
2026-01-28 00:16:06,7.81
2026-01-28 00:16:07,7.81
2026-01-28 00:16:08,7.81
2026-01-28 00:16:09,8.16
2026-01-28 00:16:10,8.16
2026-01-28 00:16:11,8.16
2026-01-28 00:16:12,8.16
2026-01-28 00:16:13,8.16
2026-01-28 00:16:14,8.10
2026-01-28 00:16:15,8.10
2026-01-28 00:16:16,8.10
2026-01-28 00:16:17,8.10
2026-01-28 00:16:18,8.10
2026-01-28 00:16:19,7.74
2026-01-28 00:16:20,7.74
2026-01-28 00:16:21,7.74
2026-01-28 00:16:22,7.74
2026-01-28 00:16:23,7.74
2026-01-28 00:16:24,7.16
2026-01-28 00:16:25,7.16
2026-01-28 00:16:26,7.16
2026-01-28 00:16:27,7.16
2026-01-28 00:16:28,7.16
2026-01-28 00:16:29,7.51
2026-01-28 00:16:30,7.51
2026-01-28 00:16:31,7.51
2026-01-28 00:16:32,7.51
2026-01-28 00:16:33,7.51
2026-01-28 00:16:34,7.04
2026-01-28 00:16:35,7.04
2026-01-28 00:16:36,7.04
2026-01-28 00:16:37,7.04
2026-01-28 00:16:38,7.04
2026-01-28 00:16:39,7.36
2026-01-28 00:16:40,7.36
2026-01-28 00:16:41,7.36
2026-01-28 00:16:42,7.36
2026-01-28 00:16:43,7.36
2026-01-28 00:16:44,6.44
2026-01-28 00:16:45,6.44
2026-01-28 00:16:46,6.44
2026-01-28 00:16:47,6.44
2026-01-28 00:16:48,6.44
2026-01-28 00:16:49,7.56
2026-01-28 00:16:50,7.56
2026-01-28 00:16:51,7.56
2026-01-28 00:16:52,7.56
2026-01-28 00:16:53,7.56
2026-01-28 00:16:54,8.18
2026-01-28 00:16:55,8.18
2026-01-28 00:16:56,8.18
2026-01-28 00:16:57,8.18
2026-01-28 00:16:58,8.18
2026-01-28 00:16:59,8.71
2026-01-28 00:17:00,8.71
2026-01-28 00:17:01,8.71
2026-01-28 00:17:02,8.71
2026-01-28 00:17:03,8.71
2026-01-28 00:17:04,8.10
2026-01-28 00:17:05,8.10
2026-01-28 00:17:06,8.10
2026-01-28 00:17:07,8.10
2026-01-28 00:17:08,8.10
2026-01-28 00:17:09,8.09
2026-01-28 00:17:10,8.09
2026-01-28 00:17:11,8.09
2026-01-28 00:17:12,8.09
2026-01-28 00:17:13,8.09
2026-01-28 00:17:14,7.61
2026-01-28 00:17:15,7.61
2026-01-28 00:17:16,7.61
2026-01-28 00:17:17,7.61
2026-01-28 00:17:18,7.61
2026-01-28 00:17:19,8.61
2026-01-28 00:17:20,8.61
2026-01-28 00:17:21,8.61
2026-01-28 00:17:22,8.61
2026-01-28 00:17:23,8.61
2026-01-28 00:17:24,8.42
2026-01-28 00:17:25,8.42
2026-01-28 00:17:26,8.42
2026-01-28 00:17:27,8.42
2026-01-28 00:17:28,8.42
2026-01-28 00:17:29,8.03
2026-01-28 00:17:30,8.03
2026-01-28 00:17:31,8.03
2026-01-28 00:17:32,8.03
2026-01-28 00:17:33,8.03
2026-01-28 00:17:34,7.96
2026-01-28 00:17:35,7.96
2026-01-28 00:17:36,7.96
2026-01-28 00:17:37,7.96
2026-01-28 00:17:38,7.96
2026-01-28 00:17:39,8.44
2026-01-28 00:17:40,8.44
2026-01-28 00:17:41,8.44
2026-01-28 00:17:42,8.44
2026-01-28 00:17:43,8.44
2026-01-28 00:17:44,8.56
2026-01-28 00:17:45,8.56
2026-01-28 00:17:46,8.56
2026-01-28 00:17:47,8.56
2026-01-28 00:17:48,8.56
2026-01-28 00:17:49,8.54
2026-01-28 00:17:50,8.54
2026-01-28 00:17:51,8.54
2026-01-28 00:17:52,8.54
2026-01-28 00:17:53,8.54
2026-01-28 00:17:54,7.75
2026-01-28 00:17:55,7.75
2026-01-28 00:17:56,7.75
2026-01-28 00:17:57,7.75
2026-01-28 00:17:58,7.75
2026-01-28 00:17:59,0
2026-01-28 00:18:00,0
2026-01-28 00:18:01,0
2026-01-28 00:18:02,0
2026-01-28 00:18:03,0
2026-01-28 00:18:04,0
2026-01-28 00:18:05,0
2026-01-28 00:18:06,0
2026-01-28 00:18:07,0
2026-01-28 00:18:08,0
2026-01-28 00:18:09,0
2026-01-28 00:18:10,0
2026-01-28 00:18:11,0
2026-01-28 00:18:12,0
2026-01-28 00:18:13,0
2026-01-28 00:18:14,0
2026-01-28 00:18:15,0
2026-01-28 00:18:16,0
2026-01-28 00:18:17,0
2026-01-28 00:18:18,0
2026-01-28 00:18:19,0
2026-01-28 00:18:20,0
2026-01-28 00:18:21,0
2026-01-28 00:18:22,0
2026-01-28 00:18:23,0
2026-01-28 00:18:24,0
2026-01-28 00:18:25,0
2026-01-28 00:18:26,0
2026-01-28 00:18:27,0
2026-01-28 00:18:28,0
2026-01-28 00:18:29,0
2026-01-28 00:18:30,0
2026-01-28 00:18:31,0
2026-01-28 00:18:32,0
2026-01-28 00:18:33,0
2026-01-28 00:18:34,0
2026-01-28 00:18:35,0
2026-01-28 00:18:36,0
2026-01-28 00:18:37,0
2026-01-28 00:18:38,0
2026-01-28 00:18:39,0
2026-01-28 00:18:40,0
2026-01-28 00:18:41,0
2026-01-28 00:18:42,0
2026-01-28 00:18:43,0
2026-01-28 00:18:44,0
2026-01-28 00:18:45,0
2026-01-28 00:18:46,0
2026-01-28 00:18:47,0
2026-01-28 00:18:48,0
2026-01-28 00:18:49,0
2026-01-28 00:18:50,0
2026-01-28 00:18:51,0
2026-01-28 00:18:52,0
2026-01-28 00:18:53,0
2026-01-28 00:18:54,0
2026-01-28 00:18:55,0
2026-01-28 00:18:56,0
2026-01-28 00:18:57,0
2026-01-28 00:18:58,0
2026-01-28 00:18:59,0
2026-01-28 00:19:00,0
2026-01-28 00:19:01,0
2026-01-28 00:19:02,0
2026-01-28 00:19:03,0
2026-01-28 00:19:04,0
2026-01-28 00:19:05,0
2026-01-28 00:19:06,0
2026-01-28 00:19:07,0
2026-01-28 00:19:08,0
2026-01-28 00:19:09,0
2026-01-28 00:19:10,0
2026-01-28 00:19:11,0
2026-01-28 00:19:12,0
2026-01-28 00:19:13,0
2026-01-28 00:19:14,0
2026-01-28 00:19:15,0
2026-01-28 00:19:16,0
2026-01-28 00:19:17,0
2026-01-28 00:19:18,0
2026-01-28 00:19:19,0
2026-01-28 00:19:20,0
2026-01-28 00:19:21,0
2026-01-28 00:19:22,0
2026-01-28 00:19:23,0
2026-01-28 00:19:24,0
2026-01-28 00:19:25,0
2026-01-28 00:19:26,0
2026-01-28 00:19:27,0
2026-01-28 00:19:28,0
2026-01-28 00:19:29,0
2026-01-28 00:19:30,0
2026-01-28 00:19:31,0
2026-01-28 00:19:32,0
2026-01-28 00:19:33,0
2026-01-28 00:20:14,8.58
2026-01-28 00:20:15,8.58
2026-01-28 00:20:16,8.58
2026-01-28 00:20:17,8.58
2026-01-28 00:20:18,8.58
2026-01-28 00:20:19,10.1
2026-01-28 00:20:20,10.1
2026-01-28 00:20:21,10.1
2026-01-28 00:20:22,10.1
2026-01-28 00:20:23,10.1
2026-01-28 00:20:24,8.81
2026-01-28 00:20:25,8.81
2026-01-28 00:20:26,8.81
2026-01-28 00:20:27,8.81
2026-01-28 00:20:28,8.81
2026-01-28 00:20:29,8.93
2026-01-28 00:20:30,8.93
2026-01-28 00:20:31,8.93
2026-01-28 00:20:32,8.93
2026-01-28 00:20:33,8.93
2026-01-28 00:20:34,8.68
2026-01-28 00:20:35,8.68
2026-01-28 00:20:36,8.68
2026-01-28 00:20:37,8.68
2026-01-28 00:20:38,8.68
2026-01-28 00:20:39,8.99
2026-01-28 00:20:40,8.99
2026-01-28 00:20:41,8.99
2026-01-28 00:20:42,8.99
2026-01-28 00:20:43,8.99
2026-01-28 00:20:44,8.40
2026-01-28 00:20:45,8.40
2026-01-28 00:20:46,8.40
2026-01-28 00:20:47,8.40
2026-01-28 00:20:48,8.40
2026-01-28 00:20:49,8.76
2026-01-28 00:20:50,8.76
2026-01-28 00:20:51,8.76
2026-01-28 00:20:52,8.76
2026-01-28 00:20:53,8.76
2026-01-28 00:20:54,10.1
2026-01-28 00:20:55,10.1
2026-01-28 00:20:56,10.1
2026-01-28 00:20:57,10.1
2026-01-28 00:20:58,10.1
2026-01-28 00:20:59,9.26
2026-01-28 00:21:00,9.26
2026-01-28 00:21:01,9.26
2026-01-28 00:21:02,9.26
2026-01-28 00:21:03,9.26
2026-01-28 00:21:04,7.57
2026-01-28 00:21:05,7.57
2026-01-28 00:21:06,7.57
2026-01-28 00:21:07,7.57
2026-01-28 00:21:08,7.57
2026-01-28 00:21:09,8.22
2026-01-28 00:21:10,8.22
2026-01-28 00:21:11,8.22
2026-01-28 00:21:12,8.22
2026-01-28 00:21:13,8.22
2026-01-28 00:21:14,8.81
2026-01-28 00:21:15,8.81
2026-01-28 00:21:16,8.81
2026-01-28 00:21:17,8.81
2026-01-28 00:21:18,8.81
2026-01-28 00:21:19,9.61
2026-01-28 00:21:20,9.61
2026-01-28 00:21:21,9.61
2026-01-28 00:21:22,9.61
2026-01-28 00:21:23,9.61
2026-01-28 00:21:24,9.29
2026-01-28 00:21:25,9.29
2026-01-28 00:21:26,9.29
2026-01-28 00:21:27,9.29
2026-01-28 00:21:28,9.29
2026-01-28 00:21:29,9.38
2026-01-28 00:21:30,9.38
2026-01-28 00:21:31,9.38
2026-01-28 00:21:32,9.38
2026-01-28 00:21:33,9.38
2026-01-28 00:21:34,8.79
2026-01-28 00:21:35,8.79
2026-01-28 00:21:36,8.79
2026-01-28 00:21:37,8.79
2026-01-28 00:21:38,8.79
2026-01-28 00:21:39,9.16
2026-01-28 00:21:40,9.16
2026-01-28 00:21:41,9.16
2026-01-28 00:21:42,9.16
2026-01-28 00:21:43,9.16
2026-01-28 00:21:44,8.61
2026-01-28 00:21:45,8.61
2026-01-28 00:21:46,8.61
2026-01-28 00:21:47,8.61
2026-01-28 00:21:48,8.61
2026-01-28 00:21:49,8.99
2026-01-28 00:21:50,8.99
2026-01-28 00:21:51,8.99
2026-01-28 00:21:52,8.99
2026-01-28 00:21:53,8.99
2026-01-28 00:21:54,8.86
2026-01-28 00:21:55,8.86
2026-01-28 00:21:56,8.86
2026-01-28 00:21:57,8.86
2026-01-28 00:21:58,8.86
2026-01-28 00:21:59,9.25
2026-01-28 00:22:00,9.25
2026-01-28 00:22:01,9.25
2026-01-28 00:22:02,9.25
2026-01-28 00:22:03,9.25
2026-01-28 00:22:04,9.10
2026-01-28 00:22:05,9.10
2026-01-28 00:22:06,9.10
2026-01-28 00:22:07,9.10
2026-01-28 00:22:08,9.10
2026-01-28 00:22:09,9.01
2026-01-28 00:22:10,9.01
2026-01-28 00:22:11,9.01
2026-01-28 00:22:12,9.01
2026-01-28 00:22:13,9.01
2026-01-28 00:22:14,8.58
2026-01-28 00:22:15,8.58
2026-01-28 00:22:16,8.58
2026-01-28 00:22:17,8.58
2026-01-28 00:22:18,8.58
2026-01-28 00:22:19,9.59
2026-01-28 00:22:20,9.59
2026-01-28 00:22:21,9.59
2026-01-28 00:22:22,9.59
2026-01-28 00:22:23,9.59
2026-01-28 00:22:24,8.72
2026-01-28 00:22:25,8.72
2026-01-28 00:22:26,8.72
2026-01-28 00:22:27,8.72
2026-01-28 00:22:28,8.72
2026-01-28 00:22:29,9.03
2026-01-28 00:22:30,9.03
2026-01-28 00:22:31,9.03
2026-01-28 00:22:32,9.03
2026-01-28 00:22:33,9.03
2026-01-28 00:22:34,9.64
2026-01-28 00:22:35,9.64
2026-01-28 00:22:36,9.64
2026-01-28 00:22:37,9.64
2026-01-28 00:22:38,9.64
2026-01-28 00:22:39,9.59
2026-01-28 00:22:40,9.59
2026-01-28 00:22:41,9.59
2026-01-28 00:22:42,9.59
2026-01-28 00:22:43,9.59
2026-01-28 00:22:44,9.03
2026-01-28 00:22:45,9.03
2026-01-28 00:22:46,9.03
2026-01-28 00:22:47,9.03
2026-01-28 00:22:48,9.03
2026-01-28 00:22:49,9.35
2026-01-28 00:22:50,9.35
2026-01-28 00:22:51,9.35
2026-01-28 00:22:52,9.35
2026-01-28 00:22:53,9.35
2026-01-28 00:22:54,9.18
2026-01-28 00:22:55,9.18
2026-01-28 00:22:56,9.18
2026-01-28 00:22:57,9.18
2026-01-28 00:22:58,9.18
2026-01-28 00:22:59,9.50
2026-01-28 00:23:00,9.50
2026-01-28 00:23:01,9.50
2026-01-28 00:23:02,9.50
2026-01-28 00:23:03,9.50
2026-01-28 00:23:04,9.18
2026-01-28 00:23:05,9.18
2026-01-28 00:23:06,9.18
2026-01-28 00:23:07,9.18
2026-01-28 00:23:08,9.18
2026-01-28 00:23:09,9.66
2026-01-28 00:23:10,9.66
2026-01-28 00:23:11,9.66
2026-01-28 00:23:12,9.66
2026-01-28 00:23:13,9.66
2026-01-28 00:23:14,8.96
2026-01-28 00:23:15,8.96
2026-01-28 00:23:16,8.96
2026-01-28 00:23:17,8.96
2026-01-28 00:23:18,8.96
2026-01-28 00:23:19,9.93
2026-01-28 00:23:20,9.93
2026-01-28 00:23:21,9.93
2026-01-28 00:23:22,9.93
2026-01-28 00:23:23,9.93
2026-01-28 00:23:24,9.15
2026-01-28 00:23:25,9.15
2026-01-28 00:23:26,9.15
2026-01-28 00:23:27,9.15
2026-01-28 00:23:28,9.15
2026-01-28 00:23:29,10.9
2026-01-28 00:23:30,10.9
2026-01-28 00:23:31,10.9
2026-01-28 00:23:32,10.9
2026-01-28 00:23:33,10.9
2026-01-28 00:23:34,10.1
2026-01-28 00:23:35,10.1
2026-01-28 00:23:36,10.1
2026-01-28 00:23:37,10.1
2026-01-28 00:23:38,10.1
2026-01-28 00:23:39,10.5
2026-01-28 00:23:40,10.5
2026-01-28 00:23:41,10.5
2026-01-28 00:23:42,10.5
2026-01-28 00:23:43,10.5
2026-01-28 00:23:44,8.15
2026-01-28 00:23:45,8.15
2026-01-28 00:23:46,8.15
2026-01-28 00:23:47,8.15
2026-01-28 00:23:48,8.15
2026-01-28 00:23:49,8.09
2026-01-28 00:23:50,8.09
2026-01-28 00:23:51,8.09
2026-01-28 00:23:52,8.09
2026-01-28 00:23:53,8.09
2026-01-28 00:23:54,7.85
2026-01-28 00:23:55,7.85
2026-01-28 00:23:56,7.85
2026-01-28 00:23:57,7.85
2026-01-28 00:23:58,7.85
2026-01-28 00:23:59,8.19
2026-01-28 00:24:00,8.19
2026-01-28 00:24:01,8.19
2026-01-28 00:24:02,8.19
2026-01-28 00:24:03,8.19
2026-01-28 00:24:04,7.98
2026-01-28 00:24:05,7.98
2026-01-28 00:24:06,7.98
2026-01-28 00:24:07,7.98
2026-01-28 00:24:08,7.98
2026-01-28 00:24:09,8.33
2026-01-28 00:24:10,8.33
2026-01-28 00:24:11,8.33
2026-01-28 00:24:12,8.33
2026-01-28 00:24:13,8.33
2026-01-28 00:24:14,7.68
2026-01-28 00:24:15,7.68
2026-01-28 00:24:16,7.68
2026-01-28 00:24:17,7.68
2026-01-28 00:24:18,7.68
2026-01-28 00:24:19,8.63
2026-01-28 00:24:20,8.63
2026-01-28 00:24:21,8.63
2026-01-28 00:24:22,8.63
2026-01-28 00:24:23,8.63
2026-01-28 00:24:24,7.80
2026-01-28 00:24:25,7.80
2026-01-28 00:24:26,7.80
2026-01-28 00:24:27,7.80
2026-01-28 00:24:28,7.80
2026-01-28 00:24:29,8.28
2026-01-28 00:24:30,8.28
2026-01-28 00:24:31,8.28
2026-01-28 00:24:32,8.28
2026-01-28 00:24:33,8.28
2026-01-28 00:24:34,8.04
2026-01-28 00:24:35,8.04
2026-01-28 00:24:36,8.04
2026-01-28 00:24:37,8.04
2026-01-28 00:24:38,8.04
2026-01-28 00:24:39,8.80
2026-01-28 00:24:40,8.80
2026-01-28 00:24:41,8.80
2026-01-28 00:24:42,8.80
2026-01-28 00:24:43,8.80
2026-01-28 00:24:44,8.03
2026-01-28 00:24:45,8.03
2026-01-28 00:24:46,8.03
2026-01-28 00:24:47,8.03
2026-01-28 00:24:48,8.03
2026-01-28 00:24:49,8.16
2026-01-28 00:24:50,8.16
2026-01-28 00:24:51,8.16
2026-01-28 00:24:52,8.16
2026-01-28 00:24:53,8.16
2026-01-28 00:24:54,7.94
2026-01-28 00:24:55,7.94
2026-01-28 00:24:56,7.94
2026-01-28 00:24:57,7.94
2026-01-28 00:24:58,7.94
2026-01-28 00:24:59,8.19
2026-01-28 00:25:00,8.19
2026-01-28 00:25:01,8.19
2026-01-28 00:25:02,8.19
2026-01-28 00:25:03,8.19
2026-01-28 00:25:04,7.90
2026-01-28 00:25:05,7.90
2026-01-28 00:25:06,7.90
2026-01-28 00:25:07,7.90
2026-01-28 00:25:08,7.90
2026-01-28 00:25:09,0
2026-01-28 00:25:10,0
2026-01-28 00:25:11,0
2026-01-28 00:25:12,0
2026-01-28 00:25:13,0
2026-01-28 00:25:14,0
2026-01-28 00:25:15,0
2026-01-28 00:25:16,0
2026-01-28 00:25:17,0
2026-01-28 00:25:18,0
2026-01-28 00:25:19,0
2026-01-28 00:25:20,0
2026-01-28 00:25:21,0
2026-01-28 00:25:22,0
2026-01-28 00:25:23,0
2026-01-28 00:25:24,0
2026-01-28 00:25:25,0
2026-01-28 00:25:26,0
2026-01-28 00:25:27,0
2026-01-28 00:25:28,0
2026-01-28 00:25:29,0
2026-01-28 00:25:30,0
2026-01-28 00:25:31,0
2026-01-28 00:25:32,0
2026-01-28 00:25:33,0
2026-01-28 00:25:34,0
2026-01-28 00:25:35,0
2026-01-28 00:25:36,0
2026-01-28 00:25:37,0
2026-01-28 00:25:38,0
2026-01-28 00:25:39,0
2026-01-28 00:25:40,0
2026-01-28 00:25:41,0
2026-01-28 00:25:42,0
2026-01-28 00:25:43,0
2026-01-28 00:25:44,0
2026-01-28 00:25:45,0
2026-01-28 00:25:46,0
2026-01-28 00:25:47,0
2026-01-28 00:25:48,0
2026-01-28 00:25:49,0
2026-01-28 00:25:50,0
2026-01-28 00:25:51,0
2026-01-28 00:25:52,0
2026-01-28 00:25:53,0
2026-01-28 00:25:54,0
2026-01-28 00:25:55,0
2026-01-28 00:25:56,0
2026-01-28 00:25:57,0
2026-01-28 00:25:58,0
2026-01-28 00:25:59,0
2026-01-28 00:26:00,0
2026-01-28 00:26:01,0
2026-01-28 00:26:02,0
2026-01-28 00:26:03,0
2026-01-28 00:26:04,0
2026-01-28 00:26:05,0
2026-01-28 00:26:06,0
2026-01-28 00:26:07,0
2026-01-28 00:26:08,0
2026-01-28 00:26:09,0
2026-01-28 00:26:10,0
2026-01-28 00:26:11,0
2026-01-28 00:26:12,0
2026-01-28 00:26:13,0
2026-01-28 00:26:14,0
2026-01-28 00:26:15,0
2026-01-28 00:26:16,0
2026-01-28 00:26:17,0
2026-01-28 00:26:18,0
2026-01-28 00:26:19,0
2026-01-28 00:26:20,0
2026-01-28 00:26:21,0
2026-01-28 00:26:22,0
2026-01-28 00:26:23,0
2026-01-28 00:26:24,0
2026-01-28 00:26:25,0
2026-01-28 00:26:26,0
2026-01-28 00:26:27,0
2026-01-28 00:26:28,0
2026-01-28 00:26:29,0
2026-01-28 00:26:30,0
2026-01-28 00:26:31,0
2026-01-28 00:26:32,0
2026-01-28 00:26:33,0
2026-01-28 00:26:34,0
2026-01-28 00:26:35,0
2026-01-28 00:26:36,0
2026-01-28 00:26:37,0
2026-01-28 00:26:38,0
2026-01-28 00:26:39,0
2026-01-28 00:26:40,0
2026-01-28 00:26:41,0
2026-01-28 00:26:42,0
2026-01-28 00:26:43,0
2026-01-28 00:27:59,4.17
2026-01-28 00:28:00,4.17
2026-01-28 00:28:01,4.17
2026-01-28 00:28:02,4.17
2026-01-28 00:28:03,4.17
2026-01-28 00:28:04,7.10
2026-01-28 00:28:05,7.10
2026-01-28 00:28:06,7.10
2026-01-28 00:28:07,7.10
2026-01-28 00:28:08,7.10
2026-01-28 00:28:09,9.13
2026-01-28 00:28:10,9.13
2026-01-28 00:28:11,9.13
2026-01-28 00:28:12,9.13
2026-01-28 00:28:13,9.13
2026-01-28 00:28:14,6.60
2026-01-28 00:28:15,6.60
2026-01-28 00:28:16,6.60
2026-01-28 00:28:17,6.60
2026-01-28 00:28:18,6.60
2026-01-28 00:28:19,7.25
2026-01-28 00:28:20,7.25
2026-01-28 00:28:21,7.25
2026-01-28 00:28:22,7.25
2026-01-28 00:28:23,7.25
2026-01-28 00:28:24,6.93
2026-01-28 00:28:25,6.93
2026-01-28 00:28:26,6.93
2026-01-28 00:28:27,6.93
2026-01-28 00:28:28,6.93
2026-01-28 00:28:29,7.43
2026-01-28 00:28:30,7.43
2026-01-28 00:28:31,7.43
2026-01-28 00:28:32,7.43
2026-01-28 00:28:33,7.43
2026-01-28 00:28:34,6.88
2026-01-28 00:28:35,6.88
2026-01-28 00:28:36,6.88
2026-01-28 00:28:37,6.88
2026-01-28 00:28:38,6.88
2026-01-28 00:28:39,7.16
2026-01-28 00:28:40,7.16
2026-01-28 00:28:41,7.16
2026-01-28 00:28:42,7.16
2026-01-28 00:28:43,7.16
2026-01-28 00:28:44,6.59
2026-01-28 00:28:45,6.59
2026-01-28 00:28:46,6.59
2026-01-28 00:28:47,6.59
2026-01-28 00:28:48,6.59
2026-01-28 00:28:49,7.05
2026-01-28 00:28:50,7.05
2026-01-28 00:28:51,7.05
2026-01-28 00:28:52,7.05
2026-01-28 00:28:53,7.05
2026-01-28 00:28:54,6.98
2026-01-28 00:28:55,6.98
2026-01-28 00:28:56,6.98
2026-01-28 00:28:57,6.98
2026-01-28 00:28:58,6.98
2026-01-28 00:28:59,7.62
2026-01-28 00:29:00,7.62
2026-01-28 00:29:01,7.62
2026-01-28 00:29:02,7.62
2026-01-28 00:29:03,7.62
2026-01-28 00:29:04,7.08
2026-01-28 00:29:05,7.08
2026-01-28 00:29:06,7.08
2026-01-28 00:29:07,7.08
2026-01-28 00:29:08,7.08
2026-01-28 00:29:09,6.95
2026-01-28 00:29:10,6.95
2026-01-28 00:29:11,6.95
2026-01-28 00:29:12,6.95
2026-01-28 00:29:13,6.95
2026-01-28 00:29:14,7.58
2026-01-28 00:29:15,7.58
2026-01-28 00:29:16,7.58
2026-01-28 00:29:17,7.58
2026-01-28 00:29:18,7.58
2026-01-28 00:29:19,8.43
2026-01-28 00:29:20,8.43
2026-01-28 00:29:21,8.43
2026-01-28 00:29:22,8.43
2026-01-28 00:29:23,8.43
2026-01-28 00:29:24,8.08
2026-01-28 00:29:25,8.08
2026-01-28 00:29:26,8.08
2026-01-28 00:29:27,8.08
2026-01-28 00:29:28,8.08
2026-01-28 00:29:29,8.15
2026-01-28 00:29:30,8.15
2026-01-28 00:29:31,8.15
2026-01-28 00:29:32,8.15
2026-01-28 00:29:33,8.15
2026-01-28 00:29:34,7.90
2026-01-28 00:29:35,7.90
2026-01-28 00:29:36,7.90
2026-01-28 00:29:37,7.90
2026-01-28 00:29:38,7.90
2026-01-28 00:29:39,8.23
2026-01-28 00:29:40,8.23
2026-01-28 00:29:41,8.23
2026-01-28 00:29:42,8.23
2026-01-28 00:29:43,8.23
2026-01-28 00:29:44,7.97
2026-01-28 00:29:45,7.97
2026-01-28 00:29:46,7.97
2026-01-28 00:29:47,7.97
2026-01-28 00:29:48,7.97
2026-01-28 00:29:49,9.00
2026-01-28 00:29:50,9.00
2026-01-28 00:29:51,9.00
2026-01-28 00:29:52,9.00
2026-01-28 00:29:53,9.00
2026-01-28 00:29:54,8.69
2026-01-28 00:29:55,8.69
2026-01-28 00:29:56,8.69
2026-01-28 00:29:57,8.69
2026-01-28 00:29:58,8.69
2026-01-28 00:29:59,9.03
2026-01-28 00:30:00,9.03
2026-01-28 00:30:01,9.03
2026-01-28 00:30:02,9.03
2026-01-28 00:30:03,9.03
2026-01-28 00:30:04,9.01
2026-01-28 00:30:05,9.01
2026-01-28 00:30:06,9.01
2026-01-28 00:30:07,9.01
2026-01-28 00:30:08,9.01
2026-01-28 00:30:09,9.22
2026-01-28 00:30:10,9.22
2026-01-28 00:30:11,9.22
2026-01-28 00:30:12,9.22
2026-01-28 00:30:13,9.22
2026-01-28 00:30:14,8.36
2026-01-28 00:30:15,8.36
2026-01-28 00:30:16,8.36
2026-01-28 00:30:17,8.36
2026-01-28 00:30:18,8.36
2026-01-28 00:30:19,9.18
2026-01-28 00:30:20,9.18
2026-01-28 00:30:21,9.18
2026-01-28 00:30:22,9.18
2026-01-28 00:30:23,9.18
2026-01-28 00:30:24,7.74
2026-01-28 00:30:25,7.74
2026-01-28 00:30:26,7.74
2026-01-28 00:30:27,7.74
2026-01-28 00:30:28,7.74
2026-01-28 00:30:29,9.43
2026-01-28 00:30:30,9.43
2026-01-28 00:30:31,9.43
2026-01-28 00:30:32,9.43
2026-01-28 00:30:33,9.43
2026-01-28 00:30:34,9.13
2026-01-28 00:30:35,9.13
2026-01-28 00:30:36,9.13
2026-01-28 00:30:37,9.13
2026-01-28 00:30:38,9.13
2026-01-28 00:30:39,9.59
2026-01-28 00:30:40,9.59
2026-01-28 00:30:41,9.59
2026-01-28 00:30:42,9.59
2026-01-28 00:30:43,9.59
2026-01-28 00:30:44,9.10
2026-01-28 00:30:45,9.10
2026-01-28 00:30:46,9.10
2026-01-28 00:30:47,9.10
2026-01-28 00:30:48,9.10
2026-01-28 00:30:49,9.40
2026-01-28 00:30:50,9.40
2026-01-28 00:30:51,9.40
2026-01-28 00:30:52,9.40
2026-01-28 00:30:53,9.40
2026-01-28 00:30:54,8.91
2026-01-28 00:30:55,8.91
2026-01-28 00:30:56,8.91
2026-01-28 00:30:57,8.91
2026-01-28 00:30:58,8.91
2026-01-28 00:30:59,9.15
2026-01-28 00:31:00,9.15
2026-01-28 00:31:01,9.15
2026-01-28 00:31:02,9.15
2026-01-28 00:31:03,9.15
2026-01-28 00:31:04,8.84
2026-01-28 00:31:05,8.84
2026-01-28 00:31:06,8.84
2026-01-28 00:31:07,8.84
2026-01-28 00:31:08,8.84
2026-01-28 00:31:09,9.46
2026-01-28 00:31:10,9.46
2026-01-28 00:31:11,9.46
2026-01-28 00:31:12,9.46
2026-01-28 00:31:13,9.46
2026-01-28 00:31:14,9.67
2026-01-28 00:31:15,9.67
2026-01-28 00:31:16,9.67
2026-01-28 00:31:17,9.67
2026-01-28 00:31:18,9.67
2026-01-28 00:31:19,9.63
2026-01-28 00:31:20,9.63
2026-01-28 00:31:21,9.63
2026-01-28 00:31:22,9.63
2026-01-28 00:31:23,9.63
2026-01-28 00:31:24,9.04
2026-01-28 00:31:25,9.04
2026-01-28 00:31:26,9.04
2026-01-28 00:31:27,9.04
2026-01-28 00:31:28,9.04
2026-01-28 00:31:29,9.31
2026-01-28 00:31:30,9.31
2026-01-28 00:31:31,9.31
2026-01-28 00:31:32,9.31
2026-01-28 00:31:33,9.31
2026-01-28 00:31:34,8.90
2026-01-28 00:31:35,8.90
2026-01-28 00:31:36,8.90
2026-01-28 00:31:37,8.90
2026-01-28 00:31:38,8.90
2026-01-28 00:31:39,9.18
2026-01-28 00:31:40,9.18
2026-01-28 00:31:41,9.18
2026-01-28 00:31:42,9.18
2026-01-28 00:31:43,9.18
2026-01-28 00:31:44,8.76
2026-01-28 00:31:45,8.76
2026-01-28 00:31:46,8.76
2026-01-28 00:31:47,8.76
2026-01-28 00:31:48,8.76
2026-01-28 00:31:49,9.17
2026-01-28 00:31:50,9.17
2026-01-28 00:31:51,9.17
2026-01-28 00:31:52,9.17
2026-01-28 00:31:53,9.17
2026-01-28 00:31:54,9.36
2026-01-28 00:31:55,9.36
2026-01-28 00:31:56,9.36
2026-01-28 00:31:57,9.36
2026-01-28 00:31:58,9.36
2026-01-28 00:31:59,9.43
2026-01-28 00:32:00,9.43
2026-01-28 00:32:01,9.43
2026-01-28 00:32:02,9.43
2026-01-28 00:32:03,9.43
2026-01-28 00:32:04,8.81
2026-01-28 00:32:05,8.81
2026-01-28 00:32:06,8.81
2026-01-28 00:32:07,8.81
2026-01-28 00:32:08,8.81
2026-01-28 00:32:09,9.12
2026-01-28 00:32:10,9.12
2026-01-28 00:32:11,9.12
2026-01-28 00:32:12,9.12
2026-01-28 00:32:13,9.12
2026-01-28 00:32:14,9.46
2026-01-28 00:32:15,9.46
2026-01-28 00:32:16,9.46
2026-01-28 00:32:17,9.46
2026-01-28 00:32:18,9.46
2026-01-28 00:32:19,9.92
2026-01-28 00:32:20,9.92
2026-01-28 00:32:21,9.92
2026-01-28 00:32:22,9.92
2026-01-28 00:32:23,9.92
2026-01-28 00:32:24,9.90
2026-01-28 00:32:25,9.90
2026-01-28 00:32:26,9.90
2026-01-28 00:32:27,9.90
2026-01-28 00:32:28,9.90
2026-01-28 00:32:29,9.53
2026-01-28 00:32:30,9.53
2026-01-28 00:32:31,9.53
2026-01-28 00:32:32,9.53
2026-01-28 00:32:33,9.53
2026-01-28 00:32:34,9.19
2026-01-28 00:32:35,9.19
2026-01-28 00:32:36,9.19
2026-01-28 00:32:37,9.19
2026-01-28 00:32:38,9.19
2026-01-28 00:32:39,9.45
2026-01-28 00:32:40,9.45
2026-01-28 00:32:41,9.45
2026-01-28 00:32:42,9.45
2026-01-28 00:32:43,9.45
2026-01-28 00:32:44,8.98
2026-01-28 00:32:45,8.98
2026-01-28 00:32:46,8.98
2026-01-28 00:32:47,8.98
2026-01-28 00:32:48,8.98
2026-01-28 00:32:49,9.35
2026-01-28 00:32:50,9.35
2026-01-28 00:32:51,9.35
2026-01-28 00:32:52,9.35
2026-01-28 00:32:53,9.35
2026-01-28 00:32:54,9.19
2026-01-28 00:32:55,9.19
2026-01-28 00:32:56,9.19
2026-01-28 00:32:57,9.19
2026-01-28 00:32:58,9.19
2026-01-28 00:32:59,9.68
2026-01-28 00:33:00,9.68
2026-01-28 00:33:01,9.68
2026-01-28 00:33:02,9.68
2026-01-28 00:33:03,9.68
2026-01-28 00:33:04,9.07
2026-01-28 00:33:05,9.07
2026-01-28 00:33:06,9.07
2026-01-28 00:33:07,9.07
2026-01-28 00:33:08,9.07
2026-01-28 00:33:09,0
2026-01-28 00:33:10,0
2026-01-28 00:33:11,0
2026-01-28 00:33:12,0
2026-01-28 00:33:13,0
2026-01-28 00:33:14,0
2026-01-28 00:33:15,0
2026-01-28 00:33:16,0
2026-01-28 00:33:17,0
2026-01-28 00:33:18,0
2026-01-28 00:33:19,0
2026-01-28 00:33:20,0
2026-01-28 00:33:21,0
2026-01-28 00:33:22,0
2026-01-28 00:33:23,0
2026-01-28 00:33:24,0
2026-01-28 00:33:25,0
2026-01-28 00:33:26,0
2026-01-28 00:33:27,0
2026-01-28 00:33:28,0
2026-01-28 00:33:29,0
2026-01-28 00:33:30,0
2026-01-28 00:33:31,0
2026-01-28 00:33:32,0
2026-01-28 00:33:33,0
2026-01-28 00:33:34,0
2026-01-28 00:33:35,0
2026-01-28 00:33:36,0
2026-01-28 00:33:37,0
2026-01-28 00:33:38,0
2026-01-28 00:33:39,0
2026-01-28 00:33:40,0
2026-01-28 00:33:41,0
2026-01-28 00:33:42,0
2026-01-28 00:33:43,0
2026-01-28 00:33:44,0
2026-01-28 00:33:45,0
2026-01-28 00:33:46,0
2026-01-28 00:33:47,0
2026-01-28 00:33:48,0
2026-01-28 00:33:49,0
2026-01-28 00:33:50,0
2026-01-28 00:33:51,0
2026-01-28 00:33:52,0
2026-01-28 00:33:53,0
2026-01-28 00:33:54,0
2026-01-28 00:33:55,0
2026-01-28 00:33:56,0
2026-01-28 00:33:57,0
2026-01-28 00:33:58,0
2026-01-28 00:33:59,0
2026-01-28 00:34:00,0
2026-01-28 00:34:01,0
2026-01-28 00:34:02,0
2026-01-28 00:34:03,0
2026-01-28 00:34:04,0
2026-01-28 00:34:05,0
2026-01-28 00:34:06,0
2026-01-28 00:34:07,0
2026-01-28 00:34:08,0
2026-01-28 00:34:09,0
2026-01-28 00:34:10,0
2026-01-28 00:34:11,0
2026-01-28 00:34:12,0
2026-01-28 00:34:13,0
2026-01-28 00:34:14,0
2026-01-28 00:34:15,0
2026-01-28 00:34:16,0
2026-01-28 00:34:17,0
2026-01-28 00:34:18,0
2026-01-28 00:34:19,0
2026-01-28 00:34:20,0
2026-01-28 00:34:21,0
2026-01-28 00:34:22,0
2026-01-28 00:34:23,0
2026-01-28 00:34:24,0
2026-01-28 00:34:25,0
2026-01-28 00:34:26,0
2026-01-28 00:34:27,0
2026-01-28 00:34:28,0
2026-01-28 00:34:29,0
2026-01-28 00:34:30,0
2026-01-28 00:34:31,0
2026-01-28 00:34:32,0
2026-01-28 00:34:33,0
2026-01-28 00:34:34,0
2026-01-28 00:34:35,0
2026-01-28 00:34:36,0
2026-01-28 00:34:37,0
2026-01-28 00:34:38,0
2026-01-28 00:34:39,0
2026-01-28 00:34:40,0
2026-01-28 00:34:41,0
2026-01-28 00:34:42,0
2026-01-28 00:34:43,0
2026-01-28 00:37:29,4.48
2026-01-28 00:37:30,4.48
2026-01-28 00:37:31,4.48
2026-01-28 00:37:32,4.48
2026-01-28 00:37:33,4.48
2026-01-28 00:37:34,7.90
2026-01-28 00:37:35,7.90
2026-01-28 00:37:36,7.90
2026-01-28 00:37:37,7.90
2026-01-28 00:37:38,7.90
2026-01-28 00:37:39,7.67
2026-01-28 00:37:40,7.67
2026-01-28 00:37:41,7.67
2026-01-28 00:37:42,7.67
2026-01-28 00:37:43,7.67
2026-01-28 00:37:44,7.62
2026-01-28 00:37:45,7.62
2026-01-28 00:37:46,7.62
2026-01-28 00:37:47,7.62
2026-01-28 00:37:48,7.62
2026-01-28 00:37:49,7.49
2026-01-28 00:37:50,7.49
2026-01-28 00:37:51,7.49
2026-01-28 00:37:52,7.49
2026-01-28 00:37:53,7.49
2026-01-28 00:37:54,7.49
2026-01-28 00:37:55,7.49
2026-01-28 00:37:56,7.49
2026-01-28 00:37:57,7.49
2026-01-28 00:37:58,7.49
2026-01-28 00:37:59,7.77
2026-01-28 00:38:00,7.77
2026-01-28 00:38:01,7.77
2026-01-28 00:38:02,7.77
2026-01-28 00:38:03,7.77
2026-01-28 00:38:04,7.51
2026-01-28 00:38:05,7.51
2026-01-28 00:38:06,7.51
2026-01-28 00:38:07,7.51
2026-01-28 00:38:08,7.51
2026-01-28 00:38:09,7.41
2026-01-28 00:38:10,7.41
2026-01-28 00:38:11,7.41
2026-01-28 00:38:12,7.41
2026-01-28 00:38:13,7.41
2026-01-28 00:38:14,7.66
2026-01-28 00:38:15,7.66
2026-01-28 00:38:16,7.66
2026-01-28 00:38:17,7.66
2026-01-28 00:38:18,7.66
2026-01-28 00:38:19,7.50
2026-01-28 00:38:20,7.50
2026-01-28 00:38:21,7.50
2026-01-28 00:38:22,7.50
2026-01-28 00:38:23,7.50
2026-01-28 00:38:24,7.70
2026-01-28 00:38:25,7.70
2026-01-28 00:38:26,7.70
2026-01-28 00:38:27,7.70
2026-01-28 00:38:28,7.70
2026-01-28 00:38:29,7.57
2026-01-28 00:38:30,7.57
2026-01-28 00:38:31,7.57
2026-01-28 00:38:32,7.57
2026-01-28 00:38:33,7.57
2026-01-28 00:38:34,7.47
2026-01-28 00:38:35,7.47
2026-01-28 00:38:36,7.47
2026-01-28 00:38:37,7.47
2026-01-28 00:38:38,7.47
2026-01-28 00:38:39,7.45
2026-01-28 00:38:40,7.45
2026-01-28 00:38:41,7.45
2026-01-28 00:38:42,7.45
2026-01-28 00:38:43,7.45
2026-01-28 00:38:44,7.68
2026-01-28 00:38:45,7.68
2026-01-28 00:38:46,7.68
2026-01-28 00:38:47,7.68
2026-01-28 00:38:48,7.68
2026-01-28 00:38:49,7.55
2026-01-28 00:38:50,7.55
2026-01-28 00:38:51,7.55
2026-01-28 00:38:52,7.55
2026-01-28 00:38:53,7.55
2026-01-28 00:38:54,7.51
2026-01-28 00:38:55,7.51
2026-01-28 00:38:56,7.51
2026-01-28 00:38:57,7.51
2026-01-28 00:38:58,7.51
2026-01-28 00:38:59,7.77
2026-01-28 00:39:00,7.77
2026-01-28 00:39:01,7.77
2026-01-28 00:39:02,7.77
2026-01-28 00:39:03,7.77
2026-01-28 00:39:04,7.54
2026-01-28 00:39:05,7.54
2026-01-28 00:39:06,7.54
2026-01-28 00:39:07,7.54
2026-01-28 00:39:08,7.54
2026-01-28 00:39:09,7.57
2026-01-28 00:39:10,7.57
2026-01-28 00:39:11,7.57
2026-01-28 00:39:12,7.57
2026-01-28 00:39:13,7.57
2026-01-28 00:39:14,7.27
2026-01-28 00:39:15,7.27
2026-01-28 00:39:16,7.27
2026-01-28 00:39:17,7.27
2026-01-28 00:39:18,7.27
2026-01-28 00:39:19,9.02
2026-01-28 00:39:20,9.02
2026-01-28 00:39:21,9.02
2026-01-28 00:39:22,9.02
2026-01-28 00:39:23,9.02
2026-01-28 00:39:24,9.06
2026-01-28 00:39:25,9.06
2026-01-28 00:39:26,9.06
2026-01-28 00:39:27,9.06
2026-01-28 00:39:28,9.06
2026-01-28 00:39:29,9.22
2026-01-28 00:39:30,9.22
2026-01-28 00:39:31,9.22
2026-01-28 00:39:32,9.22
2026-01-28 00:39:33,9.22
2026-01-28 00:39:34,8.48
2026-01-28 00:39:35,8.48
2026-01-28 00:39:36,8.48
2026-01-28 00:39:37,8.48
2026-01-28 00:39:38,8.48
2026-01-28 00:39:39,8.51
2026-01-28 00:39:40,8.51
2026-01-28 00:39:41,8.51
2026-01-28 00:39:42,8.51
2026-01-28 00:39:43,8.51
2026-01-28 00:39:44,8.38
2026-01-28 00:39:45,8.38
2026-01-28 00:39:46,8.38
2026-01-28 00:39:47,8.38
2026-01-28 00:39:48,8.38
2026-01-28 00:39:49,8.98
2026-01-28 00:39:50,8.98
2026-01-28 00:39:51,8.98
2026-01-28 00:39:52,8.98
2026-01-28 00:39:53,8.98
2026-01-28 00:39:54,8.88
2026-01-28 00:39:55,8.88
2026-01-28 00:39:56,8.88
2026-01-28 00:39:57,8.88
2026-01-28 00:39:58,8.88
2026-01-28 00:39:59,9.29
2026-01-28 00:40:00,9.29
2026-01-28 00:40:01,9.29
2026-01-28 00:40:02,9.29
2026-01-28 00:40:03,9.29
2026-01-28 00:40:04,8.95
2026-01-28 00:40:05,8.95
2026-01-28 00:40:06,8.95
2026-01-28 00:40:07,8.95
2026-01-28 00:40:08,8.95
2026-01-28 00:40:09,9.05
2026-01-28 00:40:10,9.05
2026-01-28 00:40:11,9.05
2026-01-28 00:40:12,9.05
2026-01-28 00:40:13,9.05
2026-01-28 00:40:14,8.89
2026-01-28 00:40:15,8.89
2026-01-28 00:40:16,8.89
2026-01-28 00:40:17,8.89
2026-01-28 00:40:18,8.89
2026-01-28 00:40:19,9.03
2026-01-28 00:40:20,9.03
2026-01-28 00:40:21,9.03
2026-01-28 00:40:22,9.03
2026-01-28 00:40:23,9.03
2026-01-28 00:40:24,9.30
2026-01-28 00:40:25,9.30
2026-01-28 00:40:26,9.30
2026-01-28 00:40:27,9.30
2026-01-28 00:40:28,9.30
2026-01-28 00:40:29,8.96
2026-01-28 00:40:30,8.96
2026-01-28 00:40:31,8.96
2026-01-28 00:40:32,8.96
2026-01-28 00:40:33,8.96
2026-01-28 00:40:34,8.89
2026-01-28 00:40:35,8.89
2026-01-28 00:40:36,8.89
2026-01-28 00:40:37,8.89
2026-01-28 00:40:38,8.89
2026-01-28 00:40:39,8.99
2026-01-28 00:40:40,8.99
2026-01-28 00:40:41,8.99
2026-01-28 00:40:42,8.99
2026-01-28 00:40:43,8.99
2026-01-28 00:40:44,10.0
2026-01-28 00:40:45,10.0
2026-01-28 00:40:46,10.0
2026-01-28 00:40:47,10.0
2026-01-28 00:40:48,10.0
2026-01-28 00:40:49,8.53
2026-01-28 00:40:50,8.53
2026-01-28 00:40:51,8.53
2026-01-28 00:40:52,8.53
2026-01-28 00:40:53,8.53
2026-01-28 00:40:54,8.60
2026-01-28 00:40:55,8.60
2026-01-28 00:40:56,8.60
2026-01-28 00:40:57,8.60
2026-01-28 00:40:58,8.60
2026-01-28 00:40:59,9.51
2026-01-28 00:41:00,9.51
2026-01-28 00:41:01,9.51
2026-01-28 00:41:02,9.51
2026-01-28 00:41:03,9.51
2026-01-28 00:41:04,8.58
2026-01-28 00:41:05,8.58
2026-01-28 00:41:06,8.58
2026-01-28 00:41:07,8.58
2026-01-28 00:41:08,8.58
2026-01-28 00:41:09,8.76
2026-01-28 00:41:10,8.76
2026-01-28 00:41:11,8.76
2026-01-28 00:41:12,8.76
2026-01-28 00:41:13,8.76
2026-01-28 00:41:14,8.51
2026-01-28 00:41:15,8.51
2026-01-28 00:41:16,8.51
2026-01-28 00:41:17,8.51
2026-01-28 00:41:18,8.51
2026-01-28 00:41:19,8.51
2026-01-28 00:41:20,8.51
2026-01-28 00:41:21,8.51
2026-01-28 00:41:22,8.51
2026-01-28 00:41:23,8.51
2026-01-28 00:41:24,8.95
2026-01-28 00:41:25,8.95
2026-01-28 00:41:26,8.95
2026-01-28 00:41:27,8.95
2026-01-28 00:41:28,8.95
2026-01-28 00:41:29,8.81
2026-01-28 00:41:30,8.81
2026-01-28 00:41:31,8.81
2026-01-28 00:41:32,8.81
2026-01-28 00:41:33,8.81
2026-01-28 00:41:34,8.58
2026-01-28 00:41:35,8.58
2026-01-28 00:41:36,8.58
2026-01-28 00:41:37,8.58
2026-01-28 00:41:38,8.58
2026-01-28 00:41:39,8.52
2026-01-28 00:41:40,8.52
2026-01-28 00:41:41,8.52
2026-01-28 00:41:42,8.52
2026-01-28 00:41:43,8.52
2026-01-28 00:41:44,8.68
2026-01-28 00:41:45,8.68
2026-01-28 00:41:46,8.68
2026-01-28 00:41:47,8.68
2026-01-28 00:41:48,8.68
2026-01-28 00:41:49,8.50
2026-01-28 00:41:50,8.50
2026-01-28 00:41:51,8.50
2026-01-28 00:41:52,8.50
2026-01-28 00:41:53,8.50
2026-01-28 00:41:54,8.60
2026-01-28 00:41:55,8.60
2026-01-28 00:41:56,8.60
2026-01-28 00:41:57,8.60
2026-01-28 00:41:58,8.60
2026-01-28 00:41:59,8.78
2026-01-28 00:42:00,8.78
2026-01-28 00:42:01,8.78
2026-01-28 00:42:02,8.78
2026-01-28 00:42:03,8.78
2026-01-28 00:42:04,10.4
2026-01-28 00:42:05,10.4
2026-01-28 00:42:06,10.4
2026-01-28 00:42:07,10.4
2026-01-28 00:42:08,10.4
2026-01-28 00:42:09,9.73
2026-01-28 00:42:10,9.73
2026-01-28 00:42:11,9.73
2026-01-28 00:42:12,9.73
2026-01-28 00:42:13,9.73
2026-01-28 00:42:14,8.09
2026-01-28 00:42:15,8.09
2026-01-28 00:42:16,8.09
2026-01-28 00:42:17,8.09
2026-01-28 00:42:18,8.09
2026-01-28 00:42:19,9.00
2026-01-28 00:42:20,9.00
2026-01-28 00:42:21,9.00
2026-01-28 00:42:22,9.00
2026-01-28 00:42:23,9.00
2026-01-28 00:42:24,0
2026-01-28 00:42:25,0
2026-01-28 00:42:26,0
2026-01-28 00:42:27,0
2026-01-28 00:42:28,0
2026-01-28 00:42:29,0
2026-01-28 00:42:30,0
2026-01-28 00:42:31,0
2026-01-28 00:42:32,0
2026-01-28 00:42:33,0
2026-01-28 00:42:34,0
2026-01-28 00:42:35,0
2026-01-28 00:42:36,0
2026-01-28 00:42:37,0
2026-01-28 00:42:38,0
2026-01-28 00:42:39,0
2026-01-28 00:42:40,0
2026-01-28 00:42:41,0
2026-01-28 00:42:42,0
2026-01-28 00:42:43,0
2026-01-28 00:42:44,0
2026-01-28 00:42:45,0
2026-01-28 00:42:46,0
2026-01-28 00:42:47,0
2026-01-28 00:42:48,0
2026-01-28 00:42:49,0
2026-01-28 00:42:50,0
2026-01-28 00:42:51,0
2026-01-28 00:42:52,0
2026-01-28 00:42:53,0
2026-01-28 00:42:54,0
2026-01-28 00:42:55,0
2026-01-28 00:42:56,0
2026-01-28 00:42:57,0
2026-01-28 00:42:58,0
2026-01-28 00:42:59,0
2026-01-28 00:43:00,0
2026-01-28 00:43:01,0
2026-01-28 00:43:02,0
2026-01-28 00:43:03,0
2026-01-28 00:43:04,0
2026-01-28 00:43:05,0
2026-01-28 00:43:06,0
2026-01-28 00:43:07,0
2026-01-28 00:43:08,0
2026-01-28 00:43:09,0
2026-01-28 00:43:10,0
2026-01-28 00:43:11,0
2026-01-28 00:43:12,0
2026-01-28 00:43:13,0
2026-01-28 00:43:14,0
2026-01-28 00:43:15,0
2026-01-28 00:43:16,0
2026-01-28 00:43:17,0
2026-01-28 00:43:18,0
2026-01-28 00:43:19,0
2026-01-28 00:43:20,0
2026-01-28 00:43:21,0
2026-01-28 00:43:22,0
2026-01-28 00:43:23,0
2026-01-28 00:43:24,0
2026-01-28 00:43:25,0
2026-01-28 00:43:26,0
2026-01-28 00:43:27,0
2026-01-28 00:43:28,0
2026-01-28 00:43:29,0
2026-01-28 00:43:30,0
2026-01-28 00:43:31,0
2026-01-28 00:43:32,0
2026-01-28 00:43:33,0
2026-01-28 00:43:34,0
2026-01-28 00:43:35,0
2026-01-28 00:43:36,0
2026-01-28 00:43:37,0
2026-01-28 00:43:38,0
2026-01-28 00:43:39,0
2026-01-28 00:43:40,0
2026-01-28 00:43:41,0
2026-01-28 00:43:42,0
2026-01-28 00:43:43,0
2026-01-28 00:43:44,0
2026-01-28 00:43:45,0
2026-01-28 00:43:46,0
2026-01-28 00:43:47,0
2026-01-28 00:43:48,0
2026-01-28 00:43:49,0
2026-01-28 00:43:50,0
2026-01-28 00:43:51,0
2026-01-28 00:43:52,0
2026-01-28 00:43:53,0
2026-01-28 00:43:54,0
2026-01-28 00:43:55,0
2026-01-28 00:43:56,0
2026-01-28 00:43:57,0
2026-01-28 00:43:58,0
2026-01-28 00:47:39,1.35
2026-01-28 00:47:40,1.35
2026-01-28 00:47:41,1.35
2026-01-28 00:47:42,1.35
2026-01-28 00:47:43,1.35
2026-01-28 00:47:44,6.36
2026-01-28 00:47:45,6.36
2026-01-28 00:47:46,6.36
2026-01-28 00:47:47,6.36
2026-01-28 00:47:48,6.36
2026-01-28 00:47:49,6.44
2026-01-28 00:47:50,6.44
2026-01-28 00:47:51,6.44
2026-01-28 00:47:52,6.44
2026-01-28 00:47:53,6.44
2026-01-28 00:47:54,6.84
2026-01-28 00:47:55,6.84
2026-01-28 00:47:56,6.84
2026-01-28 00:47:57,6.84
2026-01-28 00:47:58,6.84
2026-01-28 00:47:59,6.43
2026-01-28 00:48:00,6.43
2026-01-28 00:48:01,6.43
2026-01-28 00:48:02,6.43
2026-01-28 00:48:03,6.43
2026-01-28 00:48:04,8.09
2026-01-28 00:48:05,8.09
2026-01-28 00:48:06,8.09
2026-01-28 00:48:07,8.09
2026-01-28 00:48:08,8.09
2026-01-28 00:48:09,8.21
2026-01-28 00:48:10,8.21
2026-01-28 00:48:11,8.21
2026-01-28 00:48:12,8.21
2026-01-28 00:48:13,8.21
2026-01-28 00:48:14,7.48
2026-01-28 00:48:15,7.48
2026-01-28 00:48:16,7.48
2026-01-28 00:48:17,7.48
2026-01-28 00:48:18,7.48
2026-01-28 00:48:19,7.55
2026-01-28 00:48:20,7.55
2026-01-28 00:48:21,7.55
2026-01-28 00:48:22,7.55
2026-01-28 00:48:23,7.55
2026-01-28 00:48:24,7.71
2026-01-28 00:48:25,7.71
2026-01-28 00:48:26,7.71
2026-01-28 00:48:27,7.71
2026-01-28 00:48:28,7.71
2026-01-28 00:48:29,7.70
2026-01-28 00:48:30,7.70
2026-01-28 00:48:31,7.70
2026-01-28 00:48:32,7.70
2026-01-28 00:48:33,7.70
2026-01-28 00:48:34,8.01
2026-01-28 00:48:35,8.01
2026-01-28 00:48:36,8.01
2026-01-28 00:48:37,8.01
2026-01-28 00:48:38,8.01
2026-01-28 00:48:39,7.72
2026-01-28 00:48:40,7.72
2026-01-28 00:48:41,7.72
2026-01-28 00:48:42,7.72
2026-01-28 00:48:43,7.72
2026-01-28 00:48:44,7.34
2026-01-28 00:48:45,7.34
2026-01-28 00:48:46,7.34
2026-01-28 00:48:47,7.34
2026-01-28 00:48:48,7.34
2026-01-28 00:48:49,7.78
2026-01-28 00:48:50,7.78
2026-01-28 00:48:51,7.78
2026-01-28 00:48:52,7.78
2026-01-28 00:48:53,7.78
2026-01-28 00:48:54,7.87
2026-01-28 00:48:55,7.87
2026-01-28 00:48:56,7.87
2026-01-28 00:48:57,7.87
2026-01-28 00:48:58,7.87
2026-01-28 00:48:59,9.19
2026-01-28 00:49:00,9.19
2026-01-28 00:49:01,9.19
2026-01-28 00:49:02,9.19
2026-01-28 00:49:03,9.19
2026-01-28 00:49:04,8.51
2026-01-28 00:49:05,8.51
2026-01-28 00:49:06,8.51
2026-01-28 00:49:07,8.51
2026-01-28 00:49:08,8.51
2026-01-28 00:49:09,8.80
2026-01-28 00:49:10,8.80
2026-01-28 00:49:11,8.80
2026-01-28 00:49:12,8.80
2026-01-28 00:49:13,8.80
2026-01-28 00:49:14,8.63
2026-01-28 00:49:15,8.63
2026-01-28 00:49:16,8.63
2026-01-28 00:49:17,8.63
2026-01-28 00:49:18,8.63
2026-01-28 00:49:19,8.78
2026-01-28 00:49:20,8.78
2026-01-28 00:49:21,8.78
2026-01-28 00:49:22,8.78
2026-01-28 00:49:23,8.78
2026-01-28 00:49:24,8.78
2026-01-28 00:49:25,8.78
2026-01-28 00:49:26,8.78
2026-01-28 00:49:27,8.78
2026-01-28 00:49:28,8.78
2026-01-28 00:49:29,8.84
2026-01-28 00:49:30,8.84
2026-01-28 00:49:31,8.84
2026-01-28 00:49:32,8.84
2026-01-28 00:49:33,8.84
2026-01-28 00:49:34,8.53
2026-01-28 00:49:35,8.53
2026-01-28 00:49:36,8.53
2026-01-28 00:49:37,8.53
2026-01-28 00:49:38,8.53
2026-01-28 00:49:39,8.81
2026-01-28 00:49:40,8.81
2026-01-28 00:49:41,8.81
2026-01-28 00:49:42,8.81
2026-01-28 00:49:43,8.81
2026-01-28 00:49:44,8.63
2026-01-28 00:49:45,8.63
2026-01-28 00:49:46,8.63
2026-01-28 00:49:47,8.63
2026-01-28 00:49:48,8.63
2026-01-28 00:49:49,8.71
2026-01-28 00:49:50,8.71
2026-01-28 00:49:51,8.71
2026-01-28 00:49:52,8.71
2026-01-28 00:49:53,8.71
2026-01-28 00:49:54,8.54
2026-01-28 00:49:55,8.54
2026-01-28 00:49:56,8.54
2026-01-28 00:49:57,8.54
2026-01-28 00:49:58,8.54
2026-01-28 00:49:59,8.92
2026-01-28 00:50:00,8.92
2026-01-28 00:50:01,8.92
2026-01-28 00:50:02,8.92
2026-01-28 00:50:03,8.92
2026-01-28 00:50:04,8.59
2026-01-28 00:50:05,8.59
2026-01-28 00:50:06,8.59
2026-01-28 00:50:07,8.59
2026-01-28 00:50:08,8.59
2026-01-28 00:50:09,8.85
2026-01-28 00:50:10,8.85
2026-01-28 00:50:11,8.85
2026-01-28 00:50:12,8.85
2026-01-28 00:50:13,8.85
2026-01-28 00:50:14,8.05
2026-01-28 00:50:15,8.05
2026-01-28 00:50:16,8.05
2026-01-28 00:50:17,8.05
2026-01-28 00:50:18,8.05
2026-01-28 00:50:19,9.13
2026-01-28 00:50:20,9.13
2026-01-28 00:50:21,9.13
2026-01-28 00:50:22,9.13
2026-01-28 00:50:23,9.13
2026-01-28 00:50:24,9.37
2026-01-28 00:50:25,9.37
2026-01-28 00:50:26,9.37
2026-01-28 00:50:27,9.37
2026-01-28 00:50:28,9.37
2026-01-28 00:50:29,9.62
2026-01-28 00:50:30,9.62
2026-01-28 00:50:31,9.62
2026-01-28 00:50:32,9.62
2026-01-28 00:50:33,9.62
2026-01-28 00:50:34,8.87
2026-01-28 00:50:35,8.87
2026-01-28 00:50:36,8.87
2026-01-28 00:50:37,8.87
2026-01-28 00:50:38,8.87
2026-01-28 00:50:39,8.92
2026-01-28 00:50:40,8.92
2026-01-28 00:50:41,8.92
2026-01-28 00:50:42,8.92
2026-01-28 00:50:43,8.92
2026-01-28 00:50:44,9.00
2026-01-28 00:50:45,9.00
2026-01-28 00:50:46,9.00
2026-01-28 00:50:47,9.00
2026-01-28 00:50:48,9.00
2026-01-28 00:50:49,9.28
2026-01-28 00:50:50,9.28
2026-01-28 00:50:51,9.28
2026-01-28 00:50:52,9.28
2026-01-28 00:50:53,9.28
2026-01-28 00:50:54,8.79
2026-01-28 00:50:55,8.79
2026-01-28 00:50:56,8.79
2026-01-28 00:50:57,8.79
2026-01-28 00:50:58,8.79
2026-01-28 00:50:59,8.99
2026-01-28 00:51:00,8.99
2026-01-28 00:51:01,8.99
2026-01-28 00:51:02,8.99
2026-01-28 00:51:03,8.99
2026-01-28 00:51:04,8.65
2026-01-28 00:51:05,8.65
2026-01-28 00:51:06,8.65
2026-01-28 00:51:07,8.65
2026-01-28 00:51:08,8.65
2026-01-28 00:51:09,8.99
2026-01-28 00:51:10,8.99
2026-01-28 00:51:11,8.99
2026-01-28 00:51:12,8.99
2026-01-28 00:51:13,8.99
2026-01-28 00:51:14,8.72
2026-01-28 00:51:15,8.72
2026-01-28 00:51:16,8.72
2026-01-28 00:51:17,8.72
2026-01-28 00:51:18,8.72
2026-01-28 00:51:19,9.19
2026-01-28 00:51:20,9.19
2026-01-28 00:51:21,9.19
2026-01-28 00:51:22,9.19
2026-01-28 00:51:23,9.19
2026-01-28 00:51:24,9.22
2026-01-28 00:51:25,9.22
2026-01-28 00:51:26,9.22
2026-01-28 00:51:27,9.22
2026-01-28 00:51:28,9.22
2026-01-28 00:51:29,9.27
2026-01-28 00:51:30,9.27
2026-01-28 00:51:31,9.27
2026-01-28 00:51:32,9.27
2026-01-28 00:51:33,9.27
2026-01-28 00:51:34,9.26
2026-01-28 00:51:35,9.26
2026-01-28 00:51:36,9.26
2026-01-28 00:51:37,9.26
2026-01-28 00:51:38,9.26
2026-01-28 00:51:39,10.3
2026-01-28 00:51:40,10.3
2026-01-28 00:51:41,10.3
2026-01-28 00:51:42,10.3
2026-01-28 00:51:43,10.3
2026-01-28 00:51:44,9.28
2026-01-28 00:51:45,9.28
2026-01-28 00:51:46,9.28
2026-01-28 00:51:47,9.28
2026-01-28 00:51:48,9.28
2026-01-28 00:51:49,8.12
2026-01-28 00:51:50,8.12
2026-01-28 00:51:51,8.12
2026-01-28 00:51:52,8.12
2026-01-28 00:51:53,8.12
2026-01-28 00:51:54,8.13
2026-01-28 00:51:55,8.13
2026-01-28 00:51:56,8.13
2026-01-28 00:51:57,8.13
2026-01-28 00:51:58,8.13
2026-01-28 00:51:59,8.10
2026-01-28 00:52:00,8.10
2026-01-28 00:52:01,8.10
2026-01-28 00:52:02,8.10
2026-01-28 00:52:03,8.10
2026-01-28 00:52:04,7.61
2026-01-28 00:52:05,7.61
2026-01-28 00:52:06,7.61
2026-01-28 00:52:07,7.61
2026-01-28 00:52:08,7.61
2026-01-28 00:52:09,7.75
2026-01-28 00:52:10,7.75
2026-01-28 00:52:11,7.75
2026-01-28 00:52:12,7.75
2026-01-28 00:52:13,7.75
2026-01-28 00:52:14,7.59
2026-01-28 00:52:15,7.59
2026-01-28 00:52:16,7.59
2026-01-28 00:52:17,7.59
2026-01-28 00:52:18,7.59
2026-01-28 00:52:19,7.83
2026-01-28 00:52:20,7.83
2026-01-28 00:52:21,7.83
2026-01-28 00:52:22,7.83
2026-01-28 00:52:23,7.83
2026-01-28 00:52:24,7.89
2026-01-28 00:52:25,7.89
2026-01-28 00:52:26,7.89
2026-01-28 00:52:27,7.89
2026-01-28 00:52:28,7.89
2026-01-28 00:52:29,7.87
2026-01-28 00:52:30,7.87
2026-01-28 00:52:31,7.87
2026-01-28 00:52:32,7.87
2026-01-28 00:52:33,7.87
2026-01-28 00:52:34,0
2026-01-28 00:52:35,0
2026-01-28 00:52:36,0
2026-01-28 00:52:37,0
2026-01-28 00:52:38,0
2026-01-28 00:52:39,0
2026-01-28 00:52:40,0
2026-01-28 00:52:41,0
2026-01-28 00:52:42,0
2026-01-28 00:52:43,0
2026-01-28 00:52:44,0
2026-01-28 00:52:45,0
2026-01-28 00:52:46,0
2026-01-28 00:52:47,0
2026-01-28 00:52:48,0
2026-01-28 00:52:49,0
2026-01-28 00:52:50,0
2026-01-28 00:52:51,0
2026-01-28 00:52:52,0
2026-01-28 00:52:53,0
2026-01-28 00:52:54,0
2026-01-28 00:52:55,0
2026-01-28 00:52:56,0
2026-01-28 00:52:57,0
2026-01-28 00:52:58,0
2026-01-28 00:52:59,0
2026-01-28 00:53:00,0
2026-01-28 00:53:01,0
2026-01-28 00:53:02,0
2026-01-28 00:53:03,0
2026-01-28 00:53:04,0
2026-01-28 00:53:05,0
2026-01-28 00:53:06,0
2026-01-28 00:53:07,0
2026-01-28 00:53:08,0
2026-01-28 00:53:09,0
2026-01-28 00:53:10,0
2026-01-28 00:53:11,0
2026-01-28 00:53:12,0
2026-01-28 00:53:13,0
2026-01-28 00:53:14,0
2026-01-28 00:53:15,0
2026-01-28 00:53:16,0
2026-01-28 00:53:17,0
2026-01-28 00:53:18,0
2026-01-28 00:53:19,0
2026-01-28 00:53:20,0
2026-01-28 00:53:21,0
2026-01-28 00:53:22,0
2026-01-28 00:53:23,0
2026-01-28 00:53:24,0
2026-01-28 00:53:25,0
2026-01-28 00:53:26,0
2026-01-28 00:53:27,0
2026-01-28 00:53:28,0
2026-01-28 00:53:29,0
2026-01-28 00:53:30,0
2026-01-28 00:53:31,0
2026-01-28 00:53:32,0
2026-01-28 00:53:33,0
2026-01-28 00:53:34,0
2026-01-28 00:53:35,0
2026-01-28 00:53:36,0
2026-01-28 00:53:37,0
2026-01-28 00:53:38,0
2026-01-28 00:53:39,0
2026-01-28 00:53:40,0
2026-01-28 00:53:41,0
2026-01-28 00:53:42,0
2026-01-28 00:53:43,0
2026-01-28 00:53:44,0
2026-01-28 00:53:45,0
2026-01-28 00:53:46,0
2026-01-28 00:53:47,0
2026-01-28 00:53:48,0
2026-01-28 00:53:49,0
2026-01-28 00:53:50,0
2026-01-28 00:53:51,0
2026-01-28 00:53:52,0
2026-01-28 00:53:53,0
2026-01-28 00:53:54,0
2026-01-28 00:53:55,0
2026-01-28 00:53:56,0
2026-01-28 00:53:57,0
2026-01-28 00:53:58,0
2026-01-28 00:53:59,0
2026-01-28 00:54:00,0
2026-01-28 00:54:01,0
2026-01-28 00:54:02,0
2026-01-28 00:54:03,0
2026-01-28 00:54:04,0
2026-01-28 00:54:05,0
2026-01-28 00:54:06,0
2026-01-28 00:54:07,0
2026-01-28 00:54:08,0
2026-01-28 00:54:19,8.81
2026-01-28 00:54:20,8.81
2026-01-28 00:54:21,8.81
2026-01-28 00:54:22,8.81
2026-01-28 00:54:23,8.81
2026-01-28 00:54:24,8.66
2026-01-28 00:54:25,8.66
2026-01-28 00:54:26,8.66
2026-01-28 00:54:27,8.66
2026-01-28 00:54:28,8.66
2026-01-28 00:54:29,9.11
2026-01-28 00:54:30,9.11
2026-01-28 00:54:31,9.11
2026-01-28 00:54:32,9.11
2026-01-28 00:54:33,9.11
2026-01-28 00:54:34,8.42
2026-01-28 00:54:35,8.42
2026-01-28 00:54:36,8.42
2026-01-28 00:54:37,8.42
2026-01-28 00:54:38,8.42
2026-01-28 00:54:39,8.72
2026-01-28 00:54:40,8.72
2026-01-28 00:54:41,8.72
2026-01-28 00:54:42,8.72
2026-01-28 00:54:43,8.72
2026-01-28 00:54:44,8.61
2026-01-28 00:54:45,8.61
2026-01-28 00:54:46,8.61
2026-01-28 00:54:47,8.61
2026-01-28 00:54:48,8.61
2026-01-28 00:54:49,8.47
2026-01-28 00:54:50,8.47
2026-01-28 00:54:51,8.47
2026-01-28 00:54:52,8.47
2026-01-28 00:54:53,8.47
2026-01-28 00:54:54,8.41
2026-01-28 00:54:55,8.41
2026-01-28 00:54:56,8.41
2026-01-28 00:54:57,8.41
2026-01-28 00:54:58,8.41
2026-01-28 00:54:59,8.90
2026-01-28 00:55:00,8.90
2026-01-28 00:55:01,8.90
2026-01-28 00:55:02,8.90
2026-01-28 00:55:03,8.90
2026-01-28 00:55:04,8.45
2026-01-28 00:55:05,8.45
2026-01-28 00:55:06,8.45
2026-01-28 00:55:07,8.45
2026-01-28 00:55:08,8.45
2026-01-28 00:55:09,9.55
2026-01-28 00:55:10,9.55
2026-01-28 00:55:11,9.55
2026-01-28 00:55:12,9.55
2026-01-28 00:55:13,9.55
2026-01-28 00:55:14,9.43
2026-01-28 00:55:15,9.43
2026-01-28 00:55:16,9.43
2026-01-28 00:55:17,9.43
2026-01-28 00:55:18,9.43
2026-01-28 00:55:19,8.73
2026-01-28 00:55:20,8.73
2026-01-28 00:55:21,8.73
2026-01-28 00:55:22,8.73
2026-01-28 00:55:23,8.73
2026-01-28 00:55:24,8.68
2026-01-28 00:55:25,8.68
2026-01-28 00:55:26,8.68
2026-01-28 00:55:27,8.68
2026-01-28 00:55:28,8.68
2026-01-28 00:55:29,8.77
2026-01-28 00:55:30,8.77
2026-01-28 00:55:31,8.77
2026-01-28 00:55:32,8.77
2026-01-28 00:55:33,8.77
2026-01-28 00:55:34,8.44
2026-01-28 00:55:35,8.44
2026-01-28 00:55:36,8.44
2026-01-28 00:55:37,8.44
2026-01-28 00:55:38,8.44
2026-01-28 00:55:39,8.76
2026-01-28 00:55:40,8.76
2026-01-28 00:55:41,8.76
2026-01-28 00:55:42,8.76
2026-01-28 00:55:43,8.76
2026-01-28 00:55:44,8.39
2026-01-28 00:55:45,8.39
2026-01-28 00:55:46,8.39
2026-01-28 00:55:47,8.39
2026-01-28 00:55:48,8.39
2026-01-28 00:55:49,8.67
2026-01-28 00:55:50,8.67
2026-01-28 00:55:51,8.67
2026-01-28 00:55:52,8.67
2026-01-28 00:55:53,8.67
2026-01-28 00:55:54,8.27
2026-01-28 00:55:55,8.27
2026-01-28 00:55:56,8.27
2026-01-28 00:55:57,8.27
2026-01-28 00:55:58,8.27
2026-01-28 00:55:59,9.10
2026-01-28 00:56:00,9.10
2026-01-28 00:56:01,9.10
2026-01-28 00:56:02,9.10
2026-01-28 00:56:03,9.10
2026-01-28 00:56:04,8.39
2026-01-28 00:56:05,8.39
2026-01-28 00:56:06,8.39
2026-01-28 00:56:07,8.39
2026-01-28 00:56:08,8.39
2026-01-28 00:56:09,8.83
2026-01-28 00:56:10,8.83
2026-01-28 00:56:11,8.83
2026-01-28 00:56:12,8.83
2026-01-28 00:56:13,8.83
2026-01-28 00:56:14,9.44
2026-01-28 00:56:15,9.44
2026-01-28 00:56:16,9.44
2026-01-28 00:56:17,9.44
2026-01-28 00:56:18,9.44
2026-01-28 00:56:19,9.56
2026-01-28 00:56:20,9.56
2026-01-28 00:56:21,9.56
2026-01-28 00:56:22,9.56
2026-01-28 00:56:23,9.56
2026-01-28 00:56:24,8.67
2026-01-28 00:56:25,8.67
2026-01-28 00:56:26,8.67
2026-01-28 00:56:27,8.67
2026-01-28 00:56:28,8.67
2026-01-28 00:56:29,8.64
2026-01-28 00:56:30,8.64
2026-01-28 00:56:31,8.64
2026-01-28 00:56:32,8.64
2026-01-28 00:56:33,8.64
2026-01-28 00:56:34,8.61
2026-01-28 00:56:35,8.61
2026-01-28 00:56:36,8.61
2026-01-28 00:56:37,8.61
2026-01-28 00:56:38,8.61
2026-01-28 00:56:39,10.2
2026-01-28 00:56:40,10.2
2026-01-28 00:56:41,10.2
2026-01-28 00:56:42,10.2
2026-01-28 00:56:43,10.2
2026-01-28 00:56:44,8.13
2026-01-28 00:56:45,8.13
2026-01-28 00:56:46,8.13
2026-01-28 00:56:47,8.13
2026-01-28 00:56:48,8.13
2026-01-28 00:56:49,7.62
2026-01-28 00:56:50,7.62
2026-01-28 00:56:51,7.62
2026-01-28 00:56:52,7.62
2026-01-28 00:56:53,7.62
2026-01-28 00:56:54,7.68
2026-01-28 00:56:55,7.68
2026-01-28 00:56:56,7.68
2026-01-28 00:56:57,7.68
2026-01-28 00:56:58,7.68
2026-01-28 00:56:59,8.06
2026-01-28 00:57:00,8.06
2026-01-28 00:57:01,8.06
2026-01-28 00:57:02,8.06
2026-01-28 00:57:03,8.06
2026-01-28 00:57:04,7.54
2026-01-28 00:57:05,7.54
2026-01-28 00:57:06,7.54
2026-01-28 00:57:07,7.54
2026-01-28 00:57:08,7.54
2026-01-28 00:57:09,7.71
2026-01-28 00:57:10,7.71
2026-01-28 00:57:11,7.71
2026-01-28 00:57:12,7.71
2026-01-28 00:57:13,7.71
2026-01-28 00:57:14,7.56
2026-01-28 00:57:15,7.56
2026-01-28 00:57:16,7.56
2026-01-28 00:57:17,7.56
2026-01-28 00:57:18,7.56
2026-01-28 00:57:19,8.36
2026-01-28 00:57:20,8.36
2026-01-28 00:57:21,8.36
2026-01-28 00:57:22,8.36
2026-01-28 00:57:23,8.36
2026-01-28 00:57:24,8.56
2026-01-28 00:57:25,8.56
2026-01-28 00:57:26,8.56
2026-01-28 00:57:27,8.56
2026-01-28 00:57:28,8.56
2026-01-28 00:57:29,8.15
2026-01-28 00:57:30,8.15
2026-01-28 00:57:31,8.15
2026-01-28 00:57:32,8.15
2026-01-28 00:57:33,8.15
2026-01-28 00:57:34,7.51
2026-01-28 00:57:35,7.51
2026-01-28 00:57:36,7.51
2026-01-28 00:57:37,7.51
2026-01-28 00:57:38,7.51
2026-01-28 00:57:39,7.83
2026-01-28 00:57:40,7.83
2026-01-28 00:57:41,7.83
2026-01-28 00:57:42,7.83
2026-01-28 00:57:43,7.83
2026-01-28 00:57:44,7.59
2026-01-28 00:57:45,7.59
2026-01-28 00:57:46,7.59
2026-01-28 00:57:47,7.59
2026-01-28 00:57:48,7.59
2026-01-28 00:57:49,7.58
2026-01-28 00:57:50,7.58
2026-01-28 00:57:51,7.58
2026-01-28 00:57:52,7.58
2026-01-28 00:57:53,7.58
2026-01-28 00:57:54,7.44
2026-01-28 00:57:55,7.44
2026-01-28 00:57:56,7.44
2026-01-28 00:57:57,7.44
2026-01-28 00:57:58,7.44
2026-01-28 00:57:59,8.19
2026-01-28 00:58:00,8.19
2026-01-28 00:58:01,8.19
2026-01-28 00:58:02,8.19
2026-01-28 00:58:03,8.19
2026-01-28 00:58:04,7.77
2026-01-28 00:58:05,7.77
2026-01-28 00:58:06,7.77
2026-01-28 00:58:07,7.77
2026-01-28 00:58:08,7.77
2026-01-28 00:58:09,7.41
2026-01-28 00:58:10,7.41
2026-01-28 00:58:11,7.41
2026-01-28 00:58:12,7.41
2026-01-28 00:58:13,7.41
2026-01-28 00:58:14,8.67
2026-01-28 00:58:15,8.67
2026-01-28 00:58:16,8.67
2026-01-28 00:58:17,8.67
2026-01-28 00:58:18,8.67
2026-01-28 00:58:19,8.79
2026-01-28 00:58:20,8.79
2026-01-28 00:58:21,8.79
2026-01-28 00:58:22,8.79
2026-01-28 00:58:23,8.79
2026-01-28 00:58:24,8.81
2026-01-28 00:58:25,8.81
2026-01-28 00:58:26,8.81
2026-01-28 00:58:27,8.81
2026-01-28 00:58:28,8.81
2026-01-28 00:58:29,8.92
2026-01-28 00:58:30,8.92
2026-01-28 00:58:31,8.92
2026-01-28 00:58:32,8.92
2026-01-28 00:58:33,8.92
2026-01-28 00:58:34,8.48
2026-01-28 00:58:35,8.48
2026-01-28 00:58:36,8.48
2026-01-28 00:58:37,8.48
2026-01-28 00:58:38,8.48
2026-01-28 00:58:39,9.25
2026-01-28 00:58:40,9.25
2026-01-28 00:58:41,9.25
2026-01-28 00:58:42,9.25
2026-01-28 00:58:43,9.25
2026-01-28 00:58:44,8.92
2026-01-28 00:58:45,8.92
2026-01-28 00:58:46,8.92
2026-01-28 00:58:47,8.92
2026-01-28 00:58:48,8.92
2026-01-28 00:58:49,9.06
2026-01-28 00:58:50,9.06
2026-01-28 00:58:51,9.06
2026-01-28 00:58:52,9.06
2026-01-28 00:58:53,9.06
2026-01-28 00:58:54,8.78
2026-01-28 00:58:55,8.78
2026-01-28 00:58:56,8.78
2026-01-28 00:58:57,8.78
2026-01-28 00:58:58,8.78
2026-01-28 00:58:59,9.18
2026-01-28 00:59:00,9.18
2026-01-28 00:59:01,9.18
2026-01-28 00:59:02,9.18
2026-01-28 00:59:03,9.18
2026-01-28 00:59:04,8.95
2026-01-28 00:59:05,8.95
2026-01-28 00:59:06,8.95
2026-01-28 00:59:07,8.95
2026-01-28 00:59:08,8.95
2026-01-28 00:59:09,0
2026-01-28 00:59:10,0
2026-01-28 00:59:11,0
2026-01-28 00:59:12,0
2026-01-28 00:59:13,0
2026-01-28 00:59:14,0
2026-01-28 00:59:15,0
2026-01-28 00:59:16,0
2026-01-28 00:59:17,0
2026-01-28 00:59:18,0
2026-01-28 00:59:19,0
2026-01-28 00:59:20,0
2026-01-28 00:59:21,0
2026-01-28 00:59:22,0
2026-01-28 00:59:23,0
2026-01-28 00:59:24,0
2026-01-28 00:59:25,0
2026-01-28 00:59:26,0
2026-01-28 00:59:27,0
2026-01-28 00:59:28,0
2026-01-28 00:59:29,0
2026-01-28 00:59:30,0
2026-01-28 00:59:31,0
2026-01-28 00:59:32,0
2026-01-28 00:59:33,0
2026-01-28 00:59:34,0
2026-01-28 00:59:35,0
2026-01-28 00:59:36,0
2026-01-28 00:59:37,0
2026-01-28 00:59:38,0
2026-01-28 00:59:39,0
2026-01-28 00:59:40,0
2026-01-28 00:59:41,0
2026-01-28 00:59:42,0
2026-01-28 00:59:43,0
2026-01-28 00:59:44,0
2026-01-28 00:59:45,0
2026-01-28 00:59:46,0
2026-01-28 00:59:47,0
2026-01-28 00:59:48,0
2026-01-28 00:59:49,0
2026-01-28 00:59:50,0
2026-01-28 00:59:51,0
2026-01-28 00:59:52,0
2026-01-28 00:59:53,0
2026-01-28 00:59:54,0
2026-01-28 00:59:55,0
2026-01-28 00:59:56,0
2026-01-28 00:59:57,0
2026-01-28 00:59:58,0
2026-01-28 00:59:59,0
2026-01-28 01:00:00,0
2026-01-28 01:00:01,0
2026-01-28 01:00:02,0
2026-01-28 01:00:03,0
2026-01-28 01:00:04,0
2026-01-28 01:00:05,0
2026-01-28 01:00:06,0
2026-01-28 01:00:07,0
2026-01-28 01:00:08,0
2026-01-28 01:00:09,0
2026-01-28 01:00:10,0
2026-01-28 01:00:11,0
2026-01-28 01:00:12,0
2026-01-28 01:00:13,0
2026-01-28 01:00:14,0
2026-01-28 01:00:15,0
2026-01-28 01:00:16,0
2026-01-28 01:00:17,0
2026-01-28 01:00:18,0
2026-01-28 01:00:19,0
2026-01-28 01:00:20,0
2026-01-28 01:00:21,0
2026-01-28 01:00:22,0
2026-01-28 01:00:23,0
2026-01-28 01:00:24,0
2026-01-28 01:00:25,0
2026-01-28 01:00:26,0
2026-01-28 01:00:27,0
2026-01-28 01:00:28,0
2026-01-28 01:00:29,0
2026-01-28 01:00:30,0
2026-01-28 01:00:31,0
2026-01-28 01:00:32,0
2026-01-28 01:00:33,0
2026-01-28 01:00:34,0
2026-01-28 01:00:35,0
2026-01-28 01:00:36,0
2026-01-28 01:00:37,0
2026-01-28 01:00:38,0
2026-01-28 01:00:39,0
2026-01-28 01:00:40,0
2026-01-28 01:00:41,0
2026-01-28 01:00:42,0
2026-01-28 01:00:43,0
2026-01-28 01:01:09,4.57
2026-01-28 01:01:10,4.57
2026-01-28 01:01:11,4.57
2026-01-28 01:01:12,4.57
2026-01-28 01:01:13,4.57
2026-01-28 01:01:14,8.44
2026-01-28 01:01:15,8.44
2026-01-28 01:01:16,8.44
2026-01-28 01:01:17,8.44
2026-01-28 01:01:18,8.44
2026-01-28 01:01:19,8.10
2026-01-28 01:01:20,8.10
2026-01-28 01:01:21,8.10
2026-01-28 01:01:22,8.10
2026-01-28 01:01:23,8.10
2026-01-28 01:01:24,8.13
2026-01-28 01:01:25,8.13
2026-01-28 01:01:26,8.13
2026-01-28 01:01:27,8.13
2026-01-28 01:01:28,8.13
2026-01-28 01:01:29,7.90
2026-01-28 01:01:30,7.90
2026-01-28 01:01:31,7.90
2026-01-28 01:01:32,7.90
2026-01-28 01:01:33,7.90
2026-01-28 01:01:34,7.79
2026-01-28 01:01:35,7.79
2026-01-28 01:01:36,7.79
2026-01-28 01:01:37,7.79
2026-01-28 01:01:38,7.79
2026-01-28 01:01:39,8.33
2026-01-28 01:01:40,8.33
2026-01-28 01:01:41,8.33
2026-01-28 01:01:42,8.33
2026-01-28 01:01:43,8.33
2026-01-28 01:01:44,8.01
2026-01-28 01:01:45,8.01
2026-01-28 01:01:46,8.01
2026-01-28 01:01:47,8.01
2026-01-28 01:01:48,8.01
2026-01-28 01:01:49,7.72
2026-01-28 01:01:50,7.72
2026-01-28 01:01:51,7.72
2026-01-28 01:01:52,7.72
2026-01-28 01:01:53,7.72
2026-01-28 01:01:54,7.84
2026-01-28 01:01:55,7.84
2026-01-28 01:01:56,7.84
2026-01-28 01:01:57,7.84
2026-01-28 01:01:58,7.84
2026-01-28 01:01:59,8.20
2026-01-28 01:02:00,8.20
2026-01-28 01:02:01,8.20
2026-01-28 01:02:02,8.20
2026-01-28 01:02:03,8.20
2026-01-28 01:02:04,7.77
2026-01-28 01:02:05,7.77
2026-01-28 01:02:06,7.77
2026-01-28 01:02:07,7.77
2026-01-28 01:02:08,7.77
2026-01-28 01:02:09,7.96
2026-01-28 01:02:10,7.96
2026-01-28 01:02:11,7.96
2026-01-28 01:02:12,7.96
2026-01-28 01:02:13,7.96
2026-01-28 01:02:14,7.70
2026-01-28 01:02:15,7.70
2026-01-28 01:02:16,7.70
2026-01-28 01:02:17,7.70
2026-01-28 01:02:18,7.70
2026-01-28 01:02:19,8.54
2026-01-28 01:02:20,8.54
2026-01-28 01:02:21,8.54
2026-01-28 01:02:22,8.54
2026-01-28 01:02:23,8.54
2026-01-28 01:02:24,8.23
2026-01-28 01:02:25,8.23
2026-01-28 01:02:26,8.23
2026-01-28 01:02:27,8.23
2026-01-28 01:02:28,8.23
2026-01-28 01:02:29,7.80
2026-01-28 01:02:30,7.80
2026-01-28 01:02:31,7.80
2026-01-28 01:02:32,7.80
2026-01-28 01:02:33,7.80
2026-01-28 01:02:34,8.74
2026-01-28 01:02:35,8.74
2026-01-28 01:02:36,8.74
2026-01-28 01:02:37,8.74
2026-01-28 01:02:38,8.74
2026-01-28 01:02:39,6.90
2026-01-28 01:02:40,6.90
2026-01-28 01:02:41,6.90
2026-01-28 01:02:42,6.90
2026-01-28 01:02:43,6.90
2026-01-28 01:02:44,8.13
2026-01-28 01:02:45,8.13
2026-01-28 01:02:46,8.13
2026-01-28 01:02:47,8.13
2026-01-28 01:02:48,8.13
2026-01-28 01:02:49,8.73
2026-01-28 01:02:50,8.73
2026-01-28 01:02:51,8.73
2026-01-28 01:02:52,8.73
2026-01-28 01:02:53,8.73
2026-01-28 01:02:54,8.24
2026-01-28 01:02:55,8.24
2026-01-28 01:02:56,8.24
2026-01-28 01:02:57,8.24
2026-01-28 01:02:58,8.24
2026-01-28 01:02:59,8.08
2026-01-28 01:03:00,8.08
2026-01-28 01:03:01,8.08
2026-01-28 01:03:02,8.08
2026-01-28 01:03:03,8.08
2026-01-28 01:03:04,7.66
2026-01-28 01:03:05,7.66
2026-01-28 01:03:06,7.66
2026-01-28 01:03:07,7.66
2026-01-28 01:03:08,7.66
2026-01-28 01:03:09,7.74
2026-01-28 01:03:10,7.74
2026-01-28 01:03:11,7.74
2026-01-28 01:03:12,7.74
2026-01-28 01:03:13,7.74
2026-01-28 01:03:14,7.72
2026-01-28 01:03:15,7.72
2026-01-28 01:03:16,7.72
2026-01-28 01:03:17,7.72
2026-01-28 01:03:18,7.72
2026-01-28 01:03:19,8.09
2026-01-28 01:03:20,8.09
2026-01-28 01:03:21,8.09
2026-01-28 01:03:22,8.09
2026-01-28 01:03:23,8.09
2026-01-28 01:03:24,7.90
2026-01-28 01:03:25,7.90
2026-01-28 01:03:26,7.90
2026-01-28 01:03:27,7.90
2026-01-28 01:03:28,7.90
2026-01-28 01:03:29,7.92
2026-01-28 01:03:30,7.92
2026-01-28 01:03:31,7.92
2026-01-28 01:03:32,7.92
2026-01-28 01:03:33,7.92
2026-01-28 01:03:34,7.95
2026-01-28 01:03:35,7.95
2026-01-28 01:03:36,7.95
2026-01-28 01:03:37,7.95
2026-01-28 01:03:38,7.95
2026-01-28 01:03:39,7.98
2026-01-28 01:03:40,7.98
2026-01-28 01:03:41,7.98
2026-01-28 01:03:42,7.98
2026-01-28 01:03:43,7.98
2026-01-28 01:03:44,7.70
2026-01-28 01:03:45,7.70
2026-01-28 01:03:46,7.70
2026-01-28 01:03:47,7.70
2026-01-28 01:03:48,7.70
2026-01-28 01:03:49,7.73
2026-01-28 01:03:50,7.73
2026-01-28 01:03:51,7.73
2026-01-28 01:03:52,7.73
2026-01-28 01:03:53,7.73
2026-01-28 01:03:54,8.36
2026-01-28 01:03:55,8.36
2026-01-28 01:03:56,8.36
2026-01-28 01:03:57,8.36
2026-01-28 01:03:58,8.36
2026-01-28 01:03:59,8.79
2026-01-28 01:04:00,8.79
2026-01-28 01:04:01,8.79
2026-01-28 01:04:02,8.79
2026-01-28 01:04:03,8.79
2026-01-28 01:04:04,7.30
2026-01-28 01:04:05,7.30
2026-01-28 01:04:06,7.30
2026-01-28 01:04:07,7.30
2026-01-28 01:04:08,7.30
2026-01-28 01:04:09,8.95
2026-01-28 01:04:10,8.95
2026-01-28 01:04:11,8.95
2026-01-28 01:04:12,8.95
2026-01-28 01:04:13,8.95
2026-01-28 01:04:14,8.38
2026-01-28 01:04:15,8.38
2026-01-28 01:04:16,8.38
2026-01-28 01:04:17,8.38
2026-01-28 01:04:18,8.38
2026-01-28 01:04:19,8.84
2026-01-28 01:04:20,8.84
2026-01-28 01:04:21,8.84
2026-01-28 01:04:22,8.84
2026-01-28 01:04:23,8.84
2026-01-28 01:04:24,8.69
2026-01-28 01:04:25,8.69
2026-01-28 01:04:26,8.69
2026-01-28 01:04:27,8.69
2026-01-28 01:04:28,8.69
2026-01-28 01:04:29,8.61
2026-01-28 01:04:30,8.61
2026-01-28 01:04:31,8.61
2026-01-28 01:04:32,8.61
2026-01-28 01:04:33,8.61
2026-01-28 01:04:34,8.45
2026-01-28 01:04:35,8.45
2026-01-28 01:04:36,8.45
2026-01-28 01:04:37,8.45
2026-01-28 01:04:38,8.45
2026-01-28 01:04:39,9.10
2026-01-28 01:04:40,9.10
2026-01-28 01:04:41,9.10
2026-01-28 01:04:42,9.10
2026-01-28 01:04:43,9.10
2026-01-28 01:04:44,9.66
2026-01-28 01:04:45,9.66
2026-01-28 01:04:46,9.66
2026-01-28 01:04:47,9.66
2026-01-28 01:04:48,9.66
2026-01-28 01:04:49,7.75
2026-01-28 01:04:50,7.75
2026-01-28 01:04:51,7.75
2026-01-28 01:04:52,7.75
2026-01-28 01:04:53,7.75
2026-01-28 01:04:54,7.63
2026-01-28 01:04:55,7.63
2026-01-28 01:04:56,7.63
2026-01-28 01:04:57,7.63
2026-01-28 01:04:58,7.63
2026-01-28 01:04:59,8.61
2026-01-28 01:05:00,8.61
2026-01-28 01:05:01,8.61
2026-01-28 01:05:02,8.61
2026-01-28 01:05:03,8.61
2026-01-28 01:05:04,8.36
2026-01-28 01:05:05,8.36
2026-01-28 01:05:06,8.36
2026-01-28 01:05:07,8.36
2026-01-28 01:05:08,8.36
2026-01-28 01:05:09,7.69
2026-01-28 01:05:10,7.69
2026-01-28 01:05:11,7.69
2026-01-28 01:05:12,7.69
2026-01-28 01:05:13,7.69
2026-01-28 01:05:14,7.66
2026-01-28 01:05:15,7.66
2026-01-28 01:05:16,7.66
2026-01-28 01:05:17,7.66
2026-01-28 01:05:18,7.66
2026-01-28 01:05:19,7.91
2026-01-28 01:05:20,7.91
2026-01-28 01:05:21,7.91
2026-01-28 01:05:22,7.91
2026-01-28 01:05:23,7.91
2026-01-28 01:05:24,7.85
2026-01-28 01:05:25,7.85
2026-01-28 01:05:26,7.85
2026-01-28 01:05:27,7.85
2026-01-28 01:05:28,7.85
2026-01-28 01:05:29,8.19
2026-01-28 01:05:30,8.19
2026-01-28 01:05:31,8.19
2026-01-28 01:05:32,8.19
2026-01-28 01:05:33,8.19
2026-01-28 01:05:34,7.58
2026-01-28 01:05:35,7.58
2026-01-28 01:05:36,7.58
2026-01-28 01:05:37,7.58
2026-01-28 01:05:38,7.58
2026-01-28 01:05:39,7.86
2026-01-28 01:05:40,7.86
2026-01-28 01:05:41,7.86
2026-01-28 01:05:42,7.86
2026-01-28 01:05:43,7.86
2026-01-28 01:05:44,7.87
2026-01-28 01:05:45,7.87
2026-01-28 01:05:46,7.87
2026-01-28 01:05:47,7.87
2026-01-28 01:05:48,7.87
2026-01-28 01:05:49,7.64
2026-01-28 01:05:50,7.64
2026-01-28 01:05:51,7.64
2026-01-28 01:05:52,7.64
2026-01-28 01:05:53,7.64
2026-01-28 01:05:54,7.65
2026-01-28 01:05:55,7.65
2026-01-28 01:05:56,7.65
2026-01-28 01:05:57,7.65
2026-01-28 01:05:58,7.65
2026-01-28 01:05:59,0
2026-01-28 01:06:00,0
2026-01-28 01:06:01,0
2026-01-28 01:06:02,0
2026-01-28 01:06:03,0
2026-01-28 01:06:04,0
2026-01-28 01:06:05,0
2026-01-28 01:06:06,0
2026-01-28 01:06:07,0
2026-01-28 01:06:08,0
2026-01-28 01:06:09,0
2026-01-28 01:06:10,0
2026-01-28 01:06:11,0
2026-01-28 01:06:12,0
2026-01-28 01:06:13,0
2026-01-28 01:06:14,0
2026-01-28 01:06:15,0
2026-01-28 01:06:16,0
2026-01-28 01:06:17,0
2026-01-28 01:06:18,0
2026-01-28 01:06:19,0
2026-01-28 01:06:20,0
2026-01-28 01:06:21,0
2026-01-28 01:06:22,0
2026-01-28 01:06:23,0
2026-01-28 01:06:24,0
2026-01-28 01:06:25,0
2026-01-28 01:06:26,0
2026-01-28 01:06:27,0
2026-01-28 01:06:28,0
2026-01-28 01:06:29,0
2026-01-28 01:06:30,0
2026-01-28 01:06:31,0
2026-01-28 01:06:32,0
2026-01-28 01:06:33,0
2026-01-28 01:06:34,0
2026-01-28 01:06:35,0
2026-01-28 01:06:36,0
2026-01-28 01:06:37,0
2026-01-28 01:06:38,0
2026-01-28 01:06:39,0
2026-01-28 01:06:40,0
2026-01-28 01:06:41,0
2026-01-28 01:06:42,0
2026-01-28 01:06:43,0
2026-01-28 01:06:44,0
2026-01-28 01:06:45,0
2026-01-28 01:06:46,0
2026-01-28 01:06:47,0
2026-01-28 01:06:48,0
2026-01-28 01:06:49,0
2026-01-28 01:06:50,0
2026-01-28 01:06:51,0
2026-01-28 01:06:52,0
2026-01-28 01:06:53,0
2026-01-28 01:06:54,0
2026-01-28 01:06:55,0
2026-01-28 01:06:56,0
2026-01-28 01:06:57,0
2026-01-28 01:06:58,0
2026-01-28 01:06:59,0
2026-01-28 01:07:00,0
2026-01-28 01:07:01,0
2026-01-28 01:07:02,0
2026-01-28 01:07:03,0
2026-01-28 01:07:04,0
2026-01-28 01:07:05,0
2026-01-28 01:07:06,0
2026-01-28 01:07:07,0
2026-01-28 01:07:08,0
2026-01-28 01:07:09,0
2026-01-28 01:07:10,0
2026-01-28 01:07:11,0
2026-01-28 01:07:12,0
2026-01-28 01:07:13,0
2026-01-28 01:07:14,0
2026-01-28 01:07:15,0
2026-01-28 01:07:16,0
2026-01-28 01:07:17,0
2026-01-28 01:07:18,0
2026-01-28 01:07:19,0
2026-01-28 01:07:20,0
2026-01-28 01:07:21,0
2026-01-28 01:07:22,0
2026-01-28 01:07:23,0
2026-01-28 01:07:24,0
2026-01-28 01:07:25,0
2026-01-28 01:07:26,0
2026-01-28 01:07:27,0
2026-01-28 01:07:28,0
2026-01-28 01:07:29,0
2026-01-28 01:07:30,0
2026-01-28 01:07:31,0
2026-01-28 01:07:32,0
2026-01-28 01:07:33,0
2026-01-28 01:08:24,8.23
2026-01-28 01:08:25,8.23
2026-01-28 01:08:26,8.23
2026-01-28 01:08:27,8.23
2026-01-28 01:08:28,8.23
2026-01-28 01:08:29,8.83
2026-01-28 01:08:30,8.83
2026-01-28 01:08:31,8.83
2026-01-28 01:08:32,8.83
2026-01-28 01:08:33,8.83
2026-01-28 01:08:34,8.43
2026-01-28 01:08:35,8.43
2026-01-28 01:08:36,8.43
2026-01-28 01:08:37,8.43
2026-01-28 01:08:38,8.43
2026-01-28 01:08:39,8.85
2026-01-28 01:08:40,8.85
2026-01-28 01:08:41,8.85
2026-01-28 01:08:42,8.85
2026-01-28 01:08:43,8.85
2026-01-28 01:08:44,8.31
2026-01-28 01:08:45,8.31
2026-01-28 01:08:46,8.31
2026-01-28 01:08:47,8.31
2026-01-28 01:08:48,8.31
2026-01-28 01:08:49,7.63
2026-01-28 01:08:50,7.63
2026-01-28 01:08:51,7.63
2026-01-28 01:08:52,7.63
2026-01-28 01:08:53,7.63
2026-01-28 01:08:54,8.74
2026-01-28 01:08:55,8.74
2026-01-28 01:08:56,8.74
2026-01-28 01:08:57,8.74
2026-01-28 01:08:58,8.74
2026-01-28 01:08:59,9.65
2026-01-28 01:09:00,9.65
2026-01-28 01:09:01,9.65
2026-01-28 01:09:02,9.65
2026-01-28 01:09:03,9.65
2026-01-28 01:09:04,8.70
2026-01-28 01:09:05,8.70
2026-01-28 01:09:06,8.70
2026-01-28 01:09:07,8.70
2026-01-28 01:09:08,8.70
2026-01-28 01:09:09,8.78
2026-01-28 01:09:10,8.78
2026-01-28 01:09:11,8.78
2026-01-28 01:09:12,8.78
2026-01-28 01:09:13,8.78
2026-01-28 01:09:14,8.77
2026-01-28 01:09:15,8.77
2026-01-28 01:09:16,8.77
2026-01-28 01:09:17,8.77
2026-01-28 01:09:18,8.77
2026-01-28 01:09:19,10.2
2026-01-28 01:09:20,10.2
2026-01-28 01:09:21,10.2
2026-01-28 01:09:22,10.2
2026-01-28 01:09:23,10.2
2026-01-28 01:09:24,9.23
2026-01-28 01:09:25,9.23
2026-01-28 01:09:26,9.23
2026-01-28 01:09:27,9.23
2026-01-28 01:09:28,9.23
2026-01-28 01:09:29,8.76
2026-01-28 01:09:30,8.76
2026-01-28 01:09:31,8.76
2026-01-28 01:09:32,8.76
2026-01-28 01:09:33,8.76
2026-01-28 01:09:34,8.60
2026-01-28 01:09:35,8.60
2026-01-28 01:09:36,8.60
2026-01-28 01:09:37,8.60
2026-01-28 01:09:38,8.60
2026-01-28 01:09:39,8.91
2026-01-28 01:09:40,8.91
2026-01-28 01:09:41,8.91
2026-01-28 01:09:42,8.91
2026-01-28 01:09:43,8.91
2026-01-28 01:09:44,8.73
2026-01-28 01:09:45,8.73
2026-01-28 01:09:46,8.73
2026-01-28 01:09:47,8.73
2026-01-28 01:09:48,8.73
2026-01-28 01:09:49,8.75
2026-01-28 01:09:50,8.75
2026-01-28 01:09:51,8.75
2026-01-28 01:09:52,8.75
2026-01-28 01:09:53,8.75
2026-01-28 01:09:54,9.35
2026-01-28 01:09:55,9.35
2026-01-28 01:09:56,9.35
2026-01-28 01:09:57,9.35
2026-01-28 01:09:58,9.35
2026-01-28 01:09:59,8.13
2026-01-28 01:10:00,8.13
2026-01-28 01:10:01,8.13
2026-01-28 01:10:02,8.13
2026-01-28 01:10:03,8.13
2026-01-28 01:10:04,7.98
2026-01-28 01:10:05,7.98
2026-01-28 01:10:06,7.98
2026-01-28 01:10:07,7.98
2026-01-28 01:10:08,7.98
2026-01-28 01:10:09,7.74
2026-01-28 01:10:10,7.74
2026-01-28 01:10:11,7.74
2026-01-28 01:10:12,7.74
2026-01-28 01:10:13,7.74
2026-01-28 01:10:14,7.70
2026-01-28 01:10:15,7.70
2026-01-28 01:10:16,7.70
2026-01-28 01:10:17,7.70
2026-01-28 01:10:18,7.70
2026-01-28 01:10:19,8.00
2026-01-28 01:10:20,8.00
2026-01-28 01:10:21,8.00
2026-01-28 01:10:22,8.00
2026-01-28 01:10:23,8.00
2026-01-28 01:10:24,8.32
2026-01-28 01:10:25,8.32
2026-01-28 01:10:26,8.32
2026-01-28 01:10:27,8.32
2026-01-28 01:10:28,8.32
2026-01-28 01:10:29,8.16
2026-01-28 01:10:30,8.16
2026-01-28 01:10:31,8.16
2026-01-28 01:10:32,8.16
2026-01-28 01:10:33,8.16
2026-01-28 01:10:34,7.71
2026-01-28 01:10:35,7.71
2026-01-28 01:10:36,7.71
2026-01-28 01:10:37,7.71
2026-01-28 01:10:38,7.71
2026-01-28 01:10:39,8.01
2026-01-28 01:10:40,8.01
2026-01-28 01:10:41,8.01
2026-01-28 01:10:42,8.01
2026-01-28 01:10:43,8.01
2026-01-28 01:10:44,7.72
2026-01-28 01:10:45,7.72
2026-01-28 01:10:46,7.72
2026-01-28 01:10:47,7.72
2026-01-28 01:10:48,7.72
2026-01-28 01:10:49,7.86
2026-01-28 01:10:50,7.86
2026-01-28 01:10:51,7.86
2026-01-28 01:10:52,7.86
2026-01-28 01:10:53,7.86
2026-01-28 01:10:54,7.70
2026-01-28 01:10:55,7.70
2026-01-28 01:10:56,7.70
2026-01-28 01:10:57,7.70
2026-01-28 01:10:58,7.70
2026-01-28 01:10:59,8.06
2026-01-28 01:11:00,8.06
2026-01-28 01:11:01,8.06
2026-01-28 01:11:02,8.06
2026-01-28 01:11:03,8.06
2026-01-28 01:11:04,8.40
2026-01-28 01:11:05,8.40
2026-01-28 01:11:06,8.40
2026-01-28 01:11:07,8.40
2026-01-28 01:11:08,8.40
2026-01-28 01:11:09,7.99
2026-01-28 01:11:10,7.99
2026-01-28 01:11:11,7.99
2026-01-28 01:11:12,7.99
2026-01-28 01:11:13,7.99
2026-01-28 01:11:14,9.67
2026-01-28 01:11:15,9.67
2026-01-28 01:11:16,9.67
2026-01-28 01:11:17,9.67
2026-01-28 01:11:18,9.67
2026-01-28 01:11:19,10.5
2026-01-28 01:11:20,10.5
2026-01-28 01:11:21,10.5
2026-01-28 01:11:22,10.5
2026-01-28 01:11:23,10.5
2026-01-28 01:11:24,8.12
2026-01-28 01:11:25,8.12
2026-01-28 01:11:26,8.12
2026-01-28 01:11:27,8.12
2026-01-28 01:11:28,8.12
2026-01-28 01:11:29,8.23
2026-01-28 01:11:30,8.23
2026-01-28 01:11:31,8.23
2026-01-28 01:11:32,8.23
2026-01-28 01:11:33,8.23
2026-01-28 01:11:34,8.17
2026-01-28 01:11:35,8.17
2026-01-28 01:11:36,8.17
2026-01-28 01:11:37,8.17
2026-01-28 01:11:38,8.17
2026-01-28 01:11:39,7.94
2026-01-28 01:11:40,7.94
2026-01-28 01:11:41,7.94
2026-01-28 01:11:42,7.94
2026-01-28 01:11:43,7.94
2026-01-28 01:11:44,7.89
2026-01-28 01:11:45,7.89
2026-01-28 01:11:46,7.89
2026-01-28 01:11:47,7.89
2026-01-28 01:11:48,7.89
2026-01-28 01:11:49,7.90
2026-01-28 01:11:50,7.90
2026-01-28 01:11:51,7.90
2026-01-28 01:11:52,7.90
2026-01-28 01:11:53,7.90
2026-01-28 01:11:54,7.70
2026-01-28 01:11:55,7.70
2026-01-28 01:11:56,7.70
2026-01-28 01:11:57,7.70
2026-01-28 01:11:58,7.70
2026-01-28 01:11:59,8.06
2026-01-28 01:12:00,8.06
2026-01-28 01:12:01,8.06
2026-01-28 01:12:02,8.06
2026-01-28 01:12:03,8.06
2026-01-28 01:12:04,7.86
2026-01-28 01:12:05,7.86
2026-01-28 01:12:06,7.86
2026-01-28 01:12:07,7.86
2026-01-28 01:12:08,7.86
2026-01-28 01:12:09,7.47
2026-01-28 01:12:10,7.47
2026-01-28 01:12:11,7.47
2026-01-28 01:12:12,7.47
2026-01-28 01:12:13,7.47
2026-01-28 01:12:14,8.37
2026-01-28 01:12:15,8.37
2026-01-28 01:12:16,8.37
2026-01-28 01:12:17,8.37
2026-01-28 01:12:18,8.37
2026-01-28 01:12:19,9.11
2026-01-28 01:12:20,9.11
2026-01-28 01:12:21,9.11
2026-01-28 01:12:22,9.11
2026-01-28 01:12:23,9.11
2026-01-28 01:12:24,9.08
2026-01-28 01:12:25,9.08
2026-01-28 01:12:26,9.08
2026-01-28 01:12:27,9.08
2026-01-28 01:12:28,9.08
2026-01-28 01:12:29,8.65
2026-01-28 01:12:30,8.65
2026-01-28 01:12:31,8.65
2026-01-28 01:12:32,8.65
2026-01-28 01:12:33,8.65
2026-01-28 01:12:34,8.49
2026-01-28 01:12:35,8.49
2026-01-28 01:12:36,8.49
2026-01-28 01:12:37,8.49
2026-01-28 01:12:38,8.49
2026-01-28 01:12:39,9.46
2026-01-28 01:12:40,9.46
2026-01-28 01:12:41,9.46
2026-01-28 01:12:42,9.46
2026-01-28 01:12:43,9.46
2026-01-28 01:12:44,8.73
2026-01-28 01:12:45,8.73
2026-01-28 01:12:46,8.73
2026-01-28 01:12:47,8.73
2026-01-28 01:12:48,8.73
2026-01-28 01:12:49,8.66
2026-01-28 01:12:50,8.66
2026-01-28 01:12:51,8.66
2026-01-28 01:12:52,8.66
2026-01-28 01:12:53,8.66
2026-01-28 01:12:54,8.30
2026-01-28 01:12:55,8.30
2026-01-28 01:12:56,8.30
2026-01-28 01:12:57,8.30
2026-01-28 01:12:58,8.30
2026-01-28 01:12:59,8.84
2026-01-28 01:13:00,8.84
2026-01-28 01:13:01,8.84
2026-01-28 01:13:02,8.84
2026-01-28 01:13:03,8.84
2026-01-28 01:13:04,8.38
2026-01-28 01:13:05,8.38
2026-01-28 01:13:06,8.38
2026-01-28 01:13:07,8.38
2026-01-28 01:13:08,8.38
2026-01-28 01:13:09,8.62
2026-01-28 01:13:10,8.62
2026-01-28 01:13:11,8.62
2026-01-28 01:13:12,8.62
2026-01-28 01:13:13,8.62
2026-01-28 01:13:14,0
2026-01-28 01:13:15,0
2026-01-28 01:13:16,0
2026-01-28 01:13:17,0
2026-01-28 01:13:18,0
2026-01-28 01:13:19,0
2026-01-28 01:13:20,0
2026-01-28 01:13:21,0
2026-01-28 01:13:22,0
2026-01-28 01:13:23,0
2026-01-28 01:13:24,0
2026-01-28 01:13:25,0
2026-01-28 01:13:26,0
2026-01-28 01:13:27,0
2026-01-28 01:13:28,0
2026-01-28 01:13:29,0
2026-01-28 01:13:30,0
2026-01-28 01:13:31,0
2026-01-28 01:13:32,0
2026-01-28 01:13:33,0
2026-01-28 01:13:34,0
2026-01-28 01:13:35,0
2026-01-28 01:13:36,0
2026-01-28 01:13:37,0
2026-01-28 01:13:38,0
2026-01-28 01:13:39,0
2026-01-28 01:13:40,0
2026-01-28 01:13:41,0
2026-01-28 01:13:42,0
2026-01-28 01:13:43,0
2026-01-28 01:13:44,0
2026-01-28 01:13:45,0
2026-01-28 01:13:46,0
2026-01-28 01:13:47,0
2026-01-28 01:13:48,0
2026-01-28 01:13:49,0
2026-01-28 01:13:50,0
2026-01-28 01:13:51,0
2026-01-28 01:13:52,0
2026-01-28 01:13:53,0
2026-01-28 01:13:54,0
2026-01-28 01:13:55,0
2026-01-28 01:13:56,0
2026-01-28 01:13:57,0
2026-01-28 01:13:58,0
2026-01-28 01:13:59,0
2026-01-28 01:14:00,0
2026-01-28 01:14:01,0
2026-01-28 01:14:02,0
2026-01-28 01:14:03,0
2026-01-28 01:14:04,0
2026-01-28 01:14:05,0
2026-01-28 01:14:06,0
2026-01-28 01:14:07,0
2026-01-28 01:14:08,0
2026-01-28 01:14:09,0
2026-01-28 01:14:10,0
2026-01-28 01:14:11,0
2026-01-28 01:14:12,0
2026-01-28 01:14:13,0
2026-01-28 01:14:14,0
2026-01-28 01:14:15,0
2026-01-28 01:14:16,0
2026-01-28 01:14:17,0
2026-01-28 01:14:18,0
2026-01-28 01:14:19,0
2026-01-28 01:14:20,0
2026-01-28 01:14:21,0
2026-01-28 01:14:22,0
2026-01-28 01:14:23,0
2026-01-28 01:14:24,0
2026-01-28 01:14:25,0
2026-01-28 01:14:26,0
2026-01-28 01:14:27,0
2026-01-28 01:14:28,0
2026-01-28 01:14:29,0
2026-01-28 01:14:30,0
2026-01-28 01:14:31,0
2026-01-28 01:14:32,0
2026-01-28 01:14:33,0
2026-01-28 01:14:34,0
2026-01-28 01:14:35,0
2026-01-28 01:14:36,0
2026-01-28 01:14:37,0
2026-01-28 01:14:38,0
2026-01-28 01:14:39,0
2026-01-28 01:14:40,0
2026-01-28 01:14:41,0
2026-01-28 01:14:42,0
2026-01-28 01:14:43,0
2026-01-28 01:14:44,0
2026-01-28 01:14:45,0
2026-01-28 01:14:46,0
2026-01-28 01:14:47,0
2026-01-28 01:14:48,0
2026-01-28 01:16:09,1.55
2026-01-28 01:16:10,1.55
2026-01-28 01:16:11,1.55
2026-01-28 01:16:12,1.55
2026-01-28 01:16:13,1.55
2026-01-28 01:16:14,7.26
2026-01-28 01:16:15,7.26
2026-01-28 01:16:16,7.26
2026-01-28 01:16:17,7.26
2026-01-28 01:16:18,7.26
2026-01-28 01:16:19,8.39
2026-01-28 01:16:20,8.39
2026-01-28 01:16:21,8.39
2026-01-28 01:16:22,8.39
2026-01-28 01:16:23,8.39
2026-01-28 01:16:24,7.04
2026-01-28 01:16:25,7.04
2026-01-28 01:16:26,7.04
2026-01-28 01:16:27,7.04
2026-01-28 01:16:28,7.04
2026-01-28 01:16:29,6.59
2026-01-28 01:16:30,6.59
2026-01-28 01:16:31,6.59
2026-01-28 01:16:32,6.59
2026-01-28 01:16:33,6.59
2026-01-28 01:16:34,7.77
2026-01-28 01:16:35,7.77
2026-01-28 01:16:36,7.77
2026-01-28 01:16:37,7.77
2026-01-28 01:16:38,7.77
2026-01-28 01:16:39,9.53
2026-01-28 01:16:40,9.53
2026-01-28 01:16:41,9.53
2026-01-28 01:16:42,9.53
2026-01-28 01:16:43,9.53
2026-01-28 01:16:44,8.04
2026-01-28 01:16:45,8.04
2026-01-28 01:16:46,8.04
2026-01-28 01:16:47,8.04
2026-01-28 01:16:48,8.04
2026-01-28 01:16:49,7.35
2026-01-28 01:16:50,7.35
2026-01-28 01:16:51,7.35
2026-01-28 01:16:52,7.35
2026-01-28 01:16:53,7.35
2026-01-28 01:16:54,6.96
2026-01-28 01:16:55,6.96
2026-01-28 01:16:56,6.96
2026-01-28 01:16:57,6.96
2026-01-28 01:16:58,6.96
2026-01-28 01:16:59,7.34
2026-01-28 01:17:00,7.34
2026-01-28 01:17:01,7.34
2026-01-28 01:17:02,7.34
2026-01-28 01:17:03,7.34
2026-01-28 01:17:04,7.49
2026-01-28 01:17:05,7.49
2026-01-28 01:17:06,7.49
2026-01-28 01:17:07,7.49
2026-01-28 01:17:08,7.49
2026-01-28 01:17:09,6.92
2026-01-28 01:17:10,6.92
2026-01-28 01:17:11,6.92
2026-01-28 01:17:12,6.92
2026-01-28 01:17:13,6.92
2026-01-28 01:17:14,6.89
2026-01-28 01:17:15,6.89
2026-01-28 01:17:16,6.89
2026-01-28 01:17:17,6.89
2026-01-28 01:17:18,6.89
2026-01-28 01:17:19,6.70
2026-01-28 01:17:20,6.70
2026-01-28 01:17:21,6.70
2026-01-28 01:17:22,6.70
2026-01-28 01:17:23,6.70
2026-01-28 01:17:24,7.31
2026-01-28 01:17:25,7.31
2026-01-28 01:17:26,7.31
2026-01-28 01:17:27,7.31
2026-01-28 01:17:28,7.31
2026-01-28 01:17:29,7.77
2026-01-28 01:17:30,7.77
2026-01-28 01:17:31,7.77
2026-01-28 01:17:32,7.77
2026-01-28 01:17:33,7.77
2026-01-28 01:17:34,7.38
2026-01-28 01:17:35,7.38
2026-01-28 01:17:36,7.38
2026-01-28 01:17:37,7.38
2026-01-28 01:17:38,7.38
2026-01-28 01:17:39,7.06
2026-01-28 01:17:40,7.06
2026-01-28 01:17:41,7.06
2026-01-28 01:17:42,7.06
2026-01-28 01:17:43,7.06
2026-01-28 01:17:44,7.64
2026-01-28 01:17:45,7.64
2026-01-28 01:17:46,7.64
2026-01-28 01:17:47,7.64
2026-01-28 01:17:48,7.64
2026-01-28 01:17:49,6.62
2026-01-28 01:17:50,6.62
2026-01-28 01:17:51,6.62
2026-01-28 01:17:52,6.62
2026-01-28 01:17:53,6.62
2026-01-28 01:17:54,8.33
2026-01-28 01:17:55,8.33
2026-01-28 01:17:56,8.33
2026-01-28 01:17:57,8.33
2026-01-28 01:17:58,8.33
2026-01-28 01:17:59,11.1
2026-01-28 01:18:00,11.1
2026-01-28 01:18:01,11.1
2026-01-28 01:18:02,11.1
2026-01-28 01:18:03,11.1
2026-01-28 01:18:04,11.7
2026-01-28 01:18:05,11.7
2026-01-28 01:18:06,11.7
2026-01-28 01:18:07,11.7
2026-01-28 01:18:08,11.7
2026-01-28 01:18:09,10.0
2026-01-28 01:18:10,10.0
2026-01-28 01:18:11,10.0
2026-01-28 01:18:12,10.0
2026-01-28 01:18:13,10.0
2026-01-28 01:18:14,9.87
2026-01-28 01:18:15,9.87
2026-01-28 01:18:16,9.87
2026-01-28 01:18:17,9.87
2026-01-28 01:18:18,9.87
2026-01-28 01:18:19,10.8
2026-01-28 01:18:20,10.8
2026-01-28 01:18:21,10.8
2026-01-28 01:18:22,10.8
2026-01-28 01:18:23,10.8
2026-01-28 01:18:24,10.4
2026-01-28 01:18:25,10.4
2026-01-28 01:18:26,10.4
2026-01-28 01:18:27,10.4
2026-01-28 01:18:28,10.4
2026-01-28 01:18:29,10.4
2026-01-28 01:18:30,10.4
2026-01-28 01:18:31,10.4
2026-01-28 01:18:32,10.4
2026-01-28 01:18:33,10.4
2026-01-28 01:18:34,10.5
2026-01-28 01:18:35,10.5
2026-01-28 01:18:36,10.5
2026-01-28 01:18:37,10.5
2026-01-28 01:18:38,10.5
2026-01-28 01:18:39,9.56
2026-01-28 01:18:40,9.56
2026-01-28 01:18:41,9.56
2026-01-28 01:18:42,9.56
2026-01-28 01:18:43,9.56
2026-01-28 01:18:44,9.17
2026-01-28 01:18:45,9.17
2026-01-28 01:18:46,9.17
2026-01-28 01:18:47,9.17
2026-01-28 01:18:48,9.17
2026-01-28 01:18:49,9.55
2026-01-28 01:18:50,9.55
2026-01-28 01:18:51,9.55
2026-01-28 01:18:52,9.55
2026-01-28 01:18:53,9.55
2026-01-28 01:18:54,9.63
2026-01-28 01:18:55,9.63
2026-01-28 01:18:56,9.63
2026-01-28 01:18:57,9.63
2026-01-28 01:18:58,9.63
2026-01-28 01:18:59,11.0
2026-01-28 01:19:00,11.0
2026-01-28 01:19:01,11.0
2026-01-28 01:19:02,11.0
2026-01-28 01:19:03,11.0
2026-01-28 01:19:04,11.8
2026-01-28 01:19:05,11.8
2026-01-28 01:19:06,11.8
2026-01-28 01:19:07,11.8
2026-01-28 01:19:08,11.8
2026-01-28 01:19:09,11.4
2026-01-28 01:19:10,11.4
2026-01-28 01:19:11,11.4
2026-01-28 01:19:12,11.4
2026-01-28 01:19:13,11.4
2026-01-28 01:19:14,11.1
2026-01-28 01:19:15,11.1
2026-01-28 01:19:16,11.1
2026-01-28 01:19:17,11.1
2026-01-28 01:19:18,11.1
2026-01-28 01:19:19,10.8
2026-01-28 01:19:20,10.8
2026-01-28 01:19:21,10.8
2026-01-28 01:19:22,10.8
2026-01-28 01:19:23,10.8
2026-01-28 01:19:24,10.3
2026-01-28 01:19:25,10.3
2026-01-28 01:19:26,10.3
2026-01-28 01:19:27,10.3
2026-01-28 01:19:28,10.3
2026-01-28 01:19:29,10.2
2026-01-28 01:19:30,10.2
2026-01-28 01:19:31,10.2