"Time","ue-ch-mmse"
2026-01-27 15:25:24,0
2026-01-27 15:25:25,0
2026-01-27 15:25:26,0
2026-01-27 15:25:27,0
2026-01-27 15:25:28,0
2026-01-27 15:25:29,0
2026-01-27 15:25:30,0
2026-01-27 15:25:31,0
2026-01-27 15:25:32,0
2026-01-27 15:25:33,0
2026-01-27 15:25:34,0
2026-01-27 15:25:35,0
2026-01-27 15:25:36,0
2026-01-27 15:25:37,0
2026-01-27 15:25:38,0
2026-01-27 15:25:39,0
2026-01-27 15:25:40,0
2026-01-27 15:25:41,0
2026-01-27 15:25:42,0
2026-01-27 15:25:43,0
2026-01-27 15:25:44,0
2026-01-27 15:25:45,0
2026-01-27 15:25:46,0
2026-01-27 15:25:47,0
2026-01-27 15:25:48,0
2026-01-27 15:25:49,0
2026-01-27 15:25:50,0
2026-01-27 15:25:51,0
2026-01-27 15:25:52,0
2026-01-27 15:25:53,0
2026-01-27 15:25:54,0
2026-01-27 15:25:55,0
2026-01-27 15:25:56,0
2026-01-27 15:25:57,0
2026-01-27 15:25:58,0
2026-01-27 15:25:59,0
2026-01-27 15:26:00,0
2026-01-27 15:26:01,0
2026-01-27 15:26:02,0
2026-01-27 15:26:03,0
2026-01-27 15:26:04,0
2026-01-27 15:26:05,0
2026-01-27 15:26:06,0
2026-01-27 15:26:07,0
2026-01-27 15:26:08,0
2026-01-27 15:26:09,0
2026-01-27 15:26:10,0
2026-01-27 15:26:11,0
2026-01-27 15:26:12,0
2026-01-27 15:26:13,0
2026-01-27 15:26:14,0
2026-01-27 15:26:15,0
2026-01-27 15:26:16,0
2026-01-27 15:26:17,0
2026-01-27 15:26:18,0
2026-01-27 15:26:19,0
2026-01-27 15:26:20,0
2026-01-27 15:26:21,0
2026-01-27 15:26:22,0
2026-01-27 15:26:23,0
2026-01-27 15:26:24,0
2026-01-27 15:26:25,0
2026-01-27 15:26:26,0
2026-01-27 15:26:27,0
2026-01-27 15:26:28,0
2026-01-27 15:26:39,4.89
2026-01-27 15:26:40,4.89
2026-01-27 15:26:41,4.89
2026-01-27 15:26:42,4.89
2026-01-27 15:26:43,4.89
2026-01-27 15:26:44,9.38
2026-01-27 15:26:45,9.38
2026-01-27 15:26:46,9.38
2026-01-27 15:26:47,9.38
2026-01-27 15:26:48,9.38
2026-01-27 15:26:49,9.65
2026-01-27 15:26:50,9.65
2026-01-27 15:26:51,9.65
2026-01-27 15:26:52,9.65
2026-01-27 15:26:53,9.65
2026-01-27 15:26:54,9.75
2026-01-27 15:26:55,9.75
2026-01-27 15:26:56,9.75
2026-01-27 15:26:57,9.75
2026-01-27 15:26:58,9.75
2026-01-27 15:26:59,9.62
2026-01-27 15:27:00,9.62
2026-01-27 15:27:01,9.62
2026-01-27 15:27:02,9.62
2026-01-27 15:27:03,9.62
2026-01-27 15:27:04,9.72
2026-01-27 15:27:05,9.72
2026-01-27 15:27:06,9.72
2026-01-27 15:27:07,9.72
2026-01-27 15:27:08,9.72
2026-01-27 15:27:09,9.65
2026-01-27 15:27:10,9.65
2026-01-27 15:27:11,9.65
2026-01-27 15:27:12,9.65
2026-01-27 15:27:13,9.65
2026-01-27 15:27:14,11.5
2026-01-27 15:27:15,11.5
2026-01-27 15:27:16,11.5
2026-01-27 15:27:17,11.5
2026-01-27 15:27:18,11.5
2026-01-27 15:27:19,10.0
2026-01-27 15:27:20,10.0
2026-01-27 15:27:21,10.0
2026-01-27 15:27:22,10.0
2026-01-27 15:27:23,10.0
2026-01-27 15:27:24,9.63
2026-01-27 15:27:25,9.63
2026-01-27 15:27:26,9.63
2026-01-27 15:27:27,9.63
2026-01-27 15:27:28,9.63
2026-01-27 15:27:29,13.0
2026-01-27 15:27:30,13.0
2026-01-27 15:27:31,13.0
2026-01-27 15:27:32,13.0
2026-01-27 15:27:33,13.0
2026-01-27 15:27:34,11.7
2026-01-27 15:27:35,11.7
2026-01-27 15:27:36,11.7
2026-01-27 15:27:37,11.7
2026-01-27 15:27:38,11.7
2026-01-27 15:27:39,10.4
2026-01-27 15:27:40,10.4
2026-01-27 15:27:41,10.4
2026-01-27 15:27:42,10.4
2026-01-27 15:27:43,10.4
2026-01-27 15:27:44,9.76
2026-01-27 15:27:45,9.76
2026-01-27 15:27:46,9.76
2026-01-27 15:27:47,9.76
2026-01-27 15:27:48,9.76
2026-01-27 15:27:49,9.29
2026-01-27 15:27:50,9.29
2026-01-27 15:27:51,9.29
2026-01-27 15:27:52,9.29
2026-01-27 15:27:53,9.29
2026-01-27 15:27:54,10.1
2026-01-27 15:27:55,10.1
2026-01-27 15:27:56,10.1
2026-01-27 15:27:57,10.1
2026-01-27 15:27:58,10.1
2026-01-27 15:27:59,9.50
2026-01-27 15:28:00,9.50
2026-01-27 15:28:01,9.50
2026-01-27 15:28:02,9.50
2026-01-27 15:28:03,9.50
2026-01-27 15:28:04,0
2026-01-27 15:28:05,0
2026-01-27 15:28:06,0
2026-01-27 15:28:07,0
2026-01-27 15:28:08,0
2026-01-27 15:28:09,0
2026-01-27 15:28:10,0
2026-01-27 15:28:11,0
2026-01-27 15:28:12,0
2026-01-27 15:28:13,0
2026-01-27 15:28:14,0
2026-01-27 15:28:15,0
2026-01-27 15:28:16,0
2026-01-27 15:28:17,0
2026-01-27 15:28:18,0
2026-01-27 15:28:19,0
2026-01-27 15:28:20,0
2026-01-27 15:28:21,0
2026-01-27 15:28:22,0
2026-01-27 15:28:23,0
2026-01-27 15:28:24,0
2026-01-27 15:28:25,0
2026-01-27 15:28:26,0
2026-01-27 15:28:27,0
2026-01-27 15:28:28,0
2026-01-27 15:28:29,0
2026-01-27 15:28:30,0
2026-01-27 15:28:31,0
2026-01-27 15:28:32,0
2026-01-27 15:28:33,0
2026-01-27 15:28:34,0
2026-01-27 15:28:35,0
2026-01-27 15:28:36,0
2026-01-27 15:28:37,0
2026-01-27 15:28:38,0
2026-01-27 15:28:39,0
2026-01-27 15:28:40,0
2026-01-27 15:28:41,0
2026-01-27 15:28:42,0
2026-01-27 15:28:43,0
2026-01-27 15:28:44,0
2026-01-27 15:28:45,0
2026-01-27 15:28:46,0
2026-01-27 15:28:47,0
2026-01-27 15:28:48,0
2026-01-27 15:28:49,0
2026-01-27 15:28:50,0
2026-01-27 15:28:51,0
2026-01-27 15:28:52,0
2026-01-27 15:28:53,0
2026-01-27 15:28:54,0
2026-01-27 15:28:55,0
2026-01-27 15:28:56,0
2026-01-27 15:28:57,0
2026-01-27 15:28:58,0
2026-01-27 15:28:59,0
2026-01-27 15:29:00,0
2026-01-27 15:29:01,0
2026-01-27 15:29:02,0
2026-01-27 15:29:03,0
2026-01-27 15:29:04,0
2026-01-27 15:29:05,0
2026-01-27 15:29:06,0
2026-01-27 15:29:07,0
2026-01-27 15:29:08,0
2026-01-27 15:29:09,0
2026-01-27 15:29:10,0
2026-01-27 15:29:11,0
2026-01-27 15:29:12,0
2026-01-27 15:29:13,0
2026-01-27 15:29:14,0
2026-01-27 15:29:15,0
2026-01-27 15:29:16,0
2026-01-27 15:29:17,0
2026-01-27 15:29:18,0
2026-01-27 15:29:19,0
2026-01-27 15:29:20,0
2026-01-27 15:29:21,0
2026-01-27 15:29:22,0
2026-01-27 15:29:23,0
2026-01-27 15:29:24,0
2026-01-27 15:29:25,0
2026-01-27 15:29:26,0
2026-01-27 15:29:27,0
2026-01-27 15:29:28,0
2026-01-27 15:29:29,0
2026-01-27 15:29:30,0
2026-01-27 15:29:31,0
2026-01-27 15:29:32,0
2026-01-27 15:29:33,0
2026-01-27 15:29:34,0
2026-01-27 15:29:35,0
2026-01-27 15:29:36,0
2026-01-27 15:29:37,0
2026-01-27 15:29:38,0
2026-01-27 15:29:59,5.49
2026-01-27 15:30:00,5.49
2026-01-27 15:30:01,5.49
2026-01-27 15:30:02,5.49
2026-01-27 15:30:03,5.49
2026-01-27 15:30:04,11.9
2026-01-27 15:30:05,11.9
2026-01-27 15:30:06,11.9
2026-01-27 15:30:07,11.9
2026-01-27 15:30:08,11.9
2026-01-27 15:30:09,9.25
2026-01-27 15:30:10,9.25
2026-01-27 15:30:11,9.25
2026-01-27 15:30:12,9.25
2026-01-27 15:30:13,9.25
2026-01-27 15:30:14,7.53
2026-01-27 15:30:15,7.53
2026-01-27 15:30:16,7.53
2026-01-27 15:30:17,7.53
2026-01-27 15:30:18,7.53
2026-01-27 15:30:19,7.53
2026-01-27 15:30:20,7.53
2026-01-27 15:30:21,7.53
2026-01-27 15:30:22,7.53
2026-01-27 15:30:23,7.53
2026-01-27 15:30:24,8.55
2026-01-27 15:30:25,8.55
2026-01-27 15:30:26,8.55
2026-01-27 15:30:27,8.55
2026-01-27 15:30:28,8.55
2026-01-27 15:30:29,7.80
2026-01-27 15:30:30,7.80
2026-01-27 15:30:31,7.80
2026-01-27 15:30:32,7.80
2026-01-27 15:30:33,7.80
2026-01-27 15:30:34,8.62
2026-01-27 15:30:35,8.62
2026-01-27 15:30:36,8.62
2026-01-27 15:30:37,8.62
2026-01-27 15:30:38,8.62
2026-01-27 15:30:39,7.70
2026-01-27 15:30:40,7.70
2026-01-27 15:30:41,7.70
2026-01-27 15:30:42,7.70
2026-01-27 15:30:43,7.70
2026-01-27 15:30:44,8.31
2026-01-27 15:30:45,8.31
2026-01-27 15:30:46,8.31
2026-01-27 15:30:47,8.31
2026-01-27 15:30:48,8.31
2026-01-27 15:30:49,7.83
2026-01-27 15:30:50,7.83
2026-01-27 15:30:51,7.83
2026-01-27 15:30:52,7.83
2026-01-27 15:30:53,7.83
2026-01-27 15:30:54,9.86
2026-01-27 15:30:55,9.86
2026-01-27 15:30:56,9.86
2026-01-27 15:30:57,9.86
2026-01-27 15:30:58,9.86
2026-01-27 15:30:59,9.56
2026-01-27 15:31:00,9.56
2026-01-27 15:31:01,9.56
2026-01-27 15:31:02,9.56
2026-01-27 15:31:03,9.56
2026-01-27 15:31:04,11.3
2026-01-27 15:31:05,11.3
2026-01-27 15:31:06,11.3
2026-01-27 15:31:07,11.3
2026-01-27 15:31:08,11.3
2026-01-27 15:31:09,10.5
2026-01-27 15:31:10,10.5
2026-01-27 15:31:11,10.5
2026-01-27 15:31:12,10.5
2026-01-27 15:31:13,10.5
2026-01-27 15:31:14,10.0
2026-01-27 15:31:15,10.0
2026-01-27 15:31:16,10.0
2026-01-27 15:31:17,10.0
2026-01-27 15:31:18,10.0
2026-01-27 15:31:19,0
2026-01-27 15:31:20,0
2026-01-27 15:31:21,0
2026-01-27 15:31:22,0
2026-01-27 15:31:23,0
2026-01-27 15:31:24,0
2026-01-27 15:31:25,0
2026-01-27 15:31:26,0
2026-01-27 15:31:27,0
2026-01-27 15:31:28,0
2026-01-27 15:31:29,0
2026-01-27 15:31:30,0
2026-01-27 15:31:31,0
2026-01-27 15:31:32,0
2026-01-27 15:31:33,0
2026-01-27 15:31:34,0
2026-01-27 15:31:35,0
2026-01-27 15:31:36,0
2026-01-27 15:31:37,0
2026-01-27 15:31:38,0
2026-01-27 15:31:39,0
2026-01-27 15:31:40,0
2026-01-27 15:31:41,0
2026-01-27 15:31:42,0
2026-01-27 15:31:43,0
2026-01-27 15:31:44,0
2026-01-27 15:31:45,0
2026-01-27 15:31:46,0
2026-01-27 15:31:47,0
2026-01-27 15:31:48,0
2026-01-27 15:31:49,0
2026-01-27 15:31:50,0
2026-01-27 15:31:51,0
2026-01-27 15:31:52,0
2026-01-27 15:31:53,0
2026-01-27 15:31:54,0
2026-01-27 15:31:55,0
2026-01-27 15:31:56,0
2026-01-27 15:31:57,0
2026-01-27 15:31:58,0
2026-01-27 15:31:59,0
2026-01-27 15:32:00,0
2026-01-27 15:32:01,0
2026-01-27 15:32:02,0
2026-01-27 15:32:03,0
2026-01-27 15:32:04,0
2026-01-27 15:32:05,0
2026-01-27 15:32:06,0
2026-01-27 15:32:07,0
2026-01-27 15:32:08,0
2026-01-27 15:32:09,0
2026-01-27 15:32:10,0
2026-01-27 15:32:11,0
2026-01-27 15:32:12,0
2026-01-27 15:32:13,0
2026-01-27 15:32:14,0
2026-01-27 15:32:15,0
2026-01-27 15:32:16,0
2026-01-27 15:32:17,0
2026-01-27 15:32:18,0
2026-01-27 15:32:19,0
2026-01-27 15:32:20,0
2026-01-27 15:32:21,0
2026-01-27 15:32:22,0
2026-01-27 15:32:23,0
2026-01-27 15:32:24,0
2026-01-27 15:32:25,0
2026-01-27 15:32:26,0
2026-01-27 15:32:27,0
2026-01-27 15:32:28,0
2026-01-27 15:32:29,0
2026-01-27 15:32:30,0
2026-01-27 15:32:31,0
2026-01-27 15:32:32,0
2026-01-27 15:32:33,0
2026-01-27 15:32:34,0
2026-01-27 15:32:35,0
2026-01-27 15:32:36,0
2026-01-27 15:32:37,0
2026-01-27 15:32:38,0
2026-01-27 15:32:39,0
2026-01-27 15:32:40,0
2026-01-27 15:32:41,0
2026-01-27 15:32:42,0
2026-01-27 15:32:43,0
2026-01-27 15:32:44,0
2026-01-27 15:32:45,0
2026-01-27 15:32:46,0
2026-01-27 15:32:47,0
2026-01-27 15:32:48,0
2026-01-27 15:32:49,0
2026-01-27 15:32:50,0
2026-01-27 15:32:51,0
2026-01-27 15:32:52,0
2026-01-27 15:32:53,0
2026-01-27 15:33:44,7.58
2026-01-27 15:33:45,7.58
2026-01-27 15:33:46,7.58
2026-01-27 15:33:47,7.58
2026-01-27 15:33:48,7.58
2026-01-27 15:33:49,9.84
2026-01-27 15:33:50,9.84
2026-01-27 15:33:51,9.84
2026-01-27 15:33:52,9.84
2026-01-27 15:33:53,9.84
2026-01-27 15:33:54,10.7
2026-01-27 15:33:55,10.7
2026-01-27 15:33:56,10.7
2026-01-27 15:33:57,10.7
2026-01-27 15:33:58,10.7
2026-01-27 15:33:59,10.4
2026-01-27 15:34:00,10.4
2026-01-27 15:34:01,10.4
2026-01-27 15:34:02,10.4
2026-01-27 15:34:03,10.4
2026-01-27 15:34:04,11.1
2026-01-27 15:34:05,11.1
2026-01-27 15:34:06,11.1
2026-01-27 15:34:07,11.1
2026-01-27 15:34:08,11.1
2026-01-27 15:34:09,12.9
2026-01-27 15:34:10,12.9
2026-01-27 15:34:11,12.9
2026-01-27 15:34:12,12.9
2026-01-27 15:34:13,12.9
2026-01-27 15:34:14,8.66
2026-01-27 15:34:15,8.66
2026-01-27 15:34:16,8.66
2026-01-27 15:34:17,8.66
2026-01-27 15:34:18,8.66
2026-01-27 15:34:19,8.52
2026-01-27 15:34:20,8.52
2026-01-27 15:34:21,8.52
2026-01-27 15:34:22,8.52
2026-01-27 15:34:23,8.52
2026-01-27 15:34:24,9.43
2026-01-27 15:34:25,9.43
2026-01-27 15:34:26,9.43
2026-01-27 15:34:27,9.43
2026-01-27 15:34:28,9.43
2026-01-27 15:34:29,10.2
2026-01-27 15:34:30,10.2
2026-01-27 15:34:31,10.2
2026-01-27 15:34:32,10.2
2026-01-27 15:34:33,10.2
2026-01-27 15:34:34,8.72
2026-01-27 15:34:35,8.72
2026-01-27 15:34:36,8.72
2026-01-27 15:34:37,8.72
2026-01-27 15:34:38,8.72
2026-01-27 15:34:39,7.51
2026-01-27 15:34:40,7.51
2026-01-27 15:34:41,7.51
2026-01-27 15:34:42,7.51
2026-01-27 15:34:43,7.51
2026-01-27 15:34:44,8.25
2026-01-27 15:34:45,8.25
2026-01-27 15:34:46,8.25
2026-01-27 15:34:47,8.25
2026-01-27 15:34:48,8.25
2026-01-27 15:34:49,7.48
2026-01-27 15:34:50,7.48
2026-01-27 15:34:51,7.48
2026-01-27 15:34:52,7.48
2026-01-27 15:34:53,7.48
2026-01-27 15:34:54,8.19
2026-01-27 15:34:55,8.19
2026-01-27 15:34:56,8.19
2026-01-27 15:34:57,8.19
2026-01-27 15:34:58,8.19
2026-01-27 15:34:59,7.47
2026-01-27 15:35:00,7.47
2026-01-27 15:35:01,7.47
2026-01-27 15:35:02,7.47
2026-01-27 15:35:03,7.47
2026-01-27 15:35:04,8.25
2026-01-27 15:35:05,8.25
2026-01-27 15:35:06,8.25
2026-01-27 15:35:07,8.25
2026-01-27 15:35:08,8.25
2026-01-27 15:35:09,0
2026-01-27 15:35:10,0
2026-01-27 15:35:11,0
2026-01-27 15:35:12,0
2026-01-27 15:35:13,0
2026-01-27 15:35:14,0
2026-01-27 15:35:15,0
2026-01-27 15:35:16,0
2026-01-27 15:35:17,0
2026-01-27 15:35:18,0
2026-01-27 15:35:19,0
2026-01-27 15:35:20,0
2026-01-27 15:35:21,0
2026-01-27 15:35:22,0
2026-01-27 15:35:23,0
2026-01-27 15:35:24,0
2026-01-27 15:35:25,0
2026-01-27 15:35:26,0
2026-01-27 15:35:27,0
2026-01-27 15:35:28,0
2026-01-27 15:35:29,0
2026-01-27 15:35:30,0
2026-01-27 15:35:31,0
2026-01-27 15:35:32,0
2026-01-27 15:35:33,0
2026-01-27 15:35:34,0
2026-01-27 15:35:35,0
2026-01-27 15:35:36,0
2026-01-27 15:35:37,0
2026-01-27 15:35:38,0
2026-01-27 15:35:39,0
2026-01-27 15:35:40,0
2026-01-27 15:35:41,0
2026-01-27 15:35:42,0
2026-01-27 15:35:43,0
2026-01-27 15:35:44,0
2026-01-27 15:35:45,0
2026-01-27 15:35:46,0
2026-01-27 15:35:47,0
2026-01-27 15:35:48,0
2026-01-27 15:35:49,0
2026-01-27 15:35:50,0
2026-01-27 15:35:51,0
2026-01-27 15:35:52,0
2026-01-27 15:35:53,0
2026-01-27 15:35:54,0
2026-01-27 15:35:55,0
2026-01-27 15:35:56,0
2026-01-27 15:35:57,0
2026-01-27 15:35:58,0
2026-01-27 15:35:59,0
2026-01-27 15:36:00,0
2026-01-27 15:36:01,0
2026-01-27 15:36:02,0
2026-01-27 15:36:03,0
2026-01-27 15:36:04,0
2026-01-27 15:36:05,0
2026-01-27 15:36:06,0
2026-01-27 15:36:07,0
2026-01-27 15:36:08,0
2026-01-27 15:36:09,0
2026-01-27 15:36:10,0
2026-01-27 15:36:11,0
2026-01-27 15:36:12,0
2026-01-27 15:36:13,0
2026-01-27 15:36:14,0
2026-01-27 15:36:15,0
2026-01-27 15:36:16,0
2026-01-27 15:36:17,0
2026-01-27 15:36:18,0
2026-01-27 15:36:19,0
2026-01-27 15:36:20,0
2026-01-27 15:36:21,0
2026-01-27 15:36:22,0
2026-01-27 15:36:23,0
2026-01-27 15:36:24,0
2026-01-27 15:36:25,0
2026-01-27 15:36:26,0
2026-01-27 15:36:27,0
2026-01-27 15:36:28,0
2026-01-27 15:36:29,0
2026-01-27 15:36:30,0
2026-01-27 15:36:31,0
2026-01-27 15:36:32,0
2026-01-27 15:36:33,0
2026-01-27 15:36:34,0
2026-01-27 15:36:35,0
2026-01-27 15:36:36,0
2026-01-27 15:36:37,0
2026-01-27 15:36:38,0
2026-01-27 15:36:39,0
2026-01-27 15:36:40,0
2026-01-27 15:36:41,0
2026-01-27 15:36:42,0
2026-01-27 15:36:43,0
2026-01-27 15:38:04,3.55
2026-01-27 15:38:05,3.55
2026-01-27 15:38:06,3.55
2026-01-27 15:38:07,3.55
2026-01-27 15:38:08,3.55
2026-01-27 15:38:09,8.81
2026-01-27 15:38:10,8.81
2026-01-27 15:38:11,8.81
2026-01-27 15:38:12,8.81
2026-01-27 15:38:13,8.81
2026-01-27 15:38:14,10.2
2026-01-27 15:38:15,10.2
2026-01-27 15:38:16,10.2
2026-01-27 15:38:17,10.2
2026-01-27 15:38:18,10.2
2026-01-27 15:38:19,10.1
2026-01-27 15:38:20,10.1
2026-01-27 15:38:21,10.1
2026-01-27 15:38:22,10.1
2026-01-27 15:38:23,10.1
2026-01-27 15:38:24,12.7
2026-01-27 15:38:25,12.7
2026-01-27 15:38:26,12.7
2026-01-27 15:38:27,12.7
2026-01-27 15:38:28,12.7
2026-01-27 15:38:29,10.3
2026-01-27 15:38:30,10.3
2026-01-27 15:38:31,10.3
2026-01-27 15:38:32,10.3
2026-01-27 15:38:33,10.3
2026-01-27 15:38:34,9.34
2026-01-27 15:38:35,9.34
2026-01-27 15:38:36,9.34
2026-01-27 15:38:37,9.34
2026-01-27 15:38:38,9.34
2026-01-27 15:38:39,8.69
2026-01-27 15:38:40,8.69
2026-01-27 15:38:41,8.69
2026-01-27 15:38:42,8.69
2026-01-27 15:38:43,8.69
2026-01-27 15:38:44,9.35
2026-01-27 15:38:45,9.35
2026-01-27 15:38:46,9.35
2026-01-27 15:38:47,9.35
2026-01-27 15:38:48,9.35
2026-01-27 15:38:49,9.05
2026-01-27 15:38:50,9.05
2026-01-27 15:38:51,9.05
2026-01-27 15:38:52,9.05
2026-01-27 15:38:53,9.05
2026-01-27 15:38:54,9.69
2026-01-27 15:38:55,9.69
2026-01-27 15:38:56,9.69
2026-01-27 15:38:57,9.69
2026-01-27 15:38:58,9.69
2026-01-27 15:38:59,8.56
2026-01-27 15:39:00,8.56
2026-01-27 15:39:01,8.56
2026-01-27 15:39:02,8.56
2026-01-27 15:39:03,8.56
2026-01-27 15:39:04,9.34
2026-01-27 15:39:05,9.34
2026-01-27 15:39:06,9.34
2026-01-27 15:39:07,9.34
2026-01-27 15:39:08,9.34
2026-01-27 15:39:09,8.70
2026-01-27 15:39:10,8.70
2026-01-27 15:39:11,8.70
2026-01-27 15:39:12,8.70
2026-01-27 15:39:13,8.70
2026-01-27 15:39:14,8.73
2026-01-27 15:39:15,8.73
2026-01-27 15:39:16,8.73
2026-01-27 15:39:17,8.73
2026-01-27 15:39:18,8.73
2026-01-27 15:39:19,8.42
2026-01-27 15:39:20,8.42
2026-01-27 15:39:21,8.42
2026-01-27 15:39:22,8.42
2026-01-27 15:39:23,8.42
2026-01-27 15:39:24,0
2026-01-27 15:39:25,0
2026-01-27 15:39:26,0
2026-01-27 15:39:27,0
2026-01-27 15:39:28,0
2026-01-27 15:39:29,0
2026-01-27 15:39:30,0
2026-01-27 15:39:31,0
2026-01-27 15:39:32,0
2026-01-27 15:39:33,0
2026-01-27 15:39:34,0
2026-01-27 15:39:35,0
2026-01-27 15:39:36,0
2026-01-27 15:39:37,0
2026-01-27 15:39:38,0
2026-01-27 15:39:39,0
2026-01-27 15:39:40,0
2026-01-27 15:39:41,0
2026-01-27 15:39:42,0
2026-01-27 15:39:43,0
2026-01-27 15:39:44,0
2026-01-27 15:39:45,0
2026-01-27 15:39:46,0
2026-01-27 15:39:47,0
2026-01-27 15:39:48,0
2026-01-27 15:39:49,0
2026-01-27 15:39:50,0
2026-01-27 15:39:51,0
2026-01-27 15:39:52,0
2026-01-27 15:39:53,0
2026-01-27 15:39:54,0
2026-01-27 15:39:55,0
2026-01-27 15:39:56,0
2026-01-27 15:39:57,0
2026-01-27 15:39:58,0
2026-01-27 15:39:59,0
2026-01-27 15:40:00,0
2026-01-27 15:40:01,0
2026-01-27 15:40:02,0
2026-01-27 15:40:03,0
2026-01-27 15:40:04,0
2026-01-27 15:40:05,0
2026-01-27 15:40:06,0
2026-01-27 15:40:07,0
2026-01-27 15:40:08,0
2026-01-27 15:40:09,0
2026-01-27 15:40:10,0
2026-01-27 15:40:11,0
2026-01-27 15:40:12,0
2026-01-27 15:40:13,0
2026-01-27 15:40:14,0
2026-01-27 15:40:15,0
2026-01-27 15:40:16,0
2026-01-27 15:40:17,0
2026-01-27 15:40:18,0
2026-01-27 15:40:19,0
2026-01-27 15:40:20,0
2026-01-27 15:40:21,0
2026-01-27 15:40:22,0
2026-01-27 15:40:23,0
2026-01-27 15:40:24,0
2026-01-27 15:40:25,0
2026-01-27 15:40:26,0
2026-01-27 15:40:27,0
2026-01-27 15:40:28,0
2026-01-27 15:40:29,0
2026-01-27 15:40:30,0
2026-01-27 15:40:31,0
2026-01-27 15:40:32,0
2026-01-27 15:40:33,0
2026-01-27 15:40:34,0
2026-01-27 15:40:35,0
2026-01-27 15:40:36,0
2026-01-27 15:40:37,0
2026-01-27 15:40:38,0
2026-01-27 15:40:39,0
2026-01-27 15:40:40,0
2026-01-27 15:40:41,0
2026-01-27 15:40:42,0
2026-01-27 15:40:43,0
2026-01-27 15:40:44,0
2026-01-27 15:40:45,0
2026-01-27 15:40:46,0
2026-01-27 15:40:47,0
2026-01-27 15:40:48,0
2026-01-27 15:40:49,0
2026-01-27 15:40:50,0
2026-01-27 15:40:51,0
2026-01-27 15:40:52,0
2026-01-27 15:40:53,0
2026-01-27 15:40:54,0
2026-01-27 15:40:55,0
2026-01-27 15:40:56,0
2026-01-27 15:40:57,0
2026-01-27 15:40:58,0
2026-01-27 15:43:44,6.97
2026-01-27 15:43:45,6.97
2026-01-27 15:43:46,6.97
2026-01-27 15:43:47,6.97
2026-01-27 15:43:48,6.97
2026-01-27 15:43:49,11.1
2026-01-27 15:43:50,11.1
2026-01-27 15:43:51,11.1
2026-01-27 15:43:52,11.1
2026-01-27 15:43:53,11.1
2026-01-27 15:43:54,11.3
2026-01-27 15:43:55,11.3
2026-01-27 15:43:56,11.3
2026-01-27 15:43:57,11.3
2026-01-27 15:43:58,11.3
2026-01-27 15:43:59,8.39
2026-01-27 15:44:00,8.39
2026-01-27 15:44:01,8.39
2026-01-27 15:44:02,8.39
2026-01-27 15:44:03,8.39
2026-01-27 15:44:04,9.10
2026-01-27 15:44:05,9.10
2026-01-27 15:44:06,9.10
2026-01-27 15:44:07,9.10
2026-01-27 15:44:08,9.10
2026-01-27 15:44:09,8.54
2026-01-27 15:44:10,8.54
2026-01-27 15:44:11,8.54
2026-01-27 15:44:12,8.54
2026-01-27 15:44:13,8.54
2026-01-27 15:44:14,9.23
2026-01-27 15:44:15,9.23
2026-01-27 15:44:16,9.23
2026-01-27 15:44:17,9.23
2026-01-27 15:44:18,9.23
2026-01-27 15:44:19,8.88
2026-01-27 15:44:20,8.88
2026-01-27 15:44:21,8.88
2026-01-27 15:44:22,8.88
2026-01-27 15:44:23,8.88
2026-01-27 15:44:24,9.26
2026-01-27 15:44:25,9.26
2026-01-27 15:44:26,9.26
2026-01-27 15:44:27,9.26
2026-01-27 15:44:28,9.26
2026-01-27 15:44:29,8.76
2026-01-27 15:44:30,8.76
2026-01-27 15:44:31,8.76
2026-01-27 15:44:32,8.76
2026-01-27 15:44:33,8.76
2026-01-27 15:44:34,9.83
2026-01-27 15:44:35,9.83
2026-01-27 15:44:36,9.83
2026-01-27 15:44:37,9.83
2026-01-27 15:44:38,9.83
2026-01-27 15:44:39,11.8
2026-01-27 15:44:40,11.8
2026-01-27 15:44:41,11.8
2026-01-27 15:44:42,11.8
2026-01-27 15:44:43,11.8
2026-01-27 15:44:44,14.9
2026-01-27 15:44:45,14.9
2026-01-27 15:44:46,14.9
2026-01-27 15:44:47,14.9
2026-01-27 15:44:48,14.9
2026-01-27 15:44:49,11.4
2026-01-27 15:44:50,11.4
2026-01-27 15:44:51,11.4
2026-01-27 15:44:52,11.4
2026-01-27 15:44:53,11.4
2026-01-27 15:44:54,11.0
2026-01-27 15:44:55,11.0
2026-01-27 15:44:56,11.0
2026-01-27 15:44:57,11.0
2026-01-27 15:44:58,11.0
2026-01-27 15:44:59,8.75
2026-01-27 15:45:00,8.75
2026-01-27 15:45:01,8.75
2026-01-27 15:45:02,8.75
2026-01-27 15:45:03,8.75
2026-01-27 15:45:04,0
2026-01-27 15:45:05,0
2026-01-27 15:45:06,0
2026-01-27 15:45:07,0
2026-01-27 15:45:08,0
2026-01-27 15:45:09,0
2026-01-27 15:45:10,0
2026-01-27 15:45:11,0
2026-01-27 15:45:12,0
2026-01-27 15:45:13,0
2026-01-27 15:45:14,0
2026-01-27 15:45:15,0
2026-01-27 15:45:16,0
2026-01-27 15:45:17,0
2026-01-27 15:45:18,0
2026-01-27 15:45:19,0
2026-01-27 15:45:20,0
2026-01-27 15:45:21,0
2026-01-27 15:45:22,0
2026-01-27 15:45:23,0
2026-01-27 15:45:24,0
2026-01-27 15:45:25,0
2026-01-27 15:45:26,0
2026-01-27 15:45:27,0
2026-01-27 15:45:28,0
2026-01-27 15:45:29,0
2026-01-27 15:45:30,0
2026-01-27 15:45:31,0
2026-01-27 15:45:32,0
2026-01-27 15:45:33,0
2026-01-27 15:45:34,0
2026-01-27 15:45:35,0
2026-01-27 15:45:36,0
2026-01-27 15:45:37,0
2026-01-27 15:45:38,0
2026-01-27 15:45:39,0
2026-01-27 15:45:40,0
2026-01-27 15:45:41,0
2026-01-27 15:45:42,0
2026-01-27 15:45:43,0
2026-01-27 15:45:44,0
2026-01-27 15:45:45,0
2026-01-27 15:45:46,0
2026-01-27 15:45:47,0
2026-01-27 15:45:48,0
2026-01-27 15:45:49,0
2026-01-27 15:45:50,0
2026-01-27 15:45:51,0
2026-01-27 15:45:52,0
2026-01-27 15:45:53,0
2026-01-27 15:45:54,0
2026-01-27 15:45:55,0
2026-01-27 15:45:56,0
2026-01-27 15:45:57,0
2026-01-27 15:45:58,0
2026-01-27 15:45:59,0
2026-01-27 15:46:00,0
2026-01-27 15:46:01,0
2026-01-27 15:46:02,0
2026-01-27 15:46:03,0
2026-01-27 15:46:04,0
2026-01-27 15:46:05,0
2026-01-27 15:46:06,0
2026-01-27 15:46:07,0
2026-01-27 15:46:08,0
2026-01-27 15:46:09,0
2026-01-27 15:46:10,0
2026-01-27 15:46:11,0
2026-01-27 15:46:12,0
2026-01-27 15:46:13,0
2026-01-27 15:46:14,0
2026-01-27 15:46:15,0
2026-01-27 15:46:16,0
2026-01-27 15:46:17,0
2026-01-27 15:46:18,0
2026-01-27 15:46:19,0
2026-01-27 15:46:20,0
2026-01-27 15:46:21,0
2026-01-27 15:46:22,0
2026-01-27 15:46:23,0
2026-01-27 15:46:24,0
2026-01-27 15:46:25,0
2026-01-27 15:46:26,0
2026-01-27 15:46:27,0
2026-01-27 15:46:28,0
2026-01-27 15:46:29,0
2026-01-27 15:46:30,0
2026-01-27 15:46:31,0
2026-01-27 15:46:32,0
2026-01-27 15:46:33,0
2026-01-27 15:46:34,0
2026-01-27 15:46:35,0
2026-01-27 15:46:36,0
2026-01-27 15:46:37,0
2026-01-27 15:46:38,0
2026-01-27 15:51:39,4.94
2026-01-27 15:51:40,4.94
2026-01-27 15:51:41,4.94
2026-01-27 15:51:42,4.94
2026-01-27 15:51:43,4.94
2026-01-27 15:51:44,8.55
2026-01-27 15:51:45,8.55
2026-01-27 15:51:46,8.55
2026-01-27 15:51:47,8.55
2026-01-27 15:51:48,8.55
2026-01-27 15:51:49,8.82
2026-01-27 15:51:50,8.82
2026-01-27 15:51:51,8.82
2026-01-27 15:51:52,8.82
2026-01-27 15:51:53,8.82
2026-01-27 15:51:54,12.1
2026-01-27 15:51:55,12.1
2026-01-27 15:51:56,12.1
2026-01-27 15:51:57,12.1
2026-01-27 15:51:58,12.1
2026-01-27 15:51:59,9.37
2026-01-27 15:52:00,9.37
2026-01-27 15:52:01,9.37
2026-01-27 15:52:02,9.37
2026-01-27 15:52:03,9.37
2026-01-27 15:52:04,8.31
2026-01-27 15:52:05,8.31
2026-01-27 15:52:06,8.31
2026-01-27 15:52:07,8.31
2026-01-27 15:52:08,8.31
2026-01-27 15:52:09,7.51
2026-01-27 15:52:10,7.51
2026-01-27 15:52:11,7.51
2026-01-27 15:52:12,7.51
2026-01-27 15:52:13,7.51
2026-01-27 15:52:14,8.37
2026-01-27 15:52:15,8.37
2026-01-27 15:52:16,8.37
2026-01-27 15:52:17,8.37
2026-01-27 15:52:18,8.37
2026-01-27 15:52:19,7.91
2026-01-27 15:52:20,7.91
2026-01-27 15:52:21,7.91
2026-01-27 15:52:22,7.91
2026-01-27 15:52:23,7.91
2026-01-27 15:52:24,8.16
2026-01-27 15:52:25,8.16
2026-01-27 15:52:26,8.16
2026-01-27 15:52:27,8.16
2026-01-27 15:52:28,8.16
2026-01-27 15:52:29,9.00
2026-01-27 15:52:30,9.00
2026-01-27 15:52:31,9.00
2026-01-27 15:52:32,9.00
2026-01-27 15:52:33,9.00
2026-01-27 15:52:34,8.49
2026-01-27 15:52:35,8.49
2026-01-27 15:52:36,8.49
2026-01-27 15:52:37,8.49
2026-01-27 15:52:38,8.49
2026-01-27 15:52:39,6.29
2026-01-27 15:52:40,6.29
2026-01-27 15:52:41,6.29
2026-01-27 15:52:42,6.29
2026-01-27 15:52:43,6.29
2026-01-27 15:52:44,6.87
2026-01-27 15:52:45,6.87
2026-01-27 15:52:46,6.87
2026-01-27 15:52:47,6.87
2026-01-27 15:52:48,6.87
2026-01-27 15:52:49,6.30
2026-01-27 15:52:50,6.30
2026-01-27 15:52:51,6.30
2026-01-27 15:52:52,6.30
2026-01-27 15:52:53,6.30
2026-01-27 15:52:54,7.04
2026-01-27 15:52:55,7.04
2026-01-27 15:52:56,7.04
2026-01-27 15:52:57,7.04
2026-01-27 15:52:58,7.04
2026-01-27 15:52:59,0
2026-01-27 15:53:00,0
2026-01-27 15:53:01,0
2026-01-27 15:53:02,0
2026-01-27 15:53:03,0
2026-01-27 15:53:04,0
2026-01-27 15:53:05,0
2026-01-27 15:53:06,0
2026-01-27 15:53:07,0
2026-01-27 15:53:08,0
2026-01-27 15:53:09,0
2026-01-27 15:53:10,0
2026-01-27 15:53:11,0
2026-01-27 15:53:12,0
2026-01-27 15:53:13,0
2026-01-27 15:53:14,0
2026-01-27 15:53:15,0
2026-01-27 15:53:16,0
2026-01-27 15:53:17,0
2026-01-27 15:53:18,0
2026-01-27 15:53:19,0
2026-01-27 15:53:20,0
2026-01-27 15:53:21,0
2026-01-27 15:53:22,0
2026-01-27 15:53:23,0
2026-01-27 15:53:24,0
2026-01-27 15:53:25,0
2026-01-27 15:53:26,0
2026-01-27 15:53:27,0
2026-01-27 15:53:28,0
2026-01-27 15:53:29,0
2026-01-27 15:53:30,0
2026-01-27 15:53:31,0
2026-01-27 15:53:32,0
2026-01-27 15:53:33,0
2026-01-27 15:53:34,0
2026-01-27 15:53:35,0
2026-01-27 15:53:36,0
2026-01-27 15:53:37,0
2026-01-27 15:53:38,0
2026-01-27 15:53:39,0
2026-01-27 15:53:40,0
2026-01-27 15:53:41,0
2026-01-27 15:53:42,0
2026-01-27 15:53:43,0
2026-01-27 15:53:44,0
2026-01-27 15:53:45,0
2026-01-27 15:53:46,0
2026-01-27 15:53:47,0
2026-01-27 15:53:48,0
2026-01-27 15:53:49,0
2026-01-27 15:53:50,0
2026-01-27 15:53:51,0
2026-01-27 15:53:52,0
2026-01-27 15:53:53,0
2026-01-27 15:53:54,0
2026-01-27 15:53:55,0
2026-01-27 15:53:56,0
2026-01-27 15:53:57,0
2026-01-27 15:53:58,0
2026-01-27 15:53:59,0
2026-01-27 15:54:00,0
2026-01-27 15:54:01,0
2026-01-27 15:54:02,0
2026-01-27 15:54:03,0
2026-01-27 15:54:04,0
2026-01-27 15:54:05,0
2026-01-27 15:54:06,0
2026-01-27 15:54:07,0
2026-01-27 15:54:08,0
2026-01-27 15:54:09,0
2026-01-27 15:54:10,0
2026-01-27 15:54:11,0
2026-01-27 15:54:12,0
2026-01-27 15:54:13,0
2026-01-27 15:54:14,0
2026-01-27 15:54:15,0
2026-01-27 15:54:16,0
2026-01-27 15:54:17,0
2026-01-27 15:54:18,0
2026-01-27 15:54:19,0
2026-01-27 15:54:20,0
2026-01-27 15:54:21,0
2026-01-27 15:54:22,0
2026-01-27 15:54:23,0
2026-01-27 15:54:24,0
2026-01-27 15:54:25,0
2026-01-27 15:54:26,0
2026-01-27 15:54:27,0
2026-01-27 15:54:28,0
2026-01-27 15:54:29,0
2026-01-27 15:54:30,0
2026-01-27 15:54:31,0
2026-01-27 15:54:32,0
2026-01-27 15:54:33,0
2026-01-27 15:59:39,1.77
2026-01-27 15:59:40,1.77
2026-01-27 15:59:41,1.77
2026-01-27 15:59:42,1.77
2026-01-27 15:59:43,1.77
2026-01-27 15:59:44,8.17
2026-01-27 15:59:45,8.17
2026-01-27 15:59:46,8.17
2026-01-27 15:59:47,8.17
2026-01-27 15:59:48,8.17
2026-01-27 15:59:49,7.69
2026-01-27 15:59:50,7.69
2026-01-27 15:59:51,7.69
2026-01-27 15:59:52,7.69
2026-01-27 15:59:53,7.69
2026-01-27 15:59:54,8.57
2026-01-27 15:59:55,8.57
2026-01-27 15:59:56,8.57
2026-01-27 15:59:57,8.57
2026-01-27 15:59:58,8.57
2026-01-27 15:59:59,7.55
2026-01-27 16:00:00,7.55
2026-01-27 16:00:01,7.55
2026-01-27 16:00:02,7.55
2026-01-27 16:00:03,7.55
2026-01-27 16:00:04,8.09
2026-01-27 16:00:05,8.09
2026-01-27 16:00:06,8.09
2026-01-27 16:00:07,8.09
2026-01-27 16:00:08,8.09
2026-01-27 16:00:09,7.69
2026-01-27 16:00:10,7.69
2026-01-27 16:00:11,7.69
2026-01-27 16:00:12,7.69
2026-01-27 16:00:13,7.69
2026-01-27 16:00:14,7.53
2026-01-27 16:00:15,7.53
2026-01-27 16:00:16,7.53
2026-01-27 16:00:17,7.53
2026-01-27 16:00:18,7.53
2026-01-27 16:00:19,7.55
2026-01-27 16:00:20,7.55
2026-01-27 16:00:21,7.55
2026-01-27 16:00:22,7.55
2026-01-27 16:00:23,7.55
2026-01-27 16:00:24,8.19
2026-01-27 16:00:25,8.19
2026-01-27 16:00:26,8.19
2026-01-27 16:00:27,8.19
2026-01-27 16:00:28,8.19
2026-01-27 16:00:29,9.59
2026-01-27 16:00:30,9.59
2026-01-27 16:00:31,9.59
2026-01-27 16:00:32,9.59
2026-01-27 16:00:33,9.59
2026-01-27 16:00:34,15.1
2026-01-27 16:00:35,15.1
2026-01-27 16:00:36,15.1
2026-01-27 16:00:37,15.1
2026-01-27 16:00:38,15.1
2026-01-27 16:00:39,10.1
2026-01-27 16:00:40,10.1
2026-01-27 16:00:41,10.1
2026-01-27 16:00:42,10.1
2026-01-27 16:00:43,10.1
2026-01-27 16:00:44,10.2
2026-01-27 16:00:45,10.2
2026-01-27 16:00:46,10.2
2026-01-27 16:00:47,10.2
2026-01-27 16:00:48,10.2
2026-01-27 16:00:49,8.65
2026-01-27 16:00:50,8.65
2026-01-27 16:00:51,8.65
2026-01-27 16:00:52,8.65
2026-01-27 16:00:53,8.65
2026-01-27 16:00:54,10.2
2026-01-27 16:00:55,10.2
2026-01-27 16:00:56,10.2
2026-01-27 16:00:57,10.2
2026-01-27 16:00:58,10.2
2026-01-27 16:00:59,10.2
2026-01-27 16:01:00,10.2
2026-01-27 16:01:01,10.2
2026-01-27 16:01:02,10.2
2026-01-27 16:01:03,10.2
2026-01-27 16:01:04,0
2026-01-27 16:01:05,0
2026-01-27 16:01:06,0
2026-01-27 16:01:07,0
2026-01-27 16:01:08,0
2026-01-27 16:01:09,0
2026-01-27 16:01:10,0
2026-01-27 16:01:11,0
2026-01-27 16:01:12,0
2026-01-27 16:01:13,0
2026-01-27 16:01:14,0
2026-01-27 16:01:15,0
2026-01-27 16:01:16,0
2026-01-27 16:01:17,0
2026-01-27 16:01:18,0
2026-01-27 16:01:19,0
2026-01-27 16:01:20,0
2026-01-27 16:01:21,0
2026-01-27 16:01:22,0
2026-01-27 16:01:23,0
2026-01-27 16:01:24,0
2026-01-27 16:01:25,0
2026-01-27 16:01:26,0
2026-01-27 16:01:27,0
2026-01-27 16:01:28,0
2026-01-27 16:01:29,0
2026-01-27 16:01:30,0
2026-01-27 16:01:31,0
2026-01-27 16:01:32,0
2026-01-27 16:01:33,0
2026-01-27 16:01:34,0
2026-01-27 16:01:35,0
2026-01-27 16:01:36,0
2026-01-27 16:01:37,0
2026-01-27 16:01:38,0
2026-01-27 16:01:39,0
2026-01-27 16:01:40,0
2026-01-27 16:01:41,0
2026-01-27 16:01:42,0
2026-01-27 16:01:43,0
2026-01-27 16:01:44,0
2026-01-27 16:01:45,0
2026-01-27 16:01:46,0
2026-01-27 16:01:47,0
2026-01-27 16:01:48,0
2026-01-27 16:01:49,0
2026-01-27 16:01:50,0
2026-01-27 16:01:51,0
2026-01-27 16:01:52,0
2026-01-27 16:01:53,0
2026-01-27 16:01:54,0
2026-01-27 16:01:55,0
2026-01-27 16:01:56,0
2026-01-27 16:01:57,0
2026-01-27 16:01:58,0
2026-01-27 16:01:59,0
2026-01-27 16:02:00,0
2026-01-27 16:02:01,0
2026-01-27 16:02:02,0
2026-01-27 16:02:03,0
2026-01-27 16:02:04,0
2026-01-27 16:02:05,0
2026-01-27 16:02:06,0
2026-01-27 16:02:07,0
2026-01-27 16:02:08,0
2026-01-27 16:02:09,0
2026-01-27 16:02:10,0
2026-01-27 16:02:11,0
2026-01-27 16:02:12,0
2026-01-27 16:02:13,0
2026-01-27 16:02:14,0
2026-01-27 16:02:15,0
2026-01-27 16:02:16,0
2026-01-27 16:02:17,0
2026-01-27 16:02:18,0
2026-01-27 16:02:19,0
2026-01-27 16:02:20,0
2026-01-27 16:02:21,0
2026-01-27 16:02:22,0
2026-01-27 16:02:23,0
2026-01-27 16:02:24,0
2026-01-27 16:02:25,0
2026-01-27 16:02:26,0
2026-01-27 16:02:27,0
2026-01-27 16:02:28,0
2026-01-27 16:02:29,0
2026-01-27 16:02:30,0
2026-01-27 16:02:31,0
2026-01-27 16:02:32,0
2026-01-27 16:02:33,0
2026-01-27 16:02:34,0
2026-01-27 16:02:35,0
2026-01-27 16:02:36,0
2026-01-27 16:02:37,0
2026-01-27 16:02:38,0
2026-01-27 16:07:49,5.55
2026-01-27 16:07:50,5.55
2026-01-27 16:07:51,5.55
2026-01-27 16:07:52,5.55
2026-01-27 16:07:53,5.55
2026-01-27 16:07:54,9.35
2026-01-27 16:07:55,9.35
2026-01-27 16:07:56,9.35
2026-01-27 16:07:57,9.35
2026-01-27 16:07:58,9.35
2026-01-27 16:07:59,8.54
2026-01-27 16:08:00,8.54
2026-01-27 16:08:01,8.54
2026-01-27 16:08:02,8.54
2026-01-27 16:08:03,8.54
2026-01-27 16:08:04,9.37
2026-01-27 16:08:05,9.37
2026-01-27 16:08:06,9.37
2026-01-27 16:08:07,9.37
2026-01-27 16:08:08,9.37
2026-01-27 16:08:09,9.10
2026-01-27 16:08:10,9.10
2026-01-27 16:08:11,9.10
2026-01-27 16:08:12,9.10
2026-01-27 16:08:13,9.10
2026-01-27 16:08:14,8.62
2026-01-27 16:08:15,8.62
2026-01-27 16:08:16,8.62
2026-01-27 16:08:17,8.62
2026-01-27 16:08:18,8.62
2026-01-27 16:08:19,8.37
2026-01-27 16:08:20,8.37
2026-01-27 16:08:21,8.37
2026-01-27 16:08:22,8.37
2026-01-27 16:08:23,8.37
2026-01-27 16:08:24,9.44
2026-01-27 16:08:25,9.44
2026-01-27 16:08:26,9.44
2026-01-27 16:08:27,9.44
2026-01-27 16:08:28,9.44
2026-01-27 16:08:29,10.2
2026-01-27 16:08:30,10.2
2026-01-27 16:08:31,10.2
2026-01-27 16:08:32,10.2
2026-01-27 16:08:33,10.2
2026-01-27 16:08:34,10.7
2026-01-27 16:08:35,10.7
2026-01-27 16:08:36,10.7
2026-01-27 16:08:37,10.7
2026-01-27 16:08:38,10.7
2026-01-27 16:08:39,9.64
2026-01-27 16:08:40,9.64
2026-01-27 16:08:41,9.64
2026-01-27 16:08:42,9.64
2026-01-27 16:08:43,9.64
2026-01-27 16:08:44,10.3
2026-01-27 16:08:45,10.3
2026-01-27 16:08:46,10.3
2026-01-27 16:08:47,10.3
2026-01-27 16:08:48,10.3
2026-01-27 16:08:49,9.70
2026-01-27 16:08:50,9.70
2026-01-27 16:08:51,9.70
2026-01-27 16:08:52,9.70
2026-01-27 16:08:53,9.70
2026-01-27 16:08:54,10.8
2026-01-27 16:08:55,10.8
2026-01-27 16:08:56,10.8
2026-01-27 16:08:57,10.8
2026-01-27 16:08:58,10.8
2026-01-27 16:08:59,9.51
2026-01-27 16:09:00,9.51
2026-01-27 16:09:01,9.51
2026-01-27 16:09:02,9.51
2026-01-27 16:09:03,9.51
2026-01-27 16:09:04,10.3
2026-01-27 16:09:05,10.3
2026-01-27 16:09:06,10.3
2026-01-27 16:09:07,10.3
2026-01-27 16:09:08,10.3
2026-01-27 16:09:09,0
2026-01-27 16:09:10,0
2026-01-27 16:09:11,0
2026-01-27 16:09:12,0
2026-01-27 16:09:13,0
2026-01-27 16:09:14,0
2026-01-27 16:09:15,0
2026-01-27 16:09:16,0
2026-01-27 16:09:17,0
2026-01-27 16:09:18,0
2026-01-27 16:09:19,0
2026-01-27 16:09:20,0
2026-01-27 16:09:21,0
2026-01-27 16:09:22,0
2026-01-27 16:09:23,0
2026-01-27 16:09:24,0
2026-01-27 16:09:25,0
2026-01-27 16:09:26,0
2026-01-27 16:09:27,0
2026-01-27 16:09:28,0
2026-01-27 16:09:29,0
2026-01-27 16:09:30,0
2026-01-27 16:09:31,0
2026-01-27 16:09:32,0
2026-01-27 16:09:33,0
2026-01-27 16:09:34,0
2026-01-27 16:09:35,0
2026-01-27 16:09:36,0
2026-01-27 16:09:37,0
2026-01-27 16:09:38,0
2026-01-27 16:09:39,0
2026-01-27 16:09:40,0
2026-01-27 16:09:41,0
2026-01-27 16:09:42,0
2026-01-27 16:09:43,0
2026-01-27 16:09:44,0
2026-01-27 16:09:45,0
2026-01-27 16:09:46,0
2026-01-27 16:09:47,0
2026-01-27 16:09:48,0
2026-01-27 16:09:49,0
2026-01-27 16:09:50,0
2026-01-27 16:09:51,0
2026-01-27 16:09:52,0
2026-01-27 16:09:53,0
2026-01-27 16:09:54,0
2026-01-27 16:09:55,0
2026-01-27 16:09:56,0
2026-01-27 16:09:57,0
2026-01-27 16:09:58,0
2026-01-27 16:09:59,0
2026-01-27 16:10:00,0
2026-01-27 16:10:01,0
2026-01-27 16:10:02,0
2026-01-27 16:10:03,0
2026-01-27 16:10:04,0
2026-01-27 16:10:05,0
2026-01-27 16:10:06,0
2026-01-27 16:10:07,0
2026-01-27 16:10:08,0
2026-01-27 16:10:09,0
2026-01-27 16:10:10,0
2026-01-27 16:10:11,0
2026-01-27 16:10:12,0
2026-01-27 16:10:13,0
2026-01-27 16:10:14,0
2026-01-27 16:10:15,0
2026-01-27 16:10:16,0
2026-01-27 16:10:17,0
2026-01-27 16:10:18,0
2026-01-27 16:10:19,0
2026-01-27 16:10:20,0
2026-01-27 16:10:21,0
2026-01-27 16:10:22,0
2026-01-27 16:10:23,0
2026-01-27 16:10:24,0
2026-01-27 16:10:25,0
2026-01-27 16:10:26,0
2026-01-27 16:10:27,0
2026-01-27 16:10:28,0
2026-01-27 16:10:29,0
2026-01-27 16:10:30,0
2026-01-27 16:10:31,0
2026-01-27 16:10:32,0
2026-01-27 16:10:33,0
2026-01-27 16:10:34,0
2026-01-27 16:10:35,0
2026-01-27 16:10:36,0
2026-01-27 16:10:37,0
2026-01-27 16:10:38,0
2026-01-27 16:10:39,0
2026-01-27 16:10:40,0
2026-01-27 16:10:41,0
2026-01-27 16:10:42,0
2026-01-27 16:10:43,0
2026-01-27 16:15:44,7.60
2026-01-27 16:15:45,7.60
2026-01-27 16:15:46,7.60
2026-01-27 16:15:47,7.60
2026-01-27 16:15:48,7.60
2026-01-27 16:15:49,7.01
2026-01-27 16:15:50,7.01
2026-01-27 16:15:51,7.01
2026-01-27 16:15:52,7.01
2026-01-27 16:15:53,7.01
2026-01-27 16:15:54,6.08
2026-01-27 16:15:55,6.08
2026-01-27 16:15:56,6.08
2026-01-27 16:15:57,6.08
2026-01-27 16:15:58,6.08
2026-01-27 16:15:59,7.79
2026-01-27 16:16:00,7.79
2026-01-27 16:16:01,7.79
2026-01-27 16:16:02,7.79
2026-01-27 16:16:03,7.79
2026-01-27 16:16:04,7.70
2026-01-27 16:16:05,7.70
2026-01-27 16:16:06,7.70
2026-01-27 16:16:07,7.70
2026-01-27 16:16:08,7.70
2026-01-27 16:16:09,8.82
2026-01-27 16:16:10,8.82
2026-01-27 16:16:11,8.82
2026-01-27 16:16:12,8.82
2026-01-27 16:16:13,8.82
2026-01-27 16:16:14,7.62
2026-01-27 16:16:15,7.62
2026-01-27 16:16:16,7.62
2026-01-27 16:16:17,7.62
2026-01-27 16:16:18,7.62
2026-01-27 16:16:19,8.03
2026-01-27 16:16:20,8.03
2026-01-27 16:16:21,8.03
2026-01-27 16:16:22,8.03
2026-01-27 16:16:23,8.03
2026-01-27 16:16:24,8.12
2026-01-27 16:16:25,8.12
2026-01-27 16:16:26,8.12
2026-01-27 16:16:27,8.12
2026-01-27 16:16:28,8.12
2026-01-27 16:16:29,7.94
2026-01-27 16:16:30,7.94
2026-01-27 16:16:31,7.94
2026-01-27 16:16:32,7.94
2026-01-27 16:16:33,7.94
2026-01-27 16:16:34,7.87
2026-01-27 16:16:35,7.87
2026-01-27 16:16:36,7.87
2026-01-27 16:16:37,7.87
2026-01-27 16:16:38,7.87
2026-01-27 16:16:39,7.67
2026-01-27 16:16:40,7.67
2026-01-27 16:16:41,7.67
2026-01-27 16:16:42,7.67
2026-01-27 16:16:43,7.67
2026-01-27 16:16:44,7.13
2026-01-27 16:16:45,7.13
2026-01-27 16:16:46,7.13
2026-01-27 16:16:47,7.13
2026-01-27 16:16:48,7.13
2026-01-27 16:16:49,8.80
2026-01-27 16:16:50,8.80
2026-01-27 16:16:51,8.80
2026-01-27 16:16:52,8.80
2026-01-27 16:16:53,8.80
2026-01-27 16:16:54,8.83
2026-01-27 16:16:55,8.83
2026-01-27 16:16:56,8.83
2026-01-27 16:16:57,8.83
2026-01-27 16:16:58,8.83
2026-01-27 16:16:59,8.61
2026-01-27 16:17:00,8.61
2026-01-27 16:17:01,8.61
2026-01-27 16:17:02,8.61
2026-01-27 16:17:03,8.61
2026-01-27 16:17:04,0
2026-01-27 16:17:05,0
2026-01-27 16:17:06,0
2026-01-27 16:17:07,0
2026-01-27 16:17:08,0
2026-01-27 16:17:09,0
2026-01-27 16:17:10,0
2026-01-27 16:17:11,0
2026-01-27 16:17:12,0
2026-01-27 16:17:13,0
2026-01-27 16:17:14,0
2026-01-27 16:17:15,0
2026-01-27 16:17:16,0
2026-01-27 16:17:17,0
2026-01-27 16:17:18,0
2026-01-27 16:17:19,0
2026-01-27 16:17:20,0
2026-01-27 16:17:21,0
2026-01-27 16:17:22,0
2026-01-27 16:17:23,0
2026-01-27 16:17:24,0
2026-01-27 16:17:25,0
2026-01-27 16:17:26,0
2026-01-27 16:17:27,0
2026-01-27 16:17:28,0
2026-01-27 16:17:29,0
2026-01-27 16:17:30,0
2026-01-27 16:17:31,0
2026-01-27 16:17:32,0
2026-01-27 16:17:33,0
2026-01-27 16:17:34,0
2026-01-27 16:17:35,0
2026-01-27 16:17:36,0
2026-01-27 16:17:37,0
2026-01-27 16:17:38,0
2026-01-27 16:17:39,0
2026-01-27 16:17:40,0
2026-01-27 16:17:41,0
2026-01-27 16:17:42,0
2026-01-27 16:17:43,0
2026-01-27 16:17:44,0
2026-01-27 16:17:45,0
2026-01-27 16:17:46,0
2026-01-27 16:17:47,0
2026-01-27 16:17:48,0
2026-01-27 16:17:49,0
2026-01-27 16:17:50,0
2026-01-27 16:17:51,0
2026-01-27 16:17:52,0
2026-01-27 16:17:53,0
2026-01-27 16:17:54,0
2026-01-27 16:17:55,0
2026-01-27 16:17:56,0
2026-01-27 16:17:57,0
2026-01-27 16:17:58,0
2026-01-27 16:17:59,0
2026-01-27 16:18:00,0
2026-01-27 16:18:01,0
2026-01-27 16:18:02,0
2026-01-27 16:18:03,0
2026-01-27 16:18:04,0
2026-01-27 16:18:05,0
2026-01-27 16:18:06,0
2026-01-27 16:18:07,0
2026-01-27 16:18:08,0
2026-01-27 16:18:09,0
2026-01-27 16:18:10,0
2026-01-27 16:18:11,0
2026-01-27 16:18:12,0
2026-01-27 16:18:13,0
2026-01-27 16:18:14,0
2026-01-27 16:18:15,0
2026-01-27 16:18:16,0
2026-01-27 16:18:17,0
2026-01-27 16:18:18,0
2026-01-27 16:18:19,0
2026-01-27 16:18:20,0
2026-01-27 16:18:21,0
2026-01-27 16:18:22,0
2026-01-27 16:18:23,0
2026-01-27 16:18:24,0
2026-01-27 16:18:25,0
2026-01-27 16:18:26,0
2026-01-27 16:18:27,0
2026-01-27 16:18:28,0
2026-01-27 16:18:29,0
2026-01-27 16:18:30,0
2026-01-27 16:18:31,0
2026-01-27 16:18:32,0
2026-01-27 16:18:33,0
2026-01-27 16:18:34,0
2026-01-27 16:18:35,0
2026-01-27 16:18:36,0
2026-01-27 16:18:37,0
2026-01-27 16:18:38,0
2026-01-27 16:23:49,10.6
2026-01-27 16:23:50,10.6
2026-01-27 16:23:51,10.6
2026-01-27 16:23:52,10.6
2026-01-27 16:23:53,10.6
2026-01-27 16:23:54,10.0
2026-01-27 16:23:55,10.0
2026-01-27 16:23:56,10.0
2026-01-27 16:23:57,10.0
2026-01-27 16:23:58,10.0
2026-01-27 16:23:59,10.1
2026-01-27 16:24:00,10.1
2026-01-27 16:24:01,10.1
2026-01-27 16:24:02,10.1
2026-01-27 16:24:03,10.1
2026-01-27 16:24:04,9.71
2026-01-27 16:24:05,9.71
2026-01-27 16:24:06,9.71
2026-01-27 16:24:07,9.71
2026-01-27 16:24:08,9.71
2026-01-27 16:24:09,10.1
2026-01-27 16:24:10,10.1
2026-01-27 16:24:11,10.1
2026-01-27 16:24:12,10.1
2026-01-27 16:24:13,10.1
2026-01-27 16:24:14,9.64
2026-01-27 16:24:15,9.64
2026-01-27 16:24:16,9.64
2026-01-27 16:24:17,9.64
2026-01-27 16:24:18,9.64
2026-01-27 16:24:19,11.0
2026-01-27 16:24:20,11.0
2026-01-27 16:24:21,11.0
2026-01-27 16:24:22,11.0
2026-01-27 16:24:23,11.0
2026-01-27 16:24:24,8.86
2026-01-27 16:24:25,8.86
2026-01-27 16:24:26,8.86
2026-01-27 16:24:27,8.86
2026-01-27 16:24:28,8.86
2026-01-27 16:24:29,12.1
2026-01-27 16:24:30,12.1
2026-01-27 16:24:31,12.1
2026-01-27 16:24:32,12.1
2026-01-27 16:24:33,12.1
2026-01-27 16:24:34,8.33
2026-01-27 16:24:35,8.33
2026-01-27 16:24:36,8.33
2026-01-27 16:24:37,8.33
2026-01-27 16:24:38,8.33
2026-01-27 16:24:39,8.26
2026-01-27 16:24:40,8.26
2026-01-27 16:24:41,8.26
2026-01-27 16:24:42,8.26
2026-01-27 16:24:43,8.26
2026-01-27 16:24:44,7.53
2026-01-27 16:24:45,7.53
2026-01-27 16:24:46,7.53
2026-01-27 16:24:47,7.53
2026-01-27 16:24:48,7.53
2026-01-27 16:24:49,8.29
2026-01-27 16:24:50,8.29
2026-01-27 16:24:51,8.29
2026-01-27 16:24:52,8.29
2026-01-27 16:24:53,8.29
2026-01-27 16:24:54,7.60
2026-01-27 16:24:55,7.60
2026-01-27 16:24:56,7.60
2026-01-27 16:24:57,7.60
2026-01-27 16:24:58,7.60
2026-01-27 16:24:59,8.36
2026-01-27 16:25:00,8.36
2026-01-27 16:25:01,8.36
2026-01-27 16:25:02,8.36
2026-01-27 16:25:03,8.36
2026-01-27 16:25:04,7.56
2026-01-27 16:25:05,7.56
2026-01-27 16:25:06,7.56
2026-01-27 16:25:07,7.56
2026-01-27 16:25:08,7.56
2026-01-27 16:25:09,0
2026-01-27 16:25:10,0
2026-01-27 16:25:11,0
2026-01-27 16:25:12,0
2026-01-27 16:25:13,0
2026-01-27 16:25:14,0
2026-01-27 16:25:15,0
2026-01-27 16:25:16,0
2026-01-27 16:25:17,0
2026-01-27 16:25:18,0
2026-01-27 16:25:19,0
2026-01-27 16:25:20,0
2026-01-27 16:25:21,0
2026-01-27 16:25:22,0
2026-01-27 16:25:23,0
2026-01-27 16:25:24,0
2026-01-27 16:25:25,0
2026-01-27 16:25:26,0
2026-01-27 16:25:27,0
2026-01-27 16:25:28,0
2026-01-27 16:25:29,0
2026-01-27 16:25:30,0
2026-01-27 16:25:31,0
2026-01-27 16:25:32,0
2026-01-27 16:25:33,0
2026-01-27 16:25:34,0
2026-01-27 16:25:35,0
2026-01-27 16:25:36,0
2026-01-27 16:25:37,0
2026-01-27 16:25:38,0
2026-01-27 16:25:39,0
2026-01-27 16:25:40,0
2026-01-27 16:25:41,0
2026-01-27 16:25:42,0
2026-01-27 16:25:43,0
2026-01-27 16:25:44,0
2026-01-27 16:25:45,0
2026-01-27 16:25:46,0
2026-01-27 16:25:47,0
2026-01-27 16:25:48,0
2026-01-27 16:25:49,0
2026-01-27 16:25:50,0
2026-01-27 16:25:51,0
2026-01-27 16:25:52,0
2026-01-27 16:25:53,0
2026-01-27 16:25:54,0
2026-01-27 16:25:55,0
2026-01-27 16:25:56,0
2026-01-27 16:25:57,0
2026-01-27 16:25:58,0
2026-01-27 16:25:59,0
2026-01-27 16:26:00,0
2026-01-27 16:26:01,0
2026-01-27 16:26:02,0
2026-01-27 16:26:03,0
2026-01-27 16:26:04,0
2026-01-27 16:26:05,0
2026-01-27 16:26:06,0
2026-01-27 16:26:07,0
2026-01-27 16:26:08,0
2026-01-27 16:26:09,0
2026-01-27 16:26:10,0
2026-01-27 16:26:11,0
2026-01-27 16:26:12,0
2026-01-27 16:26:13,0
2026-01-27 16:26:14,0
2026-01-27 16:26:15,0
2026-01-27 16:26:16,0
2026-01-27 16:26:17,0
2026-01-27 16:26:18,0
2026-01-27 16:26:19,0
2026-01-27 16:26:20,0
2026-01-27 16:26:21,0
2026-01-27 16:26:22,0
2026-01-27 16:26:23,0
2026-01-27 16:26:24,0
2026-01-27 16:26:25,0
2026-01-27 16:26:26,0
2026-01-27 16:26:27,0
2026-01-27 16:26:28,0
2026-01-27 16:26:29,0
2026-01-27 16:26:30,0
2026-01-27 16:26:31,0
2026-01-27 16:26:32,0
2026-01-27 16:26:33,0
2026-01-27 16:26:34,0
2026-01-27 16:26:35,0
2026-01-27 16:26:36,0
2026-01-27 16:26:37,0
2026-01-27 16:26:38,0
2026-01-27 16:26:39,0
2026-01-27 16:26:40,0
2026-01-27 16:26:41,0
2026-01-27 16:26:42,0
2026-01-27 16:26:43,0
2026-01-27 16:31:44,5.20
2026-01-27 16:31:45,5.20
2026-01-27 16:31:46,5.20
2026-01-27 16:31:47,5.20
2026-01-27 16:31:48,5.20
2026-01-27 16:31:49,10.7
2026-01-27 16:31:50,10.7
2026-01-27 16:31:51,10.7
2026-01-27 16:31:52,10.7
2026-01-27 16:31:53,10.7
2026-01-27 16:31:54,9.41
2026-01-27 16:31:55,9.41
2026-01-27 16:31:56,9.41
2026-01-27 16:31:57,9.41
2026-01-27 16:31:58,9.41
2026-01-27 16:31:59,10.3
2026-01-27 16:32:00,10.3
2026-01-27 16:32:01,10.3
2026-01-27 16:32:02,10.3
2026-01-27 16:32:03,10.3
2026-01-27 16:32:04,9.36
2026-01-27 16:32:05,9.36
2026-01-27 16:32:06,9.36
2026-01-27 16:32:07,9.36
2026-01-27 16:32:08,9.36
2026-01-27 16:32:09,13.7
2026-01-27 16:32:10,13.7
2026-01-27 16:32:11,13.7
2026-01-27 16:32:12,13.7
2026-01-27 16:32:13,13.7
2026-01-27 16:32:14,8.55
2026-01-27 16:32:15,8.55
2026-01-27 16:32:16,8.55
2026-01-27 16:32:17,8.55
2026-01-27 16:32:18,8.55
2026-01-27 16:32:19,9.99
2026-01-27 16:32:20,9.99
2026-01-27 16:32:21,9.99
2026-01-27 16:32:22,9.99
2026-01-27 16:32:23,9.99
2026-01-27 16:32:24,8.68
2026-01-27 16:32:25,8.68
2026-01-27 16:32:26,8.68
2026-01-27 16:32:27,8.68
2026-01-27 16:32:28,8.68
2026-01-27 16:32:29,10.6
2026-01-27 16:32:30,10.6
2026-01-27 16:32:31,10.6
2026-01-27 16:32:32,10.6
2026-01-27 16:32:33,10.6
2026-01-27 16:32:34,8.63
2026-01-27 16:32:35,8.63
2026-01-27 16:32:36,8.63
2026-01-27 16:32:37,8.63
2026-01-27 16:32:38,8.63
2026-01-27 16:32:39,9.92
2026-01-27 16:32:40,9.92
2026-01-27 16:32:41,9.92
2026-01-27 16:32:42,9.92
2026-01-27 16:32:43,9.92
2026-01-27 16:32:44,8.61
2026-01-27 16:32:45,8.61
2026-01-27 16:32:46,8.61
2026-01-27 16:32:47,8.61
2026-01-27 16:32:48,8.61
2026-01-27 16:32:49,10.4
2026-01-27 16:32:50,10.4
2026-01-27 16:32:51,10.4
2026-01-27 16:32:52,10.4
2026-01-27 16:32:53,10.4
2026-01-27 16:32:54,10.2
2026-01-27 16:32:55,10.2
2026-01-27 16:32:56,10.2
2026-01-27 16:32:57,10.2
2026-01-27 16:32:58,10.2
2026-01-27 16:32:59,8.96
2026-01-27 16:33:00,8.96
2026-01-27 16:33:01,8.96
2026-01-27 16:33:02,8.96
2026-01-27 16:33:03,8.96
2026-01-27 16:33:04,7.59
2026-01-27 16:33:05,7.59
2026-01-27 16:33:06,7.59
2026-01-27 16:33:07,7.59
2026-01-27 16:33:08,7.59
2026-01-27 16:33:09,0
2026-01-27 16:33:10,0
2026-01-27 16:33:11,0
2026-01-27 16:33:12,0
2026-01-27 16:33:13,0
2026-01-27 16:33:14,0
2026-01-27 16:33:15,0
2026-01-27 16:33:16,0
2026-01-27 16:33:17,0
2026-01-27 16:33:18,0
2026-01-27 16:33:19,0
2026-01-27 16:33:20,0
2026-01-27 16:33:21,0
2026-01-27 16:33:22,0
2026-01-27 16:33:23,0
2026-01-27 16:33:24,0
2026-01-27 16:33:25,0
2026-01-27 16:33:26,0
2026-01-27 16:33:27,0
2026-01-27 16:33:28,0
2026-01-27 16:33:29,0
2026-01-27 16:33:30,0
2026-01-27 16:33:31,0
2026-01-27 16:33:32,0
2026-01-27 16:33:33,0
2026-01-27 16:33:34,0
2026-01-27 16:33:35,0
2026-01-27 16:33:36,0
2026-01-27 16:33:37,0
2026-01-27 16:33:38,0
2026-01-27 16:33:39,0
2026-01-27 16:33:40,0
2026-01-27 16:33:41,0
2026-01-27 16:33:42,0
2026-01-27 16:33:43,0
2026-01-27 16:33:44,0
2026-01-27 16:33:45,0
2026-01-27 16:33:46,0
2026-01-27 16:33:47,0
2026-01-27 16:33:48,0
2026-01-27 16:33:49,0
2026-01-27 16:33:50,0
2026-01-27 16:33:51,0
2026-01-27 16:33:52,0
2026-01-27 16:33:53,0
2026-01-27 16:33:54,0
2026-01-27 16:33:55,0
2026-01-27 16:33:56,0
2026-01-27 16:33:57,0
2026-01-27 16:33:58,0
2026-01-27 16:33:59,0
2026-01-27 16:34:00,0
2026-01-27 16:34:01,0
2026-01-27 16:34:02,0
2026-01-27 16:34:03,0
2026-01-27 16:34:04,0
2026-01-27 16:34:05,0
2026-01-27 16:34:06,0
2026-01-27 16:34:07,0
2026-01-27 16:34:08,0
2026-01-27 16:34:09,0
2026-01-27 16:34:10,0
2026-01-27 16:34:11,0
2026-01-27 16:34:12,0
2026-01-27 16:34:13,0
2026-01-27 16:34:14,0
2026-01-27 16:34:15,0
2026-01-27 16:34:16,0
2026-01-27 16:34:17,0
2026-01-27 16:34:18,0
2026-01-27 16:34:19,0
2026-01-27 16:34:20,0
2026-01-27 16:34:21,0
2026-01-27 16:34:22,0
2026-01-27 16:34:23,0
2026-01-27 16:34:24,0
2026-01-27 16:34:25,0
2026-01-27 16:34:26,0
2026-01-27 16:34:27,0
2026-01-27 16:34:28,0
2026-01-27 16:34:29,0
2026-01-27 16:34:30,0
2026-01-27 16:34:31,0
2026-01-27 16:34:32,0
2026-01-27 16:34:33,0
2026-01-27 16:34:34,0
2026-01-27 16:34:35,0
2026-01-27 16:34:36,0
2026-01-27 16:34:37,0
2026-01-27 16:34:38,0
2026-01-27 16:34:39,0
2026-01-27 16:34:40,0
2026-01-27 16:34:41,0
2026-01-27 16:34:42,0
2026-01-27 16:34:43,0
2026-01-27 16:39:44,9.37
2026-01-27 16:39:45,9.37
2026-01-27 16:39:46,9.37
2026-01-27 16:39:47,9.37
2026-01-27 16:39:48,9.37
2026-01-27 16:39:49,10.9
2026-01-27 16:39:50,10.9
2026-01-27 16:39:51,10.9
2026-01-27 16:39:52,10.9
2026-01-27 16:39:53,10.9
2026-01-27 16:39:54,10.5
2026-01-27 16:39:55,10.5
2026-01-27 16:39:56,10.5
2026-01-27 16:39:57,10.5
2026-01-27 16:39:58,10.5
2026-01-27 16:39:59,10.3
2026-01-27 16:40:00,10.3
2026-01-27 16:40:01,10.3
2026-01-27 16:40:02,10.3
2026-01-27 16:40:03,10.3
2026-01-27 16:40:04,9.23
2026-01-27 16:40:05,9.23
2026-01-27 16:40:06,9.23
2026-01-27 16:40:07,9.23
2026-01-27 16:40:08,9.23
2026-01-27 16:40:09,10.3
2026-01-27 16:40:10,10.3
2026-01-27 16:40:11,10.3
2026-01-27 16:40:12,10.3
2026-01-27 16:40:13,10.3
2026-01-27 16:40:14,9.68
2026-01-27 16:40:15,9.68
2026-01-27 16:40:16,9.68
2026-01-27 16:40:17,9.68
2026-01-27 16:40:18,9.68
2026-01-27 16:40:19,10.6
2026-01-27 16:40:20,10.6
2026-01-27 16:40:21,10.6
2026-01-27 16:40:22,10.6
2026-01-27 16:40:23,10.6
2026-01-27 16:40:24,9.14
2026-01-27 16:40:25,9.14
2026-01-27 16:40:26,9.14
2026-01-27 16:40:27,9.14
2026-01-27 16:40:28,9.14
2026-01-27 16:40:29,11.1
2026-01-27 16:40:30,11.1
2026-01-27 16:40:31,11.1
2026-01-27 16:40:32,11.1
2026-01-27 16:40:33,11.1
2026-01-27 16:40:34,9.30
2026-01-27 16:40:35,9.30
2026-01-27 16:40:36,9.30
2026-01-27 16:40:37,9.30
2026-01-27 16:40:38,9.30
2026-01-27 16:40:39,10.2
2026-01-27 16:40:40,10.2
2026-01-27 16:40:41,10.2
2026-01-27 16:40:42,10.2
2026-01-27 16:40:43,10.2
2026-01-27 16:40:44,9.21
2026-01-27 16:40:45,9.21
2026-01-27 16:40:46,9.21
2026-01-27 16:40:47,9.21
2026-01-27 16:40:48,9.21
2026-01-27 16:40:49,11.0
2026-01-27 16:40:50,11.0
2026-01-27 16:40:51,11.0
2026-01-27 16:40:52,11.0
2026-01-27 16:40:53,11.0
2026-01-27 16:40:54,10.1
2026-01-27 16:40:55,10.1
2026-01-27 16:40:56,10.1
2026-01-27 16:40:57,10.1
2026-01-27 16:40:58,10.1
2026-01-27 16:40:59,10.1
2026-01-27 16:41:00,10.1
2026-01-27 16:41:01,10.1
2026-01-27 16:41:02,10.1
2026-01-27 16:41:03,10.1
2026-01-27 16:41:04,8.87
2026-01-27 16:41:05,8.87
2026-01-27 16:41:06,8.87
2026-01-27 16:41:07,8.87
2026-01-27 16:41:08,8.87
2026-01-27 16:41:09,0
2026-01-27 16:41:10,0
2026-01-27 16:41:11,0
2026-01-27 16:41:12,0
2026-01-27 16:41:13,0
2026-01-27 16:41:14,0
2026-01-27 16:41:15,0
2026-01-27 16:41:16,0
2026-01-27 16:41:17,0
2026-01-27 16:41:18,0
2026-01-27 16:41:19,0
2026-01-27 16:41:20,0
2026-01-27 16:41:21,0
2026-01-27 16:41:22,0
2026-01-27 16:41:23,0
2026-01-27 16:41:24,0
2026-01-27 16:41:25,0
2026-01-27 16:41:26,0
2026-01-27 16:41:27,0
2026-01-27 16:41:28,0
2026-01-27 16:41:29,0
2026-01-27 16:41:30,0
2026-01-27 16:41:31,0
2026-01-27 16:41:32,0
2026-01-27 16:41:33,0
2026-01-27 16:41:34,0
2026-01-27 16:41:35,0
2026-01-27 16:41:36,0
2026-01-27 16:41:37,0
2026-01-27 16:41:38,0
2026-01-27 16:41:39,0
2026-01-27 16:41:40,0
2026-01-27 16:41:41,0
2026-01-27 16:41:42,0
2026-01-27 16:41:43,0
2026-01-27 16:41:44,0
2026-01-27 16:41:45,0
2026-01-27 16:41:46,0
2026-01-27 16:41:47,0
2026-01-27 16:41:48,0
2026-01-27 16:41:49,0
2026-01-27 16:41:50,0
2026-01-27 16:41:51,0
2026-01-27 16:41:52,0
2026-01-27 16:41:53,0
2026-01-27 16:41:54,0
2026-01-27 16:41:55,0
2026-01-27 16:41:56,0
2026-01-27 16:41:57,0
2026-01-27 16:41:58,0
2026-01-27 16:41:59,0
2026-01-27 16:42:00,0
2026-01-27 16:42:01,0
2026-01-27 16:42:02,0
2026-01-27 16:42:03,0
2026-01-27 16:42:04,0
2026-01-27 16:42:05,0
2026-01-27 16:42:06,0
2026-01-27 16:42:07,0
2026-01-27 16:42:08,0
2026-01-27 16:42:09,0
2026-01-27 16:42:10,0
2026-01-27 16:42:11,0
2026-01-27 16:42:12,0
2026-01-27 16:42:13,0
2026-01-27 16:42:14,0
2026-01-27 16:42:15,0
2026-01-27 16:42:16,0
2026-01-27 16:42:17,0
2026-01-27 16:42:18,0
2026-01-27 16:42:19,0
2026-01-27 16:42:20,0
2026-01-27 16:42:21,0
2026-01-27 16:42:22,0
2026-01-27 16:42:23,0
2026-01-27 16:42:24,0
2026-01-27 16:42:25,0
2026-01-27 16:42:26,0
2026-01-27 16:42:27,0
2026-01-27 16:42:28,0
2026-01-27 16:42:29,0
2026-01-27 16:42:30,0
2026-01-27 16:42:31,0
2026-01-27 16:42:32,0
2026-01-27 16:42:33,0
2026-01-27 16:42:34,0
2026-01-27 16:42:35,0
2026-01-27 16:42:36,0
2026-01-27 16:42:37,0
2026-01-27 16:42:38,0
2026-01-27 16:42:39,0
2026-01-27 16:42:40,0
2026-01-27 16:42:41,0
2026-01-27 16:42:42,0
2026-01-27 16:42:43,0
2026-01-27 16:47:44,6.45
2026-01-27 16:47:45,6.45
2026-01-27 16:47:46,6.45
2026-01-27 16:47:47,6.45
2026-01-27 16:47:48,6.45
2026-01-27 16:47:49,8.93
2026-01-27 16:47:50,8.93
2026-01-27 16:47:51,8.93
2026-01-27 16:47:52,8.93
2026-01-27 16:47:53,8.93
2026-01-27 16:47:54,8.22
2026-01-27 16:47:55,8.22
2026-01-27 16:47:56,8.22
2026-01-27 16:47:57,8.22
2026-01-27 16:47:58,8.22
2026-01-27 16:47:59,9.26
2026-01-27 16:48:00,9.26
2026-01-27 16:48:01,9.26
2026-01-27 16:48:02,9.26
2026-01-27 16:48:03,9.26
2026-01-27 16:48:04,9.03
2026-01-27 16:48:05,9.03
2026-01-27 16:48:06,9.03
2026-01-27 16:48:07,9.03
2026-01-27 16:48:08,9.03
2026-01-27 16:48:09,10.3
2026-01-27 16:48:10,10.3
2026-01-27 16:48:11,10.3
2026-01-27 16:48:12,10.3
2026-01-27 16:48:13,10.3
2026-01-27 16:48:14,9.39
2026-01-27 16:48:15,9.39
2026-01-27 16:48:16,9.39
2026-01-27 16:48:17,9.39
2026-01-27 16:48:18,9.39
2026-01-27 16:48:19,10.1
2026-01-27 16:48:20,10.1
2026-01-27 16:48:21,10.1
2026-01-27 16:48:22,10.1
2026-01-27 16:48:23,10.1
2026-01-27 16:48:24,9.23
2026-01-27 16:48:25,9.23
2026-01-27 16:48:26,9.23
2026-01-27 16:48:27,9.23
2026-01-27 16:48:28,9.23
2026-01-27 16:48:29,11.4
2026-01-27 16:48:30,11.4
2026-01-27 16:48:31,11.4
2026-01-27 16:48:32,11.4
2026-01-27 16:48:33,11.4
2026-01-27 16:48:34,9.72
2026-01-27 16:48:35,9.72
2026-01-27 16:48:36,9.72
2026-01-27 16:48:37,9.72
2026-01-27 16:48:38,9.72
2026-01-27 16:48:39,10.9
2026-01-27 16:48:40,10.9
2026-01-27 16:48:41,10.9
2026-01-27 16:48:42,10.9
2026-01-27 16:48:43,10.9
2026-01-27 16:48:44,9.96
2026-01-27 16:48:45,9.96
2026-01-27 16:48:46,9.96
2026-01-27 16:48:47,9.96
2026-01-27 16:48:48,9.96
2026-01-27 16:48:49,10.6
2026-01-27 16:48:50,10.6
2026-01-27 16:48:51,10.6
2026-01-27 16:48:52,10.6
2026-01-27 16:48:53,10.6
2026-01-27 16:48:54,9.85
2026-01-27 16:48:55,9.85
2026-01-27 16:48:56,9.85
2026-01-27 16:48:57,9.85
2026-01-27 16:48:58,9.85
2026-01-27 16:48:59,11.0
2026-01-27 16:49:00,11.0
2026-01-27 16:49:01,11.0
2026-01-27 16:49:02,11.0
2026-01-27 16:49:03,11.0
2026-01-27 16:49:04,9.65
2026-01-27 16:49:05,9.65
2026-01-27 16:49:06,9.65
2026-01-27 16:49:07,9.65
2026-01-27 16:49:08,9.65
2026-01-27 16:49:09,10.5
2026-01-27 16:49:10,10.5
2026-01-27 16:49:11,10.5
2026-01-27 16:49:12,10.5
2026-01-27 16:49:13,10.5
2026-01-27 16:49:14,0
2026-01-27 16:49:15,0
2026-01-27 16:49:16,0
2026-01-27 16:49:17,0
2026-01-27 16:49:18,0
2026-01-27 16:49:19,0
2026-01-27 16:49:20,0
2026-01-27 16:49:21,0
2026-01-27 16:49:22,0
2026-01-27 16:49:23,0
2026-01-27 16:49:24,0
2026-01-27 16:49:25,0
2026-01-27 16:49:26,0
2026-01-27 16:49:27,0
2026-01-27 16:49:28,0
2026-01-27 16:49:29,0
2026-01-27 16:49:30,0
2026-01-27 16:49:31,0
2026-01-27 16:49:32,0
2026-01-27 16:49:33,0
2026-01-27 16:49:34,0
2026-01-27 16:49:35,0
2026-01-27 16:49:36,0
2026-01-27 16:49:37,0
2026-01-27 16:49:38,0
2026-01-27 16:49:39,0
2026-01-27 16:49:40,0
2026-01-27 16:49:41,0
2026-01-27 16:49:42,0
2026-01-27 16:49:43,0
2026-01-27 16:49:44,0
2026-01-27 16:49:45,0
2026-01-27 16:49:46,0
2026-01-27 16:49:47,0
2026-01-27 16:49:48,0
2026-01-27 16:49:49,0
2026-01-27 16:49:50,0
2026-01-27 16:49:51,0
2026-01-27 16:49:52,0
2026-01-27 16:49:53,0
2026-01-27 16:49:54,0
2026-01-27 16:49:55,0
2026-01-27 16:49:56,0
2026-01-27 16:49:57,0
2026-01-27 16:49:58,0
2026-01-27 16:49:59,0
2026-01-27 16:50:00,0
2026-01-27 16:50:01,0
2026-01-27 16:50:02,0
2026-01-27 16:50:03,0
2026-01-27 16:50:04,0
2026-01-27 16:50:05,0
2026-01-27 16:50:06,0
2026-01-27 16:50:07,0
2026-01-27 16:50:08,0
2026-01-27 16:50:09,0
2026-01-27 16:50:10,0
2026-01-27 16:50:11,0
2026-01-27 16:50:12,0
2026-01-27 16:50:13,0
2026-01-27 16:50:14,0
2026-01-27 16:50:15,0
2026-01-27 16:50:16,0
2026-01-27 16:50:17,0
2026-01-27 16:50:18,0
2026-01-27 16:50:19,0
2026-01-27 16:50:20,0
2026-01-27 16:50:21,0
2026-01-27 16:50:22,0
2026-01-27 16:50:23,0
2026-01-27 16:50:24,0
2026-01-27 16:50:25,0
2026-01-27 16:50:26,0
2026-01-27 16:50:27,0
2026-01-27 16:50:28,0
2026-01-27 16:50:29,0
2026-01-27 16:50:30,0
2026-01-27 16:50:31,0
2026-01-27 16:50:32,0
2026-01-27 16:50:33,0
2026-01-27 16:50:34,0
2026-01-27 16:50:35,0
2026-01-27 16:50:36,0
2026-01-27 16:50:37,0
2026-01-27 16:50:38,0
2026-01-27 16:50:39,0
2026-01-27 16:50:40,0
2026-01-27 16:50:41,0
2026-01-27 16:50:42,0
2026-01-27 16:50:43,0
2026-01-27 16:50:44,0
2026-01-27 16:50:45,0
2026-01-27 16:50:46,0
2026-01-27 16:50:47,0
2026-01-27 16:50:48,0
2026-01-27 16:55:54,6.80
2026-01-27 16:55:55,6.80
2026-01-27 16:55:56,6.80
2026-01-27 16:55:57,6.80
2026-01-27 16:55:58,6.80
2026-01-27 16:55:59,8.79
2026-01-27 16:56:00,8.79
2026-01-27 16:56:01,8.79
2026-01-27 16:56:02,8.79
2026-01-27 16:56:03,8.79
2026-01-27 16:56:04,7.81
2026-01-27 16:56:05,7.81
2026-01-27 16:56:06,7.81
2026-01-27 16:56:07,7.81
2026-01-27 16:56:08,7.81
2026-01-27 16:56:09,9.25
2026-01-27 16:56:10,9.25
2026-01-27 16:56:11,9.25
2026-01-27 16:56:12,9.25
2026-01-27 16:56:13,9.25
2026-01-27 16:56:14,7.89
2026-01-27 16:56:15,7.89
2026-01-27 16:56:16,7.89
2026-01-27 16:56:17,7.89
2026-01-27 16:56:18,7.89
2026-01-27 16:56:19,8.83
2026-01-27 16:56:20,8.83
2026-01-27 16:56:21,8.83
2026-01-27 16:56:22,8.83
2026-01-27 16:56:23,8.83
2026-01-27 16:56:24,8.05
2026-01-27 16:56:25,8.05
2026-01-27 16:56:26,8.05
2026-01-27 16:56:27,8.05
2026-01-27 16:56:28,8.05
2026-01-27 16:56:29,9.29
2026-01-27 16:56:30,9.29
2026-01-27 16:56:31,9.29
2026-01-27 16:56:32,9.29
2026-01-27 16:56:33,9.29
2026-01-27 16:56:34,8.60
2026-01-27 16:56:35,8.60
2026-01-27 16:56:36,8.60
2026-01-27 16:56:37,8.60
2026-01-27 16:56:38,8.60
2026-01-27 16:56:39,10.3
2026-01-27 16:56:40,10.3
2026-01-27 16:56:41,10.3
2026-01-27 16:56:42,10.3
2026-01-27 16:56:43,10.3
2026-01-27 16:56:44,9.12
2026-01-27 16:56:45,9.12
2026-01-27 16:56:46,9.12
2026-01-27 16:56:47,9.12
2026-01-27 16:56:48,9.12
2026-01-27 16:56:49,9.73
2026-01-27 16:56:50,9.73
2026-01-27 16:56:51,9.73
2026-01-27 16:56:52,9.73
2026-01-27 16:56:53,9.73
2026-01-27 16:56:54,8.63
2026-01-27 16:56:55,8.63
2026-01-27 16:56:56,8.63
2026-01-27 16:56:57,8.63
2026-01-27 16:56:58,8.63
2026-01-27 16:56:59,10.2
2026-01-27 16:57:00,10.2
2026-01-27 16:57:01,10.2
2026-01-27 16:57:02,10.2
2026-01-27 16:57:03,10.2
2026-01-27 16:57:04,9.91
2026-01-27 16:57:05,9.91
2026-01-27 16:57:06,9.91
2026-01-27 16:57:07,9.91
2026-01-27 16:57:08,9.91
2026-01-27 16:57:09,10.5
2026-01-27 16:57:10,10.5
2026-01-27 16:57:11,10.5
2026-01-27 16:57:12,10.5
2026-01-27 16:57:13,10.5
2026-01-27 16:57:14,9.24
2026-01-27 16:57:15,9.24
2026-01-27 16:57:16,9.24
2026-01-27 16:57:17,9.24
2026-01-27 16:57:18,9.24
2026-01-27 16:57:19,0
2026-01-27 16:57:20,0
2026-01-27 16:57:21,0
2026-01-27 16:57:22,0
2026-01-27 16:57:23,0
2026-01-27 16:57:24,0
2026-01-27 16:57:25,0
2026-01-27 16:57:26,0
2026-01-27 16:57:27,0
2026-01-27 16:57:28,0
2026-01-27 16:57:29,0
2026-01-27 16:57:30,0
2026-01-27 16:57:31,0
2026-01-27 16:57:32,0
2026-01-27 16:57:33,0
2026-01-27 16:57:34,0
2026-01-27 16:57:35,0
2026-01-27 16:57:36,0
2026-01-27 16:57:37,0
2026-01-27 16:57:38,0
2026-01-27 16:57:39,0
2026-01-27 16:57:40,0
2026-01-27 16:57:41,0
2026-01-27 16:57:42,0
2026-01-27 16:57:43,0
2026-01-27 16:57:44,0
2026-01-27 16:57:45,0
2026-01-27 16:57:46,0
2026-01-27 16:57:47,0
2026-01-27 16:57:48,0
2026-01-27 16:57:49,0
2026-01-27 16:57:50,0
2026-01-27 16:57:51,0
2026-01-27 16:57:52,0
2026-01-27 16:57:53,0
2026-01-27 16:57:54,0
2026-01-27 16:57:55,0
2026-01-27 16:57:56,0
2026-01-27 16:57:57,0
2026-01-27 16:57:58,0
2026-01-27 16:57:59,0
2026-01-27 16:58:00,0
2026-01-27 16:58:01,0
2026-01-27 16:58:02,0
2026-01-27 16:58:03,0
2026-01-27 16:58:04,0
2026-01-27 16:58:05,0
2026-01-27 16:58:06,0
2026-01-27 16:58:07,0
2026-01-27 16:58:08,0
2026-01-27 16:58:09,0
2026-01-27 16:58:10,0
2026-01-27 16:58:11,0
2026-01-27 16:58:12,0
2026-01-27 16:58:13,0
2026-01-27 16:58:14,0
2026-01-27 16:58:15,0
2026-01-27 16:58:16,0
2026-01-27 16:58:17,0
2026-01-27 16:58:18,0
2026-01-27 16:58:19,0
2026-01-27 16:58:20,0
2026-01-27 16:58:21,0
2026-01-27 16:58:22,0
2026-01-27 16:58:23,0
2026-01-27 16:58:24,0
2026-01-27 16:58:25,0
2026-01-27 16:58:26,0
2026-01-27 16:58:27,0
2026-01-27 16:58:28,0
2026-01-27 16:58:29,0
2026-01-27 16:58:30,0
2026-01-27 16:58:31,0
2026-01-27 16:58:32,0
2026-01-27 16:58:33,0
2026-01-27 16:58:34,0
2026-01-27 16:58:35,0
2026-01-27 16:58:36,0
2026-01-27 16:58:37,0
2026-01-27 16:58:38,0
2026-01-27 16:58:39,0
2026-01-27 16:58:40,0
2026-01-27 16:58:41,0
2026-01-27 16:58:42,0
2026-01-27 16:58:43,0
2026-01-27 16:58:44,0
2026-01-27 16:58:45,0
2026-01-27 16:58:46,0
2026-01-27 16:58:47,0
2026-01-27 16:58:48,0
2026-01-27 16:58:49,0
2026-01-27 16:58:50,0
2026-01-27 16:58:51,0
2026-01-27 16:58:52,0
2026-01-27 16:58:53,0
2026-01-27 17:03:49,7.55
2026-01-27 17:03:50,7.55
2026-01-27 17:03:51,7.55
2026-01-27 17:03:52,7.55
2026-01-27 17:03:53,7.55
2026-01-27 17:03:54,7.32
2026-01-27 17:03:55,7.32
2026-01-27 17:03:56,7.32
2026-01-27 17:03:57,7.32
2026-01-27 17:03:58,7.32
2026-01-27 17:03:59,9.05
2026-01-27 17:04:00,9.05
2026-01-27 17:04:01,9.05
2026-01-27 17:04:02,9.05
2026-01-27 17:04:03,9.05
2026-01-27 17:04:04,7.52
2026-01-27 17:04:05,7.52
2026-01-27 17:04:06,7.52
2026-01-27 17:04:07,7.52
2026-01-27 17:04:08,7.52
2026-01-27 17:04:09,8.11
2026-01-27 17:04:10,8.11
2026-01-27 17:04:11,8.11
2026-01-27 17:04:12,8.11
2026-01-27 17:04:13,8.11
2026-01-27 17:04:14,7.36
2026-01-27 17:04:15,7.36
2026-01-27 17:04:16,7.36
2026-01-27 17:04:17,7.36
2026-01-27 17:04:18,7.36
2026-01-27 17:04:19,8.56
2026-01-27 17:04:20,8.56
2026-01-27 17:04:21,8.56
2026-01-27 17:04:22,8.56
2026-01-27 17:04:23,8.56
2026-01-27 17:04:24,7.50
2026-01-27 17:04:25,7.50
2026-01-27 17:04:26,7.50
2026-01-27 17:04:27,7.50
2026-01-27 17:04:28,7.50
2026-01-27 17:04:29,9.33
2026-01-27 17:04:30,9.33
2026-01-27 17:04:31,9.33
2026-01-27 17:04:32,9.33
2026-01-27 17:04:33,9.33
2026-01-27 17:04:34,8.93
2026-01-27 17:04:35,8.93
2026-01-27 17:04:36,8.93
2026-01-27 17:04:37,8.93
2026-01-27 17:04:38,8.93
2026-01-27 17:04:39,10.0
2026-01-27 17:04:40,10.0
2026-01-27 17:04:41,10.0
2026-01-27 17:04:42,10.0
2026-01-27 17:04:43,10.0
2026-01-27 17:04:44,9.90
2026-01-27 17:04:45,9.90
2026-01-27 17:04:46,9.90
2026-01-27 17:04:47,9.90
2026-01-27 17:04:48,9.90
2026-01-27 17:04:49,9.59
2026-01-27 17:04:50,9.59
2026-01-27 17:04:51,9.59
2026-01-27 17:04:52,9.59
2026-01-27 17:04:53,9.59
2026-01-27 17:04:54,9.13
2026-01-27 17:04:55,9.13
2026-01-27 17:04:56,9.13
2026-01-27 17:04:57,9.13
2026-01-27 17:04:58,9.13
2026-01-27 17:04:59,10.3
2026-01-27 17:05:00,10.3
2026-01-27 17:05:01,10.3
2026-01-27 17:05:02,10.3
2026-01-27 17:05:03,10.3
2026-01-27 17:05:04,6.78
2026-01-27 17:05:05,6.78
2026-01-27 17:05:06,6.78
2026-01-27 17:05:07,6.78
2026-01-27 17:05:08,6.78
2026-01-27 17:05:09,0
2026-01-27 17:05:10,0
2026-01-27 17:05:11,0
2026-01-27 17:05:12,0
2026-01-27 17:05:13,0
2026-01-27 17:05:14,0
2026-01-27 17:05:15,0
2026-01-27 17:05:16,0
2026-01-27 17:05:17,0
2026-01-27 17:05:18,0
2026-01-27 17:05:19,0
2026-01-27 17:05:20,0
2026-01-27 17:05:21,0
2026-01-27 17:05:22,0
2026-01-27 17:05:23,0
2026-01-27 17:05:24,0
2026-01-27 17:05:25,0
2026-01-27 17:05:26,0
2026-01-27 17:05:27,0
2026-01-27 17:05:28,0
2026-01-27 17:05:29,0
2026-01-27 17:05:30,0
2026-01-27 17:05:31,0
2026-01-27 17:05:32,0
2026-01-27 17:05:33,0
2026-01-27 17:05:34,0
2026-01-27 17:05:35,0
2026-01-27 17:05:36,0
2026-01-27 17:05:37,0
2026-01-27 17:05:38,0
2026-01-27 17:05:39,0
2026-01-27 17:05:40,0
2026-01-27 17:05:41,0
2026-01-27 17:05:42,0
2026-01-27 17:05:43,0
2026-01-27 17:05:44,0
2026-01-27 17:05:45,0
2026-01-27 17:05:46,0
2026-01-27 17:05:47,0
2026-01-27 17:05:48,0
2026-01-27 17:05:49,0
2026-01-27 17:05:50,0
2026-01-27 17:05:51,0
2026-01-27 17:05:52,0
2026-01-27 17:05:53,0
2026-01-27 17:05:54,0
2026-01-27 17:05:55,0
2026-01-27 17:05:56,0
2026-01-27 17:05:57,0
2026-01-27 17:05:58,0
2026-01-27 17:05:59,0
2026-01-27 17:06:00,0
2026-01-27 17:06:01,0
2026-01-27 17:06:02,0
2026-01-27 17:06:03,0
2026-01-27 17:06:04,0
2026-01-27 17:06:05,0
2026-01-27 17:06:06,0
2026-01-27 17:06:07,0
2026-01-27 17:06:08,0
2026-01-27 17:06:09,0
2026-01-27 17:06:10,0
2026-01-27 17:06:11,0
2026-01-27 17:06:12,0
2026-01-27 17:06:13,0
2026-01-27 17:06:14,0
2026-01-27 17:06:15,0
2026-01-27 17:06:16,0
2026-01-27 17:06:17,0
2026-01-27 17:06:18,0
2026-01-27 17:06:19,0
2026-01-27 17:06:20,0
2026-01-27 17:06:21,0
2026-01-27 17:06:22,0
2026-01-27 17:06:23,0
2026-01-27 17:06:24,0
2026-01-27 17:06:25,0
2026-01-27 17:06:26,0
2026-01-27 17:06:27,0
2026-01-27 17:06:28,0
2026-01-27 17:06:29,0
2026-01-27 17:06:30,0
2026-01-27 17:06:31,0
2026-01-27 17:06:32,0
2026-01-27 17:06:33,0
2026-01-27 17:06:34,0
2026-01-27 17:06:35,0
2026-01-27 17:06:36,0
2026-01-27 17:06:37,0
2026-01-27 17:06:38,0
2026-01-27 17:06:39,0
2026-01-27 17:06:40,0
2026-01-27 17:06:41,0
2026-01-27 17:06:42,0
2026-01-27 17:06:43,0
2026-01-27 17:11:49,0.702
2026-01-27 17:11:50,0.702
2026-01-27 17:11:51,0.702
2026-01-27 17:11:52,0.702
2026-01-27 17:11:53,0.702
2026-01-27 17:11:54,4.39
2026-01-27 17:11:55,4.39
2026-01-27 17:11:56,4.39
2026-01-27 17:11:57,4.39
2026-01-27 17:11:58,4.39
2026-01-27 17:11:59,5.33
2026-01-27 17:12:00,5.33
2026-01-27 17:12:01,5.33
2026-01-27 17:12:02,5.33
2026-01-27 17:12:03,5.33
2026-01-27 17:12:04,6.13
2026-01-27 17:12:05,6.13
2026-01-27 17:12:06,6.13
2026-01-27 17:12:07,6.13
2026-01-27 17:12:08,6.13
2026-01-27 17:12:09,5.09
2026-01-27 17:12:10,5.09
2026-01-27 17:12:11,5.09
2026-01-27 17:12:12,5.09
2026-01-27 17:12:13,5.09
2026-01-27 17:12:14,5.21
2026-01-27 17:12:15,5.21
2026-01-27 17:12:16,5.21
2026-01-27 17:12:17,5.21
2026-01-27 17:12:18,5.21
2026-01-27 17:12:19,5.27
2026-01-27 17:12:20,5.27
2026-01-27 17:12:21,5.27
2026-01-27 17:12:22,5.27
2026-01-27 17:12:23,5.27
2026-01-27 17:12:24,6.54
2026-01-27 17:12:25,6.54
2026-01-27 17:12:26,6.54
2026-01-27 17:12:27,6.54
2026-01-27 17:12:28,6.54
2026-01-27 17:12:29,5.58
2026-01-27 17:12:30,5.58
2026-01-27 17:12:31,5.58
2026-01-27 17:12:32,5.58
2026-01-27 17:12:33,5.58
2026-01-27 17:12:34,6.05
2026-01-27 17:12:35,6.05
2026-01-27 17:12:36,6.05
2026-01-27 17:12:37,6.05
2026-01-27 17:12:38,6.05
2026-01-27 17:12:39,4.74
2026-01-27 17:12:40,4.74
2026-01-27 17:12:41,4.74
2026-01-27 17:12:42,4.74
2026-01-27 17:12:43,4.74
2026-01-27 17:12:44,6.60
2026-01-27 17:12:45,6.60
2026-01-27 17:12:46,6.60
2026-01-27 17:12:47,6.60
2026-01-27 17:12:48,6.60
2026-01-27 17:12:49,7.99
2026-01-27 17:12:50,7.99
2026-01-27 17:12:51,7.99
2026-01-27 17:12:52,7.99
2026-01-27 17:12:53,7.99
2026-01-27 17:12:54,8.01
2026-01-27 17:12:55,8.01
2026-01-27 17:12:56,8.01
2026-01-27 17:12:57,8.01
2026-01-27 17:12:58,8.01
2026-01-27 17:12:59,7.50
2026-01-27 17:13:00,7.50
2026-01-27 17:13:01,7.50
2026-01-27 17:13:02,7.50
2026-01-27 17:13:03,7.50
2026-01-27 17:13:04,8.40
2026-01-27 17:13:05,8.40
2026-01-27 17:13:06,8.40
2026-01-27 17:13:07,8.40
2026-01-27 17:13:08,8.40
2026-01-27 17:13:09,0
2026-01-27 17:13:10,0
2026-01-27 17:13:11,0
2026-01-27 17:13:12,0
2026-01-27 17:13:13,0
2026-01-27 17:13:14,0
2026-01-27 17:13:15,0
2026-01-27 17:13:16,0
2026-01-27 17:13:17,0
2026-01-27 17:13:18,0
2026-01-27 17:13:19,0
2026-01-27 17:13:20,0
2026-01-27 17:13:21,0
2026-01-27 17:13:22,0
2026-01-27 17:13:23,0
2026-01-27 17:13:24,0
2026-01-27 17:13:25,0
2026-01-27 17:13:26,0
2026-01-27 17:13:27,0
2026-01-27 17:13:28,0
2026-01-27 17:13:29,0
2026-01-27 17:13:30,0
2026-01-27 17:13:31,0
2026-01-27 17:13:32,0
2026-01-27 17:13:33,0
2026-01-27 17:13:34,0
2026-01-27 17:13:35,0
2026-01-27 17:13:36,0
2026-01-27 17:13:37,0
2026-01-27 17:13:38,0
2026-01-27 17:13:39,0
2026-01-27 17:13:40,0
2026-01-27 17:13:41,0
2026-01-27 17:13:42,0
2026-01-27 17:13:43,0
2026-01-27 17:13:44,0
2026-01-27 17:13:45,0
2026-01-27 17:13:46,0
2026-01-27 17:13:47,0
2026-01-27 17:13:48,0
2026-01-27 17:13:49,0
2026-01-27 17:13:50,0
2026-01-27 17:13:51,0
2026-01-27 17:13:52,0
2026-01-27 17:13:53,0
2026-01-27 17:13:54,0
2026-01-27 17:13:55,0
2026-01-27 17:13:56,0
2026-01-27 17:13:57,0
2026-01-27 17:13:58,0
2026-01-27 17:13:59,0
2026-01-27 17:14:00,0
2026-01-27 17:14:01,0
2026-01-27 17:14:02,0
2026-01-27 17:14:03,0
2026-01-27 17:14:04,0
2026-01-27 17:14:05,0
2026-01-27 17:14:06,0
2026-01-27 17:14:07,0
2026-01-27 17:14:08,0
2026-01-27 17:14:09,0
2026-01-27 17:14:10,0
2026-01-27 17:14:11,0
2026-01-27 17:14:12,0
2026-01-27 17:14:13,0
2026-01-27 17:14:14,0
2026-01-27 17:14:15,0
2026-01-27 17:14:16,0
2026-01-27 17:14:17,0
2026-01-27 17:14:18,0
2026-01-27 17:14:19,0
2026-01-27 17:14:20,0
2026-01-27 17:14:21,0
2026-01-27 17:14:22,0
2026-01-27 17:14:23,0
2026-01-27 17:14:24,0
2026-01-27 17:14:25,0
2026-01-27 17:14:26,0
2026-01-27 17:14:27,0
2026-01-27 17:14:28,0
2026-01-27 17:14:29,0
2026-01-27 17:14:30,0
2026-01-27 17:14:31,0
2026-01-27 17:14:32,0
2026-01-27 17:14:33,0
2026-01-27 17:14:34,0
2026-01-27 17:14:35,0
2026-01-27 17:14:36,0
2026-01-27 17:14:37,0
2026-01-27 17:14:38,0
2026-01-27 17:14:39,0
2026-01-27 17:14:40,0
2026-01-27 17:14:41,0
2026-01-27 17:14:42,0
2026-01-27 17:14:43,0
2026-01-27 17:19:54,7.58
2026-01-27 17:19:55,7.58
2026-01-27 17:19:56,7.58
2026-01-27 17:19:57,7.58
2026-01-27 17:19:58,7.58
2026-01-27 17:19:59,9.29
2026-01-27 17:20:00,9.29
2026-01-27 17:20:01,9.29
2026-01-27 17:20:02,9.29
2026-01-27 17:20:03,9.29
2026-01-27 17:20:04,9.49
2026-01-27 17:20:05,9.49
2026-01-27 17:20:06,9.49
2026-01-27 17:20:07,9.49
2026-01-27 17:20:08,9.49
2026-01-27 17:20:09,8.42
2026-01-27 17:20:10,8.42
2026-01-27 17:20:11,8.42
2026-01-27 17:20:12,8.42
2026-01-27 17:20:13,8.42
2026-01-27 17:20:14,8.46
2026-01-27 17:20:15,8.46
2026-01-27 17:20:16,8.46
2026-01-27 17:20:17,8.46
2026-01-27 17:20:18,8.46
2026-01-27 17:20:19,8.47
2026-01-27 17:20:20,8.47
2026-01-27 17:20:21,8.47
2026-01-27 17:20:22,8.47
2026-01-27 17:20:23,8.47
2026-01-27 17:20:24,9.05
2026-01-27 17:20:25,9.05
2026-01-27 17:20:26,9.05
2026-01-27 17:20:27,9.05
2026-01-27 17:20:28,9.05
2026-01-27 17:20:29,8.46
2026-01-27 17:20:30,8.46
2026-01-27 17:20:31,8.46
2026-01-27 17:20:32,8.46
2026-01-27 17:20:33,8.46
2026-01-27 17:20:34,9.39
2026-01-27 17:20:35,9.39
2026-01-27 17:20:36,9.39
2026-01-27 17:20:37,9.39
2026-01-27 17:20:38,9.39
2026-01-27 17:20:39,8.62
2026-01-27 17:20:40,8.62
2026-01-27 17:20:41,8.62
2026-01-27 17:20:42,8.62
2026-01-27 17:20:43,8.62
2026-01-27 17:20:44,9.39
2026-01-27 17:20:45,9.39
2026-01-27 17:20:46,9.39
2026-01-27 17:20:47,9.39
2026-01-27 17:20:48,9.39
2026-01-27 17:20:49,8.46
2026-01-27 17:20:50,8.46
2026-01-27 17:20:51,8.46
2026-01-27 17:20:52,8.46
2026-01-27 17:20:53,8.46
2026-01-27 17:20:54,9.16
2026-01-27 17:20:55,9.16
2026-01-27 17:20:56,9.16
2026-01-27 17:20:57,9.16
2026-01-27 17:20:58,9.16
2026-01-27 17:20:59,8.55
2026-01-27 17:21:00,8.55
2026-01-27 17:21:01,8.55
2026-01-27 17:21:02,8.55
2026-01-27 17:21:03,8.55
2026-01-27 17:21:04,9.51
2026-01-27 17:21:05,9.51
2026-01-27 17:21:06,9.51
2026-01-27 17:21:07,9.51
2026-01-27 17:21:08,9.51
2026-01-27 17:21:09,10.4
2026-01-27 17:21:10,10.4
2026-01-27 17:21:11,10.4
2026-01-27 17:21:12,10.4
2026-01-27 17:21:13,10.4
2026-01-27 17:21:14,0
2026-01-27 17:21:15,0
2026-01-27 17:21:16,0
2026-01-27 17:21:17,0
2026-01-27 17:21:18,0
2026-01-27 17:21:19,0
2026-01-27 17:21:20,0
2026-01-27 17:21:21,0
2026-01-27 17:21:22,0
2026-01-27 17:21:23,0
2026-01-27 17:21:24,0
2026-01-27 17:21:25,0
2026-01-27 17:21:26,0
2026-01-27 17:21:27,0
2026-01-27 17:21:28,0
2026-01-27 17:21:29,0
2026-01-27 17:21:30,0
2026-01-27 17:21:31,0
2026-01-27 17:21:32,0
2026-01-27 17:21:33,0
2026-01-27 17:21:34,0
2026-01-27 17:21:35,0
2026-01-27 17:21:36,0
2026-01-27 17:21:37,0
2026-01-27 17:21:38,0
2026-01-27 17:21:39,0
2026-01-27 17:21:40,0
2026-01-27 17:21:41,0
2026-01-27 17:21:42,0
2026-01-27 17:21:43,0
2026-01-27 17:21:44,0
2026-01-27 17:21:45,0
2026-01-27 17:21:46,0
2026-01-27 17:21:47,0
2026-01-27 17:21:48,0
2026-01-27 17:21:49,0
2026-01-27 17:21:50,0
2026-01-27 17:21:51,0
2026-01-27 17:21:52,0
2026-01-27 17:21:53,0
2026-01-27 17:21:54,0
2026-01-27 17:21:55,0
2026-01-27 17:21:56,0
2026-01-27 17:21:57,0
2026-01-27 17:21:58,0
2026-01-27 17:21:59,0
2026-01-27 17:22:00,0
2026-01-27 17:22:01,0
2026-01-27 17:22:02,0
2026-01-27 17:22:03,0
2026-01-27 17:22:04,0
2026-01-27 17:22:05,0
2026-01-27 17:22:06,0
2026-01-27 17:22:07,0
2026-01-27 17:22:08,0
2026-01-27 17:22:09,0
2026-01-27 17:22:10,0
2026-01-27 17:22:11,0
2026-01-27 17:22:12,0
2026-01-27 17:22:13,0
2026-01-27 17:22:14,0
2026-01-27 17:22:15,0
2026-01-27 17:22:16,0
2026-01-27 17:22:17,0
2026-01-27 17:22:18,0
2026-01-27 17:22:19,0
2026-01-27 17:22:20,0
2026-01-27 17:22:21,0
2026-01-27 17:22:22,0
2026-01-27 17:22:23,0
2026-01-27 17:22:24,0
2026-01-27 17:22:25,0
2026-01-27 17:22:26,0
2026-01-27 17:22:27,0
2026-01-27 17:22:28,0
2026-01-27 17:22:29,0
2026-01-27 17:22:30,0
2026-01-27 17:22:31,0
2026-01-27 17:22:32,0
2026-01-27 17:22:33,0
2026-01-27 17:22:34,0
2026-01-27 17:22:35,0
2026-01-27 17:22:36,0
2026-01-27 17:22:37,0
2026-01-27 17:22:38,0
2026-01-27 17:22:39,0
2026-01-27 17:22:40,0
2026-01-27 17:22:41,0
2026-01-27 17:22:42,0
2026-01-27 17:22:43,0
2026-01-27 17:22:44,0
2026-01-27 17:22:45,0
2026-01-27 17:22:46,0
2026-01-27 17:22:47,0
2026-01-27 17:22:48,0
2026-01-27 17:27:44,1.71
2026-01-27 17:27:45,1.71
2026-01-27 17:27:46,1.71
2026-01-27 17:27:47,1.71
2026-01-27 17:27:48,1.71
2026-01-27 17:27:49,8.30
2026-01-27 17:27:50,8.30
2026-01-27 17:27:51,8.30
2026-01-27 17:27:52,8.30
2026-01-27 17:27:53,8.30
2026-01-27 17:27:54,10.7
2026-01-27 17:27:55,10.7
2026-01-27 17:27:56,10.7
2026-01-27 17:27:57,10.7
2026-01-27 17:27:58,10.7
2026-01-27 17:27:59,9.38
2026-01-27 17:28:00,9.38
2026-01-27 17:28:01,9.38
2026-01-27 17:28:02,9.38
2026-01-27 17:28:03,9.38
2026-01-27 17:28:04,10.2
2026-01-27 17:28:05,10.2
2026-01-27 17:28:06,10.2
2026-01-27 17:28:07,10.2
2026-01-27 17:28:08,10.2
2026-01-27 17:28:09,9.49
2026-01-27 17:28:10,9.49
2026-01-27 17:28:11,9.49
2026-01-27 17:28:12,9.49
2026-01-27 17:28:13,9.49
2026-01-27 17:28:14,9.60
2026-01-27 17:28:15,9.60
2026-01-27 17:28:16,9.60
2026-01-27 17:28:17,9.60
2026-01-27 17:28:18,9.60
2026-01-27 17:28:19,9.50
2026-01-27 17:28:20,9.50
2026-01-27 17:28:21,9.50
2026-01-27 17:28:22,9.50
2026-01-27 17:28:23,9.50
2026-01-27 17:28:24,12.0
2026-01-27 17:28:25,12.0
2026-01-27 17:28:26,12.0
2026-01-27 17:28:27,12.0
2026-01-27 17:28:28,12.0
2026-01-27 17:28:29,9.87
2026-01-27 17:28:30,9.87
2026-01-27 17:28:31,9.87
2026-01-27 17:28:32,9.87
2026-01-27 17:28:33,9.87
2026-01-27 17:28:34,9.48
2026-01-27 17:28:35,9.48
2026-01-27 17:28:36,9.48
2026-01-27 17:28:37,9.48
2026-01-27 17:28:38,9.48
2026-01-27 17:28:39,8.90
2026-01-27 17:28:40,8.90
2026-01-27 17:28:41,8.90
2026-01-27 17:28:42,8.90
2026-01-27 17:28:43,8.90
2026-01-27 17:28:44,9.54
2026-01-27 17:28:45,9.54
2026-01-27 17:28:46,9.54
2026-01-27 17:28:47,9.54
2026-01-27 17:28:48,9.54
2026-01-27 17:28:49,8.42
2026-01-27 17:28:50,8.42
2026-01-27 17:28:51,8.42
2026-01-27 17:28:52,8.42
2026-01-27 17:28:53,8.42
2026-01-27 17:28:54,9.26
2026-01-27 17:28:55,9.26
2026-01-27 17:28:56,9.26
2026-01-27 17:28:57,9.26
2026-01-27 17:28:58,9.26
2026-01-27 17:28:59,8.45
2026-01-27 17:29:00,8.45
2026-01-27 17:29:01,8.45
2026-01-27 17:29:02,8.45
2026-01-27 17:29:03,8.45
2026-01-27 17:29:04,9.05
2026-01-27 17:29:05,9.05
2026-01-27 17:29:06,9.05
2026-01-27 17:29:07,9.05
2026-01-27 17:29:08,9.05
2026-01-27 17:29:09,0
2026-01-27 17:29:10,0
2026-01-27 17:29:11,0
2026-01-27 17:29:12,0
2026-01-27 17:29:13,0
2026-01-27 17:29:14,0
2026-01-27 17:29:15,0
2026-01-27 17:29:16,0
2026-01-27 17:29:17,0
2026-01-27 17:29:18,0
2026-01-27 17:29:19,0
2026-01-27 17:29:20,0
2026-01-27 17:29:21,0
2026-01-27 17:29:22,0
2026-01-27 17:29:23,0
2026-01-27 17:29:24,0
2026-01-27 17:29:25,0
2026-01-27 17:29:26,0
2026-01-27 17:29:27,0
2026-01-27 17:29:28,0
2026-01-27 17:29:29,0
2026-01-27 17:29:30,0
2026-01-27 17:29:31,0
2026-01-27 17:29:32,0
2026-01-27 17:29:33,0
2026-01-27 17:29:34,0
2026-01-27 17:29:35,0
2026-01-27 17:29:36,0
2026-01-27 17:29:37,0
2026-01-27 17:29:38,0
2026-01-27 17:29:39,0
2026-01-27 17:29:40,0
2026-01-27 17:29:41,0
2026-01-27 17:29:42,0
2026-01-27 17:29:43,0
2026-01-27 17:29:44,0
2026-01-27 17:29:45,0
2026-01-27 17:29:46,0
2026-01-27 17:29:47,0
2026-01-27 17:29:48,0
2026-01-27 17:29:49,0
2026-01-27 17:29:50,0
2026-01-27 17:29:51,0
2026-01-27 17:29:52,0
2026-01-27 17:29:53,0
2026-01-27 17:29:54,0
2026-01-27 17:29:55,0
2026-01-27 17:29:56,0
2026-01-27 17:29:57,0
2026-01-27 17:29:58,0
2026-01-27 17:29:59,0
2026-01-27 17:30:00,0
2026-01-27 17:30:01,0
2026-01-27 17:30:02,0
2026-01-27 17:30:03,0
2026-01-27 17:30:04,0
2026-01-27 17:30:05,0
2026-01-27 17:30:06,0
2026-01-27 17:30:07,0
2026-01-27 17:30:08,0
2026-01-27 17:30:09,0
2026-01-27 17:30:10,0
2026-01-27 17:30:11,0
2026-01-27 17:30:12,0
2026-01-27 17:30:13,0
2026-01-27 17:30:14,0
2026-01-27 17:30:15,0
2026-01-27 17:30:16,0
2026-01-27 17:30:17,0
2026-01-27 17:30:18,0
2026-01-27 17:30:19,0
2026-01-27 17:30:20,0
2026-01-27 17:30:21,0
2026-01-27 17:30:22,0
2026-01-27 17:30:23,0
2026-01-27 17:30:24,0
2026-01-27 17:30:25,0
2026-01-27 17:30:26,0
2026-01-27 17:30:27,0
2026-01-27 17:30:28,0
2026-01-27 17:30:29,0
2026-01-27 17:30:30,0
2026-01-27 17:30:31,0
2026-01-27 17:30:32,0
2026-01-27 17:30:33,0
2026-01-27 17:30:34,0
2026-01-27 17:30:35,0
2026-01-27 17:30:36,0
2026-01-27 17:30:37,0
2026-01-27 17:30:38,0
2026-01-27 17:30:39,0
2026-01-27 17:30:40,0
2026-01-27 17:30:41,0
2026-01-27 17:30:42,0
2026-01-27 17:30:43,0
2026-01-27 17:35:44,6.11
2026-01-27 17:35:45,6.11
2026-01-27 17:35:46,6.11
2026-01-27 17:35:47,6.11
2026-01-27 17:35:48,6.11
2026-01-27 17:35:49,7.73
2026-01-27 17:35:50,7.73
2026-01-27 17:35:51,7.73
2026-01-27 17:35:52,7.73
2026-01-27 17:35:53,7.73
2026-01-27 17:35:54,8.79
2026-01-27 17:35:55,8.79
2026-01-27 17:35:56,8.79
2026-01-27 17:35:57,8.79
2026-01-27 17:35:58,8.79
2026-01-27 17:35:59,7.42
2026-01-27 17:36:00,7.42
2026-01-27 17:36:01,7.42
2026-01-27 17:36:02,7.42
2026-01-27 17:36:03,7.42
2026-01-27 17:36:04,8.08
2026-01-27 17:36:05,8.08
2026-01-27 17:36:06,8.08
2026-01-27 17:36:07,8.08
2026-01-27 17:36:08,8.08
2026-01-27 17:36:09,7.41
2026-01-27 17:36:10,7.41
2026-01-27 17:36:11,7.41
2026-01-27 17:36:12,7.41
2026-01-27 17:36:13,7.41
2026-01-27 17:36:14,8.32
2026-01-27 17:36:15,8.32
2026-01-27 17:36:16,8.32
2026-01-27 17:36:17,8.32
2026-01-27 17:36:18,8.32
2026-01-27 17:36:19,7.64
2026-01-27 17:36:20,7.64
2026-01-27 17:36:21,7.64
2026-01-27 17:36:22,7.64
2026-01-27 17:36:23,7.64
2026-01-27 17:36:24,8.38
2026-01-27 17:36:25,8.38
2026-01-27 17:36:26,8.38
2026-01-27 17:36:27,8.38
2026-01-27 17:36:28,8.38
2026-01-27 17:36:29,7.50
2026-01-27 17:36:30,7.50
2026-01-27 17:36:31,7.50
2026-01-27 17:36:32,7.50
2026-01-27 17:36:33,7.50
2026-01-27 17:36:34,8.03
2026-01-27 17:36:35,8.03
2026-01-27 17:36:36,8.03
2026-01-27 17:36:37,8.03
2026-01-27 17:36:38,8.03
2026-01-27 17:36:39,7.61
2026-01-27 17:36:40,7.61
2026-01-27 17:36:41,7.61
2026-01-27 17:36:42,7.61
2026-01-27 17:36:43,7.61
2026-01-27 17:36:44,9.42
2026-01-27 17:36:45,9.42
2026-01-27 17:36:46,9.42
2026-01-27 17:36:47,9.42
2026-01-27 17:36:48,9.42
2026-01-27 17:36:49,7.99
2026-01-27 17:36:50,7.99
2026-01-27 17:36:51,7.99
2026-01-27 17:36:52,7.99
2026-01-27 17:36:53,7.99
2026-01-27 17:36:54,10.8
2026-01-27 17:36:55,10.8
2026-01-27 17:36:56,10.8
2026-01-27 17:36:57,10.8
2026-01-27 17:36:58,10.8
2026-01-27 17:36:59,9.58
2026-01-27 17:37:00,9.58
2026-01-27 17:37:01,9.58
2026-01-27 17:37:02,9.58
2026-01-27 17:37:03,9.58
2026-01-27 17:37:04,0
2026-01-27 17:37:05,0
2026-01-27 17:37:06,0
2026-01-27 17:37:07,0
2026-01-27 17:37:08,0
2026-01-27 17:37:09,0
2026-01-27 17:37:10,0
2026-01-27 17:37:11,0
2026-01-27 17:37:12,0
2026-01-27 17:37:13,0
2026-01-27 17:37:14,0
2026-01-27 17:37:15,0
2026-01-27 17:37:16,0
2026-01-27 17:37:17,0
2026-01-27 17:37:18,0
2026-01-27 17:37:19,0
2026-01-27 17:37:20,0
2026-01-27 17:37:21,0
2026-01-27 17:37:22,0
2026-01-27 17:37:23,0
2026-01-27 17:37:24,0
2026-01-27 17:37:25,0
2026-01-27 17:37:26,0
2026-01-27 17:37:27,0
2026-01-27 17:37:28,0
2026-01-27 17:37:29,0
2026-01-27 17:37:30,0
2026-01-27 17:37:31,0
2026-01-27 17:37:32,0
2026-01-27 17:37:33,0
2026-01-27 17:37:34,0
2026-01-27 17:37:35,0
2026-01-27 17:37:36,0
2026-01-27 17:37:37,0
2026-01-27 17:37:38,0
2026-01-27 17:37:39,0
2026-01-27 17:37:40,0
2026-01-27 17:37:41,0
2026-01-27 17:37:42,0
2026-01-27 17:37:43,0
2026-01-27 17:37:44,0
2026-01-27 17:37:45,0
2026-01-27 17:37:46,0
2026-01-27 17:37:47,0
2026-01-27 17:37:48,0
2026-01-27 17:37:49,0
2026-01-27 17:37:50,0
2026-01-27 17:37:51,0
2026-01-27 17:37:52,0
2026-01-27 17:37:53,0
2026-01-27 17:37:54,0
2026-01-27 17:37:55,0
2026-01-27 17:37:56,0
2026-01-27 17:37:57,0
2026-01-27 17:37:58,0
2026-01-27 17:37:59,0
2026-01-27 17:38:00,0
2026-01-27 17:38:01,0
2026-01-27 17:38:02,0
2026-01-27 17:38:03,0
2026-01-27 17:38:04,0
2026-01-27 17:38:05,0
2026-01-27 17:38:06,0
2026-01-27 17:38:07,0
2026-01-27 17:38:08,0
2026-01-27 17:38:09,0
2026-01-27 17:38:10,0
2026-01-27 17:38:11,0
2026-01-27 17:38:12,0
2026-01-27 17:38:13,0
2026-01-27 17:38:14,0
2026-01-27 17:38:15,0
2026-01-27 17:38:16,0
2026-01-27 17:38:17,0
2026-01-27 17:38:18,0
2026-01-27 17:38:19,0
2026-01-27 17:38:20,0
2026-01-27 17:38:21,0
2026-01-27 17:38:22,0
2026-01-27 17:38:23,0
2026-01-27 17:38:24,0
2026-01-27 17:38:25,0
2026-01-27 17:38:26,0
2026-01-27 17:38:27,0
2026-01-27 17:38:28,0
2026-01-27 17:38:29,0
2026-01-27 17:38:30,0
2026-01-27 17:38:31,0
2026-01-27 17:38:32,0
2026-01-27 17:38:33,0
2026-01-27 17:38:34,0
2026-01-27 17:38:35,0
2026-01-27 17:38:36,0
2026-01-27 17:38:37,0
2026-01-27 17:38:38,0
2026-01-27 17:43:39,3.54
2026-01-27 17:43:40,3.54
2026-01-27 17:43:41,3.54
2026-01-27 17:43:42,3.54
2026-01-27 17:43:43,3.54
2026-01-27 17:43:44,7.25
2026-01-27 17:43:45,7.25
2026-01-27 17:43:46,7.25
2026-01-27 17:43:47,7.25
2026-01-27 17:43:48,7.25
2026-01-27 17:43:49,7.71
2026-01-27 17:43:50,7.71
2026-01-27 17:43:51,7.71
2026-01-27 17:43:52,7.71
2026-01-27 17:43:53,7.71
2026-01-27 17:43:54,8.79
2026-01-27 17:43:55,8.79
2026-01-27 17:43:56,8.79
2026-01-27 17:43:57,8.79
2026-01-27 17:43:58,8.79
2026-01-27 17:43:59,7.77
2026-01-27 17:44:00,7.77
2026-01-27 17:44:01,7.77
2026-01-27 17:44:02,7.77
2026-01-27 17:44:03,7.77
2026-01-27 17:44:04,8.13
2026-01-27 17:44:05,8.13
2026-01-27 17:44:06,8.13
2026-01-27 17:44:07,8.13
2026-01-27 17:44:08,8.13
2026-01-27 17:44:09,7.36
2026-01-27 17:44:10,7.36
2026-01-27 17:44:11,7.36
2026-01-27 17:44:12,7.36
2026-01-27 17:44:13,7.36
2026-01-27 17:44:14,7.47
2026-01-27 17:44:15,7.47
2026-01-27 17:44:16,7.47
2026-01-27 17:44:17,7.47
2026-01-27 17:44:18,7.47
2026-01-27 17:44:19,7.40
2026-01-27 17:44:20,7.40
2026-01-27 17:44:21,7.40
2026-01-27 17:44:22,7.40
2026-01-27 17:44:23,7.40
2026-01-27 17:44:24,7.99
2026-01-27 17:44:25,7.99
2026-01-27 17:44:26,7.99
2026-01-27 17:44:27,7.99
2026-01-27 17:44:28,7.99
2026-01-27 17:44:29,7.63
2026-01-27 17:44:30,7.63
2026-01-27 17:44:31,7.63
2026-01-27 17:44:32,7.63
2026-01-27 17:44:33,7.63
2026-01-27 17:44:34,8.73
2026-01-27 17:44:35,8.73
2026-01-27 17:44:36,8.73
2026-01-27 17:44:37,8.73
2026-01-27 17:44:38,8.73
2026-01-27 17:44:39,7.49
2026-01-27 17:44:40,7.49
2026-01-27 17:44:41,7.49
2026-01-27 17:44:42,7.49
2026-01-27 17:44:43,7.49
2026-01-27 17:44:44,8.04
2026-01-27 17:44:45,8.04
2026-01-27 17:44:46,8.04
2026-01-27 17:44:47,8.04
2026-01-27 17:44:48,8.04
2026-01-27 17:44:49,7.37
2026-01-27 17:44:50,7.37
2026-01-27 17:44:51,7.37
2026-01-27 17:44:52,7.37
2026-01-27 17:44:53,7.37
2026-01-27 17:44:54,8.24
2026-01-27 17:44:55,8.24
2026-01-27 17:44:56,8.24
2026-01-27 17:44:57,8.24
2026-01-27 17:44:58,8.24
2026-01-27 17:44:59,0
2026-01-27 17:45:00,0
2026-01-27 17:45:01,0
2026-01-27 17:45:02,0
2026-01-27 17:45:03,0
2026-01-27 17:45:04,0
2026-01-27 17:45:05,0
2026-01-27 17:45:06,0
2026-01-27 17:45:07,0
2026-01-27 17:45:08,0
2026-01-27 17:45:09,0
2026-01-27 17:45:10,0
2026-01-27 17:45:11,0
2026-01-27 17:45:12,0
2026-01-27 17:45:13,0
2026-01-27 17:45:14,0
2026-01-27 17:45:15,0
2026-01-27 17:45:16,0
2026-01-27 17:45:17,0
2026-01-27 17:45:18,0
2026-01-27 17:45:19,0
2026-01-27 17:45:20,0
2026-01-27 17:45:21,0
2026-01-27 17:45:22,0
2026-01-27 17:45:23,0
2026-01-27 17:45:24,0
2026-01-27 17:45:25,0
2026-01-27 17:45:26,0
2026-01-27 17:45:27,0
2026-01-27 17:45:28,0
2026-01-27 17:45:29,0
2026-01-27 17:45:30,0
2026-01-27 17:45:31,0
2026-01-27 17:45:32,0
2026-01-27 17:45:33,0
2026-01-27 17:45:34,0
2026-01-27 17:45:35,0
2026-01-27 17:45:36,0
2026-01-27 17:45:37,0
2026-01-27 17:45:38,0
2026-01-27 17:45:39,0
2026-01-27 17:45:40,0
2026-01-27 17:45:41,0
2026-01-27 17:45:42,0
2026-01-27 17:45:43,0
2026-01-27 17:45:44,0
2026-01-27 17:45:45,0
2026-01-27 17:45:46,0
2026-01-27 17:45:47,0
2026-01-27 17:45:48,0
2026-01-27 17:45:49,0
2026-01-27 17:45:50,0
2026-01-27 17:45:51,0
2026-01-27 17:45:52,0
2026-01-27 17:45:53,0
2026-01-27 17:45:54,0
2026-01-27 17:45:55,0
2026-01-27 17:45:56,0
2026-01-27 17:45:57,0
2026-01-27 17:45:58,0
2026-01-27 17:45:59,0
2026-01-27 17:46:00,0
2026-01-27 17:46:01,0
2026-01-27 17:46:02,0
2026-01-27 17:46:03,0
2026-01-27 17:46:04,0
2026-01-27 17:46:05,0
2026-01-27 17:46:06,0
2026-01-27 17:46:07,0
2026-01-27 17:46:08,0
2026-01-27 17:46:09,0
2026-01-27 17:46:10,0
2026-01-27 17:46:11,0
2026-01-27 17:46:12,0
2026-01-27 17:46:13,0
2026-01-27 17:46:14,0
2026-01-27 17:46:15,0
2026-01-27 17:46:16,0
2026-01-27 17:46:17,0
2026-01-27 17:46:18,0
2026-01-27 17:46:19,0
2026-01-27 17:46:20,0
2026-01-27 17:46:21,0
2026-01-27 17:46:22,0
2026-01-27 17:46:23,0
2026-01-27 17:46:24,0
2026-01-27 17:46:25,0
2026-01-27 17:46:26,0
2026-01-27 17:46:27,0
2026-01-27 17:46:28,0
2026-01-27 17:46:29,0
2026-01-27 17:46:30,0
2026-01-27 17:46:31,0
2026-01-27 17:46:32,0
2026-01-27 17:46:33,0
2026-01-27 17:51:44,6.20
2026-01-27 17:51:45,6.20
2026-01-27 17:51:46,6.20
2026-01-27 17:51:47,6.20
2026-01-27 17:51:48,6.20
2026-01-27 17:51:49,7.52
2026-01-27 17:51:50,7.52
2026-01-27 17:51:51,7.52
2026-01-27 17:51:52,7.52
2026-01-27 17:51:53,7.52
2026-01-27 17:51:54,8.42
2026-01-27 17:51:55,8.42
2026-01-27 17:51:56,8.42
2026-01-27 17:51:57,8.42
2026-01-27 17:51:58,8.42
2026-01-27 17:51:59,7.50
2026-01-27 17:52:00,7.50
2026-01-27 17:52:01,7.50
2026-01-27 17:52:02,7.50
2026-01-27 17:52:03,7.50
2026-01-27 17:52:04,8.23
2026-01-27 17:52:05,8.23
2026-01-27 17:52:06,8.23
2026-01-27 17:52:07,8.23
2026-01-27 17:52:08,8.23
2026-01-27 17:52:09,7.84
2026-01-27 17:52:10,7.84
2026-01-27 17:52:11,7.84
2026-01-27 17:52:12,7.84
2026-01-27 17:52:13,7.84
2026-01-27 17:52:14,7.51
2026-01-27 17:52:15,7.51
2026-01-27 17:52:16,7.51
2026-01-27 17:52:17,7.51
2026-01-27 17:52:18,7.51
2026-01-27 17:52:19,7.45
2026-01-27 17:52:20,7.45
2026-01-27 17:52:21,7.45
2026-01-27 17:52:22,7.45
2026-01-27 17:52:23,7.45
2026-01-27 17:52:24,8.09
2026-01-27 17:52:25,8.09
2026-01-27 17:52:26,8.09
2026-01-27 17:52:27,8.09
2026-01-27 17:52:28,8.09
2026-01-27 17:52:29,7.70
2026-01-27 17:52:30,7.70
2026-01-27 17:52:31,7.70
2026-01-27 17:52:32,7.70
2026-01-27 17:52:33,7.70
2026-01-27 17:52:34,8.78
2026-01-27 17:52:35,8.78
2026-01-27 17:52:36,8.78
2026-01-27 17:52:37,8.78
2026-01-27 17:52:38,8.78
2026-01-27 17:52:39,7.83
2026-01-27 17:52:40,7.83
2026-01-27 17:52:41,7.83
2026-01-27 17:52:42,7.83
2026-01-27 17:52:43,7.83
2026-01-27 17:52:44,8.13
2026-01-27 17:52:45,8.13
2026-01-27 17:52:46,8.13
2026-01-27 17:52:47,8.13
2026-01-27 17:52:48,8.13
2026-01-27 17:52:49,7.44
2026-01-27 17:52:50,7.44
2026-01-27 17:52:51,7.44
2026-01-27 17:52:52,7.44
2026-01-27 17:52:53,7.44
2026-01-27 17:52:54,8.12
2026-01-27 17:52:55,8.12
2026-01-27 17:52:56,8.12
2026-01-27 17:52:57,8.12
2026-01-27 17:52:58,8.12
2026-01-27 17:52:59,0
2026-01-27 17:53:00,0
2026-01-27 17:53:01,0
2026-01-27 17:53:02,0
2026-01-27 17:53:03,0
2026-01-27 17:53:04,0
2026-01-27 17:53:05,0
2026-01-27 17:53:06,0
2026-01-27 17:53:07,0
2026-01-27 17:53:08,0
2026-01-27 17:53:09,0
2026-01-27 17:53:10,0
2026-01-27 17:53:11,0
2026-01-27 17:53:12,0
2026-01-27 17:53:13,0
2026-01-27 17:53:14,0
2026-01-27 17:53:15,0
2026-01-27 17:53:16,0
2026-01-27 17:53:17,0
2026-01-27 17:53:18,0
2026-01-27 17:53:19,0
2026-01-27 17:53:20,0
2026-01-27 17:53:21,0
2026-01-27 17:53:22,0
2026-01-27 17:53:23,0
2026-01-27 17:53:24,0
2026-01-27 17:53:25,0
2026-01-27 17:53:26,0
2026-01-27 17:53:27,0
2026-01-27 17:53:28,0
2026-01-27 17:53:29,0
2026-01-27 17:53:30,0
2026-01-27 17:53:31,0
2026-01-27 17:53:32,0
2026-01-27 17:53:33,0
2026-01-27 17:53:34,0
2026-01-27 17:53:35,0
2026-01-27 17:53:36,0
2026-01-27 17:53:37,0
2026-01-27 17:53:38,0
2026-01-27 17:53:39,0
2026-01-27 17:53:40,0
2026-01-27 17:53:41,0
2026-01-27 17:53:42,0
2026-01-27 17:53:43,0
2026-01-27 17:53:44,0
2026-01-27 17:53:45,0
2026-01-27 17:53:46,0
2026-01-27 17:53:47,0
2026-01-27 17:53:48,0
2026-01-27 17:53:49,0
2026-01-27 17:53:50,0
2026-01-27 17:53:51,0
2026-01-27 17:53:52,0
2026-01-27 17:53:53,0
2026-01-27 17:53:54,0
2026-01-27 17:53:55,0
2026-01-27 17:53:56,0
2026-01-27 17:53:57,0
2026-01-27 17:53:58,0
2026-01-27 17:53:59,0
2026-01-27 17:54:00,0
2026-01-27 17:54:01,0
2026-01-27 17:54:02,0
2026-01-27 17:54:03,0
2026-01-27 17:54:04,0
2026-01-27 17:54:05,0
2026-01-27 17:54:06,0
2026-01-27 17:54:07,0
2026-01-27 17:54:08,0
2026-01-27 17:54:09,0
2026-01-27 17:54:10,0
2026-01-27 17:54:11,0
2026-01-27 17:54:12,0
2026-01-27 17:54:13,0
2026-01-27 17:54:14,0
2026-01-27 17:54:15,0
2026-01-27 17:54:16,0
2026-01-27 17:54:17,0
2026-01-27 17:54:18,0
2026-01-27 17:54:19,0
2026-01-27 17:54:20,0
2026-01-27 17:54:21,0
2026-01-27 17:54:22,0
2026-01-27 17:54:23,0
2026-01-27 17:54:24,0
2026-01-27 17:54:25,0
2026-01-27 17:54:26,0
2026-01-27 17:54:27,0
2026-01-27 17:54:28,0
2026-01-27 17:54:29,0
2026-01-27 17:54:30,0
2026-01-27 17:54:31,0
2026-01-27 17:54:32,0
2026-01-27 17:54:33,0
2026-01-27 17:59:34,1.73
2026-01-27 17:59:35,1.73
2026-01-27 17:59:36,1.73
2026-01-27 17:59:37,1.73
2026-01-27 17:59:38,1.73
2026-01-27 17:59:39,3.95
2026-01-27 17:59:40,3.95
2026-01-27 17:59:41,3.95
2026-01-27 17:59:42,3.95
2026-01-27 17:59:43,3.95
2026-01-27 17:59:44,6.41
2026-01-27 17:59:45,6.41
2026-01-27 17:59:46,6.41
2026-01-27 17:59:47,6.41
2026-01-27 17:59:48,6.41
2026-01-27 17:59:49,7.25
2026-01-27 17:59:50,7.25
2026-01-27 17:59:51,7.25
2026-01-27 17:59:52,7.25
2026-01-27 17:59:53,7.25
2026-01-27 17:59:54,4.22
2026-01-27 17:59:55,4.22
2026-01-27 17:59:56,4.22
2026-01-27 17:59:57,4.22
2026-01-27 17:59:58,4.22
2026-01-27 17:59:59,4.85
2026-01-27 18:00:00,4.85
2026-01-27 18:00:01,4.85
2026-01-27 18:00:02,4.85
2026-01-27 18:00:03,4.85
2026-01-27 18:00:04,6.33
2026-01-27 18:00:05,6.33
2026-01-27 18:00:06,6.33
2026-01-27 18:00:07,6.33
2026-01-27 18:00:08,6.33
2026-01-27 18:00:09,5.20
2026-01-27 18:00:10,5.20
2026-01-27 18:00:11,5.20
2026-01-27 18:00:12,5.20
2026-01-27 18:00:13,5.20
2026-01-27 18:00:14,6.25
2026-01-27 18:00:15,6.25
2026-01-27 18:00:16,6.25
2026-01-27 18:00:17,6.25
2026-01-27 18:00:18,6.25
2026-01-27 18:00:19,5.08
2026-01-27 18:00:20,5.08
2026-01-27 18:00:21,5.08
2026-01-27 18:00:22,5.08
2026-01-27 18:00:23,5.08
2026-01-27 18:00:24,5.93
2026-01-27 18:00:25,5.93
2026-01-27 18:00:26,5.93
2026-01-27 18:00:27,5.93
2026-01-27 18:00:28,5.93
2026-01-27 18:00:29,5.12
2026-01-27 18:00:30,5.12
2026-01-27 18:00:31,5.12
2026-01-27 18:00:32,5.12
2026-01-27 18:00:33,5.12
2026-01-27 18:00:34,6.24
2026-01-27 18:00:35,6.24
2026-01-27 18:00:36,6.24
2026-01-27 18:00:37,6.24
2026-01-27 18:00:38,6.24
2026-01-27 18:00:39,5.29
2026-01-27 18:00:40,5.29
2026-01-27 18:00:41,5.29
2026-01-27 18:00:42,5.29
2026-01-27 18:00:43,5.29
2026-01-27 18:00:44,5.82
2026-01-27 18:00:45,5.82
2026-01-27 18:00:46,5.82
2026-01-27 18:00:47,5.82
2026-01-27 18:00:48,5.82
2026-01-27 18:00:49,5.22
2026-01-27 18:00:50,5.22
2026-01-27 18:00:51,5.22
2026-01-27 18:00:52,5.22
2026-01-27 18:00:53,5.22
2026-01-27 18:00:54,0
2026-01-27 18:00:55,0
2026-01-27 18:00:56,0
2026-01-27 18:00:57,0
2026-01-27 18:00:58,0
2026-01-27 18:00:59,0
2026-01-27 18:01:00,0
2026-01-27 18:01:01,0
2026-01-27 18:01:02,0
2026-01-27 18:01:03,0
2026-01-27 18:01:04,0
2026-01-27 18:01:05,0
2026-01-27 18:01:06,0
2026-01-27 18:01:07,0
2026-01-27 18:01:08,0
2026-01-27 18:01:09,0
2026-01-27 18:01:10,0
2026-01-27 18:01:11,0
2026-01-27 18:01:12,0
2026-01-27 18:01:13,0
2026-01-27 18:01:14,0
2026-01-27 18:01:15,0
2026-01-27 18:01:16,0
2026-01-27 18:01:17,0
2026-01-27 18:01:18,0
2026-01-27 18:01:19,0
2026-01-27 18:01:20,0
2026-01-27 18:01:21,0
2026-01-27 18:01:22,0
2026-01-27 18:01:23,0
2026-01-27 18:01:24,0
2026-01-27 18:01:25,0
2026-01-27 18:01:26,0
2026-01-27 18:01:27,0
2026-01-27 18:01:28,0
2026-01-27 18:01:29,0
2026-01-27 18:01:30,0
2026-01-27 18:01:31,0
2026-01-27 18:01:32,0
2026-01-27 18:01:33,0
2026-01-27 18:01:34,0
2026-01-27 18:01:35,0
2026-01-27 18:01:36,0
2026-01-27 18:01:37,0
2026-01-27 18:01:38,0
2026-01-27 18:01:39,0
2026-01-27 18:01:40,0
2026-01-27 18:01:41,0
2026-01-27 18:01:42,0
2026-01-27 18:01:43,0
2026-01-27 18:01:44,0
2026-01-27 18:01:45,0
2026-01-27 18:01:46,0
2026-01-27 18:01:47,0
2026-01-27 18:01:48,0
2026-01-27 18:01:49,0
2026-01-27 18:01:50,0
2026-01-27 18:01:51,0
2026-01-27 18:01:52,0
2026-01-27 18:01:53,0
2026-01-27 18:01:54,0
2026-01-27 18:01:55,0
2026-01-27 18:01:56,0
2026-01-27 18:01:57,0
2026-01-27 18:01:58,0
2026-01-27 18:01:59,0
2026-01-27 18:02:00,0
2026-01-27 18:02:01,0
2026-01-27 18:02:02,0
2026-01-27 18:02:03,0
2026-01-27 18:02:04,0
2026-01-27 18:02:05,0
2026-01-27 18:02:06,0
2026-01-27 18:02:07,0
2026-01-27 18:02:08,0
2026-01-27 18:02:09,0
2026-01-27 18:02:10,0
2026-01-27 18:02:11,0
2026-01-27 18:02:12,0
2026-01-27 18:02:13,0
2026-01-27 18:02:14,0
2026-01-27 18:02:15,0
2026-01-27 18:02:16,0
2026-01-27 18:02:17,0
2026-01-27 18:02:18,0
2026-01-27 18:02:19,0
2026-01-27 18:02:20,0
2026-01-27 18:02:21,0
2026-01-27 18:02:22,0
2026-01-27 18:02:23,0
2026-01-27 18:02:24,0
2026-01-27 18:02:25,0
2026-01-27 18:02:26,0
2026-01-27 18:02:27,0
2026-01-27 18:02:28,0
2026-01-27 18:07:29,3.23
2026-01-27 18:07:30,3.23
2026-01-27 18:07:31,3.23
2026-01-27 18:07:32,3.23
2026-01-27 18:07:33,3.23
2026-01-27 18:07:34,9.52
2026-01-27 18:07:35,9.52
2026-01-27 18:07:36,9.52
2026-01-27 18:07:37,9.52
2026-01-27 18:07:38,9.52
2026-01-27 18:07:39,9.72
2026-01-27 18:07:40,9.72
2026-01-27 18:07:41,9.72
2026-01-27 18:07:42,9.72
2026-01-27 18:07:43,9.72
2026-01-27 18:07:44,10.9
2026-01-27 18:07:45,10.9
2026-01-27 18:07:46,10.9
2026-01-27 18:07:47,10.9
2026-01-27 18:07:48,10.9
2026-01-27 18:07:49,8.84
2026-01-27 18:07:50,8.84
2026-01-27 18:07:51,8.84
2026-01-27 18:07:52,8.84
2026-01-27 18:07:53,8.84
2026-01-27 18:07:54,9.49
2026-01-27 18:07:55,9.49
2026-01-27 18:07:56,9.49
2026-01-27 18:07:57,9.49
2026-01-27 18:07:58,9.49
2026-01-27 18:07:59,8.37
2026-01-27 18:08:00,8.37
2026-01-27 18:08:01,8.37
2026-01-27 18:08:02,8.37
2026-01-27 18:08:03,8.37
2026-01-27 18:08:04,9.01
2026-01-27 18:08:05,9.01
2026-01-27 18:08:06,9.01
2026-01-27 18:08:07,9.01
2026-01-27 18:08:08,9.01
2026-01-27 18:08:09,10.3
2026-01-27 18:08:10,10.3
2026-01-27 18:08:11,10.3
2026-01-27 18:08:12,10.3
2026-01-27 18:08:13,10.3
2026-01-27 18:08:14,7.36
2026-01-27 18:08:15,7.36
2026-01-27 18:08:16,7.36
2026-01-27 18:08:17,7.36
2026-01-27 18:08:18,7.36
2026-01-27 18:08:19,7.30
2026-01-27 18:08:20,7.30
2026-01-27 18:08:21,7.30
2026-01-27 18:08:22,7.30
2026-01-27 18:08:23,7.30
2026-01-27 18:08:24,7.91
2026-01-27 18:08:25,7.91
2026-01-27 18:08:26,7.91
2026-01-27 18:08:27,7.91
2026-01-27 18:08:28,7.91
2026-01-27 18:08:29,7.02
2026-01-27 18:08:30,7.02
2026-01-27 18:08:31,7.02
2026-01-27 18:08:32,7.02
2026-01-27 18:08:33,7.02
2026-01-27 18:08:34,9.92
2026-01-27 18:08:35,9.92
2026-01-27 18:08:36,9.92
2026-01-27 18:08:37,9.92
2026-01-27 18:08:38,9.92
2026-01-27 18:08:39,8.83
2026-01-27 18:08:40,8.83
2026-01-27 18:08:41,8.83
2026-01-27 18:08:42,8.83
2026-01-27 18:08:43,8.83
2026-01-27 18:08:44,10.3
2026-01-27 18:08:45,10.3
2026-01-27 18:08:46,10.3
2026-01-27 18:08:47,10.3
2026-01-27 18:08:48,10.3
2026-01-27 18:08:49,0
2026-01-27 18:08:50,0
2026-01-27 18:08:51,0
2026-01-27 18:08:52,0
2026-01-27 18:08:53,0
2026-01-27 18:08:54,0
2026-01-27 18:08:55,0
2026-01-27 18:08:56,0
2026-01-27 18:08:57,0
2026-01-27 18:08:58,0
2026-01-27 18:08:59,0
2026-01-27 18:09:00,0
2026-01-27 18:09:01,0
2026-01-27 18:09:02,0
2026-01-27 18:09:03,0
2026-01-27 18:09:04,0
2026-01-27 18:09:05,0
2026-01-27 18:09:06,0
2026-01-27 18:09:07,0
2026-01-27 18:09:08,0
2026-01-27 18:09:09,0
2026-01-27 18:09:10,0
2026-01-27 18:09:11,0
2026-01-27 18:09:12,0
2026-01-27 18:09:13,0
2026-01-27 18:09:14,0
2026-01-27 18:09:15,0
2026-01-27 18:09:16,0
2026-01-27 18:09:17,0
2026-01-27 18:09:18,0
2026-01-27 18:09:19,0
2026-01-27 18:09:20,0
2026-01-27 18:09:21,0
2026-01-27 18:09:22,0
2026-01-27 18:09:23,0
2026-01-27 18:09:24,0
2026-01-27 18:09:25,0
2026-01-27 18:09:26,0
2026-01-27 18:09:27,0
2026-01-27 18:09:28,0
2026-01-27 18:09:29,0
2026-01-27 18:09:30,0
2026-01-27 18:09:31,0
2026-01-27 18:09:32,0
2026-01-27 18:09:33,0
2026-01-27 18:09:34,0
2026-01-27 18:09:35,0
2026-01-27 18:09:36,0
2026-01-27 18:09:37,0
2026-01-27 18:09:38,0
2026-01-27 18:09:39,0
2026-01-27 18:09:40,0
2026-01-27 18:09:41,0
2026-01-27 18:09:42,0
2026-01-27 18:09:43,0
2026-01-27 18:09:44,0
2026-01-27 18:09:45,0
2026-01-27 18:09:46,0
2026-01-27 18:09:47,0
2026-01-27 18:09:48,0
2026-01-27 18:09:49,0
2026-01-27 18:09:50,0
2026-01-27 18:09:51,0
2026-01-27 18:09:52,0
2026-01-27 18:09:53,0
2026-01-27 18:09:54,0
2026-01-27 18:09:55,0
2026-01-27 18:09:56,0
2026-01-27 18:09:57,0
2026-01-27 18:09:58,0
2026-01-27 18:09:59,0
2026-01-27 18:10:00,0
2026-01-27 18:10:01,0
2026-01-27 18:10:02,0
2026-01-27 18:10:03,0
2026-01-27 18:10:04,0
2026-01-27 18:10:05,0
2026-01-27 18:10:06,0
2026-01-27 18:10:07,0
2026-01-27 18:10:08,0
2026-01-27 18:10:09,0
2026-01-27 18:10:10,0
2026-01-27 18:10:11,0
2026-01-27 18:10:12,0
2026-01-27 18:10:13,0
2026-01-27 18:10:14,0
2026-01-27 18:10:15,0
2026-01-27 18:10:16,0
2026-01-27 18:10:17,0
2026-01-27 18:10:18,0
2026-01-27 18:10:19,0
2026-01-27 18:10:20,0
2026-01-27 18:10:21,0
2026-01-27 18:10:22,0
2026-01-27 18:10:23,0
2026-01-27 18:15:19,1.58
2026-01-27 18:15:20,1.58
2026-01-27 18:15:21,1.58
2026-01-27 18:15:22,1.58
2026-01-27 18:15:23,1.58
2026-01-27 18:15:24,8.79
2026-01-27 18:15:25,8.79
2026-01-27 18:15:26,8.79
2026-01-27 18:15:27,8.79
2026-01-27 18:15:28,8.79
2026-01-27 18:15:29,9.49
2026-01-27 18:15:30,9.49
2026-01-27 18:15:31,9.49
2026-01-27 18:15:32,9.49
2026-01-27 18:15:33,9.49
2026-01-27 18:15:34,11.4
2026-01-27 18:15:35,11.4
2026-01-27 18:15:36,11.4
2026-01-27 18:15:37,11.4
2026-01-27 18:15:38,11.4
2026-01-27 18:15:39,9.66
2026-01-27 18:15:40,9.66
2026-01-27 18:15:41,9.66
2026-01-27 18:15:42,9.66
2026-01-27 18:15:43,9.66
2026-01-27 18:15:44,8.97
2026-01-27 18:15:45,8.97
2026-01-27 18:15:46,8.97
2026-01-27 18:15:47,8.97
2026-01-27 18:15:48,8.97
2026-01-27 18:15:49,8.42
2026-01-27 18:15:50,8.42
2026-01-27 18:15:51,8.42
2026-01-27 18:15:52,8.42
2026-01-27 18:15:53,8.42
2026-01-27 18:15:54,9.19
2026-01-27 18:15:55,9.19
2026-01-27 18:15:56,9.19
2026-01-27 18:15:57,9.19
2026-01-27 18:15:58,9.19
2026-01-27 18:15:59,8.55
2026-01-27 18:16:00,8.55
2026-01-27 18:16:01,8.55
2026-01-27 18:16:02,8.55
2026-01-27 18:16:03,8.55
2026-01-27 18:16:04,9.42
2026-01-27 18:16:05,9.42
2026-01-27 18:16:06,9.42
2026-01-27 18:16:07,9.42
2026-01-27 18:16:08,9.42
2026-01-27 18:16:09,8.45
2026-01-27 18:16:10,8.45
2026-01-27 18:16:11,8.45
2026-01-27 18:16:12,8.45
2026-01-27 18:16:13,8.45
2026-01-27 18:16:14,9.70
2026-01-27 18:16:15,9.70
2026-01-27 18:16:16,9.70
2026-01-27 18:16:17,9.70
2026-01-27 18:16:18,9.70
2026-01-27 18:16:19,8.27
2026-01-27 18:16:20,8.27
2026-01-27 18:16:21,8.27
2026-01-27 18:16:22,8.27
2026-01-27 18:16:23,8.27
2026-01-27 18:16:24,8.12
2026-01-27 18:16:25,8.12
2026-01-27 18:16:26,8.12
2026-01-27 18:16:27,8.12
2026-01-27 18:16:28,8.12
2026-01-27 18:16:29,7.86
2026-01-27 18:16:30,7.86
2026-01-27 18:16:31,7.86
2026-01-27 18:16:32,7.86
2026-01-27 18:16:33,7.86
2026-01-27 18:16:34,9.01
2026-01-27 18:16:35,9.01
2026-01-27 18:16:36,9.01
2026-01-27 18:16:37,9.01
2026-01-27 18:16:38,9.01
2026-01-27 18:16:39,8.14
2026-01-27 18:16:40,8.14
2026-01-27 18:16:41,8.14
2026-01-27 18:16:42,8.14
2026-01-27 18:16:43,8.14
2026-01-27 18:16:44,0
2026-01-27 18:16:45,0
2026-01-27 18:16:46,0
2026-01-27 18:16:47,0
2026-01-27 18:16:48,0
2026-01-27 18:16:49,0
2026-01-27 18:16:50,0
2026-01-27 18:16:51,0
2026-01-27 18:16:52,0
2026-01-27 18:16:53,0
2026-01-27 18:16:54,0
2026-01-27 18:16:55,0
2026-01-27 18:16:56,0
2026-01-27 18:16:57,0
2026-01-27 18:16:58,0
2026-01-27 18:16:59,0
2026-01-27 18:17:00,0
2026-01-27 18:17:01,0
2026-01-27 18:17:02,0
2026-01-27 18:17:03,0
2026-01-27 18:17:04,0
2026-01-27 18:17:05,0
2026-01-27 18:17:06,0
2026-01-27 18:17:07,0
2026-01-27 18:17:08,0
2026-01-27 18:17:09,0
2026-01-27 18:17:10,0
2026-01-27 18:17:11,0
2026-01-27 18:17:12,0
2026-01-27 18:17:13,0
2026-01-27 18:17:14,0
2026-01-27 18:17:15,0
2026-01-27 18:17:16,0
2026-01-27 18:17:17,0
2026-01-27 18:17:18,0
2026-01-27 18:17:19,0
2026-01-27 18:17:20,0
2026-01-27 18:17:21,0
2026-01-27 18:17:22,0
2026-01-27 18:17:23,0
2026-01-27 18:17:24,0
2026-01-27 18:17:25,0
2026-01-27 18:17:26,0
2026-01-27 18:17:27,0
2026-01-27 18:17:28,0
2026-01-27 18:17:29,0
2026-01-27 18:17:30,0
2026-01-27 18:17:31,0
2026-01-27 18:17:32,0
2026-01-27 18:17:33,0
2026-01-27 18:17:34,0
2026-01-27 18:17:35,0
2026-01-27 18:17:36,0
2026-01-27 18:17:37,0
2026-01-27 18:17:38,0
2026-01-27 18:17:39,0
2026-01-27 18:17:40,0
2026-01-27 18:17:41,0
2026-01-27 18:17:42,0
2026-01-27 18:17:43,0
2026-01-27 18:17:44,0
2026-01-27 18:17:45,0
2026-01-27 18:17:46,0
2026-01-27 18:17:47,0
2026-01-27 18:17:48,0
2026-01-27 18:17:49,0
2026-01-27 18:17:50,0
2026-01-27 18:17:51,0
2026-01-27 18:17:52,0
2026-01-27 18:17:53,0
2026-01-27 18:17:54,0
2026-01-27 18:17:55,0
2026-01-27 18:17:56,0
2026-01-27 18:17:57,0
2026-01-27 18:17:58,0
2026-01-27 18:17:59,0
2026-01-27 18:18:00,0
2026-01-27 18:18:01,0
2026-01-27 18:18:02,0
2026-01-27 18:18:03,0
2026-01-27 18:18:04,0
2026-01-27 18:18:05,0
2026-01-27 18:18:06,0
2026-01-27 18:18:07,0
2026-01-27 18:18:08,0
2026-01-27 18:18:09,0
2026-01-27 18:18:10,0
2026-01-27 18:18:11,0
2026-01-27 18:18:12,0
2026-01-27 18:18:13,0
2026-01-27 18:23:19,1.69
2026-01-27 18:23:20,1.69
2026-01-27 18:23:21,1.69
2026-01-27 18:23:22,1.69
2026-01-27 18:23:23,1.69
2026-01-27 18:23:24,9.13
2026-01-27 18:23:25,9.13
2026-01-27 18:23:26,9.13
2026-01-27 18:23:27,9.13
2026-01-27 18:23:28,9.13
2026-01-27 18:23:29,9.80
2026-01-27 18:23:30,9.80
2026-01-27 18:23:31,9.80
2026-01-27 18:23:32,9.80
2026-01-27 18:23:33,9.80
2026-01-27 18:23:34,10.4
2026-01-27 18:23:35,10.4
2026-01-27 18:23:36,10.4
2026-01-27 18:23:37,10.4
2026-01-27 18:23:38,10.4
2026-01-27 18:23:39,11.9
2026-01-27 18:23:40,11.9
2026-01-27 18:23:41,11.9
2026-01-27 18:23:42,11.9
2026-01-27 18:23:43,11.9
2026-01-27 18:23:44,14.4
2026-01-27 18:23:45,14.4
2026-01-27 18:23:46,14.4
2026-01-27 18:23:47,14.4
2026-01-27 18:23:48,14.4
2026-01-27 18:23:49,11.8
2026-01-27 18:23:50,11.8
2026-01-27 18:23:51,11.8
2026-01-27 18:23:52,11.8
2026-01-27 18:23:53,11.8
2026-01-27 18:23:54,11.1
2026-01-27 18:23:55,11.1
2026-01-27 18:23:56,11.1
2026-01-27 18:23:57,11.1
2026-01-27 18:23:58,11.1
2026-01-27 18:23:59,10.1
2026-01-27 18:24:00,10.1
2026-01-27 18:24:01,10.1
2026-01-27 18:24:02,10.1
2026-01-27 18:24:03,10.1
2026-01-27 18:24:04,13.1
2026-01-27 18:24:05,13.1
2026-01-27 18:24:06,13.1
2026-01-27 18:24:07,13.1
2026-01-27 18:24:08,13.1
2026-01-27 18:24:09,13.6
2026-01-27 18:24:10,13.6
2026-01-27 18:24:11,13.6
2026-01-27 18:24:12,13.6
2026-01-27 18:24:13,13.6
2026-01-27 18:24:14,10.5
2026-01-27 18:24:15,10.5
2026-01-27 18:24:16,10.5
2026-01-27 18:24:17,10.5
2026-01-27 18:24:18,10.5
2026-01-27 18:24:19,11.0
2026-01-27 18:24:20,11.0
2026-01-27 18:24:21,11.0
2026-01-27 18:24:22,11.0
2026-01-27 18:24:23,11.0
2026-01-27 18:24:24,11.5
2026-01-27 18:24:25,11.5
2026-01-27 18:24:26,11.5
2026-01-27 18:24:27,11.5
2026-01-27 18:24:28,11.5
2026-01-27 18:24:29,11.2
2026-01-27 18:24:30,11.2
2026-01-27 18:24:31,11.2
2026-01-27 18:24:32,11.2
2026-01-27 18:24:33,11.2
2026-01-27 18:24:34,12.0
2026-01-27 18:24:35,12.0
2026-01-27 18:24:36,12.0
2026-01-27 18:24:37,12.0
2026-01-27 18:24:38,12.0
2026-01-27 18:24:39,12.7
2026-01-27 18:24:40,12.7
2026-01-27 18:24:41,12.7
2026-01-27 18:24:42,12.7
2026-01-27 18:24:43,12.7
2026-01-27 18:24:44,12.0
2026-01-27 18:24:45,12.0
2026-01-27 18:24:46,12.0
2026-01-27 18:24:47,12.0
2026-01-27 18:24:48,12.0
2026-01-27 18:24:49,9.46
2026-01-27 18:24:50,9.46
2026-01-27 18:24:51,9.46
2026-01-27 18:24:52,9.46
2026-01-27 18:24:53,9.46
2026-01-27 18:24:54,0
2026-01-27 18:24:55,0
2026-01-27 18:24:56,0
2026-01-27 18:24:57,0
2026-01-27 18:24:58,0
2026-01-27 18:24:59,0
2026-01-27 18:25:00,0
2026-01-27 18:25:01,0
2026-01-27 18:25:02,0
2026-01-27 18:25:03,0
2026-01-27 18:25:04,0
2026-01-27 18:25:05,0
2026-01-27 18:25:06,0
2026-01-27 18:25:07,0
2026-01-27 18:25:08,0
2026-01-27 18:25:09,0
2026-01-27 18:25:10,0
2026-01-27 18:25:11,0
2026-01-27 18:25:12,0
2026-01-27 18:25:13,0
2026-01-27 18:25:14,0
2026-01-27 18:25:15,0
2026-01-27 18:25:16,0
2026-01-27 18:25:17,0
2026-01-27 18:25:18,0
2026-01-27 18:25:19,0
2026-01-27 18:25:20,0
2026-01-27 18:25:21,0
2026-01-27 18:25:22,0
2026-01-27 18:25:23,0
2026-01-27 18:25:24,0