"Time","ue-ch-est"
2026-01-27 15:24:14,0
2026-01-27 15:24:15,0
2026-01-27 15:24:16,0
2026-01-27 15:24:17,0
2026-01-27 15:24:18,0
2026-01-27 15:24:19,0
2026-01-27 15:24:20,0
2026-01-27 15:24:21,0
2026-01-27 15:24:22,0
2026-01-27 15:24:23,0
2026-01-27 15:24:24,0
2026-01-27 15:24:25,0
2026-01-27 15:24:26,0
2026-01-27 15:24:27,0
2026-01-27 15:24:28,0
2026-01-27 15:24:29,0
2026-01-27 15:24:30,0
2026-01-27 15:24:31,0
2026-01-27 15:24:32,0
2026-01-27 15:24:33,0
2026-01-27 15:24:34,0
2026-01-27 15:24:35,0
2026-01-27 15:24:36,0
2026-01-27 15:24:37,0
2026-01-27 15:24:38,0
2026-01-27 15:24:39,0
2026-01-27 15:24:40,0
2026-01-27 15:24:41,0
2026-01-27 15:24:42,0
2026-01-27 15:24:43,0
2026-01-27 15:24:44,0
2026-01-27 15:24:45,0
2026-01-27 15:24:46,0
2026-01-27 15:24:47,0
2026-01-27 15:24:48,0
2026-01-27 15:24:49,0
2026-01-27 15:24:50,0
2026-01-27 15:24:51,0
2026-01-27 15:24:52,0
2026-01-27 15:24:53,0
2026-01-27 15:24:54,0
2026-01-27 15:24:55,0
2026-01-27 15:24:56,0
2026-01-27 15:24:57,0
2026-01-27 15:24:58,0
2026-01-27 15:24:59,0
2026-01-27 15:25:00,0
2026-01-27 15:25:01,0
2026-01-27 15:25:02,0
2026-01-27 15:25:03,0
2026-01-27 15:25:04,0
2026-01-27 15:25:05,0
2026-01-27 15:25:06,0
2026-01-27 15:25:07,0
2026-01-27 15:25:08,0
2026-01-27 15:25:09,0
2026-01-27 15:25:10,0
2026-01-27 15:25:11,0
2026-01-27 15:25:12,0
2026-01-27 15:25:13,0
2026-01-27 15:25:14,0
2026-01-27 15:25:15,0
2026-01-27 15:25:16,0
2026-01-27 15:25:17,0
2026-01-27 15:25:18,0
2026-01-27 15:25:19,0
2026-01-27 15:25:20,0
2026-01-27 15:25:21,0
2026-01-27 15:25:22,0
2026-01-27 15:25:23,0
2026-01-27 15:25:24,0
2026-01-27 15:25:25,0
2026-01-27 15:25:26,0
2026-01-27 15:25:27,0
2026-01-27 15:25:28,0
2026-01-27 15:25:29,0
2026-01-27 15:25:30,0
2026-01-27 15:25:31,0
2026-01-27 15:25:32,0
2026-01-27 15:25:33,0
2026-01-27 15:25:34,7.52
2026-01-27 15:25:35,7.52
2026-01-27 15:25:36,7.52
2026-01-27 15:25:37,7.52
2026-01-27 15:25:38,7.52
2026-01-27 15:25:39,8.72
2026-01-27 15:25:40,8.72
2026-01-27 15:25:41,8.72
2026-01-27 15:25:42,8.72
2026-01-27 15:25:43,8.72
2026-01-27 15:25:44,9.96
2026-01-27 15:25:45,9.96
2026-01-27 15:25:46,9.96
2026-01-27 15:25:47,9.96
2026-01-27 15:25:48,9.96
2026-01-27 15:25:49,9.59
2026-01-27 15:25:50,9.59
2026-01-27 15:25:51,9.59
2026-01-27 15:25:52,9.59
2026-01-27 15:25:53,9.59
2026-01-27 15:25:54,9.55
2026-01-27 15:25:55,9.55
2026-01-27 15:25:56,9.55
2026-01-27 15:25:57,9.55
2026-01-27 15:25:58,9.55
2026-01-27 15:25:59,11.5
2026-01-27 15:26:00,11.5
2026-01-27 15:26:01,11.5
2026-01-27 15:26:02,11.5
2026-01-27 15:26:03,11.5
2026-01-27 15:26:04,10.6
2026-01-27 15:26:05,10.6
2026-01-27 15:26:06,10.6
2026-01-27 15:26:07,10.6
2026-01-27 15:26:08,10.6
2026-01-27 15:26:09,9.83
2026-01-27 15:26:10,9.83
2026-01-27 15:26:11,9.83
2026-01-27 15:26:12,9.83
2026-01-27 15:26:13,9.83
2026-01-27 15:26:14,9.95
2026-01-27 15:26:15,9.95
2026-01-27 15:26:16,9.95
2026-01-27 15:26:17,9.95
2026-01-27 15:26:18,9.95
2026-01-27 15:26:19,11.3
2026-01-27 15:26:20,11.3
2026-01-27 15:26:21,11.3
2026-01-27 15:26:22,11.3
2026-01-27 15:26:23,11.3
2026-01-27 15:26:24,10.1
2026-01-27 15:26:25,10.1
2026-01-27 15:26:26,10.1
2026-01-27 15:26:27,10.1
2026-01-27 15:26:28,10.1
2026-01-27 15:26:29,8.99
2026-01-27 15:26:30,8.99
2026-01-27 15:26:31,8.99
2026-01-27 15:26:32,8.99
2026-01-27 15:26:33,8.99
2026-01-27 15:26:34,8.82
2026-01-27 15:26:35,8.82
2026-01-27 15:26:36,8.82
2026-01-27 15:26:37,8.82
2026-01-27 15:26:38,8.82
2026-01-27 15:26:39,8.38
2026-01-27 15:26:40,8.38
2026-01-27 15:26:41,8.38
2026-01-27 15:26:42,8.38
2026-01-27 15:26:43,8.38
2026-01-27 15:26:44,9.38
2026-01-27 15:26:45,9.38
2026-01-27 15:26:46,9.38
2026-01-27 15:26:47,9.38
2026-01-27 15:26:48,9.38
2026-01-27 15:26:49,9.65
2026-01-27 15:26:50,9.65
2026-01-27 15:26:51,9.65
2026-01-27 15:26:52,9.65
2026-01-27 15:26:53,9.65
2026-01-27 15:26:54,9.77
2026-01-27 15:26:55,9.77
2026-01-27 15:26:56,9.77
2026-01-27 15:26:57,9.77
2026-01-27 15:26:58,9.77
2026-01-27 15:26:59,9.62
2026-01-27 15:27:00,9.62
2026-01-27 15:27:01,9.62
2026-01-27 15:27:02,9.62
2026-01-27 15:27:03,9.62
2026-01-27 15:27:04,9.72
2026-01-27 15:27:05,9.72
2026-01-27 15:27:06,9.72
2026-01-27 15:27:07,9.72
2026-01-27 15:27:08,9.72
2026-01-27 15:27:09,9.67
2026-01-27 15:27:10,9.67
2026-01-27 15:27:11,9.67
2026-01-27 15:27:12,9.67
2026-01-27 15:27:13,9.67
2026-01-27 15:27:14,11.5
2026-01-27 15:27:15,11.5
2026-01-27 15:27:16,11.5
2026-01-27 15:27:17,11.5
2026-01-27 15:27:18,11.5
2026-01-27 15:27:19,10.0
2026-01-27 15:27:20,10.0
2026-01-27 15:27:21,10.0
2026-01-27 15:27:22,10.0
2026-01-27 15:27:23,10.0
2026-01-27 15:27:24,9.67
2026-01-27 15:27:25,9.67
2026-01-27 15:27:26,9.67
2026-01-27 15:27:27,9.67
2026-01-27 15:27:28,9.67
2026-01-27 15:27:29,13.0
2026-01-27 15:27:30,13.0
2026-01-27 15:27:31,13.0
2026-01-27 15:27:32,13.0
2026-01-27 15:27:33,13.0
2026-01-27 15:27:34,11.7
2026-01-27 15:27:35,11.7
2026-01-27 15:27:36,11.7
2026-01-27 15:27:37,11.7
2026-01-27 15:27:38,11.7
2026-01-27 15:27:39,10.4
2026-01-27 15:27:40,10.4
2026-01-27 15:27:41,10.4
2026-01-27 15:27:42,10.4
2026-01-27 15:27:43,10.4
2026-01-27 15:27:44,9.76
2026-01-27 15:27:45,9.76
2026-01-27 15:27:46,9.76
2026-01-27 15:27:47,9.76
2026-01-27 15:27:48,9.76
2026-01-27 15:27:49,9.31
2026-01-27 15:27:50,9.31
2026-01-27 15:27:51,9.31
2026-01-27 15:27:52,9.31
2026-01-27 15:27:53,9.31
2026-01-27 15:27:54,10.1
2026-01-27 15:27:55,10.1
2026-01-27 15:27:56,10.1
2026-01-27 15:27:57,10.1
2026-01-27 15:27:58,10.1
2026-01-27 15:27:59,9.50
2026-01-27 15:28:00,9.50
2026-01-27 15:28:01,9.50
2026-01-27 15:28:02,9.50
2026-01-27 15:28:03,9.50
2026-01-27 15:28:04,10.8
2026-01-27 15:28:05,10.8
2026-01-27 15:28:06,10.8
2026-01-27 15:28:07,10.8
2026-01-27 15:28:08,10.8
2026-01-27 15:28:09,8.90
2026-01-27 15:28:10,8.90
2026-01-27 15:28:11,8.90
2026-01-27 15:28:12,8.90
2026-01-27 15:28:13,8.90
2026-01-27 15:28:14,9.83
2026-01-27 15:28:15,9.83
2026-01-27 15:28:16,9.83
2026-01-27 15:28:17,9.83
2026-01-27 15:28:18,9.83
2026-01-27 15:28:19,9.88
2026-01-27 15:28:20,9.88
2026-01-27 15:28:21,9.88
2026-01-27 15:28:22,9.88
2026-01-27 15:28:23,9.88
2026-01-27 15:28:24,11.5
2026-01-27 15:28:25,11.5
2026-01-27 15:28:26,11.5
2026-01-27 15:28:27,11.5
2026-01-27 15:28:28,11.5
2026-01-27 15:28:29,9.63
2026-01-27 15:28:30,9.63
2026-01-27 15:28:31,9.63
2026-01-27 15:28:32,9.63
2026-01-27 15:28:33,9.63
2026-01-27 15:28:34,9.17
2026-01-27 15:28:35,9.17
2026-01-27 15:28:36,9.17
2026-01-27 15:28:37,9.17
2026-01-27 15:28:38,9.17
2026-01-27 15:28:39,8.40
2026-01-27 15:28:40,8.40
2026-01-27 15:28:41,8.40
2026-01-27 15:28:42,8.40
2026-01-27 15:28:43,8.40
2026-01-27 15:28:44,9.22
2026-01-27 15:28:45,9.22
2026-01-27 15:28:46,9.22
2026-01-27 15:28:47,9.22
2026-01-27 15:28:48,9.22
2026-01-27 15:28:49,7.99
2026-01-27 15:28:50,7.99
2026-01-27 15:28:51,7.99
2026-01-27 15:28:52,7.99
2026-01-27 15:28:53,7.99
2026-01-27 15:28:54,10.4
2026-01-27 15:28:55,10.4
2026-01-27 15:28:56,10.4
2026-01-27 15:28:57,10.4
2026-01-27 15:28:58,10.4
2026-01-27 15:28:59,9.18
2026-01-27 15:29:00,9.18
2026-01-27 15:29:01,9.18
2026-01-27 15:29:02,9.18
2026-01-27 15:29:03,9.18
2026-01-27 15:29:04,11.4
2026-01-27 15:29:05,11.4
2026-01-27 15:29:06,11.4
2026-01-27 15:29:07,11.4
2026-01-27 15:29:08,11.4
2026-01-27 15:29:09,0
2026-01-27 15:29:10,0
2026-01-27 15:29:11,0
2026-01-27 15:29:12,0
2026-01-27 15:29:13,0
2026-01-27 15:29:14,0
2026-01-27 15:29:15,0
2026-01-27 15:29:16,0
2026-01-27 15:29:17,0
2026-01-27 15:29:18,0
2026-01-27 15:29:19,0
2026-01-27 15:29:20,0
2026-01-27 15:29:21,0
2026-01-27 15:29:22,0
2026-01-27 15:29:23,0
2026-01-27 15:29:24,0
2026-01-27 15:29:25,0
2026-01-27 15:29:26,0
2026-01-27 15:29:27,0
2026-01-27 15:29:28,0
2026-01-27 15:29:29,0
2026-01-27 15:29:30,0
2026-01-27 15:29:31,0
2026-01-27 15:29:32,0
2026-01-27 15:29:33,0
2026-01-27 15:29:34,0
2026-01-27 15:29:35,0
2026-01-27 15:29:36,0
2026-01-27 15:29:37,0
2026-01-27 15:29:38,0
2026-01-27 15:29:39,0
2026-01-27 15:29:40,0
2026-01-27 15:29:41,0
2026-01-27 15:29:42,0
2026-01-27 15:29:43,0
2026-01-27 15:29:44,0
2026-01-27 15:29:45,0
2026-01-27 15:29:46,0
2026-01-27 15:29:47,0
2026-01-27 15:29:48,0
2026-01-27 15:29:49,0
2026-01-27 15:29:50,0
2026-01-27 15:29:51,0
2026-01-27 15:29:52,0
2026-01-27 15:29:53,0
2026-01-27 15:29:54,0
2026-01-27 15:29:55,0
2026-01-27 15:29:56,0
2026-01-27 15:29:57,0
2026-01-27 15:29:58,0
2026-01-27 15:29:59,0
2026-01-27 15:30:00,0
2026-01-27 15:30:01,0
2026-01-27 15:30:02,0
2026-01-27 15:30:03,0
2026-01-27 15:30:04,0
2026-01-27 15:30:05,0
2026-01-27 15:30:06,0
2026-01-27 15:30:07,0
2026-01-27 15:30:08,0
2026-01-27 15:30:09,0
2026-01-27 15:30:10,0
2026-01-27 15:30:11,0
2026-01-27 15:30:12,0
2026-01-27 15:30:13,0
2026-01-27 15:30:14,0
2026-01-27 15:30:15,0
2026-01-27 15:30:16,0
2026-01-27 15:30:17,0
2026-01-27 15:30:18,0
2026-01-27 15:30:19,0
2026-01-27 15:30:20,0
2026-01-27 15:30:21,0
2026-01-27 15:30:22,0
2026-01-27 15:30:23,0
2026-01-27 15:30:24,0
2026-01-27 15:30:25,0
2026-01-27 15:30:26,0
2026-01-27 15:30:27,0
2026-01-27 15:30:28,0
2026-01-27 15:30:29,0
2026-01-27 15:30:30,0
2026-01-27 15:30:31,0
2026-01-27 15:30:32,0
2026-01-27 15:30:33,0
2026-01-27 15:30:34,0
2026-01-27 15:30:35,0
2026-01-27 15:30:36,0
2026-01-27 15:30:37,0
2026-01-27 15:30:38,0
2026-01-27 15:30:39,0
2026-01-27 15:30:40,0
2026-01-27 15:30:41,0
2026-01-27 15:30:42,0
2026-01-27 15:30:43,0
2026-01-27 15:30:54,7.71
2026-01-27 15:30:55,7.71
2026-01-27 15:30:56,7.71
2026-01-27 15:30:57,7.71
2026-01-27 15:30:58,7.71
2026-01-27 15:30:59,9.62
2026-01-27 15:31:00,9.62
2026-01-27 15:31:01,9.62
2026-01-27 15:31:02,9.62
2026-01-27 15:31:03,9.62
2026-01-27 15:31:04,11.3
2026-01-27 15:31:05,11.3
2026-01-27 15:31:06,11.3
2026-01-27 15:31:07,11.3
2026-01-27 15:31:08,11.3
2026-01-27 15:31:09,10.5
2026-01-27 15:31:10,10.5
2026-01-27 15:31:11,10.5
2026-01-27 15:31:12,10.5
2026-01-27 15:31:13,10.5
2026-01-27 15:31:14,10.0
2026-01-27 15:31:15,10.0
2026-01-27 15:31:16,10.0
2026-01-27 15:31:17,10.0
2026-01-27 15:31:18,10.0
2026-01-27 15:31:19,11.5
2026-01-27 15:31:20,11.5
2026-01-27 15:31:21,11.5
2026-01-27 15:31:22,11.5
2026-01-27 15:31:23,11.5
2026-01-27 15:31:24,11.1
2026-01-27 15:31:25,11.1
2026-01-27 15:31:26,11.1
2026-01-27 15:31:27,11.1
2026-01-27 15:31:28,11.1
2026-01-27 15:31:29,8.97
2026-01-27 15:31:30,8.97
2026-01-27 15:31:31,8.97
2026-01-27 15:31:32,8.97
2026-01-27 15:31:33,8.97
2026-01-27 15:31:34,9.74
2026-01-27 15:31:35,9.74
2026-01-27 15:31:36,9.74
2026-01-27 15:31:37,9.74
2026-01-27 15:31:38,9.74
2026-01-27 15:31:39,8.17
2026-01-27 15:31:40,8.17
2026-01-27 15:31:41,8.17
2026-01-27 15:31:42,8.17
2026-01-27 15:31:43,8.17
2026-01-27 15:31:44,9.47
2026-01-27 15:31:45,9.47
2026-01-27 15:31:46,9.47
2026-01-27 15:31:47,9.47
2026-01-27 15:31:48,9.47
2026-01-27 15:31:49,9.23
2026-01-27 15:31:50,9.23
2026-01-27 15:31:51,9.23
2026-01-27 15:31:52,9.23
2026-01-27 15:31:53,9.23
2026-01-27 15:31:54,10.8
2026-01-27 15:31:55,10.8
2026-01-27 15:31:56,10.8
2026-01-27 15:31:57,10.8
2026-01-27 15:31:58,10.8
2026-01-27 15:31:59,9.14
2026-01-27 15:32:00,9.14
2026-01-27 15:32:01,9.14
2026-01-27 15:32:02,9.14
2026-01-27 15:32:03,9.14
2026-01-27 15:32:04,9.39
2026-01-27 15:32:05,9.39
2026-01-27 15:32:06,9.39
2026-01-27 15:32:07,9.39
2026-01-27 15:32:08,9.39
2026-01-27 15:32:09,10.2
2026-01-27 15:32:10,10.2
2026-01-27 15:32:11,10.2
2026-01-27 15:32:12,10.2
2026-01-27 15:32:13,10.2
2026-01-27 15:32:14,9.73
2026-01-27 15:32:15,9.73
2026-01-27 15:32:16,9.73
2026-01-27 15:32:17,9.73
2026-01-27 15:32:18,9.73
2026-01-27 15:32:19,9.75
2026-01-27 15:32:20,9.75
2026-01-27 15:32:21,9.75
2026-01-27 15:32:22,9.75
2026-01-27 15:32:23,9.75
2026-01-27 15:32:24,10.6
2026-01-27 15:32:25,10.6
2026-01-27 15:32:26,10.6
2026-01-27 15:32:27,10.6
2026-01-27 15:32:28,10.6
2026-01-27 15:32:29,9.43
2026-01-27 15:32:30,9.43
2026-01-27 15:32:31,9.43
2026-01-27 15:32:32,9.43
2026-01-27 15:32:33,9.43
2026-01-27 15:32:34,10.2
2026-01-27 15:32:35,10.2
2026-01-27 15:32:36,10.2
2026-01-27 15:32:37,10.2
2026-01-27 15:32:38,10.2
2026-01-27 15:32:39,9.41
2026-01-27 15:32:40,9.41
2026-01-27 15:32:41,9.41
2026-01-27 15:32:42,9.41
2026-01-27 15:32:43,9.41
2026-01-27 15:32:44,10.7
2026-01-27 15:32:45,10.7
2026-01-27 15:32:46,10.7
2026-01-27 15:32:47,10.7
2026-01-27 15:32:48,10.7
2026-01-27 15:32:49,12.6
2026-01-27 15:32:50,12.6
2026-01-27 15:32:51,12.6
2026-01-27 15:32:52,12.6
2026-01-27 15:32:53,12.6
2026-01-27 15:32:54,13.8
2026-01-27 15:32:55,13.8
2026-01-27 15:32:56,13.8
2026-01-27 15:32:57,13.8
2026-01-27 15:32:58,13.8
2026-01-27 15:32:59,11.4
2026-01-27 15:33:00,11.4
2026-01-27 15:33:01,11.4
2026-01-27 15:33:02,11.4
2026-01-27 15:33:03,11.4
2026-01-27 15:33:04,10.2
2026-01-27 15:33:05,10.2
2026-01-27 15:33:06,10.2
2026-01-27 15:33:07,10.2
2026-01-27 15:33:08,10.2
2026-01-27 15:33:09,9.15
2026-01-27 15:33:10,9.15
2026-01-27 15:33:11,9.15
2026-01-27 15:33:12,9.15
2026-01-27 15:33:13,9.15
2026-01-27 15:33:14,9.51
2026-01-27 15:33:15,9.51
2026-01-27 15:33:16,9.51
2026-01-27 15:33:17,9.51
2026-01-27 15:33:18,9.51
2026-01-27 15:33:19,9.16
2026-01-27 15:33:20,9.16
2026-01-27 15:33:21,9.16
2026-01-27 15:33:22,9.16
2026-01-27 15:33:23,9.16
2026-01-27 15:33:24,10.2
2026-01-27 15:33:25,10.2
2026-01-27 15:33:26,10.2
2026-01-27 15:33:27,10.2
2026-01-27 15:33:28,10.2
2026-01-27 15:33:29,9.77
2026-01-27 15:33:30,9.77
2026-01-27 15:33:31,9.77
2026-01-27 15:33:32,9.77
2026-01-27 15:33:33,9.77
2026-01-27 15:33:34,9.96
2026-01-27 15:33:35,9.96
2026-01-27 15:33:36,9.96
2026-01-27 15:33:37,9.96
2026-01-27 15:33:38,9.96
2026-01-27 15:33:39,10.3
2026-01-27 15:33:40,10.3
2026-01-27 15:33:41,10.3
2026-01-27 15:33:42,10.3
2026-01-27 15:33:43,10.3
2026-01-27 15:33:44,9.69
2026-01-27 15:33:45,9.69
2026-01-27 15:33:46,9.69
2026-01-27 15:33:47,9.69
2026-01-27 15:33:48,9.69
2026-01-27 15:33:49,9.82
2026-01-27 15:33:50,9.82
2026-01-27 15:33:51,9.82
2026-01-27 15:33:52,9.82
2026-01-27 15:33:53,9.82
2026-01-27 15:33:54,10.7
2026-01-27 15:33:55,10.7
2026-01-27 15:33:56,10.7
2026-01-27 15:33:57,10.7
2026-01-27 15:33:58,10.7
2026-01-27 15:33:59,10.4
2026-01-27 15:34:00,10.4
2026-01-27 15:34:01,10.4
2026-01-27 15:34:02,10.4
2026-01-27 15:34:03,10.4
2026-01-27 15:34:04,11.1
2026-01-27 15:34:05,11.1
2026-01-27 15:34:06,11.1
2026-01-27 15:34:07,11.1
2026-01-27 15:34:08,11.1
2026-01-27 15:34:09,12.9
2026-01-27 15:34:10,12.9
2026-01-27 15:34:11,12.9
2026-01-27 15:34:12,12.9
2026-01-27 15:34:13,12.9
2026-01-27 15:34:14,8.63
2026-01-27 15:34:15,8.63
2026-01-27 15:34:16,8.63
2026-01-27 15:34:17,8.63
2026-01-27 15:34:18,8.63
2026-01-27 15:34:19,8.53
2026-01-27 15:34:20,8.53
2026-01-27 15:34:21,8.53
2026-01-27 15:34:22,8.53
2026-01-27 15:34:23,8.53
2026-01-27 15:34:24,9.43
2026-01-27 15:34:25,9.43
2026-01-27 15:34:26,9.43
2026-01-27 15:34:27,9.43
2026-01-27 15:34:28,9.43
2026-01-27 15:34:29,0
2026-01-27 15:34:30,0
2026-01-27 15:34:31,0
2026-01-27 15:34:32,0
2026-01-27 15:34:33,0
2026-01-27 15:34:34,0
2026-01-27 15:34:35,0
2026-01-27 15:34:36,0
2026-01-27 15:34:37,0
2026-01-27 15:34:38,0
2026-01-27 15:34:39,0
2026-01-27 15:34:40,0
2026-01-27 15:34:41,0
2026-01-27 15:34:42,0
2026-01-27 15:34:43,0
2026-01-27 15:34:44,0
2026-01-27 15:34:45,0
2026-01-27 15:34:46,0
2026-01-27 15:34:47,0
2026-01-27 15:34:48,0
2026-01-27 15:34:49,0
2026-01-27 15:34:50,0
2026-01-27 15:34:51,0
2026-01-27 15:34:52,0
2026-01-27 15:34:53,0
2026-01-27 15:34:54,0
2026-01-27 15:34:55,0
2026-01-27 15:34:56,0
2026-01-27 15:34:57,0
2026-01-27 15:34:58,0
2026-01-27 15:34:59,0
2026-01-27 15:35:00,0
2026-01-27 15:35:01,0
2026-01-27 15:35:02,0
2026-01-27 15:35:03,0
2026-01-27 15:35:04,0
2026-01-27 15:35:05,0
2026-01-27 15:35:06,0
2026-01-27 15:35:07,0
2026-01-27 15:35:08,0
2026-01-27 15:35:09,0
2026-01-27 15:35:10,0
2026-01-27 15:35:11,0
2026-01-27 15:35:12,0
2026-01-27 15:35:13,0
2026-01-27 15:35:14,0
2026-01-27 15:35:15,0
2026-01-27 15:35:16,0
2026-01-27 15:35:17,0
2026-01-27 15:35:18,0
2026-01-27 15:35:19,0
2026-01-27 15:35:20,0
2026-01-27 15:35:21,0
2026-01-27 15:35:22,0
2026-01-27 15:35:23,0
2026-01-27 15:35:24,0
2026-01-27 15:35:25,0
2026-01-27 15:35:26,0
2026-01-27 15:35:27,0
2026-01-27 15:35:28,0
2026-01-27 15:35:29,0
2026-01-27 15:35:30,0
2026-01-27 15:35:31,0
2026-01-27 15:35:32,0
2026-01-27 15:35:33,0
2026-01-27 15:35:34,0
2026-01-27 15:35:35,0
2026-01-27 15:35:36,0
2026-01-27 15:35:37,0
2026-01-27 15:35:38,0
2026-01-27 15:35:39,0
2026-01-27 15:35:40,0
2026-01-27 15:35:41,0
2026-01-27 15:35:42,0
2026-01-27 15:35:43,0
2026-01-27 15:35:44,0
2026-01-27 15:35:45,0
2026-01-27 15:35:46,0
2026-01-27 15:35:47,0
2026-01-27 15:35:48,0
2026-01-27 15:35:49,0
2026-01-27 15:35:50,0
2026-01-27 15:35:51,0
2026-01-27 15:35:52,0
2026-01-27 15:35:53,0
2026-01-27 15:35:54,0
2026-01-27 15:35:55,0
2026-01-27 15:35:56,0
2026-01-27 15:35:57,0
2026-01-27 15:35:58,0
2026-01-27 15:35:59,0
2026-01-27 15:36:00,0
2026-01-27 15:36:01,0
2026-01-27 15:36:02,0
2026-01-27 15:36:03,0
2026-01-27 15:36:24,4.14
2026-01-27 15:36:25,4.14
2026-01-27 15:36:26,4.14
2026-01-27 15:36:27,4.14
2026-01-27 15:36:28,4.14
2026-01-27 15:36:29,7.82
2026-01-27 15:36:30,7.82
2026-01-27 15:36:31,7.82
2026-01-27 15:36:32,7.82
2026-01-27 15:36:33,7.82
2026-01-27 15:36:34,9.82
2026-01-27 15:36:35,9.82
2026-01-27 15:36:36,9.82
2026-01-27 15:36:37,9.82
2026-01-27 15:36:38,9.82
2026-01-27 15:36:39,9.96
2026-01-27 15:36:40,9.96
2026-01-27 15:36:41,9.96
2026-01-27 15:36:42,9.96
2026-01-27 15:36:43,9.96
2026-01-27 15:36:44,10.1
2026-01-27 15:36:45,10.1
2026-01-27 15:36:46,10.1
2026-01-27 15:36:47,10.1
2026-01-27 15:36:48,10.1
2026-01-27 15:36:49,9.01
2026-01-27 15:36:50,9.01
2026-01-27 15:36:51,9.01
2026-01-27 15:36:52,9.01
2026-01-27 15:36:53,9.01
2026-01-27 15:36:54,9.82
2026-01-27 15:36:55,9.82
2026-01-27 15:36:56,9.82
2026-01-27 15:36:57,9.82
2026-01-27 15:36:58,9.82
2026-01-27 15:36:59,8.89
2026-01-27 15:37:00,8.89
2026-01-27 15:37:01,8.89
2026-01-27 15:37:02,8.89
2026-01-27 15:37:03,8.89
2026-01-27 15:37:04,9.26
2026-01-27 15:37:05,9.26
2026-01-27 15:37:06,9.26
2026-01-27 15:37:07,9.26
2026-01-27 15:37:08,9.26
2026-01-27 15:37:09,9.70
2026-01-27 15:37:10,9.70
2026-01-27 15:37:11,9.70
2026-01-27 15:37:12,9.70
2026-01-27 15:37:13,9.70
2026-01-27 15:37:14,9.88
2026-01-27 15:37:15,9.88
2026-01-27 15:37:16,9.88
2026-01-27 15:37:17,9.88
2026-01-27 15:37:18,9.88
2026-01-27 15:37:19,9.61
2026-01-27 15:37:20,9.61
2026-01-27 15:37:21,9.61
2026-01-27 15:37:22,9.61
2026-01-27 15:37:23,9.61
2026-01-27 15:37:24,10.6
2026-01-27 15:37:25,10.6
2026-01-27 15:37:26,10.6
2026-01-27 15:37:27,10.6
2026-01-27 15:37:28,10.6
2026-01-27 15:37:29,9.83
2026-01-27 15:37:30,9.83
2026-01-27 15:37:31,9.83
2026-01-27 15:37:32,9.83
2026-01-27 15:37:33,9.83
2026-01-27 15:37:34,11.6
2026-01-27 15:37:35,11.6
2026-01-27 15:37:36,11.6
2026-01-27 15:37:37,11.6
2026-01-27 15:37:38,11.6
2026-01-27 15:37:39,10.5
2026-01-27 15:37:40,10.5
2026-01-27 15:37:41,10.5
2026-01-27 15:37:42,10.5
2026-01-27 15:37:43,10.5
2026-01-27 15:37:44,10.3
2026-01-27 15:37:45,10.3
2026-01-27 15:37:46,10.3
2026-01-27 15:37:47,10.3
2026-01-27 15:37:48,10.3
2026-01-27 15:37:49,11.3
2026-01-27 15:37:50,11.3
2026-01-27 15:37:51,11.3
2026-01-27 15:37:52,11.3
2026-01-27 15:37:53,11.3
2026-01-27 15:37:54,11.5
2026-01-27 15:37:55,11.5
2026-01-27 15:37:56,11.5
2026-01-27 15:37:57,11.5
2026-01-27 15:37:58,11.5
2026-01-27 15:37:59,8.84
2026-01-27 15:38:00,8.84
2026-01-27 15:38:01,8.84
2026-01-27 15:38:02,8.84
2026-01-27 15:38:03,8.84
2026-01-27 15:38:04,9.17
2026-01-27 15:38:05,9.17
2026-01-27 15:38:06,9.17
2026-01-27 15:38:07,9.17
2026-01-27 15:38:08,9.17
2026-01-27 15:38:09,8.81
2026-01-27 15:38:10,8.81
2026-01-27 15:38:11,8.81
2026-01-27 15:38:12,8.81
2026-01-27 15:38:13,8.81
2026-01-27 15:38:14,10.1
2026-01-27 15:38:15,10.1
2026-01-27 15:38:16,10.1
2026-01-27 15:38:17,10.1
2026-01-27 15:38:18,10.1
2026-01-27 15:38:19,10.1
2026-01-27 15:38:20,10.1
2026-01-27 15:38:21,10.1
2026-01-27 15:38:22,10.1
2026-01-27 15:38:23,10.1
2026-01-27 15:38:24,12.7
2026-01-27 15:38:25,12.7
2026-01-27 15:38:26,12.7
2026-01-27 15:38:27,12.7
2026-01-27 15:38:28,12.7
2026-01-27 15:38:29,10.3
2026-01-27 15:38:30,10.3
2026-01-27 15:38:31,10.3
2026-01-27 15:38:32,10.3
2026-01-27 15:38:33,10.3
2026-01-27 15:38:34,9.34
2026-01-27 15:38:35,9.34
2026-01-27 15:38:36,9.34
2026-01-27 15:38:37,9.34
2026-01-27 15:38:38,9.34
2026-01-27 15:38:39,8.70
2026-01-27 15:38:40,8.70
2026-01-27 15:38:41,8.70
2026-01-27 15:38:42,8.70
2026-01-27 15:38:43,8.70
2026-01-27 15:38:44,9.33
2026-01-27 15:38:45,9.33
2026-01-27 15:38:46,9.33
2026-01-27 15:38:47,9.33
2026-01-27 15:38:48,9.33
2026-01-27 15:38:49,9.07
2026-01-27 15:38:50,9.07
2026-01-27 15:38:51,9.07
2026-01-27 15:38:52,9.07
2026-01-27 15:38:53,9.07
2026-01-27 15:38:54,9.69
2026-01-27 15:38:55,9.69
2026-01-27 15:38:56,9.69
2026-01-27 15:38:57,9.69
2026-01-27 15:38:58,9.69
2026-01-27 15:38:59,8.56
2026-01-27 15:39:00,8.56
2026-01-27 15:39:01,8.56
2026-01-27 15:39:02,8.56
2026-01-27 15:39:03,8.56
2026-01-27 15:39:04,9.34
2026-01-27 15:39:05,9.34
2026-01-27 15:39:06,9.34
2026-01-27 15:39:07,9.34
2026-01-27 15:39:08,9.34
2026-01-27 15:39:09,8.69
2026-01-27 15:39:10,8.69
2026-01-27 15:39:11,8.69
2026-01-27 15:39:12,8.69
2026-01-27 15:39:13,8.69
2026-01-27 15:39:14,8.73
2026-01-27 15:39:15,8.73
2026-01-27 15:39:16,8.73
2026-01-27 15:39:17,8.73
2026-01-27 15:39:18,8.73
2026-01-27 15:39:19,8.42
2026-01-27 15:39:20,8.42
2026-01-27 15:39:21,8.42
2026-01-27 15:39:22,8.42
2026-01-27 15:39:23,8.42
2026-01-27 15:39:24,13.3
2026-01-27 15:39:25,13.3
2026-01-27 15:39:26,13.3
2026-01-27 15:39:27,13.3
2026-01-27 15:39:28,13.3
2026-01-27 15:39:29,13.9
2026-01-27 15:39:30,13.9
2026-01-27 15:39:31,13.9
2026-01-27 15:39:32,13.9
2026-01-27 15:39:33,13.9
2026-01-27 15:39:34,13.8
2026-01-27 15:39:35,13.8
2026-01-27 15:39:36,13.8
2026-01-27 15:39:37,13.8
2026-01-27 15:39:38,13.8
2026-01-27 15:39:39,11.7
2026-01-27 15:39:40,11.7
2026-01-27 15:39:41,11.7
2026-01-27 15:39:42,11.7
2026-01-27 15:39:43,11.7
2026-01-27 15:39:44,8.95
2026-01-27 15:39:45,8.95
2026-01-27 15:39:46,8.95
2026-01-27 15:39:47,8.95
2026-01-27 15:39:48,8.95
2026-01-27 15:39:49,7.81
2026-01-27 15:39:50,7.81
2026-01-27 15:39:51,7.81
2026-01-27 15:39:52,7.81
2026-01-27 15:39:53,7.81
2026-01-27 15:39:54,0
2026-01-27 15:39:55,0
2026-01-27 15:39:56,0
2026-01-27 15:39:57,0
2026-01-27 15:39:58,0
2026-01-27 15:39:59,0
2026-01-27 15:40:00,0
2026-01-27 15:40:01,0
2026-01-27 15:40:02,0
2026-01-27 15:40:03,0
2026-01-27 15:40:04,0
2026-01-27 15:40:05,0
2026-01-27 15:40:06,0
2026-01-27 15:40:07,0
2026-01-27 15:40:08,0
2026-01-27 15:40:09,0
2026-01-27 15:40:10,0
2026-01-27 15:40:11,0
2026-01-27 15:40:12,0
2026-01-27 15:40:13,0
2026-01-27 15:40:14,0
2026-01-27 15:40:15,0
2026-01-27 15:40:16,0
2026-01-27 15:40:17,0
2026-01-27 15:40:18,0
2026-01-27 15:40:19,0
2026-01-27 15:40:20,0
2026-01-27 15:40:21,0
2026-01-27 15:40:22,0
2026-01-27 15:40:23,0
2026-01-27 15:40:24,0
2026-01-27 15:40:25,0
2026-01-27 15:40:26,0
2026-01-27 15:40:27,0
2026-01-27 15:40:28,0
2026-01-27 15:40:29,0
2026-01-27 15:40:30,0
2026-01-27 15:40:31,0
2026-01-27 15:40:32,0
2026-01-27 15:40:33,0
2026-01-27 15:40:34,0
2026-01-27 15:40:35,0
2026-01-27 15:40:36,0
2026-01-27 15:40:37,0
2026-01-27 15:40:38,0
2026-01-27 15:40:39,0
2026-01-27 15:40:40,0
2026-01-27 15:40:41,0
2026-01-27 15:40:42,0
2026-01-27 15:40:43,0
2026-01-27 15:40:44,0
2026-01-27 15:40:45,0
2026-01-27 15:40:46,0
2026-01-27 15:40:47,0
2026-01-27 15:40:48,0
2026-01-27 15:40:49,0
2026-01-27 15:40:50,0
2026-01-27 15:40:51,0
2026-01-27 15:40:52,0
2026-01-27 15:40:53,0
2026-01-27 15:40:54,0
2026-01-27 15:40:55,0
2026-01-27 15:40:56,0
2026-01-27 15:40:57,0
2026-01-27 15:40:58,0
2026-01-27 15:40:59,0
2026-01-27 15:41:00,0
2026-01-27 15:41:01,0
2026-01-27 15:41:02,0
2026-01-27 15:41:03,0
2026-01-27 15:41:04,0
2026-01-27 15:41:05,0
2026-01-27 15:41:06,0
2026-01-27 15:41:07,0
2026-01-27 15:41:08,0
2026-01-27 15:41:09,0
2026-01-27 15:41:10,0
2026-01-27 15:41:11,0
2026-01-27 15:41:12,0
2026-01-27 15:41:13,0
2026-01-27 15:41:14,0
2026-01-27 15:41:15,0
2026-01-27 15:41:16,0
2026-01-27 15:41:17,0
2026-01-27 15:41:18,0
2026-01-27 15:41:19,0
2026-01-27 15:41:20,0
2026-01-27 15:41:21,0
2026-01-27 15:41:22,0
2026-01-27 15:41:23,0
2026-01-27 15:41:24,0
2026-01-27 15:41:25,0
2026-01-27 15:41:26,0
2026-01-27 15:41:27,0
2026-01-27 15:41:28,0
2026-01-27 15:42:04,1.82
2026-01-27 15:42:05,1.82
2026-01-27 15:42:06,1.82
2026-01-27 15:42:07,1.82
2026-01-27 15:42:08,1.82
2026-01-27 15:42:09,8.93
2026-01-27 15:42:10,8.93
2026-01-27 15:42:11,8.93
2026-01-27 15:42:12,8.93
2026-01-27 15:42:13,8.93
2026-01-27 15:42:14,10.2
2026-01-27 15:42:15,10.2
2026-01-27 15:42:16,10.2
2026-01-27 15:42:17,10.2
2026-01-27 15:42:18,10.2
2026-01-27 15:42:19,9.72
2026-01-27 15:42:20,9.72
2026-01-27 15:42:21,9.72
2026-01-27 15:42:22,9.72
2026-01-27 15:42:23,9.72
2026-01-27 15:42:24,10.2
2026-01-27 15:42:25,10.2
2026-01-27 15:42:26,10.2
2026-01-27 15:42:27,10.2
2026-01-27 15:42:28,10.2
2026-01-27 15:42:29,9.56
2026-01-27 15:42:30,9.56
2026-01-27 15:42:31,9.56
2026-01-27 15:42:32,9.56
2026-01-27 15:42:33,9.56
2026-01-27 15:42:34,10.1
2026-01-27 15:42:35,10.1
2026-01-27 15:42:36,10.1
2026-01-27 15:42:37,10.1
2026-01-27 15:42:38,10.1
2026-01-27 15:42:39,9.91
2026-01-27 15:42:40,9.91
2026-01-27 15:42:41,9.91
2026-01-27 15:42:42,9.91
2026-01-27 15:42:43,9.91
2026-01-27 15:42:44,10.2
2026-01-27 15:42:45,10.2
2026-01-27 15:42:46,10.2
2026-01-27 15:42:47,10.2
2026-01-27 15:42:48,10.2
2026-01-27 15:42:49,9.41
2026-01-27 15:42:50,9.41
2026-01-27 15:42:51,9.41
2026-01-27 15:42:52,9.41
2026-01-27 15:42:53,9.41
2026-01-27 15:42:54,12.0
2026-01-27 15:42:55,12.0
2026-01-27 15:42:56,12.0
2026-01-27 15:42:57,12.0
2026-01-27 15:42:58,12.0
2026-01-27 15:42:59,9.98
2026-01-27 15:43:00,9.98
2026-01-27 15:43:01,9.98
2026-01-27 15:43:02,9.98
2026-01-27 15:43:03,9.98
2026-01-27 15:43:04,10.5
2026-01-27 15:43:05,10.5
2026-01-27 15:43:06,10.5
2026-01-27 15:43:07,10.5
2026-01-27 15:43:08,10.5
2026-01-27 15:43:09,10.2
2026-01-27 15:43:10,10.2
2026-01-27 15:43:11,10.2
2026-01-27 15:43:12,10.2
2026-01-27 15:43:13,10.2
2026-01-27 15:43:14,9.95
2026-01-27 15:43:15,9.95
2026-01-27 15:43:16,9.95
2026-01-27 15:43:17,9.95
2026-01-27 15:43:18,9.95
2026-01-27 15:43:19,9.72
2026-01-27 15:43:20,9.72
2026-01-27 15:43:21,9.72
2026-01-27 15:43:22,9.72
2026-01-27 15:43:23,9.72
2026-01-27 15:43:24,10.7
2026-01-27 15:43:25,10.7
2026-01-27 15:43:26,10.7
2026-01-27 15:43:27,10.7
2026-01-27 15:43:28,10.7
2026-01-27 15:43:29,11.0
2026-01-27 15:43:30,11.0
2026-01-27 15:43:31,11.0
2026-01-27 15:43:32,11.0
2026-01-27 15:43:33,11.0
2026-01-27 15:43:34,10.2
2026-01-27 15:43:35,10.2
2026-01-27 15:43:36,10.2
2026-01-27 15:43:37,10.2
2026-01-27 15:43:38,10.2
2026-01-27 15:43:39,8.85
2026-01-27 15:43:40,8.85
2026-01-27 15:43:41,8.85
2026-01-27 15:43:42,8.85
2026-01-27 15:43:43,8.85
2026-01-27 15:43:44,8.87
2026-01-27 15:43:45,8.87
2026-01-27 15:43:46,8.87
2026-01-27 15:43:47,8.87
2026-01-27 15:43:48,8.87
2026-01-27 15:43:49,11.2
2026-01-27 15:43:50,11.2
2026-01-27 15:43:51,11.2
2026-01-27 15:43:52,11.2
2026-01-27 15:43:53,11.2
2026-01-27 15:43:54,11.3
2026-01-27 15:43:55,11.3
2026-01-27 15:43:56,11.3
2026-01-27 15:43:57,11.3
2026-01-27 15:43:58,11.3
2026-01-27 15:43:59,8.41
2026-01-27 15:44:00,8.41
2026-01-27 15:44:01,8.41
2026-01-27 15:44:02,8.41
2026-01-27 15:44:03,8.41
2026-01-27 15:44:04,9.10
2026-01-27 15:44:05,9.10
2026-01-27 15:44:06,9.10
2026-01-27 15:44:07,9.10
2026-01-27 15:44:08,9.10
2026-01-27 15:44:09,8.54
2026-01-27 15:44:10,8.54
2026-01-27 15:44:11,8.54
2026-01-27 15:44:12,8.54
2026-01-27 15:44:13,8.54
2026-01-27 15:44:14,9.21
2026-01-27 15:44:15,9.21
2026-01-27 15:44:16,9.21
2026-01-27 15:44:17,9.21
2026-01-27 15:44:18,9.21
2026-01-27 15:44:19,8.90
2026-01-27 15:44:20,8.90
2026-01-27 15:44:21,8.90
2026-01-27 15:44:22,8.90
2026-01-27 15:44:23,8.90
2026-01-27 15:44:24,9.26
2026-01-27 15:44:25,9.26
2026-01-27 15:44:26,9.26
2026-01-27 15:44:27,9.26
2026-01-27 15:44:28,9.26
2026-01-27 15:44:29,8.76
2026-01-27 15:44:30,8.76
2026-01-27 15:44:31,8.76
2026-01-27 15:44:32,8.76
2026-01-27 15:44:33,8.76
2026-01-27 15:44:34,9.85
2026-01-27 15:44:35,9.85
2026-01-27 15:44:36,9.85
2026-01-27 15:44:37,9.85
2026-01-27 15:44:38,9.85
2026-01-27 15:44:39,11.7
2026-01-27 15:44:40,11.7
2026-01-27 15:44:41,11.7
2026-01-27 15:44:42,11.7
2026-01-27 15:44:43,11.7
2026-01-27 15:44:44,14.9
2026-01-27 15:44:45,14.9
2026-01-27 15:44:46,14.9
2026-01-27 15:44:47,14.9
2026-01-27 15:44:48,14.9
2026-01-27 15:44:49,11.4
2026-01-27 15:44:50,11.4
2026-01-27 15:44:51,11.4
2026-01-27 15:44:52,11.4
2026-01-27 15:44:53,11.4
2026-01-27 15:44:54,11.0
2026-01-27 15:44:55,11.0
2026-01-27 15:44:56,11.0
2026-01-27 15:44:57,11.0
2026-01-27 15:44:58,11.0
2026-01-27 15:44:59,8.75
2026-01-27 15:45:00,8.75
2026-01-27 15:45:01,8.75
2026-01-27 15:45:02,8.75
2026-01-27 15:45:03,8.75
2026-01-27 15:45:04,10.8
2026-01-27 15:45:05,10.8
2026-01-27 15:45:06,10.8
2026-01-27 15:45:07,10.8
2026-01-27 15:45:08,10.8
2026-01-27 15:45:09,7.91
2026-01-27 15:45:10,7.91
2026-01-27 15:45:11,7.91
2026-01-27 15:45:12,7.91
2026-01-27 15:45:13,7.91
2026-01-27 15:45:14,6.48
2026-01-27 15:45:15,6.48
2026-01-27 15:45:16,6.48
2026-01-27 15:45:17,6.48
2026-01-27 15:45:18,6.48
2026-01-27 15:45:19,8.62
2026-01-27 15:45:20,8.62
2026-01-27 15:45:21,8.62
2026-01-27 15:45:22,8.62
2026-01-27 15:45:23,8.62
2026-01-27 15:45:24,7.52
2026-01-27 15:45:25,7.52
2026-01-27 15:45:26,7.52
2026-01-27 15:45:27,7.52
2026-01-27 15:45:28,7.52
2026-01-27 15:45:29,5.55
2026-01-27 15:45:30,5.55
2026-01-27 15:45:31,5.55
2026-01-27 15:45:32,5.55
2026-01-27 15:45:33,5.55
2026-01-27 15:45:34,6.66
2026-01-27 15:45:35,6.66
2026-01-27 15:45:36,6.66
2026-01-27 15:45:37,6.66
2026-01-27 15:45:38,6.66
2026-01-27 15:45:39,0
2026-01-27 15:45:40,0
2026-01-27 15:45:41,0
2026-01-27 15:45:42,0
2026-01-27 15:45:43,0
2026-01-27 15:45:44,0
2026-01-27 15:45:45,0
2026-01-27 15:45:46,0
2026-01-27 15:45:47,0
2026-01-27 15:45:48,0
2026-01-27 15:45:49,0
2026-01-27 15:45:50,0
2026-01-27 15:45:51,0
2026-01-27 15:45:52,0
2026-01-27 15:45:53,0
2026-01-27 15:45:54,0
2026-01-27 15:45:55,0
2026-01-27 15:45:56,0
2026-01-27 15:45:57,0
2026-01-27 15:45:58,0
2026-01-27 15:45:59,0
2026-01-27 15:46:00,0
2026-01-27 15:46:01,0
2026-01-27 15:46:02,0
2026-01-27 15:46:03,0
2026-01-27 15:46:04,0
2026-01-27 15:46:05,0
2026-01-27 15:46:06,0
2026-01-27 15:46:07,0
2026-01-27 15:46:08,0
2026-01-27 15:46:09,0
2026-01-27 15:46:10,0
2026-01-27 15:46:11,0
2026-01-27 15:46:12,0
2026-01-27 15:46:13,0
2026-01-27 15:46:14,0
2026-01-27 15:46:15,0
2026-01-27 15:46:16,0
2026-01-27 15:46:17,0
2026-01-27 15:46:18,0
2026-01-27 15:46:19,0
2026-01-27 15:46:20,0
2026-01-27 15:46:21,0
2026-01-27 15:46:22,0
2026-01-27 15:46:23,0
2026-01-27 15:46:24,0
2026-01-27 15:46:25,0
2026-01-27 15:46:26,0
2026-01-27 15:46:27,0
2026-01-27 15:46:28,0
2026-01-27 15:46:29,0
2026-01-27 15:46:30,0
2026-01-27 15:46:31,0
2026-01-27 15:46:32,0
2026-01-27 15:46:33,0
2026-01-27 15:46:34,0
2026-01-27 15:46:35,0
2026-01-27 15:46:36,0
2026-01-27 15:46:37,0
2026-01-27 15:46:38,0
2026-01-27 15:46:39,0
2026-01-27 15:46:40,0
2026-01-27 15:46:41,0
2026-01-27 15:46:42,0
2026-01-27 15:46:43,0
2026-01-27 15:46:44,0
2026-01-27 15:46:45,0
2026-01-27 15:46:46,0
2026-01-27 15:46:47,0
2026-01-27 15:46:48,0
2026-01-27 15:46:49,0
2026-01-27 15:46:50,0
2026-01-27 15:46:51,0
2026-01-27 15:46:52,0
2026-01-27 15:46:53,0
2026-01-27 15:46:54,0
2026-01-27 15:46:55,0
2026-01-27 15:46:56,0
2026-01-27 15:46:57,0
2026-01-27 15:46:58,0
2026-01-27 15:46:59,0
2026-01-27 15:47:00,0
2026-01-27 15:47:01,0
2026-01-27 15:47:02,0
2026-01-27 15:47:03,0
2026-01-27 15:47:04,0
2026-01-27 15:47:05,0
2026-01-27 15:47:06,0
2026-01-27 15:47:07,0
2026-01-27 15:47:08,0
2026-01-27 15:47:09,0
2026-01-27 15:47:10,0
2026-01-27 15:47:11,0
2026-01-27 15:47:12,0
2026-01-27 15:47:13,0
2026-01-27 15:48:29,4.90
2026-01-27 15:48:30,4.90
2026-01-27 15:48:31,4.90
2026-01-27 15:48:32,4.90
2026-01-27 15:48:33,4.90
2026-01-27 15:48:34,10.2
2026-01-27 15:48:35,10.2
2026-01-27 15:48:36,10.2
2026-01-27 15:48:37,10.2
2026-01-27 15:48:38,10.2
2026-01-27 15:48:39,9.46
2026-01-27 15:48:40,9.46
2026-01-27 15:48:41,9.46
2026-01-27 15:48:42,9.46
2026-01-27 15:48:43,9.46
2026-01-27 15:48:44,9.01
2026-01-27 15:48:45,9.01
2026-01-27 15:48:46,9.01
2026-01-27 15:48:47,9.01
2026-01-27 15:48:48,9.01
2026-01-27 15:48:49,9.51
2026-01-27 15:48:50,9.51
2026-01-27 15:48:51,9.51
2026-01-27 15:48:52,9.51
2026-01-27 15:48:53,9.51
2026-01-27 15:48:54,10.1
2026-01-27 15:48:55,10.1
2026-01-27 15:48:56,10.1
2026-01-27 15:48:57,10.1
2026-01-27 15:48:58,10.1
2026-01-27 15:48:59,9.78
2026-01-27 15:49:00,9.78
2026-01-27 15:49:01,9.78
2026-01-27 15:49:02,9.78
2026-01-27 15:49:03,9.78
2026-01-27 15:49:04,11.9
2026-01-27 15:49:05,11.9
2026-01-27 15:49:06,11.9
2026-01-27 15:49:07,11.9
2026-01-27 15:49:08,11.9
2026-01-27 15:49:09,10.2
2026-01-27 15:49:10,10.2
2026-01-27 15:49:11,10.2
2026-01-27 15:49:12,10.2
2026-01-27 15:49:13,10.2
2026-01-27 15:49:14,9.88
2026-01-27 15:49:15,9.88
2026-01-27 15:49:16,9.88
2026-01-27 15:49:17,9.88
2026-01-27 15:49:18,9.88
2026-01-27 15:49:19,9.69
2026-01-27 15:49:20,9.69
2026-01-27 15:49:21,9.69
2026-01-27 15:49:22,9.69
2026-01-27 15:49:23,9.69
2026-01-27 15:49:24,10.6
2026-01-27 15:49:25,10.6
2026-01-27 15:49:26,10.6
2026-01-27 15:49:27,10.6
2026-01-27 15:49:28,10.6
2026-01-27 15:49:29,9.77
2026-01-27 15:49:30,9.77
2026-01-27 15:49:31,9.77
2026-01-27 15:49:32,9.77
2026-01-27 15:49:33,9.77
2026-01-27 15:49:34,10.8
2026-01-27 15:49:35,10.8
2026-01-27 15:49:36,10.8
2026-01-27 15:49:37,10.8
2026-01-27 15:49:38,10.8
2026-01-27 15:49:39,9.85
2026-01-27 15:49:40,9.85
2026-01-27 15:49:41,9.85
2026-01-27 15:49:42,9.85
2026-01-27 15:49:43,9.85
2026-01-27 15:49:44,11.1
2026-01-27 15:49:45,11.1
2026-01-27 15:49:46,11.1
2026-01-27 15:49:47,11.1
2026-01-27 15:49:48,11.1
2026-01-27 15:49:49,10.0
2026-01-27 15:49:50,10.0
2026-01-27 15:49:51,10.0
2026-01-27 15:49:52,10.0
2026-01-27 15:49:53,10.0
2026-01-27 15:49:54,11.5
2026-01-27 15:49:55,11.5
2026-01-27 15:49:56,11.5
2026-01-27 15:49:57,11.5
2026-01-27 15:49:58,11.5
2026-01-27 15:49:59,8.99
2026-01-27 15:50:00,8.99
2026-01-27 15:50:01,8.99
2026-01-27 15:50:02,8.99
2026-01-27 15:50:03,8.99
2026-01-27 15:50:04,9.49
2026-01-27 15:50:05,9.49
2026-01-27 15:50:06,9.49
2026-01-27 15:50:07,9.49
2026-01-27 15:50:08,9.49
2026-01-27 15:50:09,8.80
2026-01-27 15:50:10,8.80
2026-01-27 15:50:11,8.80
2026-01-27 15:50:12,8.80
2026-01-27 15:50:13,8.80
2026-01-27 15:50:14,9.00
2026-01-27 15:50:15,9.00
2026-01-27 15:50:16,9.00
2026-01-27 15:50:17,9.00
2026-01-27 15:50:18,9.00
2026-01-27 15:50:19,8.89
2026-01-27 15:50:20,8.89
2026-01-27 15:50:21,8.89
2026-01-27 15:50:22,8.89
2026-01-27 15:50:23,8.89
2026-01-27 15:50:24,9.65
2026-01-27 15:50:25,9.65
2026-01-27 15:50:26,9.65
2026-01-27 15:50:27,9.65
2026-01-27 15:50:28,9.65
2026-01-27 15:50:29,8.84
2026-01-27 15:50:30,8.84
2026-01-27 15:50:31,8.84
2026-01-27 15:50:32,8.84
2026-01-27 15:50:33,8.84
2026-01-27 15:50:34,9.79
2026-01-27 15:50:35,9.79
2026-01-27 15:50:36,9.79
2026-01-27 15:50:37,9.79
2026-01-27 15:50:38,9.79
2026-01-27 15:50:39,8.93
2026-01-27 15:50:40,8.93
2026-01-27 15:50:41,8.93
2026-01-27 15:50:42,8.93
2026-01-27 15:50:43,8.93
2026-01-27 15:50:44,9.44
2026-01-27 15:50:45,9.44
2026-01-27 15:50:46,9.44
2026-01-27 15:50:47,9.44
2026-01-27 15:50:48,9.44
2026-01-27 15:50:49,9.24
2026-01-27 15:50:50,9.24
2026-01-27 15:50:51,9.24
2026-01-27 15:50:52,9.24
2026-01-27 15:50:53,9.24
2026-01-27 15:50:54,9.83
2026-01-27 15:50:55,9.83
2026-01-27 15:50:56,9.83
2026-01-27 15:50:57,9.83
2026-01-27 15:50:58,9.83
2026-01-27 15:50:59,8.72
2026-01-27 15:51:00,8.72
2026-01-27 15:51:01,8.72
2026-01-27 15:51:02,8.72
2026-01-27 15:51:03,8.72
2026-01-27 15:51:04,9.48
2026-01-27 15:51:05,9.48
2026-01-27 15:51:06,9.48
2026-01-27 15:51:07,9.48
2026-01-27 15:51:08,9.48
2026-01-27 15:51:09,8.76
2026-01-27 15:51:10,8.76
2026-01-27 15:51:11,8.76
2026-01-27 15:51:12,8.76
2026-01-27 15:51:13,8.76
2026-01-27 15:51:14,8.96
2026-01-27 15:51:15,8.96
2026-01-27 15:51:16,8.96
2026-01-27 15:51:17,8.96
2026-01-27 15:51:18,8.96
2026-01-27 15:51:19,8.83
2026-01-27 15:51:20,8.83
2026-01-27 15:51:21,8.83
2026-01-27 15:51:22,8.83
2026-01-27 15:51:23,8.83
2026-01-27 15:51:24,9.31
2026-01-27 15:51:25,9.31
2026-01-27 15:51:26,9.31
2026-01-27 15:51:27,9.31
2026-01-27 15:51:28,9.31
2026-01-27 15:51:29,9.07
2026-01-27 15:51:30,9.07
2026-01-27 15:51:31,9.07
2026-01-27 15:51:32,9.07
2026-01-27 15:51:33,9.07
2026-01-27 15:51:34,11.9
2026-01-27 15:51:35,11.9
2026-01-27 15:51:36,11.9
2026-01-27 15:51:37,11.9
2026-01-27 15:51:38,11.9
2026-01-27 15:51:39,8.42
2026-01-27 15:51:40,8.42
2026-01-27 15:51:41,8.42
2026-01-27 15:51:42,8.42
2026-01-27 15:51:43,8.42
2026-01-27 15:51:44,8.57
2026-01-27 15:51:45,8.57
2026-01-27 15:51:46,8.57
2026-01-27 15:51:47,8.57
2026-01-27 15:51:48,8.57
2026-01-27 15:51:49,8.82
2026-01-27 15:51:50,8.82
2026-01-27 15:51:51,8.82
2026-01-27 15:51:52,8.82
2026-01-27 15:51:53,8.82
2026-01-27 15:51:54,0
2026-01-27 15:51:55,0
2026-01-27 15:51:56,0
2026-01-27 15:51:57,0
2026-01-27 15:51:58,0
2026-01-27 15:51:59,0
2026-01-27 15:52:00,0
2026-01-27 15:52:01,0
2026-01-27 15:52:02,0
2026-01-27 15:52:03,0
2026-01-27 15:52:04,0
2026-01-27 15:52:05,0
2026-01-27 15:52:06,0
2026-01-27 15:52:07,0
2026-01-27 15:52:08,0
2026-01-27 15:52:09,0
2026-01-27 15:52:10,0
2026-01-27 15:52:11,0
2026-01-27 15:52:12,0
2026-01-27 15:52:13,0
2026-01-27 15:52:14,0
2026-01-27 15:52:15,0
2026-01-27 15:52:16,0
2026-01-27 15:52:17,0
2026-01-27 15:52:18,0
2026-01-27 15:52:19,0
2026-01-27 15:52:20,0
2026-01-27 15:52:21,0
2026-01-27 15:52:22,0
2026-01-27 15:52:23,0
2026-01-27 15:52:24,0
2026-01-27 15:52:25,0
2026-01-27 15:52:26,0
2026-01-27 15:52:27,0
2026-01-27 15:52:28,0
2026-01-27 15:52:29,0
2026-01-27 15:52:30,0
2026-01-27 15:52:31,0
2026-01-27 15:52:32,0
2026-01-27 15:52:33,0
2026-01-27 15:52:34,0
2026-01-27 15:52:35,0
2026-01-27 15:52:36,0
2026-01-27 15:52:37,0
2026-01-27 15:52:38,0
2026-01-27 15:52:39,0
2026-01-27 15:52:40,0
2026-01-27 15:52:41,0
2026-01-27 15:52:42,0
2026-01-27 15:52:43,0
2026-01-27 15:52:44,0
2026-01-27 15:52:45,0
2026-01-27 15:52:46,0
2026-01-27 15:52:47,0
2026-01-27 15:52:48,0
2026-01-27 15:52:49,0
2026-01-27 15:52:50,0
2026-01-27 15:52:51,0
2026-01-27 15:52:52,0
2026-01-27 15:52:53,0
2026-01-27 15:52:54,0
2026-01-27 15:52:55,0
2026-01-27 15:52:56,0
2026-01-27 15:52:57,0
2026-01-27 15:52:58,0
2026-01-27 15:52:59,0
2026-01-27 15:53:00,0
2026-01-27 15:53:01,0
2026-01-27 15:53:02,0
2026-01-27 15:53:03,0
2026-01-27 15:53:04,0
2026-01-27 15:53:05,0
2026-01-27 15:53:06,0
2026-01-27 15:53:07,0
2026-01-27 15:53:08,0
2026-01-27 15:53:09,0
2026-01-27 15:53:10,0
2026-01-27 15:53:11,0
2026-01-27 15:53:12,0
2026-01-27 15:53:13,0
2026-01-27 15:53:14,0
2026-01-27 15:53:15,0
2026-01-27 15:53:16,0
2026-01-27 15:53:17,0
2026-01-27 15:53:18,0
2026-01-27 15:53:19,0
2026-01-27 15:53:20,0
2026-01-27 15:53:21,0
2026-01-27 15:53:22,0
2026-01-27 15:53:23,0
2026-01-27 15:53:24,0
2026-01-27 15:53:25,0
2026-01-27 15:53:26,0
2026-01-27 15:53:27,0
2026-01-27 15:53:28,0
2026-01-27 15:56:19,7.12
2026-01-27 15:56:20,7.12
2026-01-27 15:56:21,7.12
2026-01-27 15:56:22,7.12
2026-01-27 15:56:23,7.12
2026-01-27 15:56:24,9.10
2026-01-27 15:56:25,9.10
2026-01-27 15:56:26,9.10
2026-01-27 15:56:27,9.10
2026-01-27 15:56:28,9.10
2026-01-27 15:56:29,8.47
2026-01-27 15:56:30,8.47
2026-01-27 15:56:31,8.47
2026-01-27 15:56:32,8.47
2026-01-27 15:56:33,8.47
2026-01-27 15:56:34,9.16
2026-01-27 15:56:35,9.16
2026-01-27 15:56:36,9.16
2026-01-27 15:56:37,9.16
2026-01-27 15:56:38,9.16
2026-01-27 15:56:39,7.66
2026-01-27 15:56:40,7.66
2026-01-27 15:56:41,7.66
2026-01-27 15:56:42,7.66
2026-01-27 15:56:43,7.66
2026-01-27 15:56:44,9.93
2026-01-27 15:56:45,9.93
2026-01-27 15:56:46,9.93
2026-01-27 15:56:47,9.93
2026-01-27 15:56:48,9.93
2026-01-27 15:56:49,9.31
2026-01-27 15:56:50,9.31
2026-01-27 15:56:51,9.31
2026-01-27 15:56:52,9.31
2026-01-27 15:56:53,9.31
2026-01-27 15:56:54,10.2
2026-01-27 15:56:55,10.2
2026-01-27 15:56:56,10.2
2026-01-27 15:56:57,10.2
2026-01-27 15:56:58,10.2
2026-01-27 15:56:59,9.08
2026-01-27 15:57:00,9.08
2026-01-27 15:57:01,9.08
2026-01-27 15:57:02,9.08
2026-01-27 15:57:03,9.08
2026-01-27 15:57:04,9.72
2026-01-27 15:57:05,9.72
2026-01-27 15:57:06,9.72
2026-01-27 15:57:07,9.72
2026-01-27 15:57:08,9.72
2026-01-27 15:57:09,9.24
2026-01-27 15:57:10,9.24
2026-01-27 15:57:11,9.24
2026-01-27 15:57:12,9.24
2026-01-27 15:57:13,9.24
2026-01-27 15:57:14,10.4
2026-01-27 15:57:15,10.4
2026-01-27 15:57:16,10.4
2026-01-27 15:57:17,10.4
2026-01-27 15:57:18,10.4
2026-01-27 15:57:19,9.22
2026-01-27 15:57:20,9.22
2026-01-27 15:57:21,9.22
2026-01-27 15:57:22,9.22
2026-01-27 15:57:23,9.22
2026-01-27 15:57:24,9.04
2026-01-27 15:57:25,9.04
2026-01-27 15:57:26,9.04
2026-01-27 15:57:27,9.04
2026-01-27 15:57:28,9.04
2026-01-27 15:57:29,8.34
2026-01-27 15:57:30,8.34
2026-01-27 15:57:31,8.34
2026-01-27 15:57:32,8.34
2026-01-27 15:57:33,8.34
2026-01-27 15:57:34,9.23
2026-01-27 15:57:35,9.23
2026-01-27 15:57:36,9.23
2026-01-27 15:57:37,9.23
2026-01-27 15:57:38,9.23
2026-01-27 15:57:39,8.33
2026-01-27 15:57:40,8.33
2026-01-27 15:57:41,8.33
2026-01-27 15:57:42,8.33
2026-01-27 15:57:43,8.33
2026-01-27 15:57:44,10.6
2026-01-27 15:57:45,10.6
2026-01-27 15:57:46,10.6
2026-01-27 15:57:47,10.6
2026-01-27 15:57:48,10.6
2026-01-27 15:57:49,8.36
2026-01-27 15:57:50,8.36
2026-01-27 15:57:51,8.36
2026-01-27 15:57:52,8.36
2026-01-27 15:57:53,8.36
2026-01-27 15:57:54,8.29
2026-01-27 15:57:55,8.29
2026-01-27 15:57:56,8.29
2026-01-27 15:57:57,8.29
2026-01-27 15:57:58,8.29
2026-01-27 15:57:59,7.84
2026-01-27 15:58:00,7.84
2026-01-27 15:58:01,7.84
2026-01-27 15:58:02,7.84
2026-01-27 15:58:03,7.84
2026-01-27 15:58:04,8.73
2026-01-27 15:58:05,8.73
2026-01-27 15:58:06,8.73
2026-01-27 15:58:07,8.73
2026-01-27 15:58:08,8.73
2026-01-27 15:58:09,7.15
2026-01-27 15:58:10,7.15
2026-01-27 15:58:11,7.15
2026-01-27 15:58:12,7.15
2026-01-27 15:58:13,7.15
2026-01-27 15:58:14,9.23
2026-01-27 15:58:15,9.23
2026-01-27 15:58:16,9.23
2026-01-27 15:58:17,9.23
2026-01-27 15:58:18,9.23
2026-01-27 15:58:19,9.31
2026-01-27 15:58:20,9.31
2026-01-27 15:58:21,9.31
2026-01-27 15:58:22,9.31
2026-01-27 15:58:23,9.31
2026-01-27 15:58:24,9.81
2026-01-27 15:58:25,9.81
2026-01-27 15:58:26,9.81
2026-01-27 15:58:27,9.81
2026-01-27 15:58:28,9.81
2026-01-27 15:58:29,9.04
2026-01-27 15:58:30,9.04
2026-01-27 15:58:31,9.04
2026-01-27 15:58:32,9.04
2026-01-27 15:58:33,9.04
2026-01-27 15:58:34,12.1
2026-01-27 15:58:35,12.1
2026-01-27 15:58:36,12.1
2026-01-27 15:58:37,12.1
2026-01-27 15:58:38,12.1
2026-01-27 15:58:39,9.33
2026-01-27 15:58:40,9.33
2026-01-27 15:58:41,9.33
2026-01-27 15:58:42,9.33
2026-01-27 15:58:43,9.33
2026-01-27 15:58:44,8.04
2026-01-27 15:58:45,8.04
2026-01-27 15:58:46,8.04
2026-01-27 15:58:47,8.04
2026-01-27 15:58:48,8.04
2026-01-27 15:58:49,7.74
2026-01-27 15:58:50,7.74
2026-01-27 15:58:51,7.74
2026-01-27 15:58:52,7.74
2026-01-27 15:58:53,7.74
2026-01-27 15:58:54,9.60
2026-01-27 15:58:55,9.60
2026-01-27 15:58:56,9.60
2026-01-27 15:58:57,9.60
2026-01-27 15:58:58,9.60
2026-01-27 15:58:59,8.82
2026-01-27 15:59:00,8.82
2026-01-27 15:59:01,8.82
2026-01-27 15:59:02,8.82
2026-01-27 15:59:03,8.82
2026-01-27 15:59:04,9.89
2026-01-27 15:59:05,9.89
2026-01-27 15:59:06,9.89
2026-01-27 15:59:07,9.89
2026-01-27 15:59:08,9.89
2026-01-27 15:59:09,8.70
2026-01-27 15:59:10,8.70
2026-01-27 15:59:11,8.70
2026-01-27 15:59:12,8.70
2026-01-27 15:59:13,8.70
2026-01-27 15:59:14,8.36
2026-01-27 15:59:15,8.36
2026-01-27 15:59:16,8.36
2026-01-27 15:59:17,8.36
2026-01-27 15:59:18,8.36
2026-01-27 15:59:19,7.75
2026-01-27 15:59:20,7.75
2026-01-27 15:59:21,7.75
2026-01-27 15:59:22,7.75
2026-01-27 15:59:23,7.75
2026-01-27 15:59:24,8.49
2026-01-27 15:59:25,8.49
2026-01-27 15:59:26,8.49
2026-01-27 15:59:27,8.49
2026-01-27 15:59:28,8.49
2026-01-27 15:59:29,8.24
2026-01-27 15:59:30,8.24
2026-01-27 15:59:31,8.24
2026-01-27 15:59:32,8.24
2026-01-27 15:59:33,8.24
2026-01-27 15:59:34,9.12
2026-01-27 15:59:35,9.12
2026-01-27 15:59:36,9.12
2026-01-27 15:59:37,9.12
2026-01-27 15:59:38,9.12
2026-01-27 15:59:39,0
2026-01-27 15:59:40,0
2026-01-27 15:59:41,0
2026-01-27 15:59:42,0
2026-01-27 15:59:43,0
2026-01-27 15:59:44,0
2026-01-27 15:59:45,0
2026-01-27 15:59:46,0
2026-01-27 15:59:47,0
2026-01-27 15:59:48,0
2026-01-27 15:59:49,0
2026-01-27 15:59:50,0
2026-01-27 15:59:51,0
2026-01-27 15:59:52,0
2026-01-27 15:59:53,0
2026-01-27 15:59:54,0
2026-01-27 15:59:55,0
2026-01-27 15:59:56,0
2026-01-27 15:59:57,0
2026-01-27 15:59:58,0
2026-01-27 15:59:59,0
2026-01-27 16:00:00,0
2026-01-27 16:00:01,0
2026-01-27 16:00:02,0
2026-01-27 16:00:03,0
2026-01-27 16:00:04,0
2026-01-27 16:00:05,0
2026-01-27 16:00:06,0
2026-01-27 16:00:07,0
2026-01-27 16:00:08,0
2026-01-27 16:00:09,0
2026-01-27 16:00:10,0
2026-01-27 16:00:11,0
2026-01-27 16:00:12,0
2026-01-27 16:00:13,0
2026-01-27 16:00:14,0
2026-01-27 16:00:15,0
2026-01-27 16:00:16,0
2026-01-27 16:00:17,0
2026-01-27 16:00:18,0
2026-01-27 16:00:19,0
2026-01-27 16:00:20,0
2026-01-27 16:00:21,0
2026-01-27 16:00:22,0
2026-01-27 16:00:23,0
2026-01-27 16:00:24,0
2026-01-27 16:00:25,0
2026-01-27 16:00:26,0
2026-01-27 16:00:27,0
2026-01-27 16:00:28,0
2026-01-27 16:00:29,0
2026-01-27 16:00:30,0
2026-01-27 16:00:31,0
2026-01-27 16:00:32,0
2026-01-27 16:00:33,0
2026-01-27 16:00:34,0
2026-01-27 16:00:35,0
2026-01-27 16:00:36,0
2026-01-27 16:00:37,0
2026-01-27 16:00:38,0
2026-01-27 16:00:39,0
2026-01-27 16:00:40,0
2026-01-27 16:00:41,0
2026-01-27 16:00:42,0
2026-01-27 16:00:43,0
2026-01-27 16:00:44,0
2026-01-27 16:00:45,0
2026-01-27 16:00:46,0
2026-01-27 16:00:47,0
2026-01-27 16:00:48,0
2026-01-27 16:00:49,0
2026-01-27 16:00:50,0
2026-01-27 16:00:51,0
2026-01-27 16:00:52,0
2026-01-27 16:00:53,0
2026-01-27 16:00:54,0
2026-01-27 16:00:55,0
2026-01-27 16:00:56,0
2026-01-27 16:00:57,0
2026-01-27 16:00:58,0
2026-01-27 16:00:59,0
2026-01-27 16:01:00,0
2026-01-27 16:01:01,0
2026-01-27 16:01:02,0
2026-01-27 16:01:03,0
2026-01-27 16:01:04,0
2026-01-27 16:01:05,0
2026-01-27 16:01:06,0
2026-01-27 16:01:07,0
2026-01-27 16:01:08,0
2026-01-27 16:01:09,0
2026-01-27 16:01:10,0
2026-01-27 16:01:11,0
2026-01-27 16:01:12,0
2026-01-27 16:01:13,0
2026-01-27 16:06:19,1.85
2026-01-27 16:06:20,1.85
2026-01-27 16:06:21,1.85
2026-01-27 16:06:22,1.85
2026-01-27 16:06:23,1.85
2026-01-27 16:06:24,8.75
2026-01-27 16:06:25,8.75
2026-01-27 16:06:26,8.75
2026-01-27 16:06:27,8.75
2026-01-27 16:06:28,8.75
2026-01-27 16:06:29,9.31
2026-01-27 16:06:30,9.31
2026-01-27 16:06:31,9.31
2026-01-27 16:06:32,9.31
2026-01-27 16:06:33,9.31
2026-01-27 16:06:34,14.6
2026-01-27 16:06:35,14.6
2026-01-27 16:06:36,14.6
2026-01-27 16:06:37,14.6
2026-01-27 16:06:38,14.6
2026-01-27 16:06:39,13.6
2026-01-27 16:06:40,13.6
2026-01-27 16:06:41,13.6
2026-01-27 16:06:42,13.6
2026-01-27 16:06:43,13.6
2026-01-27 16:06:44,12.7
2026-01-27 16:06:45,12.7
2026-01-27 16:06:46,12.7
2026-01-27 16:06:47,12.7
2026-01-27 16:06:48,12.7
2026-01-27 16:06:49,8.74
2026-01-27 16:06:50,8.74
2026-01-27 16:06:51,8.74
2026-01-27 16:06:52,8.74
2026-01-27 16:06:53,8.74
2026-01-27 16:06:54,9.38
2026-01-27 16:06:55,9.38
2026-01-27 16:06:56,9.38
2026-01-27 16:06:57,9.38
2026-01-27 16:06:58,9.38
2026-01-27 16:06:59,8.98
2026-01-27 16:07:00,8.98
2026-01-27 16:07:01,8.98
2026-01-27 16:07:02,8.98
2026-01-27 16:07:03,8.98
2026-01-27 16:07:04,9.90
2026-01-27 16:07:05,9.90
2026-01-27 16:07:06,9.90
2026-01-27 16:07:07,9.90
2026-01-27 16:07:08,9.90
2026-01-27 16:07:09,9.08
2026-01-27 16:07:10,9.08
2026-01-27 16:07:11,9.08
2026-01-27 16:07:12,9.08
2026-01-27 16:07:13,9.08
2026-01-27 16:07:14,10.1
2026-01-27 16:07:15,10.1
2026-01-27 16:07:16,10.1
2026-01-27 16:07:17,10.1
2026-01-27 16:07:18,10.1
2026-01-27 16:07:19,8.52
2026-01-27 16:07:20,8.52
2026-01-27 16:07:21,8.52
2026-01-27 16:07:22,8.52
2026-01-27 16:07:23,8.52
2026-01-27 16:07:24,8.35
2026-01-27 16:07:25,8.35
2026-01-27 16:07:26,8.35
2026-01-27 16:07:27,8.35
2026-01-27 16:07:28,8.35
2026-01-27 16:07:29,7.75
2026-01-27 16:07:30,7.75
2026-01-27 16:07:31,7.75
2026-01-27 16:07:32,7.75
2026-01-27 16:07:33,7.75
2026-01-27 16:07:34,8.75
2026-01-27 16:07:35,8.75
2026-01-27 16:07:36,8.75
2026-01-27 16:07:37,8.75
2026-01-27 16:07:38,8.75
2026-01-27 16:07:39,7.90
2026-01-27 16:07:40,7.90
2026-01-27 16:07:41,7.90
2026-01-27 16:07:42,7.90
2026-01-27 16:07:43,7.90
2026-01-27 16:07:44,8.73
2026-01-27 16:07:45,8.73
2026-01-27 16:07:46,8.73
2026-01-27 16:07:47,8.73
2026-01-27 16:07:48,8.73
2026-01-27 16:07:49,7.06
2026-01-27 16:07:50,7.06
2026-01-27 16:07:51,7.06
2026-01-27 16:07:52,7.06
2026-01-27 16:07:53,7.06
2026-01-27 16:07:54,9.35
2026-01-27 16:07:55,9.35
2026-01-27 16:07:56,9.35
2026-01-27 16:07:57,9.35
2026-01-27 16:07:58,9.35
2026-01-27 16:07:59,8.54
2026-01-27 16:08:00,8.54
2026-01-27 16:08:01,8.54
2026-01-27 16:08:02,8.54
2026-01-27 16:08:03,8.54
2026-01-27 16:08:04,9.39
2026-01-27 16:08:05,9.39
2026-01-27 16:08:06,9.39
2026-01-27 16:08:07,9.39
2026-01-27 16:08:08,9.39
2026-01-27 16:08:09,9.08
2026-01-27 16:08:10,9.08
2026-01-27 16:08:11,9.08
2026-01-27 16:08:12,9.08
2026-01-27 16:08:13,9.08
2026-01-27 16:08:14,8.62
2026-01-27 16:08:15,8.62
2026-01-27 16:08:16,8.62
2026-01-27 16:08:17,8.62
2026-01-27 16:08:18,8.62
2026-01-27 16:08:19,8.37
2026-01-27 16:08:20,8.37
2026-01-27 16:08:21,8.37
2026-01-27 16:08:22,8.37
2026-01-27 16:08:23,8.37
2026-01-27 16:08:24,9.45
2026-01-27 16:08:25,9.45
2026-01-27 16:08:26,9.45
2026-01-27 16:08:27,9.45
2026-01-27 16:08:28,9.45
2026-01-27 16:08:29,10.2
2026-01-27 16:08:30,10.2
2026-01-27 16:08:31,10.2
2026-01-27 16:08:32,10.2
2026-01-27 16:08:33,10.2
2026-01-27 16:08:34,10.7
2026-01-27 16:08:35,10.7
2026-01-27 16:08:36,10.7
2026-01-27 16:08:37,10.7
2026-01-27 16:08:38,10.7
2026-01-27 16:08:39,9.64
2026-01-27 16:08:40,9.64
2026-01-27 16:08:41,9.64
2026-01-27 16:08:42,9.64
2026-01-27 16:08:43,9.64
2026-01-27 16:08:44,10.3
2026-01-27 16:08:45,10.3
2026-01-27 16:08:46,10.3
2026-01-27 16:08:47,10.3
2026-01-27 16:08:48,10.3
2026-01-27 16:08:49,9.70
2026-01-27 16:08:50,9.70
2026-01-27 16:08:51,9.70
2026-01-27 16:08:52,9.70
2026-01-27 16:08:53,9.70
2026-01-27 16:08:54,10.8
2026-01-27 16:08:55,10.8
2026-01-27 16:08:56,10.8
2026-01-27 16:08:57,10.8
2026-01-27 16:08:58,10.8
2026-01-27 16:08:59,9.51
2026-01-27 16:09:00,9.51
2026-01-27 16:09:01,9.51
2026-01-27 16:09:02,9.51
2026-01-27 16:09:03,9.51
2026-01-27 16:09:04,10.3
2026-01-27 16:09:05,10.3
2026-01-27 16:09:06,10.3
2026-01-27 16:09:07,10.3
2026-01-27 16:09:08,10.3
2026-01-27 16:09:09,10.9
2026-01-27 16:09:10,10.9
2026-01-27 16:09:11,10.9
2026-01-27 16:09:12,10.9
2026-01-27 16:09:13,10.9
2026-01-27 16:09:14,10.4
2026-01-27 16:09:15,10.4
2026-01-27 16:09:16,10.4
2026-01-27 16:09:17,10.4
2026-01-27 16:09:18,10.4
2026-01-27 16:09:19,8.84
2026-01-27 16:09:20,8.84
2026-01-27 16:09:21,8.84
2026-01-27 16:09:22,8.84
2026-01-27 16:09:23,8.84
2026-01-27 16:09:24,7.72
2026-01-27 16:09:25,7.72
2026-01-27 16:09:26,7.72
2026-01-27 16:09:27,7.72
2026-01-27 16:09:28,7.72
2026-01-27 16:09:29,7.88
2026-01-27 16:09:30,7.88
2026-01-27 16:09:31,7.88
2026-01-27 16:09:32,7.88
2026-01-27 16:09:33,7.88
2026-01-27 16:09:34,7.72
2026-01-27 16:09:35,7.72
2026-01-27 16:09:36,7.72
2026-01-27 16:09:37,7.72
2026-01-27 16:09:38,7.72
2026-01-27 16:09:39,9.94
2026-01-27 16:09:40,9.94
2026-01-27 16:09:41,9.94
2026-01-27 16:09:42,9.94
2026-01-27 16:09:43,9.94
2026-01-27 16:09:44,0
2026-01-27 16:09:45,0
2026-01-27 16:09:46,0
2026-01-27 16:09:47,0
2026-01-27 16:09:48,0
2026-01-27 16:09:49,0
2026-01-27 16:09:50,0
2026-01-27 16:09:51,0
2026-01-27 16:09:52,0
2026-01-27 16:09:53,0
2026-01-27 16:09:54,0
2026-01-27 16:09:55,0
2026-01-27 16:09:56,0
2026-01-27 16:09:57,0
2026-01-27 16:09:58,0
2026-01-27 16:09:59,0
2026-01-27 16:10:00,0
2026-01-27 16:10:01,0
2026-01-27 16:10:02,0
2026-01-27 16:10:03,0
2026-01-27 16:10:04,0
2026-01-27 16:10:05,0
2026-01-27 16:10:06,0
2026-01-27 16:10:07,0
2026-01-27 16:10:08,0
2026-01-27 16:10:09,0
2026-01-27 16:10:10,0
2026-01-27 16:10:11,0
2026-01-27 16:10:12,0
2026-01-27 16:10:13,0
2026-01-27 16:10:14,0
2026-01-27 16:10:15,0
2026-01-27 16:10:16,0
2026-01-27 16:10:17,0
2026-01-27 16:10:18,0
2026-01-27 16:10:19,0
2026-01-27 16:10:20,0
2026-01-27 16:10:21,0
2026-01-27 16:10:22,0
2026-01-27 16:10:23,0
2026-01-27 16:10:24,0
2026-01-27 16:10:25,0
2026-01-27 16:10:26,0
2026-01-27 16:10:27,0
2026-01-27 16:10:28,0
2026-01-27 16:10:29,0
2026-01-27 16:10:30,0
2026-01-27 16:10:31,0
2026-01-27 16:10:32,0
2026-01-27 16:10:33,0
2026-01-27 16:10:34,0
2026-01-27 16:10:35,0
2026-01-27 16:10:36,0
2026-01-27 16:10:37,0
2026-01-27 16:10:38,0
2026-01-27 16:10:39,0
2026-01-27 16:10:40,0
2026-01-27 16:10:41,0
2026-01-27 16:10:42,0
2026-01-27 16:10:43,0
2026-01-27 16:10:44,0
2026-01-27 16:10:45,0
2026-01-27 16:10:46,0
2026-01-27 16:10:47,0
2026-01-27 16:10:48,0
2026-01-27 16:10:49,0
2026-01-27 16:10:50,0
2026-01-27 16:10:51,0
2026-01-27 16:10:52,0
2026-01-27 16:10:53,0
2026-01-27 16:10:54,0
2026-01-27 16:10:55,0
2026-01-27 16:10:56,0
2026-01-27 16:10:57,0
2026-01-27 16:10:58,0
2026-01-27 16:10:59,0
2026-01-27 16:11:00,0
2026-01-27 16:11:01,0
2026-01-27 16:11:02,0
2026-01-27 16:11:03,0
2026-01-27 16:11:04,0
2026-01-27 16:11:05,0
2026-01-27 16:11:06,0
2026-01-27 16:11:07,0
2026-01-27 16:11:08,0
2026-01-27 16:11:09,0
2026-01-27 16:11:10,0
2026-01-27 16:11:11,0
2026-01-27 16:11:12,0
2026-01-27 16:11:13,0
2026-01-27 16:11:14,0
2026-01-27 16:11:15,0
2026-01-27 16:11:16,0
2026-01-27 16:11:17,0
2026-01-27 16:11:18,0
2026-01-27 16:11:29,4.29
2026-01-27 16:11:30,4.29
2026-01-27 16:11:31,4.29
2026-01-27 16:11:32,4.29
2026-01-27 16:11:33,4.29
2026-01-27 16:11:34,6.58
2026-01-27 16:11:35,6.58
2026-01-27 16:11:36,6.58
2026-01-27 16:11:37,6.58
2026-01-27 16:11:38,6.58
2026-01-27 16:11:39,6.58
2026-01-27 16:11:40,6.58
2026-01-27 16:11:41,6.58
2026-01-27 16:11:42,6.58
2026-01-27 16:11:43,6.58
2026-01-27 16:11:44,6.40
2026-01-27 16:11:45,6.40
2026-01-27 16:11:46,6.40
2026-01-27 16:11:47,6.40
2026-01-27 16:11:48,6.40
2026-01-27 16:11:49,6.31
2026-01-27 16:11:50,6.31
2026-01-27 16:11:51,6.31
2026-01-27 16:11:52,6.31
2026-01-27 16:11:53,6.31
2026-01-27 16:11:54,6.37
2026-01-27 16:11:55,6.37
2026-01-27 16:11:56,6.37
2026-01-27 16:11:57,6.37
2026-01-27 16:11:58,6.37
2026-01-27 16:11:59,6.57
2026-01-27 16:12:00,6.57
2026-01-27 16:12:01,6.57
2026-01-27 16:12:02,6.57
2026-01-27 16:12:03,6.57
2026-01-27 16:12:04,6.56
2026-01-27 16:12:05,6.56
2026-01-27 16:12:06,6.56
2026-01-27 16:12:07,6.56
2026-01-27 16:12:08,6.56
2026-01-27 16:12:09,6.63
2026-01-27 16:12:10,6.63
2026-01-27 16:12:11,6.63
2026-01-27 16:12:12,6.63
2026-01-27 16:12:13,6.63
2026-01-27 16:12:14,6.34
2026-01-27 16:12:15,6.34
2026-01-27 16:12:16,6.34
2026-01-27 16:12:17,6.34
2026-01-27 16:12:18,6.34
2026-01-27 16:12:19,6.50
2026-01-27 16:12:20,6.50
2026-01-27 16:12:21,6.50
2026-01-27 16:12:22,6.50
2026-01-27 16:12:23,6.50
2026-01-27 16:12:24,6.70
2026-01-27 16:12:25,6.70
2026-01-27 16:12:26,6.70
2026-01-27 16:12:27,6.70
2026-01-27 16:12:28,6.70
2026-01-27 16:12:29,6.77
2026-01-27 16:12:30,6.77
2026-01-27 16:12:31,6.77
2026-01-27 16:12:32,6.77
2026-01-27 16:12:33,6.77
2026-01-27 16:12:34,6.53
2026-01-27 16:12:35,6.53
2026-01-27 16:12:36,6.53
2026-01-27 16:12:37,6.53
2026-01-27 16:12:38,6.53
2026-01-27 16:12:39,6.54
2026-01-27 16:12:40,6.54
2026-01-27 16:12:41,6.54
2026-01-27 16:12:42,6.54
2026-01-27 16:12:43,6.54
2026-01-27 16:12:44,6.40
2026-01-27 16:12:45,6.40
2026-01-27 16:12:46,6.40
2026-01-27 16:12:47,6.40
2026-01-27 16:12:48,6.40
2026-01-27 16:12:49,6.50
2026-01-27 16:12:50,6.50
2026-01-27 16:12:51,6.50
2026-01-27 16:12:52,6.50
2026-01-27 16:12:53,6.50
2026-01-27 16:12:54,6.38
2026-01-27 16:12:55,6.38
2026-01-27 16:12:56,6.38
2026-01-27 16:12:57,6.38
2026-01-27 16:12:58,6.38
2026-01-27 16:12:59,6.41
2026-01-27 16:13:00,6.41
2026-01-27 16:13:01,6.41
2026-01-27 16:13:02,6.41
2026-01-27 16:13:03,6.41
2026-01-27 16:13:04,7.24
2026-01-27 16:13:05,7.24
2026-01-27 16:13:06,7.24
2026-01-27 16:13:07,7.24
2026-01-27 16:13:08,7.24
2026-01-27 16:13:09,7.19
2026-01-27 16:13:10,7.19
2026-01-27 16:13:11,7.19
2026-01-27 16:13:12,7.19
2026-01-27 16:13:13,7.19
2026-01-27 16:13:14,6.84
2026-01-27 16:13:15,6.84
2026-01-27 16:13:16,6.84
2026-01-27 16:13:17,6.84
2026-01-27 16:13:18,6.84
2026-01-27 16:13:19,6.98
2026-01-27 16:13:20,6.98
2026-01-27 16:13:21,6.98
2026-01-27 16:13:22,6.98
2026-01-27 16:13:23,6.98
2026-01-27 16:13:24,7.03
2026-01-27 16:13:25,7.03
2026-01-27 16:13:26,7.03
2026-01-27 16:13:27,7.03
2026-01-27 16:13:28,7.03
2026-01-27 16:13:29,6.99
2026-01-27 16:13:30,6.99
2026-01-27 16:13:31,6.99
2026-01-27 16:13:32,6.99
2026-01-27 16:13:33,6.99
2026-01-27 16:13:34,7.00
2026-01-27 16:13:35,7.00
2026-01-27 16:13:36,7.00
2026-01-27 16:13:37,7.00
2026-01-27 16:13:38,7.00
2026-01-27 16:13:39,7.19
2026-01-27 16:13:40,7.19
2026-01-27 16:13:41,7.19
2026-01-27 16:13:42,7.19
2026-01-27 16:13:43,7.19
2026-01-27 16:13:44,6.83
2026-01-27 16:13:45,6.83
2026-01-27 16:13:46,6.83
2026-01-27 16:13:47,6.83
2026-01-27 16:13:48,6.83
2026-01-27 16:13:49,8.29
2026-01-27 16:13:50,8.29
2026-01-27 16:13:51,8.29
2026-01-27 16:13:52,8.29
2026-01-27 16:13:53,8.29
2026-01-27 16:13:54,8.38
2026-01-27 16:13:55,8.38
2026-01-27 16:13:56,8.38
2026-01-27 16:13:57,8.38
2026-01-27 16:13:58,8.38
2026-01-27 16:13:59,7.87
2026-01-27 16:14:00,7.87
2026-01-27 16:14:01,7.87
2026-01-27 16:14:02,7.87
2026-01-27 16:14:03,7.87
2026-01-27 16:14:04,9.70
2026-01-27 16:14:05,9.70
2026-01-27 16:14:06,9.70
2026-01-27 16:14:07,9.70
2026-01-27 16:14:08,9.70
2026-01-27 16:14:09,9.02
2026-01-27 16:14:10,9.02
2026-01-27 16:14:11,9.02
2026-01-27 16:14:12,9.02
2026-01-27 16:14:13,9.02
2026-01-27 16:14:14,9.20
2026-01-27 16:14:15,9.20
2026-01-27 16:14:16,9.20
2026-01-27 16:14:17,9.20
2026-01-27 16:14:18,9.20
2026-01-27 16:14:19,9.08
2026-01-27 16:14:20,9.08
2026-01-27 16:14:21,9.08
2026-01-27 16:14:22,9.08
2026-01-27 16:14:23,9.08
2026-01-27 16:14:24,9.35
2026-01-27 16:14:25,9.35
2026-01-27 16:14:26,9.35
2026-01-27 16:14:27,9.35
2026-01-27 16:14:28,9.35
2026-01-27 16:14:29,8.96
2026-01-27 16:14:30,8.96
2026-01-27 16:14:31,8.96
2026-01-27 16:14:32,8.96
2026-01-27 16:14:33,8.96
2026-01-27 16:14:34,9.20
2026-01-27 16:14:35,9.20
2026-01-27 16:14:36,9.20
2026-01-27 16:14:37,9.20
2026-01-27 16:14:38,9.20
2026-01-27 16:14:39,9.12
2026-01-27 16:14:40,9.12
2026-01-27 16:14:41,9.12
2026-01-27 16:14:42,9.12
2026-01-27 16:14:43,9.12
2026-01-27 16:14:44,9.18
2026-01-27 16:14:45,9.18
2026-01-27 16:14:46,9.18
2026-01-27 16:14:47,9.18
2026-01-27 16:14:48,9.18
2026-01-27 16:14:49,0
2026-01-27 16:14:50,0
2026-01-27 16:14:51,0
2026-01-27 16:14:52,0
2026-01-27 16:14:53,0
2026-01-27 16:14:54,0
2026-01-27 16:14:55,0
2026-01-27 16:14:56,0
2026-01-27 16:14:57,0
2026-01-27 16:14:58,0
2026-01-27 16:14:59,0
2026-01-27 16:15:00,0
2026-01-27 16:15:01,0
2026-01-27 16:15:02,0
2026-01-27 16:15:03,0
2026-01-27 16:15:04,0
2026-01-27 16:15:05,0
2026-01-27 16:15:06,0
2026-01-27 16:15:07,0
2026-01-27 16:15:08,0
2026-01-27 16:15:09,0
2026-01-27 16:15:10,0
2026-01-27 16:15:11,0
2026-01-27 16:15:12,0
2026-01-27 16:15:13,0
2026-01-27 16:15:14,0
2026-01-27 16:15:15,0
2026-01-27 16:15:16,0
2026-01-27 16:15:17,0
2026-01-27 16:15:18,0
2026-01-27 16:15:19,0
2026-01-27 16:15:20,0
2026-01-27 16:15:21,0
2026-01-27 16:15:22,0
2026-01-27 16:15:23,0
2026-01-27 16:15:24,0
2026-01-27 16:15:25,0
2026-01-27 16:15:26,0
2026-01-27 16:15:27,0
2026-01-27 16:15:28,0
2026-01-27 16:15:29,0
2026-01-27 16:15:30,0
2026-01-27 16:15:31,0
2026-01-27 16:15:32,0
2026-01-27 16:15:33,0
2026-01-27 16:15:34,0
2026-01-27 16:15:35,0
2026-01-27 16:15:36,0
2026-01-27 16:15:37,0
2026-01-27 16:15:38,0
2026-01-27 16:15:39,0
2026-01-27 16:15:40,0
2026-01-27 16:15:41,0
2026-01-27 16:15:42,0
2026-01-27 16:15:43,0
2026-01-27 16:15:44,0
2026-01-27 16:15:45,0
2026-01-27 16:15:46,0
2026-01-27 16:15:47,0
2026-01-27 16:15:48,0
2026-01-27 16:15:49,0
2026-01-27 16:15:50,0
2026-01-27 16:15:51,0
2026-01-27 16:15:52,0
2026-01-27 16:15:53,0
2026-01-27 16:15:54,0
2026-01-27 16:15:55,0
2026-01-27 16:15:56,0
2026-01-27 16:15:57,0
2026-01-27 16:15:58,0
2026-01-27 16:15:59,0
2026-01-27 16:16:00,0
2026-01-27 16:16:01,0
2026-01-27 16:16:02,0
2026-01-27 16:16:03,0
2026-01-27 16:16:04,0
2026-01-27 16:16:05,0
2026-01-27 16:16:06,0
2026-01-27 16:16:07,0
2026-01-27 16:16:08,0
2026-01-27 16:16:09,0
2026-01-27 16:16:10,0
2026-01-27 16:16:11,0
2026-01-27 16:16:12,0
2026-01-27 16:16:13,0
2026-01-27 16:16:14,0
2026-01-27 16:16:15,0
2026-01-27 16:16:16,0
2026-01-27 16:16:17,0
2026-01-27 16:16:18,0
2026-01-27 16:16:19,0
2026-01-27 16:16:20,0
2026-01-27 16:16:21,0
2026-01-27 16:16:22,0
2026-01-27 16:16:23,0
2026-01-27 16:16:44,6.90
2026-01-27 16:16:45,6.90
2026-01-27 16:16:46,6.90
2026-01-27 16:16:47,6.90
2026-01-27 16:16:48,6.90
2026-01-27 16:16:49,8.77
2026-01-27 16:16:50,8.77
2026-01-27 16:16:51,8.77
2026-01-27 16:16:52,8.77
2026-01-27 16:16:53,8.77
2026-01-27 16:16:54,8.83
2026-01-27 16:16:55,8.83
2026-01-27 16:16:56,8.83
2026-01-27 16:16:57,8.83
2026-01-27 16:16:58,8.83
2026-01-27 16:16:59,8.59
2026-01-27 16:17:00,8.59
2026-01-27 16:17:01,8.59
2026-01-27 16:17:02,8.59
2026-01-27 16:17:03,8.59
2026-01-27 16:17:04,10.2
2026-01-27 16:17:05,10.2
2026-01-27 16:17:06,10.2
2026-01-27 16:17:07,10.2
2026-01-27 16:17:08,10.2
2026-01-27 16:17:09,8.10
2026-01-27 16:17:10,8.10
2026-01-27 16:17:11,8.10
2026-01-27 16:17:12,8.10
2026-01-27 16:17:13,8.10
2026-01-27 16:17:14,7.34
2026-01-27 16:17:15,7.34
2026-01-27 16:17:16,7.34
2026-01-27 16:17:17,7.34
2026-01-27 16:17:18,7.34
2026-01-27 16:17:19,8.90
2026-01-27 16:17:20,8.90
2026-01-27 16:17:21,8.90
2026-01-27 16:17:22,8.90
2026-01-27 16:17:23,8.90
2026-01-27 16:17:24,9.26
2026-01-27 16:17:25,9.26
2026-01-27 16:17:26,9.26
2026-01-27 16:17:27,9.26
2026-01-27 16:17:28,9.26
2026-01-27 16:17:29,8.91
2026-01-27 16:17:30,8.91
2026-01-27 16:17:31,8.91
2026-01-27 16:17:32,8.91
2026-01-27 16:17:33,8.91
2026-01-27 16:17:34,8.78
2026-01-27 16:17:35,8.78
2026-01-27 16:17:36,8.78
2026-01-27 16:17:37,8.78
2026-01-27 16:17:38,8.78
2026-01-27 16:17:39,8.66
2026-01-27 16:17:40,8.66
2026-01-27 16:17:41,8.66
2026-01-27 16:17:42,8.66
2026-01-27 16:17:43,8.66
2026-01-27 16:17:44,8.71
2026-01-27 16:17:45,8.71
2026-01-27 16:17:46,8.71
2026-01-27 16:17:47,8.71
2026-01-27 16:17:48,8.71
2026-01-27 16:17:49,8.68
2026-01-27 16:17:50,8.68
2026-01-27 16:17:51,8.68
2026-01-27 16:17:52,8.68
2026-01-27 16:17:53,8.68
2026-01-27 16:17:54,8.88
2026-01-27 16:17:55,8.88
2026-01-27 16:17:56,8.88
2026-01-27 16:17:57,8.88
2026-01-27 16:17:58,8.88
2026-01-27 16:17:59,8.79
2026-01-27 16:18:00,8.79
2026-01-27 16:18:01,8.79
2026-01-27 16:18:02,8.79
2026-01-27 16:18:03,8.79
2026-01-27 16:18:04,8.73
2026-01-27 16:18:05,8.73
2026-01-27 16:18:06,8.73
2026-01-27 16:18:07,8.73
2026-01-27 16:18:08,8.73
2026-01-27 16:18:09,8.89
2026-01-27 16:18:10,8.89
2026-01-27 16:18:11,8.89
2026-01-27 16:18:12,8.89
2026-01-27 16:18:13,8.89
2026-01-27 16:18:14,9.06
2026-01-27 16:18:15,9.06
2026-01-27 16:18:16,9.06
2026-01-27 16:18:17,9.06
2026-01-27 16:18:18,9.06
2026-01-27 16:18:19,8.60
2026-01-27 16:18:20,8.60
2026-01-27 16:18:21,8.60
2026-01-27 16:18:22,8.60
2026-01-27 16:18:23,8.60
2026-01-27 16:18:24,8.77
2026-01-27 16:18:25,8.77
2026-01-27 16:18:26,8.77
2026-01-27 16:18:27,8.77
2026-01-27 16:18:28,8.77
2026-01-27 16:18:29,8.92
2026-01-27 16:18:30,8.92
2026-01-27 16:18:31,8.92
2026-01-27 16:18:32,8.92
2026-01-27 16:18:33,8.92
2026-01-27 16:18:34,8.80
2026-01-27 16:18:35,8.80
2026-01-27 16:18:36,8.80
2026-01-27 16:18:37,8.80
2026-01-27 16:18:38,8.80
2026-01-27 16:18:39,8.95
2026-01-27 16:18:40,8.95
2026-01-27 16:18:41,8.95
2026-01-27 16:18:42,8.95
2026-01-27 16:18:43,8.95
2026-01-27 16:18:44,8.69
2026-01-27 16:18:45,8.69
2026-01-27 16:18:46,8.69
2026-01-27 16:18:47,8.69
2026-01-27 16:18:48,8.69
2026-01-27 16:18:49,8.65
2026-01-27 16:18:50,8.65
2026-01-27 16:18:51,8.65
2026-01-27 16:18:52,8.65
2026-01-27 16:18:53,8.65
2026-01-27 16:18:54,8.67
2026-01-27 16:18:55,8.67
2026-01-27 16:18:56,8.67
2026-01-27 16:18:57,8.67
2026-01-27 16:18:58,8.67
2026-01-27 16:18:59,8.73
2026-01-27 16:19:00,8.73
2026-01-27 16:19:01,8.73
2026-01-27 16:19:02,8.73
2026-01-27 16:19:03,8.73
2026-01-27 16:19:04,8.92
2026-01-27 16:19:05,8.92
2026-01-27 16:19:06,8.92
2026-01-27 16:19:07,8.92
2026-01-27 16:19:08,8.92
2026-01-27 16:19:09,8.88
2026-01-27 16:19:10,8.88
2026-01-27 16:19:11,8.88
2026-01-27 16:19:12,8.88
2026-01-27 16:19:13,8.88
2026-01-27 16:19:14,10.6
2026-01-27 16:19:15,10.6
2026-01-27 16:19:16,10.6
2026-01-27 16:19:17,10.6
2026-01-27 16:19:18,10.6
2026-01-27 16:19:19,7.95
2026-01-27 16:19:20,7.95
2026-01-27 16:19:21,7.95
2026-01-27 16:19:22,7.95
2026-01-27 16:19:23,7.95
2026-01-27 16:19:24,7.74
2026-01-27 16:19:25,7.74
2026-01-27 16:19:26,7.74
2026-01-27 16:19:27,7.74
2026-01-27 16:19:28,7.74
2026-01-27 16:19:29,7.90
2026-01-27 16:19:30,7.90
2026-01-27 16:19:31,7.90
2026-01-27 16:19:32,7.90
2026-01-27 16:19:33,7.90
2026-01-27 16:19:34,7.69
2026-01-27 16:19:35,7.69
2026-01-27 16:19:36,7.69
2026-01-27 16:19:37,7.69
2026-01-27 16:19:38,7.69
2026-01-27 16:19:39,7.99
2026-01-27 16:19:40,7.99
2026-01-27 16:19:41,7.99
2026-01-27 16:19:42,7.99
2026-01-27 16:19:43,7.99
2026-01-27 16:19:44,7.63
2026-01-27 16:19:45,7.63
2026-01-27 16:19:46,7.63
2026-01-27 16:19:47,7.63
2026-01-27 16:19:48,7.63
2026-01-27 16:19:49,7.59
2026-01-27 16:19:50,7.59
2026-01-27 16:19:51,7.59
2026-01-27 16:19:52,7.59
2026-01-27 16:19:53,7.59
2026-01-27 16:19:54,7.64
2026-01-27 16:19:55,7.64
2026-01-27 16:19:56,7.64
2026-01-27 16:19:57,7.64
2026-01-27 16:19:58,7.64
2026-01-27 16:19:59,7.51
2026-01-27 16:20:00,7.51
2026-01-27 16:20:01,7.51
2026-01-27 16:20:02,7.51
2026-01-27 16:20:03,7.51
2026-01-27 16:20:04,0
2026-01-27 16:20:05,0
2026-01-27 16:20:06,0
2026-01-27 16:20:07,0
2026-01-27 16:20:08,0
2026-01-27 16:20:09,0
2026-01-27 16:20:10,0
2026-01-27 16:20:11,0
2026-01-27 16:20:12,0
2026-01-27 16:20:13,0
2026-01-27 16:20:14,0
2026-01-27 16:20:15,0
2026-01-27 16:20:16,0
2026-01-27 16:20:17,0
2026-01-27 16:20:18,0
2026-01-27 16:20:19,0
2026-01-27 16:20:20,0
2026-01-27 16:20:21,0
2026-01-27 16:20:22,0
2026-01-27 16:20:23,0
2026-01-27 16:20:24,0
2026-01-27 16:20:25,0
2026-01-27 16:20:26,0
2026-01-27 16:20:27,0
2026-01-27 16:20:28,0
2026-01-27 16:20:29,0
2026-01-27 16:20:30,0
2026-01-27 16:20:31,0
2026-01-27 16:20:32,0
2026-01-27 16:20:33,0
2026-01-27 16:20:34,0
2026-01-27 16:20:35,0
2026-01-27 16:20:36,0
2026-01-27 16:20:37,0
2026-01-27 16:20:38,0
2026-01-27 16:20:39,0
2026-01-27 16:20:40,0
2026-01-27 16:20:41,0
2026-01-27 16:20:42,0
2026-01-27 16:20:43,0
2026-01-27 16:20:44,0
2026-01-27 16:20:45,0
2026-01-27 16:20:46,0
2026-01-27 16:20:47,0
2026-01-27 16:20:48,0
2026-01-27 16:20:49,0
2026-01-27 16:20:50,0
2026-01-27 16:20:51,0
2026-01-27 16:20:52,0
2026-01-27 16:20:53,0
2026-01-27 16:20:54,0
2026-01-27 16:20:55,0
2026-01-27 16:20:56,0
2026-01-27 16:20:57,0
2026-01-27 16:20:58,0
2026-01-27 16:20:59,0
2026-01-27 16:21:00,0
2026-01-27 16:21:01,0
2026-01-27 16:21:02,0
2026-01-27 16:21:03,0
2026-01-27 16:21:04,0
2026-01-27 16:21:05,0
2026-01-27 16:21:06,0
2026-01-27 16:21:07,0
2026-01-27 16:21:08,0
2026-01-27 16:21:09,0
2026-01-27 16:21:10,0
2026-01-27 16:21:11,0
2026-01-27 16:21:12,0
2026-01-27 16:21:13,0
2026-01-27 16:21:14,0
2026-01-27 16:21:15,0
2026-01-27 16:21:16,0
2026-01-27 16:21:17,0
2026-01-27 16:21:18,0
2026-01-27 16:21:19,0
2026-01-27 16:21:20,0
2026-01-27 16:21:21,0
2026-01-27 16:21:22,0
2026-01-27 16:21:23,0
2026-01-27 16:21:24,0
2026-01-27 16:21:25,0
2026-01-27 16:21:26,0
2026-01-27 16:21:27,0
2026-01-27 16:21:28,0
2026-01-27 16:21:29,0
2026-01-27 16:21:30,0
2026-01-27 16:21:31,0
2026-01-27 16:21:32,0
2026-01-27 16:21:33,0
2026-01-27 16:21:34,0
2026-01-27 16:21:35,0
2026-01-27 16:21:36,0
2026-01-27 16:21:37,0
2026-01-27 16:21:38,0
2026-01-27 16:22:24,5.53
2026-01-27 16:22:25,5.53
2026-01-27 16:22:26,5.53
2026-01-27 16:22:27,5.53
2026-01-27 16:22:28,5.53
2026-01-27 16:22:29,9.24
2026-01-27 16:22:30,9.24
2026-01-27 16:22:31,9.24
2026-01-27 16:22:32,9.24
2026-01-27 16:22:33,9.24
2026-01-27 16:22:34,8.30
2026-01-27 16:22:35,8.30
2026-01-27 16:22:36,8.30
2026-01-27 16:22:37,8.30
2026-01-27 16:22:38,8.30
2026-01-27 16:22:39,8.47
2026-01-27 16:22:40,8.47
2026-01-27 16:22:41,8.47
2026-01-27 16:22:42,8.47
2026-01-27 16:22:43,8.47
2026-01-27 16:22:44,8.19
2026-01-27 16:22:45,8.19
2026-01-27 16:22:46,8.19
2026-01-27 16:22:47,8.19
2026-01-27 16:22:48,8.19
2026-01-27 16:22:49,8.60
2026-01-27 16:22:50,8.60
2026-01-27 16:22:51,8.60
2026-01-27 16:22:52,8.60
2026-01-27 16:22:53,8.60
2026-01-27 16:22:54,8.10
2026-01-27 16:22:55,8.10
2026-01-27 16:22:56,8.10
2026-01-27 16:22:57,8.10
2026-01-27 16:22:58,8.10
2026-01-27 16:22:59,8.86
2026-01-27 16:23:00,8.86
2026-01-27 16:23:01,8.86
2026-01-27 16:23:02,8.86
2026-01-27 16:23:03,8.86
2026-01-27 16:23:04,8.19
2026-01-27 16:23:05,8.19
2026-01-27 16:23:06,8.19
2026-01-27 16:23:07,8.19
2026-01-27 16:23:08,8.19
2026-01-27 16:23:09,8.67
2026-01-27 16:23:10,8.67
2026-01-27 16:23:11,8.67
2026-01-27 16:23:12,8.67
2026-01-27 16:23:13,8.67
2026-01-27 16:23:14,8.15
2026-01-27 16:23:15,8.15
2026-01-27 16:23:16,8.15
2026-01-27 16:23:17,8.15
2026-01-27 16:23:18,8.15
2026-01-27 16:23:19,8.50
2026-01-27 16:23:20,8.50
2026-01-27 16:23:21,8.50
2026-01-27 16:23:22,8.50
2026-01-27 16:23:23,8.50
2026-01-27 16:23:24,9.01
2026-01-27 16:23:25,9.01
2026-01-27 16:23:26,9.01
2026-01-27 16:23:27,9.01
2026-01-27 16:23:28,9.01
2026-01-27 16:23:29,10.4
2026-01-27 16:23:30,10.4
2026-01-27 16:23:31,10.4
2026-01-27 16:23:32,10.4
2026-01-27 16:23:33,10.4
2026-01-27 16:23:34,10.7
2026-01-27 16:23:35,10.7
2026-01-27 16:23:36,10.7
2026-01-27 16:23:37,10.7
2026-01-27 16:23:38,10.7
2026-01-27 16:23:39,9.44
2026-01-27 16:23:40,9.44
2026-01-27 16:23:41,9.44
2026-01-27 16:23:42,9.44
2026-01-27 16:23:43,9.44
2026-01-27 16:23:44,8.78
2026-01-27 16:23:45,8.78
2026-01-27 16:23:46,8.78
2026-01-27 16:23:47,8.78
2026-01-27 16:23:48,8.78
2026-01-27 16:23:49,10.6
2026-01-27 16:23:50,10.6
2026-01-27 16:23:51,10.6
2026-01-27 16:23:52,10.6
2026-01-27 16:23:53,10.6
2026-01-27 16:23:54,10.0
2026-01-27 16:23:55,10.0
2026-01-27 16:23:56,10.0
2026-01-27 16:23:57,10.0
2026-01-27 16:23:58,10.0
2026-01-27 16:23:59,10.1
2026-01-27 16:24:00,10.1
2026-01-27 16:24:01,10.1
2026-01-27 16:24:02,10.1
2026-01-27 16:24:03,10.1
2026-01-27 16:24:04,9.71
2026-01-27 16:24:05,9.71
2026-01-27 16:24:06,9.71
2026-01-27 16:24:07,9.71
2026-01-27 16:24:08,9.71
2026-01-27 16:24:09,10.1
2026-01-27 16:24:10,10.1
2026-01-27 16:24:11,10.1
2026-01-27 16:24:12,10.1
2026-01-27 16:24:13,10.1
2026-01-27 16:24:14,9.67
2026-01-27 16:24:15,9.67
2026-01-27 16:24:16,9.67
2026-01-27 16:24:17,9.67
2026-01-27 16:24:18,9.67
2026-01-27 16:24:19,11.0
2026-01-27 16:24:20,11.0
2026-01-27 16:24:21,11.0
2026-01-27 16:24:22,11.0
2026-01-27 16:24:23,11.0
2026-01-27 16:24:24,8.86
2026-01-27 16:24:25,8.86
2026-01-27 16:24:26,8.86
2026-01-27 16:24:27,8.86
2026-01-27 16:24:28,8.86
2026-01-27 16:24:29,12.1
2026-01-27 16:24:30,12.1
2026-01-27 16:24:31,12.1
2026-01-27 16:24:32,12.1
2026-01-27 16:24:33,12.1
2026-01-27 16:24:34,8.31
2026-01-27 16:24:35,8.31
2026-01-27 16:24:36,8.31
2026-01-27 16:24:37,8.31
2026-01-27 16:24:38,8.31
2026-01-27 16:24:39,8.26
2026-01-27 16:24:40,8.26
2026-01-27 16:24:41,8.26
2026-01-27 16:24:42,8.26
2026-01-27 16:24:43,8.26
2026-01-27 16:24:44,7.53
2026-01-27 16:24:45,7.53
2026-01-27 16:24:46,7.53
2026-01-27 16:24:47,7.53
2026-01-27 16:24:48,7.53
2026-01-27 16:24:49,8.26
2026-01-27 16:24:50,8.26
2026-01-27 16:24:51,8.26
2026-01-27 16:24:52,8.26
2026-01-27 16:24:53,8.26
2026-01-27 16:24:54,7.60
2026-01-27 16:24:55,7.60
2026-01-27 16:24:56,7.60
2026-01-27 16:24:57,7.60
2026-01-27 16:24:58,7.60
2026-01-27 16:24:59,8.39
2026-01-27 16:25:00,8.39
2026-01-27 16:25:01,8.39
2026-01-27 16:25:02,8.39
2026-01-27 16:25:03,8.39
2026-01-27 16:25:04,7.58
2026-01-27 16:25:05,7.58
2026-01-27 16:25:06,7.58
2026-01-27 16:25:07,7.58
2026-01-27 16:25:08,7.58
2026-01-27 16:25:09,10.6
2026-01-27 16:25:10,10.6
2026-01-27 16:25:11,10.6
2026-01-27 16:25:12,10.6
2026-01-27 16:25:13,10.6
2026-01-27 16:25:14,6.55
2026-01-27 16:25:15,6.55
2026-01-27 16:25:16,6.55
2026-01-27 16:25:17,6.55
2026-01-27 16:25:18,6.55
2026-01-27 16:25:19,7.61
2026-01-27 16:25:20,7.61
2026-01-27 16:25:21,7.61
2026-01-27 16:25:22,7.61
2026-01-27 16:25:23,7.61
2026-01-27 16:25:24,6.93
2026-01-27 16:25:25,6.93
2026-01-27 16:25:26,6.93
2026-01-27 16:25:27,6.93
2026-01-27 16:25:28,6.93
2026-01-27 16:25:29,7.88
2026-01-27 16:25:30,7.88
2026-01-27 16:25:31,7.88
2026-01-27 16:25:32,7.88
2026-01-27 16:25:33,7.88
2026-01-27 16:25:34,7.86
2026-01-27 16:25:35,7.86
2026-01-27 16:25:36,7.86
2026-01-27 16:25:37,7.86
2026-01-27 16:25:38,7.86
2026-01-27 16:25:39,8.74
2026-01-27 16:25:40,8.74
2026-01-27 16:25:41,8.74
2026-01-27 16:25:42,8.74
2026-01-27 16:25:43,8.74
2026-01-27 16:25:44,6.61
2026-01-27 16:25:45,6.61
2026-01-27 16:25:46,6.61
2026-01-27 16:25:47,6.61
2026-01-27 16:25:48,6.61
2026-01-27 16:25:49,0
2026-01-27 16:25:50,0
2026-01-27 16:25:51,0
2026-01-27 16:25:52,0
2026-01-27 16:25:53,0
2026-01-27 16:25:54,0
2026-01-27 16:25:55,0
2026-01-27 16:25:56,0
2026-01-27 16:25:57,0
2026-01-27 16:25:58,0
2026-01-27 16:25:59,0
2026-01-27 16:26:00,0
2026-01-27 16:26:01,0
2026-01-27 16:26:02,0
2026-01-27 16:26:03,0
2026-01-27 16:26:04,0
2026-01-27 16:26:05,0
2026-01-27 16:26:06,0
2026-01-27 16:26:07,0
2026-01-27 16:26:08,0
2026-01-27 16:26:09,0
2026-01-27 16:26:10,0
2026-01-27 16:26:11,0
2026-01-27 16:26:12,0
2026-01-27 16:26:13,0
2026-01-27 16:26:14,0
2026-01-27 16:26:15,0
2026-01-27 16:26:16,0
2026-01-27 16:26:17,0
2026-01-27 16:26:18,0
2026-01-27 16:26:19,0
2026-01-27 16:26:20,0
2026-01-27 16:26:21,0
2026-01-27 16:26:22,0
2026-01-27 16:26:23,0
2026-01-27 16:26:24,0
2026-01-27 16:26:25,0
2026-01-27 16:26:26,0
2026-01-27 16:26:27,0
2026-01-27 16:26:28,0
2026-01-27 16:26:29,0
2026-01-27 16:26:30,0
2026-01-27 16:26:31,0
2026-01-27 16:26:32,0
2026-01-27 16:26:33,0
2026-01-27 16:26:34,0
2026-01-27 16:26:35,0
2026-01-27 16:26:36,0
2026-01-27 16:26:37,0
2026-01-27 16:26:38,0
2026-01-27 16:26:39,0
2026-01-27 16:26:40,0
2026-01-27 16:26:41,0
2026-01-27 16:26:42,0
2026-01-27 16:26:43,0
2026-01-27 16:26:44,0
2026-01-27 16:26:45,0
2026-01-27 16:26:46,0
2026-01-27 16:26:47,0
2026-01-27 16:26:48,0
2026-01-27 16:26:49,0
2026-01-27 16:26:50,0
2026-01-27 16:26:51,0
2026-01-27 16:26:52,0
2026-01-27 16:26:53,0
2026-01-27 16:26:54,0
2026-01-27 16:26:55,0
2026-01-27 16:26:56,0
2026-01-27 16:26:57,0
2026-01-27 16:26:58,0
2026-01-27 16:26:59,0
2026-01-27 16:27:00,0
2026-01-27 16:27:01,0
2026-01-27 16:27:02,0
2026-01-27 16:27:03,0
2026-01-27 16:27:04,0
2026-01-27 16:27:05,0
2026-01-27 16:27:06,0
2026-01-27 16:27:07,0
2026-01-27 16:27:08,0
2026-01-27 16:27:09,0
2026-01-27 16:27:10,0
2026-01-27 16:27:11,0
2026-01-27 16:27:12,0
2026-01-27 16:27:13,0
2026-01-27 16:27:14,0
2026-01-27 16:27:15,0
2026-01-27 16:27:16,0
2026-01-27 16:27:17,0
2026-01-27 16:27:18,0
2026-01-27 16:27:19,0
2026-01-27 16:27:20,0
2026-01-27 16:27:21,0
2026-01-27 16:27:22,0
2026-01-27 16:27:23,0
2026-01-27 16:28:44,7.85
2026-01-27 16:28:45,7.85
2026-01-27 16:28:46,7.85
2026-01-27 16:28:47,7.85
2026-01-27 16:28:48,7.85
2026-01-27 16:28:49,10.3
2026-01-27 16:28:50,10.3
2026-01-27 16:28:51,10.3
2026-01-27 16:28:52,10.3
2026-01-27 16:28:53,10.3
2026-01-27 16:28:54,8.32
2026-01-27 16:28:55,8.32
2026-01-27 16:28:56,8.32
2026-01-27 16:28:57,8.32
2026-01-27 16:28:58,8.32
2026-01-27 16:28:59,9.31
2026-01-27 16:29:00,9.31
2026-01-27 16:29:01,9.31
2026-01-27 16:29:02,9.31
2026-01-27 16:29:03,9.31
2026-01-27 16:29:04,7.64
2026-01-27 16:29:05,7.64
2026-01-27 16:29:06,7.64
2026-01-27 16:29:07,7.64
2026-01-27 16:29:08,7.64
2026-01-27 16:29:09,10.4
2026-01-27 16:29:10,10.4
2026-01-27 16:29:11,10.4
2026-01-27 16:29:12,10.4
2026-01-27 16:29:13,10.4
2026-01-27 16:29:14,6.54
2026-01-27 16:29:15,6.54
2026-01-27 16:29:16,6.54
2026-01-27 16:29:17,6.54
2026-01-27 16:29:18,6.54
2026-01-27 16:29:19,8.42
2026-01-27 16:29:20,8.42
2026-01-27 16:29:21,8.42
2026-01-27 16:29:22,8.42
2026-01-27 16:29:23,8.42
2026-01-27 16:29:24,6.42
2026-01-27 16:29:25,6.42
2026-01-27 16:29:26,6.42
2026-01-27 16:29:27,6.42
2026-01-27 16:29:28,6.42
2026-01-27 16:29:29,9.23
2026-01-27 16:29:30,9.23
2026-01-27 16:29:31,9.23
2026-01-27 16:29:32,9.23
2026-01-27 16:29:33,9.23
2026-01-27 16:29:34,6.40
2026-01-27 16:29:35,6.40
2026-01-27 16:29:36,6.40
2026-01-27 16:29:37,6.40
2026-01-27 16:29:38,6.40
2026-01-27 16:29:39,7.92
2026-01-27 16:29:40,7.92
2026-01-27 16:29:41,7.92
2026-01-27 16:29:42,7.92
2026-01-27 16:29:43,7.92
2026-01-27 16:29:44,6.46
2026-01-27 16:29:45,6.46
2026-01-27 16:29:46,6.46
2026-01-27 16:29:47,6.46
2026-01-27 16:29:48,6.46
2026-01-27 16:29:49,7.97
2026-01-27 16:29:50,7.97
2026-01-27 16:29:51,7.97
2026-01-27 16:29:52,7.97
2026-01-27 16:29:53,7.97
2026-01-27 16:29:54,6.63
2026-01-27 16:29:55,6.63
2026-01-27 16:29:56,6.63
2026-01-27 16:29:57,6.63
2026-01-27 16:29:58,6.63
2026-01-27 16:29:59,8.61
2026-01-27 16:30:00,8.61
2026-01-27 16:30:01,8.61
2026-01-27 16:30:02,8.61
2026-01-27 16:30:03,8.61
2026-01-27 16:30:04,6.59
2026-01-27 16:30:05,6.59
2026-01-27 16:30:06,6.59
2026-01-27 16:30:07,6.59
2026-01-27 16:30:08,6.59
2026-01-27 16:30:09,7.13
2026-01-27 16:30:10,7.13
2026-01-27 16:30:11,7.13
2026-01-27 16:30:12,7.13
2026-01-27 16:30:13,7.13
2026-01-27 16:30:14,7.21
2026-01-27 16:30:15,7.21
2026-01-27 16:30:16,7.21
2026-01-27 16:30:17,7.21
2026-01-27 16:30:18,7.21
2026-01-27 16:30:19,8.37
2026-01-27 16:30:20,8.37
2026-01-27 16:30:21,8.37
2026-01-27 16:30:22,8.37
2026-01-27 16:30:23,8.37
2026-01-27 16:30:24,6.97
2026-01-27 16:30:25,6.97
2026-01-27 16:30:26,6.97
2026-01-27 16:30:27,6.97
2026-01-27 16:30:28,6.97
2026-01-27 16:30:29,8.41
2026-01-27 16:30:30,8.41
2026-01-27 16:30:31,8.41
2026-01-27 16:30:32,8.41
2026-01-27 16:30:33,8.41
2026-01-27 16:30:34,8.06
2026-01-27 16:30:35,8.06
2026-01-27 16:30:36,8.06
2026-01-27 16:30:37,8.06
2026-01-27 16:30:38,8.06
2026-01-27 16:30:39,10.0
2026-01-27 16:30:40,10.0
2026-01-27 16:30:41,10.0
2026-01-27 16:30:42,10.0
2026-01-27 16:30:43,10.0
2026-01-27 16:30:44,8.17
2026-01-27 16:30:45,8.17
2026-01-27 16:30:46,8.17
2026-01-27 16:30:47,8.17
2026-01-27 16:30:48,8.17
2026-01-27 16:30:49,9.59
2026-01-27 16:30:50,9.59
2026-01-27 16:30:51,9.59
2026-01-27 16:30:52,9.59
2026-01-27 16:30:53,9.59
2026-01-27 16:30:54,9.52
2026-01-27 16:30:55,9.52
2026-01-27 16:30:56,9.52
2026-01-27 16:30:57,9.52
2026-01-27 16:30:58,9.52
2026-01-27 16:30:59,10.5
2026-01-27 16:31:00,10.5
2026-01-27 16:31:01,10.5
2026-01-27 16:31:02,10.5
2026-01-27 16:31:03,10.5
2026-01-27 16:31:04,9.12
2026-01-27 16:31:05,9.12
2026-01-27 16:31:06,9.12
2026-01-27 16:31:07,9.12
2026-01-27 16:31:08,9.12
2026-01-27 16:31:09,10.6
2026-01-27 16:31:10,10.6
2026-01-27 16:31:11,10.6
2026-01-27 16:31:12,10.6
2026-01-27 16:31:13,10.6
2026-01-27 16:31:14,9.18
2026-01-27 16:31:15,9.18
2026-01-27 16:31:16,9.18
2026-01-27 16:31:17,9.18
2026-01-27 16:31:18,9.18
2026-01-27 16:31:19,10.8
2026-01-27 16:31:20,10.8
2026-01-27 16:31:21,10.8
2026-01-27 16:31:22,10.8
2026-01-27 16:31:23,10.8
2026-01-27 16:31:24,9.35
2026-01-27 16:31:25,9.35
2026-01-27 16:31:26,9.35
2026-01-27 16:31:27,9.35
2026-01-27 16:31:28,9.35
2026-01-27 16:31:29,10.8
2026-01-27 16:31:30,10.8
2026-01-27 16:31:31,10.8
2026-01-27 16:31:32,10.8
2026-01-27 16:31:33,10.8
2026-01-27 16:31:34,9.12
2026-01-27 16:31:35,9.12
2026-01-27 16:31:36,9.12
2026-01-27 16:31:37,9.12
2026-01-27 16:31:38,9.12
2026-01-27 16:31:39,10.5
2026-01-27 16:31:40,10.5
2026-01-27 16:31:41,10.5
2026-01-27 16:31:42,10.5
2026-01-27 16:31:43,10.5
2026-01-27 16:31:44,8.41
2026-01-27 16:31:45,8.41
2026-01-27 16:31:46,8.41
2026-01-27 16:31:47,8.41
2026-01-27 16:31:48,8.41
2026-01-27 16:31:49,10.7
2026-01-27 16:31:50,10.7
2026-01-27 16:31:51,10.7
2026-01-27 16:31:52,10.7
2026-01-27 16:31:53,10.7
2026-01-27 16:31:54,9.38
2026-01-27 16:31:55,9.38
2026-01-27 16:31:56,9.38
2026-01-27 16:31:57,9.38
2026-01-27 16:31:58,9.38
2026-01-27 16:31:59,10.3
2026-01-27 16:32:00,10.3
2026-01-27 16:32:01,10.3
2026-01-27 16:32:02,10.3
2026-01-27 16:32:03,10.3
2026-01-27 16:32:04,9.39
2026-01-27 16:32:05,9.39
2026-01-27 16:32:06,9.39
2026-01-27 16:32:07,9.39
2026-01-27 16:32:08,9.39
2026-01-27 16:32:09,0
2026-01-27 16:32:10,0
2026-01-27 16:32:11,0
2026-01-27 16:32:12,0
2026-01-27 16:32:13,0
2026-01-27 16:32:14,0
2026-01-27 16:32:15,0
2026-01-27 16:32:16,0
2026-01-27 16:32:17,0
2026-01-27 16:32:18,0
2026-01-27 16:32:19,0
2026-01-27 16:32:20,0
2026-01-27 16:32:21,0
2026-01-27 16:32:22,0
2026-01-27 16:32:23,0
2026-01-27 16:32:24,0
2026-01-27 16:32:25,0
2026-01-27 16:32:26,0
2026-01-27 16:32:27,0
2026-01-27 16:32:28,0
2026-01-27 16:32:29,0
2026-01-27 16:32:30,0
2026-01-27 16:32:31,0
2026-01-27 16:32:32,0
2026-01-27 16:32:33,0
2026-01-27 16:32:34,0
2026-01-27 16:32:35,0
2026-01-27 16:32:36,0
2026-01-27 16:32:37,0
2026-01-27 16:32:38,0
2026-01-27 16:32:39,0
2026-01-27 16:32:40,0
2026-01-27 16:32:41,0
2026-01-27 16:32:42,0
2026-01-27 16:32:43,0
2026-01-27 16:32:44,0
2026-01-27 16:32:45,0
2026-01-27 16:32:46,0
2026-01-27 16:32:47,0
2026-01-27 16:32:48,0
2026-01-27 16:32:49,0
2026-01-27 16:32:50,0
2026-01-27 16:32:51,0
2026-01-27 16:32:52,0
2026-01-27 16:32:53,0
2026-01-27 16:32:54,0
2026-01-27 16:32:55,0
2026-01-27 16:32:56,0
2026-01-27 16:32:57,0
2026-01-27 16:32:58,0
2026-01-27 16:32:59,0
2026-01-27 16:33:00,0
2026-01-27 16:33:01,0
2026-01-27 16:33:02,0
2026-01-27 16:33:03,0
2026-01-27 16:33:04,0
2026-01-27 16:33:05,0
2026-01-27 16:33:06,0
2026-01-27 16:33:07,0
2026-01-27 16:33:08,0
2026-01-27 16:33:09,0
2026-01-27 16:33:10,0
2026-01-27 16:33:11,0
2026-01-27 16:33:12,0
2026-01-27 16:33:13,0
2026-01-27 16:33:14,0
2026-01-27 16:33:15,0
2026-01-27 16:33:16,0
2026-01-27 16:33:17,0
2026-01-27 16:33:18,0
2026-01-27 16:33:19,0
2026-01-27 16:33:20,0
2026-01-27 16:33:21,0
2026-01-27 16:33:22,0
2026-01-27 16:33:23,0
2026-01-27 16:33:24,0
2026-01-27 16:33:25,0
2026-01-27 16:33:26,0
2026-01-27 16:33:27,0
2026-01-27 16:33:28,0
2026-01-27 16:33:29,0
2026-01-27 16:33:30,0
2026-01-27 16:33:31,0
2026-01-27 16:33:32,0
2026-01-27 16:33:33,0
2026-01-27 16:33:34,0
2026-01-27 16:33:35,0
2026-01-27 16:33:36,0
2026-01-27 16:33:37,0
2026-01-27 16:33:38,0
2026-01-27 16:33:39,0
2026-01-27 16:33:40,0
2026-01-27 16:33:41,0
2026-01-27 16:33:42,0
2026-01-27 16:33:43,0
2026-01-27 16:36:29,6.70
2026-01-27 16:36:30,6.70
2026-01-27 16:36:31,6.70
2026-01-27 16:36:32,6.70
2026-01-27 16:36:33,6.70
2026-01-27 16:36:34,9.01
2026-01-27 16:36:35,9.01
2026-01-27 16:36:36,9.01
2026-01-27 16:36:37,9.01
2026-01-27 16:36:38,9.01
2026-01-27 16:36:39,10.2
2026-01-27 16:36:40,10.2
2026-01-27 16:36:41,10.2
2026-01-27 16:36:42,10.2
2026-01-27 16:36:43,10.2
2026-01-27 16:36:44,8.77
2026-01-27 16:36:45,8.77
2026-01-27 16:36:46,8.77
2026-01-27 16:36:47,8.77
2026-01-27 16:36:48,8.77
2026-01-27 16:36:49,10.1
2026-01-27 16:36:50,10.1
2026-01-27 16:36:51,10.1
2026-01-27 16:36:52,10.1
2026-01-27 16:36:53,10.1
2026-01-27 16:36:54,8.79
2026-01-27 16:36:55,8.79
2026-01-27 16:36:56,8.79
2026-01-27 16:36:57,8.79
2026-01-27 16:36:58,8.79
2026-01-27 16:36:59,8.91
2026-01-27 16:37:00,8.91
2026-01-27 16:37:01,8.91
2026-01-27 16:37:02,8.91
2026-01-27 16:37:03,8.91
2026-01-27 16:37:04,7.64
2026-01-27 16:37:05,7.64
2026-01-27 16:37:06,7.64
2026-01-27 16:37:07,7.64
2026-01-27 16:37:08,7.64
2026-01-27 16:37:09,9.58
2026-01-27 16:37:10,9.58
2026-01-27 16:37:11,9.58
2026-01-27 16:37:12,9.58
2026-01-27 16:37:13,9.58
2026-01-27 16:37:14,7.84
2026-01-27 16:37:15,7.84
2026-01-27 16:37:16,7.84
2026-01-27 16:37:17,7.84
2026-01-27 16:37:18,7.84
2026-01-27 16:37:19,8.91
2026-01-27 16:37:20,8.91
2026-01-27 16:37:21,8.91
2026-01-27 16:37:22,8.91
2026-01-27 16:37:23,8.91
2026-01-27 16:37:24,7.64
2026-01-27 16:37:25,7.64
2026-01-27 16:37:26,7.64
2026-01-27 16:37:27,7.64
2026-01-27 16:37:28,7.64
2026-01-27 16:37:29,9.95
2026-01-27 16:37:30,9.95
2026-01-27 16:37:31,9.95
2026-01-27 16:37:32,9.95
2026-01-27 16:37:33,9.95
2026-01-27 16:37:34,7.92
2026-01-27 16:37:35,7.92
2026-01-27 16:37:36,7.92
2026-01-27 16:37:37,7.92
2026-01-27 16:37:38,7.92
2026-01-27 16:37:39,9.02
2026-01-27 16:37:40,9.02
2026-01-27 16:37:41,9.02
2026-01-27 16:37:42,9.02
2026-01-27 16:37:43,9.02
2026-01-27 16:37:44,7.69
2026-01-27 16:37:45,7.69
2026-01-27 16:37:46,7.69
2026-01-27 16:37:47,7.69
2026-01-27 16:37:48,7.69
2026-01-27 16:37:49,8.92
2026-01-27 16:37:50,8.92
2026-01-27 16:37:51,8.92
2026-01-27 16:37:52,8.92
2026-01-27 16:37:53,8.92
2026-01-27 16:37:54,7.64
2026-01-27 16:37:55,7.64
2026-01-27 16:37:56,7.64
2026-01-27 16:37:57,7.64
2026-01-27 16:37:58,7.64
2026-01-27 16:37:59,8.92
2026-01-27 16:38:00,8.92
2026-01-27 16:38:01,8.92
2026-01-27 16:38:02,8.92
2026-01-27 16:38:03,8.92
2026-01-27 16:38:04,7.62
2026-01-27 16:38:05,7.62
2026-01-27 16:38:06,7.62
2026-01-27 16:38:07,7.62
2026-01-27 16:38:08,7.62
2026-01-27 16:38:09,9.57
2026-01-27 16:38:10,9.57
2026-01-27 16:38:11,9.57
2026-01-27 16:38:12,9.57
2026-01-27 16:38:13,9.57
2026-01-27 16:38:14,7.65
2026-01-27 16:38:15,7.65
2026-01-27 16:38:16,7.65
2026-01-27 16:38:17,7.65
2026-01-27 16:38:18,7.65
2026-01-27 16:38:19,8.97
2026-01-27 16:38:20,8.97
2026-01-27 16:38:21,8.97
2026-01-27 16:38:22,8.97
2026-01-27 16:38:23,8.97
2026-01-27 16:38:24,7.70
2026-01-27 16:38:25,7.70
2026-01-27 16:38:26,7.70
2026-01-27 16:38:27,7.70
2026-01-27 16:38:28,7.70
2026-01-27 16:38:29,9.73
2026-01-27 16:38:30,9.73
2026-01-27 16:38:31,9.73
2026-01-27 16:38:32,9.73
2026-01-27 16:38:33,9.73
2026-01-27 16:38:34,7.92
2026-01-27 16:38:35,7.92
2026-01-27 16:38:36,7.92
2026-01-27 16:38:37,7.92
2026-01-27 16:38:38,7.92
2026-01-27 16:38:39,9.26
2026-01-27 16:38:40,9.26
2026-01-27 16:38:41,9.26
2026-01-27 16:38:42,9.26
2026-01-27 16:38:43,9.26
2026-01-27 16:38:44,7.54
2026-01-27 16:38:45,7.54
2026-01-27 16:38:46,7.54
2026-01-27 16:38:47,7.54
2026-01-27 16:38:48,7.54
2026-01-27 16:38:49,9.23
2026-01-27 16:38:50,9.23
2026-01-27 16:38:51,9.23
2026-01-27 16:38:52,9.23
2026-01-27 16:38:53,9.23
2026-01-27 16:38:54,9.51
2026-01-27 16:38:55,9.51
2026-01-27 16:38:56,9.51
2026-01-27 16:38:57,9.51
2026-01-27 16:38:58,9.51
2026-01-27 16:38:59,8.49
2026-01-27 16:39:00,8.49
2026-01-27 16:39:01,8.49
2026-01-27 16:39:02,8.49
2026-01-27 16:39:03,8.49
2026-01-27 16:39:04,7.08
2026-01-27 16:39:05,7.08
2026-01-27 16:39:06,7.08
2026-01-27 16:39:07,7.08
2026-01-27 16:39:08,7.08
2026-01-27 16:39:09,10.00
2026-01-27 16:39:10,10.00
2026-01-27 16:39:11,10.00
2026-01-27 16:39:12,10.00
2026-01-27 16:39:13,10.00
2026-01-27 16:39:14,8.25
2026-01-27 16:39:15,8.25
2026-01-27 16:39:16,8.25
2026-01-27 16:39:17,8.25
2026-01-27 16:39:18,8.25
2026-01-27 16:39:19,10.1
2026-01-27 16:39:20,10.1
2026-01-27 16:39:21,10.1
2026-01-27 16:39:22,10.1
2026-01-27 16:39:23,10.1
2026-01-27 16:39:24,8.30
2026-01-27 16:39:25,8.30
2026-01-27 16:39:26,8.30
2026-01-27 16:39:27,8.30
2026-01-27 16:39:28,8.30
2026-01-27 16:39:29,10.1
2026-01-27 16:39:30,10.1
2026-01-27 16:39:31,10.1
2026-01-27 16:39:32,10.1
2026-01-27 16:39:33,10.1
2026-01-27 16:39:34,8.73
2026-01-27 16:39:35,8.73
2026-01-27 16:39:36,8.73
2026-01-27 16:39:37,8.73
2026-01-27 16:39:38,8.73
2026-01-27 16:39:39,10.7
2026-01-27 16:39:40,10.7
2026-01-27 16:39:41,10.7
2026-01-27 16:39:42,10.7
2026-01-27 16:39:43,10.7
2026-01-27 16:39:44,9.37
2026-01-27 16:39:45,9.37
2026-01-27 16:39:46,9.37
2026-01-27 16:39:47,9.37
2026-01-27 16:39:48,9.37
2026-01-27 16:39:49,10.8
2026-01-27 16:39:50,10.8
2026-01-27 16:39:51,10.8
2026-01-27 16:39:52,10.8
2026-01-27 16:39:53,10.8
2026-01-27 16:39:54,0
2026-01-27 16:39:55,0
2026-01-27 16:39:56,0
2026-01-27 16:39:57,0
2026-01-27 16:39:58,0
2026-01-27 16:39:59,0
2026-01-27 16:40:00,0
2026-01-27 16:40:01,0
2026-01-27 16:40:02,0
2026-01-27 16:40:03,0
2026-01-27 16:40:04,0
2026-01-27 16:40:05,0
2026-01-27 16:40:06,0
2026-01-27 16:40:07,0
2026-01-27 16:40:08,0
2026-01-27 16:40:09,0
2026-01-27 16:40:10,0
2026-01-27 16:40:11,0
2026-01-27 16:40:12,0
2026-01-27 16:40:13,0
2026-01-27 16:40:14,0
2026-01-27 16:40:15,0
2026-01-27 16:40:16,0
2026-01-27 16:40:17,0
2026-01-27 16:40:18,0
2026-01-27 16:40:19,0
2026-01-27 16:40:20,0
2026-01-27 16:40:21,0
2026-01-27 16:40:22,0
2026-01-27 16:40:23,0
2026-01-27 16:40:24,0
2026-01-27 16:40:25,0
2026-01-27 16:40:26,0
2026-01-27 16:40:27,0
2026-01-27 16:40:28,0
2026-01-27 16:40:29,0
2026-01-27 16:40:30,0
2026-01-27 16:40:31,0
2026-01-27 16:40:32,0
2026-01-27 16:40:33,0
2026-01-27 16:40:34,0
2026-01-27 16:40:35,0
2026-01-27 16:40:36,0
2026-01-27 16:40:37,0
2026-01-27 16:40:38,0
2026-01-27 16:40:39,0
2026-01-27 16:40:40,0
2026-01-27 16:40:41,0
2026-01-27 16:40:42,0
2026-01-27 16:40:43,0
2026-01-27 16:40:44,0
2026-01-27 16:40:45,0
2026-01-27 16:40:46,0
2026-01-27 16:40:47,0
2026-01-27 16:40:48,0
2026-01-27 16:40:49,0
2026-01-27 16:40:50,0
2026-01-27 16:40:51,0
2026-01-27 16:40:52,0
2026-01-27 16:40:53,0
2026-01-27 16:40:54,0
2026-01-27 16:40:55,0
2026-01-27 16:40:56,0
2026-01-27 16:40:57,0
2026-01-27 16:40:58,0
2026-01-27 16:40:59,0
2026-01-27 16:41:00,0
2026-01-27 16:41:01,0
2026-01-27 16:41:02,0
2026-01-27 16:41:03,0
2026-01-27 16:41:04,0
2026-01-27 16:41:05,0
2026-01-27 16:41:06,0
2026-01-27 16:41:07,0
2026-01-27 16:41:08,0
2026-01-27 16:41:09,0
2026-01-27 16:41:10,0
2026-01-27 16:41:11,0
2026-01-27 16:41:12,0
2026-01-27 16:41:13,0
2026-01-27 16:41:14,0
2026-01-27 16:41:15,0
2026-01-27 16:41:16,0
2026-01-27 16:41:17,0
2026-01-27 16:41:18,0
2026-01-27 16:41:19,0
2026-01-27 16:41:20,0
2026-01-27 16:41:21,0
2026-01-27 16:41:22,0
2026-01-27 16:41:23,0
2026-01-27 16:41:24,0
2026-01-27 16:41:25,0
2026-01-27 16:41:26,0
2026-01-27 16:41:27,0
2026-01-27 16:41:28,0
2026-01-27 16:46:29,4.51
2026-01-27 16:46:30,4.51
2026-01-27 16:46:31,4.51
2026-01-27 16:46:32,4.51
2026-01-27 16:46:33,4.51
2026-01-27 16:46:34,6.94
2026-01-27 16:46:35,6.94
2026-01-27 16:46:36,6.94
2026-01-27 16:46:37,6.94
2026-01-27 16:46:38,6.94
2026-01-27 16:46:39,7.52
2026-01-27 16:46:40,7.52
2026-01-27 16:46:41,7.52
2026-01-27 16:46:42,7.52
2026-01-27 16:46:43,7.52
2026-01-27 16:46:44,6.36
2026-01-27 16:46:45,6.36
2026-01-27 16:46:46,6.36
2026-01-27 16:46:47,6.36
2026-01-27 16:46:48,6.36
2026-01-27 16:46:49,8.32
2026-01-27 16:46:50,8.32
2026-01-27 16:46:51,8.32
2026-01-27 16:46:52,8.32
2026-01-27 16:46:53,8.32
2026-01-27 16:46:54,6.33
2026-01-27 16:46:55,6.33
2026-01-27 16:46:56,6.33
2026-01-27 16:46:57,6.33
2026-01-27 16:46:58,6.33
2026-01-27 16:46:59,7.61
2026-01-27 16:47:00,7.61
2026-01-27 16:47:01,7.61
2026-01-27 16:47:02,7.61
2026-01-27 16:47:03,7.61
2026-01-27 16:47:04,6.46
2026-01-27 16:47:05,6.46
2026-01-27 16:47:06,6.46
2026-01-27 16:47:07,6.46
2026-01-27 16:47:08,6.46
2026-01-27 16:47:09,7.50
2026-01-27 16:47:10,7.50
2026-01-27 16:47:11,7.50
2026-01-27 16:47:12,7.50
2026-01-27 16:47:13,7.50
2026-01-27 16:47:14,6.43
2026-01-27 16:47:15,6.43
2026-01-27 16:47:16,6.43
2026-01-27 16:47:17,6.43
2026-01-27 16:47:18,6.43
2026-01-27 16:47:19,8.35
2026-01-27 16:47:20,8.35
2026-01-27 16:47:21,8.35
2026-01-27 16:47:22,8.35
2026-01-27 16:47:23,8.35
2026-01-27 16:47:24,6.97
2026-01-27 16:47:25,6.97
2026-01-27 16:47:26,6.97
2026-01-27 16:47:27,6.97
2026-01-27 16:47:28,6.97
2026-01-27 16:47:29,8.36
2026-01-27 16:47:30,8.36
2026-01-27 16:47:31,8.36
2026-01-27 16:47:32,8.36
2026-01-27 16:47:33,8.36
2026-01-27 16:47:34,6.48
2026-01-27 16:47:35,6.48
2026-01-27 16:47:36,6.48
2026-01-27 16:47:37,6.48
2026-01-27 16:47:38,6.48
2026-01-27 16:47:39,7.84
2026-01-27 16:47:40,7.84
2026-01-27 16:47:41,7.84
2026-01-27 16:47:42,7.84
2026-01-27 16:47:43,7.84
2026-01-27 16:47:44,6.75
2026-01-27 16:47:45,6.75
2026-01-27 16:47:46,6.75
2026-01-27 16:47:47,6.75
2026-01-27 16:47:48,6.75
2026-01-27 16:47:49,8.93
2026-01-27 16:47:50,8.93
2026-01-27 16:47:51,8.93
2026-01-27 16:47:52,8.93
2026-01-27 16:47:53,8.93
2026-01-27 16:47:54,8.22
2026-01-27 16:47:55,8.22
2026-01-27 16:47:56,8.22
2026-01-27 16:47:57,8.22
2026-01-27 16:47:58,8.22
2026-01-27 16:47:59,9.26
2026-01-27 16:48:00,9.26
2026-01-27 16:48:01,9.26
2026-01-27 16:48:02,9.26
2026-01-27 16:48:03,9.26
2026-01-27 16:48:04,9.03
2026-01-27 16:48:05,9.03
2026-01-27 16:48:06,9.03
2026-01-27 16:48:07,9.03
2026-01-27 16:48:08,9.03
2026-01-27 16:48:09,10.3
2026-01-27 16:48:10,10.3
2026-01-27 16:48:11,10.3
2026-01-27 16:48:12,10.3
2026-01-27 16:48:13,10.3
2026-01-27 16:48:14,9.39
2026-01-27 16:48:15,9.39
2026-01-27 16:48:16,9.39
2026-01-27 16:48:17,9.39
2026-01-27 16:48:18,9.39
2026-01-27 16:48:19,10.1
2026-01-27 16:48:20,10.1
2026-01-27 16:48:21,10.1
2026-01-27 16:48:22,10.1
2026-01-27 16:48:23,10.1
2026-01-27 16:48:24,9.23
2026-01-27 16:48:25,9.23
2026-01-27 16:48:26,9.23
2026-01-27 16:48:27,9.23
2026-01-27 16:48:28,9.23
2026-01-27 16:48:29,11.4
2026-01-27 16:48:30,11.4
2026-01-27 16:48:31,11.4
2026-01-27 16:48:32,11.4
2026-01-27 16:48:33,11.4
2026-01-27 16:48:34,9.72
2026-01-27 16:48:35,9.72
2026-01-27 16:48:36,9.72
2026-01-27 16:48:37,9.72
2026-01-27 16:48:38,9.72
2026-01-27 16:48:39,10.8
2026-01-27 16:48:40,10.8
2026-01-27 16:48:41,10.8
2026-01-27 16:48:42,10.8
2026-01-27 16:48:43,10.8
2026-01-27 16:48:44,9.91
2026-01-27 16:48:45,9.91
2026-01-27 16:48:46,9.91
2026-01-27 16:48:47,9.91
2026-01-27 16:48:48,9.91
2026-01-27 16:48:49,10.6
2026-01-27 16:48:50,10.6
2026-01-27 16:48:51,10.6
2026-01-27 16:48:52,10.6
2026-01-27 16:48:53,10.6
2026-01-27 16:48:54,9.85
2026-01-27 16:48:55,9.85
2026-01-27 16:48:56,9.85
2026-01-27 16:48:57,9.85
2026-01-27 16:48:58,9.85
2026-01-27 16:48:59,11.0
2026-01-27 16:49:00,11.0
2026-01-27 16:49:01,11.0
2026-01-27 16:49:02,11.0
2026-01-27 16:49:03,11.0
2026-01-27 16:49:04,9.65
2026-01-27 16:49:05,9.65
2026-01-27 16:49:06,9.65
2026-01-27 16:49:07,9.65
2026-01-27 16:49:08,9.65
2026-01-27 16:49:09,10.5
2026-01-27 16:49:10,10.5
2026-01-27 16:49:11,10.5
2026-01-27 16:49:12,10.5
2026-01-27 16:49:13,10.5
2026-01-27 16:49:14,9.61
2026-01-27 16:49:15,9.61
2026-01-27 16:49:16,9.61
2026-01-27 16:49:17,9.61
2026-01-27 16:49:18,9.61
2026-01-27 16:49:19,10.2
2026-01-27 16:49:20,10.2
2026-01-27 16:49:21,10.2
2026-01-27 16:49:22,10.2
2026-01-27 16:49:23,10.2
2026-01-27 16:49:24,9.22
2026-01-27 16:49:25,9.22
2026-01-27 16:49:26,9.22
2026-01-27 16:49:27,9.22
2026-01-27 16:49:28,9.22
2026-01-27 16:49:29,11.3
2026-01-27 16:49:30,11.3
2026-01-27 16:49:31,11.3
2026-01-27 16:49:32,11.3
2026-01-27 16:49:33,11.3
2026-01-27 16:49:34,9.94
2026-01-27 16:49:35,9.94
2026-01-27 16:49:36,9.94
2026-01-27 16:49:37,9.94
2026-01-27 16:49:38,9.94
2026-01-27 16:49:39,9.87
2026-01-27 16:49:40,9.87
2026-01-27 16:49:41,9.87
2026-01-27 16:49:42,9.87
2026-01-27 16:49:43,9.87
2026-01-27 16:49:44,8.89
2026-01-27 16:49:45,8.89
2026-01-27 16:49:46,8.89
2026-01-27 16:49:47,8.89
2026-01-27 16:49:48,8.89
2026-01-27 16:49:49,10.1
2026-01-27 16:49:50,10.1
2026-01-27 16:49:51,10.1
2026-01-27 16:49:52,10.1
2026-01-27 16:49:53,10.1
2026-01-27 16:49:54,8.68
2026-01-27 16:49:55,8.68
2026-01-27 16:49:56,8.68
2026-01-27 16:49:57,8.68
2026-01-27 16:49:58,8.68
2026-01-27 16:49:59,0
2026-01-27 16:50:00,0
2026-01-27 16:50:01,0
2026-01-27 16:50:02,0
2026-01-27 16:50:03,0
2026-01-27 16:50:04,0
2026-01-27 16:50:05,0
2026-01-27 16:50:06,0
2026-01-27 16:50:07,0
2026-01-27 16:50:08,0
2026-01-27 16:50:09,0
2026-01-27 16:50:10,0
2026-01-27 16:50:11,0
2026-01-27 16:50:12,0
2026-01-27 16:50:13,0
2026-01-27 16:50:14,0
2026-01-27 16:50:15,0
2026-01-27 16:50:16,0
2026-01-27 16:50:17,0
2026-01-27 16:50:18,0
2026-01-27 16:50:19,0
2026-01-27 16:50:20,0
2026-01-27 16:50:21,0
2026-01-27 16:50:22,0
2026-01-27 16:50:23,0
2026-01-27 16:50:24,0
2026-01-27 16:50:25,0
2026-01-27 16:50:26,0
2026-01-27 16:50:27,0
2026-01-27 16:50:28,0
2026-01-27 16:50:29,0
2026-01-27 16:50:30,0
2026-01-27 16:50:31,0
2026-01-27 16:50:32,0
2026-01-27 16:50:33,0
2026-01-27 16:50:34,0
2026-01-27 16:50:35,0
2026-01-27 16:50:36,0
2026-01-27 16:50:37,0
2026-01-27 16:50:38,0
2026-01-27 16:50:39,0
2026-01-27 16:50:40,0
2026-01-27 16:50:41,0
2026-01-27 16:50:42,0
2026-01-27 16:50:43,0
2026-01-27 16:50:44,0
2026-01-27 16:50:45,0
2026-01-27 16:50:46,0
2026-01-27 16:50:47,0
2026-01-27 16:50:48,0
2026-01-27 16:50:49,0
2026-01-27 16:50:50,0
2026-01-27 16:50:51,0
2026-01-27 16:50:52,0
2026-01-27 16:50:53,0
2026-01-27 16:50:54,0
2026-01-27 16:50:55,0
2026-01-27 16:50:56,0
2026-01-27 16:50:57,0
2026-01-27 16:50:58,0
2026-01-27 16:50:59,0
2026-01-27 16:51:00,0
2026-01-27 16:51:01,0
2026-01-27 16:51:02,0
2026-01-27 16:51:03,0
2026-01-27 16:51:04,0
2026-01-27 16:51:05,0
2026-01-27 16:51:06,0
2026-01-27 16:51:07,0
2026-01-27 16:51:08,0
2026-01-27 16:51:09,0
2026-01-27 16:51:10,0
2026-01-27 16:51:11,0
2026-01-27 16:51:12,0
2026-01-27 16:51:13,0
2026-01-27 16:51:14,0
2026-01-27 16:51:15,0
2026-01-27 16:51:16,0
2026-01-27 16:51:17,0
2026-01-27 16:51:18,0
2026-01-27 16:51:19,0
2026-01-27 16:51:20,0
2026-01-27 16:51:21,0
2026-01-27 16:51:22,0
2026-01-27 16:51:23,0
2026-01-27 16:51:24,0
2026-01-27 16:51:25,0
2026-01-27 16:51:26,0
2026-01-27 16:51:27,0
2026-01-27 16:51:28,0
2026-01-27 16:51:29,0
2026-01-27 16:51:30,0
2026-01-27 16:51:31,0
2026-01-27 16:51:32,0
2026-01-27 16:51:33,0
2026-01-27 16:56:34,8.60
2026-01-27 16:56:35,8.60
2026-01-27 16:56:36,8.60
2026-01-27 16:56:37,8.60
2026-01-27 16:56:38,8.60
2026-01-27 16:56:39,10.3
2026-01-27 16:56:40,10.3
2026-01-27 16:56:41,10.3
2026-01-27 16:56:42,10.3
2026-01-27 16:56:43,10.3
2026-01-27 16:56:44,9.12
2026-01-27 16:56:45,9.12
2026-01-27 16:56:46,9.12
2026-01-27 16:56:47,9.12
2026-01-27 16:56:48,9.12
2026-01-27 16:56:49,9.73
2026-01-27 16:56:50,9.73
2026-01-27 16:56:51,9.73
2026-01-27 16:56:52,9.73
2026-01-27 16:56:53,9.73
2026-01-27 16:56:54,8.63
2026-01-27 16:56:55,8.63
2026-01-27 16:56:56,8.63
2026-01-27 16:56:57,8.63
2026-01-27 16:56:58,8.63
2026-01-27 16:56:59,10.3
2026-01-27 16:57:00,10.3
2026-01-27 16:57:01,10.3
2026-01-27 16:57:02,10.3
2026-01-27 16:57:03,10.3
2026-01-27 16:57:04,9.91
2026-01-27 16:57:05,9.91
2026-01-27 16:57:06,9.91
2026-01-27 16:57:07,9.91
2026-01-27 16:57:08,9.91
2026-01-27 16:57:09,10.5
2026-01-27 16:57:10,10.5
2026-01-27 16:57:11,10.5
2026-01-27 16:57:12,10.5
2026-01-27 16:57:13,10.5
2026-01-27 16:57:14,9.24
2026-01-27 16:57:15,9.24
2026-01-27 16:57:16,9.24
2026-01-27 16:57:17,9.24
2026-01-27 16:57:18,9.24
2026-01-27 16:57:19,9.78
2026-01-27 16:57:20,9.78
2026-01-27 16:57:21,9.78
2026-01-27 16:57:22,9.78
2026-01-27 16:57:23,9.78
2026-01-27 16:57:24,9.87
2026-01-27 16:57:25,9.87
2026-01-27 16:57:26,9.87
2026-01-27 16:57:27,9.87
2026-01-27 16:57:28,9.87
2026-01-27 16:57:29,10.2
2026-01-27 16:57:30,10.2
2026-01-27 16:57:31,10.2
2026-01-27 16:57:32,10.2
2026-01-27 16:57:33,10.2
2026-01-27 16:57:34,9.08
2026-01-27 16:57:35,9.08
2026-01-27 16:57:36,9.08
2026-01-27 16:57:37,9.08
2026-01-27 16:57:38,9.08
2026-01-27 16:57:39,10.2
2026-01-27 16:57:40,10.2
2026-01-27 16:57:41,10.2
2026-01-27 16:57:42,10.2
2026-01-27 16:57:43,10.2
2026-01-27 16:57:44,9.10
2026-01-27 16:57:45,9.10
2026-01-27 16:57:46,9.10
2026-01-27 16:57:47,9.10
2026-01-27 16:57:48,9.10
2026-01-27 16:57:49,10.4
2026-01-27 16:57:50,10.4
2026-01-27 16:57:51,10.4
2026-01-27 16:57:52,10.4
2026-01-27 16:57:53,10.4
2026-01-27 16:57:54,9.08
2026-01-27 16:57:55,9.08
2026-01-27 16:57:56,9.08
2026-01-27 16:57:57,9.08
2026-01-27 16:57:58,9.08
2026-01-27 16:57:59,9.80
2026-01-27 16:58:00,9.80
2026-01-27 16:58:01,9.80
2026-01-27 16:58:02,9.80
2026-01-27 16:58:03,9.80
2026-01-27 16:58:04,9.94
2026-01-27 16:58:05,9.94
2026-01-27 16:58:06,9.94
2026-01-27 16:58:07,9.94
2026-01-27 16:58:08,9.94
2026-01-27 16:58:09,9.93
2026-01-27 16:58:10,9.93
2026-01-27 16:58:11,9.93
2026-01-27 16:58:12,9.93
2026-01-27 16:58:13,9.93
2026-01-27 16:58:14,9.26
2026-01-27 16:58:15,9.26
2026-01-27 16:58:16,9.26
2026-01-27 16:58:17,9.26
2026-01-27 16:58:18,9.26
2026-01-27 16:58:19,9.69
2026-01-27 16:58:20,9.69
2026-01-27 16:58:21,9.69
2026-01-27 16:58:22,9.69
2026-01-27 16:58:23,9.69
2026-01-27 16:58:24,8.60
2026-01-27 16:58:25,8.60
2026-01-27 16:58:26,8.60
2026-01-27 16:58:27,8.60
2026-01-27 16:58:28,8.60
2026-01-27 16:58:29,9.79
2026-01-27 16:58:30,9.79
2026-01-27 16:58:31,9.79
2026-01-27 16:58:32,9.79
2026-01-27 16:58:33,9.79
2026-01-27 16:58:34,8.73
2026-01-27 16:58:35,8.73
2026-01-27 16:58:36,8.73
2026-01-27 16:58:37,8.73
2026-01-27 16:58:38,8.73
2026-01-27 16:58:39,10.9
2026-01-27 16:58:40,10.9
2026-01-27 16:58:41,10.9
2026-01-27 16:58:42,10.9
2026-01-27 16:58:43,10.9
2026-01-27 16:58:44,9.86
2026-01-27 16:58:45,9.86
2026-01-27 16:58:46,9.86
2026-01-27 16:58:47,9.86
2026-01-27 16:58:48,9.86
2026-01-27 16:58:49,11.7
2026-01-27 16:58:50,11.7
2026-01-27 16:58:51,11.7
2026-01-27 16:58:52,11.7
2026-01-27 16:58:53,11.7
2026-01-27 16:58:54,8.64
2026-01-27 16:58:55,8.64
2026-01-27 16:58:56,8.64
2026-01-27 16:58:57,8.64
2026-01-27 16:58:58,8.64
2026-01-27 16:58:59,8.82
2026-01-27 16:59:00,8.82
2026-01-27 16:59:01,8.82
2026-01-27 16:59:02,8.82
2026-01-27 16:59:03,8.82
2026-01-27 16:59:04,6.74
2026-01-27 16:59:05,6.74
2026-01-27 16:59:06,6.74
2026-01-27 16:59:07,6.74
2026-01-27 16:59:08,6.74
2026-01-27 16:59:09,7.28
2026-01-27 16:59:10,7.28
2026-01-27 16:59:11,7.28
2026-01-27 16:59:12,7.28
2026-01-27 16:59:13,7.28
2026-01-27 16:59:14,7.31
2026-01-27 16:59:15,7.31
2026-01-27 16:59:16,7.31
2026-01-27 16:59:17,7.31
2026-01-27 16:59:18,7.31
2026-01-27 16:59:19,7.91
2026-01-27 16:59:20,7.91
2026-01-27 16:59:21,7.91
2026-01-27 16:59:22,7.91
2026-01-27 16:59:23,7.91
2026-01-27 16:59:24,6.55
2026-01-27 16:59:25,6.55
2026-01-27 16:59:26,6.55
2026-01-27 16:59:27,6.55
2026-01-27 16:59:28,6.55
2026-01-27 16:59:29,7.94
2026-01-27 16:59:30,7.94
2026-01-27 16:59:31,7.94
2026-01-27 16:59:32,7.94
2026-01-27 16:59:33,7.94
2026-01-27 16:59:34,6.51
2026-01-27 16:59:35,6.51
2026-01-27 16:59:36,6.51
2026-01-27 16:59:37,6.51
2026-01-27 16:59:38,6.51
2026-01-27 16:59:39,7.29
2026-01-27 16:59:40,7.29
2026-01-27 16:59:41,7.29
2026-01-27 16:59:42,7.29
2026-01-27 16:59:43,7.29
2026-01-27 16:59:44,6.41
2026-01-27 16:59:45,6.41
2026-01-27 16:59:46,6.41
2026-01-27 16:59:47,6.41
2026-01-27 16:59:48,6.41
2026-01-27 16:59:49,7.29
2026-01-27 16:59:50,7.29
2026-01-27 16:59:51,7.29
2026-01-27 16:59:52,7.29
2026-01-27 16:59:53,7.29
2026-01-27 16:59:54,6.27
2026-01-27 16:59:55,6.27
2026-01-27 16:59:56,6.27
2026-01-27 16:59:57,6.27
2026-01-27 16:59:58,6.27
2026-01-27 16:59:59,0
2026-01-27 17:00:00,0
2026-01-27 17:00:01,0
2026-01-27 17:00:02,0
2026-01-27 17:00:03,0
2026-01-27 17:00:04,0
2026-01-27 17:00:05,0
2026-01-27 17:00:06,0
2026-01-27 17:00:07,0
2026-01-27 17:00:08,0
2026-01-27 17:00:09,0
2026-01-27 17:00:10,0
2026-01-27 17:00:11,0
2026-01-27 17:00:12,0
2026-01-27 17:00:13,0
2026-01-27 17:00:14,0
2026-01-27 17:00:15,0
2026-01-27 17:00:16,0
2026-01-27 17:00:17,0
2026-01-27 17:00:18,0
2026-01-27 17:00:19,0
2026-01-27 17:00:20,0
2026-01-27 17:00:21,0
2026-01-27 17:00:22,0
2026-01-27 17:00:23,0
2026-01-27 17:00:24,0
2026-01-27 17:00:25,0
2026-01-27 17:00:26,0
2026-01-27 17:00:27,0
2026-01-27 17:00:28,0
2026-01-27 17:00:29,0
2026-01-27 17:00:30,0
2026-01-27 17:00:31,0
2026-01-27 17:00:32,0
2026-01-27 17:00:33,0
2026-01-27 17:00:34,0
2026-01-27 17:00:35,0
2026-01-27 17:00:36,0
2026-01-27 17:00:37,0
2026-01-27 17:00:38,0
2026-01-27 17:00:39,0
2026-01-27 17:00:40,0
2026-01-27 17:00:41,0
2026-01-27 17:00:42,0
2026-01-27 17:00:43,0
2026-01-27 17:00:44,0
2026-01-27 17:00:45,0
2026-01-27 17:00:46,0
2026-01-27 17:00:47,0
2026-01-27 17:00:48,0
2026-01-27 17:00:49,0
2026-01-27 17:00:50,0
2026-01-27 17:00:51,0
2026-01-27 17:00:52,0
2026-01-27 17:00:53,0
2026-01-27 17:00:54,0
2026-01-27 17:00:55,0
2026-01-27 17:00:56,0
2026-01-27 17:00:57,0
2026-01-27 17:00:58,0
2026-01-27 17:00:59,0
2026-01-27 17:01:00,0
2026-01-27 17:01:01,0
2026-01-27 17:01:02,0
2026-01-27 17:01:03,0
2026-01-27 17:01:04,0
2026-01-27 17:01:05,0
2026-01-27 17:01:06,0
2026-01-27 17:01:07,0
2026-01-27 17:01:08,0
2026-01-27 17:01:09,0
2026-01-27 17:01:10,0
2026-01-27 17:01:11,0
2026-01-27 17:01:12,0
2026-01-27 17:01:13,0
2026-01-27 17:01:14,0
2026-01-27 17:01:15,0
2026-01-27 17:01:16,0
2026-01-27 17:01:17,0
2026-01-27 17:01:18,0
2026-01-27 17:01:19,0
2026-01-27 17:01:20,0
2026-01-27 17:01:21,0
2026-01-27 17:01:22,0
2026-01-27 17:01:23,0
2026-01-27 17:01:24,0
2026-01-27 17:01:25,0
2026-01-27 17:01:26,0
2026-01-27 17:01:27,0
2026-01-27 17:01:28,0
2026-01-27 17:01:29,0
2026-01-27 17:01:30,0
2026-01-27 17:01:31,0
2026-01-27 17:01:32,0
2026-01-27 17:01:33,0
2026-01-27 17:01:39,7.26
2026-01-27 17:01:40,7.26
2026-01-27 17:01:41,7.26
2026-01-27 17:01:42,7.26
2026-01-27 17:01:43,7.26
2026-01-27 17:01:44,7.87
2026-01-27 17:01:45,7.87
2026-01-27 17:01:46,7.87
2026-01-27 17:01:47,7.87
2026-01-27 17:01:48,7.87
2026-01-27 17:01:49,8.61
2026-01-27 17:01:50,8.61
2026-01-27 17:01:51,8.61
2026-01-27 17:01:52,8.61
2026-01-27 17:01:53,8.61
2026-01-27 17:01:54,7.58
2026-01-27 17:01:55,7.58
2026-01-27 17:01:56,7.58
2026-01-27 17:01:57,7.58
2026-01-27 17:01:58,7.58
2026-01-27 17:01:59,8.25
2026-01-27 17:02:00,8.25
2026-01-27 17:02:01,8.25
2026-01-27 17:02:02,8.25
2026-01-27 17:02:03,8.25
2026-01-27 17:02:04,7.72
2026-01-27 17:02:05,7.72
2026-01-27 17:02:06,7.72
2026-01-27 17:02:07,7.72
2026-01-27 17:02:08,7.72
2026-01-27 17:02:09,8.89
2026-01-27 17:02:10,8.89
2026-01-27 17:02:11,8.89
2026-01-27 17:02:12,8.89
2026-01-27 17:02:13,8.89
2026-01-27 17:02:14,7.56
2026-01-27 17:02:15,7.56
2026-01-27 17:02:16,7.56
2026-01-27 17:02:17,7.56
2026-01-27 17:02:18,7.56
2026-01-27 17:02:19,8.42
2026-01-27 17:02:20,8.42
2026-01-27 17:02:21,8.42
2026-01-27 17:02:22,8.42
2026-01-27 17:02:23,8.42
2026-01-27 17:02:24,7.61
2026-01-27 17:02:25,7.61
2026-01-27 17:02:26,7.61
2026-01-27 17:02:27,7.61
2026-01-27 17:02:28,7.61
2026-01-27 17:02:29,10.3
2026-01-27 17:02:30,10.3
2026-01-27 17:02:31,10.3
2026-01-27 17:02:32,10.3
2026-01-27 17:02:33,10.3
2026-01-27 17:02:34,6.96
2026-01-27 17:02:35,6.96
2026-01-27 17:02:36,6.96
2026-01-27 17:02:37,6.96
2026-01-27 17:02:38,6.96
2026-01-27 17:02:39,7.28
2026-01-27 17:02:40,7.28
2026-01-27 17:02:41,7.28
2026-01-27 17:02:42,7.28
2026-01-27 17:02:43,7.28
2026-01-27 17:02:44,6.43
2026-01-27 17:02:45,6.43
2026-01-27 17:02:46,6.43
2026-01-27 17:02:47,6.43
2026-01-27 17:02:48,6.43
2026-01-27 17:02:49,7.31
2026-01-27 17:02:50,7.31
2026-01-27 17:02:51,7.31
2026-01-27 17:02:52,7.31
2026-01-27 17:02:53,7.31
2026-01-27 17:02:54,6.51
2026-01-27 17:02:55,6.51
2026-01-27 17:02:56,6.51
2026-01-27 17:02:57,6.51
2026-01-27 17:02:58,6.51
2026-01-27 17:02:59,7.27
2026-01-27 17:03:00,7.27
2026-01-27 17:03:01,7.27
2026-01-27 17:03:02,7.27
2026-01-27 17:03:03,7.27
2026-01-27 17:03:04,6.57
2026-01-27 17:03:05,6.57
2026-01-27 17:03:06,6.57
2026-01-27 17:03:07,6.57
2026-01-27 17:03:08,6.57
2026-01-27 17:03:09,7.73
2026-01-27 17:03:10,7.73
2026-01-27 17:03:11,7.73
2026-01-27 17:03:12,7.73
2026-01-27 17:03:13,7.73
2026-01-27 17:03:14,6.47
2026-01-27 17:03:15,6.47
2026-01-27 17:03:16,6.47
2026-01-27 17:03:17,6.47
2026-01-27 17:03:18,6.47
2026-01-27 17:03:19,7.23
2026-01-27 17:03:20,7.23
2026-01-27 17:03:21,7.23
2026-01-27 17:03:22,7.23
2026-01-27 17:03:23,7.23
2026-01-27 17:03:24,6.60
2026-01-27 17:03:25,6.60
2026-01-27 17:03:26,6.60
2026-01-27 17:03:27,6.60
2026-01-27 17:03:28,6.60
2026-01-27 17:03:29,7.30
2026-01-27 17:03:30,7.30
2026-01-27 17:03:31,7.30
2026-01-27 17:03:32,7.30
2026-01-27 17:03:33,7.30
2026-01-27 17:03:34,7.67
2026-01-27 17:03:35,7.67
2026-01-27 17:03:36,7.67
2026-01-27 17:03:37,7.67
2026-01-27 17:03:38,7.67
2026-01-27 17:03:39,7.77
2026-01-27 17:03:40,7.77
2026-01-27 17:03:41,7.77
2026-01-27 17:03:42,7.77
2026-01-27 17:03:43,7.77
2026-01-27 17:03:44,6.48
2026-01-27 17:03:45,6.48
2026-01-27 17:03:46,6.48
2026-01-27 17:03:47,6.48
2026-01-27 17:03:48,6.48
2026-01-27 17:03:49,7.45
2026-01-27 17:03:50,7.45
2026-01-27 17:03:51,7.45
2026-01-27 17:03:52,7.45
2026-01-27 17:03:53,7.45
2026-01-27 17:03:54,7.32
2026-01-27 17:03:55,7.32
2026-01-27 17:03:56,7.32
2026-01-27 17:03:57,7.32
2026-01-27 17:03:58,7.32
2026-01-27 17:03:59,9.05
2026-01-27 17:04:00,9.05
2026-01-27 17:04:01,9.05
2026-01-27 17:04:02,9.05
2026-01-27 17:04:03,9.05
2026-01-27 17:04:04,7.52
2026-01-27 17:04:05,7.52
2026-01-27 17:04:06,7.52
2026-01-27 17:04:07,7.52
2026-01-27 17:04:08,7.52
2026-01-27 17:04:09,7.99
2026-01-27 17:04:10,7.99
2026-01-27 17:04:11,7.99
2026-01-27 17:04:12,7.99
2026-01-27 17:04:13,7.99
2026-01-27 17:04:14,7.36
2026-01-27 17:04:15,7.36
2026-01-27 17:04:16,7.36
2026-01-27 17:04:17,7.36
2026-01-27 17:04:18,7.36
2026-01-27 17:04:19,8.56
2026-01-27 17:04:20,8.56
2026-01-27 17:04:21,8.56
2026-01-27 17:04:22,8.56
2026-01-27 17:04:23,8.56
2026-01-27 17:04:24,7.39
2026-01-27 17:04:25,7.39
2026-01-27 17:04:26,7.39
2026-01-27 17:04:27,7.39
2026-01-27 17:04:28,7.39
2026-01-27 17:04:29,9.33
2026-01-27 17:04:30,9.33
2026-01-27 17:04:31,9.33
2026-01-27 17:04:32,9.33
2026-01-27 17:04:33,9.33
2026-01-27 17:04:34,8.93
2026-01-27 17:04:35,8.93
2026-01-27 17:04:36,8.93
2026-01-27 17:04:37,8.93
2026-01-27 17:04:38,8.93
2026-01-27 17:04:39,10.0
2026-01-27 17:04:40,10.0
2026-01-27 17:04:41,10.0
2026-01-27 17:04:42,10.0
2026-01-27 17:04:43,10.0
2026-01-27 17:04:44,9.90
2026-01-27 17:04:45,9.90
2026-01-27 17:04:46,9.90
2026-01-27 17:04:47,9.90
2026-01-27 17:04:48,9.90
2026-01-27 17:04:49,9.74
2026-01-27 17:04:50,9.74
2026-01-27 17:04:51,9.74
2026-01-27 17:04:52,9.74
2026-01-27 17:04:53,9.74
2026-01-27 17:04:54,0
2026-01-27 17:04:55,0
2026-01-27 17:04:56,0
2026-01-27 17:04:57,0
2026-01-27 17:04:58,0
2026-01-27 17:04:59,0
2026-01-27 17:05:00,0
2026-01-27 17:05:01,0
2026-01-27 17:05:02,0
2026-01-27 17:05:03,0
2026-01-27 17:05:04,0
2026-01-27 17:05:05,0
2026-01-27 17:05:06,0
2026-01-27 17:05:07,0
2026-01-27 17:05:08,0
2026-01-27 17:05:09,0
2026-01-27 17:05:10,0
2026-01-27 17:05:11,0
2026-01-27 17:05:12,0
2026-01-27 17:05:13,0
2026-01-27 17:05:14,0
2026-01-27 17:05:15,0
2026-01-27 17:05:16,0
2026-01-27 17:05:17,0
2026-01-27 17:05:18,0
2026-01-27 17:05:19,0
2026-01-27 17:05:20,0
2026-01-27 17:05:21,0
2026-01-27 17:05:22,0
2026-01-27 17:05:23,0
2026-01-27 17:05:24,0
2026-01-27 17:05:25,0
2026-01-27 17:05:26,0
2026-01-27 17:05:27,0
2026-01-27 17:05:28,0
2026-01-27 17:05:29,0
2026-01-27 17:05:30,0
2026-01-27 17:05:31,0
2026-01-27 17:05:32,0
2026-01-27 17:05:33,0
2026-01-27 17:05:34,0
2026-01-27 17:05:35,0
2026-01-27 17:05:36,0
2026-01-27 17:05:37,0
2026-01-27 17:05:38,0
2026-01-27 17:05:39,0
2026-01-27 17:05:40,0
2026-01-27 17:05:41,0
2026-01-27 17:05:42,0
2026-01-27 17:05:43,0
2026-01-27 17:05:44,0
2026-01-27 17:05:45,0
2026-01-27 17:05:46,0
2026-01-27 17:05:47,0
2026-01-27 17:05:48,0
2026-01-27 17:05:49,0
2026-01-27 17:05:50,0
2026-01-27 17:05:51,0
2026-01-27 17:05:52,0
2026-01-27 17:05:53,0
2026-01-27 17:05:54,0
2026-01-27 17:05:55,0
2026-01-27 17:05:56,0
2026-01-27 17:05:57,0
2026-01-27 17:05:58,0
2026-01-27 17:05:59,0
2026-01-27 17:06:00,0
2026-01-27 17:06:01,0
2026-01-27 17:06:02,0
2026-01-27 17:06:03,0
2026-01-27 17:06:04,0
2026-01-27 17:06:05,0
2026-01-27 17:06:06,0
2026-01-27 17:06:07,0
2026-01-27 17:06:08,0
2026-01-27 17:06:09,0
2026-01-27 17:06:10,0
2026-01-27 17:06:11,0
2026-01-27 17:06:12,0
2026-01-27 17:06:13,0
2026-01-27 17:06:14,0
2026-01-27 17:06:15,0
2026-01-27 17:06:16,0
2026-01-27 17:06:17,0
2026-01-27 17:06:18,0
2026-01-27 17:06:19,0
2026-01-27 17:06:20,0
2026-01-27 17:06:21,0
2026-01-27 17:06:22,0
2026-01-27 17:06:23,0
2026-01-27 17:06:24,0
2026-01-27 17:06:25,0
2026-01-27 17:06:26,0
2026-01-27 17:06:27,0
2026-01-27 17:06:28,0
2026-01-27 17:06:49,6.12
2026-01-27 17:06:50,6.12
2026-01-27 17:06:51,6.12
2026-01-27 17:06:52,6.12
2026-01-27 17:06:53,6.12
2026-01-27 17:06:54,11.8
2026-01-27 17:06:55,11.8
2026-01-27 17:06:56,11.8
2026-01-27 17:06:57,11.8
2026-01-27 17:06:58,11.8
2026-01-27 17:06:59,12.1
2026-01-27 17:07:00,12.1
2026-01-27 17:07:01,12.1
2026-01-27 17:07:02,12.1
2026-01-27 17:07:03,12.1
2026-01-27 17:07:04,12.6
2026-01-27 17:07:05,12.6
2026-01-27 17:07:06,12.6
2026-01-27 17:07:07,12.6
2026-01-27 17:07:08,12.6
2026-01-27 17:07:09,11.7
2026-01-27 17:07:10,11.7
2026-01-27 17:07:11,11.7
2026-01-27 17:07:12,11.7
2026-01-27 17:07:13,11.7
2026-01-27 17:07:14,11.7
2026-01-27 17:07:15,11.7
2026-01-27 17:07:16,11.7
2026-01-27 17:07:17,11.7
2026-01-27 17:07:18,11.7
2026-01-27 17:07:19,11.3
2026-01-27 17:07:20,11.3
2026-01-27 17:07:21,11.3
2026-01-27 17:07:22,11.3
2026-01-27 17:07:23,11.3
2026-01-27 17:07:24,12.0
2026-01-27 17:07:25,12.0
2026-01-27 17:07:26,12.0
2026-01-27 17:07:27,12.0
2026-01-27 17:07:28,12.0
2026-01-27 17:07:29,10.6
2026-01-27 17:07:30,10.6
2026-01-27 17:07:31,10.6
2026-01-27 17:07:32,10.6
2026-01-27 17:07:33,10.6
2026-01-27 17:07:34,12.9
2026-01-27 17:07:35,12.9
2026-01-27 17:07:36,12.9
2026-01-27 17:07:37,12.9
2026-01-27 17:07:38,12.9
2026-01-27 17:07:39,10.6
2026-01-27 17:07:40,10.6
2026-01-27 17:07:41,10.6
2026-01-27 17:07:42,10.6
2026-01-27 17:07:43,10.6
2026-01-27 17:07:44,9.18
2026-01-27 17:07:45,9.18
2026-01-27 17:07:46,9.18
2026-01-27 17:07:47,9.18
2026-01-27 17:07:48,9.18
2026-01-27 17:07:49,8.67
2026-01-27 17:07:50,8.67
2026-01-27 17:07:51,8.67
2026-01-27 17:07:52,8.67
2026-01-27 17:07:53,8.67
2026-01-27 17:07:54,9.36
2026-01-27 17:07:55,9.36
2026-01-27 17:07:56,9.36
2026-01-27 17:07:57,9.36
2026-01-27 17:07:58,9.36
2026-01-27 17:07:59,8.78
2026-01-27 17:08:00,8.78
2026-01-27 17:08:01,8.78
2026-01-27 17:08:02,8.78
2026-01-27 17:08:03,8.78
2026-01-27 17:08:04,9.88
2026-01-27 17:08:05,9.88
2026-01-27 17:08:06,9.88
2026-01-27 17:08:07,9.88
2026-01-27 17:08:08,9.88
2026-01-27 17:08:09,8.99
2026-01-27 17:08:10,8.99
2026-01-27 17:08:11,8.99
2026-01-27 17:08:12,8.99
2026-01-27 17:08:13,8.99
2026-01-27 17:08:14,8.81
2026-01-27 17:08:15,8.81
2026-01-27 17:08:16,8.81
2026-01-27 17:08:17,8.81
2026-01-27 17:08:18,8.81
2026-01-27 17:08:19,8.68
2026-01-27 17:08:20,8.68
2026-01-27 17:08:21,8.68
2026-01-27 17:08:22,8.68
2026-01-27 17:08:23,8.68
2026-01-27 17:08:24,9.27
2026-01-27 17:08:25,9.27
2026-01-27 17:08:26,9.27
2026-01-27 17:08:27,9.27
2026-01-27 17:08:28,9.27
2026-01-27 17:08:29,8.63
2026-01-27 17:08:30,8.63
2026-01-27 17:08:31,8.63
2026-01-27 17:08:32,8.63
2026-01-27 17:08:33,8.63
2026-01-27 17:08:34,9.66
2026-01-27 17:08:35,9.66
2026-01-27 17:08:36,9.66
2026-01-27 17:08:37,9.66
2026-01-27 17:08:38,9.66
2026-01-27 17:08:39,8.83
2026-01-27 17:08:40,8.83
2026-01-27 17:08:41,8.83
2026-01-27 17:08:42,8.83
2026-01-27 17:08:43,8.83
2026-01-27 17:08:44,11.4
2026-01-27 17:08:45,11.4
2026-01-27 17:08:46,11.4
2026-01-27 17:08:47,11.4
2026-01-27 17:08:48,11.4
2026-01-27 17:08:49,8.61
2026-01-27 17:08:50,8.61
2026-01-27 17:08:51,8.61
2026-01-27 17:08:52,8.61
2026-01-27 17:08:53,8.61
2026-01-27 17:08:54,8.18
2026-01-27 17:08:55,8.18
2026-01-27 17:08:56,8.18
2026-01-27 17:08:57,8.18
2026-01-27 17:08:58,8.18
2026-01-27 17:08:59,7.53
2026-01-27 17:09:00,7.53
2026-01-27 17:09:01,7.53
2026-01-27 17:09:02,7.53
2026-01-27 17:09:03,7.53
2026-01-27 17:09:04,8.25
2026-01-27 17:09:05,8.25
2026-01-27 17:09:06,8.25
2026-01-27 17:09:07,8.25
2026-01-27 17:09:08,8.25
2026-01-27 17:09:09,8.12
2026-01-27 17:09:10,8.12
2026-01-27 17:09:11,8.12
2026-01-27 17:09:12,8.12
2026-01-27 17:09:13,8.12
2026-01-27 17:09:14,7.49
2026-01-27 17:09:15,7.49
2026-01-27 17:09:16,7.49
2026-01-27 17:09:17,7.49
2026-01-27 17:09:18,7.49
2026-01-27 17:09:19,7.62
2026-01-27 17:09:20,7.62
2026-01-27 17:09:21,7.62
2026-01-27 17:09:22,7.62
2026-01-27 17:09:23,7.62
2026-01-27 17:09:24,8.17
2026-01-27 17:09:25,8.17
2026-01-27 17:09:26,8.17
2026-01-27 17:09:27,8.17
2026-01-27 17:09:28,8.17
2026-01-27 17:09:29,7.63
2026-01-27 17:09:30,7.63
2026-01-27 17:09:31,7.63
2026-01-27 17:09:32,7.63
2026-01-27 17:09:33,7.63
2026-01-27 17:09:34,8.51
2026-01-27 17:09:35,8.51
2026-01-27 17:09:36,8.51
2026-01-27 17:09:37,8.51
2026-01-27 17:09:38,8.51
2026-01-27 17:09:39,7.80
2026-01-27 17:09:40,7.80
2026-01-27 17:09:41,7.80
2026-01-27 17:09:42,7.80
2026-01-27 17:09:43,7.80
2026-01-27 17:09:44,8.44
2026-01-27 17:09:45,8.44
2026-01-27 17:09:46,8.44
2026-01-27 17:09:47,8.44
2026-01-27 17:09:48,8.44
2026-01-27 17:09:49,7.58
2026-01-27 17:09:50,7.58
2026-01-27 17:09:51,7.58
2026-01-27 17:09:52,7.58
2026-01-27 17:09:53,7.58
2026-01-27 17:09:54,8.20
2026-01-27 17:09:55,8.20
2026-01-27 17:09:56,8.20
2026-01-27 17:09:57,8.20
2026-01-27 17:09:58,8.20
2026-01-27 17:09:59,7.57
2026-01-27 17:10:00,7.57
2026-01-27 17:10:01,7.57
2026-01-27 17:10:02,7.57
2026-01-27 17:10:03,7.57
2026-01-27 17:10:04,8.14
2026-01-27 17:10:05,8.14
2026-01-27 17:10:06,8.14
2026-01-27 17:10:07,8.14
2026-01-27 17:10:08,8.14
2026-01-27 17:10:09,7.91
2026-01-27 17:10:10,7.91
2026-01-27 17:10:11,7.91
2026-01-27 17:10:12,7.91
2026-01-27 17:10:13,7.91
2026-01-27 17:10:14,0
2026-01-27 17:10:15,0
2026-01-27 17:10:16,0
2026-01-27 17:10:17,0
2026-01-27 17:10:18,0
2026-01-27 17:10:19,0
2026-01-27 17:10:20,0
2026-01-27 17:10:21,0
2026-01-27 17:10:22,0
2026-01-27 17:10:23,0
2026-01-27 17:10:24,0
2026-01-27 17:10:25,0
2026-01-27 17:10:26,0
2026-01-27 17:10:27,0
2026-01-27 17:10:28,0
2026-01-27 17:10:29,0
2026-01-27 17:10:30,0
2026-01-27 17:10:31,0
2026-01-27 17:10:32,0
2026-01-27 17:10:33,0
2026-01-27 17:10:34,0
2026-01-27 17:10:35,0
2026-01-27 17:10:36,0
2026-01-27 17:10:37,0
2026-01-27 17:10:38,0
2026-01-27 17:10:39,0
2026-01-27 17:10:40,0
2026-01-27 17:10:41,0
2026-01-27 17:10:42,0
2026-01-27 17:10:43,0
2026-01-27 17:10:44,0
2026-01-27 17:10:45,0
2026-01-27 17:10:46,0
2026-01-27 17:10:47,0
2026-01-27 17:10:48,0
2026-01-27 17:10:49,0
2026-01-27 17:10:50,0
2026-01-27 17:10:51,0
2026-01-27 17:10:52,0
2026-01-27 17:10:53,0
2026-01-27 17:10:54,0
2026-01-27 17:10:55,0
2026-01-27 17:10:56,0
2026-01-27 17:10:57,0
2026-01-27 17:10:58,0
2026-01-27 17:10:59,0
2026-01-27 17:11:00,0
2026-01-27 17:11:01,0
2026-01-27 17:11:02,0
2026-01-27 17:11:03,0
2026-01-27 17:11:04,0
2026-01-27 17:11:05,0
2026-01-27 17:11:06,0
2026-01-27 17:11:07,0
2026-01-27 17:11:08,0
2026-01-27 17:11:09,0
2026-01-27 17:11:10,0
2026-01-27 17:11:11,0
2026-01-27 17:11:12,0
2026-01-27 17:11:13,0
2026-01-27 17:11:14,0
2026-01-27 17:11:15,0
2026-01-27 17:11:16,0
2026-01-27 17:11:17,0
2026-01-27 17:11:18,0
2026-01-27 17:11:19,0
2026-01-27 17:11:20,0
2026-01-27 17:11:21,0
2026-01-27 17:11:22,0
2026-01-27 17:11:23,0
2026-01-27 17:11:24,0
2026-01-27 17:11:25,0
2026-01-27 17:11:26,0
2026-01-27 17:11:27,0
2026-01-27 17:11:28,0
2026-01-27 17:11:29,0
2026-01-27 17:11:30,0
2026-01-27 17:11:31,0
2026-01-27 17:11:32,0
2026-01-27 17:11:33,0
2026-01-27 17:11:34,0
2026-01-27 17:11:35,0
2026-01-27 17:11:36,0
2026-01-27 17:11:37,0
2026-01-27 17:11:38,0
2026-01-27 17:11:39,0
2026-01-27 17:11:40,0
2026-01-27 17:11:41,0
2026-01-27 17:11:42,0
2026-01-27 17:11:43,0
2026-01-27 17:11:44,0
2026-01-27 17:11:45,0
2026-01-27 17:11:46,0
2026-01-27 17:11:47,0
2026-01-27 17:11:48,0
2026-01-27 17:12:34,1.14
2026-01-27 17:12:35,1.14
2026-01-27 17:12:36,1.14
2026-01-27 17:12:37,1.14
2026-01-27 17:12:38,1.14
2026-01-27 17:12:39,4.73
2026-01-27 17:12:40,4.73
2026-01-27 17:12:41,4.73
2026-01-27 17:12:42,4.73
2026-01-27 17:12:43,4.73
2026-01-27 17:12:44,6.62
2026-01-27 17:12:45,6.62
2026-01-27 17:12:46,6.62
2026-01-27 17:12:47,6.62
2026-01-27 17:12:48,6.62
2026-01-27 17:12:49,7.97
2026-01-27 17:12:50,7.97
2026-01-27 17:12:51,7.97
2026-01-27 17:12:52,7.97
2026-01-27 17:12:53,7.97
2026-01-27 17:12:54,8.02
2026-01-27 17:12:55,8.02
2026-01-27 17:12:56,8.02
2026-01-27 17:12:57,8.02
2026-01-27 17:12:58,8.02
2026-01-27 17:12:59,7.49
2026-01-27 17:13:00,7.49
2026-01-27 17:13:01,7.49
2026-01-27 17:13:02,7.49
2026-01-27 17:13:03,7.49
2026-01-27 17:13:04,8.41
2026-01-27 17:13:05,8.41
2026-01-27 17:13:06,8.41
2026-01-27 17:13:07,8.41
2026-01-27 17:13:08,8.41
2026-01-27 17:13:09,12.6
2026-01-27 17:13:10,12.6
2026-01-27 17:13:11,12.6
2026-01-27 17:13:12,12.6
2026-01-27 17:13:13,12.6
2026-01-27 17:13:14,5.11
2026-01-27 17:13:15,5.11
2026-01-27 17:13:16,5.11
2026-01-27 17:13:17,5.11
2026-01-27 17:13:18,5.11
2026-01-27 17:13:19,4.48
2026-01-27 17:13:20,4.48
2026-01-27 17:13:21,4.48
2026-01-27 17:13:22,4.48
2026-01-27 17:13:23,4.48
2026-01-27 17:13:24,7.63
2026-01-27 17:13:25,7.63
2026-01-27 17:13:26,7.63
2026-01-27 17:13:27,7.63
2026-01-27 17:13:28,7.63
2026-01-27 17:13:29,6.69
2026-01-27 17:13:30,6.69
2026-01-27 17:13:31,6.69
2026-01-27 17:13:32,6.69
2026-01-27 17:13:33,6.69
2026-01-27 17:13:34,6.91
2026-01-27 17:13:35,6.91
2026-01-27 17:13:36,6.91
2026-01-27 17:13:37,6.91
2026-01-27 17:13:38,6.91
2026-01-27 17:13:39,5.78
2026-01-27 17:13:40,5.78
2026-01-27 17:13:41,5.78
2026-01-27 17:13:42,5.78
2026-01-27 17:13:43,5.78
2026-01-27 17:13:44,6.16
2026-01-27 17:13:45,6.16
2026-01-27 17:13:46,6.16
2026-01-27 17:13:47,6.16
2026-01-27 17:13:48,6.16
2026-01-27 17:13:49,5.71
2026-01-27 17:13:50,5.71
2026-01-27 17:13:51,5.71
2026-01-27 17:13:52,5.71
2026-01-27 17:13:53,5.71
2026-01-27 17:13:54,6.25
2026-01-27 17:13:55,6.25
2026-01-27 17:13:56,6.25
2026-01-27 17:13:57,6.25
2026-01-27 17:13:58,6.25
2026-01-27 17:13:59,5.69
2026-01-27 17:14:00,5.69
2026-01-27 17:14:01,5.69
2026-01-27 17:14:02,5.69
2026-01-27 17:14:03,5.69
2026-01-27 17:14:04,6.75
2026-01-27 17:14:05,6.75
2026-01-27 17:14:06,6.75
2026-01-27 17:14:07,6.75
2026-01-27 17:14:08,6.75
2026-01-27 17:14:09,7.12
2026-01-27 17:14:10,7.12
2026-01-27 17:14:11,7.12
2026-01-27 17:14:12,7.12
2026-01-27 17:14:13,7.12
2026-01-27 17:14:14,6.48
2026-01-27 17:14:15,6.48
2026-01-27 17:14:16,6.48
2026-01-27 17:14:17,6.48
2026-01-27 17:14:18,6.48
2026-01-27 17:14:19,7.45
2026-01-27 17:14:20,7.45
2026-01-27 17:14:21,7.45
2026-01-27 17:14:22,7.45
2026-01-27 17:14:23,7.45
2026-01-27 17:14:24,8.67
2026-01-27 17:14:25,8.67
2026-01-27 17:14:26,8.67
2026-01-27 17:14:27,8.67
2026-01-27 17:14:28,8.67
2026-01-27 17:14:29,8.62
2026-01-27 17:14:30,8.62
2026-01-27 17:14:31,8.62
2026-01-27 17:14:32,8.62
2026-01-27 17:14:33,8.62
2026-01-27 17:14:34,9.33
2026-01-27 17:14:35,9.33
2026-01-27 17:14:36,9.33
2026-01-27 17:14:37,9.33
2026-01-27 17:14:38,9.33
2026-01-27 17:14:39,8.33
2026-01-27 17:14:40,8.33
2026-01-27 17:14:41,8.33
2026-01-27 17:14:42,8.33
2026-01-27 17:14:43,8.33
2026-01-27 17:14:44,8.64
2026-01-27 17:14:45,8.64
2026-01-27 17:14:46,8.64
2026-01-27 17:14:47,8.64
2026-01-27 17:14:48,8.64
2026-01-27 17:14:49,7.97
2026-01-27 17:14:50,7.97
2026-01-27 17:14:51,7.97
2026-01-27 17:14:52,7.97
2026-01-27 17:14:53,7.97
2026-01-27 17:14:54,8.41
2026-01-27 17:14:55,8.41
2026-01-27 17:14:56,8.41
2026-01-27 17:14:57,8.41
2026-01-27 17:14:58,8.41
2026-01-27 17:14:59,7.91
2026-01-27 17:15:00,7.91
2026-01-27 17:15:01,7.91
2026-01-27 17:15:02,7.91
2026-01-27 17:15:03,7.91
2026-01-27 17:15:04,8.45
2026-01-27 17:15:05,8.45
2026-01-27 17:15:06,8.45
2026-01-27 17:15:07,8.45
2026-01-27 17:15:08,8.45
2026-01-27 17:15:09,7.96
2026-01-27 17:15:10,7.96
2026-01-27 17:15:11,7.96
2026-01-27 17:15:12,7.96
2026-01-27 17:15:13,7.96
2026-01-27 17:15:14,9.01
2026-01-27 17:15:15,9.01
2026-01-27 17:15:16,9.01
2026-01-27 17:15:17,9.01
2026-01-27 17:15:18,9.01
2026-01-27 17:15:19,11.0
2026-01-27 17:15:20,11.0
2026-01-27 17:15:21,11.0
2026-01-27 17:15:22,11.0
2026-01-27 17:15:23,11.0
2026-01-27 17:15:24,8.82
2026-01-27 17:15:25,8.82
2026-01-27 17:15:26,8.82
2026-01-27 17:15:27,8.82
2026-01-27 17:15:28,8.82
2026-01-27 17:15:29,9.64
2026-01-27 17:15:30,9.64
2026-01-27 17:15:31,9.64
2026-01-27 17:15:32,9.64
2026-01-27 17:15:33,9.64
2026-01-27 17:15:34,10.9
2026-01-27 17:15:35,10.9
2026-01-27 17:15:36,10.9
2026-01-27 17:15:37,10.9
2026-01-27 17:15:38,10.9
2026-01-27 17:15:39,10.2
2026-01-27 17:15:40,10.2
2026-01-27 17:15:41,10.2
2026-01-27 17:15:42,10.2
2026-01-27 17:15:43,10.2
2026-01-27 17:15:44,10.7
2026-01-27 17:15:45,10.7
2026-01-27 17:15:46,10.7
2026-01-27 17:15:47,10.7
2026-01-27 17:15:48,10.7
2026-01-27 17:15:49,9.70
2026-01-27 17:15:50,9.70
2026-01-27 17:15:51,9.70
2026-01-27 17:15:52,9.70
2026-01-27 17:15:53,9.70
2026-01-27 17:15:54,0
2026-01-27 17:15:55,0
2026-01-27 17:15:56,0
2026-01-27 17:15:57,0
2026-01-27 17:15:58,0
2026-01-27 17:15:59,0
2026-01-27 17:16:00,0
2026-01-27 17:16:01,0
2026-01-27 17:16:02,0
2026-01-27 17:16:03,0
2026-01-27 17:16:04,0
2026-01-27 17:16:05,0
2026-01-27 17:16:06,0
2026-01-27 17:16:07,0
2026-01-27 17:16:08,0
2026-01-27 17:16:09,0
2026-01-27 17:16:10,0
2026-01-27 17:16:11,0
2026-01-27 17:16:12,0
2026-01-27 17:16:13,0
2026-01-27 17:16:14,0
2026-01-27 17:16:15,0
2026-01-27 17:16:16,0
2026-01-27 17:16:17,0
2026-01-27 17:16:18,0
2026-01-27 17:16:19,0
2026-01-27 17:16:20,0
2026-01-27 17:16:21,0
2026-01-27 17:16:22,0
2026-01-27 17:16:23,0
2026-01-27 17:16:24,0
2026-01-27 17:16:25,0
2026-01-27 17:16:26,0
2026-01-27 17:16:27,0
2026-01-27 17:16:28,0
2026-01-27 17:16:29,0
2026-01-27 17:16:30,0
2026-01-27 17:16:31,0
2026-01-27 17:16:32,0
2026-01-27 17:16:33,0
2026-01-27 17:16:34,0
2026-01-27 17:16:35,0
2026-01-27 17:16:36,0
2026-01-27 17:16:37,0
2026-01-27 17:16:38,0
2026-01-27 17:16:39,0
2026-01-27 17:16:40,0
2026-01-27 17:16:41,0
2026-01-27 17:16:42,0
2026-01-27 17:16:43,0
2026-01-27 17:16:44,0
2026-01-27 17:16:45,0
2026-01-27 17:16:46,0
2026-01-27 17:16:47,0
2026-01-27 17:16:48,0
2026-01-27 17:16:49,0
2026-01-27 17:16:50,0
2026-01-27 17:16:51,0
2026-01-27 17:16:52,0
2026-01-27 17:16:53,0
2026-01-27 17:16:54,0
2026-01-27 17:16:55,0
2026-01-27 17:16:56,0
2026-01-27 17:16:57,0
2026-01-27 17:16:58,0
2026-01-27 17:16:59,0
2026-01-27 17:17:00,0
2026-01-27 17:17:01,0
2026-01-27 17:17:02,0
2026-01-27 17:17:03,0
2026-01-27 17:17:04,0
2026-01-27 17:17:05,0
2026-01-27 17:17:06,0
2026-01-27 17:17:07,0
2026-01-27 17:17:08,0
2026-01-27 17:17:09,0
2026-01-27 17:17:10,0
2026-01-27 17:17:11,0
2026-01-27 17:17:12,0
2026-01-27 17:17:13,0
2026-01-27 17:17:14,0
2026-01-27 17:17:15,0
2026-01-27 17:17:16,0
2026-01-27 17:17:17,0
2026-01-27 17:17:18,0
2026-01-27 17:17:19,0
2026-01-27 17:17:20,0
2026-01-27 17:17:21,0
2026-01-27 17:17:22,0
2026-01-27 17:17:23,0
2026-01-27 17:17:24,0
2026-01-27 17:17:25,0
2026-01-27 17:17:26,0
2026-01-27 17:17:27,0
2026-01-27 17:17:28,0
2026-01-27 17:18:54,1.37
2026-01-27 17:18:55,1.37
2026-01-27 17:18:56,1.37
2026-01-27 17:18:57,1.37
2026-01-27 17:18:58,1.37
2026-01-27 17:18:59,6.51
2026-01-27 17:19:00,6.51
2026-01-27 17:19:01,6.51
2026-01-27 17:19:02,6.51
2026-01-27 17:19:03,6.51
2026-01-27 17:19:04,8.43
2026-01-27 17:19:05,8.43
2026-01-27 17:19:06,8.43
2026-01-27 17:19:07,8.43
2026-01-27 17:19:08,8.43
2026-01-27 17:19:09,7.69
2026-01-27 17:19:10,7.69
2026-01-27 17:19:11,7.69
2026-01-27 17:19:12,7.69
2026-01-27 17:19:13,7.69
2026-01-27 17:19:14,7.62
2026-01-27 17:19:15,7.62
2026-01-27 17:19:16,7.62
2026-01-27 17:19:17,7.62
2026-01-27 17:19:18,7.62
2026-01-27 17:19:19,7.54
2026-01-27 17:19:20,7.54
2026-01-27 17:19:21,7.54
2026-01-27 17:19:22,7.54
2026-01-27 17:19:23,7.54
2026-01-27 17:19:24,8.18
2026-01-27 17:19:25,8.18
2026-01-27 17:19:26,8.18
2026-01-27 17:19:27,8.18
2026-01-27 17:19:28,8.18
2026-01-27 17:19:29,7.79
2026-01-27 17:19:30,7.79
2026-01-27 17:19:31,7.79
2026-01-27 17:19:32,7.79
2026-01-27 17:19:33,7.79
2026-01-27 17:19:34,8.77
2026-01-27 17:19:35,8.77
2026-01-27 17:19:36,8.77
2026-01-27 17:19:37,8.77
2026-01-27 17:19:38,8.77
2026-01-27 17:19:39,7.69
2026-01-27 17:19:40,7.69
2026-01-27 17:19:41,7.69
2026-01-27 17:19:42,7.69
2026-01-27 17:19:43,7.69
2026-01-27 17:19:44,8.06
2026-01-27 17:19:45,8.06
2026-01-27 17:19:46,8.06
2026-01-27 17:19:47,8.06
2026-01-27 17:19:48,8.06
2026-01-27 17:19:49,7.66
2026-01-27 17:19:50,7.66
2026-01-27 17:19:51,7.66
2026-01-27 17:19:52,7.66
2026-01-27 17:19:53,7.66
2026-01-27 17:19:54,7.67
2026-01-27 17:19:55,7.67
2026-01-27 17:19:56,7.67
2026-01-27 17:19:57,7.67
2026-01-27 17:19:58,7.67
2026-01-27 17:19:59,9.29
2026-01-27 17:20:00,9.29
2026-01-27 17:20:01,9.29
2026-01-27 17:20:02,9.29
2026-01-27 17:20:03,9.29
2026-01-27 17:20:04,9.49
2026-01-27 17:20:05,9.49
2026-01-27 17:20:06,9.49
2026-01-27 17:20:07,9.49
2026-01-27 17:20:08,9.49
2026-01-27 17:20:09,8.42
2026-01-27 17:20:10,8.42
2026-01-27 17:20:11,8.42
2026-01-27 17:20:12,8.42
2026-01-27 17:20:13,8.42
2026-01-27 17:20:14,8.46
2026-01-27 17:20:15,8.46
2026-01-27 17:20:16,8.46
2026-01-27 17:20:17,8.46
2026-01-27 17:20:18,8.46
2026-01-27 17:20:19,8.47
2026-01-27 17:20:20,8.47
2026-01-27 17:20:21,8.47
2026-01-27 17:20:22,8.47
2026-01-27 17:20:23,8.47
2026-01-27 17:20:24,9.05
2026-01-27 17:20:25,9.05
2026-01-27 17:20:26,9.05
2026-01-27 17:20:27,9.05
2026-01-27 17:20:28,9.05
2026-01-27 17:20:29,8.46
2026-01-27 17:20:30,8.46
2026-01-27 17:20:31,8.46
2026-01-27 17:20:32,8.46
2026-01-27 17:20:33,8.46
2026-01-27 17:20:34,9.39
2026-01-27 17:20:35,9.39
2026-01-27 17:20:36,9.39
2026-01-27 17:20:37,9.39
2026-01-27 17:20:38,9.39
2026-01-27 17:20:39,8.61
2026-01-27 17:20:40,8.61
2026-01-27 17:20:41,8.61
2026-01-27 17:20:42,8.61
2026-01-27 17:20:43,8.61
2026-01-27 17:20:44,9.39
2026-01-27 17:20:45,9.39
2026-01-27 17:20:46,9.39
2026-01-27 17:20:47,9.39
2026-01-27 17:20:48,9.39
2026-01-27 17:20:49,8.46
2026-01-27 17:20:50,8.46
2026-01-27 17:20:51,8.46
2026-01-27 17:20:52,8.46
2026-01-27 17:20:53,8.46
2026-01-27 17:20:54,9.16
2026-01-27 17:20:55,9.16
2026-01-27 17:20:56,9.16
2026-01-27 17:20:57,9.16
2026-01-27 17:20:58,9.16
2026-01-27 17:20:59,8.55
2026-01-27 17:21:00,8.55
2026-01-27 17:21:01,8.55
2026-01-27 17:21:02,8.55
2026-01-27 17:21:03,8.55
2026-01-27 17:21:04,9.53
2026-01-27 17:21:05,9.53
2026-01-27 17:21:06,9.53
2026-01-27 17:21:07,9.53
2026-01-27 17:21:08,9.53
2026-01-27 17:21:09,10.4
2026-01-27 17:21:10,10.4
2026-01-27 17:21:11,10.4
2026-01-27 17:21:12,10.4
2026-01-27 17:21:13,10.4
2026-01-27 17:21:14,7.80
2026-01-27 17:21:15,7.80
2026-01-27 17:21:16,7.80
2026-01-27 17:21:17,7.80
2026-01-27 17:21:18,7.80
2026-01-27 17:21:19,6.51
2026-01-27 17:21:20,6.51
2026-01-27 17:21:21,6.51
2026-01-27 17:21:22,6.51
2026-01-27 17:21:23,6.51
2026-01-27 17:21:24,7.27
2026-01-27 17:21:25,7.27
2026-01-27 17:21:26,7.27
2026-01-27 17:21:27,7.27
2026-01-27 17:21:28,7.27
2026-01-27 17:21:29,6.79
2026-01-27 17:21:30,6.79
2026-01-27 17:21:31,6.79
2026-01-27 17:21:32,6.79
2026-01-27 17:21:33,6.79
2026-01-27 17:21:34,9.58
2026-01-27 17:21:35,9.58
2026-01-27 17:21:36,9.58
2026-01-27 17:21:37,9.58
2026-01-27 17:21:38,9.58
2026-01-27 17:21:39,6.32
2026-01-27 17:21:40,6.32
2026-01-27 17:21:41,6.32
2026-01-27 17:21:42,6.32
2026-01-27 17:21:43,6.32
2026-01-27 17:21:44,6.24
2026-01-27 17:21:45,6.24
2026-01-27 17:21:46,6.24
2026-01-27 17:21:47,6.24
2026-01-27 17:21:48,6.24
2026-01-27 17:21:49,5.23
2026-01-27 17:21:50,5.23
2026-01-27 17:21:51,5.23
2026-01-27 17:21:52,5.23
2026-01-27 17:21:53,5.23
2026-01-27 17:21:54,5.58
2026-01-27 17:21:55,5.58
2026-01-27 17:21:56,5.58
2026-01-27 17:21:57,5.58
2026-01-27 17:21:58,5.58
2026-01-27 17:21:59,4.38
2026-01-27 17:22:00,4.38
2026-01-27 17:22:01,4.38
2026-01-27 17:22:02,4.38
2026-01-27 17:22:03,4.38
2026-01-27 17:22:04,6.58
2026-01-27 17:22:05,6.58
2026-01-27 17:22:06,6.58
2026-01-27 17:22:07,6.58
2026-01-27 17:22:08,6.58
2026-01-27 17:22:09,6.62
2026-01-27 17:22:10,6.62
2026-01-27 17:22:11,6.62
2026-01-27 17:22:12,6.62
2026-01-27 17:22:13,6.62
2026-01-27 17:22:14,0
2026-01-27 17:22:15,0
2026-01-27 17:22:16,0
2026-01-27 17:22:17,0
2026-01-27 17:22:18,0
2026-01-27 17:22:19,0
2026-01-27 17:22:20,0
2026-01-27 17:22:21,0
2026-01-27 17:22:22,0
2026-01-27 17:22:23,0
2026-01-27 17:22:24,0
2026-01-27 17:22:25,0
2026-01-27 17:22:26,0
2026-01-27 17:22:27,0
2026-01-27 17:22:28,0
2026-01-27 17:22:29,0
2026-01-27 17:22:30,0
2026-01-27 17:22:31,0
2026-01-27 17:22:32,0
2026-01-27 17:22:33,0
2026-01-27 17:22:34,0
2026-01-27 17:22:35,0
2026-01-27 17:22:36,0
2026-01-27 17:22:37,0
2026-01-27 17:22:38,0
2026-01-27 17:22:39,0
2026-01-27 17:22:40,0
2026-01-27 17:22:41,0
2026-01-27 17:22:42,0
2026-01-27 17:22:43,0
2026-01-27 17:22:44,0
2026-01-27 17:22:45,0
2026-01-27 17:22:46,0
2026-01-27 17:22:47,0
2026-01-27 17:22:48,0
2026-01-27 17:22:49,0
2026-01-27 17:22:50,0
2026-01-27 17:22:51,0
2026-01-27 17:22:52,0
2026-01-27 17:22:53,0
2026-01-27 17:22:54,0
2026-01-27 17:22:55,0
2026-01-27 17:22:56,0
2026-01-27 17:22:57,0
2026-01-27 17:22:58,0
2026-01-27 17:22:59,0
2026-01-27 17:23:00,0
2026-01-27 17:23:01,0
2026-01-27 17:23:02,0
2026-01-27 17:23:03,0
2026-01-27 17:23:04,0
2026-01-27 17:23:05,0
2026-01-27 17:23:06,0
2026-01-27 17:23:07,0
2026-01-27 17:23:08,0
2026-01-27 17:23:09,0
2026-01-27 17:23:10,0
2026-01-27 17:23:11,0
2026-01-27 17:23:12,0
2026-01-27 17:23:13,0
2026-01-27 17:23:14,0
2026-01-27 17:23:15,0
2026-01-27 17:23:16,0
2026-01-27 17:23:17,0
2026-01-27 17:23:18,0
2026-01-27 17:23:19,0
2026-01-27 17:23:20,0
2026-01-27 17:23:21,0
2026-01-27 17:23:22,0
2026-01-27 17:23:23,0
2026-01-27 17:23:24,0
2026-01-27 17:23:25,0
2026-01-27 17:23:26,0
2026-01-27 17:23:27,0
2026-01-27 17:23:28,0
2026-01-27 17:23:29,0
2026-01-27 17:23:30,0
2026-01-27 17:23:31,0
2026-01-27 17:23:32,0
2026-01-27 17:23:33,0
2026-01-27 17:23:34,0
2026-01-27 17:23:35,0
2026-01-27 17:23:36,0
2026-01-27 17:23:37,0
2026-01-27 17:23:38,0
2026-01-27 17:23:39,0
2026-01-27 17:23:40,0
2026-01-27 17:23:41,0
2026-01-27 17:23:42,0
2026-01-27 17:23:43,0
2026-01-27 17:23:44,0
2026-01-27 17:23:45,0
2026-01-27 17:23:46,0
2026-01-27 17:23:47,0
2026-01-27 17:23:48,0
2026-01-27 17:26:39,6.98
2026-01-27 17:26:40,6.98
2026-01-27 17:26:41,6.98
2026-01-27 17:26:42,6.98
2026-01-27 17:26:43,6.98
2026-01-27 17:26:44,9.55
2026-01-27 17:26:45,9.55
2026-01-27 17:26:46,9.55
2026-01-27 17:26:47,9.55
2026-01-27 17:26:48,9.55
2026-01-27 17:26:49,8.97
2026-01-27 17:26:50,8.97
2026-01-27 17:26:51,8.97
2026-01-27 17:26:52,8.97
2026-01-27 17:26:53,8.97
2026-01-27 17:26:54,9.41
2026-01-27 17:26:55,9.41
2026-01-27 17:26:56,9.41
2026-01-27 17:26:57,9.41
2026-01-27 17:26:58,9.41
2026-01-27 17:26:59,8.52
2026-01-27 17:27:00,8.52
2026-01-27 17:27:01,8.52
2026-01-27 17:27:02,8.52
2026-01-27 17:27:03,8.52
2026-01-27 17:27:04,9.29
2026-01-27 17:27:05,9.29
2026-01-27 17:27:06,9.29
2026-01-27 17:27:07,9.29
2026-01-27 17:27:08,9.29
2026-01-27 17:27:09,8.74
2026-01-27 17:27:10,8.74
2026-01-27 17:27:11,8.74
2026-01-27 17:27:12,8.74
2026-01-27 17:27:13,8.74
2026-01-27 17:27:14,8.75
2026-01-27 17:27:15,8.75
2026-01-27 17:27:16,8.75
2026-01-27 17:27:17,8.75
2026-01-27 17:27:18,8.75
2026-01-27 17:27:19,8.64
2026-01-27 17:27:20,8.64
2026-01-27 17:27:21,8.64
2026-01-27 17:27:22,8.64
2026-01-27 17:27:23,8.64
2026-01-27 17:27:24,9.37
2026-01-27 17:27:25,9.37
2026-01-27 17:27:26,9.37
2026-01-27 17:27:27,9.37
2026-01-27 17:27:28,9.37
2026-01-27 17:27:29,8.82
2026-01-27 17:27:30,8.82
2026-01-27 17:27:31,8.82
2026-01-27 17:27:32,8.82
2026-01-27 17:27:33,8.82
2026-01-27 17:27:34,10.0
2026-01-27 17:27:35,10.0
2026-01-27 17:27:36,10.0
2026-01-27 17:27:37,10.0
2026-01-27 17:27:38,10.0
2026-01-27 17:27:39,9.01
2026-01-27 17:27:40,9.01
2026-01-27 17:27:41,9.01
2026-01-27 17:27:42,9.01
2026-01-27 17:27:43,9.01
2026-01-27 17:27:44,9.21
2026-01-27 17:27:45,9.21
2026-01-27 17:27:46,9.21
2026-01-27 17:27:47,9.21
2026-01-27 17:27:48,9.21
2026-01-27 17:27:49,8.30
2026-01-27 17:27:50,8.30
2026-01-27 17:27:51,8.30
2026-01-27 17:27:52,8.30
2026-01-27 17:27:53,8.30
2026-01-27 17:27:54,10.7
2026-01-27 17:27:55,10.7
2026-01-27 17:27:56,10.7
2026-01-27 17:27:57,10.7
2026-01-27 17:27:58,10.7
2026-01-27 17:27:59,9.38
2026-01-27 17:28:00,9.38
2026-01-27 17:28:01,9.38
2026-01-27 17:28:02,9.38
2026-01-27 17:28:03,9.38
2026-01-27 17:28:04,10.2
2026-01-27 17:28:05,10.2
2026-01-27 17:28:06,10.2
2026-01-27 17:28:07,10.2
2026-01-27 17:28:08,10.2
2026-01-27 17:28:09,9.49
2026-01-27 17:28:10,9.49
2026-01-27 17:28:11,9.49
2026-01-27 17:28:12,9.49
2026-01-27 17:28:13,9.49
2026-01-27 17:28:14,9.58
2026-01-27 17:28:15,9.58
2026-01-27 17:28:16,9.58
2026-01-27 17:28:17,9.58
2026-01-27 17:28:18,9.58
2026-01-27 17:28:19,9.50
2026-01-27 17:28:20,9.50
2026-01-27 17:28:21,9.50
2026-01-27 17:28:22,9.50
2026-01-27 17:28:23,9.50
2026-01-27 17:28:24,12.0
2026-01-27 17:28:25,12.0
2026-01-27 17:28:26,12.0
2026-01-27 17:28:27,12.0
2026-01-27 17:28:28,12.0
2026-01-27 17:28:29,9.87
2026-01-27 17:28:30,9.87
2026-01-27 17:28:31,9.87
2026-01-27 17:28:32,9.87
2026-01-27 17:28:33,9.87
2026-01-27 17:28:34,9.48
2026-01-27 17:28:35,9.48
2026-01-27 17:28:36,9.48
2026-01-27 17:28:37,9.48
2026-01-27 17:28:38,9.48
2026-01-27 17:28:39,8.89
2026-01-27 17:28:40,8.89
2026-01-27 17:28:41,8.89
2026-01-27 17:28:42,8.89
2026-01-27 17:28:43,8.89
2026-01-27 17:28:44,9.54
2026-01-27 17:28:45,9.54
2026-01-27 17:28:46,9.54
2026-01-27 17:28:47,9.54
2026-01-27 17:28:48,9.54
2026-01-27 17:28:49,8.42
2026-01-27 17:28:50,8.42
2026-01-27 17:28:51,8.42
2026-01-27 17:28:52,8.42
2026-01-27 17:28:53,8.42
2026-01-27 17:28:54,9.28
2026-01-27 17:28:55,9.28
2026-01-27 17:28:56,9.28
2026-01-27 17:28:57,9.28
2026-01-27 17:28:58,9.28
2026-01-27 17:28:59,8.45
2026-01-27 17:29:00,8.45
2026-01-27 17:29:01,8.45
2026-01-27 17:29:02,8.45
2026-01-27 17:29:03,8.45
2026-01-27 17:29:04,9.05
2026-01-27 17:29:05,9.05
2026-01-27 17:29:06,9.05
2026-01-27 17:29:07,9.05
2026-01-27 17:29:08,9.05
2026-01-27 17:29:09,9.37
2026-01-27 17:29:10,9.37
2026-01-27 17:29:11,9.37
2026-01-27 17:29:12,9.37
2026-01-27 17:29:13,9.37
2026-01-27 17:29:14,7.55
2026-01-27 17:29:15,7.55
2026-01-27 17:29:16,7.55
2026-01-27 17:29:17,7.55
2026-01-27 17:29:18,7.55
2026-01-27 17:29:19,7.68
2026-01-27 17:29:20,7.68
2026-01-27 17:29:21,7.68
2026-01-27 17:29:22,7.68
2026-01-27 17:29:23,7.68
2026-01-27 17:29:24,8.65
2026-01-27 17:29:25,8.65
2026-01-27 17:29:26,8.65
2026-01-27 17:29:27,8.65
2026-01-27 17:29:28,8.65
2026-01-27 17:29:29,7.93
2026-01-27 17:29:30,7.93
2026-01-27 17:29:31,7.93
2026-01-27 17:29:32,7.93
2026-01-27 17:29:33,7.93
2026-01-27 17:29:34,8.52
2026-01-27 17:29:35,8.52
2026-01-27 17:29:36,8.52
2026-01-27 17:29:37,8.52
2026-01-27 17:29:38,8.52
2026-01-27 17:29:39,7.63
2026-01-27 17:29:40,7.63
2026-01-27 17:29:41,7.63
2026-01-27 17:29:42,7.63
2026-01-27 17:29:43,7.63
2026-01-27 17:29:44,8.51
2026-01-27 17:29:45,8.51
2026-01-27 17:29:46,8.51
2026-01-27 17:29:47,8.51
2026-01-27 17:29:48,8.51
2026-01-27 17:29:49,8.19
2026-01-27 17:29:50,8.19
2026-01-27 17:29:51,8.19
2026-01-27 17:29:52,8.19
2026-01-27 17:29:53,8.19
2026-01-27 17:29:54,0
2026-01-27 17:29:55,0
2026-01-27 17:29:56,0
2026-01-27 17:29:57,0
2026-01-27 17:29:58,0
2026-01-27 17:29:59,0
2026-01-27 17:30:00,0
2026-01-27 17:30:01,0
2026-01-27 17:30:02,0
2026-01-27 17:30:03,0
2026-01-27 17:30:04,0
2026-01-27 17:30:05,0
2026-01-27 17:30:06,0
2026-01-27 17:30:07,0
2026-01-27 17:30:08,0
2026-01-27 17:30:09,0
2026-01-27 17:30:10,0
2026-01-27 17:30:11,0
2026-01-27 17:30:12,0
2026-01-27 17:30:13,0
2026-01-27 17:30:14,0
2026-01-27 17:30:15,0
2026-01-27 17:30:16,0
2026-01-27 17:30:17,0
2026-01-27 17:30:18,0
2026-01-27 17:30:19,0
2026-01-27 17:30:20,0
2026-01-27 17:30:21,0
2026-01-27 17:30:22,0
2026-01-27 17:30:23,0
2026-01-27 17:30:24,0
2026-01-27 17:30:25,0
2026-01-27 17:30:26,0
2026-01-27 17:30:27,0
2026-01-27 17:30:28,0
2026-01-27 17:30:29,0
2026-01-27 17:30:30,0
2026-01-27 17:30:31,0
2026-01-27 17:30:32,0
2026-01-27 17:30:33,0
2026-01-27 17:30:34,0
2026-01-27 17:30:35,0
2026-01-27 17:30:36,0
2026-01-27 17:30:37,0
2026-01-27 17:30:38,0
2026-01-27 17:30:39,0
2026-01-27 17:30:40,0
2026-01-27 17:30:41,0
2026-01-27 17:30:42,0
2026-01-27 17:30:43,0
2026-01-27 17:30:44,0
2026-01-27 17:30:45,0
2026-01-27 17:30:46,0
2026-01-27 17:30:47,0
2026-01-27 17:30:48,0
2026-01-27 17:30:49,0
2026-01-27 17:30:50,0
2026-01-27 17:30:51,0
2026-01-27 17:30:52,0
2026-01-27 17:30:53,0
2026-01-27 17:30:54,0
2026-01-27 17:30:55,0
2026-01-27 17:30:56,0
2026-01-27 17:30:57,0
2026-01-27 17:30:58,0
2026-01-27 17:30:59,0
2026-01-27 17:31:00,0
2026-01-27 17:31:01,0
2026-01-27 17:31:02,0
2026-01-27 17:31:03,0
2026-01-27 17:31:04,0
2026-01-27 17:31:05,0
2026-01-27 17:31:06,0
2026-01-27 17:31:07,0
2026-01-27 17:31:08,0
2026-01-27 17:31:09,0
2026-01-27 17:31:10,0
2026-01-27 17:31:11,0
2026-01-27 17:31:12,0
2026-01-27 17:31:13,0
2026-01-27 17:31:14,0
2026-01-27 17:31:15,0
2026-01-27 17:31:16,0
2026-01-27 17:31:17,0
2026-01-27 17:31:18,0
2026-01-27 17:31:19,0
2026-01-27 17:31:20,0
2026-01-27 17:31:21,0
2026-01-27 17:31:22,0
2026-01-27 17:31:23,0
2026-01-27 17:31:24,0
2026-01-27 17:31:25,0
2026-01-27 17:31:26,0
2026-01-27 17:31:27,0
2026-01-27 17:31:28,0
2026-01-27 17:36:34,3.10
2026-01-27 17:36:35,3.10
2026-01-27 17:36:36,3.10
2026-01-27 17:36:37,3.10
2026-01-27 17:36:38,3.10
2026-01-27 17:36:39,7.61
2026-01-27 17:36:40,7.61
2026-01-27 17:36:41,7.61
2026-01-27 17:36:42,7.61
2026-01-27 17:36:43,7.61
2026-01-27 17:36:44,9.42
2026-01-27 17:36:45,9.42
2026-01-27 17:36:46,9.42
2026-01-27 17:36:47,9.42
2026-01-27 17:36:48,9.42
2026-01-27 17:36:49,7.99
2026-01-27 17:36:50,7.99
2026-01-27 17:36:51,7.99
2026-01-27 17:36:52,7.99
2026-01-27 17:36:53,7.99
2026-01-27 17:36:54,10.8
2026-01-27 17:36:55,10.8
2026-01-27 17:36:56,10.8
2026-01-27 17:36:57,10.8
2026-01-27 17:36:58,10.8
2026-01-27 17:36:59,9.60
2026-01-27 17:37:00,9.60
2026-01-27 17:37:01,9.60
2026-01-27 17:37:02,9.60
2026-01-27 17:37:03,9.60
2026-01-27 17:37:04,11.6
2026-01-27 17:37:05,11.6
2026-01-27 17:37:06,11.6
2026-01-27 17:37:07,11.6
2026-01-27 17:37:08,11.6
2026-01-27 17:37:09,9.12
2026-01-27 17:37:10,9.12
2026-01-27 17:37:11,9.12
2026-01-27 17:37:12,9.12
2026-01-27 17:37:13,9.12
2026-01-27 17:37:14,8.70
2026-01-27 17:37:15,8.70
2026-01-27 17:37:16,8.70
2026-01-27 17:37:17,8.70
2026-01-27 17:37:18,8.70
2026-01-27 17:37:19,8.72
2026-01-27 17:37:20,8.72
2026-01-27 17:37:21,8.72
2026-01-27 17:37:22,8.72
2026-01-27 17:37:23,8.72
2026-01-27 17:37:24,9.81
2026-01-27 17:37:25,9.81
2026-01-27 17:37:26,9.81
2026-01-27 17:37:27,9.81
2026-01-27 17:37:28,9.81
2026-01-27 17:37:29,8.97
2026-01-27 17:37:30,8.97
2026-01-27 17:37:31,8.97
2026-01-27 17:37:32,8.97
2026-01-27 17:37:33,8.97
2026-01-27 17:37:34,9.68
2026-01-27 17:37:35,9.68
2026-01-27 17:37:36,9.68
2026-01-27 17:37:37,9.68
2026-01-27 17:37:38,9.68
2026-01-27 17:37:39,8.94
2026-01-27 17:37:40,8.94
2026-01-27 17:37:41,8.94
2026-01-27 17:37:42,8.94
2026-01-27 17:37:43,8.94
2026-01-27 17:37:44,9.24
2026-01-27 17:37:45,9.24
2026-01-27 17:37:46,9.24
2026-01-27 17:37:47,9.24
2026-01-27 17:37:48,9.24
2026-01-27 17:37:49,8.52
2026-01-27 17:37:50,8.52
2026-01-27 17:37:51,8.52
2026-01-27 17:37:52,8.52
2026-01-27 17:37:53,8.52
2026-01-27 17:37:54,9.38
2026-01-27 17:37:55,9.38
2026-01-27 17:37:56,9.38
2026-01-27 17:37:57,9.38
2026-01-27 17:37:58,9.38
2026-01-27 17:37:59,8.78
2026-01-27 17:38:00,8.78
2026-01-27 17:38:01,8.78
2026-01-27 17:38:02,8.78
2026-01-27 17:38:03,8.78
2026-01-27 17:38:04,9.66
2026-01-27 17:38:05,9.66
2026-01-27 17:38:06,9.66
2026-01-27 17:38:07,9.66
2026-01-27 17:38:08,9.66
2026-01-27 17:38:09,8.65
2026-01-27 17:38:10,8.65
2026-01-27 17:38:11,8.65
2026-01-27 17:38:12,8.65
2026-01-27 17:38:13,8.65
2026-01-27 17:38:14,8.75
2026-01-27 17:38:15,8.75
2026-01-27 17:38:16,8.75
2026-01-27 17:38:17,8.75
2026-01-27 17:38:18,8.75
2026-01-27 17:38:19,10.4
2026-01-27 17:38:20,10.4
2026-01-27 17:38:21,10.4
2026-01-27 17:38:22,10.4
2026-01-27 17:38:23,10.4
2026-01-27 17:38:24,9.86
2026-01-27 17:38:25,9.86
2026-01-27 17:38:26,9.86
2026-01-27 17:38:27,9.86
2026-01-27 17:38:28,9.86
2026-01-27 17:38:29,8.09
2026-01-27 17:38:30,8.09
2026-01-27 17:38:31,8.09
2026-01-27 17:38:32,8.09
2026-01-27 17:38:33,8.09
2026-01-27 17:38:34,8.86
2026-01-27 17:38:35,8.86
2026-01-27 17:38:36,8.86
2026-01-27 17:38:37,8.86
2026-01-27 17:38:38,8.86
2026-01-27 17:38:39,7.68
2026-01-27 17:38:40,7.68
2026-01-27 17:38:41,7.68
2026-01-27 17:38:42,7.68
2026-01-27 17:38:43,7.68
2026-01-27 17:38:44,8.15
2026-01-27 17:38:45,8.15
2026-01-27 17:38:46,8.15
2026-01-27 17:38:47,8.15
2026-01-27 17:38:48,8.15
2026-01-27 17:38:49,7.47
2026-01-27 17:38:50,7.47
2026-01-27 17:38:51,7.47
2026-01-27 17:38:52,7.47
2026-01-27 17:38:53,7.47
2026-01-27 17:38:54,8.24
2026-01-27 17:38:55,8.24
2026-01-27 17:38:56,8.24
2026-01-27 17:38:57,8.24
2026-01-27 17:38:58,8.24
2026-01-27 17:38:59,7.64
2026-01-27 17:39:00,7.64
2026-01-27 17:39:01,7.64
2026-01-27 17:39:02,7.64
2026-01-27 17:39:03,7.64
2026-01-27 17:39:04,8.52
2026-01-27 17:39:05,8.52
2026-01-27 17:39:06,8.52
2026-01-27 17:39:07,8.52
2026-01-27 17:39:08,8.52
2026-01-27 17:39:09,7.52
2026-01-27 17:39:10,7.52
2026-01-27 17:39:11,7.52
2026-01-27 17:39:12,7.52
2026-01-27 17:39:13,7.52
2026-01-27 17:39:14,8.20
2026-01-27 17:39:15,8.20
2026-01-27 17:39:16,8.20
2026-01-27 17:39:17,8.20
2026-01-27 17:39:18,8.20
2026-01-27 17:39:19,8.72
2026-01-27 17:39:20,8.72
2026-01-27 17:39:21,8.72
2026-01-27 17:39:22,8.72
2026-01-27 17:39:23,8.72
2026-01-27 17:39:24,7.83
2026-01-27 17:39:25,7.83
2026-01-27 17:39:26,7.83
2026-01-27 17:39:27,7.83
2026-01-27 17:39:28,7.83
2026-01-27 17:39:29,7.18
2026-01-27 17:39:30,7.18
2026-01-27 17:39:31,7.18
2026-01-27 17:39:32,7.18
2026-01-27 17:39:33,7.18
2026-01-27 17:39:34,8.31
2026-01-27 17:39:35,8.31
2026-01-27 17:39:36,8.31
2026-01-27 17:39:37,8.31
2026-01-27 17:39:38,8.31
2026-01-27 17:39:39,7.16
2026-01-27 17:39:40,7.16
2026-01-27 17:39:41,7.16
2026-01-27 17:39:42,7.16
2026-01-27 17:39:43,7.16
2026-01-27 17:39:44,7.46
2026-01-27 17:39:45,7.46
2026-01-27 17:39:46,7.46
2026-01-27 17:39:47,7.46
2026-01-27 17:39:48,7.46
2026-01-27 17:39:49,6.81
2026-01-27 17:39:50,6.81
2026-01-27 17:39:51,6.81
2026-01-27 17:39:52,6.81
2026-01-27 17:39:53,6.81
2026-01-27 17:39:54,0
2026-01-27 17:39:55,0
2026-01-27 17:39:56,0
2026-01-27 17:39:57,0
2026-01-27 17:39:58,0
2026-01-27 17:39:59,0
2026-01-27 17:40:00,0
2026-01-27 17:40:01,0
2026-01-27 17:40:02,0
2026-01-27 17:40:03,0
2026-01-27 17:40:04,0
2026-01-27 17:40:05,0
2026-01-27 17:40:06,0
2026-01-27 17:40:07,0
2026-01-27 17:40:08,0
2026-01-27 17:40:09,0
2026-01-27 17:40:10,0
2026-01-27 17:40:11,0
2026-01-27 17:40:12,0
2026-01-27 17:40:13,0
2026-01-27 17:40:14,0
2026-01-27 17:40:15,0
2026-01-27 17:40:16,0
2026-01-27 17:40:17,0
2026-01-27 17:40:18,0
2026-01-27 17:40:19,0
2026-01-27 17:40:20,0
2026-01-27 17:40:21,0
2026-01-27 17:40:22,0
2026-01-27 17:40:23,0
2026-01-27 17:40:24,0
2026-01-27 17:40:25,0
2026-01-27 17:40:26,0
2026-01-27 17:40:27,0
2026-01-27 17:40:28,0
2026-01-27 17:40:29,0
2026-01-27 17:40:30,0
2026-01-27 17:40:31,0
2026-01-27 17:40:32,0
2026-01-27 17:40:33,0
2026-01-27 17:40:34,0
2026-01-27 17:40:35,0
2026-01-27 17:40:36,0
2026-01-27 17:40:37,0
2026-01-27 17:40:38,0
2026-01-27 17:40:39,0
2026-01-27 17:40:40,0
2026-01-27 17:40:41,0
2026-01-27 17:40:42,0
2026-01-27 17:40:43,0
2026-01-27 17:40:44,0
2026-01-27 17:40:45,0
2026-01-27 17:40:46,0
2026-01-27 17:40:47,0
2026-01-27 17:40:48,0
2026-01-27 17:40:49,0
2026-01-27 17:40:50,0
2026-01-27 17:40:51,0
2026-01-27 17:40:52,0
2026-01-27 17:40:53,0
2026-01-27 17:40:54,0
2026-01-27 17:40:55,0
2026-01-27 17:40:56,0
2026-01-27 17:40:57,0
2026-01-27 17:40:58,0
2026-01-27 17:40:59,0
2026-01-27 17:41:00,0
2026-01-27 17:41:01,0
2026-01-27 17:41:02,0
2026-01-27 17:41:03,0
2026-01-27 17:41:04,0
2026-01-27 17:41:05,0
2026-01-27 17:41:06,0
2026-01-27 17:41:07,0
2026-01-27 17:41:08,0
2026-01-27 17:41:09,0
2026-01-27 17:41:10,0
2026-01-27 17:41:11,0
2026-01-27 17:41:12,0
2026-01-27 17:41:13,0
2026-01-27 17:41:14,0
2026-01-27 17:41:15,0
2026-01-27 17:41:16,0
2026-01-27 17:41:17,0
2026-01-27 17:41:18,0
2026-01-27 17:41:19,0
2026-01-27 17:41:20,0
2026-01-27 17:41:21,0
2026-01-27 17:41:22,0
2026-01-27 17:41:23,0
2026-01-27 17:41:24,0
2026-01-27 17:41:25,0
2026-01-27 17:41:26,0
2026-01-27 17:41:27,0
2026-01-27 17:41:28,0
2026-01-27 17:46:34,4.78
2026-01-27 17:46:35,4.78
2026-01-27 17:46:36,4.78
2026-01-27 17:46:37,4.78
2026-01-27 17:46:38,4.78
2026-01-27 17:46:39,8.16
2026-01-27 17:46:40,8.16
2026-01-27 17:46:41,8.16
2026-01-27 17:46:42,8.16
2026-01-27 17:46:43,8.16
2026-01-27 17:46:44,9.74
2026-01-27 17:46:45,9.74
2026-01-27 17:46:46,9.74
2026-01-27 17:46:47,9.74
2026-01-27 17:46:48,9.74
2026-01-27 17:46:49,8.90
2026-01-27 17:46:50,8.90
2026-01-27 17:46:51,8.90
2026-01-27 17:46:52,8.90
2026-01-27 17:46:53,8.90
2026-01-27 17:46:54,9.31
2026-01-27 17:46:55,9.31
2026-01-27 17:46:56,9.31
2026-01-27 17:46:57,9.31
2026-01-27 17:46:58,9.31
2026-01-27 17:46:59,8.54
2026-01-27 17:47:00,8.54
2026-01-27 17:47:01,8.54
2026-01-27 17:47:02,8.54
2026-01-27 17:47:03,8.54
2026-01-27 17:47:04,9.45
2026-01-27 17:47:05,9.45
2026-01-27 17:47:06,9.45
2026-01-27 17:47:07,9.45
2026-01-27 17:47:08,9.45
2026-01-27 17:47:09,9.18
2026-01-27 17:47:10,9.18
2026-01-27 17:47:11,9.18
2026-01-27 17:47:12,9.18
2026-01-27 17:47:13,9.18
2026-01-27 17:47:14,10.3
2026-01-27 17:47:15,10.3
2026-01-27 17:47:16,10.3
2026-01-27 17:47:17,10.3
2026-01-27 17:47:18,10.3
2026-01-27 17:47:19,8.78
2026-01-27 17:47:20,8.78
2026-01-27 17:47:21,8.78
2026-01-27 17:47:22,8.78
2026-01-27 17:47:23,8.78
2026-01-27 17:47:24,8.21
2026-01-27 17:47:25,8.21
2026-01-27 17:47:26,8.21
2026-01-27 17:47:27,8.21
2026-01-27 17:47:28,8.21
2026-01-27 17:47:29,7.71
2026-01-27 17:47:30,7.71
2026-01-27 17:47:31,7.71
2026-01-27 17:47:32,7.71
2026-01-27 17:47:33,7.71
2026-01-27 17:47:34,8.40
2026-01-27 17:47:35,8.40
2026-01-27 17:47:36,8.40
2026-01-27 17:47:37,8.40
2026-01-27 17:47:38,8.40
2026-01-27 17:47:39,7.62
2026-01-27 17:47:40,7.62
2026-01-27 17:47:41,7.62
2026-01-27 17:47:42,7.62
2026-01-27 17:47:43,7.62
2026-01-27 17:47:44,8.17
2026-01-27 17:47:45,8.17
2026-01-27 17:47:46,8.17
2026-01-27 17:47:47,8.17
2026-01-27 17:47:48,8.17
2026-01-27 17:47:49,7.25
2026-01-27 17:47:50,7.25
2026-01-27 17:47:51,7.25
2026-01-27 17:47:52,7.25
2026-01-27 17:47:53,7.25
2026-01-27 17:47:54,8.21
2026-01-27 17:47:55,8.21
2026-01-27 17:47:56,8.21
2026-01-27 17:47:57,8.21
2026-01-27 17:47:58,8.21
2026-01-27 17:47:59,8.20
2026-01-27 17:48:00,8.20
2026-01-27 17:48:01,8.20
2026-01-27 17:48:02,8.20
2026-01-27 17:48:03,8.20
2026-01-27 17:48:04,8.94
2026-01-27 17:48:05,8.94
2026-01-27 17:48:06,8.94
2026-01-27 17:48:07,8.94
2026-01-27 17:48:08,8.94
2026-01-27 17:48:09,8.21
2026-01-27 17:48:10,8.21
2026-01-27 17:48:11,8.21
2026-01-27 17:48:12,8.21
2026-01-27 17:48:13,8.21
2026-01-27 17:48:14,9.45
2026-01-27 17:48:15,9.45
2026-01-27 17:48:16,9.45
2026-01-27 17:48:17,9.45
2026-01-27 17:48:18,9.45
2026-01-27 17:48:19,8.17
2026-01-27 17:48:20,8.17
2026-01-27 17:48:21,8.17
2026-01-27 17:48:22,8.17
2026-01-27 17:48:23,8.17
2026-01-27 17:48:24,7.55
2026-01-27 17:48:25,7.55
2026-01-27 17:48:26,7.55
2026-01-27 17:48:27,7.55
2026-01-27 17:48:28,7.55
2026-01-27 17:48:29,6.99
2026-01-27 17:48:30,6.99
2026-01-27 17:48:31,6.99
2026-01-27 17:48:32,6.99
2026-01-27 17:48:33,6.99
2026-01-27 17:48:34,7.68
2026-01-27 17:48:35,7.68
2026-01-27 17:48:36,7.68
2026-01-27 17:48:37,7.68
2026-01-27 17:48:38,7.68
2026-01-27 17:48:39,8.19
2026-01-27 17:48:40,8.19
2026-01-27 17:48:41,8.19
2026-01-27 17:48:42,8.19
2026-01-27 17:48:43,8.19
2026-01-27 17:48:44,8.75
2026-01-27 17:48:45,8.75
2026-01-27 17:48:46,8.75
2026-01-27 17:48:47,8.75
2026-01-27 17:48:48,8.75
2026-01-27 17:48:49,8.12
2026-01-27 17:48:50,8.12
2026-01-27 17:48:51,8.12
2026-01-27 17:48:52,8.12
2026-01-27 17:48:53,8.12
2026-01-27 17:48:54,10.4
2026-01-27 17:48:55,10.4
2026-01-27 17:48:56,10.4
2026-01-27 17:48:57,10.4
2026-01-27 17:48:58,10.4
2026-01-27 17:48:59,10.6
2026-01-27 17:49:00,10.6
2026-01-27 17:49:01,10.6
2026-01-27 17:49:02,10.6
2026-01-27 17:49:03,10.6
2026-01-27 17:49:04,10.1
2026-01-27 17:49:05,10.1
2026-01-27 17:49:06,10.1
2026-01-27 17:49:07,10.1
2026-01-27 17:49:08,10.1
2026-01-27 17:49:09,8.12
2026-01-27 17:49:10,8.12
2026-01-27 17:49:11,8.12
2026-01-27 17:49:12,8.12
2026-01-27 17:49:13,8.12
2026-01-27 17:49:14,8.31
2026-01-27 17:49:15,8.31
2026-01-27 17:49:16,8.31
2026-01-27 17:49:17,8.31
2026-01-27 17:49:18,8.31
2026-01-27 17:49:19,8.75
2026-01-27 17:49:20,8.75
2026-01-27 17:49:21,8.75
2026-01-27 17:49:22,8.75
2026-01-27 17:49:23,8.75
2026-01-27 17:49:24,9.08
2026-01-27 17:49:25,9.08
2026-01-27 17:49:26,9.08
2026-01-27 17:49:27,9.08
2026-01-27 17:49:28,9.08
2026-01-27 17:49:29,9.31
2026-01-27 17:49:30,9.31
2026-01-27 17:49:31,9.31
2026-01-27 17:49:32,9.31
2026-01-27 17:49:33,9.31
2026-01-27 17:49:34,8.64
2026-01-27 17:49:35,8.64
2026-01-27 17:49:36,8.64
2026-01-27 17:49:37,8.64
2026-01-27 17:49:38,8.64
2026-01-27 17:49:39,7.08
2026-01-27 17:49:40,7.08
2026-01-27 17:49:41,7.08
2026-01-27 17:49:42,7.08
2026-01-27 17:49:43,7.08
2026-01-27 17:49:44,7.32
2026-01-27 17:49:45,7.32
2026-01-27 17:49:46,7.32
2026-01-27 17:49:47,7.32
2026-01-27 17:49:48,7.32
2026-01-27 17:49:49,8.70
2026-01-27 17:49:50,8.70
2026-01-27 17:49:51,8.70
2026-01-27 17:49:52,8.70
2026-01-27 17:49:53,8.70
2026-01-27 17:49:54,0
2026-01-27 17:49:55,0
2026-01-27 17:49:56,0
2026-01-27 17:49:57,0
2026-01-27 17:49:58,0
2026-01-27 17:49:59,0
2026-01-27 17:50:00,0
2026-01-27 17:50:01,0
2026-01-27 17:50:02,0
2026-01-27 17:50:03,0
2026-01-27 17:50:04,0
2026-01-27 17:50:05,0
2026-01-27 17:50:06,0
2026-01-27 17:50:07,0
2026-01-27 17:50:08,0
2026-01-27 17:50:09,0
2026-01-27 17:50:10,0
2026-01-27 17:50:11,0
2026-01-27 17:50:12,0
2026-01-27 17:50:13,0
2026-01-27 17:50:14,0
2026-01-27 17:50:15,0
2026-01-27 17:50:16,0
2026-01-27 17:50:17,0
2026-01-27 17:50:18,0
2026-01-27 17:50:19,0
2026-01-27 17:50:20,0
2026-01-27 17:50:21,0
2026-01-27 17:50:22,0
2026-01-27 17:50:23,0
2026-01-27 17:50:24,0
2026-01-27 17:50:25,0
2026-01-27 17:50:26,0
2026-01-27 17:50:27,0
2026-01-27 17:50:28,0
2026-01-27 17:50:29,0
2026-01-27 17:50:30,0
2026-01-27 17:50:31,0
2026-01-27 17:50:32,0
2026-01-27 17:50:33,0
2026-01-27 17:50:34,0
2026-01-27 17:50:35,0
2026-01-27 17:50:36,0
2026-01-27 17:50:37,0
2026-01-27 17:50:38,0
2026-01-27 17:50:39,0
2026-01-27 17:50:40,0
2026-01-27 17:50:41,0
2026-01-27 17:50:42,0
2026-01-27 17:50:43,0
2026-01-27 17:50:44,0
2026-01-27 17:50:45,0
2026-01-27 17:50:46,0
2026-01-27 17:50:47,0
2026-01-27 17:50:48,0
2026-01-27 17:50:49,0
2026-01-27 17:50:50,0
2026-01-27 17:50:51,0
2026-01-27 17:50:52,0
2026-01-27 17:50:53,0
2026-01-27 17:50:54,0
2026-01-27 17:50:55,0
2026-01-27 17:50:56,0
2026-01-27 17:50:57,0
2026-01-27 17:50:58,0
2026-01-27 17:50:59,0
2026-01-27 17:51:00,0
2026-01-27 17:51:01,0
2026-01-27 17:51:02,0
2026-01-27 17:51:03,0
2026-01-27 17:51:04,0
2026-01-27 17:51:05,0
2026-01-27 17:51:06,0
2026-01-27 17:51:07,0
2026-01-27 17:51:08,0
2026-01-27 17:51:09,0
2026-01-27 17:51:10,0
2026-01-27 17:51:11,0
2026-01-27 17:51:12,0
2026-01-27 17:51:13,0
2026-01-27 17:51:14,0
2026-01-27 17:51:15,0
2026-01-27 17:51:16,0
2026-01-27 17:51:17,0
2026-01-27 17:51:18,0
2026-01-27 17:51:19,0
2026-01-27 17:51:20,0
2026-01-27 17:51:21,0
2026-01-27 17:51:22,0
2026-01-27 17:51:23,0
2026-01-27 17:51:24,0
2026-01-27 17:51:25,0
2026-01-27 17:51:26,0
2026-01-27 17:51:27,0
2026-01-27 17:51:28,0
2026-01-27 17:56:24,4.51
2026-01-27 17:56:25,4.51
2026-01-27 17:56:26,4.51
2026-01-27 17:56:27,4.51
2026-01-27 17:56:28,4.51
2026-01-27 17:56:29,7.62
2026-01-27 17:56:30,7.62
2026-01-27 17:56:31,7.62
2026-01-27 17:56:32,7.62
2026-01-27 17:56:33,7.62
2026-01-27 17:56:34,11.0
2026-01-27 17:56:35,11.0
2026-01-27 17:56:36,11.0
2026-01-27 17:56:37,11.0
2026-01-27 17:56:38,11.0
2026-01-27 17:56:39,9.42
2026-01-27 17:56:40,9.42
2026-01-27 17:56:41,9.42
2026-01-27 17:56:42,9.42
2026-01-27 17:56:43,9.42
2026-01-27 17:56:44,9.80
2026-01-27 17:56:45,9.80
2026-01-27 17:56:46,9.80
2026-01-27 17:56:47,9.80
2026-01-27 17:56:48,9.80
2026-01-27 17:56:49,9.14
2026-01-27 17:56:50,9.14
2026-01-27 17:56:51,9.14
2026-01-27 17:56:52,9.14
2026-01-27 17:56:53,9.14
2026-01-27 17:56:54,10.0
2026-01-27 17:56:55,10.0
2026-01-27 17:56:56,10.0
2026-01-27 17:56:57,10.0
2026-01-27 17:56:58,10.0
2026-01-27 17:56:59,9.59
2026-01-27 17:57:00,9.59
2026-01-27 17:57:01,9.59
2026-01-27 17:57:02,9.59
2026-01-27 17:57:03,9.59
2026-01-27 17:57:04,8.74
2026-01-27 17:57:05,8.74
2026-01-27 17:57:06,8.74
2026-01-27 17:57:07,8.74
2026-01-27 17:57:08,8.74
2026-01-27 17:57:09,9.68
2026-01-27 17:57:10,9.68
2026-01-27 17:57:11,9.68
2026-01-27 17:57:12,9.68
2026-01-27 17:57:13,9.68
2026-01-27 17:57:14,10.00
2026-01-27 17:57:15,10.00
2026-01-27 17:57:16,10.00
2026-01-27 17:57:17,10.00
2026-01-27 17:57:18,10.00
2026-01-27 17:57:19,9.61
2026-01-27 17:57:20,9.61
2026-01-27 17:57:21,9.61
2026-01-27 17:57:22,9.61
2026-01-27 17:57:23,9.61
2026-01-27 17:57:24,10.3
2026-01-27 17:57:25,10.3
2026-01-27 17:57:26,10.3
2026-01-27 17:57:27,10.3
2026-01-27 17:57:28,10.3
2026-01-27 17:57:29,9.82
2026-01-27 17:57:30,9.82
2026-01-27 17:57:31,9.82
2026-01-27 17:57:32,9.82
2026-01-27 17:57:33,9.82
2026-01-27 17:57:34,10.9
2026-01-27 17:57:35,10.9
2026-01-27 17:57:36,10.9
2026-01-27 17:57:37,10.9
2026-01-27 17:57:38,10.9
2026-01-27 17:57:39,9.79
2026-01-27 17:57:40,9.79
2026-01-27 17:57:41,9.79
2026-01-27 17:57:42,9.79
2026-01-27 17:57:43,9.79
2026-01-27 17:57:44,10.3
2026-01-27 17:57:45,10.3
2026-01-27 17:57:46,10.3
2026-01-27 17:57:47,10.3
2026-01-27 17:57:48,10.3
2026-01-27 17:57:49,9.59
2026-01-27 17:57:50,9.59
2026-01-27 17:57:51,9.59
2026-01-27 17:57:52,9.59
2026-01-27 17:57:53,9.59
2026-01-27 17:57:54,11.4
2026-01-27 17:57:55,11.4
2026-01-27 17:57:56,11.4
2026-01-27 17:57:57,11.4
2026-01-27 17:57:58,11.4
2026-01-27 17:57:59,9.74
2026-01-27 17:58:00,9.74
2026-01-27 17:58:01,9.74
2026-01-27 17:58:02,9.74
2026-01-27 17:58:03,9.74
2026-01-27 17:58:04,10.1
2026-01-27 17:58:05,10.1
2026-01-27 17:58:06,10.1
2026-01-27 17:58:07,10.1
2026-01-27 17:58:08,10.1
2026-01-27 17:58:09,9.17
2026-01-27 17:58:10,9.17
2026-01-27 17:58:11,9.17
2026-01-27 17:58:12,9.17
2026-01-27 17:58:13,9.17
2026-01-27 17:58:14,8.99
2026-01-27 17:58:15,8.99
2026-01-27 17:58:16,8.99
2026-01-27 17:58:17,8.99
2026-01-27 17:58:18,8.99
2026-01-27 17:58:19,9.74
2026-01-27 17:58:20,9.74
2026-01-27 17:58:21,9.74
2026-01-27 17:58:22,9.74
2026-01-27 17:58:23,9.74
2026-01-27 17:58:24,10.6
2026-01-27 17:58:25,10.6
2026-01-27 17:58:26,10.6
2026-01-27 17:58:27,10.6
2026-01-27 17:58:28,10.6
2026-01-27 17:58:29,9.13
2026-01-27 17:58:30,9.13
2026-01-27 17:58:31,9.13
2026-01-27 17:58:32,9.13
2026-01-27 17:58:33,9.13
2026-01-27 17:58:34,10.0
2026-01-27 17:58:35,10.0
2026-01-27 17:58:36,10.0
2026-01-27 17:58:37,10.0
2026-01-27 17:58:38,10.0
2026-01-27 17:58:39,7.62
2026-01-27 17:58:40,7.62
2026-01-27 17:58:41,7.62
2026-01-27 17:58:42,7.62
2026-01-27 17:58:43,7.62
2026-01-27 17:58:44,7.21
2026-01-27 17:58:45,7.21
2026-01-27 17:58:46,7.21
2026-01-27 17:58:47,7.21
2026-01-27 17:58:48,7.21
2026-01-27 17:58:49,6.33
2026-01-27 17:58:50,6.33
2026-01-27 17:58:51,6.33
2026-01-27 17:58:52,6.33
2026-01-27 17:58:53,6.33
2026-01-27 17:58:54,7.08
2026-01-27 17:58:55,7.08
2026-01-27 17:58:56,7.08
2026-01-27 17:58:57,7.08
2026-01-27 17:58:58,7.08
2026-01-27 17:58:59,6.29
2026-01-27 17:59:00,6.29
2026-01-27 17:59:01,6.29
2026-01-27 17:59:02,6.29
2026-01-27 17:59:03,6.29
2026-01-27 17:59:04,9.43
2026-01-27 17:59:05,9.43
2026-01-27 17:59:06,9.43
2026-01-27 17:59:07,9.43
2026-01-27 17:59:08,9.43
2026-01-27 17:59:09,7.06
2026-01-27 17:59:10,7.06
2026-01-27 17:59:11,7.06
2026-01-27 17:59:12,7.06
2026-01-27 17:59:13,7.06
2026-01-27 17:59:14,5.17
2026-01-27 17:59:15,5.17
2026-01-27 17:59:16,5.17
2026-01-27 17:59:17,5.17
2026-01-27 17:59:18,5.17
2026-01-27 17:59:19,8.87
2026-01-27 17:59:20,8.87
2026-01-27 17:59:21,8.87
2026-01-27 17:59:22,8.87
2026-01-27 17:59:23,8.87
2026-01-27 17:59:24,7.40
2026-01-27 17:59:25,7.40
2026-01-27 17:59:26,7.40
2026-01-27 17:59:27,7.40
2026-01-27 17:59:28,7.40
2026-01-27 17:59:29,4.03
2026-01-27 17:59:30,4.03
2026-01-27 17:59:31,4.03
2026-01-27 17:59:32,4.03
2026-01-27 17:59:33,4.03
2026-01-27 17:59:34,4.46
2026-01-27 17:59:35,4.46
2026-01-27 17:59:36,4.46
2026-01-27 17:59:37,4.46
2026-01-27 17:59:38,4.46
2026-01-27 17:59:39,3.94
2026-01-27 17:59:40,3.94
2026-01-27 17:59:41,3.94
2026-01-27 17:59:42,3.94
2026-01-27 17:59:43,3.94
2026-01-27 17:59:44,6.41
2026-01-27 17:59:45,6.41
2026-01-27 17:59:46,6.41
2026-01-27 17:59:47,6.41
2026-01-27 17:59:48,6.41
2026-01-27 17:59:49,0
2026-01-27 17:59:50,0
2026-01-27 17:59:51,0
2026-01-27 17:59:52,0
2026-01-27 17:59:53,0
2026-01-27 17:59:54,0
2026-01-27 17:59:55,0
2026-01-27 17:59:56,0
2026-01-27 17:59:57,0
2026-01-27 17:59:58,0
2026-01-27 17:59:59,0
2026-01-27 18:00:00,0
2026-01-27 18:00:01,0
2026-01-27 18:00:02,0
2026-01-27 18:00:03,0
2026-01-27 18:00:04,0
2026-01-27 18:00:05,0
2026-01-27 18:00:06,0
2026-01-27 18:00:07,0
2026-01-27 18:00:08,0
2026-01-27 18:00:09,0
2026-01-27 18:00:10,0
2026-01-27 18:00:11,0
2026-01-27 18:00:12,0
2026-01-27 18:00:13,0
2026-01-27 18:00:14,0
2026-01-27 18:00:15,0
2026-01-27 18:00:16,0
2026-01-27 18:00:17,0
2026-01-27 18:00:18,0
2026-01-27 18:00:19,0
2026-01-27 18:00:20,0
2026-01-27 18:00:21,0
2026-01-27 18:00:22,0
2026-01-27 18:00:23,0
2026-01-27 18:00:24,0
2026-01-27 18:00:25,0
2026-01-27 18:00:26,0
2026-01-27 18:00:27,0
2026-01-27 18:00:28,0
2026-01-27 18:00:29,0
2026-01-27 18:00:30,0
2026-01-27 18:00:31,0
2026-01-27 18:00:32,0
2026-01-27 18:00:33,0
2026-01-27 18:00:34,0
2026-01-27 18:00:35,0
2026-01-27 18:00:36,0
2026-01-27 18:00:37,0
2026-01-27 18:00:38,0
2026-01-27 18:00:39,0
2026-01-27 18:00:40,0
2026-01-27 18:00:41,0
2026-01-27 18:00:42,0
2026-01-27 18:00:43,0
2026-01-27 18:00:44,0
2026-01-27 18:00:45,0
2026-01-27 18:00:46,0
2026-01-27 18:00:47,0
2026-01-27 18:00:48,0
2026-01-27 18:00:49,0
2026-01-27 18:00:50,0
2026-01-27 18:00:51,0
2026-01-27 18:00:52,0
2026-01-27 18:00:53,0
2026-01-27 18:00:54,0
2026-01-27 18:00:55,0
2026-01-27 18:00:56,0
2026-01-27 18:00:57,0
2026-01-27 18:00:58,0
2026-01-27 18:00:59,0
2026-01-27 18:01:00,0
2026-01-27 18:01:01,0
2026-01-27 18:01:02,0
2026-01-27 18:01:03,0
2026-01-27 18:01:04,0
2026-01-27 18:01:05,0
2026-01-27 18:01:06,0
2026-01-27 18:01:07,0
2026-01-27 18:01:08,0
2026-01-27 18:01:09,0
2026-01-27 18:01:10,0
2026-01-27 18:01:11,0
2026-01-27 18:01:12,0
2026-01-27 18:01:13,0
2026-01-27 18:01:14,0
2026-01-27 18:01:15,0
2026-01-27 18:01:16,0
2026-01-27 18:01:17,0
2026-01-27 18:01:18,0
2026-01-27 18:01:19,0
2026-01-27 18:01:20,0
2026-01-27 18:01:21,0
2026-01-27 18:01:22,0
2026-01-27 18:01:23,0
2026-01-27 18:06:24,1.57
2026-01-27 18:06:25,1.57
2026-01-27 18:06:26,1.57
2026-01-27 18:06:27,1.57
2026-01-27 18:06:28,1.57
2026-01-27 18:06:29,7.96
2026-01-27 18:06:30,7.96
2026-01-27 18:06:31,7.96
2026-01-27 18:06:32,7.96
2026-01-27 18:06:33,7.96
2026-01-27 18:06:34,10.2
2026-01-27 18:06:35,10.2
2026-01-27 18:06:36,10.2
2026-01-27 18:06:37,10.2
2026-01-27 18:06:38,10.2
2026-01-27 18:06:39,9.11
2026-01-27 18:06:40,9.11
2026-01-27 18:06:41,9.11
2026-01-27 18:06:42,9.11
2026-01-27 18:06:43,9.11
2026-01-27 18:06:44,9.99
2026-01-27 18:06:45,9.99
2026-01-27 18:06:46,9.99
2026-01-27 18:06:47,9.99
2026-01-27 18:06:48,9.99
2026-01-27 18:06:49,9.36
2026-01-27 18:06:50,9.36
2026-01-27 18:06:51,9.36
2026-01-27 18:06:52,9.36
2026-01-27 18:06:53,9.36
2026-01-27 18:06:54,9.74
2026-01-27 18:06:55,9.74
2026-01-27 18:06:56,9.74
2026-01-27 18:06:57,9.74
2026-01-27 18:06:58,9.74
2026-01-27 18:06:59,8.89
2026-01-27 18:07:00,8.89
2026-01-27 18:07:01,8.89
2026-01-27 18:07:02,8.89
2026-01-27 18:07:03,8.89
2026-01-27 18:07:04,11.2
2026-01-27 18:07:05,11.2
2026-01-27 18:07:06,11.2
2026-01-27 18:07:07,11.2
2026-01-27 18:07:08,11.2
2026-01-27 18:07:09,9.70
2026-01-27 18:07:10,9.70
2026-01-27 18:07:11,9.70
2026-01-27 18:07:12,9.70
2026-01-27 18:07:13,9.70
2026-01-27 18:07:14,8.53
2026-01-27 18:07:15,8.53
2026-01-27 18:07:16,8.53
2026-01-27 18:07:17,8.53
2026-01-27 18:07:18,8.53
2026-01-27 18:07:19,8.87
2026-01-27 18:07:20,8.87
2026-01-27 18:07:21,8.87
2026-01-27 18:07:22,8.87
2026-01-27 18:07:23,8.87
2026-01-27 18:07:24,9.60
2026-01-27 18:07:25,9.60
2026-01-27 18:07:26,9.60
2026-01-27 18:07:27,9.60
2026-01-27 18:07:28,9.60
2026-01-27 18:07:29,8.32
2026-01-27 18:07:30,8.32
2026-01-27 18:07:31,8.32
2026-01-27 18:07:32,8.32
2026-01-27 18:07:33,8.32
2026-01-27 18:07:34,9.52
2026-01-27 18:07:35,9.52
2026-01-27 18:07:36,9.52
2026-01-27 18:07:37,9.52
2026-01-27 18:07:38,9.52
2026-01-27 18:07:39,9.74
2026-01-27 18:07:40,9.74
2026-01-27 18:07:41,9.74
2026-01-27 18:07:42,9.74
2026-01-27 18:07:43,9.74
2026-01-27 18:07:44,10.9
2026-01-27 18:07:45,10.9
2026-01-27 18:07:46,10.9
2026-01-27 18:07:47,10.9
2026-01-27 18:07:48,10.9
2026-01-27 18:07:49,8.84
2026-01-27 18:07:50,8.84
2026-01-27 18:07:51,8.84
2026-01-27 18:07:52,8.84
2026-01-27 18:07:53,8.84
2026-01-27 18:07:54,9.49
2026-01-27 18:07:55,9.49
2026-01-27 18:07:56,9.49
2026-01-27 18:07:57,9.49
2026-01-27 18:07:58,9.49
2026-01-27 18:07:59,8.36
2026-01-27 18:08:00,8.36
2026-01-27 18:08:01,8.36
2026-01-27 18:08:02,8.36
2026-01-27 18:08:03,8.36
2026-01-27 18:08:04,9.01
2026-01-27 18:08:05,9.01
2026-01-27 18:08:06,9.01
2026-01-27 18:08:07,9.01
2026-01-27 18:08:08,9.01
2026-01-27 18:08:09,10.3
2026-01-27 18:08:10,10.3
2026-01-27 18:08:11,10.3
2026-01-27 18:08:12,10.3
2026-01-27 18:08:13,10.3
2026-01-27 18:08:14,7.34
2026-01-27 18:08:15,7.34
2026-01-27 18:08:16,7.34
2026-01-27 18:08:17,7.34
2026-01-27 18:08:18,7.34
2026-01-27 18:08:19,7.32
2026-01-27 18:08:20,7.32
2026-01-27 18:08:21,7.32
2026-01-27 18:08:22,7.32
2026-01-27 18:08:23,7.32
2026-01-27 18:08:24,7.91
2026-01-27 18:08:25,7.91
2026-01-27 18:08:26,7.91
2026-01-27 18:08:27,7.91
2026-01-27 18:08:28,7.91
2026-01-27 18:08:29,7.02
2026-01-27 18:08:30,7.02
2026-01-27 18:08:31,7.02
2026-01-27 18:08:32,7.02
2026-01-27 18:08:33,7.02
2026-01-27 18:08:34,9.90
2026-01-27 18:08:35,9.90
2026-01-27 18:08:36,9.90
2026-01-27 18:08:37,9.90
2026-01-27 18:08:38,9.90
2026-01-27 18:08:39,8.83
2026-01-27 18:08:40,8.83
2026-01-27 18:08:41,8.83
2026-01-27 18:08:42,8.83
2026-01-27 18:08:43,8.83
2026-01-27 18:08:44,10.3
2026-01-27 18:08:45,10.3
2026-01-27 18:08:46,10.3
2026-01-27 18:08:47,10.3
2026-01-27 18:08:48,10.3
2026-01-27 18:08:49,10.3
2026-01-27 18:08:50,10.3
2026-01-27 18:08:51,10.3
2026-01-27 18:08:52,10.3
2026-01-27 18:08:53,10.3
2026-01-27 18:08:54,9.15
2026-01-27 18:08:55,9.15
2026-01-27 18:08:56,9.15
2026-01-27 18:08:57,9.15
2026-01-27 18:08:58,9.15
2026-01-27 18:08:59,6.80
2026-01-27 18:09:00,6.80
2026-01-27 18:09:01,6.80
2026-01-27 18:09:02,6.80
2026-01-27 18:09:03,6.80
2026-01-27 18:09:04,7.31
2026-01-27 18:09:05,7.31
2026-01-27 18:09:06,7.31
2026-01-27 18:09:07,7.31
2026-01-27 18:09:08,7.31
2026-01-27 18:09:09,6.52
2026-01-27 18:09:10,6.52
2026-01-27 18:09:11,6.52
2026-01-27 18:09:12,6.52
2026-01-27 18:09:13,6.52
2026-01-27 18:09:14,6.60
2026-01-27 18:09:15,6.60
2026-01-27 18:09:16,6.60
2026-01-27 18:09:17,6.60
2026-01-27 18:09:18,6.60
2026-01-27 18:09:19,6.66
2026-01-27 18:09:20,6.66
2026-01-27 18:09:21,6.66
2026-01-27 18:09:22,6.66
2026-01-27 18:09:23,6.66
2026-01-27 18:09:24,7.17
2026-01-27 18:09:25,7.17
2026-01-27 18:09:26,7.17
2026-01-27 18:09:27,7.17
2026-01-27 18:09:28,7.17
2026-01-27 18:09:29,6.80
2026-01-27 18:09:30,6.80
2026-01-27 18:09:31,6.80
2026-01-27 18:09:32,6.80
2026-01-27 18:09:33,6.80
2026-01-27 18:09:34,7.73
2026-01-27 18:09:35,7.73
2026-01-27 18:09:36,7.73
2026-01-27 18:09:37,7.73
2026-01-27 18:09:38,7.73
2026-01-27 18:09:39,6.57
2026-01-27 18:09:40,6.57
2026-01-27 18:09:41,6.57
2026-01-27 18:09:42,6.57
2026-01-27 18:09:43,6.57
2026-01-27 18:09:44,0
2026-01-27 18:09:45,0
2026-01-27 18:09:46,0
2026-01-27 18:09:47,0
2026-01-27 18:09:48,0
2026-01-27 18:09:49,0
2026-01-27 18:09:50,0
2026-01-27 18:09:51,0
2026-01-27 18:09:52,0
2026-01-27 18:09:53,0
2026-01-27 18:09:54,0
2026-01-27 18:09:55,0
2026-01-27 18:09:56,0
2026-01-27 18:09:57,0
2026-01-27 18:09:58,0
2026-01-27 18:09:59,0
2026-01-27 18:10:00,0
2026-01-27 18:10:01,0
2026-01-27 18:10:02,0
2026-01-27 18:10:03,0
2026-01-27 18:10:04,0
2026-01-27 18:10:05,0
2026-01-27 18:10:06,0
2026-01-27 18:10:07,0
2026-01-27 18:10:08,0
2026-01-27 18:10:09,0
2026-01-27 18:10:10,0
2026-01-27 18:10:11,0
2026-01-27 18:10:12,0
2026-01-27 18:10:13,0
2026-01-27 18:10:14,0
2026-01-27 18:10:15,0
2026-01-27 18:10:16,0
2026-01-27 18:10:17,0
2026-01-27 18:10:18,0
2026-01-27 18:10:19,0
2026-01-27 18:10:20,0
2026-01-27 18:10:21,0
2026-01-27 18:10:22,0
2026-01-27 18:10:23,0
2026-01-27 18:10:24,0
2026-01-27 18:10:25,0
2026-01-27 18:10:26,0
2026-01-27 18:10:27,0
2026-01-27 18:10:28,0
2026-01-27 18:10:29,0
2026-01-27 18:10:30,0
2026-01-27 18:10:31,0
2026-01-27 18:10:32,0
2026-01-27 18:10:33,0
2026-01-27 18:10:34,0
2026-01-27 18:10:35,0
2026-01-27 18:10:36,0
2026-01-27 18:10:37,0
2026-01-27 18:10:38,0
2026-01-27 18:10:39,0
2026-01-27 18:10:40,0
2026-01-27 18:10:41,0
2026-01-27 18:10:42,0
2026-01-27 18:10:43,0
2026-01-27 18:10:44,0
2026-01-27 18:10:45,0
2026-01-27 18:10:46,0
2026-01-27 18:10:47,0
2026-01-27 18:10:48,0
2026-01-27 18:10:49,0
2026-01-27 18:10:50,0
2026-01-27 18:10:51,0
2026-01-27 18:10:52,0
2026-01-27 18:10:53,0
2026-01-27 18:10:54,0
2026-01-27 18:10:55,0
2026-01-27 18:10:56,0
2026-01-27 18:10:57,0
2026-01-27 18:10:58,0
2026-01-27 18:10:59,0
2026-01-27 18:11:00,0
2026-01-27 18:11:01,0
2026-01-27 18:11:02,0
2026-01-27 18:11:03,0
2026-01-27 18:11:04,0
2026-01-27 18:11:05,0
2026-01-27 18:11:06,0
2026-01-27 18:11:07,0
2026-01-27 18:11:08,0
2026-01-27 18:11:09,0
2026-01-27 18:11:10,0
2026-01-27 18:11:11,0
2026-01-27 18:11:12,0
2026-01-27 18:11:13,0
2026-01-27 18:11:14,0
2026-01-27 18:11:15,0
2026-01-27 18:11:16,0
2026-01-27 18:11:17,0
2026-01-27 18:11:18,0
2026-01-27 18:11:29,5.57
2026-01-27 18:11:30,5.57
2026-01-27 18:11:31,5.57
2026-01-27 18:11:32,5.57
2026-01-27 18:11:33,5.57
2026-01-27 18:11:34,8.51
2026-01-27 18:11:35,8.51
2026-01-27 18:11:36,8.51
2026-01-27 18:11:37,8.51
2026-01-27 18:11:38,8.51
2026-01-27 18:11:39,7.99
2026-01-27 18:11:40,7.99
2026-01-27 18:11:41,7.99
2026-01-27 18:11:42,7.99
2026-01-27 18:11:43,7.99
2026-01-27 18:11:44,8.46
2026-01-27 18:11:45,8.46
2026-01-27 18:11:46,8.46
2026-01-27 18:11:47,8.46
2026-01-27 18:11:48,8.46
2026-01-27 18:11:49,7.60
2026-01-27 18:11:50,7.60
2026-01-27 18:11:51,7.60
2026-01-27 18:11:52,7.60
2026-01-27 18:11:53,7.60
2026-01-27 18:11:54,8.17
2026-01-27 18:11:55,8.17
2026-01-27 18:11:56,8.17
2026-01-27 18:11:57,8.17
2026-01-27 18:11:58,8.17
2026-01-27 18:11:59,7.61
2026-01-27 18:12:00,7.61
2026-01-27 18:12:01,7.61
2026-01-27 18:12:02,7.61
2026-01-27 18:12:03,7.61
2026-01-27 18:12:04,8.37
2026-01-27 18:12:05,8.37
2026-01-27 18:12:06,8.37
2026-01-27 18:12:07,8.37
2026-01-27 18:12:08,8.37
2026-01-27 18:12:09,8.15
2026-01-27 18:12:10,8.15
2026-01-27 18:12:11,8.15
2026-01-27 18:12:12,8.15
2026-01-27 18:12:13,8.15
2026-01-27 18:12:14,7.68
2026-01-27 18:12:15,7.68
2026-01-27 18:12:16,7.68
2026-01-27 18:12:17,7.68
2026-01-27 18:12:18,7.68
2026-01-27 18:12:19,7.73
2026-01-27 18:12:20,7.73
2026-01-27 18:12:21,7.73
2026-01-27 18:12:22,7.73
2026-01-27 18:12:23,7.73
2026-01-27 18:12:24,8.46
2026-01-27 18:12:25,8.46
2026-01-27 18:12:26,8.46
2026-01-27 18:12:27,8.46
2026-01-27 18:12:28,8.46
2026-01-27 18:12:29,7.70
2026-01-27 18:12:30,7.70
2026-01-27 18:12:31,7.70
2026-01-27 18:12:32,7.70
2026-01-27 18:12:33,7.70
2026-01-27 18:12:34,8.52
2026-01-27 18:12:35,8.52
2026-01-27 18:12:36,8.52
2026-01-27 18:12:37,8.52
2026-01-27 18:12:38,8.52
2026-01-27 18:12:39,7.73
2026-01-27 18:12:40,7.73
2026-01-27 18:12:41,7.73
2026-01-27 18:12:42,7.73
2026-01-27 18:12:43,7.73
2026-01-27 18:12:44,8.17
2026-01-27 18:12:45,8.17
2026-01-27 18:12:46,8.17
2026-01-27 18:12:47,8.17
2026-01-27 18:12:48,8.17
2026-01-27 18:12:49,7.76
2026-01-27 18:12:50,7.76
2026-01-27 18:12:51,7.76
2026-01-27 18:12:52,7.76
2026-01-27 18:12:53,7.76
2026-01-27 18:12:54,8.30
2026-01-27 18:12:55,8.30
2026-01-27 18:12:56,8.30
2026-01-27 18:12:57,8.30
2026-01-27 18:12:58,8.30
2026-01-27 18:12:59,7.91
2026-01-27 18:13:00,7.91
2026-01-27 18:13:01,7.91
2026-01-27 18:13:02,7.91
2026-01-27 18:13:03,7.91
2026-01-27 18:13:04,9.63
2026-01-27 18:13:05,9.63
2026-01-27 18:13:06,9.63
2026-01-27 18:13:07,9.63
2026-01-27 18:13:08,9.63
2026-01-27 18:13:09,10.2
2026-01-27 18:13:10,10.2
2026-01-27 18:13:11,10.2
2026-01-27 18:13:12,10.2
2026-01-27 18:13:13,10.2
2026-01-27 18:13:14,7.81
2026-01-27 18:13:15,7.81
2026-01-27 18:13:16,7.81
2026-01-27 18:13:17,7.81
2026-01-27 18:13:18,7.81
2026-01-27 18:13:19,8.07
2026-01-27 18:13:20,8.07
2026-01-27 18:13:21,8.07
2026-01-27 18:13:22,8.07
2026-01-27 18:13:23,8.07
2026-01-27 18:13:24,8.32
2026-01-27 18:13:25,8.32
2026-01-27 18:13:26,8.32
2026-01-27 18:13:27,8.32
2026-01-27 18:13:28,8.32
2026-01-27 18:13:29,7.78
2026-01-27 18:13:30,7.78
2026-01-27 18:13:31,7.78
2026-01-27 18:13:32,7.78
2026-01-27 18:13:33,7.78
2026-01-27 18:13:34,8.15
2026-01-27 18:13:35,8.15
2026-01-27 18:13:36,8.15
2026-01-27 18:13:37,8.15
2026-01-27 18:13:38,8.15
2026-01-27 18:13:39,6.96
2026-01-27 18:13:40,6.96
2026-01-27 18:13:41,6.96
2026-01-27 18:13:42,6.96
2026-01-27 18:13:43,6.96
2026-01-27 18:13:44,9.08
2026-01-27 18:13:45,9.08
2026-01-27 18:13:46,9.08
2026-01-27 18:13:47,9.08
2026-01-27 18:13:48,9.08
2026-01-27 18:13:49,8.32
2026-01-27 18:13:50,8.32
2026-01-27 18:13:51,8.32
2026-01-27 18:13:52,8.32
2026-01-27 18:13:53,8.32
2026-01-27 18:13:54,8.95
2026-01-27 18:13:55,8.95
2026-01-27 18:13:56,8.95
2026-01-27 18:13:57,8.95
2026-01-27 18:13:58,8.95
2026-01-27 18:13:59,8.01
2026-01-27 18:14:00,8.01
2026-01-27 18:14:01,8.01
2026-01-27 18:14:02,8.01
2026-01-27 18:14:03,8.01
2026-01-27 18:14:04,8.62
2026-01-27 18:14:05,8.62
2026-01-27 18:14:06,8.62
2026-01-27 18:14:07,8.62
2026-01-27 18:14:08,8.62
2026-01-27 18:14:09,8.15
2026-01-27 18:14:10,8.15
2026-01-27 18:14:11,8.15
2026-01-27 18:14:12,8.15
2026-01-27 18:14:13,8.15
2026-01-27 18:14:14,8.03
2026-01-27 18:14:15,8.03
2026-01-27 18:14:16,8.03
2026-01-27 18:14:17,8.03
2026-01-27 18:14:18,8.03
2026-01-27 18:14:19,8.66
2026-01-27 18:14:20,8.66
2026-01-27 18:14:21,8.66
2026-01-27 18:14:22,8.66
2026-01-27 18:14:23,8.66
2026-01-27 18:14:24,10.2
2026-01-27 18:14:25,10.2
2026-01-27 18:14:26,10.2
2026-01-27 18:14:27,10.2
2026-01-27 18:14:28,10.2
2026-01-27 18:14:29,9.41
2026-01-27 18:14:30,9.41
2026-01-27 18:14:31,9.41
2026-01-27 18:14:32,9.41
2026-01-27 18:14:33,9.41
2026-01-27 18:14:34,10.0
2026-01-27 18:14:35,10.0
2026-01-27 18:14:36,10.0
2026-01-27 18:14:37,10.0
2026-01-27 18:14:38,10.0
2026-01-27 18:14:39,9.28
2026-01-27 18:14:40,9.28
2026-01-27 18:14:41,9.28
2026-01-27 18:14:42,9.28
2026-01-27 18:14:43,9.28
2026-01-27 18:14:44,0
2026-01-27 18:14:45,0
2026-01-27 18:14:46,0
2026-01-27 18:14:47,0
2026-01-27 18:14:48,0
2026-01-27 18:14:49,0
2026-01-27 18:14:50,0
2026-01-27 18:14:51,0
2026-01-27 18:14:52,0
2026-01-27 18:14:53,0
2026-01-27 18:14:54,0
2026-01-27 18:14:55,0
2026-01-27 18:14:56,0
2026-01-27 18:14:57,0
2026-01-27 18:14:58,0
2026-01-27 18:14:59,0
2026-01-27 18:15:00,0
2026-01-27 18:15:01,0
2026-01-27 18:15:02,0
2026-01-27 18:15:03,0
2026-01-27 18:15:04,0
2026-01-27 18:15:05,0
2026-01-27 18:15:06,0
2026-01-27 18:15:07,0
2026-01-27 18:15:08,0
2026-01-27 18:15:09,0
2026-01-27 18:15:10,0
2026-01-27 18:15:11,0
2026-01-27 18:15:12,0
2026-01-27 18:15:13,0
2026-01-27 18:15:14,0
2026-01-27 18:15:15,0
2026-01-27 18:15:16,0
2026-01-27 18:15:17,0
2026-01-27 18:15:18,0
2026-01-27 18:15:19,0
2026-01-27 18:15:20,0
2026-01-27 18:15:21,0
2026-01-27 18:15:22,0
2026-01-27 18:15:23,0
2026-01-27 18:15:24,0
2026-01-27 18:15:25,0
2026-01-27 18:15:26,0
2026-01-27 18:15:27,0
2026-01-27 18:15:28,0
2026-01-27 18:15:29,0
2026-01-27 18:15:30,0
2026-01-27 18:15:31,0
2026-01-27 18:15:32,0
2026-01-27 18:15:33,0
2026-01-27 18:15:34,0
2026-01-27 18:15:35,0
2026-01-27 18:15:36,0
2026-01-27 18:15:37,0
2026-01-27 18:15:38,0
2026-01-27 18:15:39,0
2026-01-27 18:15:40,0
2026-01-27 18:15:41,0
2026-01-27 18:15:42,0
2026-01-27 18:15:43,0
2026-01-27 18:15:44,0
2026-01-27 18:15:45,0
2026-01-27 18:15:46,0
2026-01-27 18:15:47,0
2026-01-27 18:15:48,0
2026-01-27 18:15:49,0
2026-01-27 18:15:50,0
2026-01-27 18:15:51,0
2026-01-27 18:15:52,0
2026-01-27 18:15:53,0
2026-01-27 18:15:54,0
2026-01-27 18:15:55,0
2026-01-27 18:15:56,0
2026-01-27 18:15:57,0
2026-01-27 18:15:58,0
2026-01-27 18:15:59,0
2026-01-27 18:16:00,0
2026-01-27 18:16:01,0
2026-01-27 18:16:02,0
2026-01-27 18:16:03,0
2026-01-27 18:16:04,0
2026-01-27 18:16:05,0
2026-01-27 18:16:06,0
2026-01-27 18:16:07,0
2026-01-27 18:16:08,0
2026-01-27 18:16:09,0
2026-01-27 18:16:10,0
2026-01-27 18:16:11,0
2026-01-27 18:16:12,0
2026-01-27 18:16:13,0
2026-01-27 18:16:14,0
2026-01-27 18:16:15,0
2026-01-27 18:16:16,0
2026-01-27 18:16:17,0
2026-01-27 18:16:18,0
2026-01-27 18:16:44,8.29
2026-01-27 18:16:45,8.29
2026-01-27 18:16:46,8.29
2026-01-27 18:16:47,8.29
2026-01-27 18:16:48,8.29
2026-01-27 18:16:49,7.91
2026-01-27 18:16:50,7.91
2026-01-27 18:16:51,7.91
2026-01-27 18:16:52,7.91
2026-01-27 18:16:53,7.91
2026-01-27 18:16:54,8.24
2026-01-27 18:16:55,8.24
2026-01-27 18:16:56,8.24
2026-01-27 18:16:57,8.24
2026-01-27 18:16:58,8.24
2026-01-27 18:16:59,7.67
2026-01-27 18:17:00,7.67
2026-01-27 18:17:01,7.67
2026-01-27 18:17:02,7.67
2026-01-27 18:17:03,7.67
2026-01-27 18:17:04,8.16
2026-01-27 18:17:05,8.16
2026-01-27 18:17:06,8.16
2026-01-27 18:17:07,8.16
2026-01-27 18:17:08,8.16
2026-01-27 18:17:09,7.70
2026-01-27 18:17:10,7.70
2026-01-27 18:17:11,7.70
2026-01-27 18:17:12,7.70
2026-01-27 18:17:13,7.70
2026-01-27 18:17:14,7.56
2026-01-27 18:17:15,7.56
2026-01-27 18:17:16,7.56
2026-01-27 18:17:17,7.56
2026-01-27 18:17:18,7.56
2026-01-27 18:17:19,7.41
2026-01-27 18:17:20,7.41
2026-01-27 18:17:21,7.41
2026-01-27 18:17:22,7.41
2026-01-27 18:17:23,7.41
2026-01-27 18:17:24,8.18
2026-01-27 18:17:25,8.18
2026-01-27 18:17:26,8.18
2026-01-27 18:17:27,8.18
2026-01-27 18:17:28,8.18
2026-01-27 18:17:29,7.67
2026-01-27 18:17:30,7.67
2026-01-27 18:17:31,7.67
2026-01-27 18:17:32,7.67
2026-01-27 18:17:33,7.67
2026-01-27 18:17:34,8.70
2026-01-27 18:17:35,8.70
2026-01-27 18:17:36,8.70
2026-01-27 18:17:37,8.70
2026-01-27 18:17:38,8.70
2026-01-27 18:17:39,9.43
2026-01-27 18:17:40,9.43
2026-01-27 18:17:41,9.43
2026-01-27 18:17:42,9.43
2026-01-27 18:17:43,9.43
2026-01-27 18:17:44,7.35
2026-01-27 18:17:45,7.35
2026-01-27 18:17:46,7.35
2026-01-27 18:17:47,7.35
2026-01-27 18:17:48,7.35
2026-01-27 18:17:49,6.38
2026-01-27 18:17:50,6.38
2026-01-27 18:17:51,6.38
2026-01-27 18:17:52,6.38
2026-01-27 18:17:53,6.38
2026-01-27 18:17:54,7.03
2026-01-27 18:17:55,7.03
2026-01-27 18:17:56,7.03
2026-01-27 18:17:57,7.03
2026-01-27 18:17:58,7.03
2026-01-27 18:17:59,6.21
2026-01-27 18:18:00,6.21
2026-01-27 18:18:01,6.21
2026-01-27 18:18:02,6.21
2026-01-27 18:18:03,6.21
2026-01-27 18:18:04,6.81
2026-01-27 18:18:05,6.81
2026-01-27 18:18:06,6.81
2026-01-27 18:18:07,6.81
2026-01-27 18:18:08,6.81
2026-01-27 18:18:09,7.91
2026-01-27 18:18:10,7.91
2026-01-27 18:18:11,7.91
2026-01-27 18:18:12,7.91
2026-01-27 18:18:13,7.91
2026-01-27 18:18:14,7.88
2026-01-27 18:18:15,7.88
2026-01-27 18:18:16,7.88
2026-01-27 18:18:17,7.88
2026-01-27 18:18:18,7.88
2026-01-27 18:18:19,7.68
2026-01-27 18:18:20,7.68
2026-01-27 18:18:21,7.68
2026-01-27 18:18:22,7.68
2026-01-27 18:18:23,7.68
2026-01-27 18:18:24,9.69
2026-01-27 18:18:25,9.69
2026-01-27 18:18:26,9.69
2026-01-27 18:18:27,9.69
2026-01-27 18:18:28,9.69
2026-01-27 18:18:29,7.31
2026-01-27 18:18:30,7.31
2026-01-27 18:18:31,7.31
2026-01-27 18:18:32,7.31
2026-01-27 18:18:33,7.31
2026-01-27 18:18:34,7.33
2026-01-27 18:18:35,7.33
2026-01-27 18:18:36,7.33
2026-01-27 18:18:37,7.33
2026-01-27 18:18:38,7.33
2026-01-27 18:18:39,7.22
2026-01-27 18:18:40,7.22
2026-01-27 18:18:41,7.22
2026-01-27 18:18:42,7.22
2026-01-27 18:18:43,7.22
2026-01-27 18:18:44,7.72
2026-01-27 18:18:45,7.72
2026-01-27 18:18:46,7.72
2026-01-27 18:18:47,7.72
2026-01-27 18:18:48,7.72
2026-01-27 18:18:49,6.52
2026-01-27 18:18:50,6.52
2026-01-27 18:18:51,6.52
2026-01-27 18:18:52,6.52
2026-01-27 18:18:53,6.52
2026-01-27 18:18:54,7.12
2026-01-27 18:18:55,7.12
2026-01-27 18:18:56,7.12
2026-01-27 18:18:57,7.12
2026-01-27 18:18:58,7.12
2026-01-27 18:18:59,6.40
2026-01-27 18:19:00,6.40
2026-01-27 18:19:01,6.40
2026-01-27 18:19:02,6.40
2026-01-27 18:19:03,6.40
2026-01-27 18:19:04,7.11
2026-01-27 18:19:05,7.11
2026-01-27 18:19:06,7.11
2026-01-27 18:19:07,7.11
2026-01-27 18:19:08,7.11
2026-01-27 18:19:09,6.57
2026-01-27 18:19:10,6.57
2026-01-27 18:19:11,6.57
2026-01-27 18:19:12,6.57
2026-01-27 18:19:13,6.57
2026-01-27 18:19:14,6.43
2026-01-27 18:19:15,6.43
2026-01-27 18:19:16,6.43
2026-01-27 18:19:17,6.43
2026-01-27 18:19:18,6.43
2026-01-27 18:19:19,6.66
2026-01-27 18:19:20,6.66
2026-01-27 18:19:21,6.66
2026-01-27 18:19:22,6.66
2026-01-27 18:19:23,6.66
2026-01-27 18:19:24,7.45
2026-01-27 18:19:25,7.45
2026-01-27 18:19:26,7.45
2026-01-27 18:19:27,7.45
2026-01-27 18:19:28,7.45
2026-01-27 18:19:29,6.42
2026-01-27 18:19:30,6.42
2026-01-27 18:19:31,6.42
2026-01-27 18:19:32,6.42
2026-01-27 18:19:33,6.42
2026-01-27 18:19:34,7.18
2026-01-27 18:19:35,7.18
2026-01-27 18:19:36,7.18
2026-01-27 18:19:37,7.18
2026-01-27 18:19:38,7.18
2026-01-27 18:19:39,6.14
2026-01-27 18:19:40,6.14
2026-01-27 18:19:41,6.14
2026-01-27 18:19:42,6.14
2026-01-27 18:19:43,6.14
2026-01-27 18:19:44,8.30
2026-01-27 18:19:45,8.30
2026-01-27 18:19:46,8.30
2026-01-27 18:19:47,8.30
2026-01-27 18:19:48,8.30
2026-01-27 18:19:49,8.49
2026-01-27 18:19:50,8.49
2026-01-27 18:19:51,8.49
2026-01-27 18:19:52,8.49
2026-01-27 18:19:53,8.49
2026-01-27 18:19:54,8.20
2026-01-27 18:19:55,8.20
2026-01-27 18:19:56,8.20
2026-01-27 18:19:57,8.20
2026-01-27 18:19:58,8.20
2026-01-27 18:19:59,0
2026-01-27 18:20:00,0
2026-01-27 18:20:01,0
2026-01-27 18:20:02,0
2026-01-27 18:20:03,0
2026-01-27 18:20:04,0
2026-01-27 18:20:05,0
2026-01-27 18:20:06,0
2026-01-27 18:20:07,0
2026-01-27 18:20:08,0
2026-01-27 18:20:09,0
2026-01-27 18:20:10,0
2026-01-27 18:20:11,0
2026-01-27 18:20:12,0
2026-01-27 18:20:13,0
2026-01-27 18:20:14,0
2026-01-27 18:20:15,0
2026-01-27 18:20:16,0
2026-01-27 18:20:17,0
2026-01-27 18:20:18,0
2026-01-27 18:20:19,0
2026-01-27 18:20:20,0
2026-01-27 18:20:21,0
2026-01-27 18:20:22,0
2026-01-27 18:20:23,0
2026-01-27 18:20:24,0
2026-01-27 18:20:25,0
2026-01-27 18:20:26,0
2026-01-27 18:20:27,0
2026-01-27 18:20:28,0
2026-01-27 18:20:29,0
2026-01-27 18:20:30,0
2026-01-27 18:20:31,0
2026-01-27 18:20:32,0
2026-01-27 18:20:33,0
2026-01-27 18:20:34,0
2026-01-27 18:20:35,0
2026-01-27 18:20:36,0
2026-01-27 18:20:37,0
2026-01-27 18:20:38,0
2026-01-27 18:20:39,0
2026-01-27 18:20:40,0
2026-01-27 18:20:41,0
2026-01-27 18:20:42,0
2026-01-27 18:20:43,0
2026-01-27 18:20:44,0
2026-01-27 18:20:45,0
2026-01-27 18:20:46,0
2026-01-27 18:20:47,0
2026-01-27 18:20:48,0
2026-01-27 18:20:49,0
2026-01-27 18:20:50,0
2026-01-27 18:20:51,0
2026-01-27 18:20:52,0
2026-01-27 18:20:53,0
2026-01-27 18:20:54,0
2026-01-27 18:20:55,0
2026-01-27 18:20:56,0
2026-01-27 18:20:57,0
2026-01-27 18:20:58,0
2026-01-27 18:20:59,0
2026-01-27 18:21:00,0
2026-01-27 18:21:01,0
2026-01-27 18:21:02,0
2026-01-27 18:21:03,0
2026-01-27 18:21:04,0
2026-01-27 18:21:05,0
2026-01-27 18:21:06,0
2026-01-27 18:21:07,0
2026-01-27 18:21:08,0
2026-01-27 18:21:09,0
2026-01-27 18:21:10,0
2026-01-27 18:21:11,0
2026-01-27 18:21:12,0
2026-01-27 18:21:13,0
2026-01-27 18:21:14,0
2026-01-27 18:21:15,0
2026-01-27 18:21:16,0
2026-01-27 18:21:17,0
2026-01-27 18:21:18,0
2026-01-27 18:21:19,0
2026-01-27 18:21:20,0
2026-01-27 18:21:21,0
2026-01-27 18:21:22,0
2026-01-27 18:21:23,0
2026-01-27 18:21:24,0
2026-01-27 18:21:25,0
2026-01-27 18:21:26,0
2026-01-27 18:21:27,0
2026-01-27 18:21:28,0
2026-01-27 18:21:29,0
2026-01-27 18:21:30,0
2026-01-27 18:21:31,0
2026-01-27 18:21:32,0
2026-01-27 18:21:33,0
2026-01-27 18:22:19,6.24
2026-01-27 18:22:20,6.24
2026-01-27 18:22:21,6.24
2026-01-27 18:22:22,6.24
2026-01-27 18:22:23,6.24
2026-01-27 18:22:24,9.56
2026-01-27 18:22:25,9.56
2026-01-27 18:22:26,9.56
2026-01-27 18:22:27,9.56
2026-01-27 18:22:28,9.56
2026-01-27 18:22:29,9.38
2026-01-27 18:22:30,9.38
2026-01-27 18:22:31,9.38
2026-01-27 18:22:32,9.38
2026-01-27 18:22:33,9.38
2026-01-27 18:22:34,10.3
2026-01-27 18:22:35,10.3
2026-01-27 18:22:36,10.3
2026-01-27 18:22:37,10.3
2026-01-27 18:22:38,10.3
2026-01-27 18:22:39,9.25
2026-01-27 18:22:40,9.25
2026-01-27 18:22:41,9.25
2026-01-27 18:22:42,9.25
2026-01-27 18:22:43,9.25
2026-01-27 18:22:44,9.65
2026-01-27 18:22:45,9.65
2026-01-27 18:22:46,9.65
2026-01-27 18:22:47,9.65
2026-01-27 18:22:48,9.65
2026-01-27 18:22:49,8.47
2026-01-27 18:22:50,8.47
2026-01-27 18:22:51,8.47
2026-01-27 18:22:52,8.47
2026-01-27 18:22:53,8.47
2026-01-27 18:22:54,9.51
2026-01-27 18:22:55,9.51
2026-01-27 18:22:56,9.51
2026-01-27 18:22:57,9.51
2026-01-27 18:22:58,9.51
2026-01-27 18:22:59,9.65
2026-01-27 18:23:00,9.65
2026-01-27 18:23:01,9.65
2026-01-27 18:23:02,9.65
2026-01-27 18:23:03,9.65
2026-01-27 18:23:04,10.7
2026-01-27 18:23:05,10.7
2026-01-27 18:23:06,10.7
2026-01-27 18:23:07,10.7
2026-01-27 18:23:08,10.7
2026-01-27 18:23:09,9.78
2026-01-27 18:23:10,9.78
2026-01-27 18:23:11,9.78
2026-01-27 18:23:12,9.78
2026-01-27 18:23:13,9.78
2026-01-27 18:23:14,9.62
2026-01-27 18:23:15,9.62
2026-01-27 18:23:16,9.62
2026-01-27 18:23:17,9.62
2026-01-27 18:23:18,9.62
2026-01-27 18:23:19,9.18
2026-01-27 18:23:20,9.18
2026-01-27 18:23:21,9.18
2026-01-27 18:23:22,9.18
2026-01-27 18:23:23,9.18
2026-01-27 18:23:24,9.15
2026-01-27 18:23:25,9.15
2026-01-27 18:23:26,9.15
2026-01-27 18:23:27,9.15
2026-01-27 18:23:28,9.15
2026-01-27 18:23:29,9.80
2026-01-27 18:23:30,9.80
2026-01-27 18:23:31,9.80
2026-01-27 18:23:32,9.80
2026-01-27 18:23:33,9.80
2026-01-27 18:23:34,10.4
2026-01-27 18:23:35,10.4
2026-01-27 18:23:36,10.4
2026-01-27 18:23:37,10.4
2026-01-27 18:23:38,10.4
2026-01-27 18:23:39,12.4
2026-01-27 18:23:40,12.4
2026-01-27 18:23:41,12.4
2026-01-27 18:23:42,12.4
2026-01-27 18:23:43,12.4
2026-01-27 18:23:44,14.3
2026-01-27 18:23:45,14.3
2026-01-27 18:23:46,14.3
2026-01-27 18:23:47,14.3
2026-01-27 18:23:48,14.3
2026-01-27 18:23:49,11.8
2026-01-27 18:23:50,11.8
2026-01-27 18:23:51,11.8
2026-01-27 18:23:52,11.8
2026-01-27 18:23:53,11.8
2026-01-27 18:23:54,11.1
2026-01-27 18:23:55,11.1
2026-01-27 18:23:56,11.1
2026-01-27 18:23:57,11.1
2026-01-27 18:23:58,11.1
2026-01-27 18:23:59,10.1
2026-01-27 18:24:00,10.1
2026-01-27 18:24:01,10.1
2026-01-27 18:24:02,10.1
2026-01-27 18:24:03,10.1
2026-01-27 18:24:04,13.2
2026-01-27 18:24:05,13.2
2026-01-27 18:24:06,13.2
2026-01-27 18:24:07,13.2
2026-01-27 18:24:08,13.2
2026-01-27 18:24:09,13.6
2026-01-27 18:24:10,13.6
2026-01-27 18:24:11,13.6
2026-01-27 18:24:12,13.6
2026-01-27 18:24:13,13.6
2026-01-27 18:24:14,10.4