"Time","ue-check-crc"
2026-01-27 15:25:54,9.54
2026-01-27 15:25:55,9.54
2026-01-27 15:25:56,9.54
2026-01-27 15:25:57,9.54
2026-01-27 15:25:58,9.54
2026-01-27 15:25:59,0
2026-01-27 15:26:00,0
2026-01-27 15:26:01,0
2026-01-27 15:26:02,0
2026-01-27 15:26:03,0
2026-01-27 15:26:04,0
2026-01-27 15:26:05,0
2026-01-27 15:26:06,0
2026-01-27 15:26:07,0
2026-01-27 15:26:08,0
2026-01-27 15:26:09,0
2026-01-27 15:26:10,0
2026-01-27 15:26:11,0
2026-01-27 15:26:12,0
2026-01-27 15:26:13,0
2026-01-27 15:26:14,0
2026-01-27 15:26:15,0
2026-01-27 15:26:16,0
2026-01-27 15:26:17,0
2026-01-27 15:26:18,0
2026-01-27 15:26:19,0
2026-01-27 15:26:20,0
2026-01-27 15:26:21,0
2026-01-27 15:26:22,0
2026-01-27 15:26:23,0
2026-01-27 15:26:24,0
2026-01-27 15:26:25,0
2026-01-27 15:26:26,0
2026-01-27 15:26:27,0
2026-01-27 15:26:28,0
2026-01-27 15:26:29,0
2026-01-27 15:26:30,0
2026-01-27 15:26:31,0
2026-01-27 15:26:32,0
2026-01-27 15:26:33,0
2026-01-27 15:26:34,0
2026-01-27 15:26:35,0
2026-01-27 15:26:36,0
2026-01-27 15:26:37,0
2026-01-27 15:26:38,0
2026-01-27 15:26:39,0
2026-01-27 15:26:40,0
2026-01-27 15:26:41,0
2026-01-27 15:26:42,0
2026-01-27 15:26:43,0
2026-01-27 15:26:44,0
2026-01-27 15:26:45,0
2026-01-27 15:26:46,0
2026-01-27 15:26:47,0
2026-01-27 15:26:48,0
2026-01-27 15:26:49,0
2026-01-27 15:26:50,0
2026-01-27 15:26:51,0
2026-01-27 15:26:52,0
2026-01-27 15:26:53,0
2026-01-27 15:26:54,0
2026-01-27 15:26:55,0
2026-01-27 15:26:56,0
2026-01-27 15:26:57,0
2026-01-27 15:26:58,0
2026-01-27 15:26:59,0
2026-01-27 15:27:00,0
2026-01-27 15:27:01,0
2026-01-27 15:27:02,0
2026-01-27 15:27:03,0
2026-01-27 15:27:04,0
2026-01-27 15:27:05,0
2026-01-27 15:27:06,0
2026-01-27 15:27:07,0
2026-01-27 15:27:08,0
2026-01-27 15:27:09,0
2026-01-27 15:27:10,0
2026-01-27 15:27:11,0
2026-01-27 15:27:12,0
2026-01-27 15:27:13,0
2026-01-27 15:27:14,0
2026-01-27 15:27:15,0
2026-01-27 15:27:16,0
2026-01-27 15:27:17,0
2026-01-27 15:27:18,0
2026-01-27 15:27:19,0
2026-01-27 15:27:20,0
2026-01-27 15:27:21,0
2026-01-27 15:27:22,0
2026-01-27 15:27:23,0
2026-01-27 15:27:24,0
2026-01-27 15:27:25,0
2026-01-27 15:27:26,0
2026-01-27 15:27:27,0
2026-01-27 15:27:28,0
2026-01-27 15:27:29,0
2026-01-27 15:27:30,0
2026-01-27 15:27:31,0
2026-01-27 15:27:32,0
2026-01-27 15:27:33,0
2026-01-27 15:27:44,7.67
2026-01-27 15:27:45,7.67
2026-01-27 15:27:46,7.67
2026-01-27 15:27:47,7.67
2026-01-27 15:27:48,7.67
2026-01-27 15:27:49,9.29
2026-01-27 15:27:50,9.29
2026-01-27 15:27:51,9.29
2026-01-27 15:27:52,9.29
2026-01-27 15:27:53,9.29
2026-01-27 15:27:54,10.1
2026-01-27 15:27:55,10.1
2026-01-27 15:27:56,10.1
2026-01-27 15:27:57,10.1
2026-01-27 15:27:58,10.1
2026-01-27 15:27:59,9.48
2026-01-27 15:28:00,9.48
2026-01-27 15:28:01,9.48
2026-01-27 15:28:02,9.48
2026-01-27 15:28:03,9.48
2026-01-27 15:28:04,10.8
2026-01-27 15:28:05,10.8
2026-01-27 15:28:06,10.8
2026-01-27 15:28:07,10.8
2026-01-27 15:28:08,10.8
2026-01-27 15:28:09,8.90
2026-01-27 15:28:10,8.90
2026-01-27 15:28:11,8.90
2026-01-27 15:28:12,8.90
2026-01-27 15:28:13,8.90
2026-01-27 15:28:14,9.83
2026-01-27 15:28:15,9.83
2026-01-27 15:28:16,9.83
2026-01-27 15:28:17,9.83
2026-01-27 15:28:18,9.83
2026-01-27 15:28:19,9.86
2026-01-27 15:28:20,9.86
2026-01-27 15:28:21,9.86
2026-01-27 15:28:22,9.86
2026-01-27 15:28:23,9.86
2026-01-27 15:28:24,11.5
2026-01-27 15:28:25,11.5
2026-01-27 15:28:26,11.5
2026-01-27 15:28:27,11.5
2026-01-27 15:28:28,11.5
2026-01-27 15:28:29,9.65
2026-01-27 15:28:30,9.65
2026-01-27 15:28:31,9.65
2026-01-27 15:28:32,9.65
2026-01-27 15:28:33,9.65
2026-01-27 15:28:34,9.15
2026-01-27 15:28:35,9.15
2026-01-27 15:28:36,9.15
2026-01-27 15:28:37,9.15
2026-01-27 15:28:38,9.15
2026-01-27 15:28:39,8.38
2026-01-27 15:28:40,8.38
2026-01-27 15:28:41,8.38
2026-01-27 15:28:42,8.38
2026-01-27 15:28:43,8.38
2026-01-27 15:28:44,9.22
2026-01-27 15:28:45,9.22
2026-01-27 15:28:46,9.22
2026-01-27 15:28:47,9.22
2026-01-27 15:28:48,9.22
2026-01-27 15:28:49,7.99
2026-01-27 15:28:50,7.99
2026-01-27 15:28:51,7.99
2026-01-27 15:28:52,7.99
2026-01-27 15:28:53,7.99
2026-01-27 15:28:54,10.4
2026-01-27 15:28:55,10.4
2026-01-27 15:28:56,10.4
2026-01-27 15:28:57,10.4
2026-01-27 15:28:58,10.4
2026-01-27 15:28:59,9.18
2026-01-27 15:29:00,9.18
2026-01-27 15:29:01,9.18
2026-01-27 15:29:02,9.18
2026-01-27 15:29:03,9.18
2026-01-27 15:29:04,11.3
2026-01-27 15:29:05,11.3
2026-01-27 15:29:06,11.3
2026-01-27 15:29:07,11.3
2026-01-27 15:29:08,11.3
2026-01-27 15:29:09,10.0
2026-01-27 15:29:10,10.0
2026-01-27 15:29:11,10.0
2026-01-27 15:29:12,10.0
2026-01-27 15:29:13,10.0
2026-01-27 15:29:14,7.17
2026-01-27 15:29:15,7.17
2026-01-27 15:29:16,7.17
2026-01-27 15:29:17,7.17
2026-01-27 15:29:18,7.17
2026-01-27 15:29:19,7.28
2026-01-27 15:29:20,7.28
2026-01-27 15:29:21,7.28
2026-01-27 15:29:22,7.28
2026-01-27 15:29:23,7.28
2026-01-27 15:29:24,8.18
2026-01-27 15:29:25,8.18
2026-01-27 15:29:26,8.18
2026-01-27 15:29:27,8.18
2026-01-27 15:29:28,8.18
2026-01-27 15:29:29,7.52
2026-01-27 15:29:30,7.52
2026-01-27 15:29:31,7.52
2026-01-27 15:29:32,7.52
2026-01-27 15:29:33,7.52
2026-01-27 15:29:34,7.99
2026-01-27 15:29:35,7.99
2026-01-27 15:29:36,7.99
2026-01-27 15:29:37,7.99
2026-01-27 15:29:38,7.99
2026-01-27 15:29:39,7.46
2026-01-27 15:29:40,7.46
2026-01-27 15:29:41,7.46
2026-01-27 15:29:42,7.46
2026-01-27 15:29:43,7.46
2026-01-27 15:29:44,0
2026-01-27 15:29:45,0
2026-01-27 15:29:46,0
2026-01-27 15:29:47,0
2026-01-27 15:29:48,0
2026-01-27 15:29:49,0
2026-01-27 15:29:50,0
2026-01-27 15:29:51,0
2026-01-27 15:29:52,0
2026-01-27 15:29:53,0
2026-01-27 15:29:54,0
2026-01-27 15:29:55,0
2026-01-27 15:29:56,0
2026-01-27 15:29:57,0
2026-01-27 15:29:58,0
2026-01-27 15:29:59,0
2026-01-27 15:30:00,0
2026-01-27 15:30:01,0
2026-01-27 15:30:02,0
2026-01-27 15:30:03,0
2026-01-27 15:30:04,0
2026-01-27 15:30:05,0
2026-01-27 15:30:06,0
2026-01-27 15:30:07,0
2026-01-27 15:30:08,0
2026-01-27 15:30:09,0
2026-01-27 15:30:10,0
2026-01-27 15:30:11,0
2026-01-27 15:30:12,0
2026-01-27 15:30:13,0
2026-01-27 15:30:14,0
2026-01-27 15:30:15,0
2026-01-27 15:30:16,0
2026-01-27 15:30:17,0
2026-01-27 15:30:18,0
2026-01-27 15:30:19,0
2026-01-27 15:30:20,0
2026-01-27 15:30:21,0
2026-01-27 15:30:22,0
2026-01-27 15:30:23,0
2026-01-27 15:30:24,0
2026-01-27 15:30:25,0
2026-01-27 15:30:26,0
2026-01-27 15:30:27,0
2026-01-27 15:30:28,0
2026-01-27 15:30:29,0
2026-01-27 15:30:30,0
2026-01-27 15:30:31,0
2026-01-27 15:30:32,0
2026-01-27 15:30:33,0
2026-01-27 15:30:34,0
2026-01-27 15:30:35,0
2026-01-27 15:30:36,0
2026-01-27 15:30:37,0
2026-01-27 15:30:38,0
2026-01-27 15:30:39,0
2026-01-27 15:30:40,0
2026-01-27 15:30:41,0
2026-01-27 15:30:42,0
2026-01-27 15:30:43,0
2026-01-27 15:30:44,0
2026-01-27 15:30:45,0
2026-01-27 15:30:46,0
2026-01-27 15:30:47,0
2026-01-27 15:30:48,0
2026-01-27 15:30:49,0
2026-01-27 15:30:50,0
2026-01-27 15:30:51,0
2026-01-27 15:30:52,0
2026-01-27 15:30:53,0
2026-01-27 15:30:54,0
2026-01-27 15:30:55,0
2026-01-27 15:30:56,0
2026-01-27 15:30:57,0
2026-01-27 15:30:58,0
2026-01-27 15:30:59,0
2026-01-27 15:31:00,0
2026-01-27 15:31:01,0
2026-01-27 15:31:02,0
2026-01-27 15:31:03,0
2026-01-27 15:31:04,0
2026-01-27 15:31:05,0
2026-01-27 15:31:06,0
2026-01-27 15:31:07,0
2026-01-27 15:31:08,0
2026-01-27 15:31:09,0
2026-01-27 15:31:10,0
2026-01-27 15:31:11,0
2026-01-27 15:31:12,0
2026-01-27 15:31:13,0
2026-01-27 15:31:39,4.79
2026-01-27 15:31:40,4.79
2026-01-27 15:31:41,4.79
2026-01-27 15:31:42,4.79
2026-01-27 15:31:43,4.79
2026-01-27 15:31:44,9.45
2026-01-27 15:31:45,9.45
2026-01-27 15:31:46,9.45
2026-01-27 15:31:47,9.45
2026-01-27 15:31:48,9.45
2026-01-27 15:31:49,9.19
2026-01-27 15:31:50,9.19
2026-01-27 15:31:51,9.19
2026-01-27 15:31:52,9.19
2026-01-27 15:31:53,9.19
2026-01-27 15:31:54,10.8
2026-01-27 15:31:55,10.8
2026-01-27 15:31:56,10.8
2026-01-27 15:31:57,10.8
2026-01-27 15:31:58,10.8
2026-01-27 15:31:59,9.13
2026-01-27 15:32:00,9.13
2026-01-27 15:32:01,9.13
2026-01-27 15:32:02,9.13
2026-01-27 15:32:03,9.13
2026-01-27 15:32:04,9.37
2026-01-27 15:32:05,9.37
2026-01-27 15:32:06,9.37
2026-01-27 15:32:07,9.37
2026-01-27 15:32:08,9.37
2026-01-27 15:32:09,10.2
2026-01-27 15:32:10,10.2
2026-01-27 15:32:11,10.2
2026-01-27 15:32:12,10.2
2026-01-27 15:32:13,10.2
2026-01-27 15:32:14,9.73
2026-01-27 15:32:15,9.73
2026-01-27 15:32:16,9.73
2026-01-27 15:32:17,9.73
2026-01-27 15:32:18,9.73
2026-01-27 15:32:19,9.75
2026-01-27 15:32:20,9.75
2026-01-27 15:32:21,9.75
2026-01-27 15:32:22,9.75
2026-01-27 15:32:23,9.75
2026-01-27 15:32:24,10.6
2026-01-27 15:32:25,10.6
2026-01-27 15:32:26,10.6
2026-01-27 15:32:27,10.6
2026-01-27 15:32:28,10.6
2026-01-27 15:32:29,9.41
2026-01-27 15:32:30,9.41
2026-01-27 15:32:31,9.41
2026-01-27 15:32:32,9.41
2026-01-27 15:32:33,9.41
2026-01-27 15:32:34,10.2
2026-01-27 15:32:35,10.2
2026-01-27 15:32:36,10.2
2026-01-27 15:32:37,10.2
2026-01-27 15:32:38,10.2
2026-01-27 15:32:39,9.41
2026-01-27 15:32:40,9.41
2026-01-27 15:32:41,9.41
2026-01-27 15:32:42,9.41
2026-01-27 15:32:43,9.41
2026-01-27 15:32:44,10.6
2026-01-27 15:32:45,10.6
2026-01-27 15:32:46,10.6
2026-01-27 15:32:47,10.6
2026-01-27 15:32:48,10.6
2026-01-27 15:32:49,12.5
2026-01-27 15:32:50,12.5
2026-01-27 15:32:51,12.5
2026-01-27 15:32:52,12.5
2026-01-27 15:32:53,12.5
2026-01-27 15:32:54,13.9
2026-01-27 15:32:55,13.9
2026-01-27 15:32:56,13.9
2026-01-27 15:32:57,13.9
2026-01-27 15:32:58,13.9
2026-01-27 15:32:59,11.4
2026-01-27 15:33:00,11.4
2026-01-27 15:33:01,11.4
2026-01-27 15:33:02,11.4
2026-01-27 15:33:03,11.4
2026-01-27 15:33:04,10.2
2026-01-27 15:33:05,10.2
2026-01-27 15:33:06,10.2
2026-01-27 15:33:07,10.2
2026-01-27 15:33:08,10.2
2026-01-27 15:33:09,9.15
2026-01-27 15:33:10,9.15
2026-01-27 15:33:11,9.15
2026-01-27 15:33:12,9.15
2026-01-27 15:33:13,9.15
2026-01-27 15:33:14,9.51
2026-01-27 15:33:15,9.51
2026-01-27 15:33:16,9.51
2026-01-27 15:33:17,9.51
2026-01-27 15:33:18,9.51
2026-01-27 15:33:19,9.16
2026-01-27 15:33:20,9.16
2026-01-27 15:33:21,9.16
2026-01-27 15:33:22,9.16
2026-01-27 15:33:23,9.16
2026-01-27 15:33:24,10.2
2026-01-27 15:33:25,10.2
2026-01-27 15:33:26,10.2
2026-01-27 15:33:27,10.2
2026-01-27 15:33:28,10.2
2026-01-27 15:33:29,9.75
2026-01-27 15:33:30,9.75
2026-01-27 15:33:31,9.75
2026-01-27 15:33:32,9.75
2026-01-27 15:33:33,9.75
2026-01-27 15:33:34,9.96
2026-01-27 15:33:35,9.96
2026-01-27 15:33:36,9.96
2026-01-27 15:33:37,9.96
2026-01-27 15:33:38,9.96
2026-01-27 15:33:39,0
2026-01-27 15:33:40,0
2026-01-27 15:33:41,0
2026-01-27 15:33:42,0
2026-01-27 15:33:43,0
2026-01-27 15:33:44,0
2026-01-27 15:33:45,0
2026-01-27 15:33:46,0
2026-01-27 15:33:47,0
2026-01-27 15:33:48,0
2026-01-27 15:33:49,0
2026-01-27 15:33:50,0
2026-01-27 15:33:51,0
2026-01-27 15:33:52,0
2026-01-27 15:33:53,0
2026-01-27 15:33:54,0
2026-01-27 15:33:55,0
2026-01-27 15:33:56,0
2026-01-27 15:33:57,0
2026-01-27 15:33:58,0
2026-01-27 15:33:59,0
2026-01-27 15:34:00,0
2026-01-27 15:34:01,0
2026-01-27 15:34:02,0
2026-01-27 15:34:03,0
2026-01-27 15:34:04,0
2026-01-27 15:34:05,0
2026-01-27 15:34:06,0
2026-01-27 15:34:07,0
2026-01-27 15:34:08,0
2026-01-27 15:34:09,0
2026-01-27 15:34:10,0
2026-01-27 15:34:11,0
2026-01-27 15:34:12,0
2026-01-27 15:34:13,0
2026-01-27 15:34:14,0
2026-01-27 15:34:15,0
2026-01-27 15:34:16,0
2026-01-27 15:34:17,0
2026-01-27 15:34:18,0
2026-01-27 15:34:19,0
2026-01-27 15:34:20,0
2026-01-27 15:34:21,0
2026-01-27 15:34:22,0
2026-01-27 15:34:23,0
2026-01-27 15:34:24,0
2026-01-27 15:34:25,0
2026-01-27 15:34:26,0
2026-01-27 15:34:27,0
2026-01-27 15:34:28,0
2026-01-27 15:34:29,0
2026-01-27 15:34:30,0
2026-01-27 15:34:31,0
2026-01-27 15:34:32,0
2026-01-27 15:34:33,0
2026-01-27 15:34:34,0
2026-01-27 15:34:35,0
2026-01-27 15:34:36,0
2026-01-27 15:34:37,0
2026-01-27 15:34:38,0
2026-01-27 15:34:39,0
2026-01-27 15:34:40,0
2026-01-27 15:34:41,0
2026-01-27 15:34:42,0
2026-01-27 15:34:43,0
2026-01-27 15:34:44,0
2026-01-27 15:34:45,0
2026-01-27 15:34:46,0
2026-01-27 15:34:47,0
2026-01-27 15:34:48,0
2026-01-27 15:34:49,0
2026-01-27 15:34:50,0
2026-01-27 15:34:51,0
2026-01-27 15:34:52,0
2026-01-27 15:34:53,0
2026-01-27 15:34:54,0
2026-01-27 15:34:55,0
2026-01-27 15:34:56,0
2026-01-27 15:34:57,0
2026-01-27 15:34:58,0
2026-01-27 15:34:59,0
2026-01-27 15:35:00,0
2026-01-27 15:35:01,0
2026-01-27 15:35:02,0
2026-01-27 15:35:03,0
2026-01-27 15:35:04,0
2026-01-27 15:35:05,0
2026-01-27 15:35:06,0
2026-01-27 15:35:07,0
2026-01-27 15:35:08,0
2026-01-27 15:35:09,0
2026-01-27 15:35:10,0
2026-01-27 15:35:11,0
2026-01-27 15:35:12,0
2026-01-27 15:35:13,0
2026-01-27 15:35:49,0.915
2026-01-27 15:35:50,0.915
2026-01-27 15:35:51,0.915
2026-01-27 15:35:52,0.915
2026-01-27 15:35:53,0.915
2026-01-27 15:35:54,5.15
2026-01-27 15:35:55,5.15
2026-01-27 15:35:56,5.15
2026-01-27 15:35:57,5.15
2026-01-27 15:35:58,5.15
2026-01-27 15:35:59,6.23
2026-01-27 15:36:00,6.23
2026-01-27 15:36:01,6.23
2026-01-27 15:36:02,6.23
2026-01-27 15:36:03,6.23
2026-01-27 15:36:04,6.51
2026-01-27 15:36:05,6.51
2026-01-27 15:36:06,6.51
2026-01-27 15:36:07,6.51
2026-01-27 15:36:08,6.51
2026-01-27 15:36:09,5.68
2026-01-27 15:36:10,5.68
2026-01-27 15:36:11,5.68
2026-01-27 15:36:12,5.68
2026-01-27 15:36:13,5.68
2026-01-27 15:36:14,7.54
2026-01-27 15:36:15,7.54
2026-01-27 15:36:16,7.54
2026-01-27 15:36:17,7.54
2026-01-27 15:36:18,7.54
2026-01-27 15:36:19,7.21
2026-01-27 15:36:20,7.21
2026-01-27 15:36:21,7.21
2026-01-27 15:36:22,7.21
2026-01-27 15:36:23,7.21
2026-01-27 15:36:24,7.06
2026-01-27 15:36:25,7.06
2026-01-27 15:36:26,7.06
2026-01-27 15:36:27,7.06
2026-01-27 15:36:28,7.06
2026-01-27 15:36:29,7.82
2026-01-27 15:36:30,7.82
2026-01-27 15:36:31,7.82
2026-01-27 15:36:32,7.82
2026-01-27 15:36:33,7.82
2026-01-27 15:36:34,9.82
2026-01-27 15:36:35,9.82
2026-01-27 15:36:36,9.82
2026-01-27 15:36:37,9.82
2026-01-27 15:36:38,9.82
2026-01-27 15:36:39,9.96
2026-01-27 15:36:40,9.96
2026-01-27 15:36:41,9.96
2026-01-27 15:36:42,9.96
2026-01-27 15:36:43,9.96
2026-01-27 15:36:44,10.1
2026-01-27 15:36:45,10.1
2026-01-27 15:36:46,10.1
2026-01-27 15:36:47,10.1
2026-01-27 15:36:48,10.1
2026-01-27 15:36:49,9.01
2026-01-27 15:36:50,9.01
2026-01-27 15:36:51,9.01
2026-01-27 15:36:52,9.01
2026-01-27 15:36:53,9.01
2026-01-27 15:36:54,9.80
2026-01-27 15:36:55,9.80
2026-01-27 15:36:56,9.80
2026-01-27 15:36:57,9.80
2026-01-27 15:36:58,9.80
2026-01-27 15:36:59,8.91
2026-01-27 15:37:00,8.91
2026-01-27 15:37:01,8.91
2026-01-27 15:37:02,8.91
2026-01-27 15:37:03,8.91
2026-01-27 15:37:04,9.26
2026-01-27 15:37:05,9.26
2026-01-27 15:37:06,9.26
2026-01-27 15:37:07,9.26
2026-01-27 15:37:08,9.26
2026-01-27 15:37:09,9.72
2026-01-27 15:37:10,9.72
2026-01-27 15:37:11,9.72
2026-01-27 15:37:12,9.72
2026-01-27 15:37:13,9.72
2026-01-27 15:37:14,9.88
2026-01-27 15:37:15,9.88
2026-01-27 15:37:16,9.88
2026-01-27 15:37:17,9.88
2026-01-27 15:37:18,9.88
2026-01-27 15:37:19,9.63
2026-01-27 15:37:20,9.63
2026-01-27 15:37:21,9.63
2026-01-27 15:37:22,9.63
2026-01-27 15:37:23,9.63
2026-01-27 15:37:24,10.6
2026-01-27 15:37:25,10.6
2026-01-27 15:37:26,10.6
2026-01-27 15:37:27,10.6
2026-01-27 15:37:28,10.6
2026-01-27 15:37:29,9.81
2026-01-27 15:37:30,9.81
2026-01-27 15:37:31,9.81
2026-01-27 15:37:32,9.81
2026-01-27 15:37:33,9.81
2026-01-27 15:37:34,11.7
2026-01-27 15:37:35,11.7
2026-01-27 15:37:36,11.7
2026-01-27 15:37:37,11.7
2026-01-27 15:37:38,11.7
2026-01-27 15:37:39,10.5
2026-01-27 15:37:40,10.5
2026-01-27 15:37:41,10.5
2026-01-27 15:37:42,10.5
2026-01-27 15:37:43,10.5
2026-01-27 15:37:44,10.3
2026-01-27 15:37:45,10.3
2026-01-27 15:37:46,10.3
2026-01-27 15:37:47,10.3
2026-01-27 15:37:48,10.3
2026-01-27 15:37:49,0
2026-01-27 15:37:50,0
2026-01-27 15:37:51,0
2026-01-27 15:37:52,0
2026-01-27 15:37:53,0
2026-01-27 15:37:54,0
2026-01-27 15:37:55,0
2026-01-27 15:37:56,0
2026-01-27 15:37:57,0
2026-01-27 15:37:58,0
2026-01-27 15:37:59,0
2026-01-27 15:38:00,0
2026-01-27 15:38:01,0
2026-01-27 15:38:02,0
2026-01-27 15:38:03,0
2026-01-27 15:38:04,0
2026-01-27 15:38:05,0
2026-01-27 15:38:06,0
2026-01-27 15:38:07,0
2026-01-27 15:38:08,0
2026-01-27 15:38:09,0
2026-01-27 15:38:10,0
2026-01-27 15:38:11,0
2026-01-27 15:38:12,0
2026-01-27 15:38:13,0
2026-01-27 15:38:14,0
2026-01-27 15:38:15,0
2026-01-27 15:38:16,0
2026-01-27 15:38:17,0
2026-01-27 15:38:18,0
2026-01-27 15:38:19,0
2026-01-27 15:38:20,0
2026-01-27 15:38:21,0
2026-01-27 15:38:22,0
2026-01-27 15:38:23,0
2026-01-27 15:38:24,0
2026-01-27 15:38:25,0
2026-01-27 15:38:26,0
2026-01-27 15:38:27,0
2026-01-27 15:38:28,0
2026-01-27 15:38:29,0
2026-01-27 15:38:30,0
2026-01-27 15:38:31,0
2026-01-27 15:38:32,0
2026-01-27 15:38:33,0
2026-01-27 15:38:34,0
2026-01-27 15:38:35,0
2026-01-27 15:38:36,0
2026-01-27 15:38:37,0
2026-01-27 15:38:38,0
2026-01-27 15:38:39,0
2026-01-27 15:38:40,0
2026-01-27 15:38:41,0
2026-01-27 15:38:42,0
2026-01-27 15:38:43,0
2026-01-27 15:38:44,0
2026-01-27 15:38:45,0
2026-01-27 15:38:46,0
2026-01-27 15:38:47,0
2026-01-27 15:38:48,0
2026-01-27 15:38:49,0
2026-01-27 15:38:50,0
2026-01-27 15:38:51,0
2026-01-27 15:38:52,0
2026-01-27 15:38:53,0
2026-01-27 15:38:54,0
2026-01-27 15:38:55,0
2026-01-27 15:38:56,0
2026-01-27 15:38:57,0
2026-01-27 15:38:58,0
2026-01-27 15:38:59,0
2026-01-27 15:39:00,0
2026-01-27 15:39:01,0
2026-01-27 15:39:02,0
2026-01-27 15:39:03,0
2026-01-27 15:39:04,0
2026-01-27 15:39:05,0
2026-01-27 15:39:06,0
2026-01-27 15:39:07,0
2026-01-27 15:39:08,0
2026-01-27 15:39:09,0
2026-01-27 15:39:10,0
2026-01-27 15:39:11,0
2026-01-27 15:39:12,0
2026-01-27 15:39:13,0
2026-01-27 15:39:14,0
2026-01-27 15:39:15,0
2026-01-27 15:39:16,0
2026-01-27 15:39:17,0
2026-01-27 15:39:18,0
2026-01-27 15:39:19,0
2026-01-27 15:39:20,0
2026-01-27 15:39:21,0
2026-01-27 15:39:22,0
2026-01-27 15:39:23,0
2026-01-27 15:40:54,4.97
2026-01-27 15:40:55,4.97
2026-01-27 15:40:56,4.97
2026-01-27 15:40:57,4.97
2026-01-27 15:40:58,4.97
2026-01-27 15:40:59,7.42
2026-01-27 15:41:00,7.42
2026-01-27 15:41:01,7.42
2026-01-27 15:41:02,7.42
2026-01-27 15:41:03,7.42
2026-01-27 15:41:04,8.49
2026-01-27 15:41:05,8.49
2026-01-27 15:41:06,8.49
2026-01-27 15:41:07,8.49
2026-01-27 15:41:08,8.49
2026-01-27 15:41:09,7.23
2026-01-27 15:41:10,7.23
2026-01-27 15:41:11,7.23
2026-01-27 15:41:12,7.23
2026-01-27 15:41:13,7.23
2026-01-27 15:41:14,7.28
2026-01-27 15:41:15,7.28
2026-01-27 15:41:16,7.28
2026-01-27 15:41:17,7.28
2026-01-27 15:41:18,7.28
2026-01-27 15:41:19,7.19
2026-01-27 15:41:20,7.19
2026-01-27 15:41:21,7.19
2026-01-27 15:41:22,7.19
2026-01-27 15:41:23,7.19
2026-01-27 15:41:24,7.82
2026-01-27 15:41:25,7.82
2026-01-27 15:41:26,7.82
2026-01-27 15:41:27,7.82
2026-01-27 15:41:28,7.82
2026-01-27 15:41:29,7.14
2026-01-27 15:41:30,7.14
2026-01-27 15:41:31,7.14
2026-01-27 15:41:32,7.14
2026-01-27 15:41:33,7.14
2026-01-27 15:41:34,8.80
2026-01-27 15:41:35,8.80
2026-01-27 15:41:36,8.80
2026-01-27 15:41:37,8.80
2026-01-27 15:41:38,8.80
2026-01-27 15:41:39,8.30
2026-01-27 15:41:40,8.30
2026-01-27 15:41:41,8.30
2026-01-27 15:41:42,8.30
2026-01-27 15:41:43,8.30
2026-01-27 15:41:44,9.04
2026-01-27 15:41:45,9.04
2026-01-27 15:41:46,9.04
2026-01-27 15:41:47,9.04
2026-01-27 15:41:48,9.04
2026-01-27 15:41:49,8.12
2026-01-27 15:41:50,8.12
2026-01-27 15:41:51,8.12
2026-01-27 15:41:52,8.12
2026-01-27 15:41:53,8.12
2026-01-27 15:41:54,8.79
2026-01-27 15:41:55,8.79
2026-01-27 15:41:56,8.79
2026-01-27 15:41:57,8.79
2026-01-27 15:41:58,8.79
2026-01-27 15:41:59,7.90
2026-01-27 15:42:00,7.90
2026-01-27 15:42:01,7.90
2026-01-27 15:42:02,7.90
2026-01-27 15:42:03,7.90
2026-01-27 15:42:04,9.98
2026-01-27 15:42:05,9.98
2026-01-27 15:42:06,9.98
2026-01-27 15:42:07,9.98
2026-01-27 15:42:08,9.98
2026-01-27 15:42:09,8.93
2026-01-27 15:42:10,8.93
2026-01-27 15:42:11,8.93
2026-01-27 15:42:12,8.93
2026-01-27 15:42:13,8.93
2026-01-27 15:42:14,10.2
2026-01-27 15:42:15,10.2
2026-01-27 15:42:16,10.2
2026-01-27 15:42:17,10.2
2026-01-27 15:42:18,10.2
2026-01-27 15:42:19,9.70
2026-01-27 15:42:20,9.70
2026-01-27 15:42:21,9.70
2026-01-27 15:42:22,9.70
2026-01-27 15:42:23,9.70
2026-01-27 15:42:24,10.2
2026-01-27 15:42:25,10.2
2026-01-27 15:42:26,10.2
2026-01-27 15:42:27,10.2
2026-01-27 15:42:28,10.2
2026-01-27 15:42:29,9.56
2026-01-27 15:42:30,9.56
2026-01-27 15:42:31,9.56
2026-01-27 15:42:32,9.56
2026-01-27 15:42:33,9.56
2026-01-27 15:42:34,10.1
2026-01-27 15:42:35,10.1
2026-01-27 15:42:36,10.1
2026-01-27 15:42:37,10.1
2026-01-27 15:42:38,10.1
2026-01-27 15:42:39,9.91
2026-01-27 15:42:40,9.91
2026-01-27 15:42:41,9.91
2026-01-27 15:42:42,9.91
2026-01-27 15:42:43,9.91
2026-01-27 15:42:44,10.2
2026-01-27 15:42:45,10.2
2026-01-27 15:42:46,10.2
2026-01-27 15:42:47,10.2
2026-01-27 15:42:48,10.2
2026-01-27 15:42:49,9.43
2026-01-27 15:42:50,9.43
2026-01-27 15:42:51,9.43
2026-01-27 15:42:52,9.43
2026-01-27 15:42:53,9.43
2026-01-27 15:42:54,0
2026-01-27 15:42:55,0
2026-01-27 15:42:56,0
2026-01-27 15:42:57,0
2026-01-27 15:42:58,0
2026-01-27 15:42:59,0
2026-01-27 15:43:00,0
2026-01-27 15:43:01,0
2026-01-27 15:43:02,0
2026-01-27 15:43:03,0
2026-01-27 15:43:04,0
2026-01-27 15:43:05,0
2026-01-27 15:43:06,0
2026-01-27 15:43:07,0
2026-01-27 15:43:08,0
2026-01-27 15:43:09,0
2026-01-27 15:43:10,0
2026-01-27 15:43:11,0
2026-01-27 15:43:12,0
2026-01-27 15:43:13,0
2026-01-27 15:43:14,0
2026-01-27 15:43:15,0
2026-01-27 15:43:16,0
2026-01-27 15:43:17,0
2026-01-27 15:43:18,0
2026-01-27 15:43:19,0
2026-01-27 15:43:20,0
2026-01-27 15:43:21,0
2026-01-27 15:43:22,0
2026-01-27 15:43:23,0
2026-01-27 15:43:24,0
2026-01-27 15:43:25,0
2026-01-27 15:43:26,0
2026-01-27 15:43:27,0
2026-01-27 15:43:28,0
2026-01-27 15:43:29,0
2026-01-27 15:43:30,0
2026-01-27 15:43:31,0
2026-01-27 15:43:32,0
2026-01-27 15:43:33,0
2026-01-27 15:43:34,0
2026-01-27 15:43:35,0
2026-01-27 15:43:36,0
2026-01-27 15:43:37,0
2026-01-27 15:43:38,0
2026-01-27 15:43:39,0
2026-01-27 15:43:40,0
2026-01-27 15:43:41,0
2026-01-27 15:43:42,0
2026-01-27 15:43:43,0
2026-01-27 15:43:44,0
2026-01-27 15:43:45,0
2026-01-27 15:43:46,0
2026-01-27 15:43:47,0
2026-01-27 15:43:48,0
2026-01-27 15:43:49,0
2026-01-27 15:43:50,0
2026-01-27 15:43:51,0
2026-01-27 15:43:52,0
2026-01-27 15:43:53,0
2026-01-27 15:43:54,0
2026-01-27 15:43:55,0
2026-01-27 15:43:56,0
2026-01-27 15:43:57,0
2026-01-27 15:43:58,0
2026-01-27 15:43:59,0
2026-01-27 15:44:00,0
2026-01-27 15:44:01,0
2026-01-27 15:44:02,0
2026-01-27 15:44:03,0
2026-01-27 15:44:04,0
2026-01-27 15:44:05,0
2026-01-27 15:44:06,0
2026-01-27 15:44:07,0
2026-01-27 15:44:08,0
2026-01-27 15:44:09,0
2026-01-27 15:44:10,0
2026-01-27 15:44:11,0
2026-01-27 15:44:12,0
2026-01-27 15:44:13,0
2026-01-27 15:44:14,0
2026-01-27 15:44:15,0
2026-01-27 15:44:16,0
2026-01-27 15:44:17,0
2026-01-27 15:44:18,0
2026-01-27 15:44:19,0
2026-01-27 15:44:20,0
2026-01-27 15:44:21,0
2026-01-27 15:44:22,0
2026-01-27 15:44:23,0
2026-01-27 15:44:24,0
2026-01-27 15:44:25,0
2026-01-27 15:44:26,0
2026-01-27 15:44:27,0
2026-01-27 15:44:28,0
2026-01-27 15:47:04,4.20
2026-01-27 15:47:05,4.20
2026-01-27 15:47:06,4.20
2026-01-27 15:47:07,4.20
2026-01-27 15:47:08,4.20
2026-01-27 15:47:09,5.83
2026-01-27 15:47:10,5.83
2026-01-27 15:47:11,5.83
2026-01-27 15:47:12,5.83
2026-01-27 15:47:13,5.83
2026-01-27 15:47:14,5.98
2026-01-27 15:47:15,5.98
2026-01-27 15:47:16,5.98
2026-01-27 15:47:17,5.98
2026-01-27 15:47:18,5.98
2026-01-27 15:47:19,6.04
2026-01-27 15:47:20,6.04
2026-01-27 15:47:21,6.04
2026-01-27 15:47:22,6.04
2026-01-27 15:47:23,6.04
2026-01-27 15:47:24,6.66
2026-01-27 15:47:25,6.66
2026-01-27 15:47:26,6.66
2026-01-27 15:47:27,6.66
2026-01-27 15:47:28,6.66
2026-01-27 15:47:29,6.60
2026-01-27 15:47:30,6.60
2026-01-27 15:47:31,6.60
2026-01-27 15:47:32,6.60
2026-01-27 15:47:33,6.60
2026-01-27 15:47:34,7.69
2026-01-27 15:47:35,7.69
2026-01-27 15:47:36,7.69
2026-01-27 15:47:37,7.69
2026-01-27 15:47:38,7.69
2026-01-27 15:47:39,5.97
2026-01-27 15:47:40,5.97
2026-01-27 15:47:41,5.97
2026-01-27 15:47:42,5.97
2026-01-27 15:47:43,5.97
2026-01-27 15:47:44,6.56
2026-01-27 15:47:45,6.56
2026-01-27 15:47:46,6.56
2026-01-27 15:47:47,6.56
2026-01-27 15:47:48,6.56
2026-01-27 15:47:49,5.86
2026-01-27 15:47:50,5.86
2026-01-27 15:47:51,5.86
2026-01-27 15:47:52,5.86
2026-01-27 15:47:53,5.86
2026-01-27 15:47:54,7.94
2026-01-27 15:47:55,7.94
2026-01-27 15:47:56,7.94
2026-01-27 15:47:57,7.94
2026-01-27 15:47:58,7.94
2026-01-27 15:47:59,7.39
2026-01-27 15:48:00,7.39
2026-01-27 15:48:01,7.39
2026-01-27 15:48:02,7.39
2026-01-27 15:48:03,7.39
2026-01-27 15:48:04,7.67
2026-01-27 15:48:05,7.67
2026-01-27 15:48:06,7.67
2026-01-27 15:48:07,7.67
2026-01-27 15:48:08,7.67
2026-01-27 15:48:09,7.36
2026-01-27 15:48:10,7.36
2026-01-27 15:48:11,7.36
2026-01-27 15:48:12,7.36
2026-01-27 15:48:13,7.36
2026-01-27 15:48:14,6.99
2026-01-27 15:48:15,6.99
2026-01-27 15:48:16,6.99
2026-01-27 15:48:17,6.99
2026-01-27 15:48:18,6.99
2026-01-27 15:48:19,7.31
2026-01-27 15:48:20,7.31
2026-01-27 15:48:21,7.31
2026-01-27 15:48:22,7.31
2026-01-27 15:48:23,7.31
2026-01-27 15:48:24,9.18
2026-01-27 15:48:25,9.18
2026-01-27 15:48:26,9.18
2026-01-27 15:48:27,9.18
2026-01-27 15:48:28,9.18
2026-01-27 15:48:29,8.33
2026-01-27 15:48:30,8.33
2026-01-27 15:48:31,8.33
2026-01-27 15:48:32,8.33
2026-01-27 15:48:33,8.33
2026-01-27 15:48:34,10.3
2026-01-27 15:48:35,10.3
2026-01-27 15:48:36,10.3
2026-01-27 15:48:37,10.3
2026-01-27 15:48:38,10.3
2026-01-27 15:48:39,9.46
2026-01-27 15:48:40,9.46
2026-01-27 15:48:41,9.46
2026-01-27 15:48:42,9.46
2026-01-27 15:48:43,9.46
2026-01-27 15:48:44,8.99
2026-01-27 15:48:45,8.99
2026-01-27 15:48:46,8.99
2026-01-27 15:48:47,8.99
2026-01-27 15:48:48,8.99
2026-01-27 15:48:49,9.53
2026-01-27 15:48:50,9.53
2026-01-27 15:48:51,9.53
2026-01-27 15:48:52,9.53
2026-01-27 15:48:53,9.53
2026-01-27 15:48:54,10.2
2026-01-27 15:48:55,10.2
2026-01-27 15:48:56,10.2
2026-01-27 15:48:57,10.2
2026-01-27 15:48:58,10.2
2026-01-27 15:48:59,9.78
2026-01-27 15:49:00,9.78
2026-01-27 15:49:01,9.78
2026-01-27 15:49:02,9.78
2026-01-27 15:49:03,9.78
2026-01-27 15:49:04,0
2026-01-27 15:49:05,0
2026-01-27 15:49:06,0
2026-01-27 15:49:07,0
2026-01-27 15:49:08,0
2026-01-27 15:49:09,0
2026-01-27 15:49:10,0
2026-01-27 15:49:11,0
2026-01-27 15:49:12,0
2026-01-27 15:49:13,0
2026-01-27 15:49:14,0
2026-01-27 15:49:15,0
2026-01-27 15:49:16,0
2026-01-27 15:49:17,0
2026-01-27 15:49:18,0
2026-01-27 15:49:19,0
2026-01-27 15:49:20,0
2026-01-27 15:49:21,0
2026-01-27 15:49:22,0
2026-01-27 15:49:23,0
2026-01-27 15:49:24,0
2026-01-27 15:49:25,0
2026-01-27 15:49:26,0
2026-01-27 15:49:27,0
2026-01-27 15:49:28,0
2026-01-27 15:49:29,0
2026-01-27 15:49:30,0
2026-01-27 15:49:31,0
2026-01-27 15:49:32,0
2026-01-27 15:49:33,0
2026-01-27 15:49:34,0
2026-01-27 15:49:35,0
2026-01-27 15:49:36,0
2026-01-27 15:49:37,0
2026-01-27 15:49:38,0
2026-01-27 15:49:39,0
2026-01-27 15:49:40,0
2026-01-27 15:49:41,0
2026-01-27 15:49:42,0
2026-01-27 15:49:43,0
2026-01-27 15:49:44,0
2026-01-27 15:49:45,0
2026-01-27 15:49:46,0
2026-01-27 15:49:47,0
2026-01-27 15:49:48,0
2026-01-27 15:49:49,0
2026-01-27 15:49:50,0
2026-01-27 15:49:51,0
2026-01-27 15:49:52,0
2026-01-27 15:49:53,0
2026-01-27 15:49:54,0
2026-01-27 15:49:55,0
2026-01-27 15:49:56,0
2026-01-27 15:49:57,0
2026-01-27 15:49:58,0
2026-01-27 15:49:59,0
2026-01-27 15:50:00,0
2026-01-27 15:50:01,0
2026-01-27 15:50:02,0
2026-01-27 15:50:03,0
2026-01-27 15:50:04,0
2026-01-27 15:50:05,0
2026-01-27 15:50:06,0
2026-01-27 15:50:07,0
2026-01-27 15:50:08,0
2026-01-27 15:50:09,0
2026-01-27 15:50:10,0
2026-01-27 15:50:11,0
2026-01-27 15:50:12,0
2026-01-27 15:50:13,0
2026-01-27 15:50:14,0
2026-01-27 15:50:15,0
2026-01-27 15:50:16,0
2026-01-27 15:50:17,0
2026-01-27 15:50:18,0
2026-01-27 15:50:19,0
2026-01-27 15:50:20,0
2026-01-27 15:50:21,0
2026-01-27 15:50:22,0
2026-01-27 15:50:23,0
2026-01-27 15:50:24,0
2026-01-27 15:50:25,0
2026-01-27 15:50:26,0
2026-01-27 15:50:27,0
2026-01-27 15:50:28,0
2026-01-27 15:50:29,0
2026-01-27 15:50:30,0
2026-01-27 15:50:31,0
2026-01-27 15:50:32,0
2026-01-27 15:50:33,0
2026-01-27 15:50:34,0
2026-01-27 15:50:35,0
2026-01-27 15:50:36,0
2026-01-27 15:50:37,0
2026-01-27 15:50:38,0
2026-01-27 15:55:44,3.75
2026-01-27 15:55:45,3.75
2026-01-27 15:55:46,3.75
2026-01-27 15:55:47,3.75
2026-01-27 15:55:48,3.75
2026-01-27 15:55:49,6.66
2026-01-27 15:55:50,6.66
2026-01-27 15:55:51,6.66
2026-01-27 15:55:52,6.66
2026-01-27 15:55:53,6.66
2026-01-27 15:55:54,8.14
2026-01-27 15:55:55,8.14
2026-01-27 15:55:56,8.14
2026-01-27 15:55:57,8.14
2026-01-27 15:55:58,8.14
2026-01-27 15:55:59,7.79
2026-01-27 15:56:00,7.79
2026-01-27 15:56:01,7.79
2026-01-27 15:56:02,7.79
2026-01-27 15:56:03,7.79
2026-01-27 15:56:04,8.16
2026-01-27 15:56:05,8.16
2026-01-27 15:56:06,8.16
2026-01-27 15:56:07,8.16
2026-01-27 15:56:08,8.16
2026-01-27 15:56:09,7.33
2026-01-27 15:56:10,7.33
2026-01-27 15:56:11,7.33
2026-01-27 15:56:12,7.33
2026-01-27 15:56:13,7.33
2026-01-27 15:56:14,7.34
2026-01-27 15:56:15,7.34
2026-01-27 15:56:16,7.34
2026-01-27 15:56:17,7.34
2026-01-27 15:56:18,7.34
2026-01-27 15:56:19,7.21
2026-01-27 15:56:20,7.21
2026-01-27 15:56:21,7.21
2026-01-27 15:56:22,7.21
2026-01-27 15:56:23,7.21
2026-01-27 15:56:24,9.09
2026-01-27 15:56:25,9.09
2026-01-27 15:56:26,9.09
2026-01-27 15:56:27,9.09
2026-01-27 15:56:28,9.09
2026-01-27 15:56:29,8.47
2026-01-27 15:56:30,8.47
2026-01-27 15:56:31,8.47
2026-01-27 15:56:32,8.47
2026-01-27 15:56:33,8.47
2026-01-27 15:56:34,9.16
2026-01-27 15:56:35,9.16
2026-01-27 15:56:36,9.16
2026-01-27 15:56:37,9.16
2026-01-27 15:56:38,9.16
2026-01-27 15:56:39,7.64
2026-01-27 15:56:40,7.64
2026-01-27 15:56:41,7.64
2026-01-27 15:56:42,7.64
2026-01-27 15:56:43,7.64
2026-01-27 15:56:44,9.91
2026-01-27 15:56:45,9.91
2026-01-27 15:56:46,9.91
2026-01-27 15:56:47,9.91
2026-01-27 15:56:48,9.91
2026-01-27 15:56:49,9.29
2026-01-27 15:56:50,9.29
2026-01-27 15:56:51,9.29
2026-01-27 15:56:52,9.29
2026-01-27 15:56:53,9.29
2026-01-27 15:56:54,10.2
2026-01-27 15:56:55,10.2
2026-01-27 15:56:56,10.2
2026-01-27 15:56:57,10.2
2026-01-27 15:56:58,10.2
2026-01-27 15:56:59,9.08
2026-01-27 15:57:00,9.08
2026-01-27 15:57:01,9.08
2026-01-27 15:57:02,9.08
2026-01-27 15:57:03,9.08
2026-01-27 15:57:04,9.72
2026-01-27 15:57:05,9.72
2026-01-27 15:57:06,9.72
2026-01-27 15:57:07,9.72
2026-01-27 15:57:08,9.72
2026-01-27 15:57:09,9.24
2026-01-27 15:57:10,9.24
2026-01-27 15:57:11,9.24
2026-01-27 15:57:12,9.24
2026-01-27 15:57:13,9.24
2026-01-27 15:57:14,10.4
2026-01-27 15:57:15,10.4
2026-01-27 15:57:16,10.4
2026-01-27 15:57:17,10.4
2026-01-27 15:57:18,10.4
2026-01-27 15:57:19,9.20
2026-01-27 15:57:20,9.20
2026-01-27 15:57:21,9.20
2026-01-27 15:57:22,9.20
2026-01-27 15:57:23,9.20
2026-01-27 15:57:24,9.04
2026-01-27 15:57:25,9.04
2026-01-27 15:57:26,9.04
2026-01-27 15:57:27,9.04
2026-01-27 15:57:28,9.04
2026-01-27 15:57:29,8.34
2026-01-27 15:57:30,8.34
2026-01-27 15:57:31,8.34
2026-01-27 15:57:32,8.34
2026-01-27 15:57:33,8.34
2026-01-27 15:57:34,9.21
2026-01-27 15:57:35,9.21
2026-01-27 15:57:36,9.21
2026-01-27 15:57:37,9.21
2026-01-27 15:57:38,9.21
2026-01-27 15:57:39,8.33
2026-01-27 15:57:40,8.33
2026-01-27 15:57:41,8.33
2026-01-27 15:57:42,8.33
2026-01-27 15:57:43,8.33
2026-01-27 15:57:44,0
2026-01-27 15:57:45,0
2026-01-27 15:57:46,0
2026-01-27 15:57:47,0
2026-01-27 15:57:48,0
2026-01-27 15:57:49,0
2026-01-27 15:57:50,0
2026-01-27 15:57:51,0
2026-01-27 15:57:52,0
2026-01-27 15:57:53,0
2026-01-27 15:57:54,0
2026-01-27 15:57:55,0
2026-01-27 15:57:56,0
2026-01-27 15:57:57,0
2026-01-27 15:57:58,0
2026-01-27 15:57:59,0
2026-01-27 15:58:00,0
2026-01-27 15:58:01,0
2026-01-27 15:58:02,0
2026-01-27 15:58:03,0
2026-01-27 15:58:04,0
2026-01-27 15:58:05,0
2026-01-27 15:58:06,0
2026-01-27 15:58:07,0
2026-01-27 15:58:08,0
2026-01-27 15:58:09,0
2026-01-27 15:58:10,0
2026-01-27 15:58:11,0
2026-01-27 15:58:12,0
2026-01-27 15:58:13,0
2026-01-27 15:58:14,0
2026-01-27 15:58:15,0
2026-01-27 15:58:16,0
2026-01-27 15:58:17,0
2026-01-27 15:58:18,0
2026-01-27 15:58:19,0
2026-01-27 15:58:20,0
2026-01-27 15:58:21,0
2026-01-27 15:58:22,0
2026-01-27 15:58:23,0
2026-01-27 15:58:24,0
2026-01-27 15:58:25,0
2026-01-27 15:58:26,0
2026-01-27 15:58:27,0
2026-01-27 15:58:28,0
2026-01-27 15:58:29,0
2026-01-27 15:58:30,0
2026-01-27 15:58:31,0
2026-01-27 15:58:32,0
2026-01-27 15:58:33,0
2026-01-27 15:58:34,0
2026-01-27 15:58:35,0
2026-01-27 15:58:36,0
2026-01-27 15:58:37,0
2026-01-27 15:58:38,0
2026-01-27 15:58:39,0
2026-01-27 15:58:40,0
2026-01-27 15:58:41,0
2026-01-27 15:58:42,0
2026-01-27 15:58:43,0
2026-01-27 15:58:44,0
2026-01-27 15:58:45,0
2026-01-27 15:58:46,0
2026-01-27 15:58:47,0
2026-01-27 15:58:48,0
2026-01-27 15:58:49,0
2026-01-27 15:58:50,0
2026-01-27 15:58:51,0
2026-01-27 15:58:52,0
2026-01-27 15:58:53,0
2026-01-27 15:58:54,0
2026-01-27 15:58:55,0
2026-01-27 15:58:56,0
2026-01-27 15:58:57,0
2026-01-27 15:58:58,0
2026-01-27 15:58:59,0
2026-01-27 15:59:00,0
2026-01-27 15:59:01,0
2026-01-27 15:59:02,0
2026-01-27 15:59:03,0
2026-01-27 15:59:04,0
2026-01-27 15:59:05,0
2026-01-27 15:59:06,0
2026-01-27 15:59:07,0
2026-01-27 15:59:08,0
2026-01-27 15:59:09,0
2026-01-27 15:59:10,0
2026-01-27 15:59:11,0
2026-01-27 15:59:12,0
2026-01-27 15:59:13,0
2026-01-27 16:04:19,4.49
2026-01-27 16:04:20,4.49
2026-01-27 16:04:21,4.49
2026-01-27 16:04:22,4.49
2026-01-27 16:04:23,4.49
2026-01-27 16:04:24,8.02
2026-01-27 16:04:25,8.02
2026-01-27 16:04:26,8.02
2026-01-27 16:04:27,8.02
2026-01-27 16:04:28,8.02
2026-01-27 16:04:29,7.62
2026-01-27 16:04:30,7.62
2026-01-27 16:04:31,7.62
2026-01-27 16:04:32,7.62
2026-01-27 16:04:33,7.62
2026-01-27 16:04:34,8.94
2026-01-27 16:04:35,8.94
2026-01-27 16:04:36,8.94
2026-01-27 16:04:37,8.94
2026-01-27 16:04:38,8.94
2026-01-27 16:04:39,7.27
2026-01-27 16:04:40,7.27
2026-01-27 16:04:41,7.27
2026-01-27 16:04:42,7.27
2026-01-27 16:04:43,7.27
2026-01-27 16:04:44,8.02
2026-01-27 16:04:45,8.02
2026-01-27 16:04:46,8.02
2026-01-27 16:04:47,8.02
2026-01-27 16:04:48,8.02
2026-01-27 16:04:49,7.32
2026-01-27 16:04:50,7.32
2026-01-27 16:04:51,7.32
2026-01-27 16:04:52,7.32
2026-01-27 16:04:53,7.32
2026-01-27 16:04:54,8.43
2026-01-27 16:04:55,8.43
2026-01-27 16:04:56,8.43
2026-01-27 16:04:57,8.43
2026-01-27 16:04:58,8.43
2026-01-27 16:04:59,7.53
2026-01-27 16:05:00,7.53
2026-01-27 16:05:01,7.53
2026-01-27 16:05:02,7.53
2026-01-27 16:05:03,7.53
2026-01-27 16:05:04,8.13
2026-01-27 16:05:05,8.13
2026-01-27 16:05:06,8.13
2026-01-27 16:05:07,8.13
2026-01-27 16:05:08,8.13
2026-01-27 16:05:09,7.22
2026-01-27 16:05:10,7.22
2026-01-27 16:05:11,7.22
2026-01-27 16:05:12,7.22
2026-01-27 16:05:13,7.22
2026-01-27 16:05:14,6.71
2026-01-27 16:05:15,6.71
2026-01-27 16:05:16,6.71
2026-01-27 16:05:17,6.71
2026-01-27 16:05:18,6.71
2026-01-27 16:05:19,8.52
2026-01-27 16:05:20,8.52
2026-01-27 16:05:21,8.52
2026-01-27 16:05:22,8.52
2026-01-27 16:05:23,8.52
2026-01-27 16:05:24,9.92
2026-01-27 16:05:25,9.92
2026-01-27 16:05:26,9.92
2026-01-27 16:05:27,9.92
2026-01-27 16:05:28,9.92
2026-01-27 16:05:29,7.83
2026-01-27 16:05:30,7.83
2026-01-27 16:05:31,7.83
2026-01-27 16:05:32,7.83
2026-01-27 16:05:33,7.83
2026-01-27 16:05:34,8.98
2026-01-27 16:05:35,8.98
2026-01-27 16:05:36,8.98
2026-01-27 16:05:37,8.98
2026-01-27 16:05:38,8.98
2026-01-27 16:05:39,7.40
2026-01-27 16:05:40,7.40
2026-01-27 16:05:41,7.40
2026-01-27 16:05:42,7.40
2026-01-27 16:05:43,7.40
2026-01-27 16:05:44,8.00
2026-01-27 16:05:45,8.00
2026-01-27 16:05:46,8.00
2026-01-27 16:05:47,8.00
2026-01-27 16:05:48,8.00
2026-01-27 16:05:49,7.29
2026-01-27 16:05:50,7.29
2026-01-27 16:05:51,7.29
2026-01-27 16:05:52,7.29
2026-01-27 16:05:53,7.29
2026-01-27 16:05:54,8.12
2026-01-27 16:05:55,8.12
2026-01-27 16:05:56,8.12
2026-01-27 16:05:57,8.12
2026-01-27 16:05:58,8.12
2026-01-27 16:05:59,7.76
2026-01-27 16:06:00,7.76
2026-01-27 16:06:01,7.76
2026-01-27 16:06:02,7.76
2026-01-27 16:06:03,7.76
2026-01-27 16:06:04,10.1
2026-01-27 16:06:05,10.1
2026-01-27 16:06:06,10.1
2026-01-27 16:06:07,10.1
2026-01-27 16:06:08,10.1
2026-01-27 16:06:09,8.41
2026-01-27 16:06:10,8.41
2026-01-27 16:06:11,8.41
2026-01-27 16:06:12,8.41
2026-01-27 16:06:13,8.41
2026-01-27 16:06:14,8.32
2026-01-27 16:06:15,8.32
2026-01-27 16:06:16,8.32
2026-01-27 16:06:17,8.32
2026-01-27 16:06:18,8.32
2026-01-27 16:06:19,0
2026-01-27 16:06:20,0
2026-01-27 16:06:21,0
2026-01-27 16:06:22,0
2026-01-27 16:06:23,0
2026-01-27 16:06:24,0
2026-01-27 16:06:25,0
2026-01-27 16:06:26,0
2026-01-27 16:06:27,0
2026-01-27 16:06:28,0
2026-01-27 16:06:29,0
2026-01-27 16:06:30,0
2026-01-27 16:06:31,0
2026-01-27 16:06:32,0
2026-01-27 16:06:33,0
2026-01-27 16:06:34,0
2026-01-27 16:06:35,0
2026-01-27 16:06:36,0
2026-01-27 16:06:37,0
2026-01-27 16:06:38,0
2026-01-27 16:06:39,0
2026-01-27 16:06:40,0
2026-01-27 16:06:41,0
2026-01-27 16:06:42,0
2026-01-27 16:06:43,0
2026-01-27 16:06:44,0
2026-01-27 16:06:45,0
2026-01-27 16:06:46,0
2026-01-27 16:06:47,0
2026-01-27 16:06:48,0
2026-01-27 16:06:49,0
2026-01-27 16:06:50,0
2026-01-27 16:06:51,0
2026-01-27 16:06:52,0
2026-01-27 16:06:53,0
2026-01-27 16:06:54,0
2026-01-27 16:06:55,0
2026-01-27 16:06:56,0
2026-01-27 16:06:57,0
2026-01-27 16:06:58,0
2026-01-27 16:06:59,0
2026-01-27 16:07:00,0
2026-01-27 16:07:01,0
2026-01-27 16:07:02,0
2026-01-27 16:07:03,0
2026-01-27 16:07:04,0
2026-01-27 16:07:05,0
2026-01-27 16:07:06,0
2026-01-27 16:07:07,0
2026-01-27 16:07:08,0
2026-01-27 16:07:09,0
2026-01-27 16:07:10,0
2026-01-27 16:07:11,0
2026-01-27 16:07:12,0
2026-01-27 16:07:13,0
2026-01-27 16:07:14,0
2026-01-27 16:07:15,0
2026-01-27 16:07:16,0
2026-01-27 16:07:17,0
2026-01-27 16:07:18,0
2026-01-27 16:07:19,0
2026-01-27 16:07:20,0
2026-01-27 16:07:21,0
2026-01-27 16:07:22,0
2026-01-27 16:07:23,0
2026-01-27 16:07:24,0
2026-01-27 16:07:25,0
2026-01-27 16:07:26,0
2026-01-27 16:07:27,0
2026-01-27 16:07:28,0
2026-01-27 16:07:29,0
2026-01-27 16:07:30,0
2026-01-27 16:07:31,0
2026-01-27 16:07:32,0
2026-01-27 16:07:33,0
2026-01-27 16:07:34,0
2026-01-27 16:07:35,0
2026-01-27 16:07:36,0
2026-01-27 16:07:37,0
2026-01-27 16:07:38,0
2026-01-27 16:07:39,0
2026-01-27 16:07:40,0
2026-01-27 16:07:41,0
2026-01-27 16:07:42,0
2026-01-27 16:07:43,0
2026-01-27 16:07:44,0
2026-01-27 16:07:45,0
2026-01-27 16:07:46,0
2026-01-27 16:07:47,0
2026-01-27 16:07:48,0
2026-01-27 16:07:49,0
2026-01-27 16:07:50,0
2026-01-27 16:07:51,0
2026-01-27 16:07:52,0
2026-01-27 16:07:53,0
2026-01-27 16:13:04,7.23
2026-01-27 16:13:05,7.23
2026-01-27 16:13:06,7.23
2026-01-27 16:13:07,7.23
2026-01-27 16:13:08,7.23
2026-01-27 16:13:09,7.18
2026-01-27 16:13:10,7.18
2026-01-27 16:13:11,7.18
2026-01-27 16:13:12,7.18
2026-01-27 16:13:13,7.18
2026-01-27 16:13:14,6.82
2026-01-27 16:13:15,6.82
2026-01-27 16:13:16,6.82
2026-01-27 16:13:17,6.82
2026-01-27 16:13:18,6.82
2026-01-27 16:13:19,6.98
2026-01-27 16:13:20,6.98
2026-01-27 16:13:21,6.98
2026-01-27 16:13:22,6.98
2026-01-27 16:13:23,6.98
2026-01-27 16:13:24,7.04
2026-01-27 16:13:25,7.04
2026-01-27 16:13:26,7.04
2026-01-27 16:13:27,7.04
2026-01-27 16:13:28,7.04
2026-01-27 16:13:29,6.99
2026-01-27 16:13:30,6.99
2026-01-27 16:13:31,6.99
2026-01-27 16:13:32,6.99
2026-01-27 16:13:33,6.99
2026-01-27 16:13:34,7.00
2026-01-27 16:13:35,7.00
2026-01-27 16:13:36,7.00
2026-01-27 16:13:37,7.00
2026-01-27 16:13:38,7.00
2026-01-27 16:13:39,7.18
2026-01-27 16:13:40,7.18
2026-01-27 16:13:41,7.18
2026-01-27 16:13:42,7.18
2026-01-27 16:13:43,7.18
2026-01-27 16:13:44,6.83
2026-01-27 16:13:45,6.83
2026-01-27 16:13:46,6.83
2026-01-27 16:13:47,6.83
2026-01-27 16:13:48,6.83
2026-01-27 16:13:49,8.31
2026-01-27 16:13:50,8.31
2026-01-27 16:13:51,8.31
2026-01-27 16:13:52,8.31
2026-01-27 16:13:53,8.31
2026-01-27 16:13:54,8.38
2026-01-27 16:13:55,8.38
2026-01-27 16:13:56,8.38
2026-01-27 16:13:57,8.38
2026-01-27 16:13:58,8.38
2026-01-27 16:13:59,7.87
2026-01-27 16:14:00,7.87
2026-01-27 16:14:01,7.87
2026-01-27 16:14:02,7.87
2026-01-27 16:14:03,7.87
2026-01-27 16:14:04,9.73
2026-01-27 16:14:05,9.73
2026-01-27 16:14:06,9.73
2026-01-27 16:14:07,9.73
2026-01-27 16:14:08,9.73
2026-01-27 16:14:09,9.00
2026-01-27 16:14:10,9.00
2026-01-27 16:14:11,9.00
2026-01-27 16:14:12,9.00
2026-01-27 16:14:13,9.00
2026-01-27 16:14:14,9.20
2026-01-27 16:14:15,9.20
2026-01-27 16:14:16,9.20
2026-01-27 16:14:17,9.20
2026-01-27 16:14:18,9.20
2026-01-27 16:14:19,9.11
2026-01-27 16:14:20,9.11
2026-01-27 16:14:21,9.11
2026-01-27 16:14:22,9.11
2026-01-27 16:14:23,9.11
2026-01-27 16:14:24,9.35
2026-01-27 16:14:25,9.35
2026-01-27 16:14:26,9.35
2026-01-27 16:14:27,9.35
2026-01-27 16:14:28,9.35
2026-01-27 16:14:29,8.96
2026-01-27 16:14:30,8.96
2026-01-27 16:14:31,8.96
2026-01-27 16:14:32,8.96
2026-01-27 16:14:33,8.96
2026-01-27 16:14:34,9.20
2026-01-27 16:14:35,9.20
2026-01-27 16:14:36,9.20
2026-01-27 16:14:37,9.20
2026-01-27 16:14:38,9.20
2026-01-27 16:14:39,9.12
2026-01-27 16:14:40,9.12
2026-01-27 16:14:41,9.12
2026-01-27 16:14:42,9.12
2026-01-27 16:14:43,9.12
2026-01-27 16:14:44,9.18
2026-01-27 16:14:45,9.18
2026-01-27 16:14:46,9.18
2026-01-27 16:14:47,9.18
2026-01-27 16:14:48,9.18
2026-01-27 16:14:49,10.3
2026-01-27 16:14:50,10.3
2026-01-27 16:14:51,10.3
2026-01-27 16:14:52,10.3
2026-01-27 16:14:53,10.3
2026-01-27 16:14:54,8.23
2026-01-27 16:14:55,8.23
2026-01-27 16:14:56,8.23
2026-01-27 16:14:57,8.23
2026-01-27 16:14:58,8.23
2026-01-27 16:14:59,0
2026-01-27 16:15:00,0
2026-01-27 16:15:01,0
2026-01-27 16:15:02,0
2026-01-27 16:15:03,0
2026-01-27 16:15:04,0
2026-01-27 16:15:05,0
2026-01-27 16:15:06,0
2026-01-27 16:15:07,0
2026-01-27 16:15:08,0
2026-01-27 16:15:09,0
2026-01-27 16:15:10,0
2026-01-27 16:15:11,0
2026-01-27 16:15:12,0
2026-01-27 16:15:13,0
2026-01-27 16:15:14,0
2026-01-27 16:15:15,0
2026-01-27 16:15:16,0
2026-01-27 16:15:17,0
2026-01-27 16:15:18,0
2026-01-27 16:15:19,0
2026-01-27 16:15:20,0
2026-01-27 16:15:21,0
2026-01-27 16:15:22,0
2026-01-27 16:15:23,0
2026-01-27 16:15:24,0
2026-01-27 16:15:25,0
2026-01-27 16:15:26,0
2026-01-27 16:15:27,0
2026-01-27 16:15:28,0
2026-01-27 16:15:29,0
2026-01-27 16:15:30,0
2026-01-27 16:15:31,0
2026-01-27 16:15:32,0
2026-01-27 16:15:33,0
2026-01-27 16:15:34,0
2026-01-27 16:15:35,0
2026-01-27 16:15:36,0
2026-01-27 16:15:37,0
2026-01-27 16:15:38,0
2026-01-27 16:15:39,0
2026-01-27 16:15:40,0
2026-01-27 16:15:41,0
2026-01-27 16:15:42,0
2026-01-27 16:15:43,0
2026-01-27 16:15:44,0
2026-01-27 16:15:45,0
2026-01-27 16:15:46,0
2026-01-27 16:15:47,0
2026-01-27 16:15:48,0
2026-01-27 16:15:49,0
2026-01-27 16:15:50,0
2026-01-27 16:15:51,0
2026-01-27 16:15:52,0
2026-01-27 16:15:53,0
2026-01-27 16:15:54,0
2026-01-27 16:15:55,0
2026-01-27 16:15:56,0
2026-01-27 16:15:57,0
2026-01-27 16:15:58,0
2026-01-27 16:15:59,0
2026-01-27 16:16:00,0
2026-01-27 16:16:01,0
2026-01-27 16:16:02,0
2026-01-27 16:16:03,0
2026-01-27 16:16:04,0
2026-01-27 16:16:05,0
2026-01-27 16:16:06,0
2026-01-27 16:16:07,0
2026-01-27 16:16:08,0
2026-01-27 16:16:09,0
2026-01-27 16:16:10,0
2026-01-27 16:16:11,0
2026-01-27 16:16:12,0
2026-01-27 16:16:13,0
2026-01-27 16:16:14,0
2026-01-27 16:16:15,0
2026-01-27 16:16:16,0
2026-01-27 16:16:17,0
2026-01-27 16:16:18,0
2026-01-27 16:16:19,0
2026-01-27 16:16:20,0
2026-01-27 16:16:21,0
2026-01-27 16:16:22,0
2026-01-27 16:16:23,0
2026-01-27 16:16:24,0
2026-01-27 16:16:25,0
2026-01-27 16:16:26,0
2026-01-27 16:16:27,0
2026-01-27 16:16:28,0
2026-01-27 16:16:29,0
2026-01-27 16:16:30,0
2026-01-27 16:16:31,0
2026-01-27 16:16:32,0
2026-01-27 16:16:33,0
2026-01-27 16:21:34,1.19
2026-01-27 16:21:35,1.19
2026-01-27 16:21:36,1.19
2026-01-27 16:21:37,1.19
2026-01-27 16:21:38,1.19
2026-01-27 16:21:39,6.63
2026-01-27 16:21:40,6.63
2026-01-27 16:21:41,6.63
2026-01-27 16:21:42,6.63
2026-01-27 16:21:43,6.63
2026-01-27 16:21:44,5.81
2026-01-27 16:21:45,5.81
2026-01-27 16:21:46,5.81
2026-01-27 16:21:47,5.81
2026-01-27 16:21:48,5.81
2026-01-27 16:21:49,6.48
2026-01-27 16:21:50,6.48
2026-01-27 16:21:51,6.48
2026-01-27 16:21:52,6.48
2026-01-27 16:21:53,6.48
2026-01-27 16:21:54,6.96
2026-01-27 16:21:55,6.96
2026-01-27 16:21:56,6.96
2026-01-27 16:21:57,6.96
2026-01-27 16:21:58,6.96
2026-01-27 16:21:59,4.95
2026-01-27 16:22:00,4.95
2026-01-27 16:22:01,4.95
2026-01-27 16:22:02,4.95
2026-01-27 16:22:03,4.95
2026-01-27 16:22:04,4.62
2026-01-27 16:22:05,4.62
2026-01-27 16:22:06,4.62
2026-01-27 16:22:07,4.62
2026-01-27 16:22:08,4.62
2026-01-27 16:22:09,4.60
2026-01-27 16:22:10,4.60
2026-01-27 16:22:11,4.60
2026-01-27 16:22:12,4.60
2026-01-27 16:22:13,4.60
2026-01-27 16:22:14,5.98
2026-01-27 16:22:15,5.98
2026-01-27 16:22:16,5.98
2026-01-27 16:22:17,5.98
2026-01-27 16:22:18,5.98
2026-01-27 16:22:19,6.97
2026-01-27 16:22:20,6.97
2026-01-27 16:22:21,6.97
2026-01-27 16:22:22,6.97
2026-01-27 16:22:23,6.97
2026-01-27 16:22:24,7.02
2026-01-27 16:22:25,7.02
2026-01-27 16:22:26,7.02
2026-01-27 16:22:27,7.02
2026-01-27 16:22:28,7.02
2026-01-27 16:22:29,9.27
2026-01-27 16:22:30,9.27
2026-01-27 16:22:31,9.27
2026-01-27 16:22:32,9.27
2026-01-27 16:22:33,9.27
2026-01-27 16:22:34,8.30
2026-01-27 16:22:35,8.30
2026-01-27 16:22:36,8.30
2026-01-27 16:22:37,8.30
2026-01-27 16:22:38,8.30
2026-01-27 16:22:39,8.47
2026-01-27 16:22:40,8.47
2026-01-27 16:22:41,8.47
2026-01-27 16:22:42,8.47
2026-01-27 16:22:43,8.47
2026-01-27 16:22:44,8.19
2026-01-27 16:22:45,8.19
2026-01-27 16:22:46,8.19
2026-01-27 16:22:47,8.19
2026-01-27 16:22:48,8.19
2026-01-27 16:22:49,8.60
2026-01-27 16:22:50,8.60
2026-01-27 16:22:51,8.60
2026-01-27 16:22:52,8.60
2026-01-27 16:22:53,8.60
2026-01-27 16:22:54,8.08
2026-01-27 16:22:55,8.08
2026-01-27 16:22:56,8.08
2026-01-27 16:22:57,8.08
2026-01-27 16:22:58,8.08
2026-01-27 16:22:59,8.84
2026-01-27 16:23:00,8.84
2026-01-27 16:23:01,8.84
2026-01-27 16:23:02,8.84
2026-01-27 16:23:03,8.84
2026-01-27 16:23:04,8.19
2026-01-27 16:23:05,8.19
2026-01-27 16:23:06,8.19
2026-01-27 16:23:07,8.19
2026-01-27 16:23:08,8.19
2026-01-27 16:23:09,8.69
2026-01-27 16:23:10,8.69
2026-01-27 16:23:11,8.69
2026-01-27 16:23:12,8.69
2026-01-27 16:23:13,8.69
2026-01-27 16:23:14,8.12
2026-01-27 16:23:15,8.12
2026-01-27 16:23:16,8.12
2026-01-27 16:23:17,8.12
2026-01-27 16:23:18,8.12
2026-01-27 16:23:19,8.52
2026-01-27 16:23:20,8.52
2026-01-27 16:23:21,8.52
2026-01-27 16:23:22,8.52
2026-01-27 16:23:23,8.52
2026-01-27 16:23:24,8.98
2026-01-27 16:23:25,8.98
2026-01-27 16:23:26,8.98
2026-01-27 16:23:27,8.98
2026-01-27 16:23:28,8.98
2026-01-27 16:23:29,10.3
2026-01-27 16:23:30,10.3
2026-01-27 16:23:31,10.3
2026-01-27 16:23:32,10.3
2026-01-27 16:23:33,10.3
2026-01-27 16:23:34,0
2026-01-27 16:23:35,0
2026-01-27 16:23:36,0
2026-01-27 16:23:37,0
2026-01-27 16:23:38,0
2026-01-27 16:23:39,0
2026-01-27 16:23:40,0
2026-01-27 16:23:41,0
2026-01-27 16:23:42,0
2026-01-27 16:23:43,0
2026-01-27 16:23:44,0
2026-01-27 16:23:45,0
2026-01-27 16:23:46,0
2026-01-27 16:23:47,0
2026-01-27 16:23:48,0
2026-01-27 16:23:49,0
2026-01-27 16:23:50,0
2026-01-27 16:23:51,0
2026-01-27 16:23:52,0
2026-01-27 16:23:53,0
2026-01-27 16:23:54,0
2026-01-27 16:23:55,0
2026-01-27 16:23:56,0
2026-01-27 16:23:57,0
2026-01-27 16:23:58,0
2026-01-27 16:23:59,0
2026-01-27 16:24:00,0
2026-01-27 16:24:01,0
2026-01-27 16:24:02,0
2026-01-27 16:24:03,0
2026-01-27 16:24:04,0
2026-01-27 16:24:05,0
2026-01-27 16:24:06,0
2026-01-27 16:24:07,0
2026-01-27 16:24:08,0
2026-01-27 16:24:09,0
2026-01-27 16:24:10,0
2026-01-27 16:24:11,0
2026-01-27 16:24:12,0
2026-01-27 16:24:13,0
2026-01-27 16:24:14,0
2026-01-27 16:24:15,0
2026-01-27 16:24:16,0
2026-01-27 16:24:17,0
2026-01-27 16:24:18,0
2026-01-27 16:24:19,0
2026-01-27 16:24:20,0
2026-01-27 16:24:21,0
2026-01-27 16:24:22,0
2026-01-27 16:24:23,0
2026-01-27 16:24:24,0
2026-01-27 16:24:25,0
2026-01-27 16:24:26,0
2026-01-27 16:24:27,0
2026-01-27 16:24:28,0
2026-01-27 16:24:29,0
2026-01-27 16:24:30,0
2026-01-27 16:24:31,0
2026-01-27 16:24:32,0
2026-01-27 16:24:33,0
2026-01-27 16:24:34,0
2026-01-27 16:24:35,0
2026-01-27 16:24:36,0
2026-01-27 16:24:37,0
2026-01-27 16:24:38,0
2026-01-27 16:24:39,0
2026-01-27 16:24:40,0
2026-01-27 16:24:41,0
2026-01-27 16:24:42,0
2026-01-27 16:24:43,0
2026-01-27 16:24:44,0
2026-01-27 16:24:45,0
2026-01-27 16:24:46,0
2026-01-27 16:24:47,0
2026-01-27 16:24:48,0
2026-01-27 16:24:49,0
2026-01-27 16:24:50,0
2026-01-27 16:24:51,0
2026-01-27 16:24:52,0
2026-01-27 16:24:53,0
2026-01-27 16:24:54,0
2026-01-27 16:24:55,0
2026-01-27 16:24:56,0
2026-01-27 16:24:57,0
2026-01-27 16:24:58,0
2026-01-27 16:24:59,0
2026-01-27 16:25:00,0
2026-01-27 16:25:01,0
2026-01-27 16:25:02,0
2026-01-27 16:25:03,0
2026-01-27 16:25:04,0
2026-01-27 16:25:05,0
2026-01-27 16:25:06,0
2026-01-27 16:25:07,0
2026-01-27 16:25:08,0
2026-01-27 16:30:09,4.35
2026-01-27 16:30:10,4.35
2026-01-27 16:30:11,4.35
2026-01-27 16:30:12,4.35
2026-01-27 16:30:13,4.35
2026-01-27 16:30:14,7.19
2026-01-27 16:30:15,7.19
2026-01-27 16:30:16,7.19
2026-01-27 16:30:17,7.19
2026-01-27 16:30:18,7.19
2026-01-27 16:30:19,8.37
2026-01-27 16:30:20,8.37
2026-01-27 16:30:21,8.37
2026-01-27 16:30:22,8.37
2026-01-27 16:30:23,8.37
2026-01-27 16:30:24,6.95
2026-01-27 16:30:25,6.95
2026-01-27 16:30:26,6.95
2026-01-27 16:30:27,6.95
2026-01-27 16:30:28,6.95
2026-01-27 16:30:29,8.41
2026-01-27 16:30:30,8.41
2026-01-27 16:30:31,8.41
2026-01-27 16:30:32,8.41
2026-01-27 16:30:33,8.41
2026-01-27 16:30:34,8.04
2026-01-27 16:30:35,8.04
2026-01-27 16:30:36,8.04
2026-01-27 16:30:37,8.04
2026-01-27 16:30:38,8.04
2026-01-27 16:30:39,10.0
2026-01-27 16:30:40,10.0
2026-01-27 16:30:41,10.0
2026-01-27 16:30:42,10.0
2026-01-27 16:30:43,10.0
2026-01-27 16:30:44,8.15
2026-01-27 16:30:45,8.15
2026-01-27 16:30:46,8.15
2026-01-27 16:30:47,8.15
2026-01-27 16:30:48,8.15
2026-01-27 16:30:49,9.56
2026-01-27 16:30:50,9.56
2026-01-27 16:30:51,9.56
2026-01-27 16:30:52,9.56
2026-01-27 16:30:53,9.56
2026-01-27 16:30:54,9.52
2026-01-27 16:30:55,9.52
2026-01-27 16:30:56,9.52
2026-01-27 16:30:57,9.52
2026-01-27 16:30:58,9.52
2026-01-27 16:30:59,10.5
2026-01-27 16:31:00,10.5
2026-01-27 16:31:01,10.5
2026-01-27 16:31:02,10.5
2026-01-27 16:31:03,10.5
2026-01-27 16:31:04,9.14
2026-01-27 16:31:05,9.14
2026-01-27 16:31:06,9.14
2026-01-27 16:31:07,9.14
2026-01-27 16:31:08,9.14
2026-01-27 16:31:09,10.6
2026-01-27 16:31:10,10.6
2026-01-27 16:31:11,10.6
2026-01-27 16:31:12,10.6
2026-01-27 16:31:13,10.6
2026-01-27 16:31:14,9.18
2026-01-27 16:31:15,9.18
2026-01-27 16:31:16,9.18
2026-01-27 16:31:17,9.18
2026-01-27 16:31:18,9.18
2026-01-27 16:31:19,10.8
2026-01-27 16:31:20,10.8
2026-01-27 16:31:21,10.8
2026-01-27 16:31:22,10.8
2026-01-27 16:31:23,10.8
2026-01-27 16:31:24,9.32
2026-01-27 16:31:25,9.32
2026-01-27 16:31:26,9.32
2026-01-27 16:31:27,9.32
2026-01-27 16:31:28,9.32
2026-01-27 16:31:29,10.9
2026-01-27 16:31:30,10.9
2026-01-27 16:31:31,10.9
2026-01-27 16:31:32,10.9
2026-01-27 16:31:33,10.9
2026-01-27 16:31:34,9.12
2026-01-27 16:31:35,9.12
2026-01-27 16:31:36,9.12
2026-01-27 16:31:37,9.12
2026-01-27 16:31:38,9.12
2026-01-27 16:31:39,10.5
2026-01-27 16:31:40,10.5
2026-01-27 16:31:41,10.5
2026-01-27 16:31:42,10.5
2026-01-27 16:31:43,10.5
2026-01-27 16:31:44,8.38
2026-01-27 16:31:45,8.38
2026-01-27 16:31:46,8.38
2026-01-27 16:31:47,8.38
2026-01-27 16:31:48,8.38
2026-01-27 16:31:49,10.7
2026-01-27 16:31:50,10.7
2026-01-27 16:31:51,10.7
2026-01-27 16:31:52,10.7
2026-01-27 16:31:53,10.7
2026-01-27 16:31:54,9.35
2026-01-27 16:31:55,9.35
2026-01-27 16:31:56,9.35
2026-01-27 16:31:57,9.35
2026-01-27 16:31:58,9.35
2026-01-27 16:31:59,10.3
2026-01-27 16:32:00,10.3
2026-01-27 16:32:01,10.3
2026-01-27 16:32:02,10.3
2026-01-27 16:32:03,10.3
2026-01-27 16:32:04,9.36
2026-01-27 16:32:05,9.36
2026-01-27 16:32:06,9.36
2026-01-27 16:32:07,9.36
2026-01-27 16:32:08,9.36
2026-01-27 16:32:09,0
2026-01-27 16:32:10,0
2026-01-27 16:32:11,0
2026-01-27 16:32:12,0
2026-01-27 16:32:13,0
2026-01-27 16:32:14,0
2026-01-27 16:32:15,0
2026-01-27 16:32:16,0
2026-01-27 16:32:17,0
2026-01-27 16:32:18,0
2026-01-27 16:32:19,0
2026-01-27 16:32:20,0
2026-01-27 16:32:21,0
2026-01-27 16:32:22,0
2026-01-27 16:32:23,0
2026-01-27 16:32:24,0
2026-01-27 16:32:25,0
2026-01-27 16:32:26,0
2026-01-27 16:32:27,0
2026-01-27 16:32:28,0
2026-01-27 16:32:29,0
2026-01-27 16:32:30,0
2026-01-27 16:32:31,0
2026-01-27 16:32:32,0
2026-01-27 16:32:33,0
2026-01-27 16:32:34,0
2026-01-27 16:32:35,0
2026-01-27 16:32:36,0
2026-01-27 16:32:37,0
2026-01-27 16:32:38,0
2026-01-27 16:32:39,0
2026-01-27 16:32:40,0
2026-01-27 16:32:41,0
2026-01-27 16:32:42,0
2026-01-27 16:32:43,0
2026-01-27 16:32:44,0
2026-01-27 16:32:45,0
2026-01-27 16:32:46,0
2026-01-27 16:32:47,0
2026-01-27 16:32:48,0
2026-01-27 16:32:49,0
2026-01-27 16:32:50,0
2026-01-27 16:32:51,0
2026-01-27 16:32:52,0
2026-01-27 16:32:53,0
2026-01-27 16:32:54,0
2026-01-27 16:32:55,0
2026-01-27 16:32:56,0
2026-01-27 16:32:57,0
2026-01-27 16:32:58,0
2026-01-27 16:32:59,0
2026-01-27 16:33:00,0
2026-01-27 16:33:01,0
2026-01-27 16:33:02,0
2026-01-27 16:33:03,0
2026-01-27 16:33:04,0
2026-01-27 16:33:05,0
2026-01-27 16:33:06,0
2026-01-27 16:33:07,0
2026-01-27 16:33:08,0
2026-01-27 16:33:09,0
2026-01-27 16:33:10,0
2026-01-27 16:33:11,0
2026-01-27 16:33:12,0
2026-01-27 16:33:13,0
2026-01-27 16:33:14,0
2026-01-27 16:33:15,0
2026-01-27 16:33:16,0
2026-01-27 16:33:17,0
2026-01-27 16:33:18,0
2026-01-27 16:33:19,0
2026-01-27 16:33:20,0
2026-01-27 16:33:21,0
2026-01-27 16:33:22,0
2026-01-27 16:33:23,0
2026-01-27 16:33:24,0
2026-01-27 16:33:25,0
2026-01-27 16:33:26,0
2026-01-27 16:33:27,0
2026-01-27 16:33:28,0
2026-01-27 16:33:29,0
2026-01-27 16:33:30,0
2026-01-27 16:33:31,0
2026-01-27 16:33:32,0
2026-01-27 16:33:33,0
2026-01-27 16:33:34,0
2026-01-27 16:33:35,0
2026-01-27 16:33:36,0
2026-01-27 16:33:37,0
2026-01-27 16:33:38,0
2026-01-27 16:33:39,0
2026-01-27 16:33:40,0
2026-01-27 16:33:41,0
2026-01-27 16:33:42,0
2026-01-27 16:33:43,0
2026-01-27 16:38:54,9.51
2026-01-27 16:38:55,9.51
2026-01-27 16:38:56,9.51
2026-01-27 16:38:57,9.51
2026-01-27 16:38:58,9.51
2026-01-27 16:38:59,8.49
2026-01-27 16:39:00,8.49
2026-01-27 16:39:01,8.49
2026-01-27 16:39:02,8.49
2026-01-27 16:39:03,8.49
2026-01-27 16:39:04,7.08
2026-01-27 16:39:05,7.08
2026-01-27 16:39:06,7.08
2026-01-27 16:39:07,7.08
2026-01-27 16:39:08,7.08
2026-01-27 16:39:09,10.0
2026-01-27 16:39:10,10.0
2026-01-27 16:39:11,10.0
2026-01-27 16:39:12,10.0
2026-01-27 16:39:13,10.0
2026-01-27 16:39:14,8.22
2026-01-27 16:39:15,8.22
2026-01-27 16:39:16,8.22
2026-01-27 16:39:17,8.22
2026-01-27 16:39:18,8.22
2026-01-27 16:39:19,10.1
2026-01-27 16:39:20,10.1
2026-01-27 16:39:21,10.1
2026-01-27 16:39:22,10.1
2026-01-27 16:39:23,10.1
2026-01-27 16:39:24,8.30
2026-01-27 16:39:25,8.30
2026-01-27 16:39:26,8.30
2026-01-27 16:39:27,8.30
2026-01-27 16:39:28,8.30
2026-01-27 16:39:29,10.1
2026-01-27 16:39:30,10.1
2026-01-27 16:39:31,10.1
2026-01-27 16:39:32,10.1
2026-01-27 16:39:33,10.1
2026-01-27 16:39:34,8.76
2026-01-27 16:39:35,8.76
2026-01-27 16:39:36,8.76
2026-01-27 16:39:37,8.76
2026-01-27 16:39:38,8.76
2026-01-27 16:39:39,10.7
2026-01-27 16:39:40,10.7
2026-01-27 16:39:41,10.7
2026-01-27 16:39:42,10.7
2026-01-27 16:39:43,10.7
2026-01-27 16:39:44,9.37
2026-01-27 16:39:45,9.37
2026-01-27 16:39:46,9.37
2026-01-27 16:39:47,9.37
2026-01-27 16:39:48,9.37
2026-01-27 16:39:49,10.8
2026-01-27 16:39:50,10.8
2026-01-27 16:39:51,10.8
2026-01-27 16:39:52,10.8
2026-01-27 16:39:53,10.8
2026-01-27 16:39:54,10.5
2026-01-27 16:39:55,10.5
2026-01-27 16:39:56,10.5
2026-01-27 16:39:57,10.5
2026-01-27 16:39:58,10.5
2026-01-27 16:39:59,10.3
2026-01-27 16:40:00,10.3
2026-01-27 16:40:01,10.3
2026-01-27 16:40:02,10.3
2026-01-27 16:40:03,10.3
2026-01-27 16:40:04,9.26
2026-01-27 16:40:05,9.26
2026-01-27 16:40:06,9.26
2026-01-27 16:40:07,9.26
2026-01-27 16:40:08,9.26
2026-01-27 16:40:09,10.3
2026-01-27 16:40:10,10.3
2026-01-27 16:40:11,10.3
2026-01-27 16:40:12,10.3
2026-01-27 16:40:13,10.3
2026-01-27 16:40:14,9.68
2026-01-27 16:40:15,9.68
2026-01-27 16:40:16,9.68
2026-01-27 16:40:17,9.68
2026-01-27 16:40:18,9.68
2026-01-27 16:40:19,10.7
2026-01-27 16:40:20,10.7
2026-01-27 16:40:21,10.7
2026-01-27 16:40:22,10.7
2026-01-27 16:40:23,10.7
2026-01-27 16:40:24,9.14
2026-01-27 16:40:25,9.14
2026-01-27 16:40:26,9.14
2026-01-27 16:40:27,9.14
2026-01-27 16:40:28,9.14
2026-01-27 16:40:29,11.2
2026-01-27 16:40:30,11.2
2026-01-27 16:40:31,11.2
2026-01-27 16:40:32,11.2
2026-01-27 16:40:33,11.2
2026-01-27 16:40:34,9.33
2026-01-27 16:40:35,9.33
2026-01-27 16:40:36,9.33
2026-01-27 16:40:37,9.33
2026-01-27 16:40:38,9.33
2026-01-27 16:40:39,10.2
2026-01-27 16:40:40,10.2
2026-01-27 16:40:41,10.2
2026-01-27 16:40:42,10.2
2026-01-27 16:40:43,10.2
2026-01-27 16:40:44,9.28
2026-01-27 16:40:45,9.28
2026-01-27 16:40:46,9.28
2026-01-27 16:40:47,9.28
2026-01-27 16:40:48,9.28
2026-01-27 16:40:49,11.0
2026-01-27 16:40:50,11.0
2026-01-27 16:40:51,11.0
2026-01-27 16:40:52,11.0
2026-01-27 16:40:53,11.0
2026-01-27 16:40:54,0
2026-01-27 16:40:55,0
2026-01-27 16:40:56,0
2026-01-27 16:40:57,0
2026-01-27 16:40:58,0
2026-01-27 16:40:59,0
2026-01-27 16:41:00,0
2026-01-27 16:41:01,0
2026-01-27 16:41:02,0
2026-01-27 16:41:03,0
2026-01-27 16:41:04,0
2026-01-27 16:41:05,0
2026-01-27 16:41:06,0
2026-01-27 16:41:07,0
2026-01-27 16:41:08,0
2026-01-27 16:41:09,0
2026-01-27 16:41:10,0
2026-01-27 16:41:11,0
2026-01-27 16:41:12,0
2026-01-27 16:41:13,0
2026-01-27 16:41:14,0
2026-01-27 16:41:15,0
2026-01-27 16:41:16,0
2026-01-27 16:41:17,0
2026-01-27 16:41:18,0
2026-01-27 16:41:19,0
2026-01-27 16:41:20,0
2026-01-27 16:41:21,0
2026-01-27 16:41:22,0
2026-01-27 16:41:23,0
2026-01-27 16:41:24,0
2026-01-27 16:41:25,0
2026-01-27 16:41:26,0
2026-01-27 16:41:27,0
2026-01-27 16:41:28,0
2026-01-27 16:41:29,0
2026-01-27 16:41:30,0
2026-01-27 16:41:31,0
2026-01-27 16:41:32,0
2026-01-27 16:41:33,0
2026-01-27 16:41:34,0
2026-01-27 16:41:35,0
2026-01-27 16:41:36,0
2026-01-27 16:41:37,0
2026-01-27 16:41:38,0
2026-01-27 16:41:39,0
2026-01-27 16:41:40,0
2026-01-27 16:41:41,0
2026-01-27 16:41:42,0
2026-01-27 16:41:43,0
2026-01-27 16:41:44,0
2026-01-27 16:41:45,0
2026-01-27 16:41:46,0
2026-01-27 16:41:47,0
2026-01-27 16:41:48,0
2026-01-27 16:41:49,0
2026-01-27 16:41:50,0
2026-01-27 16:41:51,0
2026-01-27 16:41:52,0
2026-01-27 16:41:53,0
2026-01-27 16:41:54,0
2026-01-27 16:41:55,0
2026-01-27 16:41:56,0
2026-01-27 16:41:57,0
2026-01-27 16:41:58,0
2026-01-27 16:41:59,0
2026-01-27 16:42:00,0
2026-01-27 16:42:01,0
2026-01-27 16:42:02,0
2026-01-27 16:42:03,0
2026-01-27 16:42:04,0
2026-01-27 16:42:05,0
2026-01-27 16:42:06,0
2026-01-27 16:42:07,0
2026-01-27 16:42:08,0
2026-01-27 16:42:09,0
2026-01-27 16:42:10,0
2026-01-27 16:42:11,0
2026-01-27 16:42:12,0
2026-01-27 16:42:13,0
2026-01-27 16:42:14,0
2026-01-27 16:42:15,0
2026-01-27 16:42:16,0
2026-01-27 16:42:17,0
2026-01-27 16:42:18,0
2026-01-27 16:42:19,0
2026-01-27 16:42:20,0
2026-01-27 16:42:21,0
2026-01-27 16:42:22,0
2026-01-27 16:42:23,0
2026-01-27 16:42:24,0
2026-01-27 16:42:25,0
2026-01-27 16:42:26,0
2026-01-27 16:42:27,0
2026-01-27 16:42:28,0
2026-01-27 16:47:34,6.48
2026-01-27 16:47:35,6.48
2026-01-27 16:47:36,6.48
2026-01-27 16:47:37,6.48
2026-01-27 16:47:38,6.48
2026-01-27 16:47:39,7.84
2026-01-27 16:47:40,7.84
2026-01-27 16:47:41,7.84
2026-01-27 16:47:42,7.84
2026-01-27 16:47:43,7.84
2026-01-27 16:47:44,6.75
2026-01-27 16:47:45,6.75
2026-01-27 16:47:46,6.75
2026-01-27 16:47:47,6.75
2026-01-27 16:47:48,6.75
2026-01-27 16:47:49,8.93
2026-01-27 16:47:50,8.93
2026-01-27 16:47:51,8.93
2026-01-27 16:47:52,8.93
2026-01-27 16:47:53,8.93
2026-01-27 16:47:54,8.22
2026-01-27 16:47:55,8.22
2026-01-27 16:47:56,8.22
2026-01-27 16:47:57,8.22
2026-01-27 16:47:58,8.22
2026-01-27 16:47:59,9.22
2026-01-27 16:48:00,9.22
2026-01-27 16:48:01,9.22
2026-01-27 16:48:02,9.22
2026-01-27 16:48:03,9.22
2026-01-27 16:48:04,9.03
2026-01-27 16:48:05,9.03
2026-01-27 16:48:06,9.03
2026-01-27 16:48:07,9.03
2026-01-27 16:48:08,9.03
2026-01-27 16:48:09,10.3
2026-01-27 16:48:10,10.3
2026-01-27 16:48:11,10.3
2026-01-27 16:48:12,10.3
2026-01-27 16:48:13,10.3
2026-01-27 16:48:14,9.39
2026-01-27 16:48:15,9.39
2026-01-27 16:48:16,9.39
2026-01-27 16:48:17,9.39
2026-01-27 16:48:18,9.39
2026-01-27 16:48:19,10.0
2026-01-27 16:48:20,10.0
2026-01-27 16:48:21,10.0
2026-01-27 16:48:22,10.0
2026-01-27 16:48:23,10.0
2026-01-27 16:48:24,9.23
2026-01-27 16:48:25,9.23
2026-01-27 16:48:26,9.23
2026-01-27 16:48:27,9.23
2026-01-27 16:48:28,9.23
2026-01-27 16:48:29,11.4
2026-01-27 16:48:30,11.4
2026-01-27 16:48:31,11.4
2026-01-27 16:48:32,11.4
2026-01-27 16:48:33,11.4
2026-01-27 16:48:34,9.72
2026-01-27 16:48:35,9.72
2026-01-27 16:48:36,9.72
2026-01-27 16:48:37,9.72
2026-01-27 16:48:38,9.72
2026-01-27 16:48:39,10.8
2026-01-27 16:48:40,10.8
2026-01-27 16:48:41,10.8
2026-01-27 16:48:42,10.8
2026-01-27 16:48:43,10.8
2026-01-27 16:48:44,9.96
2026-01-27 16:48:45,9.96
2026-01-27 16:48:46,9.96
2026-01-27 16:48:47,9.96
2026-01-27 16:48:48,9.96
2026-01-27 16:48:49,10.5
2026-01-27 16:48:50,10.5
2026-01-27 16:48:51,10.5
2026-01-27 16:48:52,10.5
2026-01-27 16:48:53,10.5
2026-01-27 16:48:54,9.85
2026-01-27 16:48:55,9.85
2026-01-27 16:48:56,9.85
2026-01-27 16:48:57,9.85
2026-01-27 16:48:58,9.85
2026-01-27 16:48:59,11.0
2026-01-27 16:49:00,11.0
2026-01-27 16:49:01,11.0
2026-01-27 16:49:02,11.0
2026-01-27 16:49:03,11.0
2026-01-27 16:49:04,9.65
2026-01-27 16:49:05,9.65
2026-01-27 16:49:06,9.65
2026-01-27 16:49:07,9.65
2026-01-27 16:49:08,9.65
2026-01-27 16:49:09,10.5
2026-01-27 16:49:10,10.5
2026-01-27 16:49:11,10.5
2026-01-27 16:49:12,10.5
2026-01-27 16:49:13,10.5
2026-01-27 16:49:14,9.56
2026-01-27 16:49:15,9.56
2026-01-27 16:49:16,9.56
2026-01-27 16:49:17,9.56
2026-01-27 16:49:18,9.56
2026-01-27 16:49:19,10.2
2026-01-27 16:49:20,10.2
2026-01-27 16:49:21,10.2
2026-01-27 16:49:22,10.2
2026-01-27 16:49:23,10.2
2026-01-27 16:49:24,9.22
2026-01-27 16:49:25,9.22
2026-01-27 16:49:26,9.22
2026-01-27 16:49:27,9.22
2026-01-27 16:49:28,9.22
2026-01-27 16:49:29,11.3
2026-01-27 16:49:30,11.3
2026-01-27 16:49:31,11.3
2026-01-27 16:49:32,11.3
2026-01-27 16:49:33,11.3
2026-01-27 16:49:34,0
2026-01-27 16:49:35,0
2026-01-27 16:49:36,0
2026-01-27 16:49:37,0
2026-01-27 16:49:38,0
2026-01-27 16:49:39,0
2026-01-27 16:49:40,0
2026-01-27 16:49:41,0
2026-01-27 16:49:42,0
2026-01-27 16:49:43,0
2026-01-27 16:49:44,0
2026-01-27 16:49:45,0
2026-01-27 16:49:46,0
2026-01-27 16:49:47,0
2026-01-27 16:49:48,0
2026-01-27 16:49:49,0
2026-01-27 16:49:50,0
2026-01-27 16:49:51,0
2026-01-27 16:49:52,0
2026-01-27 16:49:53,0
2026-01-27 16:49:54,0
2026-01-27 16:49:55,0
2026-01-27 16:49:56,0
2026-01-27 16:49:57,0
2026-01-27 16:49:58,0
2026-01-27 16:49:59,0
2026-01-27 16:50:00,0
2026-01-27 16:50:01,0
2026-01-27 16:50:02,0
2026-01-27 16:50:03,0
2026-01-27 16:50:04,0
2026-01-27 16:50:05,0
2026-01-27 16:50:06,0
2026-01-27 16:50:07,0
2026-01-27 16:50:08,0
2026-01-27 16:50:09,0
2026-01-27 16:50:10,0
2026-01-27 16:50:11,0
2026-01-27 16:50:12,0
2026-01-27 16:50:13,0
2026-01-27 16:50:14,0
2026-01-27 16:50:15,0
2026-01-27 16:50:16,0
2026-01-27 16:50:17,0
2026-01-27 16:50:18,0
2026-01-27 16:50:19,0
2026-01-27 16:50:20,0
2026-01-27 16:50:21,0
2026-01-27 16:50:22,0
2026-01-27 16:50:23,0
2026-01-27 16:50:24,0
2026-01-27 16:50:25,0
2026-01-27 16:50:26,0
2026-01-27 16:50:27,0
2026-01-27 16:50:28,0
2026-01-27 16:50:29,0
2026-01-27 16:50:30,0
2026-01-27 16:50:31,0
2026-01-27 16:50:32,0
2026-01-27 16:50:33,0
2026-01-27 16:50:34,0
2026-01-27 16:50:35,0
2026-01-27 16:50:36,0
2026-01-27 16:50:37,0
2026-01-27 16:50:38,0
2026-01-27 16:50:39,0
2026-01-27 16:50:40,0
2026-01-27 16:50:41,0
2026-01-27 16:50:42,0
2026-01-27 16:50:43,0
2026-01-27 16:50:44,0
2026-01-27 16:50:45,0
2026-01-27 16:50:46,0
2026-01-27 16:50:47,0
2026-01-27 16:50:48,0
2026-01-27 16:50:49,0
2026-01-27 16:50:50,0
2026-01-27 16:50:51,0
2026-01-27 16:50:52,0
2026-01-27 16:50:53,0
2026-01-27 16:50:54,0
2026-01-27 16:50:55,0
2026-01-27 16:50:56,0
2026-01-27 16:50:57,0
2026-01-27 16:50:58,0
2026-01-27 16:50:59,0
2026-01-27 16:51:00,0
2026-01-27 16:51:01,0
2026-01-27 16:51:02,0
2026-01-27 16:51:03,0
2026-01-27 16:51:04,0
2026-01-27 16:51:05,0
2026-01-27 16:51:06,0
2026-01-27 16:51:07,0
2026-01-27 16:51:08,0
2026-01-27 16:56:04,7.81
2026-01-27 16:56:05,7.81
2026-01-27 16:56:06,7.81
2026-01-27 16:56:07,7.81
2026-01-27 16:56:08,7.81
2026-01-27 16:56:09,9.25
2026-01-27 16:56:10,9.25
2026-01-27 16:56:11,9.25
2026-01-27 16:56:12,9.25
2026-01-27 16:56:13,9.25
2026-01-27 16:56:14,7.83
2026-01-27 16:56:15,7.83
2026-01-27 16:56:16,7.83
2026-01-27 16:56:17,7.83
2026-01-27 16:56:18,7.83
2026-01-27 16:56:19,8.83
2026-01-27 16:56:20,8.83
2026-01-27 16:56:21,8.83
2026-01-27 16:56:22,8.83
2026-01-27 16:56:23,8.83
2026-01-27 16:56:24,8.05
2026-01-27 16:56:25,8.05
2026-01-27 16:56:26,8.05
2026-01-27 16:56:27,8.05
2026-01-27 16:56:28,8.05
2026-01-27 16:56:29,9.36
2026-01-27 16:56:30,9.36
2026-01-27 16:56:31,9.36
2026-01-27 16:56:32,9.36
2026-01-27 16:56:33,9.36
2026-01-27 16:56:34,8.60
2026-01-27 16:56:35,8.60
2026-01-27 16:56:36,8.60
2026-01-27 16:56:37,8.60
2026-01-27 16:56:38,8.60
2026-01-27 16:56:39,10.3
2026-01-27 16:56:40,10.3
2026-01-27 16:56:41,10.3
2026-01-27 16:56:42,10.3
2026-01-27 16:56:43,10.3
2026-01-27 16:56:44,9.12
2026-01-27 16:56:45,9.12
2026-01-27 16:56:46,9.12
2026-01-27 16:56:47,9.12
2026-01-27 16:56:48,9.12
2026-01-27 16:56:49,9.73
2026-01-27 16:56:50,9.73
2026-01-27 16:56:51,9.73
2026-01-27 16:56:52,9.73
2026-01-27 16:56:53,9.73
2026-01-27 16:56:54,8.63
2026-01-27 16:56:55,8.63
2026-01-27 16:56:56,8.63
2026-01-27 16:56:57,8.63
2026-01-27 16:56:58,8.63
2026-01-27 16:56:59,10.3
2026-01-27 16:57:00,10.3
2026-01-27 16:57:01,10.3
2026-01-27 16:57:02,10.3
2026-01-27 16:57:03,10.3
2026-01-27 16:57:04,9.91
2026-01-27 16:57:05,9.91
2026-01-27 16:57:06,9.91
2026-01-27 16:57:07,9.91
2026-01-27 16:57:08,9.91
2026-01-27 16:57:09,10.5
2026-01-27 16:57:10,10.5
2026-01-27 16:57:11,10.5
2026-01-27 16:57:12,10.5
2026-01-27 16:57:13,10.5
2026-01-27 16:57:14,9.24
2026-01-27 16:57:15,9.24
2026-01-27 16:57:16,9.24
2026-01-27 16:57:17,9.24
2026-01-27 16:57:18,9.24
2026-01-27 16:57:19,9.78
2026-01-27 16:57:20,9.78
2026-01-27 16:57:21,9.78
2026-01-27 16:57:22,9.78
2026-01-27 16:57:23,9.78
2026-01-27 16:57:24,9.87
2026-01-27 16:57:25,9.87
2026-01-27 16:57:26,9.87
2026-01-27 16:57:27,9.87
2026-01-27 16:57:28,9.87
2026-01-27 16:57:29,10.2
2026-01-27 16:57:30,10.2
2026-01-27 16:57:31,10.2
2026-01-27 16:57:32,10.2
2026-01-27 16:57:33,10.2
2026-01-27 16:57:34,9.15
2026-01-27 16:57:35,9.15
2026-01-27 16:57:36,9.15
2026-01-27 16:57:37,9.15
2026-01-27 16:57:38,9.15
2026-01-27 16:57:39,10.2
2026-01-27 16:57:40,10.2
2026-01-27 16:57:41,10.2
2026-01-27 16:57:42,10.2
2026-01-27 16:57:43,10.2
2026-01-27 16:57:44,9.03
2026-01-27 16:57:45,9.03
2026-01-27 16:57:46,9.03
2026-01-27 16:57:47,9.03
2026-01-27 16:57:48,9.03
2026-01-27 16:57:49,10.4
2026-01-27 16:57:50,10.4
2026-01-27 16:57:51,10.4
2026-01-27 16:57:52,10.4
2026-01-27 16:57:53,10.4
2026-01-27 16:57:54,9.15
2026-01-27 16:57:55,9.15
2026-01-27 16:57:56,9.15
2026-01-27 16:57:57,9.15
2026-01-27 16:57:58,9.15
2026-01-27 16:57:59,9.80
2026-01-27 16:58:00,9.80
2026-01-27 16:58:01,9.80
2026-01-27 16:58:02,9.80
2026-01-27 16:58:03,9.80
2026-01-27 16:58:04,0
2026-01-27 16:58:05,0
2026-01-27 16:58:06,0
2026-01-27 16:58:07,0
2026-01-27 16:58:08,0
2026-01-27 16:58:09,0
2026-01-27 16:58:10,0
2026-01-27 16:58:11,0
2026-01-27 16:58:12,0
2026-01-27 16:58:13,0
2026-01-27 16:58:14,0
2026-01-27 16:58:15,0
2026-01-27 16:58:16,0
2026-01-27 16:58:17,0
2026-01-27 16:58:18,0
2026-01-27 16:58:19,0
2026-01-27 16:58:20,0
2026-01-27 16:58:21,0
2026-01-27 16:58:22,0
2026-01-27 16:58:23,0
2026-01-27 16:58:24,0
2026-01-27 16:58:25,0
2026-01-27 16:58:26,0
2026-01-27 16:58:27,0
2026-01-27 16:58:28,0
2026-01-27 16:58:29,0
2026-01-27 16:58:30,0
2026-01-27 16:58:31,0
2026-01-27 16:58:32,0
2026-01-27 16:58:33,0
2026-01-27 16:58:34,0
2026-01-27 16:58:35,0
2026-01-27 16:58:36,0
2026-01-27 16:58:37,0
2026-01-27 16:58:38,0
2026-01-27 16:58:39,0
2026-01-27 16:58:40,0
2026-01-27 16:58:41,0
2026-01-27 16:58:42,0
2026-01-27 16:58:43,0
2026-01-27 16:58:44,0
2026-01-27 16:58:45,0
2026-01-27 16:58:46,0
2026-01-27 16:58:47,0
2026-01-27 16:58:48,0
2026-01-27 16:58:49,0
2026-01-27 16:58:50,0
2026-01-27 16:58:51,0
2026-01-27 16:58:52,0
2026-01-27 16:58:53,0
2026-01-27 16:58:54,0
2026-01-27 16:58:55,0
2026-01-27 16:58:56,0
2026-01-27 16:58:57,0
2026-01-27 16:58:58,0
2026-01-27 16:58:59,0
2026-01-27 16:59:00,0
2026-01-27 16:59:01,0
2026-01-27 16:59:02,0
2026-01-27 16:59:03,0
2026-01-27 16:59:04,0
2026-01-27 16:59:05,0
2026-01-27 16:59:06,0
2026-01-27 16:59:07,0
2026-01-27 16:59:08,0
2026-01-27 16:59:09,0
2026-01-27 16:59:10,0
2026-01-27 16:59:11,0
2026-01-27 16:59:12,0
2026-01-27 16:59:13,0
2026-01-27 16:59:14,0
2026-01-27 16:59:15,0
2026-01-27 16:59:16,0
2026-01-27 16:59:17,0
2026-01-27 16:59:18,0
2026-01-27 16:59:19,0
2026-01-27 16:59:20,0
2026-01-27 16:59:21,0
2026-01-27 16:59:22,0
2026-01-27 16:59:23,0
2026-01-27 16:59:24,0
2026-01-27 16:59:25,0
2026-01-27 16:59:26,0
2026-01-27 16:59:27,0
2026-01-27 16:59:28,0
2026-01-27 16:59:29,0
2026-01-27 16:59:30,0
2026-01-27 16:59:31,0
2026-01-27 16:59:32,0
2026-01-27 16:59:33,0
2026-01-27 16:59:34,0
2026-01-27 16:59:35,0
2026-01-27 16:59:36,0
2026-01-27 16:59:37,0
2026-01-27 16:59:38,0
2026-01-27 17:04:44,9.75
2026-01-27 17:04:45,9.75
2026-01-27 17:04:46,9.75
2026-01-27 17:04:47,9.75
2026-01-27 17:04:48,9.75
2026-01-27 17:04:49,9.74
2026-01-27 17:04:50,9.74
2026-01-27 17:04:51,9.74
2026-01-27 17:04:52,9.74
2026-01-27 17:04:53,9.74
2026-01-27 17:04:54,9.13
2026-01-27 17:04:55,9.13
2026-01-27 17:04:56,9.13
2026-01-27 17:04:57,9.13
2026-01-27 17:04:58,9.13
2026-01-27 17:04:59,10.3
2026-01-27 17:05:00,10.3
2026-01-27 17:05:01,10.3
2026-01-27 17:05:02,10.3
2026-01-27 17:05:03,10.3
2026-01-27 17:05:04,6.78
2026-01-27 17:05:05,6.78
2026-01-27 17:05:06,6.78
2026-01-27 17:05:07,6.78
2026-01-27 17:05:08,6.78
2026-01-27 17:05:09,7.73
2026-01-27 17:05:10,7.73
2026-01-27 17:05:11,7.73
2026-01-27 17:05:12,7.73
2026-01-27 17:05:13,7.73
2026-01-27 17:05:14,5.74
2026-01-27 17:05:15,5.74
2026-01-27 17:05:16,5.74
2026-01-27 17:05:17,5.74
2026-01-27 17:05:18,5.74
2026-01-27 17:05:19,6.59
2026-01-27 17:05:20,6.59
2026-01-27 17:05:21,6.59
2026-01-27 17:05:22,6.59
2026-01-27 17:05:23,6.59
2026-01-27 17:05:24,5.85
2026-01-27 17:05:25,5.85
2026-01-27 17:05:26,5.85
2026-01-27 17:05:27,5.85
2026-01-27 17:05:28,5.85
2026-01-27 17:05:29,8.13
2026-01-27 17:05:30,8.13
2026-01-27 17:05:31,8.13
2026-01-27 17:05:32,8.13
2026-01-27 17:05:33,8.13
2026-01-27 17:05:34,8.19
2026-01-27 17:05:35,8.19
2026-01-27 17:05:36,8.19
2026-01-27 17:05:37,8.19
2026-01-27 17:05:38,8.19
2026-01-27 17:05:39,8.52
2026-01-27 17:05:40,8.52
2026-01-27 17:05:41,8.52
2026-01-27 17:05:42,8.52
2026-01-27 17:05:43,8.52
2026-01-27 17:05:44,8.73
2026-01-27 17:05:45,8.73
2026-01-27 17:05:46,8.73
2026-01-27 17:05:47,8.73
2026-01-27 17:05:48,8.73
2026-01-27 17:05:49,10.3
2026-01-27 17:05:50,10.3
2026-01-27 17:05:51,10.3
2026-01-27 17:05:52,10.3
2026-01-27 17:05:53,10.3
2026-01-27 17:05:54,8.10
2026-01-27 17:05:55,8.10
2026-01-27 17:05:56,8.10
2026-01-27 17:05:57,8.10
2026-01-27 17:05:58,8.10
2026-01-27 17:05:59,8.49
2026-01-27 17:06:00,8.49
2026-01-27 17:06:01,8.49
2026-01-27 17:06:02,8.49
2026-01-27 17:06:03,8.49
2026-01-27 17:06:04,8.02
2026-01-27 17:06:05,8.02
2026-01-27 17:06:06,8.02
2026-01-27 17:06:07,8.02
2026-01-27 17:06:08,8.02
2026-01-27 17:06:09,8.55
2026-01-27 17:06:10,8.55
2026-01-27 17:06:11,8.55
2026-01-27 17:06:12,8.55
2026-01-27 17:06:13,8.55
2026-01-27 17:06:14,7.94
2026-01-27 17:06:15,7.94
2026-01-27 17:06:16,7.94
2026-01-27 17:06:17,7.94
2026-01-27 17:06:18,7.94
2026-01-27 17:06:19,7.82
2026-01-27 17:06:20,7.82
2026-01-27 17:06:21,7.82
2026-01-27 17:06:22,7.82
2026-01-27 17:06:23,7.82
2026-01-27 17:06:24,8.62
2026-01-27 17:06:25,8.62
2026-01-27 17:06:26,8.62
2026-01-27 17:06:27,8.62
2026-01-27 17:06:28,8.62
2026-01-27 17:06:29,8.27
2026-01-27 17:06:30,8.27
2026-01-27 17:06:31,8.27
2026-01-27 17:06:32,8.27
2026-01-27 17:06:33,8.27
2026-01-27 17:06:34,9.66
2026-01-27 17:06:35,9.66
2026-01-27 17:06:36,9.66
2026-01-27 17:06:37,9.66
2026-01-27 17:06:38,9.66
2026-01-27 17:06:39,0
2026-01-27 17:06:40,0
2026-01-27 17:06:41,0
2026-01-27 17:06:42,0
2026-01-27 17:06:43,0
2026-01-27 17:06:44,0
2026-01-27 17:06:45,0
2026-01-27 17:06:46,0
2026-01-27 17:06:47,0
2026-01-27 17:06:48,0
2026-01-27 17:06:49,0
2026-01-27 17:06:50,0
2026-01-27 17:06:51,0
2026-01-27 17:06:52,0
2026-01-27 17:06:53,0
2026-01-27 17:06:54,0
2026-01-27 17:06:55,0
2026-01-27 17:06:56,0
2026-01-27 17:06:57,0
2026-01-27 17:06:58,0
2026-01-27 17:06:59,0
2026-01-27 17:07:00,0
2026-01-27 17:07:01,0
2026-01-27 17:07:02,0
2026-01-27 17:07:03,0
2026-01-27 17:07:04,0
2026-01-27 17:07:05,0
2026-01-27 17:07:06,0
2026-01-27 17:07:07,0
2026-01-27 17:07:08,0
2026-01-27 17:07:09,0
2026-01-27 17:07:10,0
2026-01-27 17:07:11,0
2026-01-27 17:07:12,0
2026-01-27 17:07:13,0
2026-01-27 17:07:14,0
2026-01-27 17:07:15,0
2026-01-27 17:07:16,0
2026-01-27 17:07:17,0
2026-01-27 17:07:18,0
2026-01-27 17:07:19,0
2026-01-27 17:07:20,0
2026-01-27 17:07:21,0
2026-01-27 17:07:22,0
2026-01-27 17:07:23,0
2026-01-27 17:07:24,0
2026-01-27 17:07:25,0
2026-01-27 17:07:26,0
2026-01-27 17:07:27,0
2026-01-27 17:07:28,0
2026-01-27 17:07:29,0
2026-01-27 17:07:30,0
2026-01-27 17:07:31,0
2026-01-27 17:07:32,0
2026-01-27 17:07:33,0
2026-01-27 17:07:34,0
2026-01-27 17:07:35,0
2026-01-27 17:07:36,0
2026-01-27 17:07:37,0
2026-01-27 17:07:38,0
2026-01-27 17:07:39,0
2026-01-27 17:07:40,0
2026-01-27 17:07:41,0
2026-01-27 17:07:42,0
2026-01-27 17:07:43,0
2026-01-27 17:07:44,0
2026-01-27 17:07:45,0
2026-01-27 17:07:46,0
2026-01-27 17:07:47,0
2026-01-27 17:07:48,0
2026-01-27 17:07:49,0
2026-01-27 17:07:50,0
2026-01-27 17:07:51,0
2026-01-27 17:07:52,0
2026-01-27 17:07:53,0
2026-01-27 17:07:54,0
2026-01-27 17:07:55,0
2026-01-27 17:07:56,0
2026-01-27 17:07:57,0
2026-01-27 17:07:58,0
2026-01-27 17:07:59,0
2026-01-27 17:08:00,0
2026-01-27 17:08:01,0
2026-01-27 17:08:02,0
2026-01-27 17:08:03,0
2026-01-27 17:08:04,0
2026-01-27 17:08:05,0
2026-01-27 17:08:06,0
2026-01-27 17:08:07,0
2026-01-27 17:08:08,0
2026-01-27 17:08:09,0
2026-01-27 17:08:10,0
2026-01-27 17:08:11,0
2026-01-27 17:08:12,0
2026-01-27 17:08:13,0
2026-01-27 17:13:19,3.53
2026-01-27 17:13:20,3.53
2026-01-27 17:13:21,3.53
2026-01-27 17:13:22,3.53
2026-01-27 17:13:23,3.53
2026-01-27 17:13:24,7.63
2026-01-27 17:13:25,7.63
2026-01-27 17:13:26,7.63
2026-01-27 17:13:27,7.63
2026-01-27 17:13:28,7.63
2026-01-27 17:13:29,6.68
2026-01-27 17:13:30,6.68
2026-01-27 17:13:31,6.68
2026-01-27 17:13:32,6.68
2026-01-27 17:13:33,6.68
2026-01-27 17:13:34,6.91
2026-01-27 17:13:35,6.91
2026-01-27 17:13:36,6.91
2026-01-27 17:13:37,6.91
2026-01-27 17:13:38,6.91
2026-01-27 17:13:39,5.79
2026-01-27 17:13:40,5.79
2026-01-27 17:13:41,5.79
2026-01-27 17:13:42,5.79
2026-01-27 17:13:43,5.79
2026-01-27 17:13:44,6.16
2026-01-27 17:13:45,6.16
2026-01-27 17:13:46,6.16
2026-01-27 17:13:47,6.16
2026-01-27 17:13:48,6.16
2026-01-27 17:13:49,5.71
2026-01-27 17:13:50,5.71
2026-01-27 17:13:51,5.71
2026-01-27 17:13:52,5.71
2026-01-27 17:13:53,5.71
2026-01-27 17:13:54,6.25
2026-01-27 17:13:55,6.25
2026-01-27 17:13:56,6.25
2026-01-27 17:13:57,6.25
2026-01-27 17:13:58,6.25
2026-01-27 17:13:59,5.69
2026-01-27 17:14:00,5.69
2026-01-27 17:14:01,5.69
2026-01-27 17:14:02,5.69
2026-01-27 17:14:03,5.69
2026-01-27 17:14:04,6.75
2026-01-27 17:14:05,6.75
2026-01-27 17:14:06,6.75
2026-01-27 17:14:07,6.75
2026-01-27 17:14:08,6.75
2026-01-27 17:14:09,7.12
2026-01-27 17:14:10,7.12
2026-01-27 17:14:11,7.12
2026-01-27 17:14:12,7.12
2026-01-27 17:14:13,7.12
2026-01-27 17:14:14,6.48
2026-01-27 17:14:15,6.48
2026-01-27 17:14:16,6.48
2026-01-27 17:14:17,6.48
2026-01-27 17:14:18,6.48
2026-01-27 17:14:19,7.45
2026-01-27 17:14:20,7.45
2026-01-27 17:14:21,7.45
2026-01-27 17:14:22,7.45
2026-01-27 17:14:23,7.45
2026-01-27 17:14:24,8.65
2026-01-27 17:14:25,8.65
2026-01-27 17:14:26,8.65
2026-01-27 17:14:27,8.65
2026-01-27 17:14:28,8.65
2026-01-27 17:14:29,8.62
2026-01-27 17:14:30,8.62
2026-01-27 17:14:31,8.62
2026-01-27 17:14:32,8.62
2026-01-27 17:14:33,8.62
2026-01-27 17:14:34,9.35
2026-01-27 17:14:35,9.35
2026-01-27 17:14:36,9.35
2026-01-27 17:14:37,9.35
2026-01-27 17:14:38,9.35
2026-01-27 17:14:39,8.33
2026-01-27 17:14:40,8.33
2026-01-27 17:14:41,8.33
2026-01-27 17:14:42,8.33
2026-01-27 17:14:43,8.33
2026-01-27 17:14:44,8.64
2026-01-27 17:14:45,8.64
2026-01-27 17:14:46,8.64
2026-01-27 17:14:47,8.64
2026-01-27 17:14:48,8.64
2026-01-27 17:14:49,7.96
2026-01-27 17:14:50,7.96
2026-01-27 17:14:51,7.96
2026-01-27 17:14:52,7.96
2026-01-27 17:14:53,7.96
2026-01-27 17:14:54,8.42
2026-01-27 17:14:55,8.42
2026-01-27 17:14:56,8.42
2026-01-27 17:14:57,8.42
2026-01-27 17:14:58,8.42
2026-01-27 17:14:59,7.89
2026-01-27 17:15:00,7.89
2026-01-27 17:15:01,7.89
2026-01-27 17:15:02,7.89
2026-01-27 17:15:03,7.89
2026-01-27 17:15:04,8.47
2026-01-27 17:15:05,8.47
2026-01-27 17:15:06,8.47
2026-01-27 17:15:07,8.47
2026-01-27 17:15:08,8.47
2026-01-27 17:15:09,7.96
2026-01-27 17:15:10,7.96
2026-01-27 17:15:11,7.96
2026-01-27 17:15:12,7.96
2026-01-27 17:15:13,7.96
2026-01-27 17:15:14,9.01
2026-01-27 17:15:15,9.01
2026-01-27 17:15:16,9.01
2026-01-27 17:15:17,9.01
2026-01-27 17:15:18,9.01
2026-01-27 17:15:19,0
2026-01-27 17:15:20,0
2026-01-27 17:15:21,0
2026-01-27 17:15:22,0
2026-01-27 17:15:23,0
2026-01-27 17:15:24,0
2026-01-27 17:15:25,0
2026-01-27 17:15:26,0
2026-01-27 17:15:27,0
2026-01-27 17:15:28,0
2026-01-27 17:15:29,0
2026-01-27 17:15:30,0
2026-01-27 17:15:31,0
2026-01-27 17:15:32,0
2026-01-27 17:15:33,0
2026-01-27 17:15:34,0
2026-01-27 17:15:35,0
2026-01-27 17:15:36,0
2026-01-27 17:15:37,0
2026-01-27 17:15:38,0
2026-01-27 17:15:39,0
2026-01-27 17:15:40,0
2026-01-27 17:15:41,0
2026-01-27 17:15:42,0
2026-01-27 17:15:43,0
2026-01-27 17:15:44,0
2026-01-27 17:15:45,0
2026-01-27 17:15:46,0
2026-01-27 17:15:47,0
2026-01-27 17:15:48,0
2026-01-27 17:15:49,0
2026-01-27 17:15:50,0
2026-01-27 17:15:51,0
2026-01-27 17:15:52,0
2026-01-27 17:15:53,0
2026-01-27 17:15:54,0
2026-01-27 17:15:55,0
2026-01-27 17:15:56,0
2026-01-27 17:15:57,0
2026-01-27 17:15:58,0
2026-01-27 17:15:59,0
2026-01-27 17:16:00,0
2026-01-27 17:16:01,0
2026-01-27 17:16:02,0
2026-01-27 17:16:03,0
2026-01-27 17:16:04,0
2026-01-27 17:16:05,0
2026-01-27 17:16:06,0
2026-01-27 17:16:07,0
2026-01-27 17:16:08,0
2026-01-27 17:16:09,0
2026-01-27 17:16:10,0
2026-01-27 17:16:11,0
2026-01-27 17:16:12,0
2026-01-27 17:16:13,0
2026-01-27 17:16:14,0
2026-01-27 17:16:15,0
2026-01-27 17:16:16,0
2026-01-27 17:16:17,0
2026-01-27 17:16:18,0
2026-01-27 17:16:19,0
2026-01-27 17:16:20,0
2026-01-27 17:16:21,0
2026-01-27 17:16:22,0
2026-01-27 17:16:23,0
2026-01-27 17:16:24,0
2026-01-27 17:16:25,0
2026-01-27 17:16:26,0
2026-01-27 17:16:27,0
2026-01-27 17:16:28,0
2026-01-27 17:16:29,0
2026-01-27 17:16:30,0
2026-01-27 17:16:31,0
2026-01-27 17:16:32,0
2026-01-27 17:16:33,0
2026-01-27 17:16:34,0
2026-01-27 17:16:35,0
2026-01-27 17:16:36,0
2026-01-27 17:16:37,0
2026-01-27 17:16:38,0
2026-01-27 17:16:39,0
2026-01-27 17:16:40,0
2026-01-27 17:16:41,0
2026-01-27 17:16:42,0
2026-01-27 17:16:43,0
2026-01-27 17:16:44,0
2026-01-27 17:16:45,0
2026-01-27 17:16:46,0
2026-01-27 17:16:47,0
2026-01-27 17:16:48,0
2026-01-27 17:16:49,0
2026-01-27 17:16:50,0
2026-01-27 17:16:51,0
2026-01-27 17:16:52,0
2026-01-27 17:16:53,0
2026-01-27 17:21:54,1.04
2026-01-27 17:21:55,1.04
2026-01-27 17:21:56,1.04
2026-01-27 17:21:57,1.04
2026-01-27 17:21:58,1.04
2026-01-27 17:21:59,4.38
2026-01-27 17:22:00,4.38
2026-01-27 17:22:01,4.38
2026-01-27 17:22:02,4.38
2026-01-27 17:22:03,4.38
2026-01-27 17:22:04,6.58
2026-01-27 17:22:05,6.58
2026-01-27 17:22:06,6.58
2026-01-27 17:22:07,6.58
2026-01-27 17:22:08,6.58
2026-01-27 17:22:09,6.61
2026-01-27 17:22:10,6.61
2026-01-27 17:22:11,6.61
2026-01-27 17:22:12,6.61
2026-01-27 17:22:13,6.61
2026-01-27 17:22:14,5.82
2026-01-27 17:22:15,5.82
2026-01-27 17:22:16,5.82
2026-01-27 17:22:17,5.82
2026-01-27 17:22:18,5.82
2026-01-27 17:22:19,4.59
2026-01-27 17:22:20,4.59
2026-01-27 17:22:21,4.59
2026-01-27 17:22:22,4.59
2026-01-27 17:22:23,4.59
2026-01-27 17:22:24,5.28
2026-01-27 17:22:25,5.28
2026-01-27 17:22:26,5.28
2026-01-27 17:22:27,5.28
2026-01-27 17:22:28,5.28
2026-01-27 17:22:29,4.67
2026-01-27 17:22:30,4.67
2026-01-27 17:22:31,4.67
2026-01-27 17:22:32,4.67
2026-01-27 17:22:33,4.67
2026-01-27 17:22:34,5.45
2026-01-27 17:22:35,5.45
2026-01-27 17:22:36,5.45
2026-01-27 17:22:37,5.45
2026-01-27 17:22:38,5.45
2026-01-27 17:22:39,4.66
2026-01-27 17:22:40,4.66
2026-01-27 17:22:41,4.66
2026-01-27 17:22:42,4.66
2026-01-27 17:22:43,4.66
2026-01-27 17:22:44,5.21
2026-01-27 17:22:45,5.21
2026-01-27 17:22:46,5.21
2026-01-27 17:22:47,5.21
2026-01-27 17:22:48,5.21
2026-01-27 17:22:49,4.82
2026-01-27 17:22:50,4.82
2026-01-27 17:22:51,4.82
2026-01-27 17:22:52,4.82
2026-01-27 17:22:53,4.82
2026-01-27 17:22:54,5.04
2026-01-27 17:22:55,5.04
2026-01-27 17:22:56,5.04
2026-01-27 17:22:57,5.04
2026-01-27 17:22:58,5.04
2026-01-27 17:22:59,5.34
2026-01-27 17:23:00,5.34
2026-01-27 17:23:01,5.34
2026-01-27 17:23:02,5.34
2026-01-27 17:23:03,5.34
2026-01-27 17:23:04,6.53
2026-01-27 17:23:05,6.53
2026-01-27 17:23:06,6.53
2026-01-27 17:23:07,6.53
2026-01-27 17:23:08,6.53
2026-01-27 17:23:09,6.02
2026-01-27 17:23:10,6.02
2026-01-27 17:23:11,6.02
2026-01-27 17:23:12,6.02
2026-01-27 17:23:13,6.02
2026-01-27 17:23:14,7.17
2026-01-27 17:23:15,7.17
2026-01-27 17:23:16,7.17
2026-01-27 17:23:17,7.17
2026-01-27 17:23:18,7.17
2026-01-27 17:23:19,5.49
2026-01-27 17:23:20,5.49
2026-01-27 17:23:21,5.49
2026-01-27 17:23:22,5.49
2026-01-27 17:23:23,5.49
2026-01-27 17:23:24,5.31
2026-01-27 17:23:25,5.31
2026-01-27 17:23:26,5.31
2026-01-27 17:23:27,5.31
2026-01-27 17:23:28,5.31
2026-01-27 17:23:29,4.71
2026-01-27 17:23:30,4.71
2026-01-27 17:23:31,4.71
2026-01-27 17:23:32,4.71
2026-01-27 17:23:33,4.71
2026-01-27 17:23:34,5.37
2026-01-27 17:23:35,5.37
2026-01-27 17:23:36,5.37
2026-01-27 17:23:37,5.37
2026-01-27 17:23:38,5.37
2026-01-27 17:23:39,4.67
2026-01-27 17:23:40,4.67
2026-01-27 17:23:41,4.67
2026-01-27 17:23:42,4.67
2026-01-27 17:23:43,4.67
2026-01-27 17:23:44,5.02
2026-01-27 17:23:45,5.02
2026-01-27 17:23:46,5.02
2026-01-27 17:23:47,5.02
2026-01-27 17:23:48,5.02
2026-01-27 17:23:49,4.66
2026-01-27 17:23:50,4.66
2026-01-27 17:23:51,4.66
2026-01-27 17:23:52,4.66
2026-01-27 17:23:53,4.66
2026-01-27 17:23:54,0
2026-01-27 17:23:55,0
2026-01-27 17:23:56,0
2026-01-27 17:23:57,0
2026-01-27 17:23:58,0
2026-01-27 17:23:59,0
2026-01-27 17:24:00,0
2026-01-27 17:24:01,0
2026-01-27 17:24:02,0
2026-01-27 17:24:03,0
2026-01-27 17:24:04,0
2026-01-27 17:24:05,0
2026-01-27 17:24:06,0
2026-01-27 17:24:07,0
2026-01-27 17:24:08,0
2026-01-27 17:24:09,0
2026-01-27 17:24:10,0
2026-01-27 17:24:11,0
2026-01-27 17:24:12,0
2026-01-27 17:24:13,0
2026-01-27 17:24:14,0
2026-01-27 17:24:15,0
2026-01-27 17:24:16,0
2026-01-27 17:24:17,0
2026-01-27 17:24:18,0
2026-01-27 17:24:19,0
2026-01-27 17:24:20,0
2026-01-27 17:24:21,0
2026-01-27 17:24:22,0
2026-01-27 17:24:23,0
2026-01-27 17:24:24,0
2026-01-27 17:24:25,0
2026-01-27 17:24:26,0
2026-01-27 17:24:27,0
2026-01-27 17:24:28,0
2026-01-27 17:24:29,0
2026-01-27 17:24:30,0
2026-01-27 17:24:31,0
2026-01-27 17:24:32,0
2026-01-27 17:24:33,0
2026-01-27 17:24:34,0
2026-01-27 17:24:35,0
2026-01-27 17:24:36,0
2026-01-27 17:24:37,0
2026-01-27 17:24:38,0
2026-01-27 17:24:39,0
2026-01-27 17:24:40,0
2026-01-27 17:24:41,0
2026-01-27 17:24:42,0
2026-01-27 17:24:43,0
2026-01-27 17:24:44,0
2026-01-27 17:24:45,0
2026-01-27 17:24:46,0
2026-01-27 17:24:47,0
2026-01-27 17:24:48,0
2026-01-27 17:24:49,0
2026-01-27 17:24:50,0
2026-01-27 17:24:51,0
2026-01-27 17:24:52,0
2026-01-27 17:24:53,0
2026-01-27 17:24:54,0
2026-01-27 17:24:55,0
2026-01-27 17:24:56,0
2026-01-27 17:24:57,0
2026-01-27 17:24:58,0
2026-01-27 17:24:59,0
2026-01-27 17:25:00,0
2026-01-27 17:25:01,0
2026-01-27 17:25:02,0
2026-01-27 17:25:03,0
2026-01-27 17:25:04,0
2026-01-27 17:25:05,0
2026-01-27 17:25:06,0
2026-01-27 17:25:07,0
2026-01-27 17:25:08,0
2026-01-27 17:25:09,0
2026-01-27 17:25:10,0
2026-01-27 17:25:11,0
2026-01-27 17:25:12,0
2026-01-27 17:25:13,0
2026-01-27 17:25:14,0
2026-01-27 17:25:15,0
2026-01-27 17:25:16,0
2026-01-27 17:25:17,0
2026-01-27 17:25:18,0
2026-01-27 17:25:19,0
2026-01-27 17:25:20,0
2026-01-27 17:25:21,0
2026-01-27 17:25:22,0
2026-01-27 17:25:23,0
2026-01-27 17:25:24,0
2026-01-27 17:25:25,0
2026-01-27 17:25:26,0
2026-01-27 17:25:27,0
2026-01-27 17:25:28,0
2026-01-27 17:30:39,3.99
2026-01-27 17:30:40,3.99
2026-01-27 17:30:41,3.99
2026-01-27 17:30:42,3.99
2026-01-27 17:30:43,3.99
2026-01-27 17:30:44,6.62
2026-01-27 17:30:45,6.62
2026-01-27 17:30:46,6.62
2026-01-27 17:30:47,6.62
2026-01-27 17:30:48,6.62
2026-01-27 17:30:49,6.18
2026-01-27 17:30:50,6.18
2026-01-27 17:30:51,6.18
2026-01-27 17:30:52,6.18
2026-01-27 17:30:53,6.18
2026-01-27 17:30:54,6.98
2026-01-27 17:30:55,6.98
2026-01-27 17:30:56,6.98
2026-01-27 17:30:57,6.98
2026-01-27 17:30:58,6.98
2026-01-27 17:30:59,5.77
2026-01-27 17:31:00,5.77
2026-01-27 17:31:01,5.77
2026-01-27 17:31:02,5.77
2026-01-27 17:31:03,5.77
2026-01-27 17:31:04,6.41
2026-01-27 17:31:05,6.41
2026-01-27 17:31:06,6.41
2026-01-27 17:31:07,6.41
2026-01-27 17:31:08,6.41
2026-01-27 17:31:09,5.78
2026-01-27 17:31:10,5.78
2026-01-27 17:31:11,5.78
2026-01-27 17:31:12,5.78
2026-01-27 17:31:13,5.78
2026-01-27 17:31:14,5.00
2026-01-27 17:31:15,5.00
2026-01-27 17:31:16,5.00
2026-01-27 17:31:17,5.00
2026-01-27 17:31:18,5.00
2026-01-27 17:31:19,4.70
2026-01-27 17:31:20,4.70
2026-01-27 17:31:21,4.70
2026-01-27 17:31:22,4.70
2026-01-27 17:31:23,4.70
2026-01-27 17:31:24,5.32
2026-01-27 17:31:25,5.32
2026-01-27 17:31:26,5.32
2026-01-27 17:31:27,5.32
2026-01-27 17:31:28,5.32
2026-01-27 17:31:29,5.36
2026-01-27 17:31:30,5.36
2026-01-27 17:31:31,5.36
2026-01-27 17:31:32,5.36
2026-01-27 17:31:33,5.36
2026-01-27 17:31:34,7.18
2026-01-27 17:31:35,7.18
2026-01-27 17:31:36,7.18
2026-01-27 17:31:37,7.18
2026-01-27 17:31:38,7.18
2026-01-27 17:31:39,5.97
2026-01-27 17:31:40,5.97
2026-01-27 17:31:41,5.97
2026-01-27 17:31:42,5.97
2026-01-27 17:31:43,5.97
2026-01-27 17:31:44,6.28
2026-01-27 17:31:45,6.28
2026-01-27 17:31:46,6.28
2026-01-27 17:31:47,6.28
2026-01-27 17:31:48,6.28
2026-01-27 17:31:49,5.80
2026-01-27 17:31:50,5.80
2026-01-27 17:31:51,5.80
2026-01-27 17:31:52,5.80
2026-01-27 17:31:53,5.80
2026-01-27 17:31:54,6.68
2026-01-27 17:31:55,6.68
2026-01-27 17:31:56,6.68
2026-01-27 17:31:57,6.68
2026-01-27 17:31:58,6.68
2026-01-27 17:31:59,6.47
2026-01-27 17:32:00,6.47
2026-01-27 17:32:01,6.47
2026-01-27 17:32:02,6.47
2026-01-27 17:32:03,6.47
2026-01-27 17:32:04,6.55
2026-01-27 17:32:05,6.55
2026-01-27 17:32:06,6.55
2026-01-27 17:32:07,6.55
2026-01-27 17:32:08,6.55
2026-01-27 17:32:09,5.76
2026-01-27 17:32:10,5.76
2026-01-27 17:32:11,5.76
2026-01-27 17:32:12,5.76
2026-01-27 17:32:13,5.76
2026-01-27 17:32:14,5.67
2026-01-27 17:32:15,5.67
2026-01-27 17:32:16,5.67
2026-01-27 17:32:17,5.67
2026-01-27 17:32:18,5.67
2026-01-27 17:32:19,5.82
2026-01-27 17:32:20,5.82
2026-01-27 17:32:21,5.82
2026-01-27 17:32:22,5.82
2026-01-27 17:32:23,5.82
2026-01-27 17:32:24,6.26
2026-01-27 17:32:25,6.26
2026-01-27 17:32:26,6.26
2026-01-27 17:32:27,6.26
2026-01-27 17:32:28,6.26
2026-01-27 17:32:29,6.07
2026-01-27 17:32:30,6.07
2026-01-27 17:32:31,6.07
2026-01-27 17:32:32,6.07
2026-01-27 17:32:33,6.07
2026-01-27 17:32:34,0
2026-01-27 17:32:35,0
2026-01-27 17:32:36,0
2026-01-27 17:32:37,0
2026-01-27 17:32:38,0
2026-01-27 17:32:39,0
2026-01-27 17:32:40,0
2026-01-27 17:32:41,0
2026-01-27 17:32:42,0
2026-01-27 17:32:43,0
2026-01-27 17:32:44,0
2026-01-27 17:32:45,0
2026-01-27 17:32:46,0
2026-01-27 17:32:47,0
2026-01-27 17:32:48,0
2026-01-27 17:32:49,0
2026-01-27 17:32:50,0
2026-01-27 17:32:51,0
2026-01-27 17:32:52,0
2026-01-27 17:32:53,0
2026-01-27 17:32:54,0
2026-01-27 17:32:55,0
2026-01-27 17:32:56,0
2026-01-27 17:32:57,0
2026-01-27 17:32:58,0
2026-01-27 17:32:59,0
2026-01-27 17:33:00,0
2026-01-27 17:33:01,0
2026-01-27 17:33:02,0
2026-01-27 17:33:03,0
2026-01-27 17:33:04,0
2026-01-27 17:33:05,0
2026-01-27 17:33:06,0
2026-01-27 17:33:07,0
2026-01-27 17:33:08,0
2026-01-27 17:33:09,0
2026-01-27 17:33:10,0
2026-01-27 17:33:11,0
2026-01-27 17:33:12,0
2026-01-27 17:33:13,0
2026-01-27 17:33:14,0
2026-01-27 17:33:15,0
2026-01-27 17:33:16,0
2026-01-27 17:33:17,0
2026-01-27 17:33:18,0
2026-01-27 17:33:19,0
2026-01-27 17:33:20,0
2026-01-27 17:33:21,0
2026-01-27 17:33:22,0
2026-01-27 17:33:23,0
2026-01-27 17:33:24,0
2026-01-27 17:33:25,0
2026-01-27 17:33:26,0
2026-01-27 17:33:27,0
2026-01-27 17:33:28,0
2026-01-27 17:33:29,0
2026-01-27 17:33:30,0
2026-01-27 17:33:31,0
2026-01-27 17:33:32,0
2026-01-27 17:33:33,0
2026-01-27 17:33:34,0
2026-01-27 17:33:35,0
2026-01-27 17:33:36,0
2026-01-27 17:33:37,0
2026-01-27 17:33:38,0
2026-01-27 17:33:39,0
2026-01-27 17:33:40,0
2026-01-27 17:33:41,0
2026-01-27 17:33:42,0
2026-01-27 17:33:43,0
2026-01-27 17:33:44,0
2026-01-27 17:33:45,0
2026-01-27 17:33:46,0
2026-01-27 17:33:47,0
2026-01-27 17:33:48,0
2026-01-27 17:33:49,0
2026-01-27 17:33:50,0
2026-01-27 17:33:51,0
2026-01-27 17:33:52,0
2026-01-27 17:33:53,0
2026-01-27 17:33:54,0
2026-01-27 17:33:55,0
2026-01-27 17:33:56,0
2026-01-27 17:33:57,0
2026-01-27 17:33:58,0
2026-01-27 17:33:59,0
2026-01-27 17:34:00,0
2026-01-27 17:34:01,0
2026-01-27 17:34:02,0
2026-01-27 17:34:03,0
2026-01-27 17:34:04,0
2026-01-27 17:34:05,0
2026-01-27 17:34:06,0
2026-01-27 17:34:07,0
2026-01-27 17:34:08,0
2026-01-27 17:39:14,8.20
2026-01-27 17:39:15,8.20
2026-01-27 17:39:16,8.20
2026-01-27 17:39:17,8.20
2026-01-27 17:39:18,8.20
2026-01-27 17:39:19,8.72
2026-01-27 17:39:20,8.72
2026-01-27 17:39:21,8.72
2026-01-27 17:39:22,8.72
2026-01-27 17:39:23,8.72
2026-01-27 17:39:24,7.82
2026-01-27 17:39:25,7.82
2026-01-27 17:39:26,7.82
2026-01-27 17:39:27,7.82
2026-01-27 17:39:28,7.82
2026-01-27 17:39:29,7.19
2026-01-27 17:39:30,7.19
2026-01-27 17:39:31,7.19
2026-01-27 17:39:32,7.19
2026-01-27 17:39:33,7.19
2026-01-27 17:39:34,8.31
2026-01-27 17:39:35,8.31
2026-01-27 17:39:36,8.31
2026-01-27 17:39:37,8.31
2026-01-27 17:39:38,8.31
2026-01-27 17:39:39,7.14
2026-01-27 17:39:40,7.14
2026-01-27 17:39:41,7.14
2026-01-27 17:39:42,7.14
2026-01-27 17:39:43,7.14
2026-01-27 17:39:44,7.47
2026-01-27 17:39:45,7.47
2026-01-27 17:39:46,7.47
2026-01-27 17:39:47,7.47
2026-01-27 17:39:48,7.47
2026-01-27 17:39:49,6.81
2026-01-27 17:39:50,6.81
2026-01-27 17:39:51,6.81
2026-01-27 17:39:52,6.81
2026-01-27 17:39:53,6.81
2026-01-27 17:39:54,8.57
2026-01-27 17:39:55,8.57
2026-01-27 17:39:56,8.57
2026-01-27 17:39:57,8.57
2026-01-27 17:39:58,8.57
2026-01-27 17:39:59,7.15
2026-01-27 17:40:00,7.15
2026-01-27 17:40:01,7.15
2026-01-27 17:40:02,7.15
2026-01-27 17:40:03,7.15
2026-01-27 17:40:04,6.84
2026-01-27 17:40:05,6.84
2026-01-27 17:40:06,6.84
2026-01-27 17:40:07,6.84
2026-01-27 17:40:08,6.84
2026-01-27 17:40:09,6.24
2026-01-27 17:40:10,6.24
2026-01-27 17:40:11,6.24
2026-01-27 17:40:12,6.24
2026-01-27 17:40:13,6.24
2026-01-27 17:40:14,5.84
2026-01-27 17:40:15,5.84
2026-01-27 17:40:16,5.84
2026-01-27 17:40:17,5.84
2026-01-27 17:40:18,5.84
2026-01-27 17:40:19,5.86
2026-01-27 17:40:20,5.86
2026-01-27 17:40:21,5.86
2026-01-27 17:40:22,5.86
2026-01-27 17:40:23,5.86
2026-01-27 17:40:24,6.30
2026-01-27 17:40:25,6.30
2026-01-27 17:40:26,6.30
2026-01-27 17:40:27,6.30
2026-01-27 17:40:28,6.30
2026-01-27 17:40:29,5.86
2026-01-27 17:40:30,5.86
2026-01-27 17:40:31,5.86
2026-01-27 17:40:32,5.86
2026-01-27 17:40:33,5.86
2026-01-27 17:40:34,6.80
2026-01-27 17:40:35,6.80
2026-01-27 17:40:36,6.80
2026-01-27 17:40:37,6.80
2026-01-27 17:40:38,6.80
2026-01-27 17:40:39,6.44
2026-01-27 17:40:40,6.44
2026-01-27 17:40:41,6.44
2026-01-27 17:40:42,6.44
2026-01-27 17:40:43,6.44
2026-01-27 17:40:44,6.64
2026-01-27 17:40:45,6.64
2026-01-27 17:40:46,6.64
2026-01-27 17:40:47,6.64
2026-01-27 17:40:48,6.64
2026-01-27 17:40:49,5.78
2026-01-27 17:40:50,5.78
2026-01-27 17:40:51,5.78
2026-01-27 17:40:52,5.78
2026-01-27 17:40:53,5.78
2026-01-27 17:40:54,6.33
2026-01-27 17:40:55,6.33
2026-01-27 17:40:56,6.33
2026-01-27 17:40:57,6.33
2026-01-27 17:40:58,6.33
2026-01-27 17:40:59,5.87
2026-01-27 17:41:00,5.87
2026-01-27 17:41:01,5.87
2026-01-27 17:41:02,5.87
2026-01-27 17:41:03,5.87
2026-01-27 17:41:04,6.30
2026-01-27 17:41:05,6.30
2026-01-27 17:41:06,6.30
2026-01-27 17:41:07,6.30
2026-01-27 17:41:08,6.30
2026-01-27 17:41:09,0
2026-01-27 17:41:10,0
2026-01-27 17:41:11,0
2026-01-27 17:41:12,0
2026-01-27 17:41:13,0
2026-01-27 17:41:14,0
2026-01-27 17:41:15,0
2026-01-27 17:41:16,0
2026-01-27 17:41:17,0
2026-01-27 17:41:18,0
2026-01-27 17:41:19,0
2026-01-27 17:41:20,0
2026-01-27 17:41:21,0
2026-01-27 17:41:22,0
2026-01-27 17:41:23,0
2026-01-27 17:41:24,0
2026-01-27 17:41:25,0
2026-01-27 17:41:26,0
2026-01-27 17:41:27,0
2026-01-27 17:41:28,0
2026-01-27 17:41:29,0
2026-01-27 17:41:30,0
2026-01-27 17:41:31,0
2026-01-27 17:41:32,0
2026-01-27 17:41:33,0
2026-01-27 17:41:34,0
2026-01-27 17:41:35,0
2026-01-27 17:41:36,0
2026-01-27 17:41:37,0
2026-01-27 17:41:38,0
2026-01-27 17:41:39,0
2026-01-27 17:41:40,0
2026-01-27 17:41:41,0
2026-01-27 17:41:42,0
2026-01-27 17:41:43,0
2026-01-27 17:41:44,0
2026-01-27 17:41:45,0
2026-01-27 17:41:46,0
2026-01-27 17:41:47,0
2026-01-27 17:41:48,0
2026-01-27 17:41:49,0
2026-01-27 17:41:50,0
2026-01-27 17:41:51,0
2026-01-27 17:41:52,0
2026-01-27 17:41:53,0
2026-01-27 17:41:54,0
2026-01-27 17:41:55,0
2026-01-27 17:41:56,0
2026-01-27 17:41:57,0
2026-01-27 17:41:58,0
2026-01-27 17:41:59,0
2026-01-27 17:42:00,0
2026-01-27 17:42:01,0
2026-01-27 17:42:02,0
2026-01-27 17:42:03,0
2026-01-27 17:42:04,0
2026-01-27 17:42:05,0
2026-01-27 17:42:06,0
2026-01-27 17:42:07,0
2026-01-27 17:42:08,0
2026-01-27 17:42:09,0
2026-01-27 17:42:10,0
2026-01-27 17:42:11,0
2026-01-27 17:42:12,0
2026-01-27 17:42:13,0
2026-01-27 17:42:14,0
2026-01-27 17:42:15,0
2026-01-27 17:42:16,0
2026-01-27 17:42:17,0
2026-01-27 17:42:18,0
2026-01-27 17:42:19,0
2026-01-27 17:42:20,0
2026-01-27 17:42:21,0
2026-01-27 17:42:22,0
2026-01-27 17:42:23,0
2026-01-27 17:42:24,0
2026-01-27 17:42:25,0
2026-01-27 17:42:26,0
2026-01-27 17:42:27,0
2026-01-27 17:42:28,0
2026-01-27 17:42:29,0
2026-01-27 17:42:30,0
2026-01-27 17:42:31,0
2026-01-27 17:42:32,0
2026-01-27 17:42:33,0
2026-01-27 17:42:34,0
2026-01-27 17:42:35,0
2026-01-27 17:42:36,0
2026-01-27 17:42:37,0
2026-01-27 17:42:38,0
2026-01-27 17:42:39,0
2026-01-27 17:42:40,0
2026-01-27 17:42:41,0
2026-01-27 17:42:42,0
2026-01-27 17:42:43,0
2026-01-27 17:47:49,2.83
2026-01-27 17:47:50,2.83
2026-01-27 17:47:51,2.83
2026-01-27 17:47:52,2.83
2026-01-27 17:47:53,2.83
2026-01-27 17:47:54,8.19
2026-01-27 17:47:55,8.19
2026-01-27 17:47:56,8.19
2026-01-27 17:47:57,8.19
2026-01-27 17:47:58,8.19
2026-01-27 17:47:59,8.20
2026-01-27 17:48:00,8.20
2026-01-27 17:48:01,8.20
2026-01-27 17:48:02,8.20
2026-01-27 17:48:03,8.20
2026-01-27 17:48:04,8.94
2026-01-27 17:48:05,8.94
2026-01-27 17:48:06,8.94
2026-01-27 17:48:07,8.94
2026-01-27 17:48:08,8.94
2026-01-27 17:48:09,8.21
2026-01-27 17:48:10,8.21
2026-01-27 17:48:11,8.21
2026-01-27 17:48:12,8.21
2026-01-27 17:48:13,8.21
2026-01-27 17:48:14,9.42
2026-01-27 17:48:15,9.42
2026-01-27 17:48:16,9.42
2026-01-27 17:48:17,9.42
2026-01-27 17:48:18,9.42
2026-01-27 17:48:19,8.18
2026-01-27 17:48:20,8.18
2026-01-27 17:48:21,8.18
2026-01-27 17:48:22,8.18
2026-01-27 17:48:23,8.18
2026-01-27 17:48:24,7.55
2026-01-27 17:48:25,7.55
2026-01-27 17:48:26,7.55
2026-01-27 17:48:27,7.55
2026-01-27 17:48:28,7.55
2026-01-27 17:48:29,6.99
2026-01-27 17:48:30,6.99
2026-01-27 17:48:31,6.99
2026-01-27 17:48:32,6.99
2026-01-27 17:48:33,6.99
2026-01-27 17:48:34,7.68
2026-01-27 17:48:35,7.68
2026-01-27 17:48:36,7.68
2026-01-27 17:48:37,7.68
2026-01-27 17:48:38,7.68
2026-01-27 17:48:39,8.19
2026-01-27 17:48:40,8.19
2026-01-27 17:48:41,8.19
2026-01-27 17:48:42,8.19
2026-01-27 17:48:43,8.19
2026-01-27 17:48:44,8.75
2026-01-27 17:48:45,8.75
2026-01-27 17:48:46,8.75
2026-01-27 17:48:47,8.75
2026-01-27 17:48:48,8.75
2026-01-27 17:48:49,8.12
2026-01-27 17:48:50,8.12
2026-01-27 17:48:51,8.12
2026-01-27 17:48:52,8.12
2026-01-27 17:48:53,8.12
2026-01-27 17:48:54,10.4
2026-01-27 17:48:55,10.4
2026-01-27 17:48:56,10.4
2026-01-27 17:48:57,10.4
2026-01-27 17:48:58,10.4
2026-01-27 17:48:59,10.6
2026-01-27 17:49:00,10.6
2026-01-27 17:49:01,10.6
2026-01-27 17:49:02,10.6
2026-01-27 17:49:03,10.6
2026-01-27 17:49:04,10.1
2026-01-27 17:49:05,10.1
2026-01-27 17:49:06,10.1
2026-01-27 17:49:07,10.1
2026-01-27 17:49:08,10.1
2026-01-27 17:49:09,8.11
2026-01-27 17:49:10,8.11
2026-01-27 17:49:11,8.11
2026-01-27 17:49:12,8.11
2026-01-27 17:49:13,8.11
2026-01-27 17:49:14,8.28
2026-01-27 17:49:15,8.28
2026-01-27 17:49:16,8.28
2026-01-27 17:49:17,8.28
2026-01-27 17:49:18,8.28
2026-01-27 17:49:19,8.78
2026-01-27 17:49:20,8.78
2026-01-27 17:49:21,8.78
2026-01-27 17:49:22,8.78
2026-01-27 17:49:23,8.78
2026-01-27 17:49:24,9.08
2026-01-27 17:49:25,9.08
2026-01-27 17:49:26,9.08
2026-01-27 17:49:27,9.08
2026-01-27 17:49:28,9.08
2026-01-27 17:49:29,9.29
2026-01-27 17:49:30,9.29
2026-01-27 17:49:31,9.29
2026-01-27 17:49:32,9.29
2026-01-27 17:49:33,9.29
2026-01-27 17:49:34,8.64
2026-01-27 17:49:35,8.64
2026-01-27 17:49:36,8.64
2026-01-27 17:49:37,8.64
2026-01-27 17:49:38,8.64
2026-01-27 17:49:39,7.08
2026-01-27 17:49:40,7.08
2026-01-27 17:49:41,7.08
2026-01-27 17:49:42,7.08
2026-01-27 17:49:43,7.08
2026-01-27 17:49:44,7.33
2026-01-27 17:49:45,7.33
2026-01-27 17:49:46,7.33
2026-01-27 17:49:47,7.33
2026-01-27 17:49:48,7.33
2026-01-27 17:49:49,0
2026-01-27 17:49:50,0
2026-01-27 17:49:51,0
2026-01-27 17:49:52,0
2026-01-27 17:49:53,0
2026-01-27 17:49:54,0
2026-01-27 17:49:55,0
2026-01-27 17:49:56,0
2026-01-27 17:49:57,0
2026-01-27 17:49:58,0
2026-01-27 17:49:59,0
2026-01-27 17:50:00,0
2026-01-27 17:50:01,0
2026-01-27 17:50:02,0
2026-01-27 17:50:03,0
2026-01-27 17:50:04,0
2026-01-27 17:50:05,0
2026-01-27 17:50:06,0
2026-01-27 17:50:07,0
2026-01-27 17:50:08,0
2026-01-27 17:50:09,0
2026-01-27 17:50:10,0
2026-01-27 17:50:11,0
2026-01-27 17:50:12,0
2026-01-27 17:50:13,0
2026-01-27 17:50:14,0
2026-01-27 17:50:15,0
2026-01-27 17:50:16,0
2026-01-27 17:50:17,0
2026-01-27 17:50:18,0
2026-01-27 17:50:19,0
2026-01-27 17:50:20,0
2026-01-27 17:50:21,0
2026-01-27 17:50:22,0
2026-01-27 17:50:23,0
2026-01-27 17:50:24,0
2026-01-27 17:50:25,0
2026-01-27 17:50:26,0
2026-01-27 17:50:27,0
2026-01-27 17:50:28,0
2026-01-27 17:50:29,0
2026-01-27 17:50:30,0
2026-01-27 17:50:31,0
2026-01-27 17:50:32,0
2026-01-27 17:50:33,0
2026-01-27 17:50:34,0
2026-01-27 17:50:35,0
2026-01-27 17:50:36,0
2026-01-27 17:50:37,0
2026-01-27 17:50:38,0
2026-01-27 17:50:39,0
2026-01-27 17:50:40,0
2026-01-27 17:50:41,0
2026-01-27 17:50:42,0
2026-01-27 17:50:43,0
2026-01-27 17:50:44,0
2026-01-27 17:50:45,0
2026-01-27 17:50:46,0
2026-01-27 17:50:47,0
2026-01-27 17:50:48,0
2026-01-27 17:50:49,0
2026-01-27 17:50:50,0
2026-01-27 17:50:51,0
2026-01-27 17:50:52,0
2026-01-27 17:50:53,0
2026-01-27 17:50:54,0
2026-01-27 17:50:55,0
2026-01-27 17:50:56,0
2026-01-27 17:50:57,0
2026-01-27 17:50:58,0
2026-01-27 17:50:59,0
2026-01-27 17:51:00,0
2026-01-27 17:51:01,0
2026-01-27 17:51:02,0
2026-01-27 17:51:03,0
2026-01-27 17:51:04,0
2026-01-27 17:51:05,0
2026-01-27 17:51:06,0
2026-01-27 17:51:07,0
2026-01-27 17:51:08,0
2026-01-27 17:51:09,0
2026-01-27 17:51:10,0
2026-01-27 17:51:11,0
2026-01-27 17:51:12,0
2026-01-27 17:51:13,0
2026-01-27 17:51:14,0
2026-01-27 17:51:15,0
2026-01-27 17:51:16,0
2026-01-27 17:51:17,0
2026-01-27 17:51:18,0
2026-01-27 17:51:19,0
2026-01-27 17:51:20,0
2026-01-27 17:51:21,0
2026-01-27 17:51:22,0
2026-01-27 17:51:23,0
2026-01-27 17:56:24,1.42
2026-01-27 17:56:25,1.42
2026-01-27 17:56:26,1.42
2026-01-27 17:56:27,1.42
2026-01-27 17:56:28,1.42
2026-01-27 17:56:29,7.61
2026-01-27 17:56:30,7.61
2026-01-27 17:56:31,7.61
2026-01-27 17:56:32,7.61
2026-01-27 17:56:33,7.61
2026-01-27 17:56:34,11.0
2026-01-27 17:56:35,11.0
2026-01-27 17:56:36,11.0
2026-01-27 17:56:37,11.0
2026-01-27 17:56:38,11.0
2026-01-27 17:56:39,9.42
2026-01-27 17:56:40,9.42
2026-01-27 17:56:41,9.42
2026-01-27 17:56:42,9.42
2026-01-27 17:56:43,9.42
2026-01-27 17:56:44,9.80
2026-01-27 17:56:45,9.80
2026-01-27 17:56:46,9.80
2026-01-27 17:56:47,9.80
2026-01-27 17:56:48,9.80
2026-01-27 17:56:49,9.13
2026-01-27 17:56:50,9.13
2026-01-27 17:56:51,9.13
2026-01-27 17:56:52,9.13
2026-01-27 17:56:53,9.13
2026-01-27 17:56:54,10.1
2026-01-27 17:56:55,10.1
2026-01-27 17:56:56,10.1
2026-01-27 17:56:57,10.1
2026-01-27 17:56:58,10.1
2026-01-27 17:56:59,9.59
2026-01-27 17:57:00,9.59
2026-01-27 17:57:01,9.59
2026-01-27 17:57:02,9.59
2026-01-27 17:57:03,9.59
2026-01-27 17:57:04,8.76
2026-01-27 17:57:05,8.76
2026-01-27 17:57:06,8.76
2026-01-27 17:57:07,8.76
2026-01-27 17:57:08,8.76
2026-01-27 17:57:09,9.66
2026-01-27 17:57:10,9.66
2026-01-27 17:57:11,9.66
2026-01-27 17:57:12,9.66
2026-01-27 17:57:13,9.66
2026-01-27 17:57:14,10.00
2026-01-27 17:57:15,10.00
2026-01-27 17:57:16,10.00
2026-01-27 17:57:17,10.00
2026-01-27 17:57:18,10.00
2026-01-27 17:57:19,9.61
2026-01-27 17:57:20,9.61
2026-01-27 17:57:21,9.61
2026-01-27 17:57:22,9.61
2026-01-27 17:57:23,9.61
2026-01-27 17:57:24,10.3
2026-01-27 17:57:25,10.3
2026-01-27 17:57:26,10.3
2026-01-27 17:57:27,10.3
2026-01-27 17:57:28,10.3
2026-01-27 17:57:29,9.82
2026-01-27 17:57:30,9.82
2026-01-27 17:57:31,9.82
2026-01-27 17:57:32,9.82
2026-01-27 17:57:33,9.82
2026-01-27 17:57:34,10.9
2026-01-27 17:57:35,10.9
2026-01-27 17:57:36,10.9
2026-01-27 17:57:37,10.9
2026-01-27 17:57:38,10.9
2026-01-27 17:57:39,9.79
2026-01-27 17:57:40,9.79
2026-01-27 17:57:41,9.79
2026-01-27 17:57:42,9.79
2026-01-27 17:57:43,9.79
2026-01-27 17:57:44,10.3
2026-01-27 17:57:45,10.3
2026-01-27 17:57:46,10.3
2026-01-27 17:57:47,10.3
2026-01-27 17:57:48,10.3
2026-01-27 17:57:49,9.57
2026-01-27 17:57:50,9.57
2026-01-27 17:57:51,9.57
2026-01-27 17:57:52,9.57
2026-01-27 17:57:53,9.57
2026-01-27 17:57:54,11.4
2026-01-27 17:57:55,11.4
2026-01-27 17:57:56,11.4
2026-01-27 17:57:57,11.4
2026-01-27 17:57:58,11.4
2026-01-27 17:57:59,9.74
2026-01-27 17:58:00,9.74
2026-01-27 17:58:01,9.74
2026-01-27 17:58:02,9.74
2026-01-27 17:58:03,9.74
2026-01-27 17:58:04,10.1
2026-01-27 17:58:05,10.1
2026-01-27 17:58:06,10.1
2026-01-27 17:58:07,10.1
2026-01-27 17:58:08,10.1
2026-01-27 17:58:09,9.16
2026-01-27 17:58:10,9.16
2026-01-27 17:58:11,9.16
2026-01-27 17:58:12,9.16
2026-01-27 17:58:13,9.16
2026-01-27 17:58:14,8.99
2026-01-27 17:58:15,8.99
2026-01-27 17:58:16,8.99
2026-01-27 17:58:17,8.99
2026-01-27 17:58:18,8.99
2026-01-27 17:58:19,9.72
2026-01-27 17:58:20,9.72
2026-01-27 17:58:21,9.72
2026-01-27 17:58:22,9.72
2026-01-27 17:58:23,9.72
2026-01-27 17:58:24,0
2026-01-27 17:58:25,0
2026-01-27 17:58:26,0
2026-01-27 17:58:27,0
2026-01-27 17:58:28,0
2026-01-27 17:58:29,0
2026-01-27 17:58:30,0
2026-01-27 17:58:31,0
2026-01-27 17:58:32,0
2026-01-27 17:58:33,0
2026-01-27 17:58:34,0
2026-01-27 17:58:35,0
2026-01-27 17:58:36,0
2026-01-27 17:58:37,0
2026-01-27 17:58:38,0
2026-01-27 17:58:39,0
2026-01-27 17:58:40,0
2026-01-27 17:58:41,0
2026-01-27 17:58:42,0
2026-01-27 17:58:43,0
2026-01-27 17:58:44,0
2026-01-27 17:58:45,0
2026-01-27 17:58:46,0
2026-01-27 17:58:47,0
2026-01-27 17:58:48,0
2026-01-27 17:58:49,0
2026-01-27 17:58:50,0
2026-01-27 17:58:51,0
2026-01-27 17:58:52,0
2026-01-27 17:58:53,0
2026-01-27 17:58:54,0
2026-01-27 17:58:55,0
2026-01-27 17:58:56,0
2026-01-27 17:58:57,0
2026-01-27 17:58:58,0
2026-01-27 17:58:59,0
2026-01-27 17:59:00,0
2026-01-27 17:59:01,0
2026-01-27 17:59:02,0
2026-01-27 17:59:03,0
2026-01-27 17:59:04,0
2026-01-27 17:59:05,0
2026-01-27 17:59:06,0
2026-01-27 17:59:07,0
2026-01-27 17:59:08,0
2026-01-27 17:59:09,0
2026-01-27 17:59:10,0
2026-01-27 17:59:11,0
2026-01-27 17:59:12,0
2026-01-27 17:59:13,0
2026-01-27 17:59:14,0
2026-01-27 17:59:15,0
2026-01-27 17:59:16,0
2026-01-27 17:59:17,0
2026-01-27 17:59:18,0
2026-01-27 17:59:19,0
2026-01-27 17:59:20,0
2026-01-27 17:59:21,0
2026-01-27 17:59:22,0
2026-01-27 17:59:23,0
2026-01-27 17:59:24,0
2026-01-27 17:59:25,0
2026-01-27 17:59:26,0
2026-01-27 17:59:27,0
2026-01-27 17:59:28,0
2026-01-27 17:59:29,0
2026-01-27 17:59:30,0
2026-01-27 17:59:31,0
2026-01-27 17:59:32,0
2026-01-27 17:59:33,0
2026-01-27 17:59:34,0
2026-01-27 17:59:35,0
2026-01-27 17:59:36,0
2026-01-27 17:59:37,0
2026-01-27 17:59:38,0
2026-01-27 17:59:39,0
2026-01-27 17:59:40,0
2026-01-27 17:59:41,0
2026-01-27 17:59:42,0
2026-01-27 17:59:43,0
2026-01-27 17:59:44,0
2026-01-27 17:59:45,0
2026-01-27 17:59:46,0
2026-01-27 17:59:47,0
2026-01-27 17:59:48,0
2026-01-27 17:59:49,0
2026-01-27 17:59:50,0
2026-01-27 17:59:51,0
2026-01-27 17:59:52,0
2026-01-27 17:59:53,0
2026-01-27 17:59:54,0
2026-01-27 17:59:55,0
2026-01-27 17:59:56,0
2026-01-27 17:59:57,0
2026-01-27 17:59:58,0
2026-01-27 18:05:04,1.51
2026-01-27 18:05:05,1.51
2026-01-27 18:05:06,1.51
2026-01-27 18:05:07,1.51
2026-01-27 18:05:08,1.51
2026-01-27 18:05:09,7.05
2026-01-27 18:05:10,7.05
2026-01-27 18:05:11,7.05
2026-01-27 18:05:12,7.05
2026-01-27 18:05:13,7.05
2026-01-27 18:05:14,8.33
2026-01-27 18:05:15,8.33
2026-01-27 18:05:16,8.33
2026-01-27 18:05:17,8.33
2026-01-27 18:05:18,8.33
2026-01-27 18:05:19,8.39
2026-01-27 18:05:20,8.39
2026-01-27 18:05:21,8.39
2026-01-27 18:05:22,8.39
2026-01-27 18:05:23,8.39
2026-01-27 18:05:24,8.83
2026-01-27 18:05:25,8.83
2026-01-27 18:05:26,8.83
2026-01-27 18:05:27,8.83
2026-01-27 18:05:28,8.83
2026-01-27 18:05:29,8.23
2026-01-27 18:05:30,8.23
2026-01-27 18:05:31,8.23
2026-01-27 18:05:32,8.23
2026-01-27 18:05:33,8.23
2026-01-27 18:05:34,9.03
2026-01-27 18:05:35,9.03
2026-01-27 18:05:36,9.03
2026-01-27 18:05:37,9.03
2026-01-27 18:05:38,9.03
2026-01-27 18:05:39,8.59
2026-01-27 18:05:40,8.59
2026-01-27 18:05:41,8.59
2026-01-27 18:05:42,8.59
2026-01-27 18:05:43,8.59
2026-01-27 18:05:44,8.62
2026-01-27 18:05:45,8.62
2026-01-27 18:05:46,8.62
2026-01-27 18:05:47,8.62
2026-01-27 18:05:48,8.62
2026-01-27 18:05:49,8.93
2026-01-27 18:05:50,8.93
2026-01-27 18:05:51,8.93
2026-01-27 18:05:52,8.93
2026-01-27 18:05:53,8.93
2026-01-27 18:05:54,10.0
2026-01-27 18:05:55,10.0
2026-01-27 18:05:56,10.0
2026-01-27 18:05:57,10.0
2026-01-27 18:05:58,10.0
2026-01-27 18:05:59,9.09
2026-01-27 18:06:00,9.09
2026-01-27 18:06:01,9.09
2026-01-27 18:06:02,9.09
2026-01-27 18:06:03,9.09
2026-01-27 18:06:04,9.72
2026-01-27 18:06:05,9.72
2026-01-27 18:06:06,9.72
2026-01-27 18:06:07,9.72
2026-01-27 18:06:08,9.72
2026-01-27 18:06:09,9.32
2026-01-27 18:06:10,9.32
2026-01-27 18:06:11,9.32
2026-01-27 18:06:12,9.32
2026-01-27 18:06:13,9.32
2026-01-27 18:06:14,10.8
2026-01-27 18:06:15,10.8
2026-01-27 18:06:16,10.8
2026-01-27 18:06:17,10.8
2026-01-27 18:06:18,10.8
2026-01-27 18:06:19,9.42
2026-01-27 18:06:20,9.42
2026-01-27 18:06:21,9.42
2026-01-27 18:06:22,9.42
2026-01-27 18:06:23,9.42
2026-01-27 18:06:24,8.41
2026-01-27 18:06:25,8.41
2026-01-27 18:06:26,8.41
2026-01-27 18:06:27,8.41
2026-01-27 18:06:28,8.41
2026-01-27 18:06:29,7.96
2026-01-27 18:06:30,7.96
2026-01-27 18:06:31,7.96
2026-01-27 18:06:32,7.96
2026-01-27 18:06:33,7.96
2026-01-27 18:06:34,10.2
2026-01-27 18:06:35,10.2
2026-01-27 18:06:36,10.2
2026-01-27 18:06:37,10.2
2026-01-27 18:06:38,10.2
2026-01-27 18:06:39,9.11
2026-01-27 18:06:40,9.11
2026-01-27 18:06:41,9.11
2026-01-27 18:06:42,9.11
2026-01-27 18:06:43,9.11
2026-01-27 18:06:44,9.99
2026-01-27 18:06:45,9.99
2026-01-27 18:06:46,9.99
2026-01-27 18:06:47,9.99
2026-01-27 18:06:48,9.99
2026-01-27 18:06:49,9.36
2026-01-27 18:06:50,9.36
2026-01-27 18:06:51,9.36
2026-01-27 18:06:52,9.36
2026-01-27 18:06:53,9.36
2026-01-27 18:06:54,9.74
2026-01-27 18:06:55,9.74
2026-01-27 18:06:56,9.74
2026-01-27 18:06:57,9.74
2026-01-27 18:06:58,9.74
2026-01-27 18:06:59,8.91
2026-01-27 18:07:00,8.91
2026-01-27 18:07:01,8.91
2026-01-27 18:07:02,8.91
2026-01-27 18:07:03,8.91
2026-01-27 18:07:04,0
2026-01-27 18:07:05,0
2026-01-27 18:07:06,0
2026-01-27 18:07:07,0
2026-01-27 18:07:08,0
2026-01-27 18:07:09,0
2026-01-27 18:07:10,0
2026-01-27 18:07:11,0
2026-01-27 18:07:12,0
2026-01-27 18:07:13,0
2026-01-27 18:07:14,0
2026-01-27 18:07:15,0
2026-01-27 18:07:16,0
2026-01-27 18:07:17,0
2026-01-27 18:07:18,0
2026-01-27 18:07:19,0
2026-01-27 18:07:20,0
2026-01-27 18:07:21,0
2026-01-27 18:07:22,0
2026-01-27 18:07:23,0
2026-01-27 18:07:24,0
2026-01-27 18:07:25,0
2026-01-27 18:07:26,0
2026-01-27 18:07:27,0
2026-01-27 18:07:28,0
2026-01-27 18:07:29,0
2026-01-27 18:07:30,0
2026-01-27 18:07:31,0
2026-01-27 18:07:32,0
2026-01-27 18:07:33,0
2026-01-27 18:07:34,0
2026-01-27 18:07:35,0
2026-01-27 18:07:36,0
2026-01-27 18:07:37,0
2026-01-27 18:07:38,0
2026-01-27 18:07:39,0
2026-01-27 18:07:40,0
2026-01-27 18:07:41,0
2026-01-27 18:07:42,0
2026-01-27 18:07:43,0
2026-01-27 18:07:44,0
2026-01-27 18:07:45,0
2026-01-27 18:07:46,0
2026-01-27 18:07:47,0
2026-01-27 18:07:48,0
2026-01-27 18:07:49,0
2026-01-27 18:07:50,0
2026-01-27 18:07:51,0
2026-01-27 18:07:52,0
2026-01-27 18:07:53,0
2026-01-27 18:07:54,0
2026-01-27 18:07:55,0
2026-01-27 18:07:56,0
2026-01-27 18:07:57,0
2026-01-27 18:07:58,0
2026-01-27 18:07:59,0
2026-01-27 18:08:00,0
2026-01-27 18:08:01,0
2026-01-27 18:08:02,0
2026-01-27 18:08:03,0
2026-01-27 18:08:04,0
2026-01-27 18:08:05,0
2026-01-27 18:08:06,0
2026-01-27 18:08:07,0
2026-01-27 18:08:08,0
2026-01-27 18:08:09,0
2026-01-27 18:08:10,0
2026-01-27 18:08:11,0
2026-01-27 18:08:12,0
2026-01-27 18:08:13,0
2026-01-27 18:08:14,0
2026-01-27 18:08:15,0
2026-01-27 18:08:16,0
2026-01-27 18:08:17,0
2026-01-27 18:08:18,0
2026-01-27 18:08:19,0
2026-01-27 18:08:20,0
2026-01-27 18:08:21,0
2026-01-27 18:08:22,0
2026-01-27 18:08:23,0
2026-01-27 18:08:24,0
2026-01-27 18:08:25,0
2026-01-27 18:08:26,0
2026-01-27 18:08:27,0
2026-01-27 18:08:28,0
2026-01-27 18:08:29,0
2026-01-27 18:08:30,0
2026-01-27 18:08:31,0
2026-01-27 18:08:32,0
2026-01-27 18:08:33,0
2026-01-27 18:08:34,0
2026-01-27 18:08:35,0
2026-01-27 18:08:36,0
2026-01-27 18:08:37,0
2026-01-27 18:08:38,0
2026-01-27 18:13:39,6.96
2026-01-27 18:13:40,6.96
2026-01-27 18:13:41,6.96
2026-01-27 18:13:42,6.96
2026-01-27 18:13:43,6.96
2026-01-27 18:13:44,9.08
2026-01-27 18:13:45,9.08
2026-01-27 18:13:46,9.08
2026-01-27 18:13:47,9.08
2026-01-27 18:13:48,9.08
2026-01-27 18:13:49,8.32
2026-01-27 18:13:50,8.32
2026-01-27 18:13:51,8.32
2026-01-27 18:13:52,8.32
2026-01-27 18:13:53,8.32
2026-01-27 18:13:54,8.94
2026-01-27 18:13:55,8.94
2026-01-27 18:13:56,8.94
2026-01-27 18:13:57,8.94
2026-01-27 18:13:58,8.94
2026-01-27 18:13:59,8.01
2026-01-27 18:14:00,8.01
2026-01-27 18:14:01,8.01
2026-01-27 18:14:02,8.01
2026-01-27 18:14:03,8.01
2026-01-27 18:14:04,8.62
2026-01-27 18:14:05,8.62
2026-01-27 18:14:06,8.62
2026-01-27 18:14:07,8.62
2026-01-27 18:14:08,8.62
2026-01-27 18:14:09,8.15
2026-01-27 18:14:10,8.15
2026-01-27 18:14:11,8.15
2026-01-27 18:14:12,8.15
2026-01-27 18:14:13,8.15
2026-01-27 18:14:14,8.03
2026-01-27 18:14:15,8.03
2026-01-27 18:14:16,8.03
2026-01-27 18:14:17,8.03
2026-01-27 18:14:18,8.03
2026-01-27 18:14:19,8.68
2026-01-27 18:14:20,8.68
2026-01-27 18:14:21,8.68
2026-01-27 18:14:22,8.68
2026-01-27 18:14:23,8.68
2026-01-27 18:14:24,10.2
2026-01-27 18:14:25,10.2
2026-01-27 18:14:26,10.2
2026-01-27 18:14:27,10.2
2026-01-27 18:14:28,10.2
2026-01-27 18:14:29,9.41
2026-01-27 18:14:30,9.41
2026-01-27 18:14:31,9.41
2026-01-27 18:14:32,9.41
2026-01-27 18:14:33,9.41
2026-01-27 18:14:34,10.1
2026-01-27 18:14:35,10.1
2026-01-27 18:14:36,10.1
2026-01-27 18:14:37,10.1
2026-01-27 18:14:38,10.1
2026-01-27 18:14:39,9.28
2026-01-27 18:14:40,9.28
2026-01-27 18:14:41,9.28
2026-01-27 18:14:42,9.28
2026-01-27 18:14:43,9.28
2026-01-27 18:14:44,11.7
2026-01-27 18:14:45,11.7
2026-01-27 18:14:46,11.7
2026-01-27 18:14:47,11.7
2026-01-27 18:14:48,11.7
2026-01-27 18:14:49,9.66
2026-01-27 18:14:50,9.66
2026-01-27 18:14:51,9.66
2026-01-27 18:14:52,9.66
2026-01-27 18:14:53,9.66
2026-01-27 18:14:54,10.6
2026-01-27 18:14:55,10.6
2026-01-27 18:14:56,10.6
2026-01-27 18:14:57,10.6
2026-01-27 18:14:58,10.6
2026-01-27 18:14:59,8.54
2026-01-27 18:15:00,8.54
2026-01-27 18:15:01,8.54
2026-01-27 18:15:02,8.54
2026-01-27 18:15:03,8.54
2026-01-27 18:15:04,7.72
2026-01-27 18:15:05,7.72
2026-01-27 18:15:06,7.72
2026-01-27 18:15:07,7.72
2026-01-27 18:15:08,7.72
2026-01-27 18:15:09,6.49
2026-01-27 18:15:10,6.49
2026-01-27 18:15:11,6.49
2026-01-27 18:15:12,6.49
2026-01-27 18:15:13,6.49
2026-01-27 18:15:14,8.15
2026-01-27 18:15:15,8.15
2026-01-27 18:15:16,8.15
2026-01-27 18:15:17,8.15
2026-01-27 18:15:18,8.15
2026-01-27 18:15:19,8.50
2026-01-27 18:15:20,8.50
2026-01-27 18:15:21,8.50
2026-01-27 18:15:22,8.50
2026-01-27 18:15:23,8.50
2026-01-27 18:15:24,8.77
2026-01-27 18:15:25,8.77
2026-01-27 18:15:26,8.77
2026-01-27 18:15:27,8.77
2026-01-27 18:15:28,8.77
2026-01-27 18:15:29,9.49
2026-01-27 18:15:30,9.49
2026-01-27 18:15:31,9.49
2026-01-27 18:15:32,9.49
2026-01-27 18:15:33,9.49
2026-01-27 18:15:34,0
2026-01-27 18:15:35,0
2026-01-27 18:15:36,0
2026-01-27 18:15:37,0
2026-01-27 18:15:38,0
2026-01-27 18:15:39,0
2026-01-27 18:15:40,0
2026-01-27 18:15:41,0
2026-01-27 18:15:42,0
2026-01-27 18:15:43,0
2026-01-27 18:15:44,0
2026-01-27 18:15:45,0
2026-01-27 18:15:46,0
2026-01-27 18:15:47,0
2026-01-27 18:15:48,0
2026-01-27 18:15:49,0
2026-01-27 18:15:50,0
2026-01-27 18:15:51,0
2026-01-27 18:15:52,0
2026-01-27 18:15:53,0
2026-01-27 18:15:54,0
2026-01-27 18:15:55,0
2026-01-27 18:15:56,0
2026-01-27 18:15:57,0
2026-01-27 18:15:58,0
2026-01-27 18:15:59,0
2026-01-27 18:16:00,0
2026-01-27 18:16:01,0
2026-01-27 18:16:02,0
2026-01-27 18:16:03,0
2026-01-27 18:16:04,0
2026-01-27 18:16:05,0
2026-01-27 18:16:06,0
2026-01-27 18:16:07,0
2026-01-27 18:16:08,0
2026-01-27 18:16:09,0
2026-01-27 18:16:10,0
2026-01-27 18:16:11,0
2026-01-27 18:16:12,0
2026-01-27 18:16:13,0
2026-01-27 18:16:14,0
2026-01-27 18:16:15,0
2026-01-27 18:16:16,0
2026-01-27 18:16:17,0
2026-01-27 18:16:18,0
2026-01-27 18:16:19,0
2026-01-27 18:16:20,0
2026-01-27 18:16:21,0
2026-01-27 18:16:22,0
2026-01-27 18:16:23,0
2026-01-27 18:16:24,0
2026-01-27 18:16:25,0
2026-01-27 18:16:26,0
2026-01-27 18:16:27,0
2026-01-27 18:16:28,0
2026-01-27 18:16:29,0
2026-01-27 18:16:30,0
2026-01-27 18:16:31,0
2026-01-27 18:16:32,0
2026-01-27 18:16:33,0
2026-01-27 18:16:34,0
2026-01-27 18:16:35,0
2026-01-27 18:16:36,0
2026-01-27 18:16:37,0
2026-01-27 18:16:38,0
2026-01-27 18:16:39,0
2026-01-27 18:16:40,0
2026-01-27 18:16:41,0
2026-01-27 18:16:42,0
2026-01-27 18:16:43,0
2026-01-27 18:16:44,0
2026-01-27 18:16:45,0
2026-01-27 18:16:46,0
2026-01-27 18:16:47,0
2026-01-27 18:16:48,0
2026-01-27 18:16:49,0
2026-01-27 18:16:50,0
2026-01-27 18:16:51,0
2026-01-27 18:16:52,0
2026-01-27 18:16:53,0
2026-01-27 18:16:54,0
2026-01-27 18:16:55,0
2026-01-27 18:16:56,0
2026-01-27 18:16:57,0
2026-01-27 18:16:58,0
2026-01-27 18:16:59,0
2026-01-27 18:17:00,0
2026-01-27 18:17:01,0
2026-01-27 18:17:02,0
2026-01-27 18:17:03,0
2026-01-27 18:17:04,0
2026-01-27 18:17:05,0
2026-01-27 18:17:06,0
2026-01-27 18:17:07,0
2026-01-27 18:17:08,0
2026-01-27 18:22:09,1.36
2026-01-27 18:22:10,1.36
2026-01-27 18:22:11,1.36
2026-01-27 18:22:12,1.36
2026-01-27 18:22:13,1.36
2026-01-27 18:22:14,8.49
2026-01-27 18:22:15,8.49
2026-01-27 18:22:16,8.49
2026-01-27 18:22:17,8.49
2026-01-27 18:22:18,8.49
2026-01-27 18:22:19,7.94
2026-01-27 18:22:20,7.94
2026-01-27 18:22:21,7.94
2026-01-27 18:22:22,7.94
2026-01-27 18:22:23,7.94
2026-01-27 18:22:24,9.56
2026-01-27 18:22:25,9.56
2026-01-27 18:22:26,9.56
2026-01-27 18:22:27,9.56
2026-01-27 18:22:28,9.56
2026-01-27 18:22:29,9.36
2026-01-27 18:22:30,9.36
2026-01-27 18:22:31,9.36
2026-01-27 18:22:32,9.36
2026-01-27 18:22:33,9.36
2026-01-27 18:22:34,10.3
2026-01-27 18:22:35,10.3
2026-01-27 18:22:36,10.3
2026-01-27 18:22:37,10.3
2026-01-27 18:22:38,10.3
2026-01-27 18:22:39,9.25
2026-01-27 18:22:40,9.25
2026-01-27 18:22:41,9.25
2026-01-27 18:22:42,9.25
2026-01-27 18:22:43,9.25
2026-01-27 18:22:44,9.65
2026-01-27 18:22:45,9.65
2026-01-27 18:22:46,9.65
2026-01-27 18:22:47,9.65
2026-01-27 18:22:48,9.65
2026-01-27 18:22:49,8.47
2026-01-27 18:22:50,8.47
2026-01-27 18:22:51,8.47
2026-01-27 18:22:52,8.47
2026-01-27 18:22:53,8.47
2026-01-27 18:22:54,9.51
2026-01-27 18:22:55,9.51
2026-01-27 18:22:56,9.51
2026-01-27 18:22:57,9.51
2026-01-27 18:22:58,9.51
2026-01-27 18:22:59,9.63
2026-01-27 18:23:00,9.63
2026-01-27 18:23:01,9.63
2026-01-27 18:23:02,9.63
2026-01-27 18:23:03,9.63
2026-01-27 18:23:04,10.7
2026-01-27 18:23:05,10.7
2026-01-27 18:23:06,10.7
2026-01-27 18:23:07,10.7
2026-01-27 18:23:08,10.7
2026-01-27 18:23:09,9.76
2026-01-27 18:23:10,9.76
2026-01-27 18:23:11,9.76
2026-01-27 18:23:12,9.76
2026-01-27 18:23:13,9.76
2026-01-27 18:23:14,9.62
2026-01-27 18:23:15,9.62
2026-01-27 18:23:16,9.62
2026-01-27 18:23:17,9.62
2026-01-27 18:23:18,9.62
2026-01-27 18:23:19,9.20
2026-01-27 18:23:20,9.20
2026-01-27 18:23:21,9.20
2026-01-27 18:23:22,9.20
2026-01-27 18:23:23,9.20
2026-01-27 18:23:24,9.15
2026-01-27 18:23:25,9.15
2026-01-27 18:23:26,9.15
2026-01-27 18:23:27,9.15
2026-01-27 18:23:28,9.15
2026-01-27 18:23:29,9.78
2026-01-27 18:23:30,9.78
2026-01-27 18:23:31,9.78
2026-01-27 18:23:32,9.78
2026-01-27 18:23:33,9.78
2026-01-27 18:23:34,10.4
2026-01-27 18:23:35,10.4
2026-01-27 18:23:36,10.4
2026-01-27 18:23:37,10.4
2026-01-27 18:23:38,10.4
2026-01-27 18:23:39,12.0
2026-01-27 18:23:40,12.0
2026-01-27 18:23:41,12.0
2026-01-27 18:23:42,12.0
2026-01-27 18:23:43,12.0
2026-01-27 18:23:44,14.3
2026-01-27 18:23:45,14.3
2026-01-27 18:23:46,14.3
2026-01-27 18:23:47,14.3
2026-01-27 18:23:48,14.3
2026-01-27 18:23:49,11.8
2026-01-27 18:23:50,11.8
2026-01-27 18:23:51,11.8
2026-01-27 18:23:52,11.8
2026-01-27 18:23:53,11.8
2026-01-27 18:23:54,11.1
2026-01-27 18:23:55,11.1
2026-01-27 18:23:56,11.1
2026-01-27 18:23:57,11.1
2026-01-27 18:23:58,11.1
2026-01-27 18:23:59,10.1
2026-01-27 18:24:00,10.1
2026-01-27 18:24:01,10.1
2026-01-27 18:24:02,10.1
2026-01-27 18:24:03,10.1
2026-01-27 18:24:04,13.2
2026-01-27 18:24:05,13.2
2026-01-27 18:24:06,13.2
2026-01-27 18:24:07,13.2
2026-01-27 18:24:08,13.2
2026-01-27 18:24:09,0
2026-01-27 18:24:10,0
2026-01-27 18:24:11,0
2026-01-27 18:24:12,0
2026-01-27 18:24:13,0
2026-01-27 18:24:14,0
2026-01-27 18:24:15,0
2026-01-27 18:24:16,0
2026-01-27 18:24:17,0
2026-01-27 18:24:18,0
2026-01-27 18:24:19,0
2026-01-27 18:24:20,0
2026-01-27 18:24:21,0
2026-01-27 18:24:22,0
2026-01-27 18:24:23,0
2026-01-27 18:24:24,0
2026-01-27 18:24:25,0
2026-01-27 18:24:26,0
2026-01-27 18:24:27,0
2026-01-27 18:24:28,0
2026-01-27 18:24:29,0
2026-01-27 18:24:30,0
2026-01-27 18:24:31,0
2026-01-27 18:24:32,0
2026-01-27 18:24:33,0
2026-01-27 18:24:34,0
2026-01-27 18:24:35,0
2026-01-27 18:24:36,0
2026-01-27 18:24:37,0
2026-01-27 18:24:38,0
2026-01-27 18:24:39,0
2026-01-27 18:24:40,0
2026-01-27 18:24:41,0
2026-01-27 18:24:42,0
2026-01-27 18:24:43,0
2026-01-27 18:24:44,0
2026-01-27 18:24:45,0
2026-01-27 18:24:46,0
2026-01-27 18:24:47,0
2026-01-27 18:24:48,0
2026-01-27 18:24:49,0
2026-01-27 18:24:50,0
2026-01-27 18:24:51,0
2026-01-27 18:24:52,0
2026-01-27 18:24:53,0
2026-01-27 18:24:54,0
2026-01-27 18:24:55,0
2026-01-27 18:24:56,0
2026-01-27 18:24:57,0
2026-01-27 18:24:58,0
2026-01-27 18:24:59,0
2026-01-27 18:25:00,0
2026-01-27 18:25:01,0
2026-01-27 18:25:02,0
2026-01-27 18:25:03,0
2026-01-27 18:25:04,0
2026-01-27 18:25:05,0
2026-01-27 18:25:06,0
2026-01-27 18:25:07,0
2026-01-27 18:25:08,0
2026-01-27 18:25:09,0
2026-01-27 18:25:10,0
2026-01-27 18:25:11,0
2026-01-27 18:25:12,0
2026-01-27 18:25:13,0
2026-01-27 18:25:14,0
2026-01-27 18:25:15,0
2026-01-27 18:25:16,0
2026-01-27 18:25:17,0
2026-01-27 18:25:18,0
2026-01-27 18:25:19,0
2026-01-27 18:25:20,0
2026-01-27 18:25:21,0
2026-01-27 18:25:22,0
2026-01-27 18:25:23,0
2026-01-27 18:25:24,0
2026-01-27 18:25:25,0
2026-01-27 18:25:26,0
2026-01-27 18:25:27,0
2026-01-27 18:25:28,0
2026-01-27 18:25:29,0
2026-01-27 18:25:30,0
2026-01-27 18:25:31,0
2026-01-27 18:25:32,0
2026-01-27 18:25:33,0
2026-01-27 18:25:34,0
2026-01-27 18:25:35,0
2026-01-27 18:25:36,0
2026-01-27 18:25:37,0
2026-01-27 18:25:38,0
2026-01-27 18:25:39,0
2026-01-27 18:25:40,0
2026-01-27 18:25:41,0
2026-01-27 18:25:42,0
2026-01-27 18:25:43,0