"Time","ue-descrambling"
2026-01-27 15:26:24,10.1
2026-01-27 15:26:25,10.1
2026-01-27 15:26:26,10.1
2026-01-27 15:26:27,10.1
2026-01-27 15:26:28,10.1
2026-01-27 15:26:29,8.99
2026-01-27 15:26:30,8.99
2026-01-27 15:26:31,8.99
2026-01-27 15:26:32,8.99
2026-01-27 15:26:33,8.99
2026-01-27 15:26:34,8.82
2026-01-27 15:26:35,8.82
2026-01-27 15:26:36,8.82
2026-01-27 15:26:37,8.82
2026-01-27 15:26:38,8.82
2026-01-27 15:26:39,8.38
2026-01-27 15:26:40,8.38
2026-01-27 15:26:41,8.38
2026-01-27 15:26:42,8.38
2026-01-27 15:26:43,8.38
2026-01-27 15:26:44,9.38
2026-01-27 15:26:45,9.38
2026-01-27 15:26:46,9.38
2026-01-27 15:26:47,9.38
2026-01-27 15:26:48,9.38
2026-01-27 15:26:49,9.65
2026-01-27 15:26:50,9.65
2026-01-27 15:26:51,9.65
2026-01-27 15:26:52,9.65
2026-01-27 15:26:53,9.65
2026-01-27 15:26:54,9.77
2026-01-27 15:26:55,9.77
2026-01-27 15:26:56,9.77
2026-01-27 15:26:57,9.77
2026-01-27 15:26:58,9.77
2026-01-27 15:26:59,9.62
2026-01-27 15:27:00,9.62
2026-01-27 15:27:01,9.62
2026-01-27 15:27:02,9.62
2026-01-27 15:27:03,9.62
2026-01-27 15:27:04,9.72
2026-01-27 15:27:05,9.72
2026-01-27 15:27:06,9.72
2026-01-27 15:27:07,9.72
2026-01-27 15:27:08,9.72
2026-01-27 15:27:09,9.67
2026-01-27 15:27:10,9.67
2026-01-27 15:27:11,9.67
2026-01-27 15:27:12,9.67
2026-01-27 15:27:13,9.67
2026-01-27 15:27:14,0
2026-01-27 15:27:15,0
2026-01-27 15:27:16,0
2026-01-27 15:27:17,0
2026-01-27 15:27:18,0
2026-01-27 15:27:19,0
2026-01-27 15:27:20,0
2026-01-27 15:27:21,0
2026-01-27 15:27:22,0
2026-01-27 15:27:23,0
2026-01-27 15:27:24,0
2026-01-27 15:27:25,0
2026-01-27 15:27:26,0
2026-01-27 15:27:27,0
2026-01-27 15:27:28,0
2026-01-27 15:27:29,0
2026-01-27 15:27:30,0
2026-01-27 15:27:31,0
2026-01-27 15:27:32,0
2026-01-27 15:27:33,0
2026-01-27 15:27:34,0
2026-01-27 15:27:35,0
2026-01-27 15:27:36,0
2026-01-27 15:27:37,0
2026-01-27 15:27:38,0
2026-01-27 15:27:39,0
2026-01-27 15:27:40,0
2026-01-27 15:27:41,0
2026-01-27 15:27:42,0
2026-01-27 15:27:43,0
2026-01-27 15:27:44,0
2026-01-27 15:27:45,0
2026-01-27 15:27:46,0
2026-01-27 15:27:47,0
2026-01-27 15:27:48,0
2026-01-27 15:27:49,0
2026-01-27 15:27:50,0
2026-01-27 15:27:51,0
2026-01-27 15:27:52,0
2026-01-27 15:27:53,0
2026-01-27 15:27:54,0
2026-01-27 15:27:55,0
2026-01-27 15:27:56,0
2026-01-27 15:27:57,0
2026-01-27 15:27:58,0
2026-01-27 15:27:59,0
2026-01-27 15:28:00,0
2026-01-27 15:28:01,0
2026-01-27 15:28:02,0
2026-01-27 15:28:03,0
2026-01-27 15:28:04,0
2026-01-27 15:28:05,0
2026-01-27 15:28:06,0
2026-01-27 15:28:07,0
2026-01-27 15:28:08,0
2026-01-27 15:28:09,0
2026-01-27 15:28:10,0
2026-01-27 15:28:11,0
2026-01-27 15:28:12,0
2026-01-27 15:28:13,0
2026-01-27 15:28:14,0
2026-01-27 15:28:15,0
2026-01-27 15:28:16,0
2026-01-27 15:28:17,0
2026-01-27 15:28:18,0
2026-01-27 15:28:19,0
2026-01-27 15:28:20,0
2026-01-27 15:28:21,0
2026-01-27 15:28:22,0
2026-01-27 15:28:23,0
2026-01-27 15:28:24,0
2026-01-27 15:28:25,0
2026-01-27 15:28:26,0
2026-01-27 15:28:27,0
2026-01-27 15:28:28,0
2026-01-27 15:28:29,0
2026-01-27 15:28:30,0
2026-01-27 15:28:31,0
2026-01-27 15:28:32,0
2026-01-27 15:28:33,0
2026-01-27 15:28:34,0
2026-01-27 15:28:35,0
2026-01-27 15:28:36,0
2026-01-27 15:28:37,0
2026-01-27 15:28:38,0
2026-01-27 15:28:39,0
2026-01-27 15:28:40,0
2026-01-27 15:28:41,0
2026-01-27 15:28:42,0
2026-01-27 15:28:43,0
2026-01-27 15:28:44,0
2026-01-27 15:28:45,0
2026-01-27 15:28:46,0
2026-01-27 15:28:47,0
2026-01-27 15:28:48,0
2026-01-27 15:28:49,7.00
2026-01-27 15:28:50,7.00
2026-01-27 15:28:51,7.00
2026-01-27 15:28:52,7.00
2026-01-27 15:28:53,7.00
2026-01-27 15:28:54,10.4
2026-01-27 15:28:55,10.4
2026-01-27 15:28:56,10.4
2026-01-27 15:28:57,10.4
2026-01-27 15:28:58,10.4
2026-01-27 15:28:59,9.20
2026-01-27 15:29:00,9.20
2026-01-27 15:29:01,9.20
2026-01-27 15:29:02,9.20
2026-01-27 15:29:03,9.20
2026-01-27 15:29:04,11.4
2026-01-27 15:29:05,11.4
2026-01-27 15:29:06,11.4
2026-01-27 15:29:07,11.4
2026-01-27 15:29:08,11.4
2026-01-27 15:29:09,10.0
2026-01-27 15:29:10,10.0
2026-01-27 15:29:11,10.0
2026-01-27 15:29:12,10.0
2026-01-27 15:29:13,10.0
2026-01-27 15:29:14,7.17
2026-01-27 15:29:15,7.17
2026-01-27 15:29:16,7.17
2026-01-27 15:29:17,7.17
2026-01-27 15:29:18,7.17
2026-01-27 15:29:19,7.30
2026-01-27 15:29:20,7.30
2026-01-27 15:29:21,7.30
2026-01-27 15:29:22,7.30
2026-01-27 15:29:23,7.30
2026-01-27 15:29:24,8.20
2026-01-27 15:29:25,8.20
2026-01-27 15:29:26,8.20
2026-01-27 15:29:27,8.20
2026-01-27 15:29:28,8.20
2026-01-27 15:29:29,7.52
2026-01-27 15:29:30,7.52
2026-01-27 15:29:31,7.52
2026-01-27 15:29:32,7.52
2026-01-27 15:29:33,7.52
2026-01-27 15:29:34,8.00
2026-01-27 15:29:35,8.00
2026-01-27 15:29:36,8.00
2026-01-27 15:29:37,8.00
2026-01-27 15:29:38,8.00
2026-01-27 15:29:39,7.44
2026-01-27 15:29:40,7.44
2026-01-27 15:29:41,7.44
2026-01-27 15:29:42,7.44
2026-01-27 15:29:43,7.44
2026-01-27 15:29:44,10.2
2026-01-27 15:29:45,10.2
2026-01-27 15:29:46,10.2
2026-01-27 15:29:47,10.2
2026-01-27 15:29:48,10.2
2026-01-27 15:29:49,7.03
2026-01-27 15:29:50,7.03
2026-01-27 15:29:51,7.03
2026-01-27 15:29:52,7.03
2026-01-27 15:29:53,7.03
2026-01-27 15:29:54,7.55
2026-01-27 15:29:55,7.55
2026-01-27 15:29:56,7.55
2026-01-27 15:29:57,7.55
2026-01-27 15:29:58,7.55
2026-01-27 15:29:59,5.55
2026-01-27 15:30:00,5.55
2026-01-27 15:30:01,5.55
2026-01-27 15:30:02,5.55
2026-01-27 15:30:03,5.55
2026-01-27 15:30:04,11.9
2026-01-27 15:30:05,11.9
2026-01-27 15:30:06,11.9
2026-01-27 15:30:07,11.9
2026-01-27 15:30:08,11.9
2026-01-27 15:30:09,9.26
2026-01-27 15:30:10,9.26
2026-01-27 15:30:11,9.26
2026-01-27 15:30:12,9.26
2026-01-27 15:30:13,9.26
2026-01-27 15:30:14,7.56
2026-01-27 15:30:15,7.56
2026-01-27 15:30:16,7.56
2026-01-27 15:30:17,7.56
2026-01-27 15:30:18,7.56
2026-01-27 15:30:19,7.53
2026-01-27 15:30:20,7.53
2026-01-27 15:30:21,7.53
2026-01-27 15:30:22,7.53
2026-01-27 15:30:23,7.53
2026-01-27 15:30:24,8.59
2026-01-27 15:30:25,8.59
2026-01-27 15:30:26,8.59
2026-01-27 15:30:27,8.59
2026-01-27 15:30:28,8.59
2026-01-27 15:30:29,7.80
2026-01-27 15:30:30,7.80
2026-01-27 15:30:31,7.80
2026-01-27 15:30:32,7.80
2026-01-27 15:30:33,7.80
2026-01-27 15:30:34,8.60
2026-01-27 15:30:35,8.60
2026-01-27 15:30:36,8.60
2026-01-27 15:30:37,8.60
2026-01-27 15:30:38,8.60
2026-01-27 15:30:39,7.70
2026-01-27 15:30:40,7.70
2026-01-27 15:30:41,7.70
2026-01-27 15:30:42,7.70
2026-01-27 15:30:43,7.70
2026-01-27 15:30:44,8.29
2026-01-27 15:30:45,8.29
2026-01-27 15:30:46,8.29
2026-01-27 15:30:47,8.29
2026-01-27 15:30:48,8.29
2026-01-27 15:30:49,7.85
2026-01-27 15:30:50,7.85
2026-01-27 15:30:51,7.85
2026-01-27 15:30:52,7.85
2026-01-27 15:30:53,7.85
2026-01-27 15:30:54,9.86
2026-01-27 15:30:55,9.86
2026-01-27 15:30:56,9.86
2026-01-27 15:30:57,9.86
2026-01-27 15:30:58,9.86
2026-01-27 15:30:59,9.62
2026-01-27 15:31:00,9.62
2026-01-27 15:31:01,9.62
2026-01-27 15:31:02,9.62
2026-01-27 15:31:03,9.62
2026-01-27 15:31:04,11.3
2026-01-27 15:31:05,11.3
2026-01-27 15:31:06,11.3
2026-01-27 15:31:07,11.3
2026-01-27 15:31:08,11.3
2026-01-27 15:31:09,10.5
2026-01-27 15:31:10,10.5
2026-01-27 15:31:11,10.5
2026-01-27 15:31:12,10.5
2026-01-27 15:31:13,10.5
2026-01-27 15:31:14,10.0
2026-01-27 15:31:15,10.0
2026-01-27 15:31:16,10.0
2026-01-27 15:31:17,10.0
2026-01-27 15:31:18,10.0
2026-01-27 15:31:19,11.5
2026-01-27 15:31:20,11.5
2026-01-27 15:31:21,11.5
2026-01-27 15:31:22,11.5
2026-01-27 15:31:23,11.5
2026-01-27 15:31:24,11.1
2026-01-27 15:31:25,11.1
2026-01-27 15:31:26,11.1
2026-01-27 15:31:27,11.1
2026-01-27 15:31:28,11.1
2026-01-27 15:31:29,8.96
2026-01-27 15:31:30,8.96
2026-01-27 15:31:31,8.96
2026-01-27 15:31:32,8.96
2026-01-27 15:31:33,8.96
2026-01-27 15:31:34,9.74
2026-01-27 15:31:35,9.74
2026-01-27 15:31:36,9.74
2026-01-27 15:31:37,9.74
2026-01-27 15:31:38,9.74
2026-01-27 15:31:39,8.17
2026-01-27 15:31:40,8.17
2026-01-27 15:31:41,8.17
2026-01-27 15:31:42,8.17
2026-01-27 15:31:43,8.17
2026-01-27 15:31:44,9.47
2026-01-27 15:31:45,9.47
2026-01-27 15:31:46,9.47
2026-01-27 15:31:47,9.47
2026-01-27 15:31:48,9.47
2026-01-27 15:31:49,9.17
2026-01-27 15:31:50,9.17
2026-01-27 15:31:51,9.17
2026-01-27 15:31:52,9.17
2026-01-27 15:31:53,9.17
2026-01-27 15:31:54,10.8
2026-01-27 15:31:55,10.8
2026-01-27 15:31:56,10.8
2026-01-27 15:31:57,10.8
2026-01-27 15:31:58,10.8
2026-01-27 15:31:59,9.14
2026-01-27 15:32:00,9.14
2026-01-27 15:32:01,9.14
2026-01-27 15:32:02,9.14
2026-01-27 15:32:03,9.14
2026-01-27 15:32:04,9.39
2026-01-27 15:32:05,9.39
2026-01-27 15:32:06,9.39
2026-01-27 15:32:07,9.39
2026-01-27 15:32:08,9.39
2026-01-27 15:32:09,10.2
2026-01-27 15:32:10,10.2
2026-01-27 15:32:11,10.2
2026-01-27 15:32:12,10.2
2026-01-27 15:32:13,10.2
2026-01-27 15:32:14,9.70
2026-01-27 15:32:15,9.70
2026-01-27 15:32:16,9.70
2026-01-27 15:32:17,9.70
2026-01-27 15:32:18,9.70
2026-01-27 15:32:19,9.73
2026-01-27 15:32:20,9.73
2026-01-27 15:32:21,9.73
2026-01-27 15:32:22,9.73
2026-01-27 15:32:23,9.73
2026-01-27 15:32:24,10.6
2026-01-27 15:32:25,10.6
2026-01-27 15:32:26,10.6
2026-01-27 15:32:27,10.6
2026-01-27 15:32:28,10.6
2026-01-27 15:32:29,9.43
2026-01-27 15:32:30,9.43
2026-01-27 15:32:31,9.43
2026-01-27 15:32:32,9.43
2026-01-27 15:32:33,9.43
2026-01-27 15:32:34,10.2
2026-01-27 15:32:35,10.2
2026-01-27 15:32:36,10.2
2026-01-27 15:32:37,10.2
2026-01-27 15:32:38,10.2
2026-01-27 15:32:39,9.41
2026-01-27 15:32:40,9.41
2026-01-27 15:32:41,9.41
2026-01-27 15:32:42,9.41
2026-01-27 15:32:43,9.41
2026-01-27 15:32:44,10.6
2026-01-27 15:32:45,10.6
2026-01-27 15:32:46,10.6
2026-01-27 15:32:47,10.6
2026-01-27 15:32:48,10.6
2026-01-27 15:32:49,12.5
2026-01-27 15:32:50,12.5
2026-01-27 15:32:51,12.5
2026-01-27 15:32:52,12.5
2026-01-27 15:32:53,12.5
2026-01-27 15:32:54,13.9
2026-01-27 15:32:55,13.9
2026-01-27 15:32:56,13.9
2026-01-27 15:32:57,13.9
2026-01-27 15:32:58,13.9
2026-01-27 15:32:59,11.4
2026-01-27 15:33:00,11.4
2026-01-27 15:33:01,11.4
2026-01-27 15:33:02,11.4
2026-01-27 15:33:03,11.4
2026-01-27 15:33:04,10.2
2026-01-27 15:33:05,10.2
2026-01-27 15:33:06,10.2
2026-01-27 15:33:07,10.2
2026-01-27 15:33:08,10.2
2026-01-27 15:33:09,9.15
2026-01-27 15:33:10,9.15
2026-01-27 15:33:11,9.15
2026-01-27 15:33:12,9.15
2026-01-27 15:33:13,9.15
2026-01-27 15:33:14,9.54
2026-01-27 15:33:15,9.54
2026-01-27 15:33:16,9.54
2026-01-27 15:33:17,9.54
2026-01-27 15:33:18,9.54
2026-01-27 15:33:19,9.15
2026-01-27 15:33:20,9.15
2026-01-27 15:33:21,9.15
2026-01-27 15:33:22,9.15
2026-01-27 15:33:23,9.15
2026-01-27 15:33:24,10.2
2026-01-27 15:33:25,10.2
2026-01-27 15:33:26,10.2
2026-01-27 15:33:27,10.2
2026-01-27 15:33:28,10.2
2026-01-27 15:33:29,9.77
2026-01-27 15:33:30,9.77
2026-01-27 15:33:31,9.77
2026-01-27 15:33:32,9.77
2026-01-27 15:33:33,9.77
2026-01-27 15:33:34,9.96
2026-01-27 15:33:35,9.96
2026-01-27 15:33:36,9.96
2026-01-27 15:33:37,9.96
2026-01-27 15:33:38,9.96
2026-01-27 15:33:39,10.3
2026-01-27 15:33:40,10.3
2026-01-27 15:33:41,10.3
2026-01-27 15:33:42,10.3
2026-01-27 15:33:43,10.3
2026-01-27 15:33:44,9.69
2026-01-27 15:33:45,9.69
2026-01-27 15:33:46,9.69
2026-01-27 15:33:47,9.69
2026-01-27 15:33:48,9.69
2026-01-27 15:33:49,9.84
2026-01-27 15:33:50,9.84
2026-01-27 15:33:51,9.84
2026-01-27 15:33:52,9.84
2026-01-27 15:33:53,9.84
2026-01-27 15:33:54,10.7
2026-01-27 15:33:55,10.7
2026-01-27 15:33:56,10.7
2026-01-27 15:33:57,10.7
2026-01-27 15:33:58,10.7
2026-01-27 15:33:59,10.4
2026-01-27 15:34:00,10.4
2026-01-27 15:34:01,10.4
2026-01-27 15:34:02,10.4
2026-01-27 15:34:03,10.4
2026-01-27 15:34:04,11.1
2026-01-27 15:34:05,11.1
2026-01-27 15:34:06,11.1
2026-01-27 15:34:07,11.1
2026-01-27 15:34:08,11.1
2026-01-27 15:34:09,12.9
2026-01-27 15:34:10,12.9
2026-01-27 15:34:11,12.9
2026-01-27 15:34:12,12.9
2026-01-27 15:34:13,12.9
2026-01-27 15:34:14,8.63
2026-01-27 15:34:15,8.63
2026-01-27 15:34:16,8.63
2026-01-27 15:34:17,8.63
2026-01-27 15:34:18,8.63
2026-01-27 15:34:19,8.53
2026-01-27 15:34:20,8.53
2026-01-27 15:34:21,8.53
2026-01-27 15:34:22,8.53
2026-01-27 15:34:23,8.53
2026-01-27 15:34:24,9.43
2026-01-27 15:34:25,9.43
2026-01-27 15:34:26,9.43
2026-01-27 15:34:27,9.43
2026-01-27 15:34:28,9.43
2026-01-27 15:34:29,10.2
2026-01-27 15:34:30,10.2
2026-01-27 15:34:31,10.2
2026-01-27 15:34:32,10.2
2026-01-27 15:34:33,10.2
2026-01-27 15:34:34,8.72
2026-01-27 15:34:35,8.72
2026-01-27 15:34:36,8.72
2026-01-27 15:34:37,8.72
2026-01-27 15:34:38,8.72
2026-01-27 15:34:39,7.51
2026-01-27 15:34:40,7.51
2026-01-27 15:34:41,7.51
2026-01-27 15:34:42,7.51
2026-01-27 15:34:43,7.51
2026-01-27 15:34:44,8.25
2026-01-27 15:34:45,8.25
2026-01-27 15:34:46,8.25
2026-01-27 15:34:47,8.25
2026-01-27 15:34:48,8.25
2026-01-27 15:34:49,7.48
2026-01-27 15:34:50,7.48
2026-01-27 15:34:51,7.48
2026-01-27 15:34:52,7.48
2026-01-27 15:34:53,7.48
2026-01-27 15:34:54,8.20
2026-01-27 15:34:55,8.20
2026-01-27 15:34:56,8.20
2026-01-27 15:34:57,8.20
2026-01-27 15:34:58,8.20
2026-01-27 15:34:59,7.47
2026-01-27 15:35:00,7.47
2026-01-27 15:35:01,7.47
2026-01-27 15:35:02,7.47
2026-01-27 15:35:03,7.47
2026-01-27 15:35:04,8.23
2026-01-27 15:35:05,8.23
2026-01-27 15:35:06,8.23
2026-01-27 15:35:07,8.23
2026-01-27 15:35:08,8.23
2026-01-27 15:35:09,9.68
2026-01-27 15:35:10,9.68
2026-01-27 15:35:11,9.68
2026-01-27 15:35:12,9.68
2026-01-27 15:35:13,9.68
2026-01-27 15:35:14,6.70
2026-01-27 15:35:15,6.70
2026-01-27 15:35:16,6.70
2026-01-27 15:35:17,6.70
2026-01-27 15:35:18,6.70
2026-01-27 15:35:19,0
2026-01-27 15:35:20,0
2026-01-27 15:35:21,0
2026-01-27 15:35:22,0
2026-01-27 15:35:23,0
2026-01-27 15:35:24,0
2026-01-27 15:35:25,0
2026-01-27 15:35:26,0
2026-01-27 15:35:27,0
2026-01-27 15:35:28,0
2026-01-27 15:35:29,0
2026-01-27 15:35:30,0
2026-01-27 15:35:31,0
2026-01-27 15:35:32,0
2026-01-27 15:35:33,0
2026-01-27 15:35:34,0
2026-01-27 15:35:35,0
2026-01-27 15:35:36,0
2026-01-27 15:35:37,0
2026-01-27 15:35:38,0
2026-01-27 15:35:39,0
2026-01-27 15:35:40,0
2026-01-27 15:35:41,0
2026-01-27 15:35:42,0
2026-01-27 15:35:43,0
2026-01-27 15:35:44,0
2026-01-27 15:35:45,0
2026-01-27 15:35:46,0
2026-01-27 15:35:47,0
2026-01-27 15:35:48,0
2026-01-27 15:35:49,0
2026-01-27 15:35:50,0
2026-01-27 15:35:51,0
2026-01-27 15:35:52,0
2026-01-27 15:35:53,0
2026-01-27 15:35:54,0
2026-01-27 15:35:55,0
2026-01-27 15:35:56,0
2026-01-27 15:35:57,0
2026-01-27 15:35:58,0
2026-01-27 15:35:59,0
2026-01-27 15:36:00,0
2026-01-27 15:36:01,0
2026-01-27 15:36:02,0
2026-01-27 15:36:03,0
2026-01-27 15:36:04,0
2026-01-27 15:36:05,0
2026-01-27 15:36:06,0
2026-01-27 15:36:07,0
2026-01-27 15:36:08,0
2026-01-27 15:36:09,0
2026-01-27 15:36:10,0
2026-01-27 15:36:11,0
2026-01-27 15:36:12,0
2026-01-27 15:36:13,0
2026-01-27 15:36:14,0
2026-01-27 15:36:15,0
2026-01-27 15:36:16,0
2026-01-27 15:36:17,0
2026-01-27 15:36:18,0
2026-01-27 15:36:19,0
2026-01-27 15:36:20,0
2026-01-27 15:36:21,0
2026-01-27 15:36:22,0
2026-01-27 15:36:23,0
2026-01-27 15:36:24,0
2026-01-27 15:36:25,0
2026-01-27 15:36:26,0
2026-01-27 15:36:27,0
2026-01-27 15:36:28,0
2026-01-27 15:36:29,0
2026-01-27 15:36:30,0
2026-01-27 15:36:31,0
2026-01-27 15:36:32,0
2026-01-27 15:36:33,0
2026-01-27 15:36:34,0
2026-01-27 15:36:35,0
2026-01-27 15:36:36,0
2026-01-27 15:36:37,0
2026-01-27 15:36:38,0
2026-01-27 15:36:39,0
2026-01-27 15:36:40,0
2026-01-27 15:36:41,0
2026-01-27 15:36:42,0
2026-01-27 15:36:43,0
2026-01-27 15:36:44,0
2026-01-27 15:36:45,0
2026-01-27 15:36:46,0
2026-01-27 15:36:47,0
2026-01-27 15:36:48,0
2026-01-27 15:36:49,0
2026-01-27 15:36:50,0
2026-01-27 15:36:51,0
2026-01-27 15:36:52,0
2026-01-27 15:36:53,0
2026-01-27 15:36:59,1.62
2026-01-27 15:37:00,1.62
2026-01-27 15:37:01,1.62
2026-01-27 15:37:02,1.62
2026-01-27 15:37:03,1.62
2026-01-27 15:37:04,9.26
2026-01-27 15:37:05,9.26
2026-01-27 15:37:06,9.26
2026-01-27 15:37:07,9.26
2026-01-27 15:37:08,9.26
2026-01-27 15:37:09,9.72
2026-01-27 15:37:10,9.72
2026-01-27 15:37:11,9.72
2026-01-27 15:37:12,9.72
2026-01-27 15:37:13,9.72
2026-01-27 15:37:14,9.88
2026-01-27 15:37:15,9.88
2026-01-27 15:37:16,9.88
2026-01-27 15:37:17,9.88
2026-01-27 15:37:18,9.88
2026-01-27 15:37:19,9.63
2026-01-27 15:37:20,9.63
2026-01-27 15:37:21,9.63
2026-01-27 15:37:22,9.63
2026-01-27 15:37:23,9.63
2026-01-27 15:37:24,10.6
2026-01-27 15:37:25,10.6
2026-01-27 15:37:26,10.6
2026-01-27 15:37:27,10.6
2026-01-27 15:37:28,10.6
2026-01-27 15:37:29,9.83
2026-01-27 15:37:30,9.83
2026-01-27 15:37:31,9.83
2026-01-27 15:37:32,9.83
2026-01-27 15:37:33,9.83
2026-01-27 15:37:34,11.7
2026-01-27 15:37:35,11.7
2026-01-27 15:37:36,11.7
2026-01-27 15:37:37,11.7
2026-01-27 15:37:38,11.7
2026-01-27 15:37:39,10.5
2026-01-27 15:37:40,10.5
2026-01-27 15:37:41,10.5
2026-01-27 15:37:42,10.5
2026-01-27 15:37:43,10.5
2026-01-27 15:37:44,10.3
2026-01-27 15:37:45,10.3
2026-01-27 15:37:46,10.3
2026-01-27 15:37:47,10.3
2026-01-27 15:37:48,10.3
2026-01-27 15:37:49,11.3
2026-01-27 15:37:50,11.3
2026-01-27 15:37:51,11.3
2026-01-27 15:37:52,11.3
2026-01-27 15:37:53,11.3
2026-01-27 15:37:54,11.5
2026-01-27 15:37:55,11.5
2026-01-27 15:37:56,11.5
2026-01-27 15:37:57,11.5
2026-01-27 15:37:58,11.5
2026-01-27 15:37:59,8.86
2026-01-27 15:38:00,8.86
2026-01-27 15:38:01,8.86
2026-01-27 15:38:02,8.86
2026-01-27 15:38:03,8.86
2026-01-27 15:38:04,9.19
2026-01-27 15:38:05,9.19
2026-01-27 15:38:06,9.19
2026-01-27 15:38:07,9.19
2026-01-27 15:38:08,9.19
2026-01-27 15:38:09,8.81
2026-01-27 15:38:10,8.81
2026-01-27 15:38:11,8.81
2026-01-27 15:38:12,8.81
2026-01-27 15:38:13,8.81
2026-01-27 15:38:14,10.2
2026-01-27 15:38:15,10.2
2026-01-27 15:38:16,10.2
2026-01-27 15:38:17,10.2
2026-01-27 15:38:18,10.2
2026-01-27 15:38:19,10.1
2026-01-27 15:38:20,10.1
2026-01-27 15:38:21,10.1
2026-01-27 15:38:22,10.1
2026-01-27 15:38:23,10.1
2026-01-27 15:38:24,12.7
2026-01-27 15:38:25,12.7
2026-01-27 15:38:26,12.7
2026-01-27 15:38:27,12.7
2026-01-27 15:38:28,12.7
2026-01-27 15:38:29,10.3
2026-01-27 15:38:30,10.3
2026-01-27 15:38:31,10.3
2026-01-27 15:38:32,10.3
2026-01-27 15:38:33,10.3
2026-01-27 15:38:34,9.34
2026-01-27 15:38:35,9.34
2026-01-27 15:38:36,9.34
2026-01-27 15:38:37,9.34
2026-01-27 15:38:38,9.34
2026-01-27 15:38:39,8.70
2026-01-27 15:38:40,8.70
2026-01-27 15:38:41,8.70
2026-01-27 15:38:42,8.70
2026-01-27 15:38:43,8.70
2026-01-27 15:38:44,9.33
2026-01-27 15:38:45,9.33
2026-01-27 15:38:46,9.33
2026-01-27 15:38:47,9.33
2026-01-27 15:38:48,9.33
2026-01-27 15:38:49,9.07
2026-01-27 15:38:50,9.07
2026-01-27 15:38:51,9.07
2026-01-27 15:38:52,9.07
2026-01-27 15:38:53,9.07
2026-01-27 15:38:54,9.69
2026-01-27 15:38:55,9.69
2026-01-27 15:38:56,9.69
2026-01-27 15:38:57,9.69
2026-01-27 15:38:58,9.69
2026-01-27 15:38:59,8.56
2026-01-27 15:39:00,8.56
2026-01-27 15:39:01,8.56
2026-01-27 15:39:02,8.56
2026-01-27 15:39:03,8.56
2026-01-27 15:39:04,9.34
2026-01-27 15:39:05,9.34
2026-01-27 15:39:06,9.34
2026-01-27 15:39:07,9.34
2026-01-27 15:39:08,9.34
2026-01-27 15:39:09,8.70
2026-01-27 15:39:10,8.70
2026-01-27 15:39:11,8.70
2026-01-27 15:39:12,8.70
2026-01-27 15:39:13,8.70
2026-01-27 15:39:14,8.73
2026-01-27 15:39:15,8.73
2026-01-27 15:39:16,8.73
2026-01-27 15:39:17,8.73
2026-01-27 15:39:18,8.73
2026-01-27 15:39:19,8.42
2026-01-27 15:39:20,8.42
2026-01-27 15:39:21,8.42
2026-01-27 15:39:22,8.42
2026-01-27 15:39:23,8.42
2026-01-27 15:39:24,13.3
2026-01-27 15:39:25,13.3
2026-01-27 15:39:26,13.3
2026-01-27 15:39:27,13.3
2026-01-27 15:39:28,13.3
2026-01-27 15:39:29,13.9
2026-01-27 15:39:30,13.9
2026-01-27 15:39:31,13.9
2026-01-27 15:39:32,13.9
2026-01-27 15:39:33,13.9
2026-01-27 15:39:34,13.8
2026-01-27 15:39:35,13.8
2026-01-27 15:39:36,13.8
2026-01-27 15:39:37,13.8
2026-01-27 15:39:38,13.8
2026-01-27 15:39:39,11.7
2026-01-27 15:39:40,11.7
2026-01-27 15:39:41,11.7
2026-01-27 15:39:42,11.7
2026-01-27 15:39:43,11.7
2026-01-27 15:39:44,8.94
2026-01-27 15:39:45,8.94
2026-01-27 15:39:46,8.94
2026-01-27 15:39:47,8.94
2026-01-27 15:39:48,8.94
2026-01-27 15:39:49,7.81
2026-01-27 15:39:50,7.81
2026-01-27 15:39:51,7.81
2026-01-27 15:39:52,7.81
2026-01-27 15:39:53,7.81
2026-01-27 15:39:54,10.9
2026-01-27 15:39:55,10.9
2026-01-27 15:39:56,10.9
2026-01-27 15:39:57,10.9
2026-01-27 15:39:58,10.9
2026-01-27 15:39:59,8.31
2026-01-27 15:40:00,8.31
2026-01-27 15:40:01,8.31
2026-01-27 15:40:02,8.31
2026-01-27 15:40:03,8.31
2026-01-27 15:40:04,7.47
2026-01-27 15:40:05,7.47
2026-01-27 15:40:06,7.47
2026-01-27 15:40:07,7.47
2026-01-27 15:40:08,7.47
2026-01-27 15:40:09,6.63
2026-01-27 15:40:10,6.63
2026-01-27 15:40:11,6.63
2026-01-27 15:40:12,6.63
2026-01-27 15:40:13,6.63
2026-01-27 15:40:14,6.70
2026-01-27 15:40:15,6.70
2026-01-27 15:40:16,6.70
2026-01-27 15:40:17,6.70
2026-01-27 15:40:18,6.70
2026-01-27 15:40:19,6.63
2026-01-27 15:40:20,6.63
2026-01-27 15:40:21,6.63
2026-01-27 15:40:22,6.63
2026-01-27 15:40:23,6.63
2026-01-27 15:40:24,7.43
2026-01-27 15:40:25,7.43
2026-01-27 15:40:26,7.43
2026-01-27 15:40:27,7.43
2026-01-27 15:40:28,7.43
2026-01-27 15:40:29,7.17
2026-01-27 15:40:30,7.17
2026-01-27 15:40:31,7.17
2026-01-27 15:40:32,7.17
2026-01-27 15:40:33,7.17
2026-01-27 15:40:34,7.80
2026-01-27 15:40:35,7.80
2026-01-27 15:40:36,7.80
2026-01-27 15:40:37,7.80
2026-01-27 15:40:38,7.80
2026-01-27 15:40:39,6.65
2026-01-27 15:40:40,6.65
2026-01-27 15:40:41,6.65
2026-01-27 15:40:42,6.65
2026-01-27 15:40:43,6.65
2026-01-27 15:40:44,7.30
2026-01-27 15:40:45,7.30
2026-01-27 15:40:46,7.30
2026-01-27 15:40:47,7.30
2026-01-27 15:40:48,7.30
2026-01-27 15:40:49,6.62
2026-01-27 15:40:50,6.62
2026-01-27 15:40:51,6.62
2026-01-27 15:40:52,6.62
2026-01-27 15:40:53,6.62
2026-01-27 15:40:54,6.32
2026-01-27 15:40:55,6.32
2026-01-27 15:40:56,6.32
2026-01-27 15:40:57,6.32
2026-01-27 15:40:58,6.32
2026-01-27 15:40:59,7.44
2026-01-27 15:41:00,7.44
2026-01-27 15:41:01,7.44
2026-01-27 15:41:02,7.44
2026-01-27 15:41:03,7.44
2026-01-27 15:41:04,8.49
2026-01-27 15:41:05,8.49
2026-01-27 15:41:06,8.49
2026-01-27 15:41:07,8.49
2026-01-27 15:41:08,8.49
2026-01-27 15:41:09,7.21
2026-01-27 15:41:10,7.21
2026-01-27 15:41:11,7.21
2026-01-27 15:41:12,7.21
2026-01-27 15:41:13,7.21
2026-01-27 15:41:14,7.28
2026-01-27 15:41:15,7.28
2026-01-27 15:41:16,7.28
2026-01-27 15:41:17,7.28
2026-01-27 15:41:18,7.28
2026-01-27 15:41:19,7.19
2026-01-27 15:41:20,7.19
2026-01-27 15:41:21,7.19
2026-01-27 15:41:22,7.19
2026-01-27 15:41:23,7.19
2026-01-27 15:41:24,7.84
2026-01-27 15:41:25,7.84
2026-01-27 15:41:26,7.84
2026-01-27 15:41:27,7.84
2026-01-27 15:41:28,7.84
2026-01-27 15:41:29,7.16
2026-01-27 15:41:30,7.16
2026-01-27 15:41:31,7.16
2026-01-27 15:41:32,7.16
2026-01-27 15:41:33,7.16
2026-01-27 15:41:34,8.78
2026-01-27 15:41:35,8.78
2026-01-27 15:41:36,8.78
2026-01-27 15:41:37,8.78
2026-01-27 15:41:38,8.78
2026-01-27 15:41:39,8.28
2026-01-27 15:41:40,8.28
2026-01-27 15:41:41,8.28
2026-01-27 15:41:42,8.28
2026-01-27 15:41:43,8.28
2026-01-27 15:41:44,9.06
2026-01-27 15:41:45,9.06
2026-01-27 15:41:46,9.06
2026-01-27 15:41:47,9.06
2026-01-27 15:41:48,9.06
2026-01-27 15:41:49,8.08
2026-01-27 15:41:50,8.08
2026-01-27 15:41:51,8.08
2026-01-27 15:41:52,8.08
2026-01-27 15:41:53,8.08
2026-01-27 15:41:54,8.79
2026-01-27 15:41:55,8.79
2026-01-27 15:41:56,8.79
2026-01-27 15:41:57,8.79
2026-01-27 15:41:58,8.79
2026-01-27 15:41:59,7.90
2026-01-27 15:42:00,7.90
2026-01-27 15:42:01,7.90
2026-01-27 15:42:02,7.90
2026-01-27 15:42:03,7.90
2026-01-27 15:42:04,9.96
2026-01-27 15:42:05,9.96
2026-01-27 15:42:06,9.96
2026-01-27 15:42:07,9.96
2026-01-27 15:42:08,9.96
2026-01-27 15:42:09,8.93
2026-01-27 15:42:10,8.93
2026-01-27 15:42:11,8.93
2026-01-27 15:42:12,8.93
2026-01-27 15:42:13,8.93
2026-01-27 15:42:14,10.1
2026-01-27 15:42:15,10.1
2026-01-27 15:42:16,10.1
2026-01-27 15:42:17,10.1
2026-01-27 15:42:18,10.1
2026-01-27 15:42:19,9.70
2026-01-27 15:42:20,9.70
2026-01-27 15:42:21,9.70
2026-01-27 15:42:22,9.70
2026-01-27 15:42:23,9.70
2026-01-27 15:42:24,10.2
2026-01-27 15:42:25,10.2
2026-01-27 15:42:26,10.2
2026-01-27 15:42:27,10.2
2026-01-27 15:42:28,10.2
2026-01-27 15:42:29,9.54
2026-01-27 15:42:30,9.54
2026-01-27 15:42:31,9.54
2026-01-27 15:42:32,9.54
2026-01-27 15:42:33,9.54
2026-01-27 15:42:34,10.1
2026-01-27 15:42:35,10.1
2026-01-27 15:42:36,10.1
2026-01-27 15:42:37,10.1
2026-01-27 15:42:38,10.1
2026-01-27 15:42:39,9.89
2026-01-27 15:42:40,9.89
2026-01-27 15:42:41,9.89
2026-01-27 15:42:42,9.89
2026-01-27 15:42:43,9.89
2026-01-27 15:42:44,10.2
2026-01-27 15:42:45,10.2
2026-01-27 15:42:46,10.2
2026-01-27 15:42:47,10.2
2026-01-27 15:42:48,10.2
2026-01-27 15:42:49,9.41
2026-01-27 15:42:50,9.41
2026-01-27 15:42:51,9.41
2026-01-27 15:42:52,9.41
2026-01-27 15:42:53,9.41
2026-01-27 15:42:54,12.0
2026-01-27 15:42:55,12.0
2026-01-27 15:42:56,12.0
2026-01-27 15:42:57,12.0
2026-01-27 15:42:58,12.0
2026-01-27 15:42:59,10.0
2026-01-27 15:43:00,10.0
2026-01-27 15:43:01,10.0
2026-01-27 15:43:02,10.0
2026-01-27 15:43:03,10.0
2026-01-27 15:43:04,10.5
2026-01-27 15:43:05,10.5
2026-01-27 15:43:06,10.5
2026-01-27 15:43:07,10.5
2026-01-27 15:43:08,10.5
2026-01-27 15:43:09,10.2
2026-01-27 15:43:10,10.2
2026-01-27 15:43:11,10.2
2026-01-27 15:43:12,10.2
2026-01-27 15:43:13,10.2
2026-01-27 15:43:14,9.95
2026-01-27 15:43:15,9.95
2026-01-27 15:43:16,9.95
2026-01-27 15:43:17,9.95
2026-01-27 15:43:18,9.95
2026-01-27 15:43:19,9.74
2026-01-27 15:43:20,9.74
2026-01-27 15:43:21,9.74
2026-01-27 15:43:22,9.74
2026-01-27 15:43:23,9.74
2026-01-27 15:43:24,10.6
2026-01-27 15:43:25,10.6
2026-01-27 15:43:26,10.6
2026-01-27 15:43:27,10.6
2026-01-27 15:43:28,10.6
2026-01-27 15:43:29,11.0
2026-01-27 15:43:30,11.0
2026-01-27 15:43:31,11.0
2026-01-27 15:43:32,11.0
2026-01-27 15:43:33,11.0
2026-01-27 15:43:34,10.2
2026-01-27 15:43:35,10.2
2026-01-27 15:43:36,10.2
2026-01-27 15:43:37,10.2
2026-01-27 15:43:38,10.2
2026-01-27 15:43:39,8.85
2026-01-27 15:43:40,8.85
2026-01-27 15:43:41,8.85
2026-01-27 15:43:42,8.85
2026-01-27 15:43:43,8.85
2026-01-27 15:43:44,8.87
2026-01-27 15:43:45,8.87
2026-01-27 15:43:46,8.87
2026-01-27 15:43:47,8.87
2026-01-27 15:43:48,8.87
2026-01-27 15:43:49,0
2026-01-27 15:43:50,0
2026-01-27 15:43:51,0
2026-01-27 15:43:52,0
2026-01-27 15:43:53,0
2026-01-27 15:43:54,0
2026-01-27 15:43:55,0
2026-01-27 15:43:56,0
2026-01-27 15:43:57,0
2026-01-27 15:43:58,0
2026-01-27 15:43:59,0
2026-01-27 15:44:00,0
2026-01-27 15:44:01,0
2026-01-27 15:44:02,0
2026-01-27 15:44:03,0
2026-01-27 15:44:04,0
2026-01-27 15:44:05,0
2026-01-27 15:44:06,0
2026-01-27 15:44:07,0
2026-01-27 15:44:08,0
2026-01-27 15:44:09,0
2026-01-27 15:44:10,0
2026-01-27 15:44:11,0
2026-01-27 15:44:12,0
2026-01-27 15:44:13,0
2026-01-27 15:44:14,0
2026-01-27 15:44:15,0
2026-01-27 15:44:16,0
2026-01-27 15:44:17,0
2026-01-27 15:44:18,0
2026-01-27 15:44:19,0
2026-01-27 15:44:20,0
2026-01-27 15:44:21,0
2026-01-27 15:44:22,0
2026-01-27 15:44:23,0
2026-01-27 15:44:24,0
2026-01-27 15:44:25,0
2026-01-27 15:44:26,0
2026-01-27 15:44:27,0
2026-01-27 15:44:28,0
2026-01-27 15:44:29,0
2026-01-27 15:44:30,0
2026-01-27 15:44:31,0
2026-01-27 15:44:32,0
2026-01-27 15:44:33,0
2026-01-27 15:44:34,0
2026-01-27 15:44:35,0
2026-01-27 15:44:36,0
2026-01-27 15:44:37,0
2026-01-27 15:44:38,0
2026-01-27 15:44:39,0
2026-01-27 15:44:40,0
2026-01-27 15:44:41,0
2026-01-27 15:44:42,0
2026-01-27 15:44:43,0
2026-01-27 15:44:44,0
2026-01-27 15:44:45,0
2026-01-27 15:44:46,0
2026-01-27 15:44:47,0
2026-01-27 15:44:48,0
2026-01-27 15:44:49,0
2026-01-27 15:44:50,0
2026-01-27 15:44:51,0
2026-01-27 15:44:52,0
2026-01-27 15:44:53,0
2026-01-27 15:44:54,0
2026-01-27 15:44:55,0
2026-01-27 15:44:56,0
2026-01-27 15:44:57,0
2026-01-27 15:44:58,0
2026-01-27 15:44:59,0
2026-01-27 15:45:00,0
2026-01-27 15:45:01,0
2026-01-27 15:45:02,0
2026-01-27 15:45:03,0
2026-01-27 15:45:04,0
2026-01-27 15:45:05,0
2026-01-27 15:45:06,0
2026-01-27 15:45:07,0
2026-01-27 15:45:08,0
2026-01-27 15:45:09,0
2026-01-27 15:45:10,0
2026-01-27 15:45:11,0
2026-01-27 15:45:12,0
2026-01-27 15:45:13,0
2026-01-27 15:45:14,0
2026-01-27 15:45:15,0
2026-01-27 15:45:16,0
2026-01-27 15:45:17,0
2026-01-27 15:45:18,0
2026-01-27 15:45:19,0
2026-01-27 15:45:20,0
2026-01-27 15:45:21,0
2026-01-27 15:45:22,0
2026-01-27 15:45:23,0
2026-01-27 15:45:49,0.689
2026-01-27 15:45:50,0.689
2026-01-27 15:45:51,0.689
2026-01-27 15:45:52,0.689
2026-01-27 15:45:53,0.689
2026-01-27 15:45:54,4.45
2026-01-27 15:45:55,4.45
2026-01-27 15:45:56,4.45
2026-01-27 15:45:57,4.45
2026-01-27 15:45:58,4.45
2026-01-27 15:45:59,5.91
2026-01-27 15:46:00,5.91
2026-01-27 15:46:01,5.91
2026-01-27 15:46:02,5.91
2026-01-27 15:46:03,5.91
2026-01-27 15:46:04,7.26
2026-01-27 15:46:05,7.26
2026-01-27 15:46:06,7.26
2026-01-27 15:46:07,7.26
2026-01-27 15:46:08,7.26
2026-01-27 15:46:09,6.30
2026-01-27 15:46:10,6.30
2026-01-27 15:46:11,6.30
2026-01-27 15:46:12,6.30
2026-01-27 15:46:13,6.30
2026-01-27 15:46:14,5.72
2026-01-27 15:46:15,5.72
2026-01-27 15:46:16,5.72
2026-01-27 15:46:17,5.72
2026-01-27 15:46:18,5.72
2026-01-27 15:46:19,5.60
2026-01-27 15:46:20,5.60
2026-01-27 15:46:21,5.60
2026-01-27 15:46:22,5.60
2026-01-27 15:46:23,5.60
2026-01-27 15:46:24,6.21
2026-01-27 15:46:25,6.21
2026-01-27 15:46:26,6.21
2026-01-27 15:46:27,6.21
2026-01-27 15:46:28,6.21
2026-01-27 15:46:29,5.99
2026-01-27 15:46:30,5.99
2026-01-27 15:46:31,5.99
2026-01-27 15:46:32,5.99
2026-01-27 15:46:33,5.99
2026-01-27 15:46:34,8.23
2026-01-27 15:46:35,8.23
2026-01-27 15:46:36,8.23
2026-01-27 15:46:37,8.23
2026-01-27 15:46:38,8.23
2026-01-27 15:46:39,6.68
2026-01-27 15:46:40,6.68
2026-01-27 15:46:41,6.68
2026-01-27 15:46:42,6.68
2026-01-27 15:46:43,6.68
2026-01-27 15:46:44,10.6
2026-01-27 15:46:45,10.6
2026-01-27 15:46:46,10.6
2026-01-27 15:46:47,10.6
2026-01-27 15:46:48,10.6
2026-01-27 15:46:49,7.59
2026-01-27 15:46:50,7.59
2026-01-27 15:46:51,7.59
2026-01-27 15:46:52,7.59
2026-01-27 15:46:53,7.59
2026-01-27 15:46:54,6.43
2026-01-27 15:46:55,6.43
2026-01-27 15:46:56,6.43
2026-01-27 15:46:57,6.43
2026-01-27 15:46:58,6.43
2026-01-27 15:46:59,5.62
2026-01-27 15:47:00,5.62
2026-01-27 15:47:01,5.62
2026-01-27 15:47:02,5.62
2026-01-27 15:47:03,5.62
2026-01-27 15:47:04,5.35
2026-01-27 15:47:05,5.35
2026-01-27 15:47:06,5.35
2026-01-27 15:47:07,5.35
2026-01-27 15:47:08,5.35
2026-01-27 15:47:09,5.82
2026-01-27 15:47:10,5.82
2026-01-27 15:47:11,5.82
2026-01-27 15:47:12,5.82
2026-01-27 15:47:13,5.82
2026-01-27 15:47:14,5.96
2026-01-27 15:47:15,5.96
2026-01-27 15:47:16,5.96
2026-01-27 15:47:17,5.96
2026-01-27 15:47:18,5.96
2026-01-27 15:47:19,6.05
2026-01-27 15:47:20,6.05
2026-01-27 15:47:21,6.05
2026-01-27 15:47:22,6.05
2026-01-27 15:47:23,6.05
2026-01-27 15:47:24,6.65
2026-01-27 15:47:25,6.65
2026-01-27 15:47:26,6.65
2026-01-27 15:47:27,6.65
2026-01-27 15:47:28,6.65
2026-01-27 15:47:29,6.60
2026-01-27 15:47:30,6.60
2026-01-27 15:47:31,6.60
2026-01-27 15:47:32,6.60
2026-01-27 15:47:33,6.60
2026-01-27 15:47:34,7.70
2026-01-27 15:47:35,7.70
2026-01-27 15:47:36,7.70
2026-01-27 15:47:37,7.70
2026-01-27 15:47:38,7.70
2026-01-27 15:47:39,5.96
2026-01-27 15:47:40,5.96
2026-01-27 15:47:41,5.96
2026-01-27 15:47:42,5.96
2026-01-27 15:47:43,5.96
2026-01-27 15:47:44,6.59
2026-01-27 15:47:45,6.59
2026-01-27 15:47:46,6.59
2026-01-27 15:47:47,6.59
2026-01-27 15:47:48,6.59
2026-01-27 15:47:49,5.85
2026-01-27 15:47:50,5.85
2026-01-27 15:47:51,5.85
2026-01-27 15:47:52,5.85
2026-01-27 15:47:53,5.85
2026-01-27 15:47:54,7.95
2026-01-27 15:47:55,7.95
2026-01-27 15:47:56,7.95
2026-01-27 15:47:57,7.95
2026-01-27 15:47:58,7.95
2026-01-27 15:47:59,7.39
2026-01-27 15:48:00,7.39
2026-01-27 15:48:01,7.39
2026-01-27 15:48:02,7.39
2026-01-27 15:48:03,7.39
2026-01-27 15:48:04,7.68
2026-01-27 15:48:05,7.68
2026-01-27 15:48:06,7.68
2026-01-27 15:48:07,7.68
2026-01-27 15:48:08,7.68
2026-01-27 15:48:09,7.36
2026-01-27 15:48:10,7.36
2026-01-27 15:48:11,7.36
2026-01-27 15:48:12,7.36
2026-01-27 15:48:13,7.36
2026-01-27 15:48:14,7.03
2026-01-27 15:48:15,7.03
2026-01-27 15:48:16,7.03
2026-01-27 15:48:17,7.03
2026-01-27 15:48:18,7.03
2026-01-27 15:48:19,7.30
2026-01-27 15:48:20,7.30
2026-01-27 15:48:21,7.30
2026-01-27 15:48:22,7.30
2026-01-27 15:48:23,7.30
2026-01-27 15:48:24,9.20
2026-01-27 15:48:25,9.20
2026-01-27 15:48:26,9.20
2026-01-27 15:48:27,9.20
2026-01-27 15:48:28,9.20
2026-01-27 15:48:29,8.33
2026-01-27 15:48:30,8.33
2026-01-27 15:48:31,8.33
2026-01-27 15:48:32,8.33
2026-01-27 15:48:33,8.33
2026-01-27 15:48:34,10.3
2026-01-27 15:48:35,10.3
2026-01-27 15:48:36,10.3
2026-01-27 15:48:37,10.3
2026-01-27 15:48:38,10.3
2026-01-27 15:48:39,9.46
2026-01-27 15:48:40,9.46
2026-01-27 15:48:41,9.46
2026-01-27 15:48:42,9.46
2026-01-27 15:48:43,9.46
2026-01-27 15:48:44,9.01
2026-01-27 15:48:45,9.01
2026-01-27 15:48:46,9.01
2026-01-27 15:48:47,9.01
2026-01-27 15:48:48,9.01
2026-01-27 15:48:49,9.53
2026-01-27 15:48:50,9.53
2026-01-27 15:48:51,9.53
2026-01-27 15:48:52,9.53
2026-01-27 15:48:53,9.53
2026-01-27 15:48:54,10.2
2026-01-27 15:48:55,10.2
2026-01-27 15:48:56,10.2
2026-01-27 15:48:57,10.2
2026-01-27 15:48:58,10.2
2026-01-27 15:48:59,9.74
2026-01-27 15:49:00,9.74
2026-01-27 15:49:01,9.74
2026-01-27 15:49:02,9.74
2026-01-27 15:49:03,9.74
2026-01-27 15:49:04,11.9
2026-01-27 15:49:05,11.9
2026-01-27 15:49:06,11.9
2026-01-27 15:49:07,11.9
2026-01-27 15:49:08,11.9
2026-01-27 15:49:09,10.2
2026-01-27 15:49:10,10.2
2026-01-27 15:49:11,10.2
2026-01-27 15:49:12,10.2
2026-01-27 15:49:13,10.2
2026-01-27 15:49:14,9.85
2026-01-27 15:49:15,9.85
2026-01-27 15:49:16,9.85
2026-01-27 15:49:17,9.85
2026-01-27 15:49:18,9.85
2026-01-27 15:49:19,9.68
2026-01-27 15:49:20,9.68
2026-01-27 15:49:21,9.68
2026-01-27 15:49:22,9.68
2026-01-27 15:49:23,9.68
2026-01-27 15:49:24,10.6
2026-01-27 15:49:25,10.6
2026-01-27 15:49:26,10.6
2026-01-27 15:49:27,10.6
2026-01-27 15:49:28,10.6
2026-01-27 15:49:29,9.75
2026-01-27 15:49:30,9.75
2026-01-27 15:49:31,9.75
2026-01-27 15:49:32,9.75
2026-01-27 15:49:33,9.75
2026-01-27 15:49:34,10.8
2026-01-27 15:49:35,10.8
2026-01-27 15:49:36,10.8
2026-01-27 15:49:37,10.8
2026-01-27 15:49:38,10.8
2026-01-27 15:49:39,9.85
2026-01-27 15:49:40,9.85
2026-01-27 15:49:41,9.85
2026-01-27 15:49:42,9.85
2026-01-27 15:49:43,9.85
2026-01-27 15:49:44,11.1
2026-01-27 15:49:45,11.1
2026-01-27 15:49:46,11.1
2026-01-27 15:49:47,11.1
2026-01-27 15:49:48,11.1
2026-01-27 15:49:49,10.00
2026-01-27 15:49:50,10.00
2026-01-27 15:49:51,10.00
2026-01-27 15:49:52,10.00
2026-01-27 15:49:53,10.00
2026-01-27 15:49:54,11.5
2026-01-27 15:49:55,11.5
2026-01-27 15:49:56,11.5
2026-01-27 15:49:57,11.5
2026-01-27 15:49:58,11.5
2026-01-27 15:49:59,8.97
2026-01-27 15:50:00,8.97
2026-01-27 15:50:01,8.97
2026-01-27 15:50:02,8.97
2026-01-27 15:50:03,8.97
2026-01-27 15:50:04,9.47
2026-01-27 15:50:05,9.47
2026-01-27 15:50:06,9.47
2026-01-27 15:50:07,9.47
2026-01-27 15:50:08,9.47
2026-01-27 15:50:09,8.78
2026-01-27 15:50:10,8.78
2026-01-27 15:50:11,8.78
2026-01-27 15:50:12,8.78
2026-01-27 15:50:13,8.78
2026-01-27 15:50:14,9.03
2026-01-27 15:50:15,9.03
2026-01-27 15:50:16,9.03
2026-01-27 15:50:17,9.03
2026-01-27 15:50:18,9.03
2026-01-27 15:50:19,8.87
2026-01-27 15:50:20,8.87
2026-01-27 15:50:21,8.87
2026-01-27 15:50:22,8.87
2026-01-27 15:50:23,8.87
2026-01-27 15:50:24,9.65
2026-01-27 15:50:25,9.65
2026-01-27 15:50:26,9.65
2026-01-27 15:50:27,9.65
2026-01-27 15:50:28,9.65
2026-01-27 15:50:29,8.82
2026-01-27 15:50:30,8.82
2026-01-27 15:50:31,8.82
2026-01-27 15:50:32,8.82
2026-01-27 15:50:33,8.82
2026-01-27 15:50:34,9.79
2026-01-27 15:50:35,9.79
2026-01-27 15:50:36,9.79
2026-01-27 15:50:37,9.79
2026-01-27 15:50:38,9.79
2026-01-27 15:50:39,8.93
2026-01-27 15:50:40,8.93
2026-01-27 15:50:41,8.93
2026-01-27 15:50:42,8.93
2026-01-27 15:50:43,8.93
2026-01-27 15:50:44,9.42
2026-01-27 15:50:45,9.42
2026-01-27 15:50:46,9.42
2026-01-27 15:50:47,9.42
2026-01-27 15:50:48,9.42
2026-01-27 15:50:49,9.24
2026-01-27 15:50:50,9.24
2026-01-27 15:50:51,9.24
2026-01-27 15:50:52,9.24
2026-01-27 15:50:53,9.24
2026-01-27 15:50:54,9.81
2026-01-27 15:50:55,9.81
2026-01-27 15:50:56,9.81
2026-01-27 15:50:57,9.81
2026-01-27 15:50:58,9.81
2026-01-27 15:50:59,8.72
2026-01-27 15:51:00,8.72
2026-01-27 15:51:01,8.72
2026-01-27 15:51:02,8.72
2026-01-27 15:51:03,8.72
2026-01-27 15:51:04,9.48
2026-01-27 15:51:05,9.48
2026-01-27 15:51:06,9.48
2026-01-27 15:51:07,9.48
2026-01-27 15:51:08,9.48
2026-01-27 15:51:09,8.74
2026-01-27 15:51:10,8.74
2026-01-27 15:51:11,8.74
2026-01-27 15:51:12,8.74
2026-01-27 15:51:13,8.74
2026-01-27 15:51:14,8.96
2026-01-27 15:51:15,8.96
2026-01-27 15:51:16,8.96
2026-01-27 15:51:17,8.96
2026-01-27 15:51:18,8.96
2026-01-27 15:51:19,8.83
2026-01-27 15:51:20,8.83
2026-01-27 15:51:21,8.83
2026-01-27 15:51:22,8.83
2026-01-27 15:51:23,8.83
2026-01-27 15:51:24,9.31
2026-01-27 15:51:25,9.31
2026-01-27 15:51:26,9.31
2026-01-27 15:51:27,9.31
2026-01-27 15:51:28,9.31
2026-01-27 15:51:29,9.06
2026-01-27 15:51:30,9.06
2026-01-27 15:51:31,9.06
2026-01-27 15:51:32,9.06
2026-01-27 15:51:33,9.06
2026-01-27 15:51:34,11.9
2026-01-27 15:51:35,11.9
2026-01-27 15:51:36,11.9
2026-01-27 15:51:37,11.9
2026-01-27 15:51:38,11.9
2026-01-27 15:51:39,8.43
2026-01-27 15:51:40,8.43
2026-01-27 15:51:41,8.43
2026-01-27 15:51:42,8.43
2026-01-27 15:51:43,8.43
2026-01-27 15:51:44,8.57
2026-01-27 15:51:45,8.57
2026-01-27 15:51:46,8.57
2026-01-27 15:51:47,8.57
2026-01-27 15:51:48,8.57
2026-01-27 15:51:49,8.81
2026-01-27 15:51:50,8.81
2026-01-27 15:51:51,8.81
2026-01-27 15:51:52,8.81
2026-01-27 15:51:53,8.81
2026-01-27 15:51:54,12.1
2026-01-27 15:51:55,12.1
2026-01-27 15:51:56,12.1
2026-01-27 15:51:57,12.1
2026-01-27 15:51:58,12.1
2026-01-27 15:51:59,9.36
2026-01-27 15:52:00,9.36
2026-01-27 15:52:01,9.36
2026-01-27 15:52:02,9.36
2026-01-27 15:52:03,9.36
2026-01-27 15:52:04,8.29
2026-01-27 15:52:05,8.29
2026-01-27 15:52:06,8.29
2026-01-27 15:52:07,8.29
2026-01-27 15:52:08,8.29
2026-01-27 15:52:09,7.51
2026-01-27 15:52:10,7.51
2026-01-27 15:52:11,7.51
2026-01-27 15:52:12,7.51
2026-01-27 15:52:13,7.51
2026-01-27 15:52:14,8.37
2026-01-27 15:52:15,8.37
2026-01-27 15:52:16,8.37
2026-01-27 15:52:17,8.37
2026-01-27 15:52:18,8.37
2026-01-27 15:52:19,7.90
2026-01-27 15:52:20,7.90
2026-01-27 15:52:21,7.90
2026-01-27 15:52:22,7.90
2026-01-27 15:52:23,7.90
2026-01-27 15:52:24,8.15
2026-01-27 15:52:25,8.15
2026-01-27 15:52:26,8.15
2026-01-27 15:52:27,8.15
2026-01-27 15:52:28,8.15
2026-01-27 15:52:29,0
2026-01-27 15:52:30,0
2026-01-27 15:52:31,0
2026-01-27 15:52:32,0
2026-01-27 15:52:33,0
2026-01-27 15:52:34,0
2026-01-27 15:52:35,0
2026-01-27 15:52:36,0
2026-01-27 15:52:37,0
2026-01-27 15:52:38,0
2026-01-27 15:52:39,0
2026-01-27 15:52:40,0
2026-01-27 15:52:41,0
2026-01-27 15:52:42,0
2026-01-27 15:52:43,0
2026-01-27 15:52:44,0
2026-01-27 15:52:45,0
2026-01-27 15:52:46,0
2026-01-27 15:52:47,0
2026-01-27 15:52:48,0
2026-01-27 15:52:49,0
2026-01-27 15:52:50,0
2026-01-27 15:52:51,0
2026-01-27 15:52:52,0
2026-01-27 15:52:53,0
2026-01-27 15:52:54,0
2026-01-27 15:52:55,0
2026-01-27 15:52:56,0
2026-01-27 15:52:57,0
2026-01-27 15:52:58,0
2026-01-27 15:52:59,0
2026-01-27 15:53:00,0
2026-01-27 15:53:01,0
2026-01-27 15:53:02,0
2026-01-27 15:53:03,0
2026-01-27 15:53:04,0
2026-01-27 15:53:05,0
2026-01-27 15:53:06,0
2026-01-27 15:53:07,0
2026-01-27 15:53:08,0
2026-01-27 15:53:09,0
2026-01-27 15:53:10,0
2026-01-27 15:53:11,0
2026-01-27 15:53:12,0
2026-01-27 15:53:13,0
2026-01-27 15:53:14,0
2026-01-27 15:53:15,0
2026-01-27 15:53:16,0
2026-01-27 15:53:17,0
2026-01-27 15:53:18,0
2026-01-27 15:53:19,0
2026-01-27 15:53:20,0
2026-01-27 15:53:21,0
2026-01-27 15:53:22,0
2026-01-27 15:53:23,0
2026-01-27 15:53:24,0
2026-01-27 15:53:25,0
2026-01-27 15:53:26,0
2026-01-27 15:53:27,0
2026-01-27 15:53:28,0
2026-01-27 15:53:29,0
2026-01-27 15:53:30,0
2026-01-27 15:53:31,0
2026-01-27 15:53:32,0
2026-01-27 15:53:33,0
2026-01-27 15:53:34,0
2026-01-27 15:53:35,0
2026-01-27 15:53:36,0
2026-01-27 15:53:37,0
2026-01-27 15:53:38,0
2026-01-27 15:53:39,0
2026-01-27 15:53:40,0
2026-01-27 15:53:41,0
2026-01-27 15:53:42,0
2026-01-27 15:53:43,0
2026-01-27 15:53:44,0
2026-01-27 15:53:45,0
2026-01-27 15:53:46,0
2026-01-27 15:53:47,0
2026-01-27 15:53:48,0
2026-01-27 15:53:49,0
2026-01-27 15:53:50,0
2026-01-27 15:53:51,0
2026-01-27 15:53:52,0
2026-01-27 15:53:53,0
2026-01-27 15:53:54,0
2026-01-27 15:53:55,0
2026-01-27 15:53:56,0
2026-01-27 15:53:57,0
2026-01-27 15:53:58,0
2026-01-27 15:53:59,0
2026-01-27 15:54:00,0
2026-01-27 15:54:01,0
2026-01-27 15:54:02,0
2026-01-27 15:54:03,0
2026-01-27 15:54:39,2.90
2026-01-27 15:54:40,2.90
2026-01-27 15:54:41,2.90
2026-01-27 15:54:42,2.90
2026-01-27 15:54:43,2.90
2026-01-27 15:54:44,7.17
2026-01-27 15:54:45,7.17
2026-01-27 15:54:46,7.17
2026-01-27 15:54:47,7.17
2026-01-27 15:54:48,7.17
2026-01-27 15:54:49,6.99
2026-01-27 15:54:50,6.99
2026-01-27 15:54:51,6.99
2026-01-27 15:54:52,6.99
2026-01-27 15:54:53,6.99
2026-01-27 15:54:54,7.21
2026-01-27 15:54:55,7.21
2026-01-27 15:54:56,7.21
2026-01-27 15:54:57,7.21
2026-01-27 15:54:58,7.21
2026-01-27 15:54:59,6.48
2026-01-27 15:55:00,6.48
2026-01-27 15:55:01,6.48
2026-01-27 15:55:02,6.48
2026-01-27 15:55:03,6.48
2026-01-27 15:55:04,7.40
2026-01-27 15:55:05,7.40
2026-01-27 15:55:06,7.40
2026-01-27 15:55:07,7.40
2026-01-27 15:55:08,7.40
2026-01-27 15:55:09,7.15
2026-01-27 15:55:10,7.15
2026-01-27 15:55:11,7.15
2026-01-27 15:55:12,7.15
2026-01-27 15:55:13,7.15
2026-01-27 15:55:14,6.61
2026-01-27 15:55:15,6.61
2026-01-27 15:55:16,6.61
2026-01-27 15:55:17,6.61
2026-01-27 15:55:18,6.61
2026-01-27 15:55:19,6.53
2026-01-27 15:55:20,6.53
2026-01-27 15:55:21,6.53
2026-01-27 15:55:22,6.53
2026-01-27 15:55:23,6.53
2026-01-27 15:55:24,7.20
2026-01-27 15:55:25,7.20
2026-01-27 15:55:26,7.20
2026-01-27 15:55:27,7.20
2026-01-27 15:55:28,7.20
2026-01-27 15:55:29,6.71
2026-01-27 15:55:30,6.71
2026-01-27 15:55:31,6.71
2026-01-27 15:55:32,6.71
2026-01-27 15:55:33,6.71
2026-01-27 15:55:34,7.78
2026-01-27 15:55:35,7.78
2026-01-27 15:55:36,7.78
2026-01-27 15:55:37,7.78
2026-01-27 15:55:38,7.78
2026-01-27 15:55:39,6.87
2026-01-27 15:55:40,6.87
2026-01-27 15:55:41,6.87
2026-01-27 15:55:42,6.87
2026-01-27 15:55:43,6.87
2026-01-27 15:55:44,6.39
2026-01-27 15:55:45,6.39
2026-01-27 15:55:46,6.39
2026-01-27 15:55:47,6.39
2026-01-27 15:55:48,6.39
2026-01-27 15:55:49,6.67
2026-01-27 15:55:50,6.67
2026-01-27 15:55:51,6.67
2026-01-27 15:55:52,6.67
2026-01-27 15:55:53,6.67
2026-01-27 15:55:54,8.14
2026-01-27 15:55:55,8.14
2026-01-27 15:55:56,8.14
2026-01-27 15:55:57,8.14
2026-01-27 15:55:58,8.14
2026-01-27 15:55:59,7.79
2026-01-27 15:56:00,7.79
2026-01-27 15:56:01,7.79
2026-01-27 15:56:02,7.79
2026-01-27 15:56:03,7.79
2026-01-27 15:56:04,8.16
2026-01-27 15:56:05,8.16
2026-01-27 15:56:06,8.16
2026-01-27 15:56:07,8.16
2026-01-27 15:56:08,8.16
2026-01-27 15:56:09,7.35
2026-01-27 15:56:10,7.35
2026-01-27 15:56:11,7.35
2026-01-27 15:56:12,7.35
2026-01-27 15:56:13,7.35
2026-01-27 15:56:14,7.34
2026-01-27 15:56:15,7.34
2026-01-27 15:56:16,7.34
2026-01-27 15:56:17,7.34
2026-01-27 15:56:18,7.34
2026-01-27 15:56:19,7.23
2026-01-27 15:56:20,7.23
2026-01-27 15:56:21,7.23
2026-01-27 15:56:22,7.23
2026-01-27 15:56:23,7.23
2026-01-27 15:56:24,9.09
2026-01-27 15:56:25,9.09
2026-01-27 15:56:26,9.09
2026-01-27 15:56:27,9.09
2026-01-27 15:56:28,9.09
2026-01-27 15:56:29,8.47
2026-01-27 15:56:30,8.47
2026-01-27 15:56:31,8.47
2026-01-27 15:56:32,8.47
2026-01-27 15:56:33,8.47
2026-01-27 15:56:34,9.16
2026-01-27 15:56:35,9.16
2026-01-27 15:56:36,9.16
2026-01-27 15:56:37,9.16
2026-01-27 15:56:38,9.16
2026-01-27 15:56:39,7.66
2026-01-27 15:56:40,7.66
2026-01-27 15:56:41,7.66
2026-01-27 15:56:42,7.66
2026-01-27 15:56:43,7.66
2026-01-27 15:56:44,9.93
2026-01-27 15:56:45,9.93
2026-01-27 15:56:46,9.93
2026-01-27 15:56:47,9.93
2026-01-27 15:56:48,9.93
2026-01-27 15:56:49,9.31
2026-01-27 15:56:50,9.31
2026-01-27 15:56:51,9.31
2026-01-27 15:56:52,9.31
2026-01-27 15:56:53,9.31
2026-01-27 15:56:54,10.2
2026-01-27 15:56:55,10.2
2026-01-27 15:56:56,10.2
2026-01-27 15:56:57,10.2
2026-01-27 15:56:58,10.2
2026-01-27 15:56:59,9.08
2026-01-27 15:57:00,9.08
2026-01-27 15:57:01,9.08
2026-01-27 15:57:02,9.08
2026-01-27 15:57:03,9.08
2026-01-27 15:57:04,9.72
2026-01-27 15:57:05,9.72
2026-01-27 15:57:06,9.72
2026-01-27 15:57:07,9.72
2026-01-27 15:57:08,9.72
2026-01-27 15:57:09,9.26
2026-01-27 15:57:10,9.26
2026-01-27 15:57:11,9.26
2026-01-27 15:57:12,9.26
2026-01-27 15:57:13,9.26
2026-01-27 15:57:14,10.4
2026-01-27 15:57:15,10.4
2026-01-27 15:57:16,10.4
2026-01-27 15:57:17,10.4
2026-01-27 15:57:18,10.4
2026-01-27 15:57:19,9.20
2026-01-27 15:57:20,9.20
2026-01-27 15:57:21,9.20
2026-01-27 15:57:22,9.20
2026-01-27 15:57:23,9.20
2026-01-27 15:57:24,9.04
2026-01-27 15:57:25,9.04
2026-01-27 15:57:26,9.04
2026-01-27 15:57:27,9.04
2026-01-27 15:57:28,9.04
2026-01-27 15:57:29,8.34
2026-01-27 15:57:30,8.34
2026-01-27 15:57:31,8.34
2026-01-27 15:57:32,8.34
2026-01-27 15:57:33,8.34
2026-01-27 15:57:34,9.23
2026-01-27 15:57:35,9.23
2026-01-27 15:57:36,9.23
2026-01-27 15:57:37,9.23
2026-01-27 15:57:38,9.23
2026-01-27 15:57:39,8.33
2026-01-27 15:57:40,8.33
2026-01-27 15:57:41,8.33
2026-01-27 15:57:42,8.33
2026-01-27 15:57:43,8.33
2026-01-27 15:57:44,10.6
2026-01-27 15:57:45,10.6
2026-01-27 15:57:46,10.6
2026-01-27 15:57:47,10.6
2026-01-27 15:57:48,10.6
2026-01-27 15:57:49,8.36
2026-01-27 15:57:50,8.36
2026-01-27 15:57:51,8.36
2026-01-27 15:57:52,8.36
2026-01-27 15:57:53,8.36
2026-01-27 15:57:54,8.31
2026-01-27 15:57:55,8.31
2026-01-27 15:57:56,8.31
2026-01-27 15:57:57,8.31
2026-01-27 15:57:58,8.31
2026-01-27 15:57:59,7.83
2026-01-27 15:58:00,7.83
2026-01-27 15:58:01,7.83
2026-01-27 15:58:02,7.83
2026-01-27 15:58:03,7.83
2026-01-27 15:58:04,8.71
2026-01-27 15:58:05,8.71
2026-01-27 15:58:06,8.71
2026-01-27 15:58:07,8.71
2026-01-27 15:58:08,8.71
2026-01-27 15:58:09,7.15
2026-01-27 15:58:10,7.15
2026-01-27 15:58:11,7.15
2026-01-27 15:58:12,7.15
2026-01-27 15:58:13,7.15
2026-01-27 15:58:14,9.20
2026-01-27 15:58:15,9.20
2026-01-27 15:58:16,9.20
2026-01-27 15:58:17,9.20
2026-01-27 15:58:18,9.20
2026-01-27 15:58:19,9.31
2026-01-27 15:58:20,9.31
2026-01-27 15:58:21,9.31
2026-01-27 15:58:22,9.31
2026-01-27 15:58:23,9.31
2026-01-27 15:58:24,9.83
2026-01-27 15:58:25,9.83
2026-01-27 15:58:26,9.83
2026-01-27 15:58:27,9.83
2026-01-27 15:58:28,9.83
2026-01-27 15:58:29,9.02
2026-01-27 15:58:30,9.02
2026-01-27 15:58:31,9.02
2026-01-27 15:58:32,9.02
2026-01-27 15:58:33,9.02
2026-01-27 15:58:34,12.1
2026-01-27 15:58:35,12.1
2026-01-27 15:58:36,12.1
2026-01-27 15:58:37,12.1
2026-01-27 15:58:38,12.1
2026-01-27 15:58:39,9.31
2026-01-27 15:58:40,9.31
2026-01-27 15:58:41,9.31
2026-01-27 15:58:42,9.31
2026-01-27 15:58:43,9.31
2026-01-27 15:58:44,8.04
2026-01-27 15:58:45,8.04
2026-01-27 15:58:46,8.04
2026-01-27 15:58:47,8.04
2026-01-27 15:58:48,8.04
2026-01-27 15:58:49,7.73
2026-01-27 15:58:50,7.73
2026-01-27 15:58:51,7.73
2026-01-27 15:58:52,7.73
2026-01-27 15:58:53,7.73
2026-01-27 15:58:54,9.60
2026-01-27 15:58:55,9.60
2026-01-27 15:58:56,9.60
2026-01-27 15:58:57,9.60
2026-01-27 15:58:58,9.60
2026-01-27 15:58:59,8.82
2026-01-27 15:59:00,8.82
2026-01-27 15:59:01,8.82
2026-01-27 15:59:02,8.82
2026-01-27 15:59:03,8.82
2026-01-27 15:59:04,9.87
2026-01-27 15:59:05,9.87
2026-01-27 15:59:06,9.87
2026-01-27 15:59:07,9.87
2026-01-27 15:59:08,9.87
2026-01-27 15:59:09,8.72
2026-01-27 15:59:10,8.72
2026-01-27 15:59:11,8.72
2026-01-27 15:59:12,8.72
2026-01-27 15:59:13,8.72
2026-01-27 15:59:14,8.34
2026-01-27 15:59:15,8.34
2026-01-27 15:59:16,8.34
2026-01-27 15:59:17,8.34
2026-01-27 15:59:18,8.34
2026-01-27 15:59:19,7.75
2026-01-27 15:59:20,7.75
2026-01-27 15:59:21,7.75
2026-01-27 15:59:22,7.75
2026-01-27 15:59:23,7.75
2026-01-27 15:59:24,8.51
2026-01-27 15:59:25,8.51
2026-01-27 15:59:26,8.51
2026-01-27 15:59:27,8.51
2026-01-27 15:59:28,8.51
2026-01-27 15:59:29,8.26
2026-01-27 15:59:30,8.26
2026-01-27 15:59:31,8.26
2026-01-27 15:59:32,8.26
2026-01-27 15:59:33,8.26
2026-01-27 15:59:34,9.10
2026-01-27 15:59:35,9.10
2026-01-27 15:59:36,9.10
2026-01-27 15:59:37,9.10
2026-01-27 15:59:38,9.10
2026-01-27 15:59:39,9.54
2026-01-27 15:59:40,9.54
2026-01-27 15:59:41,9.54
2026-01-27 15:59:42,9.54
2026-01-27 15:59:43,9.54
2026-01-27 15:59:44,8.17
2026-01-27 15:59:45,8.17
2026-01-27 15:59:46,8.17
2026-01-27 15:59:47,8.17
2026-01-27 15:59:48,8.17
2026-01-27 15:59:49,7.71
2026-01-27 15:59:50,7.71
2026-01-27 15:59:51,7.71
2026-01-27 15:59:52,7.71
2026-01-27 15:59:53,7.71
2026-01-27 15:59:54,8.57
2026-01-27 15:59:55,8.57
2026-01-27 15:59:56,8.57
2026-01-27 15:59:57,8.57
2026-01-27 15:59:58,8.57
2026-01-27 15:59:59,7.55
2026-01-27 16:00:00,7.55
2026-01-27 16:00:01,7.55
2026-01-27 16:00:02,7.55
2026-01-27 16:00:03,7.55
2026-01-27 16:00:04,8.10
2026-01-27 16:00:05,8.10
2026-01-27 16:00:06,8.10
2026-01-27 16:00:07,8.10
2026-01-27 16:00:08,8.10
2026-01-27 16:00:09,7.67
2026-01-27 16:00:10,7.67
2026-01-27 16:00:11,7.67
2026-01-27 16:00:12,7.67
2026-01-27 16:00:13,7.67
2026-01-27 16:00:14,7.53
2026-01-27 16:00:15,7.53
2026-01-27 16:00:16,7.53
2026-01-27 16:00:17,7.53
2026-01-27 16:00:18,7.53
2026-01-27 16:00:19,7.57
2026-01-27 16:00:20,7.57
2026-01-27 16:00:21,7.57
2026-01-27 16:00:22,7.57
2026-01-27 16:00:23,7.57
2026-01-27 16:00:24,8.19
2026-01-27 16:00:25,8.19
2026-01-27 16:00:26,8.19
2026-01-27 16:00:27,8.19
2026-01-27 16:00:28,8.19
2026-01-27 16:00:29,9.59
2026-01-27 16:00:30,9.59
2026-01-27 16:00:31,9.59
2026-01-27 16:00:32,9.59
2026-01-27 16:00:33,9.59
2026-01-27 16:00:34,15.1
2026-01-27 16:00:35,15.1
2026-01-27 16:00:36,15.1
2026-01-27 16:00:37,15.1
2026-01-27 16:00:38,15.1
2026-01-27 16:00:39,10.1
2026-01-27 16:00:40,10.1
2026-01-27 16:00:41,10.1
2026-01-27 16:00:42,10.1
2026-01-27 16:00:43,10.1
2026-01-27 16:00:44,10.2
2026-01-27 16:00:45,10.2
2026-01-27 16:00:46,10.2
2026-01-27 16:00:47,10.2
2026-01-27 16:00:48,10.2
2026-01-27 16:00:49,8.63
2026-01-27 16:00:50,8.63
2026-01-27 16:00:51,8.63
2026-01-27 16:00:52,8.63
2026-01-27 16:00:53,8.63
2026-01-27 16:00:54,10.2
2026-01-27 16:00:55,10.2
2026-01-27 16:00:56,10.2
2026-01-27 16:00:57,10.2
2026-01-27 16:00:58,10.2
2026-01-27 16:00:59,10.2
2026-01-27 16:01:00,10.2
2026-01-27 16:01:01,10.2
2026-01-27 16:01:02,10.2
2026-01-27 16:01:03,10.2
2026-01-27 16:01:04,0
2026-01-27 16:01:05,0
2026-01-27 16:01:06,0
2026-01-27 16:01:07,0
2026-01-27 16:01:08,0
2026-01-27 16:01:09,0
2026-01-27 16:01:10,0
2026-01-27 16:01:11,0
2026-01-27 16:01:12,0
2026-01-27 16:01:13,0
2026-01-27 16:01:14,0
2026-01-27 16:01:15,0
2026-01-27 16:01:16,0
2026-01-27 16:01:17,0
2026-01-27 16:01:18,0
2026-01-27 16:01:19,0
2026-01-27 16:01:20,0
2026-01-27 16:01:21,0
2026-01-27 16:01:22,0
2026-01-27 16:01:23,0
2026-01-27 16:01:24,0
2026-01-27 16:01:25,0
2026-01-27 16:01:26,0
2026-01-27 16:01:27,0
2026-01-27 16:01:28,0
2026-01-27 16:01:29,0
2026-01-27 16:01:30,0
2026-01-27 16:01:31,0
2026-01-27 16:01:32,0
2026-01-27 16:01:33,0
2026-01-27 16:01:34,0
2026-01-27 16:01:35,0
2026-01-27 16:01:36,0
2026-01-27 16:01:37,0
2026-01-27 16:01:38,0
2026-01-27 16:01:39,0
2026-01-27 16:01:40,0
2026-01-27 16:01:41,0
2026-01-27 16:01:42,0
2026-01-27 16:01:43,0
2026-01-27 16:01:44,0
2026-01-27 16:01:45,0
2026-01-27 16:01:46,0
2026-01-27 16:01:47,0
2026-01-27 16:01:48,0
2026-01-27 16:01:49,0
2026-01-27 16:01:50,0
2026-01-27 16:01:51,0
2026-01-27 16:01:52,0
2026-01-27 16:01:53,0
2026-01-27 16:01:54,0
2026-01-27 16:01:55,0
2026-01-27 16:01:56,0
2026-01-27 16:01:57,0
2026-01-27 16:01:58,0
2026-01-27 16:01:59,0
2026-01-27 16:02:00,0
2026-01-27 16:02:01,0
2026-01-27 16:02:02,0
2026-01-27 16:02:03,0
2026-01-27 16:02:04,0
2026-01-27 16:02:05,0
2026-01-27 16:02:06,0
2026-01-27 16:02:07,0
2026-01-27 16:02:08,0
2026-01-27 16:02:09,0
2026-01-27 16:02:10,0
2026-01-27 16:02:11,0
2026-01-27 16:02:12,0
2026-01-27 16:02:13,0
2026-01-27 16:02:14,0
2026-01-27 16:02:15,0
2026-01-27 16:02:16,0
2026-01-27 16:02:17,0
2026-01-27 16:02:18,0
2026-01-27 16:02:19,0
2026-01-27 16:02:20,0
2026-01-27 16:02:21,0
2026-01-27 16:02:22,0
2026-01-27 16:02:23,0
2026-01-27 16:02:24,0
2026-01-27 16:02:25,0
2026-01-27 16:02:26,0
2026-01-27 16:02:27,0
2026-01-27 16:02:28,0
2026-01-27 16:02:29,0
2026-01-27 16:02:30,0
2026-01-27 16:02:31,0
2026-01-27 16:02:32,0
2026-01-27 16:02:33,0
2026-01-27 16:02:34,0
2026-01-27 16:02:35,0
2026-01-27 16:02:36,0
2026-01-27 16:02:37,0
2026-01-27 16:02:38,0
2026-01-27 16:03:54,1.27
2026-01-27 16:03:55,1.27
2026-01-27 16:03:56,1.27
2026-01-27 16:03:57,1.27
2026-01-27 16:03:58,1.27
2026-01-27 16:03:59,5.19
2026-01-27 16:04:00,5.19
2026-01-27 16:04:01,5.19
2026-01-27 16:04:02,5.19
2026-01-27 16:04:03,5.19
2026-01-27 16:04:04,8.28
2026-01-27 16:04:05,8.28
2026-01-27 16:04:06,8.28
2026-01-27 16:04:07,8.28
2026-01-27 16:04:08,8.28
2026-01-27 16:04:09,6.93
2026-01-27 16:04:10,6.93
2026-01-27 16:04:11,6.93
2026-01-27 16:04:12,6.93
2026-01-27 16:04:13,6.93
2026-01-27 16:04:14,6.63
2026-01-27 16:04:15,6.63
2026-01-27 16:04:16,6.63
2026-01-27 16:04:17,6.63
2026-01-27 16:04:18,6.63
2026-01-27 16:04:19,5.74
2026-01-27 16:04:20,5.74
2026-01-27 16:04:21,5.74
2026-01-27 16:04:22,5.74
2026-01-27 16:04:23,5.74
2026-01-27 16:04:24,8.03
2026-01-27 16:04:25,8.03
2026-01-27 16:04:26,8.03
2026-01-27 16:04:27,8.03
2026-01-27 16:04:28,8.03
2026-01-27 16:04:29,7.62
2026-01-27 16:04:30,7.62
2026-01-27 16:04:31,7.62
2026-01-27 16:04:32,7.62
2026-01-27 16:04:33,7.62
2026-01-27 16:04:34,8.94
2026-01-27 16:04:35,8.94
2026-01-27 16:04:36,8.94
2026-01-27 16:04:37,8.94
2026-01-27 16:04:38,8.94
2026-01-27 16:04:39,7.29
2026-01-27 16:04:40,7.29
2026-01-27 16:04:41,7.29
2026-01-27 16:04:42,7.29
2026-01-27 16:04:43,7.29
2026-01-27 16:04:44,8.00
2026-01-27 16:04:45,8.00
2026-01-27 16:04:46,8.00
2026-01-27 16:04:47,8.00
2026-01-27 16:04:48,8.00
2026-01-27 16:04:49,7.34
2026-01-27 16:04:50,7.34
2026-01-27 16:04:51,7.34
2026-01-27 16:04:52,7.34
2026-01-27 16:04:53,7.34
2026-01-27 16:04:54,8.43
2026-01-27 16:04:55,8.43
2026-01-27 16:04:56,8.43
2026-01-27 16:04:57,8.43
2026-01-27 16:04:58,8.43
2026-01-27 16:04:59,7.54
2026-01-27 16:05:00,7.54
2026-01-27 16:05:01,7.54
2026-01-27 16:05:02,7.54
2026-01-27 16:05:03,7.54
2026-01-27 16:05:04,8.12
2026-01-27 16:05:05,8.12
2026-01-27 16:05:06,8.12
2026-01-27 16:05:07,8.12
2026-01-27 16:05:08,8.12
2026-01-27 16:05:09,7.23
2026-01-27 16:05:10,7.23
2026-01-27 16:05:11,7.23
2026-01-27 16:05:12,7.23
2026-01-27 16:05:13,7.23
2026-01-27 16:05:14,6.71
2026-01-27 16:05:15,6.71
2026-01-27 16:05:16,6.71
2026-01-27 16:05:17,6.71
2026-01-27 16:05:18,6.71
2026-01-27 16:05:19,8.52
2026-01-27 16:05:20,8.52
2026-01-27 16:05:21,8.52
2026-01-27 16:05:22,8.52
2026-01-27 16:05:23,8.52
2026-01-27 16:05:24,9.86
2026-01-27 16:05:25,9.86
2026-01-27 16:05:26,9.86
2026-01-27 16:05:27,9.86
2026-01-27 16:05:28,9.86
2026-01-27 16:05:29,7.85
2026-01-27 16:05:30,7.85
2026-01-27 16:05:31,7.85
2026-01-27 16:05:32,7.85
2026-01-27 16:05:33,7.85
2026-01-27 16:05:34,9.00
2026-01-27 16:05:35,9.00
2026-01-27 16:05:36,9.00
2026-01-27 16:05:37,9.00
2026-01-27 16:05:38,9.00
2026-01-27 16:05:39,7.40
2026-01-27 16:05:40,7.40
2026-01-27 16:05:41,7.40
2026-01-27 16:05:42,7.40
2026-01-27 16:05:43,7.40
2026-01-27 16:05:44,8.01
2026-01-27 16:05:45,8.01
2026-01-27 16:05:46,8.01
2026-01-27 16:05:47,8.01
2026-01-27 16:05:48,8.01
2026-01-27 16:05:49,7.30
2026-01-27 16:05:50,7.30
2026-01-27 16:05:51,7.30
2026-01-27 16:05:52,7.30
2026-01-27 16:05:53,7.30
2026-01-27 16:05:54,8.12
2026-01-27 16:05:55,8.12
2026-01-27 16:05:56,8.12
2026-01-27 16:05:57,8.12
2026-01-27 16:05:58,8.12
2026-01-27 16:05:59,7.78
2026-01-27 16:06:00,7.78
2026-01-27 16:06:01,7.78
2026-01-27 16:06:02,7.78
2026-01-27 16:06:03,7.78
2026-01-27 16:06:04,10.1
2026-01-27 16:06:05,10.1
2026-01-27 16:06:06,10.1
2026-01-27 16:06:07,10.1
2026-01-27 16:06:08,10.1
2026-01-27 16:06:09,8.43
2026-01-27 16:06:10,8.43
2026-01-27 16:06:11,8.43
2026-01-27 16:06:12,8.43
2026-01-27 16:06:13,8.43
2026-01-27 16:06:14,8.32
2026-01-27 16:06:15,8.32
2026-01-27 16:06:16,8.32
2026-01-27 16:06:17,8.32
2026-01-27 16:06:18,8.32
2026-01-27 16:06:19,9.92
2026-01-27 16:06:20,9.92
2026-01-27 16:06:21,9.92
2026-01-27 16:06:22,9.92
2026-01-27 16:06:23,9.92
2026-01-27 16:06:24,8.75
2026-01-27 16:06:25,8.75
2026-01-27 16:06:26,8.75
2026-01-27 16:06:27,8.75
2026-01-27 16:06:28,8.75
2026-01-27 16:06:29,9.35
2026-01-27 16:06:30,9.35
2026-01-27 16:06:31,9.35
2026-01-27 16:06:32,9.35
2026-01-27 16:06:33,9.35
2026-01-27 16:06:34,14.6
2026-01-27 16:06:35,14.6
2026-01-27 16:06:36,14.6
2026-01-27 16:06:37,14.6
2026-01-27 16:06:38,14.6
2026-01-27 16:06:39,13.6
2026-01-27 16:06:40,13.6
2026-01-27 16:06:41,13.6
2026-01-27 16:06:42,13.6
2026-01-27 16:06:43,13.6
2026-01-27 16:06:44,12.7
2026-01-27 16:06:45,12.7
2026-01-27 16:06:46,12.7
2026-01-27 16:06:47,12.7
2026-01-27 16:06:48,12.7
2026-01-27 16:06:49,8.72
2026-01-27 16:06:50,8.72
2026-01-27 16:06:51,8.72
2026-01-27 16:06:52,8.72
2026-01-27 16:06:53,8.72
2026-01-27 16:06:54,9.38
2026-01-27 16:06:55,9.38
2026-01-27 16:06:56,9.38
2026-01-27 16:06:57,9.38
2026-01-27 16:06:58,9.38
2026-01-27 16:06:59,8.98
2026-01-27 16:07:00,8.98
2026-01-27 16:07:01,8.98
2026-01-27 16:07:02,8.98
2026-01-27 16:07:03,8.98
2026-01-27 16:07:04,9.90
2026-01-27 16:07:05,9.90
2026-01-27 16:07:06,9.90
2026-01-27 16:07:07,9.90
2026-01-27 16:07:08,9.90
2026-01-27 16:07:09,9.08
2026-01-27 16:07:10,9.08
2026-01-27 16:07:11,9.08
2026-01-27 16:07:12,9.08
2026-01-27 16:07:13,9.08
2026-01-27 16:07:14,10.1
2026-01-27 16:07:15,10.1
2026-01-27 16:07:16,10.1
2026-01-27 16:07:17,10.1
2026-01-27 16:07:18,10.1
2026-01-27 16:07:19,8.52
2026-01-27 16:07:20,8.52
2026-01-27 16:07:21,8.52
2026-01-27 16:07:22,8.52
2026-01-27 16:07:23,8.52
2026-01-27 16:07:24,8.33
2026-01-27 16:07:25,8.33
2026-01-27 16:07:26,8.33
2026-01-27 16:07:27,8.33
2026-01-27 16:07:28,8.33
2026-01-27 16:07:29,7.77
2026-01-27 16:07:30,7.77
2026-01-27 16:07:31,7.77
2026-01-27 16:07:32,7.77
2026-01-27 16:07:33,7.77
2026-01-27 16:07:34,8.75
2026-01-27 16:07:35,8.75
2026-01-27 16:07:36,8.75
2026-01-27 16:07:37,8.75
2026-01-27 16:07:38,8.75
2026-01-27 16:07:39,7.90
2026-01-27 16:07:40,7.90
2026-01-27 16:07:41,7.90
2026-01-27 16:07:42,7.90
2026-01-27 16:07:43,7.90
2026-01-27 16:07:44,8.71
2026-01-27 16:07:45,8.71
2026-01-27 16:07:46,8.71
2026-01-27 16:07:47,8.71
2026-01-27 16:07:48,8.71
2026-01-27 16:07:49,7.05
2026-01-27 16:07:50,7.05
2026-01-27 16:07:51,7.05
2026-01-27 16:07:52,7.05
2026-01-27 16:07:53,7.05
2026-01-27 16:07:54,9.37
2026-01-27 16:07:55,9.37
2026-01-27 16:07:56,9.37
2026-01-27 16:07:57,9.37
2026-01-27 16:07:58,9.37
2026-01-27 16:07:59,8.52
2026-01-27 16:08:00,8.52
2026-01-27 16:08:01,8.52
2026-01-27 16:08:02,8.52
2026-01-27 16:08:03,8.52
2026-01-27 16:08:04,9.39
2026-01-27 16:08:05,9.39
2026-01-27 16:08:06,9.39
2026-01-27 16:08:07,9.39
2026-01-27 16:08:08,9.39
2026-01-27 16:08:09,9.08
2026-01-27 16:08:10,9.08
2026-01-27 16:08:11,9.08
2026-01-27 16:08:12,9.08
2026-01-27 16:08:13,9.08
2026-01-27 16:08:14,8.62
2026-01-27 16:08:15,8.62
2026-01-27 16:08:16,8.62
2026-01-27 16:08:17,8.62
2026-01-27 16:08:18,8.62
2026-01-27 16:08:19,8.37
2026-01-27 16:08:20,8.37
2026-01-27 16:08:21,8.37
2026-01-27 16:08:22,8.37
2026-01-27 16:08:23,8.37
2026-01-27 16:08:24,9.44
2026-01-27 16:08:25,9.44
2026-01-27 16:08:26,9.44
2026-01-27 16:08:27,9.44
2026-01-27 16:08:28,9.44
2026-01-27 16:08:29,10.2
2026-01-27 16:08:30,10.2
2026-01-27 16:08:31,10.2
2026-01-27 16:08:32,10.2
2026-01-27 16:08:33,10.2
2026-01-27 16:08:34,10.7
2026-01-27 16:08:35,10.7
2026-01-27 16:08:36,10.7
2026-01-27 16:08:37,10.7
2026-01-27 16:08:38,10.7
2026-01-27 16:08:39,9.64
2026-01-27 16:08:40,9.64
2026-01-27 16:08:41,9.64
2026-01-27 16:08:42,9.64
2026-01-27 16:08:43,9.64
2026-01-27 16:08:44,10.3
2026-01-27 16:08:45,10.3
2026-01-27 16:08:46,10.3
2026-01-27 16:08:47,10.3
2026-01-27 16:08:48,10.3
2026-01-27 16:08:49,9.70
2026-01-27 16:08:50,9.70
2026-01-27 16:08:51,9.70
2026-01-27 16:08:52,9.70
2026-01-27 16:08:53,9.70
2026-01-27 16:08:54,10.7
2026-01-27 16:08:55,10.7
2026-01-27 16:08:56,10.7
2026-01-27 16:08:57,10.7
2026-01-27 16:08:58,10.7
2026-01-27 16:08:59,9.51
2026-01-27 16:09:00,9.51
2026-01-27 16:09:01,9.51
2026-01-27 16:09:02,9.51
2026-01-27 16:09:03,9.51
2026-01-27 16:09:04,10.3
2026-01-27 16:09:05,10.3
2026-01-27 16:09:06,10.3
2026-01-27 16:09:07,10.3
2026-01-27 16:09:08,10.3
2026-01-27 16:09:09,10.9
2026-01-27 16:09:10,10.9
2026-01-27 16:09:11,10.9
2026-01-27 16:09:12,10.9
2026-01-27 16:09:13,10.9
2026-01-27 16:09:14,10.4
2026-01-27 16:09:15,10.4
2026-01-27 16:09:16,10.4
2026-01-27 16:09:17,10.4
2026-01-27 16:09:18,10.4
2026-01-27 16:09:19,8.86
2026-01-27 16:09:20,8.86
2026-01-27 16:09:21,8.86
2026-01-27 16:09:22,8.86
2026-01-27 16:09:23,8.86
2026-01-27 16:09:24,7.74
2026-01-27 16:09:25,7.74
2026-01-27 16:09:26,7.74
2026-01-27 16:09:27,7.74
2026-01-27 16:09:28,7.74
2026-01-27 16:09:29,7.89
2026-01-27 16:09:30,7.89
2026-01-27 16:09:31,7.89
2026-01-27 16:09:32,7.89
2026-01-27 16:09:33,7.89
2026-01-27 16:09:34,7.73
2026-01-27 16:09:35,7.73
2026-01-27 16:09:36,7.73
2026-01-27 16:09:37,7.73
2026-01-27 16:09:38,7.73
2026-01-27 16:09:39,9.97
2026-01-27 16:09:40,9.97
2026-01-27 16:09:41,9.97
2026-01-27 16:09:42,9.97
2026-01-27 16:09:43,9.97
2026-01-27 16:09:44,9.28
2026-01-27 16:09:45,9.28
2026-01-27 16:09:46,9.28
2026-01-27 16:09:47,9.28
2026-01-27 16:09:48,9.28
2026-01-27 16:09:49,5.70
2026-01-27 16:09:50,5.70
2026-01-27 16:09:51,5.70
2026-01-27 16:09:52,5.70
2026-01-27 16:09:53,5.70
2026-01-27 16:09:54,5.82
2026-01-27 16:09:55,5.82
2026-01-27 16:09:56,5.82
2026-01-27 16:09:57,5.82
2026-01-27 16:09:58,5.82
2026-01-27 16:09:59,5.72
2026-01-27 16:10:00,5.72
2026-01-27 16:10:01,5.72
2026-01-27 16:10:02,5.72
2026-01-27 16:10:03,5.72
2026-01-27 16:10:04,5.76
2026-01-27 16:10:05,5.76
2026-01-27 16:10:06,5.76
2026-01-27 16:10:07,5.76
2026-01-27 16:10:08,5.76
2026-01-27 16:10:09,5.50
2026-01-27 16:10:10,5.50
2026-01-27 16:10:11,5.50
2026-01-27 16:10:12,5.50
2026-01-27 16:10:13,5.50
2026-01-27 16:10:14,5.44
2026-01-27 16:10:15,5.44
2026-01-27 16:10:16,5.44
2026-01-27 16:10:17,5.44
2026-01-27 16:10:18,5.44
2026-01-27 16:10:19,6.04
2026-01-27 16:10:20,6.04
2026-01-27 16:10:21,6.04
2026-01-27 16:10:22,6.04
2026-01-27 16:10:23,6.04
2026-01-27 16:10:24,0
2026-01-27 16:10:25,0
2026-01-27 16:10:26,0
2026-01-27 16:10:27,0
2026-01-27 16:10:28,0
2026-01-27 16:10:29,0
2026-01-27 16:10:30,0
2026-01-27 16:10:31,0
2026-01-27 16:10:32,0
2026-01-27 16:10:33,0
2026-01-27 16:10:34,0
2026-01-27 16:10:35,0
2026-01-27 16:10:36,0
2026-01-27 16:10:37,0
2026-01-27 16:10:38,0
2026-01-27 16:10:39,0
2026-01-27 16:10:40,0
2026-01-27 16:10:41,0
2026-01-27 16:10:42,0
2026-01-27 16:10:43,0
2026-01-27 16:10:44,0
2026-01-27 16:10:45,0
2026-01-27 16:10:46,0
2026-01-27 16:10:47,0
2026-01-27 16:10:48,0
2026-01-27 16:10:49,0
2026-01-27 16:10:50,0
2026-01-27 16:10:51,0
2026-01-27 16:10:52,0
2026-01-27 16:10:53,0
2026-01-27 16:10:54,0
2026-01-27 16:10:55,0
2026-01-27 16:10:56,0
2026-01-27 16:10:57,0
2026-01-27 16:10:58,0
2026-01-27 16:10:59,0
2026-01-27 16:11:00,0
2026-01-27 16:11:01,0
2026-01-27 16:11:02,0
2026-01-27 16:11:03,0
2026-01-27 16:11:04,0
2026-01-27 16:11:05,0
2026-01-27 16:11:06,0
2026-01-27 16:11:07,0
2026-01-27 16:11:08,0
2026-01-27 16:11:09,0
2026-01-27 16:11:10,0
2026-01-27 16:11:11,0
2026-01-27 16:11:12,0
2026-01-27 16:11:13,0
2026-01-27 16:11:14,0
2026-01-27 16:11:15,0
2026-01-27 16:11:16,0
2026-01-27 16:11:17,0
2026-01-27 16:11:18,0
2026-01-27 16:11:19,0
2026-01-27 16:11:20,0
2026-01-27 16:11:21,0
2026-01-27 16:11:22,0
2026-01-27 16:11:23,0
2026-01-27 16:11:24,0
2026-01-27 16:11:25,0
2026-01-27 16:11:26,0
2026-01-27 16:11:27,0
2026-01-27 16:11:28,0
2026-01-27 16:11:29,0
2026-01-27 16:11:30,0
2026-01-27 16:11:31,0
2026-01-27 16:11:32,0
2026-01-27 16:11:33,0
2026-01-27 16:11:34,0
2026-01-27 16:11:35,0
2026-01-27 16:11:36,0
2026-01-27 16:11:37,0
2026-01-27 16:11:38,0
2026-01-27 16:11:39,0
2026-01-27 16:11:40,0
2026-01-27 16:11:41,0
2026-01-27 16:11:42,0
2026-01-27 16:11:43,0
2026-01-27 16:11:44,0
2026-01-27 16:11:45,0
2026-01-27 16:11:46,0
2026-01-27 16:11:47,0
2026-01-27 16:11:48,0
2026-01-27 16:11:49,0
2026-01-27 16:11:50,0
2026-01-27 16:11:51,0
2026-01-27 16:11:52,0
2026-01-27 16:11:53,0
2026-01-27 16:11:54,0
2026-01-27 16:11:55,0
2026-01-27 16:11:56,0
2026-01-27 16:11:57,0
2026-01-27 16:11:58,0
2026-01-27 16:13:59,1.73
2026-01-27 16:14:00,1.73
2026-01-27 16:14:01,1.73
2026-01-27 16:14:02,1.73
2026-01-27 16:14:03,1.73
2026-01-27 16:14:04,9.73
2026-01-27 16:14:05,9.73
2026-01-27 16:14:06,9.73
2026-01-27 16:14:07,9.73
2026-01-27 16:14:08,9.73
2026-01-27 16:14:09,9.02
2026-01-27 16:14:10,9.02
2026-01-27 16:14:11,9.02
2026-01-27 16:14:12,9.02
2026-01-27 16:14:13,9.02
2026-01-27 16:14:14,9.20
2026-01-27 16:14:15,9.20
2026-01-27 16:14:16,9.20
2026-01-27 16:14:17,9.20
2026-01-27 16:14:18,9.20
2026-01-27 16:14:19,9.11
2026-01-27 16:14:20,9.11
2026-01-27 16:14:21,9.11
2026-01-27 16:14:22,9.11
2026-01-27 16:14:23,9.11
2026-01-27 16:14:24,9.37
2026-01-27 16:14:25,9.37
2026-01-27 16:14:26,9.37
2026-01-27 16:14:27,9.37
2026-01-27 16:14:28,9.37
2026-01-27 16:14:29,8.98
2026-01-27 16:14:30,8.98
2026-01-27 16:14:31,8.98
2026-01-27 16:14:32,8.98
2026-01-27 16:14:33,8.98
2026-01-27 16:14:34,9.20
2026-01-27 16:14:35,9.20
2026-01-27 16:14:36,9.20
2026-01-27 16:14:37,9.20
2026-01-27 16:14:38,9.20
2026-01-27 16:14:39,9.12
2026-01-27 16:14:40,9.12
2026-01-27 16:14:41,9.12
2026-01-27 16:14:42,9.12
2026-01-27 16:14:43,9.12
2026-01-27 16:14:44,9.18
2026-01-27 16:14:45,9.18
2026-01-27 16:14:46,9.18
2026-01-27 16:14:47,9.18
2026-01-27 16:14:48,9.18
2026-01-27 16:14:49,10.3
2026-01-27 16:14:50,10.3
2026-01-27 16:14:51,10.3
2026-01-27 16:14:52,10.3
2026-01-27 16:14:53,10.3
2026-01-27 16:14:54,8.23
2026-01-27 16:14:55,8.23
2026-01-27 16:14:56,8.23
2026-01-27 16:14:57,8.23
2026-01-27 16:14:58,8.23
2026-01-27 16:14:59,9.97
2026-01-27 16:15:00,9.97
2026-01-27 16:15:01,9.97
2026-01-27 16:15:02,9.97
2026-01-27 16:15:03,9.97
2026-01-27 16:15:04,7.56
2026-01-27 16:15:05,7.56
2026-01-27 16:15:06,7.56
2026-01-27 16:15:07,7.56
2026-01-27 16:15:08,7.56
2026-01-27 16:15:09,7.93
2026-01-27 16:15:10,7.93
2026-01-27 16:15:11,7.93
2026-01-27 16:15:12,7.93
2026-01-27 16:15:13,7.93
2026-01-27 16:15:14,7.80
2026-01-27 16:15:15,7.80
2026-01-27 16:15:16,7.80
2026-01-27 16:15:17,7.80
2026-01-27 16:15:18,7.80
2026-01-27 16:15:19,8.06
2026-01-27 16:15:20,8.06
2026-01-27 16:15:21,8.06
2026-01-27 16:15:22,8.06
2026-01-27 16:15:23,8.06
2026-01-27 16:15:24,7.95
2026-01-27 16:15:25,7.95
2026-01-27 16:15:26,7.95
2026-01-27 16:15:27,7.95
2026-01-27 16:15:28,7.95
2026-01-27 16:15:29,10.1
2026-01-27 16:15:30,10.1
2026-01-27 16:15:31,10.1
2026-01-27 16:15:32,10.1
2026-01-27 16:15:33,10.1
2026-01-27 16:15:34,6.81
2026-01-27 16:15:35,6.81
2026-01-27 16:15:36,6.81
2026-01-27 16:15:37,6.81
2026-01-27 16:15:38,6.81
2026-01-27 16:15:39,6.91
2026-01-27 16:15:40,6.91
2026-01-27 16:15:41,6.91
2026-01-27 16:15:42,6.91
2026-01-27 16:15:43,6.91
2026-01-27 16:15:44,7.99
2026-01-27 16:15:45,7.99
2026-01-27 16:15:46,7.99
2026-01-27 16:15:47,7.99
2026-01-27 16:15:48,7.99
2026-01-27 16:15:49,7.01
2026-01-27 16:15:50,7.01
2026-01-27 16:15:51,7.01
2026-01-27 16:15:52,7.01
2026-01-27 16:15:53,7.01
2026-01-27 16:15:54,6.10
2026-01-27 16:15:55,6.10
2026-01-27 16:15:56,6.10
2026-01-27 16:15:57,6.10
2026-01-27 16:15:58,6.10
2026-01-27 16:15:59,7.77
2026-01-27 16:16:00,7.77
2026-01-27 16:16:01,7.77
2026-01-27 16:16:02,7.77
2026-01-27 16:16:03,7.77
2026-01-27 16:16:04,7.68
2026-01-27 16:16:05,7.68
2026-01-27 16:16:06,7.68
2026-01-27 16:16:07,7.68
2026-01-27 16:16:08,7.68
2026-01-27 16:16:09,8.82
2026-01-27 16:16:10,8.82
2026-01-27 16:16:11,8.82
2026-01-27 16:16:12,8.82
2026-01-27 16:16:13,8.82
2026-01-27 16:16:14,7.64
2026-01-27 16:16:15,7.64
2026-01-27 16:16:16,7.64
2026-01-27 16:16:17,7.64
2026-01-27 16:16:18,7.64
2026-01-27 16:16:19,8.01
2026-01-27 16:16:20,8.01
2026-01-27 16:16:21,8.01
2026-01-27 16:16:22,8.01
2026-01-27 16:16:23,8.01
2026-01-27 16:16:24,8.12
2026-01-27 16:16:25,8.12
2026-01-27 16:16:26,8.12
2026-01-27 16:16:27,8.12
2026-01-27 16:16:28,8.12
2026-01-27 16:16:29,7.92
2026-01-27 16:16:30,7.92
2026-01-27 16:16:31,7.92
2026-01-27 16:16:32,7.92
2026-01-27 16:16:33,7.92
2026-01-27 16:16:34,7.87
2026-01-27 16:16:35,7.87
2026-01-27 16:16:36,7.87
2026-01-27 16:16:37,7.87
2026-01-27 16:16:38,7.87
2026-01-27 16:16:39,7.66
2026-01-27 16:16:40,7.66
2026-01-27 16:16:41,7.66
2026-01-27 16:16:42,7.66
2026-01-27 16:16:43,7.66
2026-01-27 16:16:44,7.13
2026-01-27 16:16:45,7.13
2026-01-27 16:16:46,7.13
2026-01-27 16:16:47,7.13
2026-01-27 16:16:48,7.13
2026-01-27 16:16:49,8.77
2026-01-27 16:16:50,8.77
2026-01-27 16:16:51,8.77
2026-01-27 16:16:52,8.77
2026-01-27 16:16:53,8.77
2026-01-27 16:16:54,8.83
2026-01-27 16:16:55,8.83
2026-01-27 16:16:56,8.83
2026-01-27 16:16:57,8.83
2026-01-27 16:16:58,8.83
2026-01-27 16:16:59,8.59
2026-01-27 16:17:00,8.59
2026-01-27 16:17:01,8.59
2026-01-27 16:17:02,8.59
2026-01-27 16:17:03,8.59
2026-01-27 16:17:04,10.2
2026-01-27 16:17:05,10.2
2026-01-27 16:17:06,10.2
2026-01-27 16:17:07,10.2
2026-01-27 16:17:08,10.2
2026-01-27 16:17:09,8.10
2026-01-27 16:17:10,8.10
2026-01-27 16:17:11,8.10
2026-01-27 16:17:12,8.10
2026-01-27 16:17:13,8.10
2026-01-27 16:17:14,7.34
2026-01-27 16:17:15,7.34
2026-01-27 16:17:16,7.34
2026-01-27 16:17:17,7.34
2026-01-27 16:17:18,7.34
2026-01-27 16:17:19,8.90
2026-01-27 16:17:20,8.90
2026-01-27 16:17:21,8.90
2026-01-27 16:17:22,8.90
2026-01-27 16:17:23,8.90
2026-01-27 16:17:24,9.26
2026-01-27 16:17:25,9.26
2026-01-27 16:17:26,9.26
2026-01-27 16:17:27,9.26
2026-01-27 16:17:28,9.26
2026-01-27 16:17:29,8.94
2026-01-27 16:17:30,8.94
2026-01-27 16:17:31,8.94
2026-01-27 16:17:32,8.94
2026-01-27 16:17:33,8.94
2026-01-27 16:17:34,8.76
2026-01-27 16:17:35,8.76
2026-01-27 16:17:36,8.76
2026-01-27 16:17:37,8.76
2026-01-27 16:17:38,8.76
2026-01-27 16:17:39,8.66
2026-01-27 16:17:40,8.66
2026-01-27 16:17:41,8.66
2026-01-27 16:17:42,8.66
2026-01-27 16:17:43,8.66
2026-01-27 16:17:44,8.71
2026-01-27 16:17:45,8.71
2026-01-27 16:17:46,8.71
2026-01-27 16:17:47,8.71
2026-01-27 16:17:48,8.71
2026-01-27 16:17:49,8.68
2026-01-27 16:17:50,8.68
2026-01-27 16:17:51,8.68
2026-01-27 16:17:52,8.68
2026-01-27 16:17:53,8.68
2026-01-27 16:17:54,8.90
2026-01-27 16:17:55,8.90
2026-01-27 16:17:56,8.90
2026-01-27 16:17:57,8.90
2026-01-27 16:17:58,8.90
2026-01-27 16:17:59,8.79
2026-01-27 16:18:00,8.79
2026-01-27 16:18:01,8.79
2026-01-27 16:18:02,8.79
2026-01-27 16:18:03,8.79
2026-01-27 16:18:04,8.75
2026-01-27 16:18:05,8.75
2026-01-27 16:18:06,8.75
2026-01-27 16:18:07,8.75
2026-01-27 16:18:08,8.75
2026-01-27 16:18:09,8.89
2026-01-27 16:18:10,8.89
2026-01-27 16:18:11,8.89
2026-01-27 16:18:12,8.89
2026-01-27 16:18:13,8.89
2026-01-27 16:18:14,9.06
2026-01-27 16:18:15,9.06
2026-01-27 16:18:16,9.06
2026-01-27 16:18:17,9.06
2026-01-27 16:18:18,9.06
2026-01-27 16:18:19,8.60
2026-01-27 16:18:20,8.60
2026-01-27 16:18:21,8.60
2026-01-27 16:18:22,8.60
2026-01-27 16:18:23,8.60
2026-01-27 16:18:24,8.79
2026-01-27 16:18:25,8.79
2026-01-27 16:18:26,8.79
2026-01-27 16:18:27,8.79
2026-01-27 16:18:28,8.79
2026-01-27 16:18:29,8.92
2026-01-27 16:18:30,8.92
2026-01-27 16:18:31,8.92
2026-01-27 16:18:32,8.92
2026-01-27 16:18:33,8.92
2026-01-27 16:18:34,8.78
2026-01-27 16:18:35,8.78
2026-01-27 16:18:36,8.78
2026-01-27 16:18:37,8.78
2026-01-27 16:18:38,8.78
2026-01-27 16:18:39,8.95
2026-01-27 16:18:40,8.95
2026-01-27 16:18:41,8.95
2026-01-27 16:18:42,8.95
2026-01-27 16:18:43,8.95
2026-01-27 16:18:44,8.67
2026-01-27 16:18:45,8.67
2026-01-27 16:18:46,8.67
2026-01-27 16:18:47,8.67
2026-01-27 16:18:48,8.67
2026-01-27 16:18:49,8.67
2026-01-27 16:18:50,8.67
2026-01-27 16:18:51,8.67
2026-01-27 16:18:52,8.67
2026-01-27 16:18:53,8.67
2026-01-27 16:18:54,8.67
2026-01-27 16:18:55,8.67
2026-01-27 16:18:56,8.67
2026-01-27 16:18:57,8.67
2026-01-27 16:18:58,8.67
2026-01-27 16:18:59,8.73
2026-01-27 16:19:00,8.73
2026-01-27 16:19:01,8.73
2026-01-27 16:19:02,8.73
2026-01-27 16:19:03,8.73
2026-01-27 16:19:04,8.92
2026-01-27 16:19:05,8.92
2026-01-27 16:19:06,8.92
2026-01-27 16:19:07,8.92
2026-01-27 16:19:08,8.92
2026-01-27 16:19:09,8.88
2026-01-27 16:19:10,8.88
2026-01-27 16:19:11,8.88
2026-01-27 16:19:12,8.88
2026-01-27 16:19:13,8.88
2026-01-27 16:19:14,10.6
2026-01-27 16:19:15,10.6
2026-01-27 16:19:16,10.6
2026-01-27 16:19:17,10.6
2026-01-27 16:19:18,10.6
2026-01-27 16:19:19,7.95
2026-01-27 16:19:20,7.95
2026-01-27 16:19:21,7.95
2026-01-27 16:19:22,7.95
2026-01-27 16:19:23,7.95
2026-01-27 16:19:24,7.74
2026-01-27 16:19:25,7.74
2026-01-27 16:19:26,7.74
2026-01-27 16:19:27,7.74
2026-01-27 16:19:28,7.74
2026-01-27 16:19:29,7.90
2026-01-27 16:19:30,7.90
2026-01-27 16:19:31,7.90
2026-01-27 16:19:32,7.90
2026-01-27 16:19:33,7.90
2026-01-27 16:19:34,7.69
2026-01-27 16:19:35,7.69
2026-01-27 16:19:36,7.69
2026-01-27 16:19:37,7.69
2026-01-27 16:19:38,7.69
2026-01-27 16:19:39,8.01
2026-01-27 16:19:40,8.01
2026-01-27 16:19:41,8.01
2026-01-27 16:19:42,8.01
2026-01-27 16:19:43,8.01
2026-01-27 16:19:44,7.65
2026-01-27 16:19:45,7.65
2026-01-27 16:19:46,7.65
2026-01-27 16:19:47,7.65
2026-01-27 16:19:48,7.65
2026-01-27 16:19:49,7.59
2026-01-27 16:19:50,7.59
2026-01-27 16:19:51,7.59
2026-01-27 16:19:52,7.59
2026-01-27 16:19:53,7.59
2026-01-27 16:19:54,7.64
2026-01-27 16:19:55,7.64
2026-01-27 16:19:56,7.64
2026-01-27 16:19:57,7.64
2026-01-27 16:19:58,7.64
2026-01-27 16:19:59,7.51
2026-01-27 16:20:00,7.51
2026-01-27 16:20:01,7.51
2026-01-27 16:20:02,7.51
2026-01-27 16:20:03,7.51
2026-01-27 16:20:04,9.72
2026-01-27 16:20:05,9.72
2026-01-27 16:20:06,9.72
2026-01-27 16:20:07,9.72
2026-01-27 16:20:08,9.72
2026-01-27 16:20:09,7.38
2026-01-27 16:20:10,7.38
2026-01-27 16:20:11,7.38
2026-01-27 16:20:12,7.38
2026-01-27 16:20:13,7.38
2026-01-27 16:20:14,6.76
2026-01-27 16:20:15,6.76
2026-01-27 16:20:16,6.76
2026-01-27 16:20:17,6.76
2026-01-27 16:20:18,6.76
2026-01-27 16:20:19,6.76
2026-01-27 16:20:20,6.76
2026-01-27 16:20:21,6.76
2026-01-27 16:20:22,6.76
2026-01-27 16:20:23,6.76
2026-01-27 16:20:24,0
2026-01-27 16:20:25,0
2026-01-27 16:20:26,0
2026-01-27 16:20:27,0
2026-01-27 16:20:28,0
2026-01-27 16:20:29,0
2026-01-27 16:20:30,0
2026-01-27 16:20:31,0
2026-01-27 16:20:32,0
2026-01-27 16:20:33,0
2026-01-27 16:20:34,0
2026-01-27 16:20:35,0
2026-01-27 16:20:36,0
2026-01-27 16:20:37,0
2026-01-27 16:20:38,0
2026-01-27 16:20:39,0
2026-01-27 16:20:40,0
2026-01-27 16:20:41,0
2026-01-27 16:20:42,0
2026-01-27 16:20:43,0
2026-01-27 16:20:44,0
2026-01-27 16:20:45,0
2026-01-27 16:20:46,0
2026-01-27 16:20:47,0
2026-01-27 16:20:48,0
2026-01-27 16:20:49,0
2026-01-27 16:20:50,0
2026-01-27 16:20:51,0
2026-01-27 16:20:52,0
2026-01-27 16:20:53,0
2026-01-27 16:20:54,0
2026-01-27 16:20:55,0
2026-01-27 16:20:56,0
2026-01-27 16:20:57,0
2026-01-27 16:20:58,0
2026-01-27 16:20:59,0
2026-01-27 16:21:00,0
2026-01-27 16:21:01,0
2026-01-27 16:21:02,0
2026-01-27 16:21:03,0
2026-01-27 16:21:04,0
2026-01-27 16:21:05,0
2026-01-27 16:21:06,0
2026-01-27 16:21:07,0
2026-01-27 16:21:08,0
2026-01-27 16:21:09,0
2026-01-27 16:21:10,0
2026-01-27 16:21:11,0
2026-01-27 16:21:12,0
2026-01-27 16:21:13,0
2026-01-27 16:21:14,0
2026-01-27 16:21:15,0
2026-01-27 16:21:16,0
2026-01-27 16:21:17,0
2026-01-27 16:21:18,0
2026-01-27 16:21:19,0
2026-01-27 16:21:20,0
2026-01-27 16:21:21,0
2026-01-27 16:21:22,0
2026-01-27 16:21:23,0
2026-01-27 16:21:24,0
2026-01-27 16:21:25,0
2026-01-27 16:21:26,0
2026-01-27 16:21:27,0
2026-01-27 16:21:28,0
2026-01-27 16:21:29,0
2026-01-27 16:21:30,0
2026-01-27 16:21:31,0
2026-01-27 16:21:32,0
2026-01-27 16:21:33,0
2026-01-27 16:21:34,0
2026-01-27 16:21:35,0
2026-01-27 16:21:36,0
2026-01-27 16:21:37,0
2026-01-27 16:21:38,0
2026-01-27 16:21:39,0
2026-01-27 16:21:40,0
2026-01-27 16:21:41,0
2026-01-27 16:21:42,0
2026-01-27 16:21:43,0
2026-01-27 16:21:44,0
2026-01-27 16:21:45,0
2026-01-27 16:21:46,0
2026-01-27 16:21:47,0
2026-01-27 16:21:48,0
2026-01-27 16:21:49,0
2026-01-27 16:21:50,0
2026-01-27 16:21:51,0
2026-01-27 16:21:52,0
2026-01-27 16:21:53,0
2026-01-27 16:21:54,0
2026-01-27 16:21:55,0
2026-01-27 16:21:56,0
2026-01-27 16:21:57,0
2026-01-27 16:21:58,0
2026-01-27 16:22:09,3.62
2026-01-27 16:22:10,3.62
2026-01-27 16:22:11,3.62
2026-01-27 16:22:12,3.62
2026-01-27 16:22:13,3.62
2026-01-27 16:22:14,5.99
2026-01-27 16:22:15,5.99
2026-01-27 16:22:16,5.99
2026-01-27 16:22:17,5.99
2026-01-27 16:22:18,5.99
2026-01-27 16:22:19,6.97
2026-01-27 16:22:20,6.97
2026-01-27 16:22:21,6.97
2026-01-27 16:22:22,6.97
2026-01-27 16:22:23,6.97
2026-01-27 16:22:24,7.00
2026-01-27 16:22:25,7.00
2026-01-27 16:22:26,7.00
2026-01-27 16:22:27,7.00
2026-01-27 16:22:28,7.00
2026-01-27 16:22:29,9.27
2026-01-27 16:22:30,9.27
2026-01-27 16:22:31,9.27
2026-01-27 16:22:32,9.27
2026-01-27 16:22:33,9.27
2026-01-27 16:22:34,8.30
2026-01-27 16:22:35,8.30
2026-01-27 16:22:36,8.30
2026-01-27 16:22:37,8.30
2026-01-27 16:22:38,8.30
2026-01-27 16:22:39,8.45
2026-01-27 16:22:40,8.45
2026-01-27 16:22:41,8.45
2026-01-27 16:22:42,8.45
2026-01-27 16:22:43,8.45
2026-01-27 16:22:44,8.21
2026-01-27 16:22:45,8.21
2026-01-27 16:22:46,8.21
2026-01-27 16:22:47,8.21
2026-01-27 16:22:48,8.21
2026-01-27 16:22:49,8.58
2026-01-27 16:22:50,8.58
2026-01-27 16:22:51,8.58
2026-01-27 16:22:52,8.58
2026-01-27 16:22:53,8.58
2026-01-27 16:22:54,8.10
2026-01-27 16:22:55,8.10
2026-01-27 16:22:56,8.10
2026-01-27 16:22:57,8.10
2026-01-27 16:22:58,8.10
2026-01-27 16:22:59,8.84
2026-01-27 16:23:00,8.84
2026-01-27 16:23:01,8.84
2026-01-27 16:23:02,8.84
2026-01-27 16:23:03,8.84
2026-01-27 16:23:04,8.17
2026-01-27 16:23:05,8.17
2026-01-27 16:23:06,8.17
2026-01-27 16:23:07,8.17
2026-01-27 16:23:08,8.17
2026-01-27 16:23:09,8.69
2026-01-27 16:23:10,8.69
2026-01-27 16:23:11,8.69
2026-01-27 16:23:12,8.69
2026-01-27 16:23:13,8.69
2026-01-27 16:23:14,8.12
2026-01-27 16:23:15,8.12
2026-01-27 16:23:16,8.12
2026-01-27 16:23:17,8.12
2026-01-27 16:23:18,8.12
2026-01-27 16:23:19,8.52
2026-01-27 16:23:20,8.52
2026-01-27 16:23:21,8.52
2026-01-27 16:23:22,8.52
2026-01-27 16:23:23,8.52
2026-01-27 16:23:24,8.98
2026-01-27 16:23:25,8.98
2026-01-27 16:23:26,8.98
2026-01-27 16:23:27,8.98
2026-01-27 16:23:28,8.98
2026-01-27 16:23:29,10.4
2026-01-27 16:23:30,10.4
2026-01-27 16:23:31,10.4
2026-01-27 16:23:32,10.4
2026-01-27 16:23:33,10.4
2026-01-27 16:23:34,10.7
2026-01-27 16:23:35,10.7
2026-01-27 16:23:36,10.7
2026-01-27 16:23:37,10.7
2026-01-27 16:23:38,10.7
2026-01-27 16:23:39,9.42
2026-01-27 16:23:40,9.42
2026-01-27 16:23:41,9.42
2026-01-27 16:23:42,9.42
2026-01-27 16:23:43,9.42
2026-01-27 16:23:44,8.81
2026-01-27 16:23:45,8.81
2026-01-27 16:23:46,8.81
2026-01-27 16:23:47,8.81
2026-01-27 16:23:48,8.81
2026-01-27 16:23:49,10.6
2026-01-27 16:23:50,10.6
2026-01-27 16:23:51,10.6
2026-01-27 16:23:52,10.6
2026-01-27 16:23:53,10.6
2026-01-27 16:23:54,10.0
2026-01-27 16:23:55,10.0
2026-01-27 16:23:56,10.0
2026-01-27 16:23:57,10.0
2026-01-27 16:23:58,10.0
2026-01-27 16:23:59,10.1
2026-01-27 16:24:00,10.1
2026-01-27 16:24:01,10.1
2026-01-27 16:24:02,10.1
2026-01-27 16:24:03,10.1
2026-01-27 16:24:04,9.71
2026-01-27 16:24:05,9.71
2026-01-27 16:24:06,9.71
2026-01-27 16:24:07,9.71
2026-01-27 16:24:08,9.71
2026-01-27 16:24:09,10.1
2026-01-27 16:24:10,10.1
2026-01-27 16:24:11,10.1
2026-01-27 16:24:12,10.1
2026-01-27 16:24:13,10.1
2026-01-27 16:24:14,9.64
2026-01-27 16:24:15,9.64
2026-01-27 16:24:16,9.64
2026-01-27 16:24:17,9.64
2026-01-27 16:24:18,9.64
2026-01-27 16:24:19,11.0
2026-01-27 16:24:20,11.0
2026-01-27 16:24:21,11.0
2026-01-27 16:24:22,11.0
2026-01-27 16:24:23,11.0
2026-01-27 16:24:24,8.86
2026-01-27 16:24:25,8.86
2026-01-27 16:24:26,8.86
2026-01-27 16:24:27,8.86
2026-01-27 16:24:28,8.86
2026-01-27 16:24:29,12.1
2026-01-27 16:24:30,12.1
2026-01-27 16:24:31,12.1
2026-01-27 16:24:32,12.1
2026-01-27 16:24:33,12.1
2026-01-27 16:24:34,8.31
2026-01-27 16:24:35,8.31
2026-01-27 16:24:36,8.31
2026-01-27 16:24:37,8.31
2026-01-27 16:24:38,8.31
2026-01-27 16:24:39,8.28
2026-01-27 16:24:40,8.28
2026-01-27 16:24:41,8.28
2026-01-27 16:24:42,8.28
2026-01-27 16:24:43,8.28
2026-01-27 16:24:44,7.53
2026-01-27 16:24:45,7.53
2026-01-27 16:24:46,7.53
2026-01-27 16:24:47,7.53
2026-01-27 16:24:48,7.53
2026-01-27 16:24:49,8.29
2026-01-27 16:24:50,8.29
2026-01-27 16:24:51,8.29
2026-01-27 16:24:52,8.29
2026-01-27 16:24:53,8.29
2026-01-27 16:24:54,7.60
2026-01-27 16:24:55,7.60
2026-01-27 16:24:56,7.60
2026-01-27 16:24:57,7.60
2026-01-27 16:24:58,7.60
2026-01-27 16:24:59,8.39
2026-01-27 16:25:00,8.39
2026-01-27 16:25:01,8.39
2026-01-27 16:25:02,8.39
2026-01-27 16:25:03,8.39
2026-01-27 16:25:04,7.58
2026-01-27 16:25:05,7.58
2026-01-27 16:25:06,7.58
2026-01-27 16:25:07,7.58
2026-01-27 16:25:08,7.58
2026-01-27 16:25:09,10.7
2026-01-27 16:25:10,10.7
2026-01-27 16:25:11,10.7
2026-01-27 16:25:12,10.7
2026-01-27 16:25:13,10.7
2026-01-27 16:25:14,6.55
2026-01-27 16:25:15,6.55
2026-01-27 16:25:16,6.55
2026-01-27 16:25:17,6.55
2026-01-27 16:25:18,6.55
2026-01-27 16:25:19,7.61
2026-01-27 16:25:20,7.61
2026-01-27 16:25:21,7.61
2026-01-27 16:25:22,7.61
2026-01-27 16:25:23,7.61
2026-01-27 16:25:24,6.91
2026-01-27 16:25:25,6.91
2026-01-27 16:25:26,6.91
2026-01-27 16:25:27,6.91
2026-01-27 16:25:28,6.91
2026-01-27 16:25:29,7.88
2026-01-27 16:25:30,7.88
2026-01-27 16:25:31,7.88
2026-01-27 16:25:32,7.88
2026-01-27 16:25:33,7.88
2026-01-27 16:25:34,7.86
2026-01-27 16:25:35,7.86
2026-01-27 16:25:36,7.86
2026-01-27 16:25:37,7.86
2026-01-27 16:25:38,7.86
2026-01-27 16:25:39,8.74
2026-01-27 16:25:40,8.74
2026-01-27 16:25:41,8.74
2026-01-27 16:25:42,8.74
2026-01-27 16:25:43,8.74
2026-01-27 16:25:44,6.61
2026-01-27 16:25:45,6.61
2026-01-27 16:25:46,6.61
2026-01-27 16:25:47,6.61
2026-01-27 16:25:48,6.61
2026-01-27 16:25:49,7.27
2026-01-27 16:25:50,7.27
2026-01-27 16:25:51,7.27
2026-01-27 16:25:52,7.27
2026-01-27 16:25:53,7.27
2026-01-27 16:25:54,4.97
2026-01-27 16:25:55,4.97
2026-01-27 16:25:56,4.97
2026-01-27 16:25:57,4.97
2026-01-27 16:25:58,4.97
2026-01-27 16:25:59,7.80
2026-01-27 16:26:00,7.80
2026-01-27 16:26:01,7.80
2026-01-27 16:26:02,7.80
2026-01-27 16:26:03,7.80
2026-01-27 16:26:04,7.33
2026-01-27 16:26:05,7.33
2026-01-27 16:26:06,7.33
2026-01-27 16:26:07,7.33
2026-01-27 16:26:08,7.33
2026-01-27 16:26:09,8.23
2026-01-27 16:26:10,8.23
2026-01-27 16:26:11,8.23
2026-01-27 16:26:12,8.23
2026-01-27 16:26:13,8.23
2026-01-27 16:26:14,6.86
2026-01-27 16:26:15,6.86
2026-01-27 16:26:16,6.86
2026-01-27 16:26:17,6.86
2026-01-27 16:26:18,6.86
2026-01-27 16:26:19,8.29
2026-01-27 16:26:20,8.29
2026-01-27 16:26:21,8.29
2026-01-27 16:26:22,8.29
2026-01-27 16:26:23,8.29
2026-01-27 16:26:24,6.82
2026-01-27 16:26:25,6.82
2026-01-27 16:26:26,6.82
2026-01-27 16:26:27,6.82
2026-01-27 16:26:28,6.82
2026-01-27 16:26:29,9.22
2026-01-27 16:26:30,9.22
2026-01-27 16:26:31,9.22
2026-01-27 16:26:32,9.22
2026-01-27 16:26:33,9.22
2026-01-27 16:26:34,7.99
2026-01-27 16:26:35,7.99
2026-01-27 16:26:36,7.99
2026-01-27 16:26:37,7.99
2026-01-27 16:26:38,7.99
2026-01-27 16:26:39,10.2
2026-01-27 16:26:40,10.2
2026-01-27 16:26:41,10.2
2026-01-27 16:26:42,10.2
2026-01-27 16:26:43,10.2
2026-01-27 16:26:44,8.82
2026-01-27 16:26:45,8.82
2026-01-27 16:26:46,8.82
2026-01-27 16:26:47,8.82
2026-01-27 16:26:48,8.82
2026-01-27 16:26:49,8.95
2026-01-27 16:26:50,8.95
2026-01-27 16:26:51,8.95
2026-01-27 16:26:52,8.95
2026-01-27 16:26:53,8.95
2026-01-27 16:26:54,7.86
2026-01-27 16:26:55,7.86
2026-01-27 16:26:56,7.86
2026-01-27 16:26:57,7.86
2026-01-27 16:26:58,7.86
2026-01-27 16:26:59,8.87
2026-01-27 16:27:00,8.87
2026-01-27 16:27:01,8.87
2026-01-27 16:27:02,8.87
2026-01-27 16:27:03,8.87
2026-01-27 16:27:04,7.80
2026-01-27 16:27:05,7.80
2026-01-27 16:27:06,7.80
2026-01-27 16:27:07,7.80
2026-01-27 16:27:08,7.80
2026-01-27 16:27:09,9.08
2026-01-27 16:27:10,9.08
2026-01-27 16:27:11,9.08
2026-01-27 16:27:12,9.08
2026-01-27 16:27:13,9.08
2026-01-27 16:27:14,8.02
2026-01-27 16:27:15,8.02
2026-01-27 16:27:16,8.02
2026-01-27 16:27:17,8.02
2026-01-27 16:27:18,8.02
2026-01-27 16:27:19,9.51
2026-01-27 16:27:20,9.51
2026-01-27 16:27:21,9.51
2026-01-27 16:27:22,9.51
2026-01-27 16:27:23,9.51
2026-01-27 16:27:24,7.89
2026-01-27 16:27:25,7.89
2026-01-27 16:27:26,7.89
2026-01-27 16:27:27,7.89
2026-01-27 16:27:28,7.89
2026-01-27 16:27:29,9.41
2026-01-27 16:27:30,9.41
2026-01-27 16:27:31,9.41
2026-01-27 16:27:32,9.41
2026-01-27 16:27:33,9.41
2026-01-27 16:27:34,7.80
2026-01-27 16:27:35,7.80
2026-01-27 16:27:36,7.80
2026-01-27 16:27:37,7.80
2026-01-27 16:27:38,7.80
2026-01-27 16:27:39,9.00
2026-01-27 16:27:40,9.00
2026-01-27 16:27:41,9.00
2026-01-27 16:27:42,9.00
2026-01-27 16:27:43,9.00
2026-01-27 16:27:44,8.62
2026-01-27 16:27:45,8.62
2026-01-27 16:27:46,8.62
2026-01-27 16:27:47,8.62
2026-01-27 16:27:48,8.62
2026-01-27 16:27:49,10.3
2026-01-27 16:27:50,10.3
2026-01-27 16:27:51,10.3
2026-01-27 16:27:52,10.3
2026-01-27 16:27:53,10.3
2026-01-27 16:27:54,7.76
2026-01-27 16:27:55,7.76
2026-01-27 16:27:56,7.76
2026-01-27 16:27:57,7.76
2026-01-27 16:27:58,7.76
2026-01-27 16:27:59,9.19
2026-01-27 16:28:00,9.19
2026-01-27 16:28:01,9.19
2026-01-27 16:28:02,9.19
2026-01-27 16:28:03,9.19
2026-01-27 16:28:04,7.78
2026-01-27 16:28:05,7.78
2026-01-27 16:28:06,7.78
2026-01-27 16:28:07,7.78
2026-01-27 16:28:08,7.78
2026-01-27 16:28:09,9.34
2026-01-27 16:28:10,9.34
2026-01-27 16:28:11,9.34
2026-01-27 16:28:12,9.34
2026-01-27 16:28:13,9.34
2026-01-27 16:28:14,7.67
2026-01-27 16:28:15,7.67
2026-01-27 16:28:16,7.67
2026-01-27 16:28:17,7.67
2026-01-27 16:28:18,7.67
2026-01-27 16:28:19,9.42
2026-01-27 16:28:20,9.42
2026-01-27 16:28:21,9.42
2026-01-27 16:28:22,9.42
2026-01-27 16:28:23,9.42
2026-01-27 16:28:24,7.89
2026-01-27 16:28:25,7.89
2026-01-27 16:28:26,7.89
2026-01-27 16:28:27,7.89
2026-01-27 16:28:28,7.89
2026-01-27 16:28:29,0
2026-01-27 16:28:30,0
2026-01-27 16:28:31,0
2026-01-27 16:28:32,0
2026-01-27 16:28:33,0
2026-01-27 16:28:34,0
2026-01-27 16:28:35,0
2026-01-27 16:28:36,0
2026-01-27 16:28:37,0
2026-01-27 16:28:38,0
2026-01-27 16:28:39,0
2026-01-27 16:28:40,0
2026-01-27 16:28:41,0
2026-01-27 16:28:42,0
2026-01-27 16:28:43,0
2026-01-27 16:28:44,0
2026-01-27 16:28:45,0
2026-01-27 16:28:46,0
2026-01-27 16:28:47,0
2026-01-27 16:28:48,0
2026-01-27 16:28:49,0
2026-01-27 16:28:50,0
2026-01-27 16:28:51,0
2026-01-27 16:28:52,0
2026-01-27 16:28:53,0
2026-01-27 16:28:54,0
2026-01-27 16:28:55,0
2026-01-27 16:28:56,0
2026-01-27 16:28:57,0
2026-01-27 16:28:58,0
2026-01-27 16:28:59,0
2026-01-27 16:29:00,0
2026-01-27 16:29:01,0
2026-01-27 16:29:02,0
2026-01-27 16:29:03,0
2026-01-27 16:29:04,0
2026-01-27 16:29:05,0
2026-01-27 16:29:06,0
2026-01-27 16:29:07,0
2026-01-27 16:29:08,0
2026-01-27 16:29:09,0
2026-01-27 16:29:10,0
2026-01-27 16:29:11,0
2026-01-27 16:29:12,0
2026-01-27 16:29:13,0
2026-01-27 16:29:14,0
2026-01-27 16:29:15,0
2026-01-27 16:29:16,0
2026-01-27 16:29:17,0
2026-01-27 16:29:18,0
2026-01-27 16:29:19,0
2026-01-27 16:29:20,0
2026-01-27 16:29:21,0
2026-01-27 16:29:22,0
2026-01-27 16:29:23,0
2026-01-27 16:29:24,0
2026-01-27 16:29:25,0
2026-01-27 16:29:26,0
2026-01-27 16:29:27,0
2026-01-27 16:29:28,0
2026-01-27 16:29:29,0
2026-01-27 16:29:30,0
2026-01-27 16:29:31,0
2026-01-27 16:29:32,0
2026-01-27 16:29:33,0
2026-01-27 16:29:34,0
2026-01-27 16:29:35,0
2026-01-27 16:29:36,0
2026-01-27 16:29:37,0
2026-01-27 16:29:38,0
2026-01-27 16:29:39,0
2026-01-27 16:29:40,0
2026-01-27 16:29:41,0
2026-01-27 16:29:42,0
2026-01-27 16:29:43,0
2026-01-27 16:29:44,0
2026-01-27 16:29:45,0
2026-01-27 16:29:46,0
2026-01-27 16:29:47,0
2026-01-27 16:29:48,0
2026-01-27 16:29:49,0
2026-01-27 16:29:50,0
2026-01-27 16:29:51,0
2026-01-27 16:29:52,0
2026-01-27 16:29:53,0
2026-01-27 16:29:54,0
2026-01-27 16:29:55,0
2026-01-27 16:29:56,0
2026-01-27 16:29:57,0
2026-01-27 16:29:58,0
2026-01-27 16:29:59,0
2026-01-27 16:30:00,0
2026-01-27 16:30:01,0
2026-01-27 16:30:02,0
2026-01-27 16:30:03,0
2026-01-27 16:30:29,5.12
2026-01-27 16:30:30,5.12
2026-01-27 16:30:31,5.12
2026-01-27 16:30:32,5.12
2026-01-27 16:30:33,5.12
2026-01-27 16:30:34,8.04
2026-01-27 16:30:35,8.04
2026-01-27 16:30:36,8.04
2026-01-27 16:30:37,8.04
2026-01-27 16:30:38,8.04
2026-01-27 16:30:39,10.0
2026-01-27 16:30:40,10.0
2026-01-27 16:30:41,10.0
2026-01-27 16:30:42,10.0
2026-01-27 16:30:43,10.0
2026-01-27 16:30:44,8.17
2026-01-27 16:30:45,8.17
2026-01-27 16:30:46,8.17
2026-01-27 16:30:47,8.17
2026-01-27 16:30:48,8.17
2026-01-27 16:30:49,9.59
2026-01-27 16:30:50,9.59
2026-01-27 16:30:51,9.59
2026-01-27 16:30:52,9.59
2026-01-27 16:30:53,9.59
2026-01-27 16:30:54,9.52
2026-01-27 16:30:55,9.52
2026-01-27 16:30:56,9.52
2026-01-27 16:30:57,9.52
2026-01-27 16:30:58,9.52
2026-01-27 16:30:59,10.5
2026-01-27 16:31:00,10.5
2026-01-27 16:31:01,10.5
2026-01-27 16:31:02,10.5
2026-01-27 16:31:03,10.5
2026-01-27 16:31:04,9.14
2026-01-27 16:31:05,9.14
2026-01-27 16:31:06,9.14
2026-01-27 16:31:07,9.14
2026-01-27 16:31:08,9.14
2026-01-27 16:31:09,10.6
2026-01-27 16:31:10,10.6
2026-01-27 16:31:11,10.6
2026-01-27 16:31:12,10.6
2026-01-27 16:31:13,10.6
2026-01-27 16:31:14,9.18
2026-01-27 16:31:15,9.18
2026-01-27 16:31:16,9.18
2026-01-27 16:31:17,9.18
2026-01-27 16:31:18,9.18
2026-01-27 16:31:19,10.8
2026-01-27 16:31:20,10.8
2026-01-27 16:31:21,10.8
2026-01-27 16:31:22,10.8
2026-01-27 16:31:23,10.8
2026-01-27 16:31:24,9.29
2026-01-27 16:31:25,9.29
2026-01-27 16:31:26,9.29
2026-01-27 16:31:27,9.29
2026-01-27 16:31:28,9.29
2026-01-27 16:31:29,10.9
2026-01-27 16:31:30,10.9
2026-01-27 16:31:31,10.9
2026-01-27 16:31:32,10.9
2026-01-27 16:31:33,10.9
2026-01-27 16:31:34,9.09
2026-01-27 16:31:35,9.09
2026-01-27 16:31:36,9.09
2026-01-27 16:31:37,9.09
2026-01-27 16:31:38,9.09
2026-01-27 16:31:39,10.5
2026-01-27 16:31:40,10.5
2026-01-27 16:31:41,10.5
2026-01-27 16:31:42,10.5
2026-01-27 16:31:43,10.5
2026-01-27 16:31:44,8.38
2026-01-27 16:31:45,8.38
2026-01-27 16:31:46,8.38
2026-01-27 16:31:47,8.38
2026-01-27 16:31:48,8.38
2026-01-27 16:31:49,10.7
2026-01-27 16:31:50,10.7
2026-01-27 16:31:51,10.7
2026-01-27 16:31:52,10.7
2026-01-27 16:31:53,10.7
2026-01-27 16:31:54,9.38
2026-01-27 16:31:55,9.38
2026-01-27 16:31:56,9.38
2026-01-27 16:31:57,9.38
2026-01-27 16:31:58,9.38
2026-01-27 16:31:59,10.3
2026-01-27 16:32:00,10.3
2026-01-27 16:32:01,10.3
2026-01-27 16:32:02,10.3
2026-01-27 16:32:03,10.3
2026-01-27 16:32:04,9.36
2026-01-27 16:32:05,9.36
2026-01-27 16:32:06,9.36
2026-01-27 16:32:07,9.36
2026-01-27 16:32:08,9.36
2026-01-27 16:32:09,13.7
2026-01-27 16:32:10,13.7
2026-01-27 16:32:11,13.7
2026-01-27 16:32:12,13.7
2026-01-27 16:32:13,13.7
2026-01-27 16:32:14,8.55
2026-01-27 16:32:15,8.55
2026-01-27 16:32:16,8.55
2026-01-27 16:32:17,8.55
2026-01-27 16:32:18,8.55
2026-01-27 16:32:19,9.99
2026-01-27 16:32:20,9.99
2026-01-27 16:32:21,9.99
2026-01-27 16:32:22,9.99
2026-01-27 16:32:23,9.99
2026-01-27 16:32:24,8.65
2026-01-27 16:32:25,8.65
2026-01-27 16:32:26,8.65
2026-01-27 16:32:27,8.65
2026-01-27 16:32:28,8.65
2026-01-27 16:32:29,10.6
2026-01-27 16:32:30,10.6
2026-01-27 16:32:31,10.6
2026-01-27 16:32:32,10.6
2026-01-27 16:32:33,10.6
2026-01-27 16:32:34,8.63
2026-01-27 16:32:35,8.63
2026-01-27 16:32:36,8.63
2026-01-27 16:32:37,8.63
2026-01-27 16:32:38,8.63
2026-01-27 16:32:39,9.88
2026-01-27 16:32:40,9.88
2026-01-27 16:32:41,9.88
2026-01-27 16:32:42,9.88
2026-01-27 16:32:43,9.88
2026-01-27 16:32:44,8.61
2026-01-27 16:32:45,8.61
2026-01-27 16:32:46,8.61
2026-01-27 16:32:47,8.61
2026-01-27 16:32:48,8.61
2026-01-27 16:32:49,10.4
2026-01-27 16:32:50,10.4
2026-01-27 16:32:51,10.4
2026-01-27 16:32:52,10.4
2026-01-27 16:32:53,10.4
2026-01-27 16:32:54,10.2
2026-01-27 16:32:55,10.2
2026-01-27 16:32:56,10.2
2026-01-27 16:32:57,10.2
2026-01-27 16:32:58,10.2
2026-01-27 16:32:59,8.99
2026-01-27 16:33:00,8.99
2026-01-27 16:33:01,8.99
2026-01-27 16:33:02,8.99
2026-01-27 16:33:03,8.99
2026-01-27 16:33:04,7.59
2026-01-27 16:33:05,7.59
2026-01-27 16:33:06,7.59
2026-01-27 16:33:07,7.59
2026-01-27 16:33:08,7.59
2026-01-27 16:33:09,9.16
2026-01-27 16:33:10,9.16
2026-01-27 16:33:11,9.16
2026-01-27 16:33:12,9.16
2026-01-27 16:33:13,9.16
2026-01-27 16:33:14,6.83
2026-01-27 16:33:15,6.83
2026-01-27 16:33:16,6.83
2026-01-27 16:33:17,6.83
2026-01-27 16:33:18,6.83
2026-01-27 16:33:19,8.32
2026-01-27 16:33:20,8.32
2026-01-27 16:33:21,8.32
2026-01-27 16:33:22,8.32
2026-01-27 16:33:23,8.32
2026-01-27 16:33:24,6.88
2026-01-27 16:33:25,6.88
2026-01-27 16:33:26,6.88
2026-01-27 16:33:27,6.88
2026-01-27 16:33:28,6.88
2026-01-27 16:33:29,8.96
2026-01-27 16:33:30,8.96
2026-01-27 16:33:31,8.96
2026-01-27 16:33:32,8.96
2026-01-27 16:33:33,8.96
2026-01-27 16:33:34,6.61
2026-01-27 16:33:35,6.61
2026-01-27 16:33:36,6.61
2026-01-27 16:33:37,6.61
2026-01-27 16:33:38,6.61
2026-01-27 16:33:39,8.20
2026-01-27 16:33:40,8.20
2026-01-27 16:33:41,8.20
2026-01-27 16:33:42,8.20
2026-01-27 16:33:43,8.20
2026-01-27 16:33:44,6.71
2026-01-27 16:33:45,6.71
2026-01-27 16:33:46,6.71
2026-01-27 16:33:47,6.71
2026-01-27 16:33:48,6.71
2026-01-27 16:33:49,9.03
2026-01-27 16:33:50,9.03
2026-01-27 16:33:51,9.03
2026-01-27 16:33:52,9.03
2026-01-27 16:33:53,9.03
2026-01-27 16:33:54,5.42
2026-01-27 16:33:55,5.42
2026-01-27 16:33:56,5.42
2026-01-27 16:33:57,5.42
2026-01-27 16:33:58,5.42
2026-01-27 16:33:59,7.27
2026-01-27 16:34:00,7.27
2026-01-27 16:34:01,7.27
2026-01-27 16:34:02,7.27
2026-01-27 16:34:03,7.27
2026-01-27 16:34:04,5.58
2026-01-27 16:34:05,5.58
2026-01-27 16:34:06,5.58
2026-01-27 16:34:07,5.58
2026-01-27 16:34:08,5.58
2026-01-27 16:34:09,7.31
2026-01-27 16:34:10,7.31
2026-01-27 16:34:11,7.31
2026-01-27 16:34:12,7.31
2026-01-27 16:34:13,7.31
2026-01-27 16:34:14,5.77
2026-01-27 16:34:15,5.77
2026-01-27 16:34:16,5.77
2026-01-27 16:34:17,5.77
2026-01-27 16:34:18,5.77
2026-01-27 16:34:19,11.6
2026-01-27 16:34:20,11.6
2026-01-27 16:34:21,11.6
2026-01-27 16:34:22,11.6
2026-01-27 16:34:23,11.6
2026-01-27 16:34:24,4.59
2026-01-27 16:34:25,4.59
2026-01-27 16:34:26,4.59
2026-01-27 16:34:27,4.59
2026-01-27 16:34:28,4.59
2026-01-27 16:34:29,8.72
2026-01-27 16:34:30,8.72
2026-01-27 16:34:31,8.72
2026-01-27 16:34:32,8.72
2026-01-27 16:34:33,8.72
2026-01-27 16:34:34,4.40
2026-01-27 16:34:35,4.40
2026-01-27 16:34:36,4.40
2026-01-27 16:34:37,4.40
2026-01-27 16:34:38,4.40
2026-01-27 16:34:39,7.33
2026-01-27 16:34:40,7.33
2026-01-27 16:34:41,7.33
2026-01-27 16:34:42,7.33
2026-01-27 16:34:43,7.33
2026-01-27 16:34:44,4.49
2026-01-27 16:34:45,4.49
2026-01-27 16:34:46,4.49
2026-01-27 16:34:47,4.49
2026-01-27 16:34:48,4.49
2026-01-27 16:34:49,7.22
2026-01-27 16:34:50,7.22
2026-01-27 16:34:51,7.22
2026-01-27 16:34:52,7.22
2026-01-27 16:34:53,7.22
2026-01-27 16:34:54,4.37
2026-01-27 16:34:55,4.37
2026-01-27 16:34:56,4.37
2026-01-27 16:34:57,4.37
2026-01-27 16:34:58,4.37
2026-01-27 16:34:59,7.62
2026-01-27 16:35:00,7.62
2026-01-27 16:35:01,7.62
2026-01-27 16:35:02,7.62
2026-01-27 16:35:03,7.62
2026-01-27 16:35:04,4.45
2026-01-27 16:35:05,4.45
2026-01-27 16:35:06,4.45
2026-01-27 16:35:07,4.45
2026-01-27 16:35:08,4.45
2026-01-27 16:35:09,7.01
2026-01-27 16:35:10,7.01
2026-01-27 16:35:11,7.01
2026-01-27 16:35:12,7.01
2026-01-27 16:35:13,7.01
2026-01-27 16:35:14,4.57
2026-01-27 16:35:15,4.57
2026-01-27 16:35:16,4.57
2026-01-27 16:35:17,4.57
2026-01-27 16:35:18,4.57
2026-01-27 16:35:19,7.55
2026-01-27 16:35:20,7.55
2026-01-27 16:35:21,7.55
2026-01-27 16:35:22,7.55
2026-01-27 16:35:23,7.55
2026-01-27 16:35:24,5.03
2026-01-27 16:35:25,5.03
2026-01-27 16:35:26,5.03
2026-01-27 16:35:27,5.03
2026-01-27 16:35:28,5.03
2026-01-27 16:35:29,8.74
2026-01-27 16:35:30,8.74
2026-01-27 16:35:31,8.74
2026-01-27 16:35:32,8.74
2026-01-27 16:35:33,8.74
2026-01-27 16:35:34,4.37
2026-01-27 16:35:35,4.37
2026-01-27 16:35:36,4.37
2026-01-27 16:35:37,4.37
2026-01-27 16:35:38,4.37
2026-01-27 16:35:39,5.76
2026-01-27 16:35:40,5.76
2026-01-27 16:35:41,5.76
2026-01-27 16:35:42,5.76
2026-01-27 16:35:43,5.76
2026-01-27 16:35:44,6.14
2026-01-27 16:35:45,6.14
2026-01-27 16:35:46,6.14
2026-01-27 16:35:47,6.14
2026-01-27 16:35:48,6.14
2026-01-27 16:35:49,6.53
2026-01-27 16:35:50,6.53
2026-01-27 16:35:51,6.53
2026-01-27 16:35:52,6.53
2026-01-27 16:35:53,6.53
2026-01-27 16:35:54,7.03
2026-01-27 16:35:55,7.03
2026-01-27 16:35:56,7.03
2026-01-27 16:35:57,7.03
2026-01-27 16:35:58,7.03
2026-01-27 16:35:59,7.45
2026-01-27 16:36:00,7.45
2026-01-27 16:36:01,7.45
2026-01-27 16:36:02,7.45
2026-01-27 16:36:03,7.45
2026-01-27 16:36:04,8.27
2026-01-27 16:36:05,8.27
2026-01-27 16:36:06,8.27
2026-01-27 16:36:07,8.27
2026-01-27 16:36:08,8.27
2026-01-27 16:36:09,9.82
2026-01-27 16:36:10,9.82
2026-01-27 16:36:11,9.82
2026-01-27 16:36:12,9.82
2026-01-27 16:36:13,9.82
2026-01-27 16:36:14,7.91
2026-01-27 16:36:15,7.91
2026-01-27 16:36:16,7.91
2026-01-27 16:36:17,7.91
2026-01-27 16:36:18,7.91
2026-01-27 16:36:19,9.93
2026-01-27 16:36:20,9.93
2026-01-27 16:36:21,9.93
2026-01-27 16:36:22,9.93
2026-01-27 16:36:23,9.93
2026-01-27 16:36:24,8.05
2026-01-27 16:36:25,8.05
2026-01-27 16:36:26,8.05
2026-01-27 16:36:27,8.05
2026-01-27 16:36:28,8.05
2026-01-27 16:36:29,9.68
2026-01-27 16:36:30,9.68
2026-01-27 16:36:31,9.68
2026-01-27 16:36:32,9.68
2026-01-27 16:36:33,9.68
2026-01-27 16:36:34,9.04
2026-01-27 16:36:35,9.04
2026-01-27 16:36:36,9.04
2026-01-27 16:36:37,9.04
2026-01-27 16:36:38,9.04
2026-01-27 16:36:39,10.2
2026-01-27 16:36:40,10.2
2026-01-27 16:36:41,10.2
2026-01-27 16:36:42,10.2
2026-01-27 16:36:43,10.2
2026-01-27 16:36:44,8.77
2026-01-27 16:36:45,8.77
2026-01-27 16:36:46,8.77
2026-01-27 16:36:47,8.77
2026-01-27 16:36:48,8.77
2026-01-27 16:36:49,10.1
2026-01-27 16:36:50,10.1
2026-01-27 16:36:51,10.1
2026-01-27 16:36:52,10.1
2026-01-27 16:36:53,10.1
2026-01-27 16:36:54,0
2026-01-27 16:36:55,0
2026-01-27 16:36:56,0
2026-01-27 16:36:57,0
2026-01-27 16:36:58,0
2026-01-27 16:36:59,0
2026-01-27 16:37:00,0
2026-01-27 16:37:01,0
2026-01-27 16:37:02,0
2026-01-27 16:37:03,0
2026-01-27 16:37:04,0
2026-01-27 16:37:05,0
2026-01-27 16:37:06,0
2026-01-27 16:37:07,0
2026-01-27 16:37:08,0
2026-01-27 16:37:09,0
2026-01-27 16:37:10,0
2026-01-27 16:37:11,0
2026-01-27 16:37:12,0
2026-01-27 16:37:13,0
2026-01-27 16:37:14,0
2026-01-27 16:37:15,0
2026-01-27 16:37:16,0
2026-01-27 16:37:17,0
2026-01-27 16:37:18,0
2026-01-27 16:37:19,0
2026-01-27 16:37:20,0
2026-01-27 16:37:21,0
2026-01-27 16:37:22,0
2026-01-27 16:37:23,0
2026-01-27 16:37:24,0
2026-01-27 16:37:25,0
2026-01-27 16:37:26,0
2026-01-27 16:37:27,0
2026-01-27 16:37:28,0
2026-01-27 16:37:29,0
2026-01-27 16:37:30,0
2026-01-27 16:37:31,0
2026-01-27 16:37:32,0
2026-01-27 16:37:33,0
2026-01-27 16:37:34,0
2026-01-27 16:37:35,0
2026-01-27 16:37:36,0
2026-01-27 16:37:37,0
2026-01-27 16:37:38,0
2026-01-27 16:37:39,0
2026-01-27 16:37:40,0
2026-01-27 16:37:41,0
2026-01-27 16:37:42,0
2026-01-27 16:37:43,0
2026-01-27 16:37:44,0
2026-01-27 16:37:45,0
2026-01-27 16:37:46,0
2026-01-27 16:37:47,0
2026-01-27 16:37:48,0
2026-01-27 16:37:49,0
2026-01-27 16:37:50,0
2026-01-27 16:37:51,0
2026-01-27 16:37:52,0
2026-01-27 16:37:53,0
2026-01-27 16:37:54,0
2026-01-27 16:37:55,0
2026-01-27 16:37:56,0
2026-01-27 16:37:57,0
2026-01-27 16:37:58,0
2026-01-27 16:37:59,0
2026-01-27 16:38:00,0
2026-01-27 16:38:01,0
2026-01-27 16:38:02,0
2026-01-27 16:38:03,0
2026-01-27 16:38:04,0
2026-01-27 16:38:05,0
2026-01-27 16:38:06,0
2026-01-27 16:38:07,0
2026-01-27 16:38:08,0
2026-01-27 16:38:09,0
2026-01-27 16:38:10,0
2026-01-27 16:38:11,0
2026-01-27 16:38:12,0
2026-01-27 16:38:13,0
2026-01-27 16:38:14,0
2026-01-27 16:38:15,0
2026-01-27 16:38:16,0
2026-01-27 16:38:17,0
2026-01-27 16:38:18,0
2026-01-27 16:38:19,0
2026-01-27 16:38:20,0
2026-01-27 16:38:21,0
2026-01-27 16:38:22,0
2026-01-27 16:38:23,0
2026-01-27 16:38:24,0
2026-01-27 16:38:25,0
2026-01-27 16:38:26,0
2026-01-27 16:38:27,0
2026-01-27 16:38:28,0
2026-01-27 16:39:09,9.96
2026-01-27 16:39:10,9.96
2026-01-27 16:39:11,9.96
2026-01-27 16:39:12,9.96
2026-01-27 16:39:13,9.96
2026-01-27 16:39:14,8.22
2026-01-27 16:39:15,8.22
2026-01-27 16:39:16,8.22
2026-01-27 16:39:17,8.22
2026-01-27 16:39:18,8.22
2026-01-27 16:39:19,10.1
2026-01-27 16:39:20,10.1
2026-01-27 16:39:21,10.1
2026-01-27 16:39:22,10.1
2026-01-27 16:39:23,10.1
2026-01-27 16:39:24,8.30
2026-01-27 16:39:25,8.30
2026-01-27 16:39:26,8.30
2026-01-27 16:39:27,8.30
2026-01-27 16:39:28,8.30
2026-01-27 16:39:29,10.1
2026-01-27 16:39:30,10.1
2026-01-27 16:39:31,10.1
2026-01-27 16:39:32,10.1
2026-01-27 16:39:33,10.1
2026-01-27 16:39:34,8.76
2026-01-27 16:39:35,8.76
2026-01-27 16:39:36,8.76
2026-01-27 16:39:37,8.76
2026-01-27 16:39:38,8.76
2026-01-27 16:39:39,10.7
2026-01-27 16:39:40,10.7
2026-01-27 16:39:41,10.7
2026-01-27 16:39:42,10.7
2026-01-27 16:39:43,10.7
2026-01-27 16:39:44,9.37
2026-01-27 16:39:45,9.37
2026-01-27 16:39:46,9.37
2026-01-27 16:39:47,9.37
2026-01-27 16:39:48,9.37
2026-01-27 16:39:49,10.8
2026-01-27 16:39:50,10.8
2026-01-27 16:39:51,10.8
2026-01-27 16:39:52,10.8
2026-01-27 16:39:53,10.8
2026-01-27 16:39:54,10.5
2026-01-27 16:39:55,10.5
2026-01-27 16:39:56,10.5
2026-01-27 16:39:57,10.5
2026-01-27 16:39:58,10.5
2026-01-27 16:39:59,10.3
2026-01-27 16:40:00,10.3
2026-01-27 16:40:01,10.3
2026-01-27 16:40:02,10.3
2026-01-27 16:40:03,10.3
2026-01-27 16:40:04,9.26
2026-01-27 16:40:05,9.26
2026-01-27 16:40:06,9.26
2026-01-27 16:40:07,9.26
2026-01-27 16:40:08,9.26
2026-01-27 16:40:09,10.3
2026-01-27 16:40:10,10.3
2026-01-27 16:40:11,10.3
2026-01-27 16:40:12,10.3
2026-01-27 16:40:13,10.3
2026-01-27 16:40:14,9.68
2026-01-27 16:40:15,9.68
2026-01-27 16:40:16,9.68
2026-01-27 16:40:17,9.68
2026-01-27 16:40:18,9.68
2026-01-27 16:40:19,10.7
2026-01-27 16:40:20,10.7
2026-01-27 16:40:21,10.7
2026-01-27 16:40:22,10.7
2026-01-27 16:40:23,10.7
2026-01-27 16:40:24,9.14
2026-01-27 16:40:25,9.14
2026-01-27 16:40:26,9.14
2026-01-27 16:40:27,9.14
2026-01-27 16:40:28,9.14
2026-01-27 16:40:29,11.1
2026-01-27 16:40:30,11.1
2026-01-27 16:40:31,11.1
2026-01-27 16:40:32,11.1
2026-01-27 16:40:33,11.1
2026-01-27 16:40:34,9.30
2026-01-27 16:40:35,9.30
2026-01-27 16:40:36,9.30
2026-01-27 16:40:37,9.30
2026-01-27 16:40:38,9.30
2026-01-27 16:40:39,10.2
2026-01-27 16:40:40,10.2
2026-01-27 16:40:41,10.2
2026-01-27 16:40:42,10.2
2026-01-27 16:40:43,10.2
2026-01-27 16:40:44,9.21
2026-01-27 16:40:45,9.21
2026-01-27 16:40:46,9.21
2026-01-27 16:40:47,9.21
2026-01-27 16:40:48,9.21
2026-01-27 16:40:49,11.0
2026-01-27 16:40:50,11.0
2026-01-27 16:40:51,11.0
2026-01-27 16:40:52,11.0
2026-01-27 16:40:53,11.0
2026-01-27 16:40:54,10.1
2026-01-27 16:40:55,10.1
2026-01-27 16:40:56,10.1
2026-01-27 16:40:57,10.1
2026-01-27 16:40:58,10.1
2026-01-27 16:40:59,10.1
2026-01-27 16:41:00,10.1
2026-01-27 16:41:01,10.1
2026-01-27 16:41:02,10.1
2026-01-27 16:41:03,10.1
2026-01-27 16:41:04,8.87
2026-01-27 16:41:05,8.87
2026-01-27 16:41:06,8.87
2026-01-27 16:41:07,8.87
2026-01-27 16:41:08,8.87
2026-01-27 16:41:09,9.99
2026-01-27 16:41:10,9.99
2026-01-27 16:41:11,9.99
2026-01-27 16:41:12,9.99
2026-01-27 16:41:13,9.99
2026-01-27 16:41:14,7.85
2026-01-27 16:41:15,7.85
2026-01-27 16:41:16,7.85
2026-01-27 16:41:17,7.85
2026-01-27 16:41:18,7.85
2026-01-27 16:41:19,9.00
2026-01-27 16:41:20,9.00
2026-01-27 16:41:21,9.00
2026-01-27 16:41:22,9.00
2026-01-27 16:41:23,9.00
2026-01-27 16:41:24,7.76
2026-01-27 16:41:25,7.76
2026-01-27 16:41:26,7.76
2026-01-27 16:41:27,7.76
2026-01-27 16:41:28,7.76
2026-01-27 16:41:29,10.4
2026-01-27 16:41:30,10.4
2026-01-27 16:41:31,10.4
2026-01-27 16:41:32,10.4
2026-01-27 16:41:33,10.4
2026-01-27 16:41:34,7.75
2026-01-27 16:41:35,7.75
2026-01-27 16:41:36,7.75
2026-01-27 16:41:37,7.75
2026-01-27 16:41:38,7.75
2026-01-27 16:41:39,7.85
2026-01-27 16:41:40,7.85
2026-01-27 16:41:41,7.85
2026-01-27 16:41:42,7.85
2026-01-27 16:41:43,7.85
2026-01-27 16:41:44,6.64
2026-01-27 16:41:45,6.64
2026-01-27 16:41:46,6.64
2026-01-27 16:41:47,6.64
2026-01-27 16:41:48,6.64
2026-01-27 16:41:49,7.89
2026-01-27 16:41:50,7.89
2026-01-27 16:41:51,7.89
2026-01-27 16:41:52,7.89
2026-01-27 16:41:53,7.89
2026-01-27 16:41:54,7.44
2026-01-27 16:41:55,7.44
2026-01-27 16:41:56,7.44
2026-01-27 16:41:57,7.44
2026-01-27 16:41:58,7.44
2026-01-27 16:41:59,8.38
2026-01-27 16:42:00,8.38
2026-01-27 16:42:01,8.38
2026-01-27 16:42:02,8.38
2026-01-27 16:42:03,8.38
2026-01-27 16:42:04,6.67
2026-01-27 16:42:05,6.67
2026-01-27 16:42:06,6.67
2026-01-27 16:42:07,6.67
2026-01-27 16:42:08,6.67
2026-01-27 16:42:09,7.95
2026-01-27 16:42:10,7.95
2026-01-27 16:42:11,7.95
2026-01-27 16:42:12,7.95
2026-01-27 16:42:13,7.95
2026-01-27 16:42:14,6.59
2026-01-27 16:42:15,6.59
2026-01-27 16:42:16,6.59
2026-01-27 16:42:17,6.59
2026-01-27 16:42:18,6.59
2026-01-27 16:42:19,7.81
2026-01-27 16:42:20,7.81
2026-01-27 16:42:21,7.81
2026-01-27 16:42:22,7.81
2026-01-27 16:42:23,7.81
2026-01-27 16:42:24,7.05
2026-01-27 16:42:25,7.05
2026-01-27 16:42:26,7.05
2026-01-27 16:42:27,7.05
2026-01-27 16:42:28,7.05
2026-01-27 16:42:29,9.25
2026-01-27 16:42:30,9.25
2026-01-27 16:42:31,9.25
2026-01-27 16:42:32,9.25
2026-01-27 16:42:33,9.25
2026-01-27 16:42:34,6.58
2026-01-27 16:42:35,6.58
2026-01-27 16:42:36,6.58
2026-01-27 16:42:37,6.58
2026-01-27 16:42:38,6.58
2026-01-27 16:42:39,7.82
2026-01-27 16:42:40,7.82
2026-01-27 16:42:41,7.82
2026-01-27 16:42:42,7.82
2026-01-27 16:42:43,7.82
2026-01-27 16:42:44,6.58
2026-01-27 16:42:45,6.58
2026-01-27 16:42:46,6.58
2026-01-27 16:42:47,6.58
2026-01-27 16:42:48,6.58
2026-01-27 16:42:49,8.00
2026-01-27 16:42:50,8.00
2026-01-27 16:42:51,8.00
2026-01-27 16:42:52,8.00
2026-01-27 16:42:53,8.00
2026-01-27 16:42:54,6.61
2026-01-27 16:42:55,6.61
2026-01-27 16:42:56,6.61
2026-01-27 16:42:57,6.61
2026-01-27 16:42:58,6.61
2026-01-27 16:42:59,9.19
2026-01-27 16:43:00,9.19
2026-01-27 16:43:01,9.19
2026-01-27 16:43:02,9.19
2026-01-27 16:43:03,9.19
2026-01-27 16:43:04,7.18
2026-01-27 16:43:05,7.18
2026-01-27 16:43:06,7.18
2026-01-27 16:43:07,7.18
2026-01-27 16:43:08,7.18
2026-01-27 16:43:09,8.20
2026-01-27 16:43:10,8.20
2026-01-27 16:43:11,8.20
2026-01-27 16:43:12,8.20
2026-01-27 16:43:13,8.20
2026-01-27 16:43:14,6.95
2026-01-27 16:43:15,6.95
2026-01-27 16:43:16,6.95
2026-01-27 16:43:17,6.95
2026-01-27 16:43:18,6.95
2026-01-27 16:43:19,7.86
2026-01-27 16:43:20,7.86
2026-01-27 16:43:21,7.86
2026-01-27 16:43:22,7.86
2026-01-27 16:43:23,7.86
2026-01-27 16:43:24,8.24
2026-01-27 16:43:25,8.24
2026-01-27 16:43:26,8.24
2026-01-27 16:43:27,8.24
2026-01-27 16:43:28,8.24
2026-01-27 16:43:29,7.66
2026-01-27 16:43:30,7.66
2026-01-27 16:43:31,7.66
2026-01-27 16:43:32,7.66
2026-01-27 16:43:33,7.66
2026-01-27 16:43:34,5.51
2026-01-27 16:43:35,5.51
2026-01-27 16:43:36,5.51
2026-01-27 16:43:37,5.51
2026-01-27 16:43:38,5.51
2026-01-27 16:43:39,8.14
2026-01-27 16:43:40,8.14
2026-01-27 16:43:41,8.14
2026-01-27 16:43:42,8.14
2026-01-27 16:43:43,8.14
2026-01-27 16:43:44,5.63
2026-01-27 16:43:45,5.63
2026-01-27 16:43:46,5.63
2026-01-27 16:43:47,5.63
2026-01-27 16:43:48,5.63
2026-01-27 16:43:49,7.02
2026-01-27 16:43:50,7.02
2026-01-27 16:43:51,7.02
2026-01-27 16:43:52,7.02
2026-01-27 16:43:53,7.02
2026-01-27 16:43:54,5.41
2026-01-27 16:43:55,5.41
2026-01-27 16:43:56,5.41
2026-01-27 16:43:57,5.41
2026-01-27 16:43:58,5.41
2026-01-27 16:43:59,6.77
2026-01-27 16:44:00,6.77
2026-01-27 16:44:01,6.77
2026-01-27 16:44:02,6.77
2026-01-27 16:44:03,6.77
2026-01-27 16:44:04,6.43
2026-01-27 16:44:05,6.43
2026-01-27 16:44:06,6.43
2026-01-27 16:44:07,6.43
2026-01-27 16:44:08,6.43
2026-01-27 16:44:09,7.81
2026-01-27 16:44:10,7.81
2026-01-27 16:44:11,7.81
2026-01-27 16:44:12,7.81
2026-01-27 16:44:13,7.81
2026-01-27 16:44:14,5.66
2026-01-27 16:44:15,5.66
2026-01-27 16:44:16,5.66
2026-01-27 16:44:17,5.66
2026-01-27 16:44:18,5.66
2026-01-27 16:44:19,6.93
2026-01-27 16:44:20,6.93
2026-01-27 16:44:21,6.93
2026-01-27 16:44:22,6.93
2026-01-27 16:44:23,6.93
2026-01-27 16:44:24,5.56
2026-01-27 16:44:25,5.56
2026-01-27 16:44:26,5.56
2026-01-27 16:44:27,5.56
2026-01-27 16:44:28,5.56
2026-01-27 16:44:29,7.64
2026-01-27 16:44:30,7.64
2026-01-27 16:44:31,7.64
2026-01-27 16:44:32,7.64
2026-01-27 16:44:33,7.64
2026-01-27 16:44:34,5.43
2026-01-27 16:44:35,5.43
2026-01-27 16:44:36,5.43
2026-01-27 16:44:37,5.43
2026-01-27 16:44:38,5.43
2026-01-27 16:44:39,7.58
2026-01-27 16:44:40,7.58
2026-01-27 16:44:41,7.58
2026-01-27 16:44:42,7.58
2026-01-27 16:44:43,7.58
2026-01-27 16:44:44,5.47
2026-01-27 16:44:45,5.47
2026-01-27 16:44:46,5.47
2026-01-27 16:44:47,5.47
2026-01-27 16:44:48,5.47
2026-01-27 16:44:49,6.87
2026-01-27 16:44:50,6.87
2026-01-27 16:44:51,6.87
2026-01-27 16:44:52,6.87
2026-01-27 16:44:53,6.87
2026-01-27 16:44:54,5.37
2026-01-27 16:44:55,5.37
2026-01-27 16:44:56,5.37
2026-01-27 16:44:57,5.37
2026-01-27 16:44:58,5.37
2026-01-27 16:44:59,6.80
2026-01-27 16:45:00,6.80
2026-01-27 16:45:01,6.80
2026-01-27 16:45:02,6.80
2026-01-27 16:45:03,6.80
2026-01-27 16:45:04,5.66
2026-01-27 16:45:05,5.66
2026-01-27 16:45:06,5.66
2026-01-27 16:45:07,5.66
2026-01-27 16:45:08,5.66
2026-01-27 16:45:09,7.99
2026-01-27 16:45:10,7.99
2026-01-27 16:45:11,7.99
2026-01-27 16:45:12,7.99
2026-01-27 16:45:13,7.99
2026-01-27 16:45:14,5.57
2026-01-27 16:45:15,5.57
2026-01-27 16:45:16,5.57
2026-01-27 16:45:17,5.57
2026-01-27 16:45:18,5.57
2026-01-27 16:45:19,7.26
2026-01-27 16:45:20,7.26
2026-01-27 16:45:21,7.26
2026-01-27 16:45:22,7.26
2026-01-27 16:45:23,7.26
2026-01-27 16:45:24,5.73
2026-01-27 16:45:25,5.73
2026-01-27 16:45:26,5.73
2026-01-27 16:45:27,5.73
2026-01-27 16:45:28,5.73
2026-01-27 16:45:29,0
2026-01-27 16:45:30,0
2026-01-27 16:45:31,0
2026-01-27 16:45:32,0
2026-01-27 16:45:33,0
2026-01-27 16:45:34,0
2026-01-27 16:45:35,0
2026-01-27 16:45:36,0
2026-01-27 16:45:37,0
2026-01-27 16:45:38,0
2026-01-27 16:45:39,0
2026-01-27 16:45:40,0
2026-01-27 16:45:41,0
2026-01-27 16:45:42,0
2026-01-27 16:45:43,0
2026-01-27 16:45:44,0
2026-01-27 16:45:45,0
2026-01-27 16:45:46,0
2026-01-27 16:45:47,0
2026-01-27 16:45:48,0
2026-01-27 16:45:49,0
2026-01-27 16:45:50,0
2026-01-27 16:45:51,0
2026-01-27 16:45:52,0
2026-01-27 16:45:53,0
2026-01-27 16:45:54,0
2026-01-27 16:45:55,0
2026-01-27 16:45:56,0
2026-01-27 16:45:57,0
2026-01-27 16:45:58,0
2026-01-27 16:45:59,0
2026-01-27 16:46:00,0
2026-01-27 16:46:01,0
2026-01-27 16:46:02,0
2026-01-27 16:46:03,0
2026-01-27 16:46:04,0
2026-01-27 16:46:05,0
2026-01-27 16:46:06,0
2026-01-27 16:46:07,0
2026-01-27 16:46:08,0
2026-01-27 16:46:09,0
2026-01-27 16:46:10,0
2026-01-27 16:46:11,0
2026-01-27 16:46:12,0
2026-01-27 16:46:13,0
2026-01-27 16:46:14,0
2026-01-27 16:46:15,0
2026-01-27 16:46:16,0
2026-01-27 16:46:17,0
2026-01-27 16:46:18,0
2026-01-27 16:46:19,0
2026-01-27 16:46:20,0
2026-01-27 16:46:21,0
2026-01-27 16:46:22,0
2026-01-27 16:46:23,0
2026-01-27 16:46:24,0
2026-01-27 16:46:25,0
2026-01-27 16:46:26,0
2026-01-27 16:46:27,0
2026-01-27 16:46:28,0
2026-01-27 16:46:29,0
2026-01-27 16:46:30,0
2026-01-27 16:46:31,0
2026-01-27 16:46:32,0
2026-01-27 16:46:33,0
2026-01-27 16:46:34,0
2026-01-27 16:46:35,0
2026-01-27 16:46:36,0
2026-01-27 16:46:37,0
2026-01-27 16:46:38,0
2026-01-27 16:46:39,0
2026-01-27 16:46:40,0
2026-01-27 16:46:41,0
2026-01-27 16:46:42,0
2026-01-27 16:46:43,0
2026-01-27 16:46:44,0
2026-01-27 16:46:45,0
2026-01-27 16:46:46,0
2026-01-27 16:46:47,0
2026-01-27 16:46:48,0
2026-01-27 16:46:49,0
2026-01-27 16:46:50,0
2026-01-27 16:46:51,0
2026-01-27 16:46:52,0
2026-01-27 16:46:53,0
2026-01-27 16:46:54,0
2026-01-27 16:46:55,0
2026-01-27 16:46:56,0
2026-01-27 16:46:57,0
2026-01-27 16:46:58,0
2026-01-27 16:46:59,0
2026-01-27 16:47:00,0
2026-01-27 16:47:01,0
2026-01-27 16:47:02,0
2026-01-27 16:47:03,0
2026-01-27 16:48:24,4.28
2026-01-27 16:48:25,4.28
2026-01-27 16:48:26,4.28
2026-01-27 16:48:27,4.28
2026-01-27 16:48:28,4.28
2026-01-27 16:48:29,11.4
2026-01-27 16:48:30,11.4
2026-01-27 16:48:31,11.4
2026-01-27 16:48:32,11.4
2026-01-27 16:48:33,11.4
2026-01-27 16:48:34,9.67
2026-01-27 16:48:35,9.67
2026-01-27 16:48:36,9.67
2026-01-27 16:48:37,9.67
2026-01-27 16:48:38,9.67
2026-01-27 16:48:39,10.8
2026-01-27 16:48:40,10.8
2026-01-27 16:48:41,10.8
2026-01-27 16:48:42,10.8
2026-01-27 16:48:43,10.8
2026-01-27 16:48:44,9.91
2026-01-27 16:48:45,9.91
2026-01-27 16:48:46,9.91
2026-01-27 16:48:47,9.91
2026-01-27 16:48:48,9.91
2026-01-27 16:48:49,10.6
2026-01-27 16:48:50,10.6
2026-01-27 16:48:51,10.6
2026-01-27 16:48:52,10.6
2026-01-27 16:48:53,10.6
2026-01-27 16:48:54,9.85
2026-01-27 16:48:55,9.85
2026-01-27 16:48:56,9.85
2026-01-27 16:48:57,9.85
2026-01-27 16:48:58,9.85
2026-01-27 16:48:59,11.0
2026-01-27 16:49:00,11.0
2026-01-27 16:49:01,11.0
2026-01-27 16:49:02,11.0
2026-01-27 16:49:03,11.0
2026-01-27 16:49:04,9.65
2026-01-27 16:49:05,9.65
2026-01-27 16:49:06,9.65
2026-01-27 16:49:07,9.65
2026-01-27 16:49:08,9.65
2026-01-27 16:49:09,10.5
2026-01-27 16:49:10,10.5
2026-01-27 16:49:11,10.5
2026-01-27 16:49:12,10.5
2026-01-27 16:49:13,10.5
2026-01-27 16:49:14,9.61
2026-01-27 16:49:15,9.61
2026-01-27 16:49:16,9.61
2026-01-27 16:49:17,9.61
2026-01-27 16:49:18,9.61
2026-01-27 16:49:19,10.2
2026-01-27 16:49:20,10.2
2026-01-27 16:49:21,10.2
2026-01-27 16:49:22,10.2
2026-01-27 16:49:23,10.2
2026-01-27 16:49:24,9.22
2026-01-27 16:49:25,9.22
2026-01-27 16:49:26,9.22
2026-01-27 16:49:27,9.22
2026-01-27 16:49:28,9.22
2026-01-27 16:49:29,11.3
2026-01-27 16:49:30,11.3
2026-01-27 16:49:31,11.3
2026-01-27 16:49:32,11.3
2026-01-27 16:49:33,11.3
2026-01-27 16:49:34,9.94
2026-01-27 16:49:35,9.94
2026-01-27 16:49:36,9.94
2026-01-27 16:49:37,9.94
2026-01-27 16:49:38,9.94
2026-01-27 16:49:39,9.93
2026-01-27 16:49:40,9.93
2026-01-27 16:49:41,9.93
2026-01-27 16:49:42,9.93
2026-01-27 16:49:43,9.93
2026-01-27 16:49:44,8.84
2026-01-27 16:49:45,8.84
2026-01-27 16:49:46,8.84
2026-01-27 16:49:47,8.84
2026-01-27 16:49:48,8.84
2026-01-27 16:49:49,10.1
2026-01-27 16:49:50,10.1
2026-01-27 16:49:51,10.1
2026-01-27 16:49:52,10.1
2026-01-27 16:49:53,10.1
2026-01-27 16:49:54,8.72
2026-01-27 16:49:55,8.72
2026-01-27 16:49:56,8.72
2026-01-27 16:49:57,8.72
2026-01-27 16:49:58,8.72
2026-01-27 16:49:59,11.9
2026-01-27 16:50:00,11.9
2026-01-27 16:50:01,11.9
2026-01-27 16:50:02,11.9
2026-01-27 16:50:03,11.9
2026-01-27 16:50:04,7.80
2026-01-27 16:50:05,7.80
2026-01-27 16:50:06,7.80
2026-01-27 16:50:07,7.80
2026-01-27 16:50:08,7.80
2026-01-27 16:50:09,9.50
2026-01-27 16:50:10,9.50
2026-01-27 16:50:11,9.50
2026-01-27 16:50:12,9.50
2026-01-27 16:50:13,9.50
2026-01-27 16:50:14,8.81
2026-01-27 16:50:15,8.81
2026-01-27 16:50:16,8.81
2026-01-27 16:50:17,8.81
2026-01-27 16:50:18,8.81
2026-01-27 16:50:19,7.63
2026-01-27 16:50:20,7.63
2026-01-27 16:50:21,7.63
2026-01-27 16:50:22,7.63
2026-01-27 16:50:23,7.63
2026-01-27 16:50:24,6.90
2026-01-27 16:50:25,6.90
2026-01-27 16:50:26,6.90
2026-01-27 16:50:27,6.90
2026-01-27 16:50:28,6.90
2026-01-27 16:50:29,8.33
2026-01-27 16:50:30,8.33
2026-01-27 16:50:31,8.33
2026-01-27 16:50:32,8.33
2026-01-27 16:50:33,8.33
2026-01-27 16:50:34,7.29
2026-01-27 16:50:35,7.29
2026-01-27 16:50:36,7.29
2026-01-27 16:50:37,7.29
2026-01-27 16:50:38,7.29
2026-01-27 16:50:39,8.50
2026-01-27 16:50:40,8.50
2026-01-27 16:50:41,8.50
2026-01-27 16:50:42,8.50
2026-01-27 16:50:43,8.50
2026-01-27 16:50:44,6.79
2026-01-27 16:50:45,6.79
2026-01-27 16:50:46,6.79
2026-01-27 16:50:47,6.79
2026-01-27 16:50:48,6.79
2026-01-27 16:50:49,7.73
2026-01-27 16:50:50,7.73
2026-01-27 16:50:51,7.73
2026-01-27 16:50:52,7.73
2026-01-27 16:50:53,7.73
2026-01-27 16:50:54,7.03
2026-01-27 16:50:55,7.03
2026-01-27 16:50:56,7.03
2026-01-27 16:50:57,7.03
2026-01-27 16:50:58,7.03
2026-01-27 16:50:59,7.61
2026-01-27 16:51:00,7.61
2026-01-27 16:51:01,7.61
2026-01-27 16:51:02,7.61
2026-01-27 16:51:03,7.61
2026-01-27 16:51:04,6.86
2026-01-27 16:51:05,6.86
2026-01-27 16:51:06,6.86
2026-01-27 16:51:07,6.86
2026-01-27 16:51:08,6.86
2026-01-27 16:51:09,7.52
2026-01-27 16:51:10,7.52
2026-01-27 16:51:11,7.52
2026-01-27 16:51:12,7.52
2026-01-27 16:51:13,7.52
2026-01-27 16:51:14,6.56
2026-01-27 16:51:15,6.56
2026-01-27 16:51:16,6.56
2026-01-27 16:51:17,6.56
2026-01-27 16:51:18,6.56
2026-01-27 16:51:19,8.58
2026-01-27 16:51:20,8.58
2026-01-27 16:51:21,8.58
2026-01-27 16:51:22,8.58
2026-01-27 16:51:23,8.58
2026-01-27 16:51:24,6.82
2026-01-27 16:51:25,6.82
2026-01-27 16:51:26,6.82
2026-01-27 16:51:27,6.82
2026-01-27 16:51:28,6.82
2026-01-27 16:51:29,8.10
2026-01-27 16:51:30,8.10
2026-01-27 16:51:31,8.10
2026-01-27 16:51:32,8.10
2026-01-27 16:51:33,8.10
2026-01-27 16:51:34,6.77
2026-01-27 16:51:35,6.77
2026-01-27 16:51:36,6.77
2026-01-27 16:51:37,6.77
2026-01-27 16:51:38,6.77
2026-01-27 16:51:39,8.10
2026-01-27 16:51:40,8.10
2026-01-27 16:51:41,8.10
2026-01-27 16:51:42,8.10
2026-01-27 16:51:43,8.10
2026-01-27 16:51:44,7.07
2026-01-27 16:51:45,7.07
2026-01-27 16:51:46,7.07
2026-01-27 16:51:47,7.07
2026-01-27 16:51:48,7.07
2026-01-27 16:51:49,7.96
2026-01-27 16:51:50,7.96
2026-01-27 16:51:51,7.96
2026-01-27 16:51:52,7.96
2026-01-27 16:51:53,7.96
2026-01-27 16:51:54,6.56
2026-01-27 16:51:55,6.56
2026-01-27 16:51:56,6.56
2026-01-27 16:51:57,6.56
2026-01-27 16:51:58,6.56
2026-01-27 16:51:59,7.65
2026-01-27 16:52:00,7.65
2026-01-27 16:52:01,7.65
2026-01-27 16:52:02,7.65
2026-01-27 16:52:03,7.65
2026-01-27 16:52:04,6.73
2026-01-27 16:52:05,6.73
2026-01-27 16:52:06,6.73
2026-01-27 16:52:07,6.73
2026-01-27 16:52:08,6.73
2026-01-27 16:52:09,7.68
2026-01-27 16:52:10,7.68
2026-01-27 16:52:11,7.68
2026-01-27 16:52:12,7.68
2026-01-27 16:52:13,7.68
2026-01-27 16:52:14,6.66
2026-01-27 16:52:15,6.66
2026-01-27 16:52:16,6.66
2026-01-27 16:52:17,6.66
2026-01-27 16:52:18,6.66
2026-01-27 16:52:19,7.99
2026-01-27 16:52:20,7.99
2026-01-27 16:52:21,7.99
2026-01-27 16:52:22,7.99
2026-01-27 16:52:23,7.99
2026-01-27 16:52:24,6.61
2026-01-27 16:52:25,6.61
2026-01-27 16:52:26,6.61
2026-01-27 16:52:27,6.61
2026-01-27 16:52:28,6.61
2026-01-27 16:52:29,8.21
2026-01-27 16:52:30,8.21
2026-01-27 16:52:31,8.21
2026-01-27 16:52:32,8.21
2026-01-27 16:52:33,8.21
2026-01-27 16:52:34,6.70
2026-01-27 16:52:35,6.70
2026-01-27 16:52:36,6.70
2026-01-27 16:52:37,6.70
2026-01-27 16:52:38,6.70
2026-01-27 16:52:39,7.47
2026-01-27 16:52:40,7.47
2026-01-27 16:52:41,7.47
2026-01-27 16:52:42,7.47
2026-01-27 16:52:43,7.47
2026-01-27 16:52:44,7.15
2026-01-27 16:52:45,7.15
2026-01-27 16:52:46,7.15
2026-01-27 16:52:47,7.15
2026-01-27 16:52:48,7.15
2026-01-27 16:52:49,8.43
2026-01-27 16:52:50,8.43
2026-01-27 16:52:51,8.43
2026-01-27 16:52:52,8.43
2026-01-27 16:52:53,8.43
2026-01-27 16:52:54,6.67
2026-01-27 16:52:55,6.67
2026-01-27 16:52:56,6.67
2026-01-27 16:52:57,6.67
2026-01-27 16:52:58,6.67
2026-01-27 16:52:59,7.58
2026-01-27 16:53:00,7.58
2026-01-27 16:53:01,7.58
2026-01-27 16:53:02,7.58
2026-01-27 16:53:03,7.58
2026-01-27 16:53:04,6.88
2026-01-27 16:53:05,6.88
2026-01-27 16:53:06,6.88
2026-01-27 16:53:07,6.88
2026-01-27 16:53:08,6.88
2026-01-27 16:53:09,7.62
2026-01-27 16:53:10,7.62
2026-01-27 16:53:11,7.62
2026-01-27 16:53:12,7.62
2026-01-27 16:53:13,7.62
2026-01-27 16:53:14,6.64
2026-01-27 16:53:15,6.64
2026-01-27 16:53:16,6.64
2026-01-27 16:53:17,6.64
2026-01-27 16:53:18,6.64
2026-01-27 16:53:19,7.59
2026-01-27 16:53:20,7.59
2026-01-27 16:53:21,7.59
2026-01-27 16:53:22,7.59
2026-01-27 16:53:23,7.59
2026-01-27 16:53:24,6.65
2026-01-27 16:53:25,6.65
2026-01-27 16:53:26,6.65
2026-01-27 16:53:27,6.65
2026-01-27 16:53:28,6.65
2026-01-27 16:53:29,9.98
2026-01-27 16:53:30,9.98
2026-01-27 16:53:31,9.98
2026-01-27 16:53:32,9.98
2026-01-27 16:53:33,9.98
2026-01-27 16:53:34,5.63
2026-01-27 16:53:35,5.63
2026-01-27 16:53:36,5.63
2026-01-27 16:53:37,5.63
2026-01-27 16:53:38,5.63
2026-01-27 16:53:39,6.58
2026-01-27 16:53:40,6.58
2026-01-27 16:53:41,6.58
2026-01-27 16:53:42,6.58
2026-01-27 16:53:43,6.58
2026-01-27 16:53:44,5.47
2026-01-27 16:53:45,5.47
2026-01-27 16:53:46,5.47
2026-01-27 16:53:47,5.47
2026-01-27 16:53:48,5.47
2026-01-27 16:53:49,7.24
2026-01-27 16:53:50,7.24
2026-01-27 16:53:51,7.24
2026-01-27 16:53:52,7.24
2026-01-27 16:53:53,7.24
2026-01-27 16:53:54,6.15
2026-01-27 16:53:55,6.15
2026-01-27 16:53:56,6.15
2026-01-27 16:53:57,6.15
2026-01-27 16:53:58,6.15
2026-01-27 16:53:59,6.92
2026-01-27 16:54:00,6.92
2026-01-27 16:54:01,6.92
2026-01-27 16:54:02,6.92
2026-01-27 16:54:03,6.92
2026-01-27 16:54:04,5.59
2026-01-27 16:54:05,5.59
2026-01-27 16:54:06,5.59
2026-01-27 16:54:07,5.59
2026-01-27 16:54:08,5.59
2026-01-27 16:54:09,6.65
2026-01-27 16:54:10,6.65
2026-01-27 16:54:11,6.65
2026-01-27 16:54:12,6.65
2026-01-27 16:54:13,6.65
2026-01-27 16:54:14,5.62
2026-01-27 16:54:15,5.62
2026-01-27 16:54:16,5.62
2026-01-27 16:54:17,5.62
2026-01-27 16:54:18,5.62
2026-01-27 16:54:19,6.78
2026-01-27 16:54:20,6.78
2026-01-27 16:54:21,6.78
2026-01-27 16:54:22,6.78
2026-01-27 16:54:23,6.78
2026-01-27 16:54:24,5.56
2026-01-27 16:54:25,5.56
2026-01-27 16:54:26,5.56
2026-01-27 16:54:27,5.56
2026-01-27 16:54:28,5.56
2026-01-27 16:54:29,7.81
2026-01-27 16:54:30,7.81
2026-01-27 16:54:31,7.81
2026-01-27 16:54:32,7.81
2026-01-27 16:54:33,7.81
2026-01-27 16:54:34,5.65
2026-01-27 16:54:35,5.65
2026-01-27 16:54:36,5.65
2026-01-27 16:54:37,5.65
2026-01-27 16:54:38,5.65
2026-01-27 16:54:39,6.43
2026-01-27 16:54:40,6.43
2026-01-27 16:54:41,6.43
2026-01-27 16:54:42,6.43
2026-01-27 16:54:43,6.43
2026-01-27 16:54:44,5.47
2026-01-27 16:54:45,5.47
2026-01-27 16:54:46,5.47
2026-01-27 16:54:47,5.47
2026-01-27 16:54:48,5.47
2026-01-27 16:54:49,6.62
2026-01-27 16:54:50,6.62
2026-01-27 16:54:51,6.62
2026-01-27 16:54:52,6.62
2026-01-27 16:54:53,6.62
2026-01-27 16:54:54,0
2026-01-27 16:54:55,0
2026-01-27 16:54:56,0
2026-01-27 16:54:57,0
2026-01-27 16:54:58,0
2026-01-27 16:54:59,0
2026-01-27 16:55:00,0
2026-01-27 16:55:01,0
2026-01-27 16:55:02,0
2026-01-27 16:55:03,0
2026-01-27 16:55:04,0
2026-01-27 16:55:05,0
2026-01-27 16:55:06,0
2026-01-27 16:55:07,0
2026-01-27 16:55:08,0
2026-01-27 16:55:09,0
2026-01-27 16:55:10,0
2026-01-27 16:55:11,0
2026-01-27 16:55:12,0
2026-01-27 16:55:13,0
2026-01-27 16:55:14,0
2026-01-27 16:55:15,0
2026-01-27 16:55:16,0
2026-01-27 16:55:17,0
2026-01-27 16:55:18,0
2026-01-27 16:55:19,0
2026-01-27 16:55:20,0
2026-01-27 16:55:21,0
2026-01-27 16:55:22,0
2026-01-27 16:55:23,0
2026-01-27 16:55:24,0
2026-01-27 16:55:25,0
2026-01-27 16:55:26,0
2026-01-27 16:55:27,0
2026-01-27 16:55:28,0
2026-01-27 16:55:29,0
2026-01-27 16:55:30,0
2026-01-27 16:55:31,0
2026-01-27 16:55:32,0
2026-01-27 16:55:33,0
2026-01-27 16:55:34,0
2026-01-27 16:55:35,0
2026-01-27 16:55:36,0
2026-01-27 16:55:37,0
2026-01-27 16:55:38,0
2026-01-27 16:55:39,0
2026-01-27 16:55:40,0
2026-01-27 16:55:41,0
2026-01-27 16:55:42,0
2026-01-27 16:55:43,0
2026-01-27 16:55:44,0
2026-01-27 16:55:45,0
2026-01-27 16:55:46,0
2026-01-27 16:55:47,0
2026-01-27 16:55:48,0
2026-01-27 16:55:49,0
2026-01-27 16:55:50,0
2026-01-27 16:55:51,0
2026-01-27 16:55:52,0
2026-01-27 16:55:53,0
2026-01-27 16:55:54,0
2026-01-27 16:55:55,0
2026-01-27 16:55:56,0
2026-01-27 16:55:57,0
2026-01-27 16:55:58,0
2026-01-27 16:55:59,0
2026-01-27 16:56:00,0
2026-01-27 16:56:01,0
2026-01-27 16:56:02,0
2026-01-27 16:56:03,0
2026-01-27 16:56:04,0
2026-01-27 16:56:05,0
2026-01-27 16:56:06,0
2026-01-27 16:56:07,0
2026-01-27 16:56:08,0
2026-01-27 16:56:09,0
2026-01-27 16:56:10,0
2026-01-27 16:56:11,0
2026-01-27 16:56:12,0
2026-01-27 16:56:13,0
2026-01-27 16:56:14,0
2026-01-27 16:56:15,0
2026-01-27 16:56:16,0
2026-01-27 16:56:17,0
2026-01-27 16:56:18,0
2026-01-27 16:56:19,0
2026-01-27 16:56:20,0
2026-01-27 16:56:21,0
2026-01-27 16:56:22,0
2026-01-27 16:56:23,0
2026-01-27 16:56:24,0
2026-01-27 16:56:25,0
2026-01-27 16:56:26,0
2026-01-27 16:56:27,0
2026-01-27 16:56:28,0
2026-01-27 16:58:34,8.73
2026-01-27 16:58:35,8.73
2026-01-27 16:58:36,8.73
2026-01-27 16:58:37,8.73
2026-01-27 16:58:38,8.73
2026-01-27 16:58:39,10.9
2026-01-27 16:58:40,10.9
2026-01-27 16:58:41,10.9
2026-01-27 16:58:42,10.9
2026-01-27 16:58:43,10.9
2026-01-27 16:58:44,9.86
2026-01-27 16:58:45,9.86
2026-01-27 16:58:46,9.86
2026-01-27 16:58:47,9.86
2026-01-27 16:58:48,9.86
2026-01-27 16:58:49,11.6
2026-01-27 16:58:50,11.6
2026-01-27 16:58:51,11.6
2026-01-27 16:58:52,11.6
2026-01-27 16:58:53,11.6
2026-01-27 16:58:54,8.72
2026-01-27 16:58:55,8.72
2026-01-27 16:58:56,8.72
2026-01-27 16:58:57,8.72
2026-01-27 16:58:58,8.72
2026-01-27 16:58:59,8.89
2026-01-27 16:59:00,8.89
2026-01-27 16:59:01,8.89
2026-01-27 16:59:02,8.89
2026-01-27 16:59:03,8.89
2026-01-27 16:59:04,6.74
2026-01-27 16:59:05,6.74
2026-01-27 16:59:06,6.74
2026-01-27 16:59:07,6.74
2026-01-27 16:59:08,6.74
2026-01-27 16:59:09,7.28
2026-01-27 16:59:10,7.28
2026-01-27 16:59:11,7.28
2026-01-27 16:59:12,7.28
2026-01-27 16:59:13,7.28
2026-01-27 16:59:14,7.24
2026-01-27 16:59:15,7.24
2026-01-27 16:59:16,7.24
2026-01-27 16:59:17,7.24
2026-01-27 16:59:18,7.24
2026-01-27 16:59:19,7.91
2026-01-27 16:59:20,7.91
2026-01-27 16:59:21,7.91
2026-01-27 16:59:22,7.91
2026-01-27 16:59:23,7.91
2026-01-27 16:59:24,6.49
2026-01-27 16:59:25,6.49
2026-01-27 16:59:26,6.49
2026-01-27 16:59:27,6.49
2026-01-27 16:59:28,6.49
2026-01-27 16:59:29,7.94
2026-01-27 16:59:30,7.94
2026-01-27 16:59:31,7.94
2026-01-27 16:59:32,7.94
2026-01-27 16:59:33,7.94
2026-01-27 16:59:34,6.51
2026-01-27 16:59:35,6.51
2026-01-27 16:59:36,6.51
2026-01-27 16:59:37,6.51
2026-01-27 16:59:38,6.51
2026-01-27 16:59:39,7.29
2026-01-27 16:59:40,7.29
2026-01-27 16:59:41,7.29
2026-01-27 16:59:42,7.29
2026-01-27 16:59:43,7.29
2026-01-27 16:59:44,6.47
2026-01-27 16:59:45,6.47
2026-01-27 16:59:46,6.47
2026-01-27 16:59:47,6.47
2026-01-27 16:59:48,6.47
2026-01-27 16:59:49,7.29
2026-01-27 16:59:50,7.29
2026-01-27 16:59:51,7.29
2026-01-27 16:59:52,7.29
2026-01-27 16:59:53,7.29
2026-01-27 16:59:54,6.27
2026-01-27 16:59:55,6.27
2026-01-27 16:59:56,6.27
2026-01-27 16:59:57,6.27
2026-01-27 16:59:58,6.27
2026-01-27 16:59:59,7.04
2026-01-27 17:00:00,7.04
2026-01-27 17:00:01,7.04
2026-01-27 17:00:02,7.04
2026-01-27 17:00:03,7.04
2026-01-27 17:00:04,5.37
2026-01-27 17:00:05,5.37
2026-01-27 17:00:06,5.37
2026-01-27 17:00:07,5.37
2026-01-27 17:00:08,5.37
2026-01-27 17:00:09,6.27
2026-01-27 17:00:10,6.27
2026-01-27 17:00:11,6.27
2026-01-27 17:00:12,6.27
2026-01-27 17:00:13,6.27
2026-01-27 17:00:14,5.28
2026-01-27 17:00:15,5.28
2026-01-27 17:00:16,5.28
2026-01-27 17:00:17,5.28
2026-01-27 17:00:18,5.28
2026-01-27 17:00:19,7.23
2026-01-27 17:00:20,7.23
2026-01-27 17:00:21,7.23
2026-01-27 17:00:22,7.23
2026-01-27 17:00:23,7.23
2026-01-27 17:00:24,5.86
2026-01-27 17:00:25,5.86
2026-01-27 17:00:26,5.86
2026-01-27 17:00:27,5.86
2026-01-27 17:00:28,5.86
2026-01-27 17:00:29,7.18
2026-01-27 17:00:30,7.18
2026-01-27 17:00:31,7.18
2026-01-27 17:00:32,7.18
2026-01-27 17:00:33,7.18
2026-01-27 17:00:34,6.53
2026-01-27 17:00:35,6.53
2026-01-27 17:00:36,6.53
2026-01-27 17:00:37,6.53
2026-01-27 17:00:38,6.53
2026-01-27 17:00:39,7.18
2026-01-27 17:00:40,7.18
2026-01-27 17:00:41,7.18
2026-01-27 17:00:42,7.18
2026-01-27 17:00:43,7.18
2026-01-27 17:00:44,6.48
2026-01-27 17:00:45,6.48
2026-01-27 17:00:46,6.48
2026-01-27 17:00:47,6.48
2026-01-27 17:00:48,6.48
2026-01-27 17:00:49,7.37
2026-01-27 17:00:50,7.37
2026-01-27 17:00:51,7.37
2026-01-27 17:00:52,7.37
2026-01-27 17:00:53,7.37
2026-01-27 17:00:54,6.46
2026-01-27 17:00:55,6.46
2026-01-27 17:00:56,6.46
2026-01-27 17:00:57,6.46
2026-01-27 17:00:58,6.46
2026-01-27 17:00:59,7.72
2026-01-27 17:01:00,7.72
2026-01-27 17:01:01,7.72
2026-01-27 17:01:02,7.72
2026-01-27 17:01:03,7.72
2026-01-27 17:01:04,6.67
2026-01-27 17:01:05,6.67
2026-01-27 17:01:06,6.67
2026-01-27 17:01:07,6.67
2026-01-27 17:01:08,6.67
2026-01-27 17:01:09,7.23
2026-01-27 17:01:10,7.23
2026-01-27 17:01:11,7.23
2026-01-27 17:01:12,7.23
2026-01-27 17:01:13,7.23
2026-01-27 17:01:14,6.57
2026-01-27 17:01:15,6.57
2026-01-27 17:01:16,6.57
2026-01-27 17:01:17,6.57
2026-01-27 17:01:18,6.57
2026-01-27 17:01:19,8.09
2026-01-27 17:01:20,8.09
2026-01-27 17:01:21,8.09
2026-01-27 17:01:22,8.09
2026-01-27 17:01:23,8.09
2026-01-27 17:01:24,7.41
2026-01-27 17:01:25,7.41
2026-01-27 17:01:26,7.41
2026-01-27 17:01:27,7.41
2026-01-27 17:01:28,7.41
2026-01-27 17:01:29,8.77
2026-01-27 17:01:30,8.77
2026-01-27 17:01:31,8.77
2026-01-27 17:01:32,8.77
2026-01-27 17:01:33,8.77
2026-01-27 17:01:34,6.64
2026-01-27 17:01:35,6.64
2026-01-27 17:01:36,6.64
2026-01-27 17:01:37,6.64
2026-01-27 17:01:38,6.64
2026-01-27 17:01:39,7.26
2026-01-27 17:01:40,7.26
2026-01-27 17:01:41,7.26
2026-01-27 17:01:42,7.26
2026-01-27 17:01:43,7.26
2026-01-27 17:01:44,7.96
2026-01-27 17:01:45,7.96
2026-01-27 17:01:46,7.96
2026-01-27 17:01:47,7.96
2026-01-27 17:01:48,7.96
2026-01-27 17:01:49,8.71
2026-01-27 17:01:50,8.71
2026-01-27 17:01:51,8.71
2026-01-27 17:01:52,8.71
2026-01-27 17:01:53,8.71
2026-01-27 17:01:54,7.58
2026-01-27 17:01:55,7.58
2026-01-27 17:01:56,7.58
2026-01-27 17:01:57,7.58
2026-01-27 17:01:58,7.58
2026-01-27 17:01:59,8.25
2026-01-27 17:02:00,8.25
2026-01-27 17:02:01,8.25
2026-01-27 17:02:02,8.25
2026-01-27 17:02:03,8.25
2026-01-27 17:02:04,7.72
2026-01-27 17:02:05,7.72
2026-01-27 17:02:06,7.72
2026-01-27 17:02:07,7.72
2026-01-27 17:02:08,7.72
2026-01-27 17:02:09,8.89
2026-01-27 17:02:10,8.89
2026-01-27 17:02:11,8.89
2026-01-27 17:02:12,8.89
2026-01-27 17:02:13,8.89
2026-01-27 17:02:14,7.65
2026-01-27 17:02:15,7.65
2026-01-27 17:02:16,7.65
2026-01-27 17:02:17,7.65
2026-01-27 17:02:18,7.65
2026-01-27 17:02:19,8.33
2026-01-27 17:02:20,8.33
2026-01-27 17:02:21,8.33
2026-01-27 17:02:22,8.33
2026-01-27 17:02:23,8.33
2026-01-27 17:02:24,7.61
2026-01-27 17:02:25,7.61
2026-01-27 17:02:26,7.61
2026-01-27 17:02:27,7.61
2026-01-27 17:02:28,7.61
2026-01-27 17:02:29,10.3
2026-01-27 17:02:30,10.3
2026-01-27 17:02:31,10.3
2026-01-27 17:02:32,10.3
2026-01-27 17:02:33,10.3
2026-01-27 17:02:34,6.96
2026-01-27 17:02:35,6.96
2026-01-27 17:02:36,6.96
2026-01-27 17:02:37,6.96
2026-01-27 17:02:38,6.96
2026-01-27 17:02:39,7.37
2026-01-27 17:02:40,7.37
2026-01-27 17:02:41,7.37
2026-01-27 17:02:42,7.37
2026-01-27 17:02:43,7.37
2026-01-27 17:02:44,6.43
2026-01-27 17:02:45,6.43
2026-01-27 17:02:46,6.43
2026-01-27 17:02:47,6.43
2026-01-27 17:02:48,6.43
2026-01-27 17:02:49,7.39
2026-01-27 17:02:50,7.39
2026-01-27 17:02:51,7.39
2026-01-27 17:02:52,7.39
2026-01-27 17:02:53,7.39
2026-01-27 17:02:54,6.51
2026-01-27 17:02:55,6.51
2026-01-27 17:02:56,6.51
2026-01-27 17:02:57,6.51
2026-01-27 17:02:58,6.51
2026-01-27 17:02:59,7.27
2026-01-27 17:03:00,7.27
2026-01-27 17:03:01,7.27
2026-01-27 17:03:02,7.27
2026-01-27 17:03:03,7.27
2026-01-27 17:03:04,6.57
2026-01-27 17:03:05,6.57
2026-01-27 17:03:06,6.57
2026-01-27 17:03:07,6.57
2026-01-27 17:03:08,6.57
2026-01-27 17:03:09,7.73
2026-01-27 17:03:10,7.73
2026-01-27 17:03:11,7.73
2026-01-27 17:03:12,7.73
2026-01-27 17:03:13,7.73
2026-01-27 17:03:14,6.39
2026-01-27 17:03:15,6.39
2026-01-27 17:03:16,6.39
2026-01-27 17:03:17,6.39
2026-01-27 17:03:18,6.39
2026-01-27 17:03:19,7.23
2026-01-27 17:03:20,7.23
2026-01-27 17:03:21,7.23
2026-01-27 17:03:22,7.23
2026-01-27 17:03:23,7.23
2026-01-27 17:03:24,6.52
2026-01-27 17:03:25,6.52
2026-01-27 17:03:26,6.52
2026-01-27 17:03:27,6.52
2026-01-27 17:03:28,6.52
2026-01-27 17:03:29,7.30
2026-01-27 17:03:30,7.30
2026-01-27 17:03:31,7.30
2026-01-27 17:03:32,7.30
2026-01-27 17:03:33,7.30
2026-01-27 17:03:34,7.67
2026-01-27 17:03:35,7.67
2026-01-27 17:03:36,7.67
2026-01-27 17:03:37,7.67
2026-01-27 17:03:38,7.67
2026-01-27 17:03:39,7.77
2026-01-27 17:03:40,7.77
2026-01-27 17:03:41,7.77
2026-01-27 17:03:42,7.77
2026-01-27 17:03:43,7.77
2026-01-27 17:03:44,6.40
2026-01-27 17:03:45,6.40
2026-01-27 17:03:46,6.40
2026-01-27 17:03:47,6.40
2026-01-27 17:03:48,6.40
2026-01-27 17:03:49,7.55
2026-01-27 17:03:50,7.55
2026-01-27 17:03:51,7.55
2026-01-27 17:03:52,7.55
2026-01-27 17:03:53,7.55
2026-01-27 17:03:54,7.32
2026-01-27 17:03:55,7.32
2026-01-27 17:03:56,7.32
2026-01-27 17:03:57,7.32
2026-01-27 17:03:58,7.32
2026-01-27 17:03:59,9.05
2026-01-27 17:04:00,9.05
2026-01-27 17:04:01,9.05
2026-01-27 17:04:02,9.05
2026-01-27 17:04:03,9.05
2026-01-27 17:04:04,7.52
2026-01-27 17:04:05,7.52
2026-01-27 17:04:06,7.52
2026-01-27 17:04:07,7.52
2026-01-27 17:04:08,7.52
2026-01-27 17:04:09,8.11
2026-01-27 17:04:10,8.11
2026-01-27 17:04:11,8.11
2026-01-27 17:04:12,8.11
2026-01-27 17:04:13,8.11
2026-01-27 17:04:14,7.36
2026-01-27 17:04:15,7.36
2026-01-27 17:04:16,7.36
2026-01-27 17:04:17,7.36
2026-01-27 17:04:18,7.36
2026-01-27 17:04:19,8.68
2026-01-27 17:04:20,8.68
2026-01-27 17:04:21,8.68
2026-01-27 17:04:22,8.68
2026-01-27 17:04:23,8.68
2026-01-27 17:04:24,7.50
2026-01-27 17:04:25,7.50
2026-01-27 17:04:26,7.50
2026-01-27 17:04:27,7.50
2026-01-27 17:04:28,7.50
2026-01-27 17:04:29,9.20
2026-01-27 17:04:30,9.20
2026-01-27 17:04:31,9.20
2026-01-27 17:04:32,9.20
2026-01-27 17:04:33,9.20
2026-01-27 17:04:34,8.93
2026-01-27 17:04:35,8.93
2026-01-27 17:04:36,8.93
2026-01-27 17:04:37,8.93
2026-01-27 17:04:38,8.93
2026-01-27 17:04:39,10.0
2026-01-27 17:04:40,10.0
2026-01-27 17:04:41,10.0
2026-01-27 17:04:42,10.0
2026-01-27 17:04:43,10.0
2026-01-27 17:04:44,9.90
2026-01-27 17:04:45,9.90
2026-01-27 17:04:46,9.90
2026-01-27 17:04:47,9.90
2026-01-27 17:04:48,9.90
2026-01-27 17:04:49,9.74
2026-01-27 17:04:50,9.74
2026-01-27 17:04:51,9.74
2026-01-27 17:04:52,9.74
2026-01-27 17:04:53,9.74
2026-01-27 17:04:54,9.13
2026-01-27 17:04:55,9.13
2026-01-27 17:04:56,9.13
2026-01-27 17:04:57,9.13
2026-01-27 17:04:58,9.13
2026-01-27 17:04:59,0
2026-01-27 17:05:00,0
2026-01-27 17:05:01,0
2026-01-27 17:05:02,0
2026-01-27 17:05:03,0
2026-01-27 17:05:04,0
2026-01-27 17:05:05,0
2026-01-27 17:05:06,0
2026-01-27 17:05:07,0
2026-01-27 17:05:08,0
2026-01-27 17:05:09,0
2026-01-27 17:05:10,0
2026-01-27 17:05:11,0
2026-01-27 17:05:12,0
2026-01-27 17:05:13,0
2026-01-27 17:05:14,0
2026-01-27 17:05:15,0
2026-01-27 17:05:16,0
2026-01-27 17:05:17,0
2026-01-27 17:05:18,0
2026-01-27 17:05:19,0
2026-01-27 17:05:20,0
2026-01-27 17:05:21,0
2026-01-27 17:05:22,0
2026-01-27 17:05:23,0
2026-01-27 17:05:24,0
2026-01-27 17:05:25,0
2026-01-27 17:05:26,0
2026-01-27 17:05:27,0
2026-01-27 17:05:28,0
2026-01-27 17:05:29,0
2026-01-27 17:05:30,0
2026-01-27 17:05:31,0
2026-01-27 17:05:32,0
2026-01-27 17:05:33,0
2026-01-27 17:05:34,0
2026-01-27 17:05:35,0
2026-01-27 17:05:36,0
2026-01-27 17:05:37,0
2026-01-27 17:05:38,0
2026-01-27 17:05:39,0
2026-01-27 17:05:40,0
2026-01-27 17:05:41,0
2026-01-27 17:05:42,0
2026-01-27 17:05:43,0
2026-01-27 17:05:44,0
2026-01-27 17:05:45,0
2026-01-27 17:05:46,0
2026-01-27 17:05:47,0
2026-01-27 17:05:48,0
2026-01-27 17:05:49,0
2026-01-27 17:05:50,0
2026-01-27 17:05:51,0
2026-01-27 17:05:52,0
2026-01-27 17:05:53,0
2026-01-27 17:05:54,0
2026-01-27 17:05:55,0
2026-01-27 17:05:56,0
2026-01-27 17:05:57,0
2026-01-27 17:05:58,0
2026-01-27 17:05:59,0
2026-01-27 17:06:00,0
2026-01-27 17:06:01,0
2026-01-27 17:06:02,0
2026-01-27 17:06:03,0
2026-01-27 17:06:04,0
2026-01-27 17:06:05,0
2026-01-27 17:06:06,0
2026-01-27 17:06:07,0
2026-01-27 17:06:08,0
2026-01-27 17:06:09,0
2026-01-27 17:06:10,0
2026-01-27 17:06:11,0
2026-01-27 17:06:12,0
2026-01-27 17:06:13,0
2026-01-27 17:06:14,0
2026-01-27 17:06:15,0
2026-01-27 17:06:16,0
2026-01-27 17:06:17,0
2026-01-27 17:06:18,0
2026-01-27 17:06:19,0
2026-01-27 17:06:20,0
2026-01-27 17:06:21,0
2026-01-27 17:06:22,0
2026-01-27 17:06:23,0
2026-01-27 17:06:24,0
2026-01-27 17:06:25,0
2026-01-27 17:06:26,0
2026-01-27 17:06:27,0
2026-01-27 17:06:28,0
2026-01-27 17:06:29,0
2026-01-27 17:06:30,0
2026-01-27 17:06:31,0
2026-01-27 17:06:32,0
2026-01-27 17:06:33,0
2026-01-27 17:06:34,0
2026-01-27 17:06:35,0
2026-01-27 17:06:36,0
2026-01-27 17:06:37,0
2026-01-27 17:06:38,0
2026-01-27 17:06:49,6.12
2026-01-27 17:06:50,6.12
2026-01-27 17:06:51,6.12
2026-01-27 17:06:52,6.12
2026-01-27 17:06:53,6.12
2026-01-27 17:06:54,11.8
2026-01-27 17:06:55,11.8
2026-01-27 17:06:56,11.8
2026-01-27 17:06:57,11.8
2026-01-27 17:06:58,11.8
2026-01-27 17:06:59,12.1
2026-01-27 17:07:00,12.1
2026-01-27 17:07:01,12.1
2026-01-27 17:07:02,12.1
2026-01-27 17:07:03,12.1
2026-01-27 17:07:04,12.6
2026-01-27 17:07:05,12.6
2026-01-27 17:07:06,12.6
2026-01-27 17:07:07,12.6
2026-01-27 17:07:08,12.6
2026-01-27 17:07:09,11.7
2026-01-27 17:07:10,11.7
2026-01-27 17:07:11,11.7
2026-01-27 17:07:12,11.7
2026-01-27 17:07:13,11.7
2026-01-27 17:07:14,11.7
2026-01-27 17:07:15,11.7
2026-01-27 17:07:16,11.7
2026-01-27 17:07:17,11.7
2026-01-27 17:07:18,11.7
2026-01-27 17:07:19,11.3
2026-01-27 17:07:20,11.3
2026-01-27 17:07:21,11.3
2026-01-27 17:07:22,11.3
2026-01-27 17:07:23,11.3
2026-01-27 17:07:24,12.0
2026-01-27 17:07:25,12.0
2026-01-27 17:07:26,12.0
2026-01-27 17:07:27,12.0
2026-01-27 17:07:28,12.0
2026-01-27 17:07:29,10.6
2026-01-27 17:07:30,10.6
2026-01-27 17:07:31,10.6
2026-01-27 17:07:32,10.6
2026-01-27 17:07:33,10.6
2026-01-27 17:07:34,12.9
2026-01-27 17:07:35,12.9
2026-01-27 17:07:36,12.9
2026-01-27 17:07:37,12.9
2026-01-27 17:07:38,12.9
2026-01-27 17:07:39,10.6
2026-01-27 17:07:40,10.6
2026-01-27 17:07:41,10.6
2026-01-27 17:07:42,10.6
2026-01-27 17:07:43,10.6
2026-01-27 17:07:44,9.18
2026-01-27 17:07:45,9.18
2026-01-27 17:07:46,9.18
2026-01-27 17:07:47,9.18
2026-01-27 17:07:48,9.18
2026-01-27 17:07:49,8.67
2026-01-27 17:07:50,8.67
2026-01-27 17:07:51,8.67
2026-01-27 17:07:52,8.67
2026-01-27 17:07:53,8.67
2026-01-27 17:07:54,9.34
2026-01-27 17:07:55,9.34
2026-01-27 17:07:56,9.34
2026-01-27 17:07:57,9.34
2026-01-27 17:07:58,9.34
2026-01-27 17:07:59,8.80
2026-01-27 17:08:00,8.80
2026-01-27 17:08:01,8.80
2026-01-27 17:08:02,8.80
2026-01-27 17:08:03,8.80
2026-01-27 17:08:04,9.90
2026-01-27 17:08:05,9.90
2026-01-27 17:08:06,9.90
2026-01-27 17:08:07,9.90
2026-01-27 17:08:08,9.90
2026-01-27 17:08:09,8.98
2026-01-27 17:08:10,8.98
2026-01-27 17:08:11,8.98
2026-01-27 17:08:12,8.98
2026-01-27 17:08:13,8.98
2026-01-27 17:08:14,8.84
2026-01-27 17:08:15,8.84
2026-01-27 17:08:16,8.84
2026-01-27 17:08:17,8.84
2026-01-27 17:08:18,8.84
2026-01-27 17:08:19,8.66
2026-01-27 17:08:20,8.66
2026-01-27 17:08:21,8.66
2026-01-27 17:08:22,8.66
2026-01-27 17:08:23,8.66
2026-01-27 17:08:24,9.27
2026-01-27 17:08:25,9.27
2026-01-27 17:08:26,9.27
2026-01-27 17:08:27,9.27
2026-01-27 17:08:28,9.27
2026-01-27 17:08:29,8.65
2026-01-27 17:08:30,8.65
2026-01-27 17:08:31,8.65
2026-01-27 17:08:32,8.65
2026-01-27 17:08:33,8.65
2026-01-27 17:08:34,9.64
2026-01-27 17:08:35,9.64
2026-01-27 17:08:36,9.64
2026-01-27 17:08:37,9.64
2026-01-27 17:08:38,9.64
2026-01-27 17:08:39,8.84
2026-01-27 17:08:40,8.84
2026-01-27 17:08:41,8.84
2026-01-27 17:08:42,8.84
2026-01-27 17:08:43,8.84
2026-01-27 17:08:44,11.4
2026-01-27 17:08:45,11.4
2026-01-27 17:08:46,11.4
2026-01-27 17:08:47,11.4
2026-01-27 17:08:48,11.4
2026-01-27 17:08:49,8.60
2026-01-27 17:08:50,8.60
2026-01-27 17:08:51,8.60
2026-01-27 17:08:52,8.60
2026-01-27 17:08:53,8.60
2026-01-27 17:08:54,8.20
2026-01-27 17:08:55,8.20
2026-01-27 17:08:56,8.20
2026-01-27 17:08:57,8.20
2026-01-27 17:08:58,8.20
2026-01-27 17:08:59,7.53
2026-01-27 17:09:00,7.53
2026-01-27 17:09:01,7.53
2026-01-27 17:09:02,7.53
2026-01-27 17:09:03,7.53
2026-01-27 17:09:04,8.25
2026-01-27 17:09:05,8.25
2026-01-27 17:09:06,8.25
2026-01-27 17:09:07,8.25
2026-01-27 17:09:08,8.25
2026-01-27 17:09:09,8.12
2026-01-27 17:09:10,8.12
2026-01-27 17:09:11,8.12
2026-01-27 17:09:12,8.12
2026-01-27 17:09:13,8.12
2026-01-27 17:09:14,7.49
2026-01-27 17:09:15,7.49
2026-01-27 17:09:16,7.49
2026-01-27 17:09:17,7.49
2026-01-27 17:09:18,7.49
2026-01-27 17:09:19,7.64
2026-01-27 17:09:20,7.64
2026-01-27 17:09:21,7.64
2026-01-27 17:09:22,7.64
2026-01-27 17:09:23,7.64
2026-01-27 17:09:24,8.15
2026-01-27 17:09:25,8.15
2026-01-27 17:09:26,8.15
2026-01-27 17:09:27,8.15
2026-01-27 17:09:28,8.15
2026-01-27 17:09:29,7.64
2026-01-27 17:09:30,7.64
2026-01-27 17:09:31,7.64
2026-01-27 17:09:32,7.64
2026-01-27 17:09:33,7.64
2026-01-27 17:09:34,8.49
2026-01-27 17:09:35,8.49
2026-01-27 17:09:36,8.49
2026-01-27 17:09:37,8.49
2026-01-27 17:09:38,8.49
2026-01-27 17:09:39,7.80
2026-01-27 17:09:40,7.80
2026-01-27 17:09:41,7.80
2026-01-27 17:09:42,7.80
2026-01-27 17:09:43,7.80
2026-01-27 17:09:44,8.45
2026-01-27 17:09:45,8.45
2026-01-27 17:09:46,8.45
2026-01-27 17:09:47,8.45
2026-01-27 17:09:48,8.45
2026-01-27 17:09:49,7.58
2026-01-27 17:09:50,7.58
2026-01-27 17:09:51,7.58
2026-01-27 17:09:52,7.58
2026-01-27 17:09:53,7.58
2026-01-27 17:09:54,8.20
2026-01-27 17:09:55,8.20
2026-01-27 17:09:56,8.20
2026-01-27 17:09:57,8.20
2026-01-27 17:09:58,8.20
2026-01-27 17:09:59,7.57
2026-01-27 17:10:00,7.57
2026-01-27 17:10:01,7.57
2026-01-27 17:10:02,7.57
2026-01-27 17:10:03,7.57
2026-01-27 17:10:04,8.14
2026-01-27 17:10:05,8.14
2026-01-27 17:10:06,8.14
2026-01-27 17:10:07,8.14
2026-01-27 17:10:08,8.14
2026-01-27 17:10:09,7.89
2026-01-27 17:10:10,7.89
2026-01-27 17:10:11,7.89
2026-01-27 17:10:12,7.89
2026-01-27 17:10:13,7.89
2026-01-27 17:10:14,9.67
2026-01-27 17:10:15,9.67
2026-01-27 17:10:16,9.67
2026-01-27 17:10:17,9.67
2026-01-27 17:10:18,9.67
2026-01-27 17:10:19,7.33
2026-01-27 17:10:20,7.33
2026-01-27 17:10:21,7.33
2026-01-27 17:10:22,7.33
2026-01-27 17:10:23,7.33
2026-01-27 17:10:24,7.15
2026-01-27 17:10:25,7.15
2026-01-27 17:10:26,7.15
2026-01-27 17:10:27,7.15
2026-01-27 17:10:28,7.15
2026-01-27 17:10:29,6.51
2026-01-27 17:10:30,6.51
2026-01-27 17:10:31,6.51
2026-01-27 17:10:32,6.51
2026-01-27 17:10:33,6.51
2026-01-27 17:10:34,7.43
2026-01-27 17:10:35,7.43
2026-01-27 17:10:36,7.43
2026-01-27 17:10:37,7.43
2026-01-27 17:10:38,7.43
2026-01-27 17:10:39,6.56
2026-01-27 17:10:40,6.56
2026-01-27 17:10:41,6.56
2026-01-27 17:10:42,6.56
2026-01-27 17:10:43,6.56
2026-01-27 17:10:44,7.02
2026-01-27 17:10:45,7.02
2026-01-27 17:10:46,7.02
2026-01-27 17:10:47,7.02
2026-01-27 17:10:48,7.02
2026-01-27 17:10:49,6.64
2026-01-27 17:10:50,6.64
2026-01-27 17:10:51,6.64
2026-01-27 17:10:52,6.64
2026-01-27 17:10:53,6.64
2026-01-27 17:10:54,7.54
2026-01-27 17:10:55,7.54
2026-01-27 17:10:56,7.54
2026-01-27 17:10:57,7.54
2026-01-27 17:10:58,7.54
2026-01-27 17:10:59,6.51
2026-01-27 17:11:00,6.51
2026-01-27 17:11:01,6.51
2026-01-27 17:11:02,6.51
2026-01-27 17:11:03,6.51
2026-01-27 17:11:04,7.14
2026-01-27 17:11:05,7.14
2026-01-27 17:11:06,7.14
2026-01-27 17:11:07,7.14
2026-01-27 17:11:08,7.14
2026-01-27 17:11:09,8.97
2026-01-27 17:11:10,8.97
2026-01-27 17:11:11,8.97
2026-01-27 17:11:12,8.97
2026-01-27 17:11:13,8.97
2026-01-27 17:11:14,6.60
2026-01-27 17:11:15,6.60
2026-01-27 17:11:16,6.60
2026-01-27 17:11:17,6.60
2026-01-27 17:11:18,6.60
2026-01-27 17:11:19,5.46
2026-01-27 17:11:20,5.46
2026-01-27 17:11:21,5.46
2026-01-27 17:11:22,5.46
2026-01-27 17:11:23,5.46
2026-01-27 17:11:24,6.56
2026-01-27 17:11:25,6.56
2026-01-27 17:11:26,6.56
2026-01-27 17:11:27,6.56
2026-01-27 17:11:28,6.56
2026-01-27 17:11:29,5.31
2026-01-27 17:11:30,5.31
2026-01-27 17:11:31,5.31
2026-01-27 17:11:32,5.31
2026-01-27 17:11:33,5.31
2026-01-27 17:11:34,6.45
2026-01-27 17:11:35,6.45
2026-01-27 17:11:36,6.45
2026-01-27 17:11:37,6.45
2026-01-27 17:11:38,6.45
2026-01-27 17:11:39,8.56
2026-01-27 17:11:40,8.56
2026-01-27 17:11:41,8.56
2026-01-27 17:11:42,8.56
2026-01-27 17:11:43,8.56
2026-01-27 17:11:44,6.44
2026-01-27 17:11:45,6.44
2026-01-27 17:11:46,6.44
2026-01-27 17:11:47,6.44
2026-01-27 17:11:48,6.44
2026-01-27 17:11:49,3.86
2026-01-27 17:11:50,3.86
2026-01-27 17:11:51,3.86
2026-01-27 17:11:52,3.86
2026-01-27 17:11:53,3.86
2026-01-27 17:11:54,4.40
2026-01-27 17:11:55,4.40
2026-01-27 17:11:56,4.40
2026-01-27 17:11:57,4.40
2026-01-27 17:11:58,4.40
2026-01-27 17:11:59,5.33
2026-01-27 17:12:00,5.33
2026-01-27 17:12:01,5.33
2026-01-27 17:12:02,5.33
2026-01-27 17:12:03,5.33
2026-01-27 17:12:04,6.11
2026-01-27 17:12:05,6.11
2026-01-27 17:12:06,6.11
2026-01-27 17:12:07,6.11
2026-01-27 17:12:08,6.11
2026-01-27 17:12:09,5.10
2026-01-27 17:12:10,5.10
2026-01-27 17:12:11,5.10
2026-01-27 17:12:12,5.10
2026-01-27 17:12:13,5.10
2026-01-27 17:12:14,5.21
2026-01-27 17:12:15,5.21
2026-01-27 17:12:16,5.21
2026-01-27 17:12:17,5.21
2026-01-27 17:12:18,5.21
2026-01-27 17:12:19,5.27
2026-01-27 17:12:20,5.27
2026-01-27 17:12:21,5.27
2026-01-27 17:12:22,5.27
2026-01-27 17:12:23,5.27
2026-01-27 17:12:24,6.54
2026-01-27 17:12:25,6.54
2026-01-27 17:12:26,6.54
2026-01-27 17:12:27,6.54
2026-01-27 17:12:28,6.54
2026-01-27 17:12:29,5.58
2026-01-27 17:12:30,5.58
2026-01-27 17:12:31,5.58
2026-01-27 17:12:32,5.58
2026-01-27 17:12:33,5.58
2026-01-27 17:12:34,6.05
2026-01-27 17:12:35,6.05
2026-01-27 17:12:36,6.05
2026-01-27 17:12:37,6.05
2026-01-27 17:12:38,6.05
2026-01-27 17:12:39,4.74
2026-01-27 17:12:40,4.74
2026-01-27 17:12:41,4.74
2026-01-27 17:12:42,4.74
2026-01-27 17:12:43,4.74
2026-01-27 17:12:44,6.62
2026-01-27 17:12:45,6.62
2026-01-27 17:12:46,6.62
2026-01-27 17:12:47,6.62
2026-01-27 17:12:48,6.62
2026-01-27 17:12:49,7.97
2026-01-27 17:12:50,7.97
2026-01-27 17:12:51,7.97
2026-01-27 17:12:52,7.97
2026-01-27 17:12:53,7.97
2026-01-27 17:12:54,8.02
2026-01-27 17:12:55,8.02
2026-01-27 17:12:56,8.02
2026-01-27 17:12:57,8.02
2026-01-27 17:12:58,8.02
2026-01-27 17:12:59,7.49
2026-01-27 17:13:00,7.49
2026-01-27 17:13:01,7.49
2026-01-27 17:13:02,7.49
2026-01-27 17:13:03,7.49
2026-01-27 17:13:04,8.41
2026-01-27 17:13:05,8.41
2026-01-27 17:13:06,8.41
2026-01-27 17:13:07,8.41
2026-01-27 17:13:08,8.41
2026-01-27 17:13:09,0
2026-01-27 17:13:10,0
2026-01-27 17:13:11,0
2026-01-27 17:13:12,0
2026-01-27 17:13:13,0
2026-01-27 17:13:14,0
2026-01-27 17:13:15,0
2026-01-27 17:13:16,0
2026-01-27 17:13:17,0
2026-01-27 17:13:18,0
2026-01-27 17:13:19,0
2026-01-27 17:13:20,0
2026-01-27 17:13:21,0
2026-01-27 17:13:22,0
2026-01-27 17:13:23,0
2026-01-27 17:13:24,0
2026-01-27 17:13:25,0
2026-01-27 17:13:26,0
2026-01-27 17:13:27,0
2026-01-27 17:13:28,0
2026-01-27 17:13:29,0
2026-01-27 17:13:30,0
2026-01-27 17:13:31,0
2026-01-27 17:13:32,0
2026-01-27 17:13:33,0
2026-01-27 17:13:34,0
2026-01-27 17:13:35,0
2026-01-27 17:13:36,0
2026-01-27 17:13:37,0
2026-01-27 17:13:38,0
2026-01-27 17:13:39,0
2026-01-27 17:13:40,0
2026-01-27 17:13:41,0
2026-01-27 17:13:42,0
2026-01-27 17:13:43,0
2026-01-27 17:13:44,0
2026-01-27 17:13:45,0
2026-01-27 17:13:46,0
2026-01-27 17:13:47,0
2026-01-27 17:13:48,0
2026-01-27 17:13:49,0
2026-01-27 17:13:50,0
2026-01-27 17:13:51,0
2026-01-27 17:13:52,0
2026-01-27 17:13:53,0
2026-01-27 17:13:54,0
2026-01-27 17:13:55,0
2026-01-27 17:13:56,0
2026-01-27 17:13:57,0
2026-01-27 17:13:58,0
2026-01-27 17:13:59,0
2026-01-27 17:14:00,0
2026-01-27 17:14:01,0
2026-01-27 17:14:02,0
2026-01-27 17:14:03,0
2026-01-27 17:14:04,0
2026-01-27 17:14:05,0
2026-01-27 17:14:06,0
2026-01-27 17:14:07,0
2026-01-27 17:14:08,0
2026-01-27 17:14:09,0
2026-01-27 17:14:10,0
2026-01-27 17:14:11,0
2026-01-27 17:14:12,0
2026-01-27 17:14:13,0
2026-01-27 17:14:14,0
2026-01-27 17:14:15,0
2026-01-27 17:14:16,0
2026-01-27 17:14:17,0
2026-01-27 17:14:18,0
2026-01-27 17:14:19,0
2026-01-27 17:14:20,0
2026-01-27 17:14:21,0
2026-01-27 17:14:22,0
2026-01-27 17:14:23,0
2026-01-27 17:14:24,0
2026-01-27 17:14:25,0
2026-01-27 17:14:26,0
2026-01-27 17:14:27,0
2026-01-27 17:14:28,0
2026-01-27 17:14:29,0
2026-01-27 17:14:30,0
2026-01-27 17:14:31,0
2026-01-27 17:14:32,0
2026-01-27 17:14:33,0
2026-01-27 17:14:34,0
2026-01-27 17:14:35,0
2026-01-27 17:14:36,0
2026-01-27 17:14:37,0
2026-01-27 17:14:38,0
2026-01-27 17:14:39,0
2026-01-27 17:14:40,0
2026-01-27 17:14:41,0
2026-01-27 17:14:42,0
2026-01-27 17:14:43,0
2026-01-27 17:15:09,3.09
2026-01-27 17:15:10,3.09
2026-01-27 17:15:11,3.09
2026-01-27 17:15:12,3.09
2026-01-27 17:15:13,3.09
2026-01-27 17:15:14,9.01
2026-01-27 17:15:15,9.01
2026-01-27 17:15:16,9.01
2026-01-27 17:15:17,9.01
2026-01-27 17:15:18,9.01
2026-01-27 17:15:19,11.0
2026-01-27 17:15:20,11.0
2026-01-27 17:15:21,11.0
2026-01-27 17:15:22,11.0
2026-01-27 17:15:23,11.0
2026-01-27 17:15:24,8.82
2026-01-27 17:15:25,8.82
2026-01-27 17:15:26,8.82
2026-01-27 17:15:27,8.82
2026-01-27 17:15:28,8.82
2026-01-27 17:15:29,9.64
2026-01-27 17:15:30,9.64
2026-01-27 17:15:31,9.64
2026-01-27 17:15:32,9.64
2026-01-27 17:15:33,9.64
2026-01-27 17:15:34,10.9
2026-01-27 17:15:35,10.9
2026-01-27 17:15:36,10.9
2026-01-27 17:15:37,10.9
2026-01-27 17:15:38,10.9
2026-01-27 17:15:39,10.2
2026-01-27 17:15:40,10.2
2026-01-27 17:15:41,10.2
2026-01-27 17:15:42,10.2
2026-01-27 17:15:43,10.2
2026-01-27 17:15:44,10.7
2026-01-27 17:15:45,10.7
2026-01-27 17:15:46,10.7
2026-01-27 17:15:47,10.7
2026-01-27 17:15:48,10.7
2026-01-27 17:15:49,9.70
2026-01-27 17:15:50,9.70
2026-01-27 17:15:51,9.70
2026-01-27 17:15:52,9.70
2026-01-27 17:15:53,9.70
2026-01-27 17:15:54,12.1
2026-01-27 17:15:55,12.1
2026-01-27 17:15:56,12.1
2026-01-27 17:15:57,12.1
2026-01-27 17:15:58,12.1
2026-01-27 17:15:59,9.75
2026-01-27 17:16:00,9.75
2026-01-27 17:16:01,9.75
2026-01-27 17:16:02,9.75
2026-01-27 17:16:03,9.75
2026-01-27 17:16:04,9.30
2026-01-27 17:16:05,9.30
2026-01-27 17:16:06,9.30
2026-01-27 17:16:07,9.30
2026-01-27 17:16:08,9.30
2026-01-27 17:16:09,8.75
2026-01-27 17:16:10,8.75
2026-01-27 17:16:11,8.75
2026-01-27 17:16:12,8.75
2026-01-27 17:16:13,8.75
2026-01-27 17:16:14,9.20
2026-01-27 17:16:15,9.20
2026-01-27 17:16:16,9.20
2026-01-27 17:16:17,9.20
2026-01-27 17:16:18,9.20
2026-01-27 17:16:19,8.17
2026-01-27 17:16:20,8.17
2026-01-27 17:16:21,8.17
2026-01-27 17:16:22,8.17
2026-01-27 17:16:23,8.17
2026-01-27 17:16:24,9.38
2026-01-27 17:16:25,9.38
2026-01-27 17:16:26,9.38
2026-01-27 17:16:27,9.38
2026-01-27 17:16:28,9.38
2026-01-27 17:16:29,7.77
2026-01-27 17:16:30,7.77
2026-01-27 17:16:31,7.77
2026-01-27 17:16:32,7.77
2026-01-27 17:16:33,7.77
2026-01-27 17:16:34,8.61
2026-01-27 17:16:35,8.61
2026-01-27 17:16:36,8.61
2026-01-27 17:16:37,8.61
2026-01-27 17:16:38,8.61
2026-01-27 17:16:39,7.89
2026-01-27 17:16:40,7.89
2026-01-27 17:16:41,7.89
2026-01-27 17:16:42,7.89
2026-01-27 17:16:43,7.89
2026-01-27 17:16:44,8.82
2026-01-27 17:16:45,8.82
2026-01-27 17:16:46,8.82
2026-01-27 17:16:47,8.82
2026-01-27 17:16:48,8.82
2026-01-27 17:16:49,8.01
2026-01-27 17:16:50,8.01
2026-01-27 17:16:51,8.01
2026-01-27 17:16:52,8.01
2026-01-27 17:16:53,8.01
2026-01-27 17:16:54,8.44
2026-01-27 17:16:55,8.44
2026-01-27 17:16:56,8.44
2026-01-27 17:16:57,8.44
2026-01-27 17:16:58,8.44
2026-01-27 17:16:59,7.62
2026-01-27 17:17:00,7.62
2026-01-27 17:17:01,7.62
2026-01-27 17:17:02,7.62
2026-01-27 17:17:03,7.62
2026-01-27 17:17:04,8.24
2026-01-27 17:17:05,8.24
2026-01-27 17:17:06,8.24
2026-01-27 17:17:07,8.24
2026-01-27 17:17:08,8.24
2026-01-27 17:17:09,7.64
2026-01-27 17:17:10,7.64
2026-01-27 17:17:11,7.64
2026-01-27 17:17:12,7.64
2026-01-27 17:17:13,7.64
2026-01-27 17:17:14,7.68
2026-01-27 17:17:15,7.68
2026-01-27 17:17:16,7.68
2026-01-27 17:17:17,7.68
2026-01-27 17:17:18,7.68
2026-01-27 17:17:19,7.74
2026-01-27 17:17:20,7.74
2026-01-27 17:17:21,7.74
2026-01-27 17:17:22,7.74
2026-01-27 17:17:23,7.74
2026-01-27 17:17:24,8.40
2026-01-27 17:17:25,8.40
2026-01-27 17:17:26,8.40
2026-01-27 17:17:27,8.40
2026-01-27 17:17:28,8.40
2026-01-27 17:17:29,7.75
2026-01-27 17:17:30,7.75
2026-01-27 17:17:31,7.75
2026-01-27 17:17:32,7.75
2026-01-27 17:17:33,7.75
2026-01-27 17:17:34,8.57
2026-01-27 17:17:35,8.57
2026-01-27 17:17:36,8.57
2026-01-27 17:17:37,8.57
2026-01-27 17:17:38,8.57
2026-01-27 17:17:39,7.68
2026-01-27 17:17:40,7.68
2026-01-27 17:17:41,7.68
2026-01-27 17:17:42,7.68
2026-01-27 17:17:43,7.68
2026-01-27 17:17:44,8.36
2026-01-27 17:17:45,8.36
2026-01-27 17:17:46,8.36
2026-01-27 17:17:47,8.36
2026-01-27 17:17:48,8.36
2026-01-27 17:17:49,8.19
2026-01-27 17:17:50,8.19
2026-01-27 17:17:51,8.19
2026-01-27 17:17:52,8.19
2026-01-27 17:17:53,8.19
2026-01-27 17:17:54,8.64
2026-01-27 17:17:55,8.64
2026-01-27 17:17:56,8.64
2026-01-27 17:17:57,8.64
2026-01-27 17:17:58,8.64
2026-01-27 17:17:59,7.55
2026-01-27 17:18:00,7.55
2026-01-27 17:18:01,7.55
2026-01-27 17:18:02,7.55
2026-01-27 17:18:03,7.55
2026-01-27 17:18:04,8.21
2026-01-27 17:18:05,8.21
2026-01-27 17:18:06,8.21
2026-01-27 17:18:07,8.21
2026-01-27 17:18:08,8.21
2026-01-27 17:18:09,7.55
2026-01-27 17:18:10,7.55
2026-01-27 17:18:11,7.55
2026-01-27 17:18:12,7.55
2026-01-27 17:18:13,7.55
2026-01-27 17:18:14,7.61
2026-01-27 17:18:15,7.61
2026-01-27 17:18:16,7.61
2026-01-27 17:18:17,7.61
2026-01-27 17:18:18,7.61
2026-01-27 17:18:19,7.51
2026-01-27 17:18:20,7.51
2026-01-27 17:18:21,7.51
2026-01-27 17:18:22,7.51
2026-01-27 17:18:23,7.51
2026-01-27 17:18:24,8.14
2026-01-27 17:18:25,8.14
2026-01-27 17:18:26,8.14
2026-01-27 17:18:27,8.14
2026-01-27 17:18:28,8.14
2026-01-27 17:18:29,7.77
2026-01-27 17:18:30,7.77
2026-01-27 17:18:31,7.77
2026-01-27 17:18:32,7.77
2026-01-27 17:18:33,7.77
2026-01-27 17:18:34,8.85
2026-01-27 17:18:35,8.85
2026-01-27 17:18:36,8.85
2026-01-27 17:18:37,8.85
2026-01-27 17:18:38,8.85
2026-01-27 17:18:39,8.64
2026-01-27 17:18:40,8.64
2026-01-27 17:18:41,8.64
2026-01-27 17:18:42,8.64
2026-01-27 17:18:43,8.64
2026-01-27 17:18:44,7.25
2026-01-27 17:18:45,7.25
2026-01-27 17:18:46,7.25
2026-01-27 17:18:47,7.25
2026-01-27 17:18:48,7.25
2026-01-27 17:18:49,6.68
2026-01-27 17:18:50,6.68
2026-01-27 17:18:51,6.68
2026-01-27 17:18:52,6.68
2026-01-27 17:18:53,6.68
2026-01-27 17:18:54,7.39
2026-01-27 17:18:55,7.39
2026-01-27 17:18:56,7.39
2026-01-27 17:18:57,7.39
2026-01-27 17:18:58,7.39
2026-01-27 17:18:59,6.49
2026-01-27 17:19:00,6.49
2026-01-27 17:19:01,6.49
2026-01-27 17:19:02,6.49
2026-01-27 17:19:03,6.49
2026-01-27 17:19:04,8.43
2026-01-27 17:19:05,8.43
2026-01-27 17:19:06,8.43
2026-01-27 17:19:07,8.43
2026-01-27 17:19:08,8.43
2026-01-27 17:19:09,7.71
2026-01-27 17:19:10,7.71
2026-01-27 17:19:11,7.71
2026-01-27 17:19:12,7.71
2026-01-27 17:19:13,7.71
2026-01-27 17:19:14,7.62
2026-01-27 17:19:15,7.62
2026-01-27 17:19:16,7.62
2026-01-27 17:19:17,7.62
2026-01-27 17:19:18,7.62
2026-01-27 17:19:19,7.54
2026-01-27 17:19:20,7.54
2026-01-27 17:19:21,7.54
2026-01-27 17:19:22,7.54
2026-01-27 17:19:23,7.54
2026-01-27 17:19:24,8.18
2026-01-27 17:19:25,8.18
2026-01-27 17:19:26,8.18
2026-01-27 17:19:27,8.18
2026-01-27 17:19:28,8.18
2026-01-27 17:19:29,7.79
2026-01-27 17:19:30,7.79
2026-01-27 17:19:31,7.79
2026-01-27 17:19:32,7.79
2026-01-27 17:19:33,7.79
2026-01-27 17:19:34,8.77
2026-01-27 17:19:35,8.77
2026-01-27 17:19:36,8.77
2026-01-27 17:19:37,8.77
2026-01-27 17:19:38,8.77
2026-01-27 17:19:39,7.69
2026-01-27 17:19:40,7.69
2026-01-27 17:19:41,7.69
2026-01-27 17:19:42,7.69
2026-01-27 17:19:43,7.69
2026-01-27 17:19:44,8.06
2026-01-27 17:19:45,8.06
2026-01-27 17:19:46,8.06
2026-01-27 17:19:47,8.06
2026-01-27 17:19:48,8.06
2026-01-27 17:19:49,7.66
2026-01-27 17:19:50,7.66
2026-01-27 17:19:51,7.66
2026-01-27 17:19:52,7.66
2026-01-27 17:19:53,7.66
2026-01-27 17:19:54,7.67
2026-01-27 17:19:55,7.67
2026-01-27 17:19:56,7.67
2026-01-27 17:19:57,7.67
2026-01-27 17:19:58,7.67
2026-01-27 17:19:59,9.29
2026-01-27 17:20:00,9.29
2026-01-27 17:20:01,9.29
2026-01-27 17:20:02,9.29
2026-01-27 17:20:03,9.29
2026-01-27 17:20:04,9.49
2026-01-27 17:20:05,9.49
2026-01-27 17:20:06,9.49
2026-01-27 17:20:07,9.49
2026-01-27 17:20:08,9.49
2026-01-27 17:20:09,8.42
2026-01-27 17:20:10,8.42
2026-01-27 17:20:11,8.42
2026-01-27 17:20:12,8.42
2026-01-27 17:20:13,8.42
2026-01-27 17:20:14,8.46
2026-01-27 17:20:15,8.46
2026-01-27 17:20:16,8.46
2026-01-27 17:20:17,8.46
2026-01-27 17:20:18,8.46
2026-01-27 17:20:19,8.47
2026-01-27 17:20:20,8.47
2026-01-27 17:20:21,8.47
2026-01-27 17:20:22,8.47
2026-01-27 17:20:23,8.47
2026-01-27 17:20:24,9.05
2026-01-27 17:20:25,9.05
2026-01-27 17:20:26,9.05
2026-01-27 17:20:27,9.05
2026-01-27 17:20:28,9.05
2026-01-27 17:20:29,8.46
2026-01-27 17:20:30,8.46
2026-01-27 17:20:31,8.46
2026-01-27 17:20:32,8.46
2026-01-27 17:20:33,8.46
2026-01-27 17:20:34,9.41
2026-01-27 17:20:35,9.41
2026-01-27 17:20:36,9.41
2026-01-27 17:20:37,9.41
2026-01-27 17:20:38,9.41
2026-01-27 17:20:39,8.62
2026-01-27 17:20:40,8.62
2026-01-27 17:20:41,8.62
2026-01-27 17:20:42,8.62
2026-01-27 17:20:43,8.62
2026-01-27 17:20:44,9.39
2026-01-27 17:20:45,9.39
2026-01-27 17:20:46,9.39
2026-01-27 17:20:47,9.39
2026-01-27 17:20:48,9.39
2026-01-27 17:20:49,8.44
2026-01-27 17:20:50,8.44
2026-01-27 17:20:51,8.44
2026-01-27 17:20:52,8.44
2026-01-27 17:20:53,8.44
2026-01-27 17:20:54,9.16
2026-01-27 17:20:55,9.16
2026-01-27 17:20:56,9.16
2026-01-27 17:20:57,9.16
2026-01-27 17:20:58,9.16
2026-01-27 17:20:59,8.55
2026-01-27 17:21:00,8.55
2026-01-27 17:21:01,8.55
2026-01-27 17:21:02,8.55
2026-01-27 17:21:03,8.55
2026-01-27 17:21:04,9.53
2026-01-27 17:21:05,9.53
2026-01-27 17:21:06,9.53
2026-01-27 17:21:07,9.53
2026-01-27 17:21:08,9.53
2026-01-27 17:21:09,10.4
2026-01-27 17:21:10,10.4
2026-01-27 17:21:11,10.4
2026-01-27 17:21:12,10.4
2026-01-27 17:21:13,10.4
2026-01-27 17:21:14,7.80
2026-01-27 17:21:15,7.80
2026-01-27 17:21:16,7.80
2026-01-27 17:21:17,7.80
2026-01-27 17:21:18,7.80
2026-01-27 17:21:19,6.49
2026-01-27 17:21:20,6.49
2026-01-27 17:21:21,6.49
2026-01-27 17:21:22,6.49
2026-01-27 17:21:23,6.49
2026-01-27 17:21:24,7.29
2026-01-27 17:21:25,7.29
2026-01-27 17:21:26,7.29
2026-01-27 17:21:27,7.29
2026-01-27 17:21:28,7.29
2026-01-27 17:21:29,6.79
2026-01-27 17:21:30,6.79
2026-01-27 17:21:31,6.79
2026-01-27 17:21:32,6.79
2026-01-27 17:21:33,6.79
2026-01-27 17:21:34,0
2026-01-27 17:21:35,0
2026-01-27 17:21:36,0
2026-01-27 17:21:37,0
2026-01-27 17:21:38,0
2026-01-27 17:21:39,0
2026-01-27 17:21:40,0
2026-01-27 17:21:41,0
2026-01-27 17:21:42,0
2026-01-27 17:21:43,0
2026-01-27 17:21:44,0
2026-01-27 17:21:45,0
2026-01-27 17:21:46,0
2026-01-27 17:21:47,0
2026-01-27 17:21:48,0
2026-01-27 17:21:49,0
2026-01-27 17:21:50,0
2026-01-27 17:21:51,0
2026-01-27 17:21:52,0
2026-01-27 17:21:53,0
2026-01-27 17:21:54,0
2026-01-27 17:21:55,0
2026-01-27 17:21:56,0
2026-01-27 17:21:57,0
2026-01-27 17:21:58,0
2026-01-27 17:21:59,0
2026-01-27 17:22:00,0
2026-01-27 17:22:01,0
2026-01-27 17:22:02,0
2026-01-27 17:22:03,0
2026-01-27 17:22:04,0
2026-01-27 17:22:05,0
2026-01-27 17:22:06,0
2026-01-27 17:22:07,0
2026-01-27 17:22:08,0
2026-01-27 17:22:09,0
2026-01-27 17:22:10,0
2026-01-27 17:22:11,0
2026-01-27 17:22:12,0
2026-01-27 17:22:13,0
2026-01-27 17:22:14,0
2026-01-27 17:22:15,0
2026-01-27 17:22:16,0
2026-01-27 17:22:17,0
2026-01-27 17:22:18,0
2026-01-27 17:22:19,0
2026-01-27 17:22:20,0
2026-01-27 17:22:21,0
2026-01-27 17:22:22,0
2026-01-27 17:22:23,0
2026-01-27 17:22:24,0
2026-01-27 17:22:25,0
2026-01-27 17:22:26,0
2026-01-27 17:22:27,0
2026-01-27 17:22:28,0
2026-01-27 17:22:29,0
2026-01-27 17:22:30,0
2026-01-27 17:22:31,0
2026-01-27 17:22:32,0
2026-01-27 17:22:33,0
2026-01-27 17:22:34,0
2026-01-27 17:22:35,0
2026-01-27 17:22:36,0
2026-01-27 17:22:37,0
2026-01-27 17:22:38,0
2026-01-27 17:22:39,0
2026-01-27 17:22:40,0
2026-01-27 17:22:41,0
2026-01-27 17:22:42,0
2026-01-27 17:22:43,0
2026-01-27 17:22:44,0
2026-01-27 17:22:45,0
2026-01-27 17:22:46,0
2026-01-27 17:22:47,0
2026-01-27 17:22:48,0
2026-01-27 17:22:49,0
2026-01-27 17:22:50,0
2026-01-27 17:22:51,0
2026-01-27 17:22:52,0
2026-01-27 17:22:53,0
2026-01-27 17:22:54,0
2026-01-27 17:22:55,0
2026-01-27 17:22:56,0
2026-01-27 17:22:57,0
2026-01-27 17:22:58,0
2026-01-27 17:22:59,0
2026-01-27 17:23:00,0
2026-01-27 17:23:01,0
2026-01-27 17:23:02,0
2026-01-27 17:23:03,0
2026-01-27 17:23:04,0
2026-01-27 17:23:05,0
2026-01-27 17:23:06,0
2026-01-27 17:23:07,0
2026-01-27 17:23:08,0
2026-01-27 17:23:44,0.935
2026-01-27 17:23:45,0.935
2026-01-27 17:23:46,0.935
2026-01-27 17:23:47,0.935
2026-01-27 17:23:48,0.935
2026-01-27 17:23:49,4.66
2026-01-27 17:23:50,4.66
2026-01-27 17:23:51,4.66
2026-01-27 17:23:52,4.66
2026-01-27 17:23:53,4.66
2026-01-27 17:23:54,9.45
2026-01-27 17:23:55,9.45
2026-01-27 17:23:56,9.45
2026-01-27 17:23:57,9.45
2026-01-27 17:23:58,9.45
2026-01-27 17:23:59,7.13
2026-01-27 17:24:00,7.13
2026-01-27 17:24:01,7.13
2026-01-27 17:24:02,7.13
2026-01-27 17:24:03,7.13
2026-01-27 17:24:04,6.28
2026-01-27 17:24:05,6.28
2026-01-27 17:24:06,6.28
2026-01-27 17:24:07,6.28
2026-01-27 17:24:08,6.28
2026-01-27 17:24:09,4.57
2026-01-27 17:24:10,4.57
2026-01-27 17:24:11,4.57
2026-01-27 17:24:12,4.57
2026-01-27 17:24:13,4.57
2026-01-27 17:24:14,6.73
2026-01-27 17:24:15,6.73
2026-01-27 17:24:16,6.73
2026-01-27 17:24:17,6.73
2026-01-27 17:24:18,6.73
2026-01-27 17:24:19,7.52
2026-01-27 17:24:20,7.52
2026-01-27 17:24:21,7.52
2026-01-27 17:24:22,7.52
2026-01-27 17:24:23,7.52
2026-01-27 17:24:24,7.67
2026-01-27 17:24:25,7.67
2026-01-27 17:24:26,7.67
2026-01-27 17:24:27,7.67
2026-01-27 17:24:28,7.67
2026-01-27 17:24:29,6.58
2026-01-27 17:24:30,6.58
2026-01-27 17:24:31,6.58
2026-01-27 17:24:32,6.58
2026-01-27 17:24:33,6.58
2026-01-27 17:24:34,7.54
2026-01-27 17:24:35,7.54
2026-01-27 17:24:36,7.54
2026-01-27 17:24:37,7.54
2026-01-27 17:24:38,7.54
2026-01-27 17:24:39,6.52
2026-01-27 17:24:40,6.52
2026-01-27 17:24:41,6.52
2026-01-27 17:24:42,6.52
2026-01-27 17:24:43,6.52
2026-01-27 17:24:44,6.73
2026-01-27 17:24:45,6.73
2026-01-27 17:24:46,6.73
2026-01-27 17:24:47,6.73
2026-01-27 17:24:48,6.73
2026-01-27 17:24:49,8.29
2026-01-27 17:24:50,8.29
2026-01-27 17:24:51,8.29
2026-01-27 17:24:52,8.29
2026-01-27 17:24:53,8.29
2026-01-27 17:24:54,8.94
2026-01-27 17:24:55,8.94
2026-01-27 17:24:56,8.94
2026-01-27 17:24:57,8.94
2026-01-27 17:24:58,8.94
2026-01-27 17:24:59,6.58
2026-01-27 17:25:00,6.58
2026-01-27 17:25:01,6.58
2026-01-27 17:25:02,6.58
2026-01-27 17:25:03,6.58
2026-01-27 17:25:04,7.49
2026-01-27 17:25:05,7.49
2026-01-27 17:25:06,7.49
2026-01-27 17:25:07,7.49
2026-01-27 17:25:08,7.49
2026-01-27 17:25:09,6.42
2026-01-27 17:25:10,6.42
2026-01-27 17:25:11,6.42
2026-01-27 17:25:12,6.42
2026-01-27 17:25:13,6.42
2026-01-27 17:25:14,7.75
2026-01-27 17:25:15,7.75
2026-01-27 17:25:16,7.75
2026-01-27 17:25:17,7.75
2026-01-27 17:25:18,7.75
2026-01-27 17:25:19,7.80
2026-01-27 17:25:20,7.80
2026-01-27 17:25:21,7.80
2026-01-27 17:25:22,7.80
2026-01-27 17:25:23,7.80
2026-01-27 17:25:24,9.08
2026-01-27 17:25:25,9.08
2026-01-27 17:25:26,9.08
2026-01-27 17:25:27,9.08
2026-01-27 17:25:28,9.08
2026-01-27 17:25:29,8.05
2026-01-27 17:25:30,8.05
2026-01-27 17:25:31,8.05
2026-01-27 17:25:32,8.05
2026-01-27 17:25:33,8.05
2026-01-27 17:25:34,8.62
2026-01-27 17:25:35,8.62
2026-01-27 17:25:36,8.62
2026-01-27 17:25:37,8.62
2026-01-27 17:25:38,8.62
2026-01-27 17:25:39,7.62
2026-01-27 17:25:40,7.62
2026-01-27 17:25:41,7.62
2026-01-27 17:25:42,7.62
2026-01-27 17:25:43,7.62
2026-01-27 17:25:44,8.11
2026-01-27 17:25:45,8.11
2026-01-27 17:25:46,8.11
2026-01-27 17:25:47,8.11
2026-01-27 17:25:48,8.11
2026-01-27 17:25:49,7.55
2026-01-27 17:25:50,7.55
2026-01-27 17:25:51,7.55
2026-01-27 17:25:52,7.55
2026-01-27 17:25:53,7.55
2026-01-27 17:25:54,8.26
2026-01-27 17:25:55,8.26
2026-01-27 17:25:56,8.26
2026-01-27 17:25:57,8.26
2026-01-27 17:25:58,8.26
2026-01-27 17:25:59,7.79
2026-01-27 17:26:00,7.79
2026-01-27 17:26:01,7.79
2026-01-27 17:26:02,7.79
2026-01-27 17:26:03,7.79
2026-01-27 17:26:04,8.49
2026-01-27 17:26:05,8.49
2026-01-27 17:26:06,8.49
2026-01-27 17:26:07,8.49
2026-01-27 17:26:08,8.49
2026-01-27 17:26:09,7.58
2026-01-27 17:26:10,7.58
2026-01-27 17:26:11,7.58
2026-01-27 17:26:12,7.58
2026-01-27 17:26:13,7.58
2026-01-27 17:26:14,7.62
2026-01-27 17:26:15,7.62
2026-01-27 17:26:16,7.62
2026-01-27 17:26:17,7.62
2026-01-27 17:26:18,7.62
2026-01-27 17:26:19,7.66
2026-01-27 17:26:20,7.66
2026-01-27 17:26:21,7.66
2026-01-27 17:26:22,7.66
2026-01-27 17:26:23,7.66
2026-01-27 17:26:24,8.61
2026-01-27 17:26:25,8.61
2026-01-27 17:26:26,8.61
2026-01-27 17:26:27,8.61
2026-01-27 17:26:28,8.61
2026-01-27 17:26:29,8.25
2026-01-27 17:26:30,8.25
2026-01-27 17:26:31,8.25
2026-01-27 17:26:32,8.25
2026-01-27 17:26:33,8.25
2026-01-27 17:26:34,9.06
2026-01-27 17:26:35,9.06
2026-01-27 17:26:36,9.06
2026-01-27 17:26:37,9.06
2026-01-27 17:26:38,9.06
2026-01-27 17:26:39,7.07
2026-01-27 17:26:40,7.07
2026-01-27 17:26:41,7.07
2026-01-27 17:26:42,7.07
2026-01-27 17:26:43,7.07
2026-01-27 17:26:44,9.55
2026-01-27 17:26:45,9.55
2026-01-27 17:26:46,9.55
2026-01-27 17:26:47,9.55
2026-01-27 17:26:48,9.55
2026-01-27 17:26:49,8.97
2026-01-27 17:26:50,8.97
2026-01-27 17:26:51,8.97
2026-01-27 17:26:52,8.97
2026-01-27 17:26:53,8.97
2026-01-27 17:26:54,9.41
2026-01-27 17:26:55,9.41
2026-01-27 17:26:56,9.41
2026-01-27 17:26:57,9.41
2026-01-27 17:26:58,9.41
2026-01-27 17:26:59,8.52
2026-01-27 17:27:00,8.52
2026-01-27 17:27:01,8.52
2026-01-27 17:27:02,8.52
2026-01-27 17:27:03,8.52
2026-01-27 17:27:04,9.29
2026-01-27 17:27:05,9.29
2026-01-27 17:27:06,9.29
2026-01-27 17:27:07,9.29
2026-01-27 17:27:08,9.29
2026-01-27 17:27:09,8.74
2026-01-27 17:27:10,8.74
2026-01-27 17:27:11,8.74
2026-01-27 17:27:12,8.74
2026-01-27 17:27:13,8.74
2026-01-27 17:27:14,8.75
2026-01-27 17:27:15,8.75
2026-01-27 17:27:16,8.75
2026-01-27 17:27:17,8.75
2026-01-27 17:27:18,8.75
2026-01-27 17:27:19,8.64
2026-01-27 17:27:20,8.64
2026-01-27 17:27:21,8.64
2026-01-27 17:27:22,8.64
2026-01-27 17:27:23,8.64
2026-01-27 17:27:24,9.35
2026-01-27 17:27:25,9.35
2026-01-27 17:27:26,9.35
2026-01-27 17:27:27,9.35
2026-01-27 17:27:28,9.35
2026-01-27 17:27:29,8.82
2026-01-27 17:27:30,8.82
2026-01-27 17:27:31,8.82
2026-01-27 17:27:32,8.82
2026-01-27 17:27:33,8.82
2026-01-27 17:27:34,10.1
2026-01-27 17:27:35,10.1
2026-01-27 17:27:36,10.1
2026-01-27 17:27:37,10.1
2026-01-27 17:27:38,10.1
2026-01-27 17:27:39,9.01
2026-01-27 17:27:40,9.01
2026-01-27 17:27:41,9.01
2026-01-27 17:27:42,9.01
2026-01-27 17:27:43,9.01
2026-01-27 17:27:44,9.21
2026-01-27 17:27:45,9.21
2026-01-27 17:27:46,9.21
2026-01-27 17:27:47,9.21
2026-01-27 17:27:48,9.21
2026-01-27 17:27:49,8.30
2026-01-27 17:27:50,8.30
2026-01-27 17:27:51,8.30
2026-01-27 17:27:52,8.30
2026-01-27 17:27:53,8.30
2026-01-27 17:27:54,10.7
2026-01-27 17:27:55,10.7
2026-01-27 17:27:56,10.7
2026-01-27 17:27:57,10.7
2026-01-27 17:27:58,10.7
2026-01-27 17:27:59,9.38
2026-01-27 17:28:00,9.38
2026-01-27 17:28:01,9.38
2026-01-27 17:28:02,9.38
2026-01-27 17:28:03,9.38
2026-01-27 17:28:04,10.2
2026-01-27 17:28:05,10.2
2026-01-27 17:28:06,10.2
2026-01-27 17:28:07,10.2
2026-01-27 17:28:08,10.2
2026-01-27 17:28:09,9.49
2026-01-27 17:28:10,9.49
2026-01-27 17:28:11,9.49
2026-01-27 17:28:12,9.49
2026-01-27 17:28:13,9.49
2026-01-27 17:28:14,9.60
2026-01-27 17:28:15,9.60
2026-01-27 17:28:16,9.60
2026-01-27 17:28:17,9.60
2026-01-27 17:28:18,9.60
2026-01-27 17:28:19,9.48
2026-01-27 17:28:20,9.48
2026-01-27 17:28:21,9.48
2026-01-27 17:28:22,9.48
2026-01-27 17:28:23,9.48
2026-01-27 17:28:24,12.0
2026-01-27 17:28:25,12.0
2026-01-27 17:28:26,12.0
2026-01-27 17:28:27,12.0
2026-01-27 17:28:28,12.0
2026-01-27 17:28:29,9.87
2026-01-27 17:28:30,9.87
2026-01-27 17:28:31,9.87
2026-01-27 17:28:32,9.87
2026-01-27 17:28:33,9.87
2026-01-27 17:28:34,9.48
2026-01-27 17:28:35,9.48
2026-01-27 17:28:36,9.48
2026-01-27 17:28:37,9.48
2026-01-27 17:28:38,9.48
2026-01-27 17:28:39,8.89
2026-01-27 17:28:40,8.89
2026-01-27 17:28:41,8.89
2026-01-27 17:28:42,8.89
2026-01-27 17:28:43,8.89
2026-01-27 17:28:44,9.54
2026-01-27 17:28:45,9.54
2026-01-27 17:28:46,9.54
2026-01-27 17:28:47,9.54
2026-01-27 17:28:48,9.54
2026-01-27 17:28:49,8.42
2026-01-27 17:28:50,8.42
2026-01-27 17:28:51,8.42
2026-01-27 17:28:52,8.42
2026-01-27 17:28:53,8.42
2026-01-27 17:28:54,9.28
2026-01-27 17:28:55,9.28
2026-01-27 17:28:56,9.28
2026-01-27 17:28:57,9.28
2026-01-27 17:28:58,9.28
2026-01-27 17:28:59,8.45
2026-01-27 17:29:00,8.45
2026-01-27 17:29:01,8.45
2026-01-27 17:29:02,8.45
2026-01-27 17:29:03,8.45
2026-01-27 17:29:04,9.05
2026-01-27 17:29:05,9.05
2026-01-27 17:29:06,9.05
2026-01-27 17:29:07,9.05
2026-01-27 17:29:08,9.05
2026-01-27 17:29:09,9.37
2026-01-27 17:29:10,9.37
2026-01-27 17:29:11,9.37
2026-01-27 17:29:12,9.37
2026-01-27 17:29:13,9.37
2026-01-27 17:29:14,7.55
2026-01-27 17:29:15,7.55
2026-01-27 17:29:16,7.55
2026-01-27 17:29:17,7.55
2026-01-27 17:29:18,7.55
2026-01-27 17:29:19,7.68
2026-01-27 17:29:20,7.68
2026-01-27 17:29:21,7.68
2026-01-27 17:29:22,7.68
2026-01-27 17:29:23,7.68
2026-01-27 17:29:24,8.65
2026-01-27 17:29:25,8.65
2026-01-27 17:29:26,8.65
2026-01-27 17:29:27,8.65
2026-01-27 17:29:28,8.65
2026-01-27 17:29:29,7.96
2026-01-27 17:29:30,7.96
2026-01-27 17:29:31,7.96
2026-01-27 17:29:32,7.96
2026-01-27 17:29:33,7.96
2026-01-27 17:29:34,8.52
2026-01-27 17:29:35,8.52
2026-01-27 17:29:36,8.52
2026-01-27 17:29:37,8.52
2026-01-27 17:29:38,8.52
2026-01-27 17:29:39,7.63
2026-01-27 17:29:40,7.63
2026-01-27 17:29:41,7.63
2026-01-27 17:29:42,7.63
2026-01-27 17:29:43,7.63
2026-01-27 17:29:44,8.51
2026-01-27 17:29:45,8.51
2026-01-27 17:29:46,8.51
2026-01-27 17:29:47,8.51
2026-01-27 17:29:48,8.51
2026-01-27 17:29:49,8.17
2026-01-27 17:29:50,8.17
2026-01-27 17:29:51,8.17
2026-01-27 17:29:52,8.17
2026-01-27 17:29:53,8.17
2026-01-27 17:29:54,10.4
2026-01-27 17:29:55,10.4
2026-01-27 17:29:56,10.4
2026-01-27 17:29:57,10.4
2026-01-27 17:29:58,10.4
2026-01-27 17:29:59,7.87
2026-01-27 17:30:00,7.87
2026-01-27 17:30:01,7.87
2026-01-27 17:30:02,7.87
2026-01-27 17:30:03,7.87
2026-01-27 17:30:04,0
2026-01-27 17:30:05,0
2026-01-27 17:30:06,0
2026-01-27 17:30:07,0
2026-01-27 17:30:08,0
2026-01-27 17:30:09,0
2026-01-27 17:30:10,0
2026-01-27 17:30:11,0
2026-01-27 17:30:12,0
2026-01-27 17:30:13,0
2026-01-27 17:30:14,0
2026-01-27 17:30:15,0
2026-01-27 17:30:16,0
2026-01-27 17:30:17,0
2026-01-27 17:30:18,0
2026-01-27 17:30:19,0
2026-01-27 17:30:20,0
2026-01-27 17:30:21,0
2026-01-27 17:30:22,0
2026-01-27 17:30:23,0
2026-01-27 17:30:24,0
2026-01-27 17:30:25,0
2026-01-27 17:30:26,0
2026-01-27 17:30:27,0
2026-01-27 17:30:28,0
2026-01-27 17:30:29,0
2026-01-27 17:30:30,0
2026-01-27 17:30:31,0
2026-01-27 17:30:32,0
2026-01-27 17:30:33,0
2026-01-27 17:30:34,0
2026-01-27 17:30:35,0
2026-01-27 17:30:36,0
2026-01-27 17:30:37,0
2026-01-27 17:30:38,0
2026-01-27 17:30:39,0
2026-01-27 17:30:40,0
2026-01-27 17:30:41,0
2026-01-27 17:30:42,0
2026-01-27 17:30:43,0
2026-01-27 17:30:44,0
2026-01-27 17:30:45,0
2026-01-27 17:30:46,0
2026-01-27 17:30:47,0
2026-01-27 17:30:48,0
2026-01-27 17:30:49,0
2026-01-27 17:30:50,0
2026-01-27 17:30:51,0
2026-01-27 17:30:52,0
2026-01-27 17:30:53,0
2026-01-27 17:30:54,0
2026-01-27 17:30:55,0
2026-01-27 17:30:56,0
2026-01-27 17:30:57,0
2026-01-27 17:30:58,0
2026-01-27 17:30:59,0
2026-01-27 17:31:00,0
2026-01-27 17:31:01,0
2026-01-27 17:31:02,0
2026-01-27 17:31:03,0
2026-01-27 17:31:04,0
2026-01-27 17:31:05,0
2026-01-27 17:31:06,0
2026-01-27 17:31:07,0
2026-01-27 17:31:08,0
2026-01-27 17:31:09,0
2026-01-27 17:31:10,0
2026-01-27 17:31:11,0
2026-01-27 17:31:12,0
2026-01-27 17:31:13,0
2026-01-27 17:31:14,0
2026-01-27 17:31:15,0
2026-01-27 17:31:16,0
2026-01-27 17:31:17,0
2026-01-27 17:31:18,0
2026-01-27 17:31:19,0
2026-01-27 17:31:20,0
2026-01-27 17:31:21,0
2026-01-27 17:31:22,0
2026-01-27 17:31:23,0
2026-01-27 17:31:24,0
2026-01-27 17:31:25,0
2026-01-27 17:31:26,0
2026-01-27 17:31:27,0
2026-01-27 17:31:28,0
2026-01-27 17:31:29,0
2026-01-27 17:31:30,0
2026-01-27 17:31:31,0
2026-01-27 17:31:32,0
2026-01-27 17:31:33,0
2026-01-27 17:31:34,0
2026-01-27 17:31:35,0
2026-01-27 17:31:36,0
2026-01-27 17:31:37,0
2026-01-27 17:31:38,0
2026-01-27 17:32:59,4.46
2026-01-27 17:33:00,4.46
2026-01-27 17:33:01,4.46
2026-01-27 17:33:02,4.46
2026-01-27 17:33:03,4.46
2026-01-27 17:33:04,8.74
2026-01-27 17:33:05,8.74
2026-01-27 17:33:06,8.74
2026-01-27 17:33:07,8.74
2026-01-27 17:33:08,8.74
2026-01-27 17:33:09,7.85
2026-01-27 17:33:10,7.85
2026-01-27 17:33:11,7.85
2026-01-27 17:33:12,7.85
2026-01-27 17:33:13,7.85
2026-01-27 17:33:14,7.65
2026-01-27 17:33:15,7.65
2026-01-27 17:33:16,7.65
2026-01-27 17:33:17,7.65
2026-01-27 17:33:18,7.65
2026-01-27 17:33:19,7.58
2026-01-27 17:33:20,7.58
2026-01-27 17:33:21,7.58
2026-01-27 17:33:22,7.58
2026-01-27 17:33:23,7.58
2026-01-27 17:33:24,9.40
2026-01-27 17:33:25,9.40
2026-01-27 17:33:26,9.40
2026-01-27 17:33:27,9.40
2026-01-27 17:33:28,9.40
2026-01-27 17:33:29,6.98
2026-01-27 17:33:30,6.98
2026-01-27 17:33:31,6.98
2026-01-27 17:33:32,6.98
2026-01-27 17:33:33,6.98
2026-01-27 17:33:34,7.32
2026-01-27 17:33:35,7.32
2026-01-27 17:33:36,7.32
2026-01-27 17:33:37,7.32
2026-01-27 17:33:38,7.32
2026-01-27 17:33:39,6.61
2026-01-27 17:33:40,6.61
2026-01-27 17:33:41,6.61
2026-01-27 17:33:42,6.61
2026-01-27 17:33:43,6.61
2026-01-27 17:33:44,7.46
2026-01-27 17:33:45,7.46
2026-01-27 17:33:46,7.46
2026-01-27 17:33:47,7.46
2026-01-27 17:33:48,7.46
2026-01-27 17:33:49,6.44
2026-01-27 17:33:50,6.44
2026-01-27 17:33:51,6.44
2026-01-27 17:33:52,6.44
2026-01-27 17:33:53,6.44
2026-01-27 17:33:54,7.03
2026-01-27 17:33:55,7.03
2026-01-27 17:33:56,7.03
2026-01-27 17:33:57,7.03
2026-01-27 17:33:58,7.03
2026-01-27 17:33:59,6.41
2026-01-27 17:34:00,6.41
2026-01-27 17:34:01,6.41
2026-01-27 17:34:02,6.41
2026-01-27 17:34:03,6.41
2026-01-27 17:34:04,7.34
2026-01-27 17:34:05,7.34
2026-01-27 17:34:06,7.34
2026-01-27 17:34:07,7.34
2026-01-27 17:34:08,7.34
2026-01-27 17:34:09,7.10
2026-01-27 17:34:10,7.10
2026-01-27 17:34:11,7.10
2026-01-27 17:34:12,7.10
2026-01-27 17:34:13,7.10
2026-01-27 17:34:14,6.46
2026-01-27 17:34:15,6.46
2026-01-27 17:34:16,6.46
2026-01-27 17:34:17,6.46
2026-01-27 17:34:18,6.46
2026-01-27 17:34:19,6.47
2026-01-27 17:34:20,6.47
2026-01-27 17:34:21,6.47
2026-01-27 17:34:22,6.47
2026-01-27 17:34:23,6.47
2026-01-27 17:34:24,7.05
2026-01-27 17:34:25,7.05
2026-01-27 17:34:26,7.05
2026-01-27 17:34:27,7.05
2026-01-27 17:34:28,7.05
2026-01-27 17:34:29,6.50
2026-01-27 17:34:30,6.50
2026-01-27 17:34:31,6.50
2026-01-27 17:34:32,6.50
2026-01-27 17:34:33,6.50
2026-01-27 17:34:34,7.37
2026-01-27 17:34:35,7.37
2026-01-27 17:34:36,7.37
2026-01-27 17:34:37,7.37
2026-01-27 17:34:38,7.37
2026-01-27 17:34:39,6.67
2026-01-27 17:34:40,6.67
2026-01-27 17:34:41,6.67
2026-01-27 17:34:42,6.67
2026-01-27 17:34:43,6.67
2026-01-27 17:34:44,7.41
2026-01-27 17:34:45,7.41
2026-01-27 17:34:46,7.41
2026-01-27 17:34:47,7.41
2026-01-27 17:34:48,7.41
2026-01-27 17:34:49,6.39
2026-01-27 17:34:50,6.39
2026-01-27 17:34:51,6.39
2026-01-27 17:34:52,6.39
2026-01-27 17:34:53,6.39
2026-01-27 17:34:54,7.19
2026-01-27 17:34:55,7.19
2026-01-27 17:34:56,7.19
2026-01-27 17:34:57,7.19
2026-01-27 17:34:58,7.19
2026-01-27 17:34:59,6.57
2026-01-27 17:35:00,6.57
2026-01-27 17:35:01,6.57
2026-01-27 17:35:02,6.57
2026-01-27 17:35:03,6.57
2026-01-27 17:35:04,6.99
2026-01-27 17:35:05,6.99
2026-01-27 17:35:06,6.99
2026-01-27 17:35:07,6.99
2026-01-27 17:35:08,6.99
2026-01-27 17:35:09,5.98
2026-01-27 17:35:10,5.98
2026-01-27 17:35:11,5.98
2026-01-27 17:35:12,5.98
2026-01-27 17:35:13,5.98
2026-01-27 17:35:14,8.41
2026-01-27 17:35:15,8.41
2026-01-27 17:35:16,8.41
2026-01-27 17:35:17,8.41
2026-01-27 17:35:18,8.41
2026-01-27 17:35:19,8.93
2026-01-27 17:35:20,8.93
2026-01-27 17:35:21,8.93
2026-01-27 17:35:22,8.93
2026-01-27 17:35:23,8.93
2026-01-27 17:35:24,7.35
2026-01-27 17:35:25,7.35
2026-01-27 17:35:26,7.35
2026-01-27 17:35:27,7.35
2026-01-27 17:35:28,7.35
2026-01-27 17:35:29,6.55
2026-01-27 17:35:30,6.55
2026-01-27 17:35:31,6.55
2026-01-27 17:35:32,6.55
2026-01-27 17:35:33,6.55
2026-01-27 17:35:34,7.33
2026-01-27 17:35:35,7.33
2026-01-27 17:35:36,7.33
2026-01-27 17:35:37,7.33
2026-01-27 17:35:38,7.33
2026-01-27 17:35:39,6.48
2026-01-27 17:35:40,6.48
2026-01-27 17:35:41,6.48
2026-01-27 17:35:42,6.48
2026-01-27 17:35:43,6.48
2026-01-27 17:35:44,6.19
2026-01-27 17:35:45,6.19
2026-01-27 17:35:46,6.19
2026-01-27 17:35:47,6.19
2026-01-27 17:35:48,6.19
2026-01-27 17:35:49,7.73
2026-01-27 17:35:50,7.73
2026-01-27 17:35:51,7.73
2026-01-27 17:35:52,7.73
2026-01-27 17:35:53,7.73
2026-01-27 17:35:54,8.79
2026-01-27 17:35:55,8.79
2026-01-27 17:35:56,8.79
2026-01-27 17:35:57,8.79
2026-01-27 17:35:58,8.79
2026-01-27 17:35:59,7.42
2026-01-27 17:36:00,7.42
2026-01-27 17:36:01,7.42
2026-01-27 17:36:02,7.42
2026-01-27 17:36:03,7.42
2026-01-27 17:36:04,8.09
2026-01-27 17:36:05,8.09
2026-01-27 17:36:06,8.09
2026-01-27 17:36:07,8.09
2026-01-27 17:36:08,8.09
2026-01-27 17:36:09,7.41
2026-01-27 17:36:10,7.41
2026-01-27 17:36:11,7.41
2026-01-27 17:36:12,7.41
2026-01-27 17:36:13,7.41
2026-01-27 17:36:14,8.32
2026-01-27 17:36:15,8.32
2026-01-27 17:36:16,8.32
2026-01-27 17:36:17,8.32
2026-01-27 17:36:18,8.32
2026-01-27 17:36:19,7.64
2026-01-27 17:36:20,7.64
2026-01-27 17:36:21,7.64
2026-01-27 17:36:22,7.64
2026-01-27 17:36:23,7.64
2026-01-27 17:36:24,8.38
2026-01-27 17:36:25,8.38
2026-01-27 17:36:26,8.38
2026-01-27 17:36:27,8.38
2026-01-27 17:36:28,8.38
2026-01-27 17:36:29,7.50
2026-01-27 17:36:30,7.50
2026-01-27 17:36:31,7.50
2026-01-27 17:36:32,7.50
2026-01-27 17:36:33,7.50
2026-01-27 17:36:34,8.03
2026-01-27 17:36:35,8.03
2026-01-27 17:36:36,8.03
2026-01-27 17:36:37,8.03
2026-01-27 17:36:38,8.03
2026-01-27 17:36:39,7.61
2026-01-27 17:36:40,7.61
2026-01-27 17:36:41,7.61
2026-01-27 17:36:42,7.61
2026-01-27 17:36:43,7.61
2026-01-27 17:36:44,9.42
2026-01-27 17:36:45,9.42
2026-01-27 17:36:46,9.42
2026-01-27 17:36:47,9.42
2026-01-27 17:36:48,9.42
2026-01-27 17:36:49,7.99
2026-01-27 17:36:50,7.99
2026-01-27 17:36:51,7.99
2026-01-27 17:36:52,7.99
2026-01-27 17:36:53,7.99
2026-01-27 17:36:54,10.8
2026-01-27 17:36:55,10.8
2026-01-27 17:36:56,10.8
2026-01-27 17:36:57,10.8
2026-01-27 17:36:58,10.8
2026-01-27 17:36:59,9.60
2026-01-27 17:37:00,9.60
2026-01-27 17:37:01,9.60
2026-01-27 17:37:02,9.60
2026-01-27 17:37:03,9.60
2026-01-27 17:37:04,11.6
2026-01-27 17:37:05,11.6
2026-01-27 17:37:06,11.6
2026-01-27 17:37:07,11.6
2026-01-27 17:37:08,11.6
2026-01-27 17:37:09,9.13
2026-01-27 17:37:10,9.13
2026-01-27 17:37:11,9.13
2026-01-27 17:37:12,9.13
2026-01-27 17:37:13,9.13
2026-01-27 17:37:14,8.70
2026-01-27 17:37:15,8.70
2026-01-27 17:37:16,8.70
2026-01-27 17:37:17,8.70
2026-01-27 17:37:18,8.70
2026-01-27 17:37:19,8.72
2026-01-27 17:37:20,8.72
2026-01-27 17:37:21,8.72
2026-01-27 17:37:22,8.72
2026-01-27 17:37:23,8.72
2026-01-27 17:37:24,9.81
2026-01-27 17:37:25,9.81
2026-01-27 17:37:26,9.81
2026-01-27 17:37:27,9.81
2026-01-27 17:37:28,9.81
2026-01-27 17:37:29,8.97
2026-01-27 17:37:30,8.97
2026-01-27 17:37:31,8.97
2026-01-27 17:37:32,8.97
2026-01-27 17:37:33,8.97
2026-01-27 17:37:34,9.68
2026-01-27 17:37:35,9.68
2026-01-27 17:37:36,9.68
2026-01-27 17:37:37,9.68
2026-01-27 17:37:38,9.68
2026-01-27 17:37:39,8.94
2026-01-27 17:37:40,8.94
2026-01-27 17:37:41,8.94
2026-01-27 17:37:42,8.94
2026-01-27 17:37:43,8.94
2026-01-27 17:37:44,9.24
2026-01-27 17:37:45,9.24
2026-01-27 17:37:46,9.24
2026-01-27 17:37:47,9.24
2026-01-27 17:37:48,9.24
2026-01-27 17:37:49,8.52
2026-01-27 17:37:50,8.52
2026-01-27 17:37:51,8.52
2026-01-27 17:37:52,8.52
2026-01-27 17:37:53,8.52
2026-01-27 17:37:54,9.38
2026-01-27 17:37:55,9.38
2026-01-27 17:37:56,9.38
2026-01-27 17:37:57,9.38
2026-01-27 17:37:58,9.38
2026-01-27 17:37:59,8.78
2026-01-27 17:38:00,8.78
2026-01-27 17:38:01,8.78
2026-01-27 17:38:02,8.78
2026-01-27 17:38:03,8.78
2026-01-27 17:38:04,9.66
2026-01-27 17:38:05,9.66
2026-01-27 17:38:06,9.66
2026-01-27 17:38:07,9.66
2026-01-27 17:38:08,9.66
2026-01-27 17:38:09,8.65
2026-01-27 17:38:10,8.65
2026-01-27 17:38:11,8.65
2026-01-27 17:38:12,8.65
2026-01-27 17:38:13,8.65
2026-01-27 17:38:14,8.75
2026-01-27 17:38:15,8.75
2026-01-27 17:38:16,8.75
2026-01-27 17:38:17,8.75
2026-01-27 17:38:18,8.75
2026-01-27 17:38:19,10.4
2026-01-27 17:38:20,10.4
2026-01-27 17:38:21,10.4
2026-01-27 17:38:22,10.4
2026-01-27 17:38:23,10.4
2026-01-27 17:38:24,9.86
2026-01-27 17:38:25,9.86
2026-01-27 17:38:26,9.86
2026-01-27 17:38:27,9.86
2026-01-27 17:38:28,9.86
2026-01-27 17:38:29,8.09
2026-01-27 17:38:30,8.09
2026-01-27 17:38:31,8.09
2026-01-27 17:38:32,8.09
2026-01-27 17:38:33,8.09
2026-01-27 17:38:34,8.86
2026-01-27 17:38:35,8.86
2026-01-27 17:38:36,8.86
2026-01-27 17:38:37,8.86
2026-01-27 17:38:38,8.86
2026-01-27 17:38:39,7.67
2026-01-27 17:38:40,7.67
2026-01-27 17:38:41,7.67
2026-01-27 17:38:42,7.67
2026-01-27 17:38:43,7.67
2026-01-27 17:38:44,8.15
2026-01-27 17:38:45,8.15
2026-01-27 17:38:46,8.15
2026-01-27 17:38:47,8.15
2026-01-27 17:38:48,8.15
2026-01-27 17:38:49,7.49
2026-01-27 17:38:50,7.49
2026-01-27 17:38:51,7.49
2026-01-27 17:38:52,7.49
2026-01-27 17:38:53,7.49
2026-01-27 17:38:54,8.24
2026-01-27 17:38:55,8.24
2026-01-27 17:38:56,8.24
2026-01-27 17:38:57,8.24
2026-01-27 17:38:58,8.24
2026-01-27 17:38:59,7.64
2026-01-27 17:39:00,7.64
2026-01-27 17:39:01,7.64
2026-01-27 17:39:02,7.64
2026-01-27 17:39:03,7.64
2026-01-27 17:39:04,8.52
2026-01-27 17:39:05,8.52
2026-01-27 17:39:06,8.52
2026-01-27 17:39:07,8.52
2026-01-27 17:39:08,8.52
2026-01-27 17:39:09,7.52
2026-01-27 17:39:10,7.52
2026-01-27 17:39:11,7.52
2026-01-27 17:39:12,7.52
2026-01-27 17:39:13,7.52
2026-01-27 17:39:14,8.20
2026-01-27 17:39:15,8.20
2026-01-27 17:39:16,8.20
2026-01-27 17:39:17,8.20
2026-01-27 17:39:18,8.20
2026-01-27 17:39:19,0
2026-01-27 17:39:20,0
2026-01-27 17:39:21,0
2026-01-27 17:39:22,0
2026-01-27 17:39:23,0
2026-01-27 17:39:24,0
2026-01-27 17:39:25,0
2026-01-27 17:39:26,0
2026-01-27 17:39:27,0
2026-01-27 17:39:28,0
2026-01-27 17:39:29,0
2026-01-27 17:39:30,0
2026-01-27 17:39:31,0
2026-01-27 17:39:32,0
2026-01-27 17:39:33,0
2026-01-27 17:39:34,0
2026-01-27 17:39:35,0
2026-01-27 17:39:36,0
2026-01-27 17:39:37,0
2026-01-27 17:39:38,0
2026-01-27 17:39:39,0
2026-01-27 17:39:40,0
2026-01-27 17:39:41,0
2026-01-27 17:39:42,0
2026-01-27 17:39:43,0
2026-01-27 17:39:44,0
2026-01-27 17:39:45,0
2026-01-27 17:39:46,0
2026-01-27 17:39:47,0
2026-01-27 17:39:48,0
2026-01-27 17:39:49,0
2026-01-27 17:39:50,0
2026-01-27 17:39:51,0
2026-01-27 17:39:52,0
2026-01-27 17:39:53,0
2026-01-27 17:39:54,0
2026-01-27 17:39:55,0
2026-01-27 17:39:56,0
2026-01-27 17:39:57,0
2026-01-27 17:39:58,0
2026-01-27 17:39:59,0
2026-01-27 17:40:00,0
2026-01-27 17:40:01,0
2026-01-27 17:40:02,0
2026-01-27 17:40:03,0
2026-01-27 17:40:04,0
2026-01-27 17:40:05,0
2026-01-27 17:40:06,0
2026-01-27 17:40:07,0
2026-01-27 17:40:08,0
2026-01-27 17:40:09,0
2026-01-27 17:40:10,0
2026-01-27 17:40:11,0
2026-01-27 17:40:12,0
2026-01-27 17:40:13,0
2026-01-27 17:40:14,0
2026-01-27 17:40:15,0
2026-01-27 17:40:16,0
2026-01-27 17:40:17,0
2026-01-27 17:40:18,0
2026-01-27 17:40:19,0
2026-01-27 17:40:20,0
2026-01-27 17:40:21,0
2026-01-27 17:40:22,0
2026-01-27 17:40:23,0
2026-01-27 17:40:24,0
2026-01-27 17:40:25,0
2026-01-27 17:40:26,0
2026-01-27 17:40:27,0
2026-01-27 17:40:28,0
2026-01-27 17:40:29,0
2026-01-27 17:40:30,0
2026-01-27 17:40:31,0
2026-01-27 17:40:32,0
2026-01-27 17:40:33,0
2026-01-27 17:40:34,0
2026-01-27 17:40:35,0
2026-01-27 17:40:36,0
2026-01-27 17:40:37,0
2026-01-27 17:40:38,0
2026-01-27 17:40:39,0
2026-01-27 17:40:40,0
2026-01-27 17:40:41,0
2026-01-27 17:40:42,0
2026-01-27 17:40:43,0
2026-01-27 17:40:44,0
2026-01-27 17:40:45,0
2026-01-27 17:40:46,0
2026-01-27 17:40:47,0
2026-01-27 17:40:48,0
2026-01-27 17:40:49,0
2026-01-27 17:40:50,0
2026-01-27 17:40:51,0
2026-01-27 17:40:52,0
2026-01-27 17:40:53,0
2026-01-27 17:43:09,2.70
2026-01-27 17:43:10,2.70
2026-01-27 17:43:11,2.70
2026-01-27 17:43:12,2.70
2026-01-27 17:43:13,2.70
2026-01-27 17:43:14,6.82
2026-01-27 17:43:15,6.82
2026-01-27 17:43:16,6.82
2026-01-27 17:43:17,6.82
2026-01-27 17:43:18,6.82
2026-01-27 17:43:19,6.87
2026-01-27 17:43:20,6.87
2026-01-27 17:43:21,6.87
2026-01-27 17:43:22,6.87
2026-01-27 17:43:23,6.87
2026-01-27 17:43:24,7.03
2026-01-27 17:43:25,7.03
2026-01-27 17:43:26,7.03
2026-01-27 17:43:27,7.03
2026-01-27 17:43:28,7.03
2026-01-27 17:43:29,6.69
2026-01-27 17:43:30,6.69
2026-01-27 17:43:31,6.69
2026-01-27 17:43:32,6.69
2026-01-27 17:43:33,6.69
2026-01-27 17:43:34,7.35
2026-01-27 17:43:35,7.35
2026-01-27 17:43:36,7.35
2026-01-27 17:43:37,7.35
2026-01-27 17:43:38,7.35
2026-01-27 17:43:39,5.99
2026-01-27 17:43:40,5.99
2026-01-27 17:43:41,5.99
2026-01-27 17:43:42,5.99
2026-01-27 17:43:43,5.99
2026-01-27 17:43:44,7.26
2026-01-27 17:43:45,7.26
2026-01-27 17:43:46,7.26
2026-01-27 17:43:47,7.26
2026-01-27 17:43:48,7.26
2026-01-27 17:43:49,7.69
2026-01-27 17:43:50,7.69
2026-01-27 17:43:51,7.69
2026-01-27 17:43:52,7.69
2026-01-27 17:43:53,7.69
2026-01-27 17:43:54,8.81
2026-01-27 17:43:55,8.81
2026-01-27 17:43:56,8.81
2026-01-27 17:43:57,8.81
2026-01-27 17:43:58,8.81
2026-01-27 17:43:59,7.77
2026-01-27 17:44:00,7.77
2026-01-27 17:44:01,7.77
2026-01-27 17:44:02,7.77
2026-01-27 17:44:03,7.77
2026-01-27 17:44:04,8.13
2026-01-27 17:44:05,8.13
2026-01-27 17:44:06,8.13
2026-01-27 17:44:07,8.13
2026-01-27 17:44:08,8.13
2026-01-27 17:44:09,7.36
2026-01-27 17:44:10,7.36
2026-01-27 17:44:11,7.36
2026-01-27 17:44:12,7.36
2026-01-27 17:44:13,7.36
2026-01-27 17:44:14,7.50
2026-01-27 17:44:15,7.50
2026-01-27 17:44:16,7.50
2026-01-27 17:44:17,7.50
2026-01-27 17:44:18,7.50
2026-01-27 17:44:19,7.40
2026-01-27 17:44:20,7.40
2026-01-27 17:44:21,7.40
2026-01-27 17:44:22,7.40
2026-01-27 17:44:23,7.40
2026-01-27 17:44:24,7.97
2026-01-27 17:44:25,7.97
2026-01-27 17:44:26,7.97
2026-01-27 17:44:27,7.97
2026-01-27 17:44:28,7.97
2026-01-27 17:44:29,7.63
2026-01-27 17:44:30,7.63
2026-01-27 17:44:31,7.63
2026-01-27 17:44:32,7.63
2026-01-27 17:44:33,7.63
2026-01-27 17:44:34,8.73
2026-01-27 17:44:35,8.73
2026-01-27 17:44:36,8.73
2026-01-27 17:44:37,8.73
2026-01-27 17:44:38,8.73
2026-01-27 17:44:39,7.49
2026-01-27 17:44:40,7.49
2026-01-27 17:44:41,7.49
2026-01-27 17:44:42,7.49
2026-01-27 17:44:43,7.49
2026-01-27 17:44:44,8.04
2026-01-27 17:44:45,8.04
2026-01-27 17:44:46,8.04
2026-01-27 17:44:47,8.04
2026-01-27 17:44:48,8.04
2026-01-27 17:44:49,7.37
2026-01-27 17:44:50,7.37
2026-01-27 17:44:51,7.37
2026-01-27 17:44:52,7.37
2026-01-27 17:44:53,7.37
2026-01-27 17:44:54,8.24
2026-01-27 17:44:55,8.24
2026-01-27 17:44:56,8.24
2026-01-27 17:44:57,8.24
2026-01-27 17:44:58,8.24
2026-01-27 17:44:59,9.44
2026-01-27 17:45:00,9.44
2026-01-27 17:45:01,9.44
2026-01-27 17:45:02,9.44
2026-01-27 17:45:03,9.44
2026-01-27 17:45:04,8.55
2026-01-27 17:45:05,8.55
2026-01-27 17:45:06,8.55
2026-01-27 17:45:07,8.55
2026-01-27 17:45:08,8.55
2026-01-27 17:45:09,7.81
2026-01-27 17:45:10,7.81
2026-01-27 17:45:11,7.81
2026-01-27 17:45:12,7.81
2026-01-27 17:45:13,7.81
2026-01-27 17:45:14,7.80
2026-01-27 17:45:15,7.80
2026-01-27 17:45:16,7.80
2026-01-27 17:45:17,7.80
2026-01-27 17:45:18,7.80
2026-01-27 17:45:19,7.58
2026-01-27 17:45:20,7.58
2026-01-27 17:45:21,7.58
2026-01-27 17:45:22,7.58
2026-01-27 17:45:23,7.58
2026-01-27 17:45:24,8.26
2026-01-27 17:45:25,8.26
2026-01-27 17:45:26,8.26
2026-01-27 17:45:27,8.26
2026-01-27 17:45:28,8.26
2026-01-27 17:45:29,7.89
2026-01-27 17:45:30,7.89
2026-01-27 17:45:31,7.89
2026-01-27 17:45:32,7.89
2026-01-27 17:45:33,7.89
2026-01-27 17:45:34,8.53
2026-01-27 17:45:35,8.53
2026-01-27 17:45:36,8.53
2026-01-27 17:45:37,8.53
2026-01-27 17:45:38,8.53
2026-01-27 17:45:39,7.80
2026-01-27 17:45:40,7.80
2026-01-27 17:45:41,7.80
2026-01-27 17:45:42,7.80
2026-01-27 17:45:43,7.80
2026-01-27 17:45:44,8.53
2026-01-27 17:45:45,8.53
2026-01-27 17:45:46,8.53
2026-01-27 17:45:47,8.53
2026-01-27 17:45:48,8.53
2026-01-27 17:45:49,7.51
2026-01-27 17:45:50,7.51
2026-01-27 17:45:51,7.51
2026-01-27 17:45:52,7.51
2026-01-27 17:45:53,7.51
2026-01-27 17:45:54,8.31
2026-01-27 17:45:55,8.31
2026-01-27 17:45:56,8.31
2026-01-27 17:45:57,8.31
2026-01-27 17:45:58,8.31
2026-01-27 17:45:59,7.71
2026-01-27 17:46:00,7.71
2026-01-27 17:46:01,7.71
2026-01-27 17:46:02,7.71
2026-01-27 17:46:03,7.71
2026-01-27 17:46:04,8.68
2026-01-27 17:46:05,8.68
2026-01-27 17:46:06,8.68
2026-01-27 17:46:07,8.68
2026-01-27 17:46:08,8.68
2026-01-27 17:46:09,7.98
2026-01-27 17:46:10,7.98
2026-01-27 17:46:11,7.98
2026-01-27 17:46:12,7.98
2026-01-27 17:46:13,7.98
2026-01-27 17:46:14,7.58
2026-01-27 17:46:15,7.58
2026-01-27 17:46:16,7.58
2026-01-27 17:46:17,7.58
2026-01-27 17:46:18,7.58
2026-01-27 17:46:19,7.63
2026-01-27 17:46:20,7.63
2026-01-27 17:46:21,7.63
2026-01-27 17:46:22,7.63
2026-01-27 17:46:23,7.63
2026-01-27 17:46:24,8.56
2026-01-27 17:46:25,8.56
2026-01-27 17:46:26,8.56
2026-01-27 17:46:27,8.56
2026-01-27 17:46:28,8.56
2026-01-27 17:46:29,8.31
2026-01-27 17:46:30,8.31
2026-01-27 17:46:31,8.31
2026-01-27 17:46:32,8.31
2026-01-27 17:46:33,8.31
2026-01-27 17:46:34,8.15
2026-01-27 17:46:35,8.15
2026-01-27 17:46:36,8.15
2026-01-27 17:46:37,8.15
2026-01-27 17:46:38,8.15
2026-01-27 17:46:39,8.16
2026-01-27 17:46:40,8.16
2026-01-27 17:46:41,8.16
2026-01-27 17:46:42,8.16
2026-01-27 17:46:43,8.16
2026-01-27 17:46:44,9.74
2026-01-27 17:46:45,9.74
2026-01-27 17:46:46,9.74
2026-01-27 17:46:47,9.74
2026-01-27 17:46:48,9.74
2026-01-27 17:46:49,8.90
2026-01-27 17:46:50,8.90
2026-01-27 17:46:51,8.90
2026-01-27 17:46:52,8.90
2026-01-27 17:46:53,8.90
2026-01-27 17:46:54,9.31
2026-01-27 17:46:55,9.31
2026-01-27 17:46:56,9.31
2026-01-27 17:46:57,9.31
2026-01-27 17:46:58,9.31
2026-01-27 17:46:59,8.54
2026-01-27 17:47:00,8.54
2026-01-27 17:47:01,8.54
2026-01-27 17:47:02,8.54
2026-01-27 17:47:03,8.54
2026-01-27 17:47:04,9.45
2026-01-27 17:47:05,9.45
2026-01-27 17:47:06,9.45
2026-01-27 17:47:07,9.45
2026-01-27 17:47:08,9.45
2026-01-27 17:47:09,9.20
2026-01-27 17:47:10,9.20
2026-01-27 17:47:11,9.20
2026-01-27 17:47:12,9.20
2026-01-27 17:47:13,9.20
2026-01-27 17:47:14,10.3
2026-01-27 17:47:15,10.3
2026-01-27 17:47:16,10.3
2026-01-27 17:47:17,10.3
2026-01-27 17:47:18,10.3
2026-01-27 17:47:19,8.78
2026-01-27 17:47:20,8.78
2026-01-27 17:47:21,8.78
2026-01-27 17:47:22,8.78
2026-01-27 17:47:23,8.78
2026-01-27 17:47:24,8.21
2026-01-27 17:47:25,8.21
2026-01-27 17:47:26,8.21
2026-01-27 17:47:27,8.21
2026-01-27 17:47:28,8.21
2026-01-27 17:47:29,7.71
2026-01-27 17:47:30,7.71
2026-01-27 17:47:31,7.71
2026-01-27 17:47:32,7.71
2026-01-27 17:47:33,7.71
2026-01-27 17:47:34,8.42
2026-01-27 17:47:35,8.42
2026-01-27 17:47:36,8.42
2026-01-27 17:47:37,8.42
2026-01-27 17:47:38,8.42
2026-01-27 17:47:39,7.62
2026-01-27 17:47:40,7.62
2026-01-27 17:47:41,7.62
2026-01-27 17:47:42,7.62
2026-01-27 17:47:43,7.62
2026-01-27 17:47:44,8.17
2026-01-27 17:47:45,8.17
2026-01-27 17:47:46,8.17
2026-01-27 17:47:47,8.17
2026-01-27 17:47:48,8.17
2026-01-27 17:47:49,7.23
2026-01-27 17:47:50,7.23
2026-01-27 17:47:51,7.23
2026-01-27 17:47:52,7.23
2026-01-27 17:47:53,7.23
2026-01-27 17:47:54,8.21
2026-01-27 17:47:55,8.21
2026-01-27 17:47:56,8.21
2026-01-27 17:47:57,8.21
2026-01-27 17:47:58,8.21
2026-01-27 17:47:59,8.20
2026-01-27 17:48:00,8.20
2026-01-27 17:48:01,8.20
2026-01-27 17:48:02,8.20
2026-01-27 17:48:03,8.20
2026-01-27 17:48:04,8.94
2026-01-27 17:48:05,8.94
2026-01-27 17:48:06,8.94
2026-01-27 17:48:07,8.94
2026-01-27 17:48:08,8.94
2026-01-27 17:48:09,8.21
2026-01-27 17:48:10,8.21
2026-01-27 17:48:11,8.21
2026-01-27 17:48:12,8.21
2026-01-27 17:48:13,8.21
2026-01-27 17:48:14,9.45
2026-01-27 17:48:15,9.45
2026-01-27 17:48:16,9.45
2026-01-27 17:48:17,9.45
2026-01-27 17:48:18,9.45
2026-01-27 17:48:19,8.20
2026-01-27 17:48:20,8.20
2026-01-27 17:48:21,8.20
2026-01-27 17:48:22,8.20
2026-01-27 17:48:23,8.20
2026-01-27 17:48:24,7.55
2026-01-27 17:48:25,7.55
2026-01-27 17:48:26,7.55
2026-01-27 17:48:27,7.55
2026-01-27 17:48:28,7.55
2026-01-27 17:48:29,6.99
2026-01-27 17:48:30,6.99
2026-01-27 17:48:31,6.99
2026-01-27 17:48:32,6.99
2026-01-27 17:48:33,6.99
2026-01-27 17:48:34,7.68
2026-01-27 17:48:35,7.68
2026-01-27 17:48:36,7.68
2026-01-27 17:48:37,7.68
2026-01-27 17:48:38,7.68
2026-01-27 17:48:39,8.19
2026-01-27 17:48:40,8.19
2026-01-27 17:48:41,8.19
2026-01-27 17:48:42,8.19
2026-01-27 17:48:43,8.19
2026-01-27 17:48:44,8.77
2026-01-27 17:48:45,8.77
2026-01-27 17:48:46,8.77
2026-01-27 17:48:47,8.77
2026-01-27 17:48:48,8.77
2026-01-27 17:48:49,8.10
2026-01-27 17:48:50,8.10
2026-01-27 17:48:51,8.10
2026-01-27 17:48:52,8.10
2026-01-27 17:48:53,8.10
2026-01-27 17:48:54,10.4
2026-01-27 17:48:55,10.4
2026-01-27 17:48:56,10.4
2026-01-27 17:48:57,10.4
2026-01-27 17:48:58,10.4
2026-01-27 17:48:59,10.6
2026-01-27 17:49:00,10.6
2026-01-27 17:49:01,10.6
2026-01-27 17:49:02,10.6
2026-01-27 17:49:03,10.6
2026-01-27 17:49:04,10.1
2026-01-27 17:49:05,10.1
2026-01-27 17:49:06,10.1
2026-01-27 17:49:07,10.1
2026-01-27 17:49:08,10.1
2026-01-27 17:49:09,8.12
2026-01-27 17:49:10,8.12
2026-01-27 17:49:11,8.12
2026-01-27 17:49:12,8.12
2026-01-27 17:49:13,8.12
2026-01-27 17:49:14,8.28
2026-01-27 17:49:15,8.28
2026-01-27 17:49:16,8.28
2026-01-27 17:49:17,8.28
2026-01-27 17:49:18,8.28
2026-01-27 17:49:19,8.77
2026-01-27 17:49:20,8.77
2026-01-27 17:49:21,8.77
2026-01-27 17:49:22,8.77
2026-01-27 17:49:23,8.77
2026-01-27 17:49:24,9.08
2026-01-27 17:49:25,9.08
2026-01-27 17:49:26,9.08
2026-01-27 17:49:27,9.08
2026-01-27 17:49:28,9.08
2026-01-27 17:49:29,0
2026-01-27 17:49:30,0
2026-01-27 17:49:31,0
2026-01-27 17:49:32,0
2026-01-27 17:49:33,0
2026-01-27 17:49:34,0
2026-01-27 17:49:35,0
2026-01-27 17:49:36,0
2026-01-27 17:49:37,0
2026-01-27 17:49:38,0
2026-01-27 17:49:39,0
2026-01-27 17:49:40,0
2026-01-27 17:49:41,0
2026-01-27 17:49:42,0
2026-01-27 17:49:43,0
2026-01-27 17:49:44,0
2026-01-27 17:49:45,0
2026-01-27 17:49:46,0
2026-01-27 17:49:47,0
2026-01-27 17:49:48,0
2026-01-27 17:49:49,0
2026-01-27 17:49:50,0
2026-01-27 17:49:51,0
2026-01-27 17:49:52,0
2026-01-27 17:49:53,0
2026-01-27 17:49:54,0
2026-01-27 17:49:55,0
2026-01-27 17:49:56,0
2026-01-27 17:49:57,0
2026-01-27 17:49:58,0
2026-01-27 17:49:59,0
2026-01-27 17:50:00,0
2026-01-27 17:50:01,0
2026-01-27 17:50:02,0
2026-01-27 17:50:03,0
2026-01-27 17:50:04,0
2026-01-27 17:50:05,0
2026-01-27 17:50:06,0
2026-01-27 17:50:07,0
2026-01-27 17:50:08,0
2026-01-27 17:50:09,0
2026-01-27 17:50:10,0
2026-01-27 17:50:11,0
2026-01-27 17:50:12,0
2026-01-27 17:50:13,0
2026-01-27 17:50:14,0
2026-01-27 17:50:15,0
2026-01-27 17:50:16,0
2026-01-27 17:50:17,0
2026-01-27 17:50:18,0
2026-01-27 17:50:19,0
2026-01-27 17:50:20,0
2026-01-27 17:50:21,0
2026-01-27 17:50:22,0
2026-01-27 17:50:23,0
2026-01-27 17:50:24,0
2026-01-27 17:50:25,0
2026-01-27 17:50:26,0
2026-01-27 17:50:27,0
2026-01-27 17:50:28,0
2026-01-27 17:50:29,0
2026-01-27 17:50:30,0
2026-01-27 17:50:31,0
2026-01-27 17:50:32,0
2026-01-27 17:50:33,0
2026-01-27 17:50:34,0
2026-01-27 17:50:35,0
2026-01-27 17:50:36,0
2026-01-27 17:50:37,0
2026-01-27 17:50:38,0
2026-01-27 17:50:39,0
2026-01-27 17:50:40,0
2026-01-27 17:50:41,0
2026-01-27 17:50:42,0
2026-01-27 17:50:43,0
2026-01-27 17:50:44,0
2026-01-27 17:50:45,0
2026-01-27 17:50:46,0
2026-01-27 17:50:47,0
2026-01-27 17:50:48,0
2026-01-27 17:50:49,0
2026-01-27 17:50:50,0
2026-01-27 17:50:51,0
2026-01-27 17:50:52,0
2026-01-27 17:50:53,0
2026-01-27 17:50:54,0
2026-01-27 17:50:55,0
2026-01-27 17:50:56,0
2026-01-27 17:50:57,0
2026-01-27 17:50:58,0
2026-01-27 17:50:59,0
2026-01-27 17:51:00,0
2026-01-27 17:51:01,0
2026-01-27 17:51:02,0
2026-01-27 17:51:03,0
2026-01-27 17:51:14,6.08
2026-01-27 17:51:15,6.08
2026-01-27 17:51:16,6.08
2026-01-27 17:51:17,6.08
2026-01-27 17:51:18,6.08
2026-01-27 17:51:19,5.81
2026-01-27 17:51:20,5.81
2026-01-27 17:51:21,5.81
2026-01-27 17:51:22,5.81
2026-01-27 17:51:23,5.81
2026-01-27 17:51:24,5.66
2026-01-27 17:51:25,5.66
2026-01-27 17:51:26,5.66
2026-01-27 17:51:27,5.66
2026-01-27 17:51:28,5.66
2026-01-27 17:51:29,7.23
2026-01-27 17:51:30,7.23
2026-01-27 17:51:31,7.23
2026-01-27 17:51:32,7.23
2026-01-27 17:51:33,7.23
2026-01-27 17:51:34,7.91
2026-01-27 17:51:35,7.91
2026-01-27 17:51:36,7.91
2026-01-27 17:51:37,7.91
2026-01-27 17:51:38,7.91
2026-01-27 17:51:39,6.65
2026-01-27 17:51:40,6.65
2026-01-27 17:51:41,6.65
2026-01-27 17:51:42,6.65
2026-01-27 17:51:43,6.65
2026-01-27 17:51:44,6.28
2026-01-27 17:51:45,6.28
2026-01-27 17:51:46,6.28
2026-01-27 17:51:47,6.28
2026-01-27 17:51:48,6.28
2026-01-27 17:51:49,7.51
2026-01-27 17:51:50,7.51
2026-01-27 17:51:51,7.51
2026-01-27 17:51:52,7.51
2026-01-27 17:51:53,7.51
2026-01-27 17:51:54,8.42
2026-01-27 17:51:55,8.42
2026-01-27 17:51:56,8.42
2026-01-27 17:51:57,8.42
2026-01-27 17:51:58,8.42
2026-01-27 17:51:59,7.50
2026-01-27 17:52:00,7.50
2026-01-27 17:52:01,7.50
2026-01-27 17:52:02,7.50
2026-01-27 17:52:03,7.50
2026-01-27 17:52:04,8.23
2026-01-27 17:52:05,8.23
2026-01-27 17:52:06,8.23
2026-01-27 17:52:07,8.23
2026-01-27 17:52:08,8.23
2026-01-27 17:52:09,7.84
2026-01-27 17:52:10,7.84
2026-01-27 17:52:11,7.84
2026-01-27 17:52:12,7.84
2026-01-27 17:52:13,7.84
2026-01-27 17:52:14,7.51
2026-01-27 17:52:15,7.51
2026-01-27 17:52:16,7.51
2026-01-27 17:52:17,7.51
2026-01-27 17:52:18,7.51
2026-01-27 17:52:19,7.45
2026-01-27 17:52:20,7.45
2026-01-27 17:52:21,7.45
2026-01-27 17:52:22,7.45
2026-01-27 17:52:23,7.45
2026-01-27 17:52:24,8.09
2026-01-27 17:52:25,8.09
2026-01-27 17:52:26,8.09
2026-01-27 17:52:27,8.09
2026-01-27 17:52:28,8.09
2026-01-27 17:52:29,7.69
2026-01-27 17:52:30,7.69
2026-01-27 17:52:31,7.69
2026-01-27 17:52:32,7.69
2026-01-27 17:52:33,7.69
2026-01-27 17:52:34,8.78
2026-01-27 17:52:35,8.78
2026-01-27 17:52:36,8.78
2026-01-27 17:52:37,8.78
2026-01-27 17:52:38,8.78
2026-01-27 17:52:39,7.83
2026-01-27 17:52:40,7.83
2026-01-27 17:52:41,7.83
2026-01-27 17:52:42,7.83
2026-01-27 17:52:43,7.83
2026-01-27 17:52:44,8.13
2026-01-27 17:52:45,8.13
2026-01-27 17:52:46,8.13
2026-01-27 17:52:47,8.13
2026-01-27 17:52:48,8.13
2026-01-27 17:52:49,7.44
2026-01-27 17:52:50,7.44
2026-01-27 17:52:51,7.44
2026-01-27 17:52:52,7.44
2026-01-27 17:52:53,7.44
2026-01-27 17:52:54,8.10
2026-01-27 17:52:55,8.10
2026-01-27 17:52:56,8.10
2026-01-27 17:52:57,8.10
2026-01-27 17:52:58,8.10
2026-01-27 17:52:59,9.76
2026-01-27 17:53:00,9.76
2026-01-27 17:53:01,9.76
2026-01-27 17:53:02,9.76
2026-01-27 17:53:03,9.76
2026-01-27 17:53:04,9.19
2026-01-27 17:53:05,9.19
2026-01-27 17:53:06,9.19
2026-01-27 17:53:07,9.19
2026-01-27 17:53:08,9.19
2026-01-27 17:53:09,6.65
2026-01-27 17:53:10,6.65
2026-01-27 17:53:11,6.65
2026-01-27 17:53:12,6.65
2026-01-27 17:53:13,6.65
2026-01-27 17:53:14,6.65
2026-01-27 17:53:15,6.65
2026-01-27 17:53:16,6.65
2026-01-27 17:53:17,6.65
2026-01-27 17:53:18,6.65
2026-01-27 17:53:19,6.54
2026-01-27 17:53:20,6.54
2026-01-27 17:53:21,6.54
2026-01-27 17:53:22,6.54
2026-01-27 17:53:23,6.54
2026-01-27 17:53:24,7.14
2026-01-27 17:53:25,7.14
2026-01-27 17:53:26,7.14
2026-01-27 17:53:27,7.14
2026-01-27 17:53:28,7.14
2026-01-27 17:53:29,6.98
2026-01-27 17:53:30,6.98
2026-01-27 17:53:31,6.98
2026-01-27 17:53:32,6.98
2026-01-27 17:53:33,6.98
2026-01-27 17:53:34,7.64
2026-01-27 17:53:35,7.64
2026-01-27 17:53:36,7.64
2026-01-27 17:53:37,7.64
2026-01-27 17:53:38,7.64
2026-01-27 17:53:39,7.07
2026-01-27 17:53:40,7.07
2026-01-27 17:53:41,7.07
2026-01-27 17:53:42,7.07
2026-01-27 17:53:43,7.07
2026-01-27 17:53:44,7.63
2026-01-27 17:53:45,7.63
2026-01-27 17:53:46,7.63
2026-01-27 17:53:47,7.63
2026-01-27 17:53:48,7.63
2026-01-27 17:53:49,6.52
2026-01-27 17:53:50,6.52
2026-01-27 17:53:51,6.52
2026-01-27 17:53:52,6.52
2026-01-27 17:53:53,6.52
2026-01-27 17:53:54,7.24
2026-01-27 17:53:55,7.24
2026-01-27 17:53:56,7.24
2026-01-27 17:53:57,7.24
2026-01-27 17:53:58,7.24
2026-01-27 17:53:59,6.47
2026-01-27 17:54:00,6.47
2026-01-27 17:54:01,6.47
2026-01-27 17:54:02,6.47
2026-01-27 17:54:03,6.47
2026-01-27 17:54:04,7.13
2026-01-27 17:54:05,7.13
2026-01-27 17:54:06,7.13
2026-01-27 17:54:07,7.13
2026-01-27 17:54:08,7.13
2026-01-27 17:54:09,6.59
2026-01-27 17:54:10,6.59
2026-01-27 17:54:11,6.59
2026-01-27 17:54:12,6.59
2026-01-27 17:54:13,6.59
2026-01-27 17:54:14,6.65
2026-01-27 17:54:15,6.65
2026-01-27 17:54:16,6.65
2026-01-27 17:54:17,6.65
2026-01-27 17:54:18,6.65
2026-01-27 17:54:19,6.72
2026-01-27 17:54:20,6.72
2026-01-27 17:54:21,6.72
2026-01-27 17:54:22,6.72
2026-01-27 17:54:23,6.72
2026-01-27 17:54:24,7.48
2026-01-27 17:54:25,7.48
2026-01-27 17:54:26,7.48
2026-01-27 17:54:27,7.48
2026-01-27 17:54:28,7.48
2026-01-27 17:54:29,6.61
2026-01-27 17:54:30,6.61
2026-01-27 17:54:31,6.61
2026-01-27 17:54:32,6.61
2026-01-27 17:54:33,6.61
2026-01-27 17:54:34,7.49
2026-01-27 17:54:35,7.49
2026-01-27 17:54:36,7.49
2026-01-27 17:54:37,7.49
2026-01-27 17:54:38,7.49
2026-01-27 17:54:39,6.83
2026-01-27 17:54:40,6.83
2026-01-27 17:54:41,6.83
2026-01-27 17:54:42,6.83
2026-01-27 17:54:43,6.83
2026-01-27 17:54:44,7.48
2026-01-27 17:54:45,7.48
2026-01-27 17:54:46,7.48
2026-01-27 17:54:47,7.48
2026-01-27 17:54:48,7.48
2026-01-27 17:54:49,6.67
2026-01-27 17:54:50,6.67
2026-01-27 17:54:51,6.67
2026-01-27 17:54:52,6.67
2026-01-27 17:54:53,6.67
2026-01-27 17:54:54,8.57
2026-01-27 17:54:55,8.57
2026-01-27 17:54:56,8.57
2026-01-27 17:54:57,8.57
2026-01-27 17:54:58,8.57
2026-01-27 17:54:59,8.19
2026-01-27 17:55:00,8.19
2026-01-27 17:55:01,8.19
2026-01-27 17:55:02,8.19
2026-01-27 17:55:03,8.19
2026-01-27 17:55:04,8.68
2026-01-27 17:55:05,8.68
2026-01-27 17:55:06,8.68
2026-01-27 17:55:07,8.68
2026-01-27 17:55:08,8.68
2026-01-27 17:55:09,7.68
2026-01-27 17:55:10,7.68
2026-01-27 17:55:11,7.68
2026-01-27 17:55:12,7.68
2026-01-27 17:55:13,7.68
2026-01-27 17:55:14,7.74
2026-01-27 17:55:15,7.74
2026-01-27 17:55:16,7.74
2026-01-27 17:55:17,7.74
2026-01-27 17:55:18,7.74
2026-01-27 17:55:19,7.80
2026-01-27 17:55:20,7.80
2026-01-27 17:55:21,7.80
2026-01-27 17:55:22,7.80
2026-01-27 17:55:23,7.80
2026-01-27 17:55:24,8.64
2026-01-27 17:55:25,8.64
2026-01-27 17:55:26,8.64
2026-01-27 17:55:27,8.64
2026-01-27 17:55:28,8.64
2026-01-27 17:55:29,7.80
2026-01-27 17:55:30,7.80
2026-01-27 17:55:31,7.80
2026-01-27 17:55:32,7.80
2026-01-27 17:55:33,7.80
2026-01-27 17:55:34,8.50
2026-01-27 17:55:35,8.50
2026-01-27 17:55:36,8.50
2026-01-27 17:55:37,8.50
2026-01-27 17:55:38,8.50
2026-01-27 17:55:39,7.79
2026-01-27 17:55:40,7.79
2026-01-27 17:55:41,7.79
2026-01-27 17:55:42,7.79
2026-01-27 17:55:43,7.79
2026-01-27 17:55:44,8.31
2026-01-27 17:55:45,8.31
2026-01-27 17:55:46,8.31
2026-01-27 17:55:47,8.31
2026-01-27 17:55:48,8.31
2026-01-27 17:55:49,8.19
2026-01-27 17:55:50,8.19
2026-01-27 17:55:51,8.19
2026-01-27 17:55:52,8.19
2026-01-27 17:55:53,8.19
2026-01-27 17:55:54,8.75
2026-01-27 17:55:55,8.75
2026-01-27 17:55:56,8.75
2026-01-27 17:55:57,8.75
2026-01-27 17:55:58,8.75
2026-01-27 17:55:59,7.73
2026-01-27 17:56:00,7.73
2026-01-27 17:56:01,7.73
2026-01-27 17:56:02,7.73
2026-01-27 17:56:03,7.73
2026-01-27 17:56:04,8.41
2026-01-27 17:56:05,8.41
2026-01-27 17:56:06,8.41
2026-01-27 17:56:07,8.41
2026-01-27 17:56:08,8.41
2026-01-27 17:56:09,7.75
2026-01-27 17:56:10,7.75
2026-01-27 17:56:11,7.75
2026-01-27 17:56:12,7.75
2026-01-27 17:56:13,7.75
2026-01-27 17:56:14,7.77
2026-01-27 17:56:15,7.77
2026-01-27 17:56:16,7.77
2026-01-27 17:56:17,7.77
2026-01-27 17:56:18,7.77
2026-01-27 17:56:19,7.65
2026-01-27 17:56:20,7.65
2026-01-27 17:56:21,7.65
2026-01-27 17:56:22,7.65
2026-01-27 17:56:23,7.65
2026-01-27 17:56:24,7.69
2026-01-27 17:56:25,7.69
2026-01-27 17:56:26,7.69
2026-01-27 17:56:27,7.69
2026-01-27 17:56:28,7.69
2026-01-27 17:56:29,7.61
2026-01-27 17:56:30,7.61
2026-01-27 17:56:31,7.61
2026-01-27 17:56:32,7.61
2026-01-27 17:56:33,7.61
2026-01-27 17:56:34,11.0
2026-01-27 17:56:35,11.0
2026-01-27 17:56:36,11.0
2026-01-27 17:56:37,11.0
2026-01-27 17:56:38,11.0
2026-01-27 17:56:39,9.44
2026-01-27 17:56:40,9.44
2026-01-27 17:56:41,9.44
2026-01-27 17:56:42,9.44
2026-01-27 17:56:43,9.44
2026-01-27 17:56:44,9.78
2026-01-27 17:56:45,9.78
2026-01-27 17:56:46,9.78
2026-01-27 17:56:47,9.78
2026-01-27 17:56:48,9.78
2026-01-27 17:56:49,9.14
2026-01-27 17:56:50,9.14
2026-01-27 17:56:51,9.14
2026-01-27 17:56:52,9.14
2026-01-27 17:56:53,9.14
2026-01-27 17:56:54,10.1
2026-01-27 17:56:55,10.1
2026-01-27 17:56:56,10.1
2026-01-27 17:56:57,10.1
2026-01-27 17:56:58,10.1
2026-01-27 17:56:59,9.57
2026-01-27 17:57:00,9.57
2026-01-27 17:57:01,9.57
2026-01-27 17:57:02,9.57
2026-01-27 17:57:03,9.57
2026-01-27 17:57:04,8.76
2026-01-27 17:57:05,8.76
2026-01-27 17:57:06,8.76
2026-01-27 17:57:07,8.76
2026-01-27 17:57:08,8.76
2026-01-27 17:57:09,9.68
2026-01-27 17:57:10,9.68
2026-01-27 17:57:11,9.68
2026-01-27 17:57:12,9.68
2026-01-27 17:57:13,9.68
2026-01-27 17:57:14,10.00
2026-01-27 17:57:15,10.00
2026-01-27 17:57:16,10.00
2026-01-27 17:57:17,10.00
2026-01-27 17:57:18,10.00
2026-01-27 17:57:19,9.61
2026-01-27 17:57:20,9.61
2026-01-27 17:57:21,9.61
2026-01-27 17:57:22,9.61
2026-01-27 17:57:23,9.61
2026-01-27 17:57:24,10.3
2026-01-27 17:57:25,10.3
2026-01-27 17:57:26,10.3
2026-01-27 17:57:27,10.3
2026-01-27 17:57:28,10.3
2026-01-27 17:57:29,9.82
2026-01-27 17:57:30,9.82
2026-01-27 17:57:31,9.82
2026-01-27 17:57:32,9.82
2026-01-27 17:57:33,9.82
2026-01-27 17:57:34,10.9
2026-01-27 17:57:35,10.9
2026-01-27 17:57:36,10.9
2026-01-27 17:57:37,10.9
2026-01-27 17:57:38,10.9
2026-01-27 17:57:39,9.81
2026-01-27 17:57:40,9.81
2026-01-27 17:57:41,9.81
2026-01-27 17:57:42,9.81
2026-01-27 17:57:43,9.81
2026-01-27 17:57:44,10.3
2026-01-27 17:57:45,10.3
2026-01-27 17:57:46,10.3
2026-01-27 17:57:47,10.3
2026-01-27 17:57:48,10.3
2026-01-27 17:57:49,9.57
2026-01-27 17:57:50,9.57
2026-01-27 17:57:51,9.57
2026-01-27 17:57:52,9.57
2026-01-27 17:57:53,9.57
2026-01-27 17:57:54,0
2026-01-27 17:57:55,0
2026-01-27 17:57:56,0
2026-01-27 17:57:57,0
2026-01-27 17:57:58,0
2026-01-27 17:57:59,0
2026-01-27 17:58:00,0
2026-01-27 17:58:01,0
2026-01-27 17:58:02,0
2026-01-27 17:58:03,0
2026-01-27 17:58:04,0
2026-01-27 17:58:05,0
2026-01-27 17:58:06,0
2026-01-27 17:58:07,0
2026-01-27 17:58:08,0
2026-01-27 17:58:09,0
2026-01-27 17:58:10,0
2026-01-27 17:58:11,0
2026-01-27 17:58:12,0
2026-01-27 17:58:13,0
2026-01-27 17:58:14,0
2026-01-27 17:58:15,0
2026-01-27 17:58:16,0
2026-01-27 17:58:17,0
2026-01-27 17:58:18,0
2026-01-27 17:58:19,0
2026-01-27 17:58:20,0
2026-01-27 17:58:21,0
2026-01-27 17:58:22,0
2026-01-27 17:58:23,0
2026-01-27 17:58:24,0
2026-01-27 17:58:25,0
2026-01-27 17:58:26,0
2026-01-27 17:58:27,0
2026-01-27 17:58:28,0
2026-01-27 17:58:29,0
2026-01-27 17:58:30,0
2026-01-27 17:58:31,0
2026-01-27 17:58:32,0
2026-01-27 17:58:33,0
2026-01-27 17:58:34,0
2026-01-27 17:58:35,0
2026-01-27 17:58:36,0
2026-01-27 17:58:37,0
2026-01-27 17:58:38,0
2026-01-27 17:58:39,0
2026-01-27 17:58:40,0
2026-01-27 17:58:41,0
2026-01-27 17:58:42,0
2026-01-27 17:58:43,0
2026-01-27 17:58:44,0
2026-01-27 17:58:45,0
2026-01-27 17:58:46,0
2026-01-27 17:58:47,0
2026-01-27 17:58:48,0
2026-01-27 17:58:49,0
2026-01-27 17:58:50,0
2026-01-27 17:58:51,0
2026-01-27 17:58:52,0
2026-01-27 17:58:53,0
2026-01-27 17:58:54,0
2026-01-27 17:58:55,0
2026-01-27 17:58:56,0
2026-01-27 17:58:57,0
2026-01-27 17:58:58,0
2026-01-27 17:58:59,0
2026-01-27 17:59:00,0
2026-01-27 17:59:01,0
2026-01-27 17:59:02,0
2026-01-27 17:59:03,0
2026-01-27 17:59:04,0
2026-01-27 17:59:05,0
2026-01-27 17:59:06,0
2026-01-27 17:59:07,0
2026-01-27 17:59:08,0
2026-01-27 17:59:09,0
2026-01-27 17:59:10,0
2026-01-27 17:59:11,0
2026-01-27 17:59:12,0
2026-01-27 17:59:13,0
2026-01-27 17:59:14,0
2026-01-27 17:59:15,0
2026-01-27 17:59:16,0
2026-01-27 17:59:17,0
2026-01-27 17:59:18,0
2026-01-27 17:59:19,0
2026-01-27 17:59:20,0
2026-01-27 17:59:21,0
2026-01-27 17:59:22,0
2026-01-27 17:59:23,0
2026-01-27 17:59:24,0
2026-01-27 17:59:25,0
2026-01-27 17:59:26,0
2026-01-27 17:59:27,0
2026-01-27 17:59:28,0
2026-01-27 17:59:54,3.32
2026-01-27 17:59:55,3.32
2026-01-27 17:59:56,3.32
2026-01-27 17:59:57,3.32
2026-01-27 17:59:58,3.32
2026-01-27 17:59:59,4.85
2026-01-27 18:00:00,4.85
2026-01-27 18:00:01,4.85
2026-01-27 18:00:02,4.85
2026-01-27 18:00:03,4.85
2026-01-27 18:00:04,6.33
2026-01-27 18:00:05,6.33
2026-01-27 18:00:06,6.33
2026-01-27 18:00:07,6.33
2026-01-27 18:00:08,6.33
2026-01-27 18:00:09,5.21
2026-01-27 18:00:10,5.21
2026-01-27 18:00:11,5.21
2026-01-27 18:00:12,5.21
2026-01-27 18:00:13,5.21
2026-01-27 18:00:14,6.25
2026-01-27 18:00:15,6.25
2026-01-27 18:00:16,6.25
2026-01-27 18:00:17,6.25
2026-01-27 18:00:18,6.25
2026-01-27 18:00:19,5.08
2026-01-27 18:00:20,5.08
2026-01-27 18:00:21,5.08
2026-01-27 18:00:22,5.08
2026-01-27 18:00:23,5.08
2026-01-27 18:00:24,5.93
2026-01-27 18:00:25,5.93
2026-01-27 18:00:26,5.93
2026-01-27 18:00:27,5.93
2026-01-27 18:00:28,5.93
2026-01-27 18:00:29,5.12
2026-01-27 18:00:30,5.12
2026-01-27 18:00:31,5.12
2026-01-27 18:00:32,5.12
2026-01-27 18:00:33,5.12
2026-01-27 18:00:34,6.22
2026-01-27 18:00:35,6.22
2026-01-27 18:00:36,6.22
2026-01-27 18:00:37,6.22
2026-01-27 18:00:38,6.22
2026-01-27 18:00:39,5.29
2026-01-27 18:00:40,5.29
2026-01-27 18:00:41,5.29
2026-01-27 18:00:42,5.29
2026-01-27 18:00:43,5.29
2026-01-27 18:00:44,5.82
2026-01-27 18:00:45,5.82
2026-01-27 18:00:46,5.82
2026-01-27 18:00:47,5.82
2026-01-27 18:00:48,5.82
2026-01-27 18:00:49,5.22
2026-01-27 18:00:50,5.22
2026-01-27 18:00:51,5.22
2026-01-27 18:00:52,5.22
2026-01-27 18:00:53,5.22
2026-01-27 18:00:54,7.96
2026-01-27 18:00:55,7.96
2026-01-27 18:00:56,7.96
2026-01-27 18:00:57,7.96
2026-01-27 18:00:58,7.96
2026-01-27 18:00:59,7.38
2026-01-27 18:01:00,7.38
2026-01-27 18:01:01,7.38
2026-01-27 18:01:02,7.38
2026-01-27 18:01:03,7.38
2026-01-27 18:01:04,6.11
2026-01-27 18:01:05,6.11
2026-01-27 18:01:06,6.11
2026-01-27 18:01:07,6.11
2026-01-27 18:01:08,6.11
2026-01-27 18:01:09,5.43
2026-01-27 18:01:10,5.43
2026-01-27 18:01:11,5.43
2026-01-27 18:01:12,5.43
2026-01-27 18:01:13,5.43
2026-01-27 18:01:14,6.53
2026-01-27 18:01:15,6.53
2026-01-27 18:01:16,6.53
2026-01-27 18:01:17,6.53
2026-01-27 18:01:18,6.53
2026-01-27 18:01:19,5.48
2026-01-27 18:01:20,5.48
2026-01-27 18:01:21,5.48
2026-01-27 18:01:22,5.48
2026-01-27 18:01:23,5.48
2026-01-27 18:01:24,7.17
2026-01-27 18:01:25,7.17
2026-01-27 18:01:26,7.17
2026-01-27 18:01:27,7.17
2026-01-27 18:01:28,7.17
2026-01-27 18:01:29,6.49
2026-01-27 18:01:30,6.49
2026-01-27 18:01:31,6.49
2026-01-27 18:01:32,6.49
2026-01-27 18:01:33,6.49
2026-01-27 18:01:34,6.05
2026-01-27 18:01:35,6.05
2026-01-27 18:01:36,6.05
2026-01-27 18:01:37,6.05
2026-01-27 18:01:38,6.05
2026-01-27 18:01:39,4.93
2026-01-27 18:01:40,4.93
2026-01-27 18:01:41,4.93
2026-01-27 18:01:42,4.93
2026-01-27 18:01:43,4.93
2026-01-27 18:01:44,7.23
2026-01-27 18:01:45,7.23
2026-01-27 18:01:46,7.23
2026-01-27 18:01:47,7.23
2026-01-27 18:01:48,7.23
2026-01-27 18:01:49,6.90
2026-01-27 18:01:50,6.90
2026-01-27 18:01:51,6.90
2026-01-27 18:01:52,6.90
2026-01-27 18:01:53,6.90
2026-01-27 18:01:54,7.37
2026-01-27 18:01:55,7.37
2026-01-27 18:01:56,7.37
2026-01-27 18:01:57,7.37
2026-01-27 18:01:58,7.37
2026-01-27 18:01:59,6.44
2026-01-27 18:02:00,6.44
2026-01-27 18:02:01,6.44
2026-01-27 18:02:02,6.44
2026-01-27 18:02:03,6.44
2026-01-27 18:02:04,7.10
2026-01-27 18:02:05,7.10
2026-01-27 18:02:06,7.10
2026-01-27 18:02:07,7.10
2026-01-27 18:02:08,7.10
2026-01-27 18:02:09,6.43
2026-01-27 18:02:10,6.43
2026-01-27 18:02:11,6.43
2026-01-27 18:02:12,6.43
2026-01-27 18:02:13,6.43
2026-01-27 18:02:14,6.66
2026-01-27 18:02:15,6.66
2026-01-27 18:02:16,6.66
2026-01-27 18:02:17,6.66
2026-01-27 18:02:18,6.66
2026-01-27 18:02:19,6.75
2026-01-27 18:02:20,6.75
2026-01-27 18:02:21,6.75
2026-01-27 18:02:22,6.75
2026-01-27 18:02:23,6.75
2026-01-27 18:02:24,7.67
2026-01-27 18:02:25,7.67
2026-01-27 18:02:26,7.67
2026-01-27 18:02:27,7.67
2026-01-27 18:02:28,7.67
2026-01-27 18:02:29,6.95
2026-01-27 18:02:30,6.95
2026-01-27 18:02:31,6.95
2026-01-27 18:02:32,6.95
2026-01-27 18:02:33,6.95
2026-01-27 18:02:34,7.58
2026-01-27 18:02:35,7.58
2026-01-27 18:02:36,7.58
2026-01-27 18:02:37,7.58
2026-01-27 18:02:38,7.58
2026-01-27 18:02:39,6.58
2026-01-27 18:02:40,6.58
2026-01-27 18:02:41,6.58
2026-01-27 18:02:42,6.58
2026-01-27 18:02:43,6.58
2026-01-27 18:02:44,6.97
2026-01-27 18:02:45,6.97
2026-01-27 18:02:46,6.97
2026-01-27 18:02:47,6.97
2026-01-27 18:02:48,6.97
2026-01-27 18:02:49,6.34
2026-01-27 18:02:50,6.34
2026-01-27 18:02:51,6.34
2026-01-27 18:02:52,6.34
2026-01-27 18:02:53,6.34
2026-01-27 18:02:54,7.12
2026-01-27 18:02:55,7.12
2026-01-27 18:02:56,7.12
2026-01-27 18:02:57,7.12
2026-01-27 18:02:58,7.12
2026-01-27 18:02:59,6.56
2026-01-27 18:03:00,6.56
2026-01-27 18:03:01,6.56
2026-01-27 18:03:02,6.56
2026-01-27 18:03:03,6.56
2026-01-27 18:03:04,7.57
2026-01-27 18:03:05,7.57
2026-01-27 18:03:06,7.57
2026-01-27 18:03:07,7.57
2026-01-27 18:03:08,7.57
2026-01-27 18:03:09,6.43
2026-01-27 18:03:10,6.43
2026-01-27 18:03:11,6.43
2026-01-27 18:03:12,6.43
2026-01-27 18:03:13,6.43
2026-01-27 18:03:14,6.44
2026-01-27 18:03:15,6.44
2026-01-27 18:03:16,6.44
2026-01-27 18:03:17,6.44
2026-01-27 18:03:18,6.44
2026-01-27 18:03:19,6.41
2026-01-27 18:03:20,6.41
2026-01-27 18:03:21,6.41
2026-01-27 18:03:22,6.41
2026-01-27 18:03:23,6.41
2026-01-27 18:03:24,7.22
2026-01-27 18:03:25,7.22
2026-01-27 18:03:26,7.22
2026-01-27 18:03:27,7.22
2026-01-27 18:03:28,7.22
2026-01-27 18:03:29,7.18
2026-01-27 18:03:30,7.18
2026-01-27 18:03:31,7.18
2026-01-27 18:03:32,7.18
2026-01-27 18:03:33,7.18
2026-01-27 18:03:34,7.72
2026-01-27 18:03:35,7.72
2026-01-27 18:03:36,7.72
2026-01-27 18:03:37,7.72
2026-01-27 18:03:38,7.72
2026-01-27 18:03:39,6.47
2026-01-27 18:03:40,6.47
2026-01-27 18:03:41,6.47
2026-01-27 18:03:42,6.47
2026-01-27 18:03:43,6.47
2026-01-27 18:03:44,7.00
2026-01-27 18:03:45,7.00
2026-01-27 18:03:46,7.00
2026-01-27 18:03:47,7.00
2026-01-27 18:03:48,7.00
2026-01-27 18:03:49,6.46
2026-01-27 18:03:50,6.46
2026-01-27 18:03:51,6.46
2026-01-27 18:03:52,6.46
2026-01-27 18:03:53,6.46
2026-01-27 18:03:54,7.03
2026-01-27 18:03:55,7.03
2026-01-27 18:03:56,7.03
2026-01-27 18:03:57,7.03
2026-01-27 18:03:58,7.03
2026-01-27 18:03:59,6.53
2026-01-27 18:04:00,6.53
2026-01-27 18:04:01,6.53
2026-01-27 18:04:02,6.53
2026-01-27 18:04:03,6.53
2026-01-27 18:04:04,7.48
2026-01-27 18:04:05,7.48
2026-01-27 18:04:06,7.48
2026-01-27 18:04:07,7.48
2026-01-27 18:04:08,7.48
2026-01-27 18:04:09,6.52
2026-01-27 18:04:10,6.52
2026-01-27 18:04:11,6.52
2026-01-27 18:04:12,6.52
2026-01-27 18:04:13,6.52
2026-01-27 18:04:14,6.36
2026-01-27 18:04:15,6.36
2026-01-27 18:04:16,6.36
2026-01-27 18:04:17,6.36
2026-01-27 18:04:18,6.36
2026-01-27 18:04:19,6.47
2026-01-27 18:04:20,6.47
2026-01-27 18:04:21,6.47
2026-01-27 18:04:22,6.47
2026-01-27 18:04:23,6.47
2026-01-27 18:04:24,7.02
2026-01-27 18:04:25,7.02
2026-01-27 18:04:26,7.02
2026-01-27 18:04:27,7.02
2026-01-27 18:04:28,7.02
2026-01-27 18:04:29,6.74
2026-01-27 18:04:30,6.74
2026-01-27 18:04:31,6.74
2026-01-27 18:04:32,6.74
2026-01-27 18:04:33,6.74
2026-01-27 18:04:34,8.08
2026-01-27 18:04:35,8.08
2026-01-27 18:04:36,8.08
2026-01-27 18:04:37,8.08
2026-01-27 18:04:38,8.08
2026-01-27 18:04:39,6.89
2026-01-27 18:04:40,6.89
2026-01-27 18:04:41,6.89
2026-01-27 18:04:42,6.89
2026-01-27 18:04:43,6.89
2026-01-27 18:04:44,7.13
2026-01-27 18:04:45,7.13
2026-01-27 18:04:46,7.13
2026-01-27 18:04:47,7.13
2026-01-27 18:04:48,7.13
2026-01-27 18:04:49,6.42
2026-01-27 18:04:50,6.42
2026-01-27 18:04:51,6.42
2026-01-27 18:04:52,6.42
2026-01-27 18:04:53,6.42
2026-01-27 18:04:54,6.83
2026-01-27 18:04:55,6.83
2026-01-27 18:04:56,6.83
2026-01-27 18:04:57,6.83
2026-01-27 18:04:58,6.83
2026-01-27 18:04:59,6.81
2026-01-27 18:05:00,6.81
2026-01-27 18:05:01,6.81
2026-01-27 18:05:02,6.81
2026-01-27 18:05:03,6.81
2026-01-27 18:05:04,8.05
2026-01-27 18:05:05,8.05
2026-01-27 18:05:06,8.05
2026-01-27 18:05:07,8.05
2026-01-27 18:05:08,8.05
2026-01-27 18:05:09,7.07
2026-01-27 18:05:10,7.07
2026-01-27 18:05:11,7.07
2026-01-27 18:05:12,7.07
2026-01-27 18:05:13,7.07
2026-01-27 18:05:14,8.33
2026-01-27 18:05:15,8.33
2026-01-27 18:05:16,8.33
2026-01-27 18:05:17,8.33
2026-01-27 18:05:18,8.33
2026-01-27 18:05:19,8.39
2026-01-27 18:05:20,8.39
2026-01-27 18:05:21,8.39
2026-01-27 18:05:22,8.39
2026-01-27 18:05:23,8.39
2026-01-27 18:05:24,8.83
2026-01-27 18:05:25,8.83
2026-01-27 18:05:26,8.83
2026-01-27 18:05:27,8.83
2026-01-27 18:05:28,8.83
2026-01-27 18:05:29,8.25
2026-01-27 18:05:30,8.25
2026-01-27 18:05:31,8.25
2026-01-27 18:05:32,8.25
2026-01-27 18:05:33,8.25
2026-01-27 18:05:34,9.01
2026-01-27 18:05:35,9.01
2026-01-27 18:05:36,9.01
2026-01-27 18:05:37,9.01
2026-01-27 18:05:38,9.01
2026-01-27 18:05:39,8.59
2026-01-27 18:05:40,8.59
2026-01-27 18:05:41,8.59
2026-01-27 18:05:42,8.59
2026-01-27 18:05:43,8.59
2026-01-27 18:05:44,8.62
2026-01-27 18:05:45,8.62
2026-01-27 18:05:46,8.62
2026-01-27 18:05:47,8.62
2026-01-27 18:05:48,8.62
2026-01-27 18:05:49,8.93
2026-01-27 18:05:50,8.93
2026-01-27 18:05:51,8.93
2026-01-27 18:05:52,8.93
2026-01-27 18:05:53,8.93
2026-01-27 18:05:54,10.1
2026-01-27 18:05:55,10.1
2026-01-27 18:05:56,10.1
2026-01-27 18:05:57,10.1
2026-01-27 18:05:58,10.1
2026-01-27 18:05:59,9.09
2026-01-27 18:06:00,9.09
2026-01-27 18:06:01,9.09
2026-01-27 18:06:02,9.09
2026-01-27 18:06:03,9.09
2026-01-27 18:06:04,9.72
2026-01-27 18:06:05,9.72
2026-01-27 18:06:06,9.72
2026-01-27 18:06:07,9.72
2026-01-27 18:06:08,9.72
2026-01-27 18:06:09,9.32
2026-01-27 18:06:10,9.32
2026-01-27 18:06:11,9.32
2026-01-27 18:06:12,9.32
2026-01-27 18:06:13,9.32
2026-01-27 18:06:14,0
2026-01-27 18:06:15,0
2026-01-27 18:06:16,0
2026-01-27 18:06:17,0
2026-01-27 18:06:18,0
2026-01-27 18:06:19,0
2026-01-27 18:06:20,0
2026-01-27 18:06:21,0
2026-01-27 18:06:22,0
2026-01-27 18:06:23,0
2026-01-27 18:06:24,0
2026-01-27 18:06:25,0
2026-01-27 18:06:26,0
2026-01-27 18:06:27,0
2026-01-27 18:06:28,0
2026-01-27 18:06:29,0
2026-01-27 18:06:30,0
2026-01-27 18:06:31,0
2026-01-27 18:06:32,0
2026-01-27 18:06:33,0
2026-01-27 18:06:34,0
2026-01-27 18:06:35,0
2026-01-27 18:06:36,0
2026-01-27 18:06:37,0
2026-01-27 18:06:38,0
2026-01-27 18:06:39,0
2026-01-27 18:06:40,0
2026-01-27 18:06:41,0
2026-01-27 18:06:42,0
2026-01-27 18:06:43,0
2026-01-27 18:06:44,0
2026-01-27 18:06:45,0
2026-01-27 18:06:46,0
2026-01-27 18:06:47,0
2026-01-27 18:06:48,0
2026-01-27 18:06:49,0
2026-01-27 18:06:50,0
2026-01-27 18:06:51,0
2026-01-27 18:06:52,0
2026-01-27 18:06:53,0
2026-01-27 18:06:54,0
2026-01-27 18:06:55,0
2026-01-27 18:06:56,0
2026-01-27 18:06:57,0
2026-01-27 18:06:58,0
2026-01-27 18:06:59,0
2026-01-27 18:07:00,0
2026-01-27 18:07:01,0
2026-01-27 18:07:02,0
2026-01-27 18:07:03,0
2026-01-27 18:07:04,0
2026-01-27 18:07:05,0
2026-01-27 18:07:06,0
2026-01-27 18:07:07,0
2026-01-27 18:07:08,0
2026-01-27 18:07:09,0
2026-01-27 18:07:10,0
2026-01-27 18:07:11,0
2026-01-27 18:07:12,0
2026-01-27 18:07:13,0
2026-01-27 18:07:14,0
2026-01-27 18:07:15,0
2026-01-27 18:07:16,0
2026-01-27 18:07:17,0
2026-01-27 18:07:18,0
2026-01-27 18:07:19,0
2026-01-27 18:07:20,0
2026-01-27 18:07:21,0
2026-01-27 18:07:22,0
2026-01-27 18:07:23,0
2026-01-27 18:07:24,0
2026-01-27 18:07:25,0
2026-01-27 18:07:26,0
2026-01-27 18:07:27,0
2026-01-27 18:07:28,0
2026-01-27 18:07:29,0
2026-01-27 18:07:30,0
2026-01-27 18:07:31,0
2026-01-27 18:07:32,0
2026-01-27 18:07:33,0
2026-01-27 18:07:34,0
2026-01-27 18:07:35,0
2026-01-27 18:07:36,0
2026-01-27 18:07:37,0
2026-01-27 18:07:38,0
2026-01-27 18:07:39,0
2026-01-27 18:07:40,0
2026-01-27 18:07:41,0
2026-01-27 18:07:42,0
2026-01-27 18:07:43,0
2026-01-27 18:07:44,0
2026-01-27 18:07:45,0
2026-01-27 18:07:46,0
2026-01-27 18:07:47,0
2026-01-27 18:07:48,0
2026-01-27 18:08:29,6.92
2026-01-27 18:08:30,6.92
2026-01-27 18:08:31,6.92
2026-01-27 18:08:32,6.92
2026-01-27 18:08:33,6.92
2026-01-27 18:08:34,9.92
2026-01-27 18:08:35,9.92
2026-01-27 18:08:36,9.92
2026-01-27 18:08:37,9.92
2026-01-27 18:08:38,9.92
2026-01-27 18:08:39,8.83
2026-01-27 18:08:40,8.83
2026-01-27 18:08:41,8.83
2026-01-27 18:08:42,8.83
2026-01-27 18:08:43,8.83
2026-01-27 18:08:44,10.3
2026-01-27 18:08:45,10.3
2026-01-27 18:08:46,10.3
2026-01-27 18:08:47,10.3
2026-01-27 18:08:48,10.3
2026-01-27 18:08:49,10.3
2026-01-27 18:08:50,10.3
2026-01-27 18:08:51,10.3
2026-01-27 18:08:52,10.3
2026-01-27 18:08:53,10.3
2026-01-27 18:08:54,9.15
2026-01-27 18:08:55,9.15
2026-01-27 18:08:56,9.15
2026-01-27 18:08:57,9.15
2026-01-27 18:08:58,9.15
2026-01-27 18:08:59,6.80
2026-01-27 18:09:00,6.80
2026-01-27 18:09:01,6.80
2026-01-27 18:09:02,6.80
2026-01-27 18:09:03,6.80
2026-01-27 18:09:04,7.31
2026-01-27 18:09:05,7.31
2026-01-27 18:09:06,7.31
2026-01-27 18:09:07,7.31
2026-01-27 18:09:08,7.31
2026-01-27 18:09:09,6.52
2026-01-27 18:09:10,6.52
2026-01-27 18:09:11,6.52
2026-01-27 18:09:12,6.52
2026-01-27 18:09:13,6.52
2026-01-27 18:09:14,6.60
2026-01-27 18:09:15,6.60
2026-01-27 18:09:16,6.60
2026-01-27 18:09:17,6.60
2026-01-27 18:09:18,6.60
2026-01-27 18:09:19,6.66
2026-01-27 18:09:20,6.66
2026-01-27 18:09:21,6.66
2026-01-27 18:09:22,6.66
2026-01-27 18:09:23,6.66
2026-01-27 18:09:24,7.17
2026-01-27 18:09:25,7.17
2026-01-27 18:09:26,7.17
2026-01-27 18:09:27,7.17
2026-01-27 18:09:28,7.17
2026-01-27 18:09:29,6.80
2026-01-27 18:09:30,6.80
2026-01-27 18:09:31,6.80
2026-01-27 18:09:32,6.80
2026-01-27 18:09:33,6.80
2026-01-27 18:09:34,7.72
2026-01-27 18:09:35,7.72
2026-01-27 18:09:36,7.72
2026-01-27 18:09:37,7.72
2026-01-27 18:09:38,7.72
2026-01-27 18:09:39,6.58
2026-01-27 18:09:40,6.58
2026-01-27 18:09:41,6.58
2026-01-27 18:09:42,6.58
2026-01-27 18:09:43,6.58
2026-01-27 18:09:44,10.1
2026-01-27 18:09:45,10.1
2026-01-27 18:09:46,10.1
2026-01-27 18:09:47,10.1
2026-01-27 18:09:48,10.1
2026-01-27 18:09:49,7.36
2026-01-27 18:09:50,7.36
2026-01-27 18:09:51,7.36
2026-01-27 18:09:52,7.36
2026-01-27 18:09:53,7.36
2026-01-27 18:09:54,6.00
2026-01-27 18:09:55,6.00
2026-01-27 18:09:56,6.00
2026-01-27 18:09:57,6.00
2026-01-27 18:09:58,6.00
2026-01-27 18:09:59,5.44
2026-01-27 18:10:00,5.44
2026-01-27 18:10:01,5.44
2026-01-27 18:10:02,5.44
2026-01-27 18:10:03,5.44
2026-01-27 18:10:04,7.63
2026-01-27 18:10:05,7.63
2026-01-27 18:10:06,7.63
2026-01-27 18:10:07,7.63
2026-01-27 18:10:08,7.63
2026-01-27 18:10:09,6.77
2026-01-27 18:10:10,6.77
2026-01-27 18:10:11,6.77
2026-01-27 18:10:12,6.77
2026-01-27 18:10:13,6.77
2026-01-27 18:10:14,6.54
2026-01-27 18:10:15,6.54
2026-01-27 18:10:16,6.54
2026-01-27 18:10:17,6.54
2026-01-27 18:10:18,6.54
2026-01-27 18:10:19,6.82
2026-01-27 18:10:20,6.82
2026-01-27 18:10:21,6.82
2026-01-27 18:10:22,6.82
2026-01-27 18:10:23,6.82
2026-01-27 18:10:24,7.25
2026-01-27 18:10:25,7.25
2026-01-27 18:10:26,7.25
2026-01-27 18:10:27,7.25
2026-01-27 18:10:28,7.25
2026-01-27 18:10:29,6.65
2026-01-27 18:10:30,6.65
2026-01-27 18:10:31,6.65
2026-01-27 18:10:32,6.65
2026-01-27 18:10:33,6.65
2026-01-27 18:10:34,7.64
2026-01-27 18:10:35,7.64
2026-01-27 18:10:36,7.64
2026-01-27 18:10:37,7.64
2026-01-27 18:10:38,7.64
2026-01-27 18:10:39,8.23
2026-01-27 18:10:40,8.23
2026-01-27 18:10:41,8.23
2026-01-27 18:10:42,8.23
2026-01-27 18:10:43,8.23
2026-01-27 18:10:44,8.43
2026-01-27 18:10:45,8.43
2026-01-27 18:10:46,8.43
2026-01-27 18:10:47,8.43
2026-01-27 18:10:48,8.43
2026-01-27 18:10:49,7.66
2026-01-27 18:10:50,7.66
2026-01-27 18:10:51,7.66
2026-01-27 18:10:52,7.66
2026-01-27 18:10:53,7.66
2026-01-27 18:10:54,8.21
2026-01-27 18:10:55,8.21
2026-01-27 18:10:56,8.21
2026-01-27 18:10:57,8.21
2026-01-27 18:10:58,8.21
2026-01-27 18:10:59,7.73
2026-01-27 18:11:00,7.73
2026-01-27 18:11:01,7.73
2026-01-27 18:11:02,7.73
2026-01-27 18:11:03,7.73
2026-01-27 18:11:04,8.69
2026-01-27 18:11:05,8.69
2026-01-27 18:11:06,8.69
2026-01-27 18:11:07,8.69
2026-01-27 18:11:08,8.69
2026-01-27 18:11:09,8.02
2026-01-27 18:11:10,8.02
2026-01-27 18:11:11,8.02
2026-01-27 18:11:12,8.02
2026-01-27 18:11:13,8.02
2026-01-27 18:11:14,7.60
2026-01-27 18:11:15,7.60
2026-01-27 18:11:16,7.60
2026-01-27 18:11:17,7.60
2026-01-27 18:11:18,7.60
2026-01-27 18:11:19,7.79
2026-01-27 18:11:20,7.79
2026-01-27 18:11:21,7.79
2026-01-27 18:11:22,7.79
2026-01-27 18:11:23,7.79
2026-01-27 18:11:24,10.2
2026-01-27 18:11:25,10.2
2026-01-27 18:11:26,10.2
2026-01-27 18:11:27,10.2
2026-01-27 18:11:28,10.2
2026-01-27 18:11:29,7.09
2026-01-27 18:11:30,7.09
2026-01-27 18:11:31,7.09
2026-01-27 18:11:32,7.09
2026-01-27 18:11:33,7.09
2026-01-27 18:11:34,8.51
2026-01-27 18:11:35,8.51
2026-01-27 18:11:36,8.51
2026-01-27 18:11:37,8.51
2026-01-27 18:11:38,8.51
2026-01-27 18:11:39,7.99
2026-01-27 18:11:40,7.99
2026-01-27 18:11:41,7.99
2026-01-27 18:11:42,7.99
2026-01-27 18:11:43,7.99
2026-01-27 18:11:44,8.46
2026-01-27 18:11:45,8.46
2026-01-27 18:11:46,8.46
2026-01-27 18:11:47,8.46
2026-01-27 18:11:48,8.46
2026-01-27 18:11:49,7.60
2026-01-27 18:11:50,7.60
2026-01-27 18:11:51,7.60
2026-01-27 18:11:52,7.60
2026-01-27 18:11:53,7.60
2026-01-27 18:11:54,8.17
2026-01-27 18:11:55,8.17
2026-01-27 18:11:56,8.17
2026-01-27 18:11:57,8.17
2026-01-27 18:11:58,8.17
2026-01-27 18:11:59,7.61
2026-01-27 18:12:00,7.61
2026-01-27 18:12:01,7.61
2026-01-27 18:12:02,7.61
2026-01-27 18:12:03,7.61
2026-01-27 18:12:04,8.37
2026-01-27 18:12:05,8.37
2026-01-27 18:12:06,8.37
2026-01-27 18:12:07,8.37
2026-01-27 18:12:08,8.37
2026-01-27 18:12:09,8.15
2026-01-27 18:12:10,8.15
2026-01-27 18:12:11,8.15
2026-01-27 18:12:12,8.15
2026-01-27 18:12:13,8.15
2026-01-27 18:12:14,7.68
2026-01-27 18:12:15,7.68
2026-01-27 18:12:16,7.68
2026-01-27 18:12:17,7.68
2026-01-27 18:12:18,7.68
2026-01-27 18:12:19,7.73
2026-01-27 18:12:20,7.73
2026-01-27 18:12:21,7.73
2026-01-27 18:12:22,7.73
2026-01-27 18:12:23,7.73
2026-01-27 18:12:24,8.46
2026-01-27 18:12:25,8.46
2026-01-27 18:12:26,8.46
2026-01-27 18:12:27,8.46
2026-01-27 18:12:28,8.46
2026-01-27 18:12:29,7.70
2026-01-27 18:12:30,7.70
2026-01-27 18:12:31,7.70
2026-01-27 18:12:32,7.70
2026-01-27 18:12:33,7.70
2026-01-27 18:12:34,8.53
2026-01-27 18:12:35,8.53
2026-01-27 18:12:36,8.53
2026-01-27 18:12:37,8.53
2026-01-27 18:12:38,8.53
2026-01-27 18:12:39,7.73
2026-01-27 18:12:40,7.73
2026-01-27 18:12:41,7.73
2026-01-27 18:12:42,7.73
2026-01-27 18:12:43,7.73
2026-01-27 18:12:44,8.17
2026-01-27 18:12:45,8.17
2026-01-27 18:12:46,8.17
2026-01-27 18:12:47,8.17
2026-01-27 18:12:48,8.17
2026-01-27 18:12:49,7.76
2026-01-27 18:12:50,7.76
2026-01-27 18:12:51,7.76
2026-01-27 18:12:52,7.76
2026-01-27 18:12:53,7.76
2026-01-27 18:12:54,8.29
2026-01-27 18:12:55,8.29
2026-01-27 18:12:56,8.29
2026-01-27 18:12:57,8.29
2026-01-27 18:12:58,8.29
2026-01-27 18:12:59,7.91
2026-01-27 18:13:00,7.91
2026-01-27 18:13:01,7.91
2026-01-27 18:13:02,7.91
2026-01-27 18:13:03,7.91
2026-01-27 18:13:04,9.63
2026-01-27 18:13:05,9.63
2026-01-27 18:13:06,9.63
2026-01-27 18:13:07,9.63
2026-01-27 18:13:08,9.63
2026-01-27 18:13:09,10.2
2026-01-27 18:13:10,10.2
2026-01-27 18:13:11,10.2
2026-01-27 18:13:12,10.2
2026-01-27 18:13:13,10.2
2026-01-27 18:13:14,7.81
2026-01-27 18:13:15,7.81
2026-01-27 18:13:16,7.81
2026-01-27 18:13:17,7.81
2026-01-27 18:13:18,7.81
2026-01-27 18:13:19,8.07
2026-01-27 18:13:20,8.07
2026-01-27 18:13:21,8.07
2026-01-27 18:13:22,8.07
2026-01-27 18:13:23,8.07
2026-01-27 18:13:24,8.32
2026-01-27 18:13:25,8.32
2026-01-27 18:13:26,8.32
2026-01-27 18:13:27,8.32
2026-01-27 18:13:28,8.32
2026-01-27 18:13:29,7.80
2026-01-27 18:13:30,7.80
2026-01-27 18:13:31,7.80
2026-01-27 18:13:32,7.80
2026-01-27 18:13:33,7.80
2026-01-27 18:13:34,8.15
2026-01-27 18:13:35,8.15
2026-01-27 18:13:36,8.15
2026-01-27 18:13:37,8.15
2026-01-27 18:13:38,8.15
2026-01-27 18:13:39,6.96
2026-01-27 18:13:40,6.96
2026-01-27 18:13:41,6.96
2026-01-27 18:13:42,6.96
2026-01-27 18:13:43,6.96
2026-01-27 18:13:44,9.08
2026-01-27 18:13:45,9.08
2026-01-27 18:13:46,9.08
2026-01-27 18:13:47,9.08
2026-01-27 18:13:48,9.08
2026-01-27 18:13:49,8.32
2026-01-27 18:13:50,8.32
2026-01-27 18:13:51,8.32
2026-01-27 18:13:52,8.32
2026-01-27 18:13:53,8.32
2026-01-27 18:13:54,8.95
2026-01-27 18:13:55,8.95
2026-01-27 18:13:56,8.95
2026-01-27 18:13:57,8.95
2026-01-27 18:13:58,8.95
2026-01-27 18:13:59,8.01
2026-01-27 18:14:00,8.01
2026-01-27 18:14:01,8.01
2026-01-27 18:14:02,8.01
2026-01-27 18:14:03,8.01
2026-01-27 18:14:04,8.62
2026-01-27 18:14:05,8.62
2026-01-27 18:14:06,8.62
2026-01-27 18:14:07,8.62
2026-01-27 18:14:08,8.62
2026-01-27 18:14:09,8.15
2026-01-27 18:14:10,8.15
2026-01-27 18:14:11,8.15
2026-01-27 18:14:12,8.15
2026-01-27 18:14:13,8.15
2026-01-27 18:14:14,8.03
2026-01-27 18:14:15,8.03
2026-01-27 18:14:16,8.03
2026-01-27 18:14:17,8.03
2026-01-27 18:14:18,8.03
2026-01-27 18:14:19,8.68
2026-01-27 18:14:20,8.68
2026-01-27 18:14:21,8.68
2026-01-27 18:14:22,8.68
2026-01-27 18:14:23,8.68
2026-01-27 18:14:24,10.2
2026-01-27 18:14:25,10.2
2026-01-27 18:14:26,10.2
2026-01-27 18:14:27,10.2
2026-01-27 18:14:28,10.2
2026-01-27 18:14:29,9.43
2026-01-27 18:14:30,9.43
2026-01-27 18:14:31,9.43
2026-01-27 18:14:32,9.43
2026-01-27 18:14:33,9.43
2026-01-27 18:14:34,10.1
2026-01-27 18:14:35,10.1
2026-01-27 18:14:36,10.1
2026-01-27 18:14:37,10.1
2026-01-27 18:14:38,10.1
2026-01-27 18:14:39,9.27
2026-01-27 18:14:40,9.27
2026-01-27 18:14:41,9.27
2026-01-27 18:14:42,9.27
2026-01-27 18:14:43,9.27
2026-01-27 18:14:44,11.7
2026-01-27 18:14:45,11.7
2026-01-27 18:14:46,11.7
2026-01-27 18:14:47,11.7
2026-01-27 18:14:48,11.7
2026-01-27 18:14:49,9.66
2026-01-27 18:14:50,9.66
2026-01-27 18:14:51,9.66
2026-01-27 18:14:52,9.66
2026-01-27 18:14:53,9.66
2026-01-27 18:14:54,0
2026-01-27 18:14:55,0
2026-01-27 18:14:56,0
2026-01-27 18:14:57,0
2026-01-27 18:14:58,0
2026-01-27 18:14:59,0
2026-01-27 18:15:00,0
2026-01-27 18:15:01,0
2026-01-27 18:15:02,0
2026-01-27 18:15:03,0
2026-01-27 18:15:04,0
2026-01-27 18:15:05,0
2026-01-27 18:15:06,0
2026-01-27 18:15:07,0
2026-01-27 18:15:08,0
2026-01-27 18:15:09,0
2026-01-27 18:15:10,0
2026-01-27 18:15:11,0
2026-01-27 18:15:12,0
2026-01-27 18:15:13,0
2026-01-27 18:15:14,0
2026-01-27 18:15:15,0
2026-01-27 18:15:16,0
2026-01-27 18:15:17,0
2026-01-27 18:15:18,0
2026-01-27 18:15:19,0
2026-01-27 18:15:20,0
2026-01-27 18:15:21,0
2026-01-27 18:15:22,0
2026-01-27 18:15:23,0
2026-01-27 18:15:24,0
2026-01-27 18:15:25,0
2026-01-27 18:15:26,0
2026-01-27 18:15:27,0
2026-01-27 18:15:28,0
2026-01-27 18:15:29,0
2026-01-27 18:15:30,0
2026-01-27 18:15:31,0
2026-01-27 18:15:32,0
2026-01-27 18:15:33,0
2026-01-27 18:15:34,0
2026-01-27 18:15:35,0
2026-01-27 18:15:36,0
2026-01-27 18:15:37,0
2026-01-27 18:15:38,0
2026-01-27 18:15:39,0
2026-01-27 18:15:40,0
2026-01-27 18:15:41,0
2026-01-27 18:15:42,0
2026-01-27 18:15:43,0
2026-01-27 18:15:44,0
2026-01-27 18:15:45,0
2026-01-27 18:15:46,0
2026-01-27 18:15:47,0
2026-01-27 18:15:48,0
2026-01-27 18:15:49,0
2026-01-27 18:15:50,0
2026-01-27 18:15:51,0
2026-01-27 18:15:52,0
2026-01-27 18:15:53,0
2026-01-27 18:15:54,0
2026-01-27 18:15:55,0
2026-01-27 18:15:56,0
2026-01-27 18:15:57,0
2026-01-27 18:15:58,0
2026-01-27 18:15:59,0
2026-01-27 18:16:00,0
2026-01-27 18:16:01,0
2026-01-27 18:16:02,0
2026-01-27 18:16:03,0
2026-01-27 18:16:04,0
2026-01-27 18:16:05,0
2026-01-27 18:16:06,0
2026-01-27 18:16:07,0
2026-01-27 18:16:08,0
2026-01-27 18:16:09,0
2026-01-27 18:16:10,0
2026-01-27 18:16:11,0
2026-01-27 18:16:12,0
2026-01-27 18:16:13,0
2026-01-27 18:16:14,0
2026-01-27 18:16:15,0
2026-01-27 18:16:16,0
2026-01-27 18:16:17,0
2026-01-27 18:16:18,0
2026-01-27 18:16:19,0
2026-01-27 18:16:20,0
2026-01-27 18:16:21,0
2026-01-27 18:16:22,0
2026-01-27 18:16:23,0
2026-01-27 18:16:24,0
2026-01-27 18:16:25,0
2026-01-27 18:16:26,0
2026-01-27 18:16:27,0
2026-01-27 18:16:28,0
2026-01-27 18:17:59,1.15
2026-01-27 18:18:00,1.15
2026-01-27 18:18:01,1.15
2026-01-27 18:18:02,1.15
2026-01-27 18:18:03,1.15
2026-01-27 18:18:04,6.81
2026-01-27 18:18:05,6.81
2026-01-27 18:18:06,6.81
2026-01-27 18:18:07,6.81
2026-01-27 18:18:08,6.81
2026-01-27 18:18:09,7.91
2026-01-27 18:18:10,7.91
2026-01-27 18:18:11,7.91
2026-01-27 18:18:12,7.91
2026-01-27 18:18:13,7.91
2026-01-27 18:18:14,7.88
2026-01-27 18:18:15,7.88
2026-01-27 18:18:16,7.88
2026-01-27 18:18:17,7.88
2026-01-27 18:18:18,7.88
2026-01-27 18:18:19,7.68
2026-01-27 18:18:20,7.68
2026-01-27 18:18:21,7.68
2026-01-27 18:18:22,7.68
2026-01-27 18:18:23,7.68
2026-01-27 18:18:24,9.69
2026-01-27 18:18:25,9.69
2026-01-27 18:18:26,9.69
2026-01-27 18:18:27,9.69
2026-01-27 18:18:28,9.69
2026-01-27 18:18:29,7.31
2026-01-27 18:18:30,7.31
2026-01-27 18:18:31,7.31
2026-01-27 18:18:32,7.31
2026-01-27 18:18:33,7.31
2026-01-27 18:18:34,7.33
2026-01-27 18:18:35,7.33
2026-01-27 18:18:36,7.33
2026-01-27 18:18:37,7.33
2026-01-27 18:18:38,7.33
2026-01-27 18:18:39,7.22
2026-01-27 18:18:40,7.22
2026-01-27 18:18:41,7.22
2026-01-27 18:18:42,7.22
2026-01-27 18:18:43,7.22
2026-01-27 18:18:44,7.74
2026-01-27 18:18:45,7.74
2026-01-27 18:18:46,7.74
2026-01-27 18:18:47,7.74
2026-01-27 18:18:48,7.74
2026-01-27 18:18:49,6.51
2026-01-27 18:18:50,6.51
2026-01-27 18:18:51,6.51
2026-01-27 18:18:52,6.51
2026-01-27 18:18:53,6.51
2026-01-27 18:18:54,7.14
2026-01-27 18:18:55,7.14
2026-01-27 18:18:56,7.14
2026-01-27 18:18:57,7.14
2026-01-27 18:18:58,7.14
2026-01-27 18:18:59,6.39
2026-01-27 18:19:00,6.39
2026-01-27 18:19:01,6.39
2026-01-27 18:19:02,6.39
2026-01-27 18:19:03,6.39
2026-01-27 18:19:04,7.11
2026-01-27 18:19:05,7.11
2026-01-27 18:19:06,7.11
2026-01-27 18:19:07,7.11
2026-01-27 18:19:08,7.11
2026-01-27 18:19:09,6.57
2026-01-27 18:19:10,6.57
2026-01-27 18:19:11,6.57
2026-01-27 18:19:12,6.57
2026-01-27 18:19:13,6.57
2026-01-27 18:19:14,6.43
2026-01-27 18:19:15,6.43
2026-01-27 18:19:16,6.43
2026-01-27 18:19:17,6.43
2026-01-27 18:19:18,6.43
2026-01-27 18:19:19,6.66
2026-01-27 18:19:20,6.66
2026-01-27 18:19:21,6.66
2026-01-27 18:19:22,6.66
2026-01-27 18:19:23,6.66
2026-01-27 18:19:24,7.45
2026-01-27 18:19:25,7.45
2026-01-27 18:19:26,7.45
2026-01-27 18:19:27,7.45
2026-01-27 18:19:28,7.45
2026-01-27 18:19:29,6.42
2026-01-27 18:19:30,6.42
2026-01-27 18:19:31,6.42
2026-01-27 18:19:32,6.42
2026-01-27 18:19:33,6.42
2026-01-27 18:19:34,7.18
2026-01-27 18:19:35,7.18
2026-01-27 18:19:36,7.18
2026-01-27 18:19:37,7.18
2026-01-27 18:19:38,7.18
2026-01-27 18:19:39,6.14
2026-01-27 18:19:40,6.14
2026-01-27 18:19:41,6.14
2026-01-27 18:19:42,6.14
2026-01-27 18:19:43,6.14
2026-01-27 18:19:44,8.30
2026-01-27 18:19:45,8.30
2026-01-27 18:19:46,8.30
2026-01-27 18:19:47,8.30
2026-01-27 18:19:48,8.30
2026-01-27 18:19:49,8.49
2026-01-27 18:19:50,8.49
2026-01-27 18:19:51,8.49
2026-01-27 18:19:52,8.49
2026-01-27 18:19:53,8.49
2026-01-27 18:19:54,8.20
2026-01-27 18:19:55,8.20
2026-01-27 18:19:56,8.20
2026-01-27 18:19:57,8.20
2026-01-27 18:19:58,8.20
2026-01-27 18:19:59,8.64
2026-01-27 18:20:00,8.64
2026-01-27 18:20:01,8.64
2026-01-27 18:20:02,8.64
2026-01-27 18:20:03,8.64
2026-01-27 18:20:04,7.20
2026-01-27 18:20:05,7.20
2026-01-27 18:20:06,7.20
2026-01-27 18:20:07,7.20
2026-01-27 18:20:08,7.20
2026-01-27 18:20:09,6.50
2026-01-27 18:20:10,6.50
2026-01-27 18:20:11,6.50
2026-01-27 18:20:12,6.50
2026-01-27 18:20:13,6.50
2026-01-27 18:20:14,6.63
2026-01-27 18:20:15,6.63
2026-01-27 18:20:16,6.63
2026-01-27 18:20:17,6.63
2026-01-27 18:20:18,6.63
2026-01-27 18:20:19,7.06
2026-01-27 18:20:20,7.06
2026-01-27 18:20:21,7.06
2026-01-27 18:20:22,7.06
2026-01-27 18:20:23,7.06
2026-01-27 18:20:24,7.37
2026-01-27 18:20:25,7.37
2026-01-27 18:20:26,7.37
2026-01-27 18:20:27,7.37
2026-01-27 18:20:28,7.37
2026-01-27 18:20:29,6.46
2026-01-27 18:20:30,6.46
2026-01-27 18:20:31,6.46
2026-01-27 18:20:32,6.46
2026-01-27 18:20:33,6.46
2026-01-27 18:20:34,7.30
2026-01-27 18:20:35,7.30
2026-01-27 18:20:36,7.30
2026-01-27 18:20:37,7.30
2026-01-27 18:20:38,7.30
2026-01-27 18:20:39,6.89
2026-01-27 18:20:40,6.89
2026-01-27 18:20:41,6.89
2026-01-27 18:20:42,6.89
2026-01-27 18:20:43,6.89
2026-01-27 18:20:44,6.85
2026-01-27 18:20:45,6.85
2026-01-27 18:20:46,6.85
2026-01-27 18:20:47,6.85
2026-01-27 18:20:48,6.85
2026-01-27 18:20:49,7.40
2026-01-27 18:20:50,7.40
2026-01-27 18:20:51,7.40
2026-01-27 18:20:52,7.40
2026-01-27 18:20:53,7.40
2026-01-27 18:20:54,9.24
2026-01-27 18:20:55,9.24
2026-01-27 18:20:56,9.24
2026-01-27 18:20:57,9.24
2026-01-27 18:20:58,9.24
2026-01-27 18:20:59,7.82
2026-01-27 18:21:00,7.82
2026-01-27 18:21:01,7.82
2026-01-27 18:21:02,7.82
2026-01-27 18:21:03,7.82
2026-01-27 18:21:04,8.34
2026-01-27 18:21:05,8.34
2026-01-27 18:21:06,8.34
2026-01-27 18:21:07,8.34
2026-01-27 18:21:08,8.34
2026-01-27 18:21:09,7.63
2026-01-27 18:21:10,7.63
2026-01-27 18:21:11,7.63
2026-01-27 18:21:12,7.63
2026-01-27 18:21:13,7.63
2026-01-27 18:21:14,7.72
2026-01-27 18:21:15,7.72
2026-01-27 18:21:16,7.72
2026-01-27 18:21:17,7.72
2026-01-27 18:21:18,7.72
2026-01-27 18:21:19,7.58
2026-01-27 18:21:20,7.58
2026-01-27 18:21:21,7.58
2026-01-27 18:21:22,7.58
2026-01-27 18:21:23,7.58
2026-01-27 18:21:24,8.27
2026-01-27 18:21:25,8.27
2026-01-27 18:21:26,8.27
2026-01-27 18:21:27,8.27
2026-01-27 18:21:28,8.27
2026-01-27 18:21:29,7.74
2026-01-27 18:21:30,7.74
2026-01-27 18:21:31,7.74
2026-01-27 18:21:32,7.74
2026-01-27 18:21:33,7.74
2026-01-27 18:21:34,8.95
2026-01-27 18:21:35,8.95
2026-01-27 18:21:36,8.95
2026-01-27 18:21:37,8.95
2026-01-27 18:21:38,8.95
2026-01-27 18:21:39,7.81
2026-01-27 18:21:40,7.81
2026-01-27 18:21:41,7.81
2026-01-27 18:21:42,7.81
2026-01-27 18:21:43,7.81
2026-01-27 18:21:44,8.23
2026-01-27 18:21:45,8.23
2026-01-27 18:21:46,8.23
2026-01-27 18:21:47,8.23
2026-01-27 18:21:48,8.23
2026-01-27 18:21:49,7.60
2026-01-27 18:21:50,7.60
2026-01-27 18:21:51,7.60
2026-01-27 18:21:52,7.60
2026-01-27 18:21:53,7.60
2026-01-27 18:21:54,8.40
2026-01-27 18:21:55,8.40
2026-01-27 18:21:56,8.40
2026-01-27 18:21:57,8.40
2026-01-27 18:21:58,8.40
2026-01-27 18:21:59,8.04
2026-01-27 18:22:00,8.04
2026-01-27 18:22:01,8.04
2026-01-27 18:22:02,8.04
2026-01-27 18:22:03,8.04
2026-01-27 18:22:04,8.50
2026-01-27 18:22:05,8.50
2026-01-27 18:22:06,8.50
2026-01-27 18:22:07,8.50
2026-01-27 18:22:08,8.50
2026-01-27 18:22:09,7.32
2026-01-27 18:22:10,7.32
2026-01-27 18:22:11,7.32
2026-01-27 18:22:12,7.32
2026-01-27 18:22:13,7.32
2026-01-27 18:22:14,8.49
2026-01-27 18:22:15,8.49
2026-01-27 18:22:16,8.49
2026-01-27 18:22:17,8.49
2026-01-27 18:22:18,8.49
2026-01-27 18:22:19,7.95
2026-01-27 18:22:20,7.95
2026-01-27 18:22:21,7.95
2026-01-27 18:22:22,7.95
2026-01-27 18:22:23,7.95
2026-01-27 18:22:24,9.56
2026-01-27 18:22:25,9.56
2026-01-27 18:22:26,9.56
2026-01-27 18:22:27,9.56
2026-01-27 18:22:28,9.56
2026-01-27 18:22:29,9.38
2026-01-27 18:22:30,9.38
2026-01-27 18:22:31,9.38
2026-01-27 18:22:32,9.38
2026-01-27 18:22:33,9.38
2026-01-27 18:22:34,10.3
2026-01-27 18:22:35,10.3
2026-01-27 18:22:36,10.3
2026-01-27 18:22:37,10.3
2026-01-27 18:22:38,10.3
2026-01-27 18:22:39,9.27
2026-01-27 18:22:40,9.27
2026-01-27 18:22:41,9.27
2026-01-27 18:22:42,9.27
2026-01-27 18:22:43,9.27
2026-01-27 18:22:44,9.65
2026-01-27 18:22:45,9.65
2026-01-27 18:22:46,9.65
2026-01-27 18:22:47,9.65
2026-01-27 18:22:48,9.65
2026-01-27 18:22:49,8.47
2026-01-27 18:22:50,8.47
2026-01-27 18:22:51,8.47
2026-01-27 18:22:52,8.47
2026-01-27 18:22:53,8.47
2026-01-27 18:22:54,9.51
2026-01-27 18:22:55,9.51
2026-01-27 18:22:56,9.51
2026-01-27 18:22:57,9.51
2026-01-27 18:22:58,9.51
2026-01-27 18:22:59,9.65
2026-01-27 18:23:00,9.65
2026-01-27 18:23:01,9.65
2026-01-27 18:23:02,9.65
2026-01-27 18:23:03,9.65
2026-01-27 18:23:04,10.7
2026-01-27 18:23:05,10.7
2026-01-27 18:23:06,10.7
2026-01-27 18:23:07,10.7
2026-01-27 18:23:08,10.7
2026-01-27 18:23:09,9.78
2026-01-27 18:23:10,9.78
2026-01-27 18:23:11,9.78
2026-01-27 18:23:12,9.78
2026-01-27 18:23:13,9.78
2026-01-27 18:23:14,9.62
2026-01-27 18:23:15,9.62
2026-01-27 18:23:16,9.62
2026-01-27 18:23:17,9.62
2026-01-27 18:23:18,9.62
2026-01-27 18:23:19,9.18
2026-01-27 18:23:20,9.18
2026-01-27 18:23:21,9.18
2026-01-27 18:23:22,9.18
2026-01-27 18:23:23,9.18
2026-01-27 18:23:24,9.15
2026-01-27 18:23:25,9.15
2026-01-27 18:23:26,9.15
2026-01-27 18:23:27,9.15
2026-01-27 18:23:28,9.15
2026-01-27 18:23:29,9.82
2026-01-27 18:23:30,9.82
2026-01-27 18:23:31,9.82
2026-01-27 18:23:32,9.82
2026-01-27 18:23:33,9.82
2026-01-27 18:23:34,10.4
2026-01-27 18:23:35,10.4
2026-01-27 18:23:36,10.4
2026-01-27 18:23:37,10.4
2026-01-27 18:23:38,10.4
2026-01-27 18:23:39,12.2
2026-01-27 18:23:40,12.2
2026-01-27 18:23:41,12.2
2026-01-27 18:23:42,12.2
2026-01-27 18:23:43,12.2
2026-01-27 18:23:44,14.3
2026-01-27 18:23:45,14.3
2026-01-27 18:23:46,14.3
2026-01-27 18:23:47,14.3
2026-01-27 18:23:48,14.3
2026-01-27 18:23:49,11.8
2026-01-27 18:23:50,11.8
2026-01-27 18:23:51,11.8
2026-01-27 18:23:52,11.8
2026-01-27 18:23:53,11.8
2026-01-27 18:23:54,11.1
2026-01-27 18:23:55,11.1
2026-01-27 18:23:56,11.1
2026-01-27 18:23:57,11.1
2026-01-27 18:23:58,11.1
2026-01-27 18:23:59,10.1
2026-01-27 18:24:00,10.1
2026-01-27 18:24:01,10.1
2026-01-27 18:24:02,10.1
2026-01-27 18:24:03,10.1
2026-01-27 18:24:04,13.2
2026-01-27 18:24:05,13.2
2026-01-27 18:24:06,13.2
2026-01-27 18:24:07,13.2
2026-01-27 18:24:08,13.2
2026-01-27 18:24:09,13.5
2026-01-27 18:24:10,13.5
2026-01-27 18:24:11,13.5
2026-01-27 18:24:12,13.5
2026-01-27 18:24:13,13.5
2026-01-27 18:24:14,10.5
2026-01-27 18:24:15,10.5
2026-01-27 18:24:16,10.5
2026-01-27 18:24:17,10.5
2026-01-27 18:24:18,10.5
2026-01-27 18:24:19,10.9
2026-01-27 18:24:20,10.9
2026-01-27 18:24:21,10.9
2026-01-27 18:24:22,10.9
2026-01-27 18:24:23,10.9
2026-01-27 18:24:24,11.5
2026-01-27 18:24:25,11.5
2026-01-27 18:24:26,11.5
2026-01-27 18:24:27,11.5
2026-01-27 18:24:28,11.5
2026-01-27 18:24:29,11.2
2026-01-27 18:24:30,11.2
2026-01-27 18:24:31,11.2
2026-01-27 18:24:32,11.2
2026-01-27 18:24:33,11.2
2026-01-27 18:24:34,12.0
2026-01-27 18:24:35,12.0
2026-01-27 18:24:36,12.0
2026-01-27 18:24:37,12.0
2026-01-27 18:24:38,12.0
2026-01-27 18:24:39,0
2026-01-27 18:24:40,0
2026-01-27 18:24:41,0
2026-01-27 18:24:42,0
2026-01-27 18:24:43,0
2026-01-27 18:24:44,0
2026-01-27 18:24:45,0
2026-01-27 18:24:46,0
2026-01-27 18:24:47,0
2026-01-27 18:24:48,0
2026-01-27 18:24:49,0
2026-01-27 18:24:50,0
2026-01-27 18:24:51,0
2026-01-27 18:24:52,0
2026-01-27 18:24:53,0
2026-01-27 18:24:54,0
2026-01-27 18:24:55,0
2026-01-27 18:24:56,0
2026-01-27 18:24:57,0
2026-01-27 18:24:58,0
2026-01-27 18:24:59,0
2026-01-27 18:25:00,0
2026-01-27 18:25:01,0
2026-01-27 18:25:02,0
2026-01-27 18:25:03,0
2026-01-27 18:25:04,0
2026-01-27 18:25:05,0
2026-01-27 18:25:06,0
2026-01-27 18:25:07,0
2026-01-27 18:25:08,0
2026-01-27 18:25:09,0
2026-01-27 18:25:10,0
2026-01-27 18:25:11,0
2026-01-27 18:25:12,0
2026-01-27 18:25:13,0
2026-01-27 18:25:14,0
2026-01-27 18:25:15,0
2026-01-27 18:25:16,0
2026-01-27 18:25:17,0
2026-01-27 18:25:18,0
2026-01-27 18:25:19,0
2026-01-27 18:25:20,0
2026-01-27 18:25:21,0
2026-01-27 18:25:22,0
2026-01-27 18:25:23,0
2026-01-27 18:25:24,0
2026-01-27 18:25:25,0
2026-01-27 18:25:26,0
2026-01-27 18:25:27,0
2026-01-27 18:25:28,0
2026-01-27 18:25:29,0
2026-01-27 18:25:30,0
2026-01-27 18:25:31,0
2026-01-27 18:25:32,0
2026-01-27 18:25:33,0
2026-01-27 18:25:34,0
2026-01-27 18:25:35,0
2026-01-27 18:25:36,0
2026-01-27 18:25:37,0
2026-01-27 18:25:38,0
2026-01-27 18:25:39,0
2026-01-27 18:25:40,0
2026-01-27 18:25:41,0
2026-01-27 18:25:42,0
2026-01-27 18:25:43,0
2026-01-27 18:25:44,0
2026-01-27 18:25:45,0
2026-01-27 18:25:46,0
2026-01-27 18:25:47,0
2026-01-27 18:25:48,0
2026-01-27 18:25:49,0
2026-01-27 18:25:50,0
2026-01-27 18:25:51,0
2026-01-27 18:25:52,0
2026-01-27 18:25:53,0
2026-01-27 18:25:54,0
2026-01-27 18:25:55,0
2026-01-27 18:25:56,0
2026-01-27 18:25:57,0
2026-01-27 18:25:58,0
2026-01-27 18:25:59,0
2026-01-27 18:26:00,0
2026-01-27 18:26:01,0
2026-01-27 18:26:02,0
2026-01-27 18:26:03,0
2026-01-27 18:26:04,0
2026-01-27 18:26:05,0
2026-01-27 18:26:06,0
2026-01-27 18:26:07,0
2026-01-27 18:26:08,0
2026-01-27 18:26:09,0
2026-01-27 18:26:10,0
2026-01-27 18:26:11,0
2026-01-27 18:26:12,0
2026-01-27 18:26:13,0