"Time","ue-layer-demap"
2026-01-27 15:26:54,0
2026-01-27 15:26:55,0
2026-01-27 15:26:56,0
2026-01-27 15:26:57,0
2026-01-27 15:26:58,0
2026-01-27 15:26:59,0
2026-01-27 15:27:00,0
2026-01-27 15:27:01,0
2026-01-27 15:27:02,0
2026-01-27 15:27:03,0
2026-01-27 15:27:04,0
2026-01-27 15:27:05,0
2026-01-27 15:27:06,0
2026-01-27 15:27:07,0
2026-01-27 15:27:08,0
2026-01-27 15:27:09,0
2026-01-27 15:27:10,0
2026-01-27 15:27:11,0
2026-01-27 15:27:12,0
2026-01-27 15:27:13,0
2026-01-27 15:27:14,0
2026-01-27 15:27:15,0
2026-01-27 15:27:16,0
2026-01-27 15:27:17,0
2026-01-27 15:27:18,0
2026-01-27 15:27:19,0
2026-01-27 15:27:20,0
2026-01-27 15:27:21,0
2026-01-27 15:27:22,0
2026-01-27 15:27:23,0
2026-01-27 15:27:24,0
2026-01-27 15:27:25,0
2026-01-27 15:27:26,0
2026-01-27 15:27:27,0
2026-01-27 15:27:28,0
2026-01-27 15:27:29,0
2026-01-27 15:27:30,0
2026-01-27 15:27:31,0
2026-01-27 15:27:32,0
2026-01-27 15:27:33,0
2026-01-27 15:27:34,0
2026-01-27 15:27:35,0
2026-01-27 15:27:36,0
2026-01-27 15:27:37,0
2026-01-27 15:27:38,0
2026-01-27 15:27:39,0
2026-01-27 15:27:40,0
2026-01-27 15:27:41,0
2026-01-27 15:27:42,0
2026-01-27 15:27:43,0
2026-01-27 15:27:44,0
2026-01-27 15:27:45,0
2026-01-27 15:27:46,0
2026-01-27 15:27:47,0
2026-01-27 15:27:48,0
2026-01-27 15:27:49,0
2026-01-27 15:27:50,0
2026-01-27 15:27:51,0
2026-01-27 15:27:52,0
2026-01-27 15:27:53,0
2026-01-27 15:28:04,6.31
2026-01-27 15:28:05,6.31
2026-01-27 15:28:06,6.31
2026-01-27 15:28:07,6.31
2026-01-27 15:28:08,6.31
2026-01-27 15:28:09,8.90
2026-01-27 15:28:10,8.90
2026-01-27 15:28:11,8.90
2026-01-27 15:28:12,8.90
2026-01-27 15:28:13,8.90
2026-01-27 15:28:14,9.83
2026-01-27 15:28:15,9.83
2026-01-27 15:28:16,9.83
2026-01-27 15:28:17,9.83
2026-01-27 15:28:18,9.83
2026-01-27 15:28:19,9.86
2026-01-27 15:28:20,9.86
2026-01-27 15:28:21,9.86
2026-01-27 15:28:22,9.86
2026-01-27 15:28:23,9.86
2026-01-27 15:28:24,11.5
2026-01-27 15:28:25,11.5
2026-01-27 15:28:26,11.5
2026-01-27 15:28:27,11.5
2026-01-27 15:28:28,11.5
2026-01-27 15:28:29,9.63
2026-01-27 15:28:30,9.63
2026-01-27 15:28:31,9.63
2026-01-27 15:28:32,9.63
2026-01-27 15:28:33,9.63
2026-01-27 15:28:34,9.19
2026-01-27 15:28:35,9.19
2026-01-27 15:28:36,9.19
2026-01-27 15:28:37,9.19
2026-01-27 15:28:38,9.19
2026-01-27 15:28:39,8.38
2026-01-27 15:28:40,8.38
2026-01-27 15:28:41,8.38
2026-01-27 15:28:42,8.38
2026-01-27 15:28:43,8.38
2026-01-27 15:28:44,9.24
2026-01-27 15:28:45,9.24
2026-01-27 15:28:46,9.24
2026-01-27 15:28:47,9.24
2026-01-27 15:28:48,9.24
2026-01-27 15:28:49,7.97
2026-01-27 15:28:50,7.97
2026-01-27 15:28:51,7.97
2026-01-27 15:28:52,7.97
2026-01-27 15:28:53,7.97
2026-01-27 15:28:54,10.4
2026-01-27 15:28:55,10.4
2026-01-27 15:28:56,10.4
2026-01-27 15:28:57,10.4
2026-01-27 15:28:58,10.4
2026-01-27 15:28:59,9.20
2026-01-27 15:29:00,9.20
2026-01-27 15:29:01,9.20
2026-01-27 15:29:02,9.20
2026-01-27 15:29:03,9.20
2026-01-27 15:29:04,11.4
2026-01-27 15:29:05,11.4
2026-01-27 15:29:06,11.4
2026-01-27 15:29:07,11.4
2026-01-27 15:29:08,11.4
2026-01-27 15:29:09,10.0
2026-01-27 15:29:10,10.0
2026-01-27 15:29:11,10.0
2026-01-27 15:29:12,10.0
2026-01-27 15:29:13,10.0
2026-01-27 15:29:14,7.17
2026-01-27 15:29:15,7.17
2026-01-27 15:29:16,7.17
2026-01-27 15:29:17,7.17
2026-01-27 15:29:18,7.17
2026-01-27 15:29:19,7.30
2026-01-27 15:29:20,7.30
2026-01-27 15:29:21,7.30
2026-01-27 15:29:22,7.30
2026-01-27 15:29:23,7.30
2026-01-27 15:29:24,8.21
2026-01-27 15:29:25,8.21
2026-01-27 15:29:26,8.21
2026-01-27 15:29:27,8.21
2026-01-27 15:29:28,8.21
2026-01-27 15:29:29,7.52
2026-01-27 15:29:30,7.52
2026-01-27 15:29:31,7.52
2026-01-27 15:29:32,7.52
2026-01-27 15:29:33,7.52
2026-01-27 15:29:34,8.00
2026-01-27 15:29:35,8.00
2026-01-27 15:29:36,8.00
2026-01-27 15:29:37,8.00
2026-01-27 15:29:38,8.00
2026-01-27 15:29:39,7.43
2026-01-27 15:29:40,7.43
2026-01-27 15:29:41,7.43
2026-01-27 15:29:42,7.43
2026-01-27 15:29:43,7.43
2026-01-27 15:29:44,10.2
2026-01-27 15:29:45,10.2
2026-01-27 15:29:46,10.2
2026-01-27 15:29:47,10.2
2026-01-27 15:29:48,10.2
2026-01-27 15:29:49,7.04
2026-01-27 15:29:50,7.04
2026-01-27 15:29:51,7.04
2026-01-27 15:29:52,7.04
2026-01-27 15:29:53,7.04
2026-01-27 15:29:54,7.53
2026-01-27 15:29:55,7.53
2026-01-27 15:29:56,7.53
2026-01-27 15:29:57,7.53
2026-01-27 15:29:58,7.53
2026-01-27 15:29:59,5.57
2026-01-27 15:30:00,5.57
2026-01-27 15:30:01,5.57
2026-01-27 15:30:02,5.57
2026-01-27 15:30:03,5.57
2026-01-27 15:30:04,0
2026-01-27 15:30:05,0
2026-01-27 15:30:06,0
2026-01-27 15:30:07,0
2026-01-27 15:30:08,0
2026-01-27 15:30:09,0
2026-01-27 15:30:10,0
2026-01-27 15:30:11,0
2026-01-27 15:30:12,0
2026-01-27 15:30:13,0
2026-01-27 15:30:14,0
2026-01-27 15:30:15,0
2026-01-27 15:30:16,0
2026-01-27 15:30:17,0
2026-01-27 15:30:18,0
2026-01-27 15:30:19,0
2026-01-27 15:30:20,0
2026-01-27 15:30:21,0
2026-01-27 15:30:22,0
2026-01-27 15:30:23,0
2026-01-27 15:30:24,0
2026-01-27 15:30:25,0
2026-01-27 15:30:26,0
2026-01-27 15:30:27,0
2026-01-27 15:30:28,0
2026-01-27 15:30:29,0
2026-01-27 15:30:30,0
2026-01-27 15:30:31,0
2026-01-27 15:30:32,0
2026-01-27 15:30:33,0
2026-01-27 15:30:34,0
2026-01-27 15:30:35,0
2026-01-27 15:30:36,0
2026-01-27 15:30:37,0
2026-01-27 15:30:38,0
2026-01-27 15:30:39,0
2026-01-27 15:30:40,0
2026-01-27 15:30:41,0
2026-01-27 15:30:42,0
2026-01-27 15:30:43,0
2026-01-27 15:30:44,0
2026-01-27 15:30:45,0
2026-01-27 15:30:46,0
2026-01-27 15:30:47,0
2026-01-27 15:30:48,0
2026-01-27 15:30:49,0
2026-01-27 15:30:50,0
2026-01-27 15:30:51,0
2026-01-27 15:30:52,0
2026-01-27 15:30:53,0
2026-01-27 15:30:54,0
2026-01-27 15:30:55,0
2026-01-27 15:30:56,0
2026-01-27 15:30:57,0
2026-01-27 15:30:58,0
2026-01-27 15:30:59,0
2026-01-27 15:31:00,0
2026-01-27 15:31:01,0
2026-01-27 15:31:02,0
2026-01-27 15:31:03,0
2026-01-27 15:31:04,0
2026-01-27 15:31:05,0
2026-01-27 15:31:06,0
2026-01-27 15:31:07,0
2026-01-27 15:31:08,0
2026-01-27 15:31:09,0
2026-01-27 15:31:10,0
2026-01-27 15:31:11,0
2026-01-27 15:31:12,0
2026-01-27 15:31:13,0
2026-01-27 15:31:14,0
2026-01-27 15:31:15,0
2026-01-27 15:31:16,0
2026-01-27 15:31:17,0
2026-01-27 15:31:18,0
2026-01-27 15:31:19,0
2026-01-27 15:31:20,0
2026-01-27 15:31:21,0
2026-01-27 15:31:22,0
2026-01-27 15:31:23,0
2026-01-27 15:31:24,0
2026-01-27 15:31:25,0
2026-01-27 15:31:26,0
2026-01-27 15:31:27,0
2026-01-27 15:31:28,0
2026-01-27 15:31:29,0
2026-01-27 15:31:30,0
2026-01-27 15:31:31,0
2026-01-27 15:31:32,0
2026-01-27 15:31:33,0
2026-01-27 15:31:34,0
2026-01-27 15:31:35,0
2026-01-27 15:31:36,0
2026-01-27 15:31:37,0
2026-01-27 15:31:38,0
2026-01-27 15:32:04,5.47
2026-01-27 15:32:05,5.47
2026-01-27 15:32:06,5.47
2026-01-27 15:32:07,5.47
2026-01-27 15:32:08,5.47
2026-01-27 15:32:09,10.2
2026-01-27 15:32:10,10.2
2026-01-27 15:32:11,10.2
2026-01-27 15:32:12,10.2
2026-01-27 15:32:13,10.2
2026-01-27 15:32:14,9.73
2026-01-27 15:32:15,9.73
2026-01-27 15:32:16,9.73
2026-01-27 15:32:17,9.73
2026-01-27 15:32:18,9.73
2026-01-27 15:32:19,9.75
2026-01-27 15:32:20,9.75
2026-01-27 15:32:21,9.75
2026-01-27 15:32:22,9.75
2026-01-27 15:32:23,9.75
2026-01-27 15:32:24,10.6
2026-01-27 15:32:25,10.6
2026-01-27 15:32:26,10.6
2026-01-27 15:32:27,10.6
2026-01-27 15:32:28,10.6
2026-01-27 15:32:29,9.43
2026-01-27 15:32:30,9.43
2026-01-27 15:32:31,9.43
2026-01-27 15:32:32,9.43
2026-01-27 15:32:33,9.43
2026-01-27 15:32:34,10.2
2026-01-27 15:32:35,10.2
2026-01-27 15:32:36,10.2
2026-01-27 15:32:37,10.2
2026-01-27 15:32:38,10.2
2026-01-27 15:32:39,9.41
2026-01-27 15:32:40,9.41
2026-01-27 15:32:41,9.41
2026-01-27 15:32:42,9.41
2026-01-27 15:32:43,9.41
2026-01-27 15:32:44,10.7
2026-01-27 15:32:45,10.7
2026-01-27 15:32:46,10.7
2026-01-27 15:32:47,10.7
2026-01-27 15:32:48,10.7
2026-01-27 15:32:49,12.4
2026-01-27 15:32:50,12.4
2026-01-27 15:32:51,12.4
2026-01-27 15:32:52,12.4
2026-01-27 15:32:53,12.4
2026-01-27 15:32:54,13.9
2026-01-27 15:32:55,13.9
2026-01-27 15:32:56,13.9
2026-01-27 15:32:57,13.9
2026-01-27 15:32:58,13.9
2026-01-27 15:32:59,11.4
2026-01-27 15:33:00,11.4
2026-01-27 15:33:01,11.4
2026-01-27 15:33:02,11.4
2026-01-27 15:33:03,11.4
2026-01-27 15:33:04,10.2
2026-01-27 15:33:05,10.2
2026-01-27 15:33:06,10.2
2026-01-27 15:33:07,10.2
2026-01-27 15:33:08,10.2
2026-01-27 15:33:09,9.15
2026-01-27 15:33:10,9.15
2026-01-27 15:33:11,9.15
2026-01-27 15:33:12,9.15
2026-01-27 15:33:13,9.15
2026-01-27 15:33:14,9.51
2026-01-27 15:33:15,9.51
2026-01-27 15:33:16,9.51
2026-01-27 15:33:17,9.51
2026-01-27 15:33:18,9.51
2026-01-27 15:33:19,9.16
2026-01-27 15:33:20,9.16
2026-01-27 15:33:21,9.16
2026-01-27 15:33:22,9.16
2026-01-27 15:33:23,9.16
2026-01-27 15:33:24,10.2
2026-01-27 15:33:25,10.2
2026-01-27 15:33:26,10.2
2026-01-27 15:33:27,10.2
2026-01-27 15:33:28,10.2
2026-01-27 15:33:29,9.77
2026-01-27 15:33:30,9.77
2026-01-27 15:33:31,9.77
2026-01-27 15:33:32,9.77
2026-01-27 15:33:33,9.77
2026-01-27 15:33:34,9.96
2026-01-27 15:33:35,9.96
2026-01-27 15:33:36,9.96
2026-01-27 15:33:37,9.96
2026-01-27 15:33:38,9.96
2026-01-27 15:33:39,10.3
2026-01-27 15:33:40,10.3
2026-01-27 15:33:41,10.3
2026-01-27 15:33:42,10.3
2026-01-27 15:33:43,10.3
2026-01-27 15:33:44,9.69
2026-01-27 15:33:45,9.69
2026-01-27 15:33:46,9.69
2026-01-27 15:33:47,9.69
2026-01-27 15:33:48,9.69
2026-01-27 15:33:49,9.82
2026-01-27 15:33:50,9.82
2026-01-27 15:33:51,9.82
2026-01-27 15:33:52,9.82
2026-01-27 15:33:53,9.82
2026-01-27 15:33:54,10.7
2026-01-27 15:33:55,10.7
2026-01-27 15:33:56,10.7
2026-01-27 15:33:57,10.7
2026-01-27 15:33:58,10.7
2026-01-27 15:33:59,10.3
2026-01-27 15:34:00,10.3
2026-01-27 15:34:01,10.3
2026-01-27 15:34:02,10.3
2026-01-27 15:34:03,10.3
2026-01-27 15:34:04,11.1
2026-01-27 15:34:05,11.1
2026-01-27 15:34:06,11.1
2026-01-27 15:34:07,11.1
2026-01-27 15:34:08,11.1
2026-01-27 15:34:09,0
2026-01-27 15:34:10,0
2026-01-27 15:34:11,0
2026-01-27 15:34:12,0
2026-01-27 15:34:13,0
2026-01-27 15:34:14,0
2026-01-27 15:34:15,0
2026-01-27 15:34:16,0
2026-01-27 15:34:17,0
2026-01-27 15:34:18,0
2026-01-27 15:34:19,0
2026-01-27 15:34:20,0
2026-01-27 15:34:21,0
2026-01-27 15:34:22,0
2026-01-27 15:34:23,0
2026-01-27 15:34:24,0
2026-01-27 15:34:25,0
2026-01-27 15:34:26,0
2026-01-27 15:34:27,0
2026-01-27 15:34:28,0
2026-01-27 15:34:29,0
2026-01-27 15:34:30,0
2026-01-27 15:34:31,0
2026-01-27 15:34:32,0
2026-01-27 15:34:33,0
2026-01-27 15:34:34,0
2026-01-27 15:34:35,0
2026-01-27 15:34:36,0
2026-01-27 15:34:37,0
2026-01-27 15:34:38,0
2026-01-27 15:34:39,0
2026-01-27 15:34:40,0
2026-01-27 15:34:41,0
2026-01-27 15:34:42,0
2026-01-27 15:34:43,0
2026-01-27 15:34:44,0
2026-01-27 15:34:45,0
2026-01-27 15:34:46,0
2026-01-27 15:34:47,0
2026-01-27 15:34:48,0
2026-01-27 15:34:49,0
2026-01-27 15:34:50,0
2026-01-27 15:34:51,0
2026-01-27 15:34:52,0
2026-01-27 15:34:53,0
2026-01-27 15:34:54,0
2026-01-27 15:34:55,0
2026-01-27 15:34:56,0
2026-01-27 15:34:57,0
2026-01-27 15:34:58,0
2026-01-27 15:34:59,0
2026-01-27 15:35:00,0
2026-01-27 15:35:01,0
2026-01-27 15:35:02,0
2026-01-27 15:35:03,0
2026-01-27 15:35:04,0
2026-01-27 15:35:05,0
2026-01-27 15:35:06,0
2026-01-27 15:35:07,0
2026-01-27 15:35:08,0
2026-01-27 15:35:09,0
2026-01-27 15:35:10,0
2026-01-27 15:35:11,0
2026-01-27 15:35:12,0
2026-01-27 15:35:13,0
2026-01-27 15:35:14,0
2026-01-27 15:35:15,0
2026-01-27 15:35:16,0
2026-01-27 15:35:17,0
2026-01-27 15:35:18,0
2026-01-27 15:35:19,0
2026-01-27 15:35:20,0
2026-01-27 15:35:21,0
2026-01-27 15:35:22,0
2026-01-27 15:35:23,0
2026-01-27 15:35:24,0
2026-01-27 15:35:25,0
2026-01-27 15:35:26,0
2026-01-27 15:35:27,0
2026-01-27 15:35:28,0
2026-01-27 15:35:29,0
2026-01-27 15:35:30,0
2026-01-27 15:35:31,0
2026-01-27 15:35:32,0
2026-01-27 15:35:33,0
2026-01-27 15:35:34,0
2026-01-27 15:35:35,0
2026-01-27 15:35:36,0
2026-01-27 15:35:37,0
2026-01-27 15:35:38,0
2026-01-27 15:35:39,0
2026-01-27 15:35:40,0
2026-01-27 15:35:41,0
2026-01-27 15:35:42,0
2026-01-27 15:35:43,0
2026-01-27 15:36:24,2.70
2026-01-27 15:36:25,2.70
2026-01-27 15:36:26,2.70
2026-01-27 15:36:27,2.70
2026-01-27 15:36:28,2.70
2026-01-27 15:36:29,7.82
2026-01-27 15:36:30,7.82
2026-01-27 15:36:31,7.82
2026-01-27 15:36:32,7.82
2026-01-27 15:36:33,7.82
2026-01-27 15:36:34,9.82
2026-01-27 15:36:35,9.82
2026-01-27 15:36:36,9.82
2026-01-27 15:36:37,9.82
2026-01-27 15:36:38,9.82
2026-01-27 15:36:39,9.98
2026-01-27 15:36:40,9.98
2026-01-27 15:36:41,9.98
2026-01-27 15:36:42,9.98
2026-01-27 15:36:43,9.98
2026-01-27 15:36:44,10.1
2026-01-27 15:36:45,10.1
2026-01-27 15:36:46,10.1
2026-01-27 15:36:47,10.1
2026-01-27 15:36:48,10.1
2026-01-27 15:36:49,9.01
2026-01-27 15:36:50,9.01
2026-01-27 15:36:51,9.01
2026-01-27 15:36:52,9.01
2026-01-27 15:36:53,9.01
2026-01-27 15:36:54,9.80
2026-01-27 15:36:55,9.80
2026-01-27 15:36:56,9.80
2026-01-27 15:36:57,9.80
2026-01-27 15:36:58,9.80
2026-01-27 15:36:59,8.89
2026-01-27 15:37:00,8.89
2026-01-27 15:37:01,8.89
2026-01-27 15:37:02,8.89
2026-01-27 15:37:03,8.89
2026-01-27 15:37:04,9.28
2026-01-27 15:37:05,9.28
2026-01-27 15:37:06,9.28
2026-01-27 15:37:07,9.28
2026-01-27 15:37:08,9.28
2026-01-27 15:37:09,9.74
2026-01-27 15:37:10,9.74
2026-01-27 15:37:11,9.74
2026-01-27 15:37:12,9.74
2026-01-27 15:37:13,9.74
2026-01-27 15:37:14,9.88
2026-01-27 15:37:15,9.88
2026-01-27 15:37:16,9.88
2026-01-27 15:37:17,9.88
2026-01-27 15:37:18,9.88
2026-01-27 15:37:19,9.61
2026-01-27 15:37:20,9.61
2026-01-27 15:37:21,9.61
2026-01-27 15:37:22,9.61
2026-01-27 15:37:23,9.61
2026-01-27 15:37:24,10.6
2026-01-27 15:37:25,10.6
2026-01-27 15:37:26,10.6
2026-01-27 15:37:27,10.6
2026-01-27 15:37:28,10.6
2026-01-27 15:37:29,9.81
2026-01-27 15:37:30,9.81
2026-01-27 15:37:31,9.81
2026-01-27 15:37:32,9.81
2026-01-27 15:37:33,9.81
2026-01-27 15:37:34,11.7
2026-01-27 15:37:35,11.7
2026-01-27 15:37:36,11.7
2026-01-27 15:37:37,11.7
2026-01-27 15:37:38,11.7
2026-01-27 15:37:39,10.5
2026-01-27 15:37:40,10.5
2026-01-27 15:37:41,10.5
2026-01-27 15:37:42,10.5
2026-01-27 15:37:43,10.5
2026-01-27 15:37:44,10.3
2026-01-27 15:37:45,10.3
2026-01-27 15:37:46,10.3
2026-01-27 15:37:47,10.3
2026-01-27 15:37:48,10.3
2026-01-27 15:37:49,11.3
2026-01-27 15:37:50,11.3
2026-01-27 15:37:51,11.3
2026-01-27 15:37:52,11.3
2026-01-27 15:37:53,11.3
2026-01-27 15:37:54,11.5
2026-01-27 15:37:55,11.5
2026-01-27 15:37:56,11.5
2026-01-27 15:37:57,11.5
2026-01-27 15:37:58,11.5
2026-01-27 15:37:59,8.86
2026-01-27 15:38:00,8.86
2026-01-27 15:38:01,8.86
2026-01-27 15:38:02,8.86
2026-01-27 15:38:03,8.86
2026-01-27 15:38:04,9.19
2026-01-27 15:38:05,9.19
2026-01-27 15:38:06,9.19
2026-01-27 15:38:07,9.19
2026-01-27 15:38:08,9.19
2026-01-27 15:38:09,8.81
2026-01-27 15:38:10,8.81
2026-01-27 15:38:11,8.81
2026-01-27 15:38:12,8.81
2026-01-27 15:38:13,8.81
2026-01-27 15:38:14,10.2
2026-01-27 15:38:15,10.2
2026-01-27 15:38:16,10.2
2026-01-27 15:38:17,10.2
2026-01-27 15:38:18,10.2
2026-01-27 15:38:19,10.0
2026-01-27 15:38:20,10.0
2026-01-27 15:38:21,10.0
2026-01-27 15:38:22,10.0
2026-01-27 15:38:23,10.0
2026-01-27 15:38:24,0
2026-01-27 15:38:25,0
2026-01-27 15:38:26,0
2026-01-27 15:38:27,0
2026-01-27 15:38:28,0
2026-01-27 15:38:29,0
2026-01-27 15:38:30,0
2026-01-27 15:38:31,0
2026-01-27 15:38:32,0
2026-01-27 15:38:33,0
2026-01-27 15:38:34,0
2026-01-27 15:38:35,0
2026-01-27 15:38:36,0
2026-01-27 15:38:37,0
2026-01-27 15:38:38,0
2026-01-27 15:38:39,0
2026-01-27 15:38:40,0
2026-01-27 15:38:41,0
2026-01-27 15:38:42,0
2026-01-27 15:38:43,0
2026-01-27 15:38:44,0
2026-01-27 15:38:45,0
2026-01-27 15:38:46,0
2026-01-27 15:38:47,0
2026-01-27 15:38:48,0
2026-01-27 15:38:49,0
2026-01-27 15:38:50,0
2026-01-27 15:38:51,0
2026-01-27 15:38:52,0
2026-01-27 15:38:53,0
2026-01-27 15:38:54,0
2026-01-27 15:38:55,0
2026-01-27 15:38:56,0
2026-01-27 15:38:57,0
2026-01-27 15:38:58,0
2026-01-27 15:38:59,0
2026-01-27 15:39:00,0
2026-01-27 15:39:01,0
2026-01-27 15:39:02,0
2026-01-27 15:39:03,0
2026-01-27 15:39:04,0
2026-01-27 15:39:05,0
2026-01-27 15:39:06,0
2026-01-27 15:39:07,0
2026-01-27 15:39:08,0
2026-01-27 15:39:09,0
2026-01-27 15:39:10,0
2026-01-27 15:39:11,0
2026-01-27 15:39:12,0
2026-01-27 15:39:13,0
2026-01-27 15:39:14,0
2026-01-27 15:39:15,0
2026-01-27 15:39:16,0
2026-01-27 15:39:17,0
2026-01-27 15:39:18,0
2026-01-27 15:39:19,0
2026-01-27 15:39:20,0
2026-01-27 15:39:21,0
2026-01-27 15:39:22,0
2026-01-27 15:39:23,0
2026-01-27 15:39:24,0
2026-01-27 15:39:25,0
2026-01-27 15:39:26,0
2026-01-27 15:39:27,0
2026-01-27 15:39:28,0
2026-01-27 15:39:29,0
2026-01-27 15:39:30,0
2026-01-27 15:39:31,0
2026-01-27 15:39:32,0
2026-01-27 15:39:33,0
2026-01-27 15:39:34,0
2026-01-27 15:39:35,0
2026-01-27 15:39:36,0
2026-01-27 15:39:37,0
2026-01-27 15:39:38,0
2026-01-27 15:39:39,0
2026-01-27 15:39:40,0
2026-01-27 15:39:41,0
2026-01-27 15:39:42,0
2026-01-27 15:39:43,0
2026-01-27 15:39:44,0
2026-01-27 15:39:45,0
2026-01-27 15:39:46,0
2026-01-27 15:39:47,0
2026-01-27 15:39:48,0
2026-01-27 15:39:49,0
2026-01-27 15:39:50,0
2026-01-27 15:39:51,0
2026-01-27 15:39:52,0
2026-01-27 15:39:53,0
2026-01-27 15:39:54,0
2026-01-27 15:39:55,0
2026-01-27 15:39:56,0
2026-01-27 15:39:57,0
2026-01-27 15:39:58,0
2026-01-27 15:41:29,5.60
2026-01-27 15:41:30,5.60
2026-01-27 15:41:31,5.60
2026-01-27 15:41:32,5.60
2026-01-27 15:41:33,5.60
2026-01-27 15:41:34,8.80
2026-01-27 15:41:35,8.80
2026-01-27 15:41:36,8.80
2026-01-27 15:41:37,8.80
2026-01-27 15:41:38,8.80
2026-01-27 15:41:39,8.30
2026-01-27 15:41:40,8.30
2026-01-27 15:41:41,8.30
2026-01-27 15:41:42,8.30
2026-01-27 15:41:43,8.30
2026-01-27 15:41:44,9.04
2026-01-27 15:41:45,9.04
2026-01-27 15:41:46,9.04
2026-01-27 15:41:47,9.04
2026-01-27 15:41:48,9.04
2026-01-27 15:41:49,8.10
2026-01-27 15:41:50,8.10
2026-01-27 15:41:51,8.10
2026-01-27 15:41:52,8.10
2026-01-27 15:41:53,8.10
2026-01-27 15:41:54,8.79
2026-01-27 15:41:55,8.79
2026-01-27 15:41:56,8.79
2026-01-27 15:41:57,8.79
2026-01-27 15:41:58,8.79
2026-01-27 15:41:59,7.92
2026-01-27 15:42:00,7.92
2026-01-27 15:42:01,7.92
2026-01-27 15:42:02,7.92
2026-01-27 15:42:03,7.92
2026-01-27 15:42:04,9.98
2026-01-27 15:42:05,9.98
2026-01-27 15:42:06,9.98
2026-01-27 15:42:07,9.98
2026-01-27 15:42:08,9.98
2026-01-27 15:42:09,8.93
2026-01-27 15:42:10,8.93
2026-01-27 15:42:11,8.93
2026-01-27 15:42:12,8.93
2026-01-27 15:42:13,8.93
2026-01-27 15:42:14,10.2
2026-01-27 15:42:15,10.2
2026-01-27 15:42:16,10.2
2026-01-27 15:42:17,10.2
2026-01-27 15:42:18,10.2
2026-01-27 15:42:19,9.70
2026-01-27 15:42:20,9.70
2026-01-27 15:42:21,9.70
2026-01-27 15:42:22,9.70
2026-01-27 15:42:23,9.70
2026-01-27 15:42:24,10.2
2026-01-27 15:42:25,10.2
2026-01-27 15:42:26,10.2
2026-01-27 15:42:27,10.2
2026-01-27 15:42:28,10.2
2026-01-27 15:42:29,9.54
2026-01-27 15:42:30,9.54
2026-01-27 15:42:31,9.54
2026-01-27 15:42:32,9.54
2026-01-27 15:42:33,9.54
2026-01-27 15:42:34,10.1
2026-01-27 15:42:35,10.1
2026-01-27 15:42:36,10.1
2026-01-27 15:42:37,10.1
2026-01-27 15:42:38,10.1
2026-01-27 15:42:39,9.91
2026-01-27 15:42:40,9.91
2026-01-27 15:42:41,9.91
2026-01-27 15:42:42,9.91
2026-01-27 15:42:43,9.91
2026-01-27 15:42:44,10.2
2026-01-27 15:42:45,10.2
2026-01-27 15:42:46,10.2
2026-01-27 15:42:47,10.2
2026-01-27 15:42:48,10.2
2026-01-27 15:42:49,9.43
2026-01-27 15:42:50,9.43
2026-01-27 15:42:51,9.43
2026-01-27 15:42:52,9.43
2026-01-27 15:42:53,9.43
2026-01-27 15:42:54,12.0
2026-01-27 15:42:55,12.0
2026-01-27 15:42:56,12.0
2026-01-27 15:42:57,12.0
2026-01-27 15:42:58,12.0
2026-01-27 15:42:59,10.0
2026-01-27 15:43:00,10.0
2026-01-27 15:43:01,10.0
2026-01-27 15:43:02,10.0
2026-01-27 15:43:03,10.0
2026-01-27 15:43:04,10.5
2026-01-27 15:43:05,10.5
2026-01-27 15:43:06,10.5
2026-01-27 15:43:07,10.5
2026-01-27 15:43:08,10.5
2026-01-27 15:43:09,10.2
2026-01-27 15:43:10,10.2
2026-01-27 15:43:11,10.2
2026-01-27 15:43:12,10.2
2026-01-27 15:43:13,10.2
2026-01-27 15:43:14,9.98
2026-01-27 15:43:15,9.98
2026-01-27 15:43:16,9.98
2026-01-27 15:43:17,9.98
2026-01-27 15:43:18,9.98
2026-01-27 15:43:19,9.70
2026-01-27 15:43:20,9.70
2026-01-27 15:43:21,9.70
2026-01-27 15:43:22,9.70
2026-01-27 15:43:23,9.70
2026-01-27 15:43:24,10.7
2026-01-27 15:43:25,10.7
2026-01-27 15:43:26,10.7
2026-01-27 15:43:27,10.7
2026-01-27 15:43:28,10.7
2026-01-27 15:43:29,0
2026-01-27 15:43:30,0
2026-01-27 15:43:31,0
2026-01-27 15:43:32,0
2026-01-27 15:43:33,0
2026-01-27 15:43:34,0
2026-01-27 15:43:35,0
2026-01-27 15:43:36,0
2026-01-27 15:43:37,0
2026-01-27 15:43:38,0
2026-01-27 15:43:39,0
2026-01-27 15:43:40,0
2026-01-27 15:43:41,0
2026-01-27 15:43:42,0
2026-01-27 15:43:43,0
2026-01-27 15:43:44,0
2026-01-27 15:43:45,0
2026-01-27 15:43:46,0
2026-01-27 15:43:47,0
2026-01-27 15:43:48,0
2026-01-27 15:43:49,0
2026-01-27 15:43:50,0
2026-01-27 15:43:51,0
2026-01-27 15:43:52,0
2026-01-27 15:43:53,0
2026-01-27 15:43:54,0
2026-01-27 15:43:55,0
2026-01-27 15:43:56,0
2026-01-27 15:43:57,0
2026-01-27 15:43:58,0
2026-01-27 15:43:59,0
2026-01-27 15:44:00,0
2026-01-27 15:44:01,0
2026-01-27 15:44:02,0
2026-01-27 15:44:03,0
2026-01-27 15:44:04,0
2026-01-27 15:44:05,0
2026-01-27 15:44:06,0
2026-01-27 15:44:07,0
2026-01-27 15:44:08,0
2026-01-27 15:44:09,0
2026-01-27 15:44:10,0
2026-01-27 15:44:11,0
2026-01-27 15:44:12,0
2026-01-27 15:44:13,0
2026-01-27 15:44:14,0
2026-01-27 15:44:15,0
2026-01-27 15:44:16,0
2026-01-27 15:44:17,0
2026-01-27 15:44:18,0
2026-01-27 15:44:19,0
2026-01-27 15:44:20,0
2026-01-27 15:44:21,0
2026-01-27 15:44:22,0
2026-01-27 15:44:23,0
2026-01-27 15:44:24,0
2026-01-27 15:44:25,0
2026-01-27 15:44:26,0
2026-01-27 15:44:27,0
2026-01-27 15:44:28,0
2026-01-27 15:44:29,0
2026-01-27 15:44:30,0
2026-01-27 15:44:31,0
2026-01-27 15:44:32,0
2026-01-27 15:44:33,0
2026-01-27 15:44:34,0
2026-01-27 15:44:35,0
2026-01-27 15:44:36,0
2026-01-27 15:44:37,0
2026-01-27 15:44:38,0
2026-01-27 15:44:39,0
2026-01-27 15:44:40,0
2026-01-27 15:44:41,0
2026-01-27 15:44:42,0
2026-01-27 15:44:43,0
2026-01-27 15:44:44,0
2026-01-27 15:44:45,0
2026-01-27 15:44:46,0
2026-01-27 15:44:47,0
2026-01-27 15:44:48,0
2026-01-27 15:44:49,0
2026-01-27 15:44:50,0
2026-01-27 15:44:51,0
2026-01-27 15:44:52,0
2026-01-27 15:44:53,0
2026-01-27 15:44:54,0
2026-01-27 15:44:55,0
2026-01-27 15:44:56,0
2026-01-27 15:44:57,0
2026-01-27 15:44:58,0
2026-01-27 15:44:59,0
2026-01-27 15:45:00,0
2026-01-27 15:45:01,0
2026-01-27 15:45:02,0
2026-01-27 15:45:03,0
2026-01-27 15:47:44,1.22
2026-01-27 15:47:45,1.22
2026-01-27 15:47:46,1.22
2026-01-27 15:47:47,1.22
2026-01-27 15:47:48,1.22
2026-01-27 15:47:49,5.86
2026-01-27 15:47:50,5.86
2026-01-27 15:47:51,5.86
2026-01-27 15:47:52,5.86
2026-01-27 15:47:53,5.86
2026-01-27 15:47:54,7.95
2026-01-27 15:47:55,7.95
2026-01-27 15:47:56,7.95
2026-01-27 15:47:57,7.95
2026-01-27 15:47:58,7.95
2026-01-27 15:47:59,7.39
2026-01-27 15:48:00,7.39
2026-01-27 15:48:01,7.39
2026-01-27 15:48:02,7.39
2026-01-27 15:48:03,7.39
2026-01-27 15:48:04,7.68
2026-01-27 15:48:05,7.68
2026-01-27 15:48:06,7.68
2026-01-27 15:48:07,7.68
2026-01-27 15:48:08,7.68
2026-01-27 15:48:09,7.36
2026-01-27 15:48:10,7.36
2026-01-27 15:48:11,7.36
2026-01-27 15:48:12,7.36
2026-01-27 15:48:13,7.36
2026-01-27 15:48:14,7.01
2026-01-27 15:48:15,7.01
2026-01-27 15:48:16,7.01
2026-01-27 15:48:17,7.01
2026-01-27 15:48:18,7.01
2026-01-27 15:48:19,7.31
2026-01-27 15:48:20,7.31
2026-01-27 15:48:21,7.31
2026-01-27 15:48:22,7.31
2026-01-27 15:48:23,7.31
2026-01-27 15:48:24,9.20
2026-01-27 15:48:25,9.20
2026-01-27 15:48:26,9.20
2026-01-27 15:48:27,9.20
2026-01-27 15:48:28,9.20
2026-01-27 15:48:29,8.32
2026-01-27 15:48:30,8.32
2026-01-27 15:48:31,8.32
2026-01-27 15:48:32,8.32
2026-01-27 15:48:33,8.32
2026-01-27 15:48:34,10.3
2026-01-27 15:48:35,10.3
2026-01-27 15:48:36,10.3
2026-01-27 15:48:37,10.3
2026-01-27 15:48:38,10.3
2026-01-27 15:48:39,9.48
2026-01-27 15:48:40,9.48
2026-01-27 15:48:41,9.48
2026-01-27 15:48:42,9.48
2026-01-27 15:48:43,9.48
2026-01-27 15:48:44,9.01
2026-01-27 15:48:45,9.01
2026-01-27 15:48:46,9.01
2026-01-27 15:48:47,9.01
2026-01-27 15:48:48,9.01
2026-01-27 15:48:49,9.53
2026-01-27 15:48:50,9.53
2026-01-27 15:48:51,9.53
2026-01-27 15:48:52,9.53
2026-01-27 15:48:53,9.53
2026-01-27 15:48:54,10.2
2026-01-27 15:48:55,10.2
2026-01-27 15:48:56,10.2
2026-01-27 15:48:57,10.2
2026-01-27 15:48:58,10.2
2026-01-27 15:48:59,9.76
2026-01-27 15:49:00,9.76
2026-01-27 15:49:01,9.76
2026-01-27 15:49:02,9.76
2026-01-27 15:49:03,9.76
2026-01-27 15:49:04,11.9
2026-01-27 15:49:05,11.9
2026-01-27 15:49:06,11.9
2026-01-27 15:49:07,11.9
2026-01-27 15:49:08,11.9
2026-01-27 15:49:09,10.2
2026-01-27 15:49:10,10.2
2026-01-27 15:49:11,10.2
2026-01-27 15:49:12,10.2
2026-01-27 15:49:13,10.2
2026-01-27 15:49:14,9.88
2026-01-27 15:49:15,9.88
2026-01-27 15:49:16,9.88
2026-01-27 15:49:17,9.88
2026-01-27 15:49:18,9.88
2026-01-27 15:49:19,9.69
2026-01-27 15:49:20,9.69
2026-01-27 15:49:21,9.69
2026-01-27 15:49:22,9.69
2026-01-27 15:49:23,9.69
2026-01-27 15:49:24,10.6
2026-01-27 15:49:25,10.6
2026-01-27 15:49:26,10.6
2026-01-27 15:49:27,10.6
2026-01-27 15:49:28,10.6
2026-01-27 15:49:29,9.75
2026-01-27 15:49:30,9.75
2026-01-27 15:49:31,9.75
2026-01-27 15:49:32,9.75
2026-01-27 15:49:33,9.75
2026-01-27 15:49:34,10.8
2026-01-27 15:49:35,10.8
2026-01-27 15:49:36,10.8
2026-01-27 15:49:37,10.8
2026-01-27 15:49:38,10.8
2026-01-27 15:49:39,9.85
2026-01-27 15:49:40,9.85
2026-01-27 15:49:41,9.85
2026-01-27 15:49:42,9.85
2026-01-27 15:49:43,9.85
2026-01-27 15:49:44,11.1
2026-01-27 15:49:45,11.1
2026-01-27 15:49:46,11.1
2026-01-27 15:49:47,11.1
2026-01-27 15:49:48,11.1
2026-01-27 15:49:49,10.0
2026-01-27 15:49:50,10.0
2026-01-27 15:49:51,10.0
2026-01-27 15:49:52,10.0
2026-01-27 15:49:53,10.0
2026-01-27 15:49:54,0
2026-01-27 15:49:55,0
2026-01-27 15:49:56,0
2026-01-27 15:49:57,0
2026-01-27 15:49:58,0
2026-01-27 15:49:59,0
2026-01-27 15:50:00,0
2026-01-27 15:50:01,0
2026-01-27 15:50:02,0
2026-01-27 15:50:03,0
2026-01-27 15:50:04,0
2026-01-27 15:50:05,0
2026-01-27 15:50:06,0
2026-01-27 15:50:07,0
2026-01-27 15:50:08,0
2026-01-27 15:50:09,0
2026-01-27 15:50:10,0
2026-01-27 15:50:11,0
2026-01-27 15:50:12,0
2026-01-27 15:50:13,0
2026-01-27 15:50:14,0
2026-01-27 15:50:15,0
2026-01-27 15:50:16,0
2026-01-27 15:50:17,0
2026-01-27 15:50:18,0
2026-01-27 15:50:19,0
2026-01-27 15:50:20,0
2026-01-27 15:50:21,0
2026-01-27 15:50:22,0
2026-01-27 15:50:23,0
2026-01-27 15:50:24,0
2026-01-27 15:50:25,0
2026-01-27 15:50:26,0
2026-01-27 15:50:27,0
2026-01-27 15:50:28,0
2026-01-27 15:50:29,0
2026-01-27 15:50:30,0
2026-01-27 15:50:31,0
2026-01-27 15:50:32,0
2026-01-27 15:50:33,0
2026-01-27 15:50:34,0
2026-01-27 15:50:35,0
2026-01-27 15:50:36,0
2026-01-27 15:50:37,0
2026-01-27 15:50:38,0
2026-01-27 15:50:39,0
2026-01-27 15:50:40,0
2026-01-27 15:50:41,0
2026-01-27 15:50:42,0
2026-01-27 15:50:43,0
2026-01-27 15:50:44,0
2026-01-27 15:50:45,0
2026-01-27 15:50:46,0
2026-01-27 15:50:47,0
2026-01-27 15:50:48,0
2026-01-27 15:50:49,0
2026-01-27 15:50:50,0
2026-01-27 15:50:51,0
2026-01-27 15:50:52,0
2026-01-27 15:50:53,0
2026-01-27 15:50:54,0
2026-01-27 15:50:55,0
2026-01-27 15:50:56,0
2026-01-27 15:50:57,0
2026-01-27 15:50:58,0
2026-01-27 15:50:59,0
2026-01-27 15:51:00,0
2026-01-27 15:51:01,0
2026-01-27 15:51:02,0
2026-01-27 15:51:03,0
2026-01-27 15:51:04,0
2026-01-27 15:51:05,0
2026-01-27 15:51:06,0
2026-01-27 15:51:07,0
2026-01-27 15:51:08,0
2026-01-27 15:51:09,0
2026-01-27 15:51:10,0
2026-01-27 15:51:11,0
2026-01-27 15:51:12,0
2026-01-27 15:51:13,0
2026-01-27 15:51:14,0
2026-01-27 15:51:15,0
2026-01-27 15:51:16,0
2026-01-27 15:51:17,0
2026-01-27 15:51:18,0
2026-01-27 15:51:19,0
2026-01-27 15:51:20,0
2026-01-27 15:51:21,0
2026-01-27 15:51:22,0
2026-01-27 15:51:23,0
2026-01-27 15:51:24,0
2026-01-27 15:51:25,0
2026-01-27 15:51:26,0
2026-01-27 15:51:27,0
2026-01-27 15:51:28,0
2026-01-27 15:56:39,7.52
2026-01-27 15:56:40,7.52
2026-01-27 15:56:41,7.52
2026-01-27 15:56:42,7.52
2026-01-27 15:56:43,7.52
2026-01-27 15:56:44,9.91
2026-01-27 15:56:45,9.91
2026-01-27 15:56:46,9.91
2026-01-27 15:56:47,9.91
2026-01-27 15:56:48,9.91
2026-01-27 15:56:49,9.29
2026-01-27 15:56:50,9.29
2026-01-27 15:56:51,9.29
2026-01-27 15:56:52,9.29
2026-01-27 15:56:53,9.29
2026-01-27 15:56:54,10.2
2026-01-27 15:56:55,10.2
2026-01-27 15:56:56,10.2
2026-01-27 15:56:57,10.2
2026-01-27 15:56:58,10.2
2026-01-27 15:56:59,9.08
2026-01-27 15:57:00,9.08
2026-01-27 15:57:01,9.08
2026-01-27 15:57:02,9.08
2026-01-27 15:57:03,9.08
2026-01-27 15:57:04,9.72
2026-01-27 15:57:05,9.72
2026-01-27 15:57:06,9.72
2026-01-27 15:57:07,9.72
2026-01-27 15:57:08,9.72
2026-01-27 15:57:09,9.24
2026-01-27 15:57:10,9.24
2026-01-27 15:57:11,9.24
2026-01-27 15:57:12,9.24
2026-01-27 15:57:13,9.24
2026-01-27 15:57:14,10.4
2026-01-27 15:57:15,10.4
2026-01-27 15:57:16,10.4
2026-01-27 15:57:17,10.4
2026-01-27 15:57:18,10.4
2026-01-27 15:57:19,9.22
2026-01-27 15:57:20,9.22
2026-01-27 15:57:21,9.22
2026-01-27 15:57:22,9.22
2026-01-27 15:57:23,9.22
2026-01-27 15:57:24,9.04
2026-01-27 15:57:25,9.04
2026-01-27 15:57:26,9.04
2026-01-27 15:57:27,9.04
2026-01-27 15:57:28,9.04
2026-01-27 15:57:29,8.34
2026-01-27 15:57:30,8.34
2026-01-27 15:57:31,8.34
2026-01-27 15:57:32,8.34
2026-01-27 15:57:33,8.34
2026-01-27 15:57:34,9.23
2026-01-27 15:57:35,9.23
2026-01-27 15:57:36,9.23
2026-01-27 15:57:37,9.23
2026-01-27 15:57:38,9.23
2026-01-27 15:57:39,8.31
2026-01-27 15:57:40,8.31
2026-01-27 15:57:41,8.31
2026-01-27 15:57:42,8.31
2026-01-27 15:57:43,8.31
2026-01-27 15:57:44,10.6
2026-01-27 15:57:45,10.6
2026-01-27 15:57:46,10.6
2026-01-27 15:57:47,10.6
2026-01-27 15:57:48,10.6
2026-01-27 15:57:49,8.34
2026-01-27 15:57:50,8.34
2026-01-27 15:57:51,8.34
2026-01-27 15:57:52,8.34
2026-01-27 15:57:53,8.34
2026-01-27 15:57:54,8.29
2026-01-27 15:57:55,8.29
2026-01-27 15:57:56,8.29
2026-01-27 15:57:57,8.29
2026-01-27 15:57:58,8.29
2026-01-27 15:57:59,7.84
2026-01-27 15:58:00,7.84
2026-01-27 15:58:01,7.84
2026-01-27 15:58:02,7.84
2026-01-27 15:58:03,7.84
2026-01-27 15:58:04,8.71
2026-01-27 15:58:05,8.71
2026-01-27 15:58:06,8.71
2026-01-27 15:58:07,8.71
2026-01-27 15:58:08,8.71
2026-01-27 15:58:09,7.16
2026-01-27 15:58:10,7.16
2026-01-27 15:58:11,7.16
2026-01-27 15:58:12,7.16
2026-01-27 15:58:13,7.16
2026-01-27 15:58:14,9.23
2026-01-27 15:58:15,9.23
2026-01-27 15:58:16,9.23
2026-01-27 15:58:17,9.23
2026-01-27 15:58:18,9.23
2026-01-27 15:58:19,9.31
2026-01-27 15:58:20,9.31
2026-01-27 15:58:21,9.31
2026-01-27 15:58:22,9.31
2026-01-27 15:58:23,9.31
2026-01-27 15:58:24,9.83
2026-01-27 15:58:25,9.83
2026-01-27 15:58:26,9.83
2026-01-27 15:58:27,9.83
2026-01-27 15:58:28,9.83
2026-01-27 15:58:29,9.04
2026-01-27 15:58:30,9.04
2026-01-27 15:58:31,9.04
2026-01-27 15:58:32,9.04
2026-01-27 15:58:33,9.04
2026-01-27 15:58:34,0
2026-01-27 15:58:35,0
2026-01-27 15:58:36,0
2026-01-27 15:58:37,0
2026-01-27 15:58:38,0
2026-01-27 15:58:39,0
2026-01-27 15:58:40,0
2026-01-27 15:58:41,0
2026-01-27 15:58:42,0
2026-01-27 15:58:43,0
2026-01-27 15:58:44,0
2026-01-27 15:58:45,0
2026-01-27 15:58:46,0
2026-01-27 15:58:47,0
2026-01-27 15:58:48,0
2026-01-27 15:58:49,0
2026-01-27 15:58:50,0
2026-01-27 15:58:51,0
2026-01-27 15:58:52,0
2026-01-27 15:58:53,0
2026-01-27 15:58:54,0
2026-01-27 15:58:55,0
2026-01-27 15:58:56,0
2026-01-27 15:58:57,0
2026-01-27 15:58:58,0
2026-01-27 15:58:59,0
2026-01-27 15:59:00,0
2026-01-27 15:59:01,0
2026-01-27 15:59:02,0
2026-01-27 15:59:03,0
2026-01-27 15:59:04,0
2026-01-27 15:59:05,0
2026-01-27 15:59:06,0
2026-01-27 15:59:07,0
2026-01-27 15:59:08,0
2026-01-27 15:59:09,0
2026-01-27 15:59:10,0
2026-01-27 15:59:11,0
2026-01-27 15:59:12,0
2026-01-27 15:59:13,0
2026-01-27 15:59:14,0
2026-01-27 15:59:15,0
2026-01-27 15:59:16,0
2026-01-27 15:59:17,0
2026-01-27 15:59:18,0
2026-01-27 15:59:19,0
2026-01-27 15:59:20,0
2026-01-27 15:59:21,0
2026-01-27 15:59:22,0
2026-01-27 15:59:23,0
2026-01-27 15:59:24,0
2026-01-27 15:59:25,0
2026-01-27 15:59:26,0
2026-01-27 15:59:27,0
2026-01-27 15:59:28,0
2026-01-27 15:59:29,0
2026-01-27 15:59:30,0
2026-01-27 15:59:31,0
2026-01-27 15:59:32,0
2026-01-27 15:59:33,0
2026-01-27 15:59:34,0
2026-01-27 15:59:35,0
2026-01-27 15:59:36,0
2026-01-27 15:59:37,0
2026-01-27 15:59:38,0
2026-01-27 15:59:39,0
2026-01-27 15:59:40,0
2026-01-27 15:59:41,0
2026-01-27 15:59:42,0
2026-01-27 15:59:43,0
2026-01-27 15:59:44,0
2026-01-27 15:59:45,0
2026-01-27 15:59:46,0
2026-01-27 15:59:47,0
2026-01-27 15:59:48,0
2026-01-27 15:59:49,0
2026-01-27 15:59:50,0
2026-01-27 15:59:51,0
2026-01-27 15:59:52,0
2026-01-27 15:59:53,0
2026-01-27 15:59:54,0
2026-01-27 15:59:55,0
2026-01-27 15:59:56,0
2026-01-27 15:59:57,0
2026-01-27 15:59:58,0
2026-01-27 15:59:59,0
2026-01-27 16:00:00,0
2026-01-27 16:00:01,0
2026-01-27 16:00:02,0
2026-01-27 16:00:03,0
2026-01-27 16:00:04,0
2026-01-27 16:00:05,0
2026-01-27 16:00:06,0
2026-01-27 16:00:07,0
2026-01-27 16:00:08,0
2026-01-27 16:05:14,6.04
2026-01-27 16:05:15,6.04
2026-01-27 16:05:16,6.04
2026-01-27 16:05:17,6.04
2026-01-27 16:05:18,6.04
2026-01-27 16:05:19,8.49
2026-01-27 16:05:20,8.49
2026-01-27 16:05:21,8.49
2026-01-27 16:05:22,8.49
2026-01-27 16:05:23,8.49
2026-01-27 16:05:24,9.92
2026-01-27 16:05:25,9.92
2026-01-27 16:05:26,9.92
2026-01-27 16:05:27,9.92
2026-01-27 16:05:28,9.92
2026-01-27 16:05:29,7.85
2026-01-27 16:05:30,7.85
2026-01-27 16:05:31,7.85
2026-01-27 16:05:32,7.85
2026-01-27 16:05:33,7.85
2026-01-27 16:05:34,9.00
2026-01-27 16:05:35,9.00
2026-01-27 16:05:36,9.00
2026-01-27 16:05:37,9.00
2026-01-27 16:05:38,9.00
2026-01-27 16:05:39,7.40
2026-01-27 16:05:40,7.40
2026-01-27 16:05:41,7.40
2026-01-27 16:05:42,7.40
2026-01-27 16:05:43,7.40
2026-01-27 16:05:44,8.01
2026-01-27 16:05:45,8.01
2026-01-27 16:05:46,8.01
2026-01-27 16:05:47,8.01
2026-01-27 16:05:48,8.01
2026-01-27 16:05:49,7.30
2026-01-27 16:05:50,7.30
2026-01-27 16:05:51,7.30
2026-01-27 16:05:52,7.30
2026-01-27 16:05:53,7.30
2026-01-27 16:05:54,8.10
2026-01-27 16:05:55,8.10
2026-01-27 16:05:56,8.10
2026-01-27 16:05:57,8.10
2026-01-27 16:05:58,8.10
2026-01-27 16:05:59,7.78
2026-01-27 16:06:00,7.78
2026-01-27 16:06:01,7.78
2026-01-27 16:06:02,7.78
2026-01-27 16:06:03,7.78
2026-01-27 16:06:04,10.1
2026-01-27 16:06:05,10.1
2026-01-27 16:06:06,10.1
2026-01-27 16:06:07,10.1
2026-01-27 16:06:08,10.1
2026-01-27 16:06:09,8.43
2026-01-27 16:06:10,8.43
2026-01-27 16:06:11,8.43
2026-01-27 16:06:12,8.43
2026-01-27 16:06:13,8.43
2026-01-27 16:06:14,8.32
2026-01-27 16:06:15,8.32
2026-01-27 16:06:16,8.32
2026-01-27 16:06:17,8.32
2026-01-27 16:06:18,8.32
2026-01-27 16:06:19,9.92
2026-01-27 16:06:20,9.92
2026-01-27 16:06:21,9.92
2026-01-27 16:06:22,9.92
2026-01-27 16:06:23,9.92
2026-01-27 16:06:24,8.75
2026-01-27 16:06:25,8.75
2026-01-27 16:06:26,8.75
2026-01-27 16:06:27,8.75
2026-01-27 16:06:28,8.75
2026-01-27 16:06:29,9.33
2026-01-27 16:06:30,9.33
2026-01-27 16:06:31,9.33
2026-01-27 16:06:32,9.33
2026-01-27 16:06:33,9.33
2026-01-27 16:06:34,14.5
2026-01-27 16:06:35,14.5
2026-01-27 16:06:36,14.5
2026-01-27 16:06:37,14.5
2026-01-27 16:06:38,14.5
2026-01-27 16:06:39,13.5
2026-01-27 16:06:40,13.5
2026-01-27 16:06:41,13.5
2026-01-27 16:06:42,13.5
2026-01-27 16:06:43,13.5
2026-01-27 16:06:44,12.6
2026-01-27 16:06:45,12.6
2026-01-27 16:06:46,12.6
2026-01-27 16:06:47,12.6
2026-01-27 16:06:48,12.6
2026-01-27 16:06:49,8.74
2026-01-27 16:06:50,8.74
2026-01-27 16:06:51,8.74
2026-01-27 16:06:52,8.74
2026-01-27 16:06:53,8.74
2026-01-27 16:06:54,9.38
2026-01-27 16:06:55,9.38
2026-01-27 16:06:56,9.38
2026-01-27 16:06:57,9.38
2026-01-27 16:06:58,9.38
2026-01-27 16:06:59,8.98
2026-01-27 16:07:00,8.98
2026-01-27 16:07:01,8.98
2026-01-27 16:07:02,8.98
2026-01-27 16:07:03,8.98
2026-01-27 16:07:04,9.90
2026-01-27 16:07:05,9.90
2026-01-27 16:07:06,9.90
2026-01-27 16:07:07,9.90
2026-01-27 16:07:08,9.90
2026-01-27 16:07:09,9.08
2026-01-27 16:07:10,9.08
2026-01-27 16:07:11,9.08
2026-01-27 16:07:12,9.08
2026-01-27 16:07:13,9.08
2026-01-27 16:07:14,0
2026-01-27 16:07:15,0
2026-01-27 16:07:16,0
2026-01-27 16:07:17,0
2026-01-27 16:07:18,0
2026-01-27 16:07:19,0
2026-01-27 16:07:20,0
2026-01-27 16:07:21,0
2026-01-27 16:07:22,0
2026-01-27 16:07:23,0
2026-01-27 16:07:24,0
2026-01-27 16:07:25,0
2026-01-27 16:07:26,0
2026-01-27 16:07:27,0
2026-01-27 16:07:28,0
2026-01-27 16:07:29,0
2026-01-27 16:07:30,0
2026-01-27 16:07:31,0
2026-01-27 16:07:32,0
2026-01-27 16:07:33,0
2026-01-27 16:07:34,0
2026-01-27 16:07:35,0
2026-01-27 16:07:36,0
2026-01-27 16:07:37,0
2026-01-27 16:07:38,0
2026-01-27 16:07:39,0
2026-01-27 16:07:40,0
2026-01-27 16:07:41,0
2026-01-27 16:07:42,0
2026-01-27 16:07:43,0
2026-01-27 16:07:44,0
2026-01-27 16:07:45,0
2026-01-27 16:07:46,0
2026-01-27 16:07:47,0
2026-01-27 16:07:48,0
2026-01-27 16:07:49,0
2026-01-27 16:07:50,0
2026-01-27 16:07:51,0
2026-01-27 16:07:52,0
2026-01-27 16:07:53,0
2026-01-27 16:07:54,0
2026-01-27 16:07:55,0
2026-01-27 16:07:56,0
2026-01-27 16:07:57,0
2026-01-27 16:07:58,0
2026-01-27 16:07:59,0
2026-01-27 16:08:00,0
2026-01-27 16:08:01,0
2026-01-27 16:08:02,0
2026-01-27 16:08:03,0
2026-01-27 16:08:04,0
2026-01-27 16:08:05,0
2026-01-27 16:08:06,0
2026-01-27 16:08:07,0
2026-01-27 16:08:08,0
2026-01-27 16:08:09,0
2026-01-27 16:08:10,0
2026-01-27 16:08:11,0
2026-01-27 16:08:12,0
2026-01-27 16:08:13,0
2026-01-27 16:08:14,0
2026-01-27 16:08:15,0
2026-01-27 16:08:16,0
2026-01-27 16:08:17,0
2026-01-27 16:08:18,0
2026-01-27 16:08:19,0
2026-01-27 16:08:20,0
2026-01-27 16:08:21,0
2026-01-27 16:08:22,0
2026-01-27 16:08:23,0
2026-01-27 16:08:24,0
2026-01-27 16:08:25,0
2026-01-27 16:08:26,0
2026-01-27 16:08:27,0
2026-01-27 16:08:28,0
2026-01-27 16:08:29,0
2026-01-27 16:08:30,0
2026-01-27 16:08:31,0
2026-01-27 16:08:32,0
2026-01-27 16:08:33,0
2026-01-27 16:08:34,0
2026-01-27 16:08:35,0
2026-01-27 16:08:36,0
2026-01-27 16:08:37,0
2026-01-27 16:08:38,0
2026-01-27 16:08:39,0
2026-01-27 16:08:40,0
2026-01-27 16:08:41,0
2026-01-27 16:08:42,0
2026-01-27 16:08:43,0
2026-01-27 16:08:44,0
2026-01-27 16:08:45,0
2026-01-27 16:08:46,0
2026-01-27 16:08:47,0
2026-01-27 16:08:48,0
2026-01-27 16:13:49,8.29
2026-01-27 16:13:50,8.29
2026-01-27 16:13:51,8.29
2026-01-27 16:13:52,8.29
2026-01-27 16:13:53,8.29
2026-01-27 16:13:54,8.38
2026-01-27 16:13:55,8.38
2026-01-27 16:13:56,8.38
2026-01-27 16:13:57,8.38
2026-01-27 16:13:58,8.38
2026-01-27 16:13:59,7.89
2026-01-27 16:14:00,7.89
2026-01-27 16:14:01,7.89
2026-01-27 16:14:02,7.89
2026-01-27 16:14:03,7.89
2026-01-27 16:14:04,9.73
2026-01-27 16:14:05,9.73
2026-01-27 16:14:06,9.73
2026-01-27 16:14:07,9.73
2026-01-27 16:14:08,9.73
2026-01-27 16:14:09,9.00
2026-01-27 16:14:10,9.00
2026-01-27 16:14:11,9.00
2026-01-27 16:14:12,9.00
2026-01-27 16:14:13,9.00
2026-01-27 16:14:14,9.20
2026-01-27 16:14:15,9.20
2026-01-27 16:14:16,9.20
2026-01-27 16:14:17,9.20
2026-01-27 16:14:18,9.20
2026-01-27 16:14:19,9.08
2026-01-27 16:14:20,9.08
2026-01-27 16:14:21,9.08
2026-01-27 16:14:22,9.08
2026-01-27 16:14:23,9.08
2026-01-27 16:14:24,9.35
2026-01-27 16:14:25,9.35
2026-01-27 16:14:26,9.35
2026-01-27 16:14:27,9.35
2026-01-27 16:14:28,9.35
2026-01-27 16:14:29,8.98
2026-01-27 16:14:30,8.98
2026-01-27 16:14:31,8.98
2026-01-27 16:14:32,8.98
2026-01-27 16:14:33,8.98
2026-01-27 16:14:34,9.18
2026-01-27 16:14:35,9.18
2026-01-27 16:14:36,9.18
2026-01-27 16:14:37,9.18
2026-01-27 16:14:38,9.18
2026-01-27 16:14:39,9.14
2026-01-27 16:14:40,9.14
2026-01-27 16:14:41,9.14
2026-01-27 16:14:42,9.14
2026-01-27 16:14:43,9.14
2026-01-27 16:14:44,9.21
2026-01-27 16:14:45,9.21
2026-01-27 16:14:46,9.21
2026-01-27 16:14:47,9.21
2026-01-27 16:14:48,9.21
2026-01-27 16:14:49,10.3
2026-01-27 16:14:50,10.3
2026-01-27 16:14:51,10.3
2026-01-27 16:14:52,10.3
2026-01-27 16:14:53,10.3
2026-01-27 16:14:54,8.23
2026-01-27 16:14:55,8.23
2026-01-27 16:14:56,8.23
2026-01-27 16:14:57,8.23
2026-01-27 16:14:58,8.23
2026-01-27 16:14:59,9.95
2026-01-27 16:15:00,9.95
2026-01-27 16:15:01,9.95
2026-01-27 16:15:02,9.95
2026-01-27 16:15:03,9.95
2026-01-27 16:15:04,7.56
2026-01-27 16:15:05,7.56
2026-01-27 16:15:06,7.56
2026-01-27 16:15:07,7.56
2026-01-27 16:15:08,7.56
2026-01-27 16:15:09,7.91
2026-01-27 16:15:10,7.91
2026-01-27 16:15:11,7.91
2026-01-27 16:15:12,7.91
2026-01-27 16:15:13,7.91
2026-01-27 16:15:14,7.80
2026-01-27 16:15:15,7.80
2026-01-27 16:15:16,7.80
2026-01-27 16:15:17,7.80
2026-01-27 16:15:18,7.80
2026-01-27 16:15:19,8.06
2026-01-27 16:15:20,8.06
2026-01-27 16:15:21,8.06
2026-01-27 16:15:22,8.06
2026-01-27 16:15:23,8.06
2026-01-27 16:15:24,7.95
2026-01-27 16:15:25,7.95
2026-01-27 16:15:26,7.95
2026-01-27 16:15:27,7.95
2026-01-27 16:15:28,7.95
2026-01-27 16:15:29,10.0
2026-01-27 16:15:30,10.0
2026-01-27 16:15:31,10.0
2026-01-27 16:15:32,10.0
2026-01-27 16:15:33,10.0
2026-01-27 16:15:34,6.82
2026-01-27 16:15:35,6.82
2026-01-27 16:15:36,6.82
2026-01-27 16:15:37,6.82
2026-01-27 16:15:38,6.82
2026-01-27 16:15:39,6.89
2026-01-27 16:15:40,6.89
2026-01-27 16:15:41,6.89
2026-01-27 16:15:42,6.89
2026-01-27 16:15:43,6.89
2026-01-27 16:15:44,0
2026-01-27 16:15:45,0
2026-01-27 16:15:46,0
2026-01-27 16:15:47,0
2026-01-27 16:15:48,0
2026-01-27 16:15:49,0
2026-01-27 16:15:50,0
2026-01-27 16:15:51,0
2026-01-27 16:15:52,0
2026-01-27 16:15:53,0
2026-01-27 16:15:54,0
2026-01-27 16:15:55,0
2026-01-27 16:15:56,0
2026-01-27 16:15:57,0
2026-01-27 16:15:58,0
2026-01-27 16:15:59,0
2026-01-27 16:16:00,0
2026-01-27 16:16:01,0
2026-01-27 16:16:02,0
2026-01-27 16:16:03,0
2026-01-27 16:16:04,0
2026-01-27 16:16:05,0
2026-01-27 16:16:06,0
2026-01-27 16:16:07,0
2026-01-27 16:16:08,0
2026-01-27 16:16:09,0
2026-01-27 16:16:10,0
2026-01-27 16:16:11,0
2026-01-27 16:16:12,0
2026-01-27 16:16:13,0
2026-01-27 16:16:14,0
2026-01-27 16:16:15,0
2026-01-27 16:16:16,0
2026-01-27 16:16:17,0
2026-01-27 16:16:18,0
2026-01-27 16:16:19,0
2026-01-27 16:16:20,0
2026-01-27 16:16:21,0
2026-01-27 16:16:22,0
2026-01-27 16:16:23,0
2026-01-27 16:16:24,0
2026-01-27 16:16:25,0
2026-01-27 16:16:26,0
2026-01-27 16:16:27,0
2026-01-27 16:16:28,0
2026-01-27 16:16:29,0
2026-01-27 16:16:30,0
2026-01-27 16:16:31,0
2026-01-27 16:16:32,0
2026-01-27 16:16:33,0
2026-01-27 16:16:34,0
2026-01-27 16:16:35,0
2026-01-27 16:16:36,0
2026-01-27 16:16:37,0
2026-01-27 16:16:38,0
2026-01-27 16:16:39,0
2026-01-27 16:16:40,0
2026-01-27 16:16:41,0
2026-01-27 16:16:42,0
2026-01-27 16:16:43,0
2026-01-27 16:16:44,0
2026-01-27 16:16:45,0
2026-01-27 16:16:46,0
2026-01-27 16:16:47,0
2026-01-27 16:16:48,0
2026-01-27 16:16:49,0
2026-01-27 16:16:50,0
2026-01-27 16:16:51,0
2026-01-27 16:16:52,0
2026-01-27 16:16:53,0
2026-01-27 16:16:54,0
2026-01-27 16:16:55,0
2026-01-27 16:16:56,0
2026-01-27 16:16:57,0
2026-01-27 16:16:58,0
2026-01-27 16:16:59,0
2026-01-27 16:17:00,0
2026-01-27 16:17:01,0
2026-01-27 16:17:02,0
2026-01-27 16:17:03,0
2026-01-27 16:17:04,0
2026-01-27 16:17:05,0
2026-01-27 16:17:06,0
2026-01-27 16:17:07,0
2026-01-27 16:17:08,0
2026-01-27 16:17:09,0
2026-01-27 16:17:10,0
2026-01-27 16:17:11,0
2026-01-27 16:17:12,0
2026-01-27 16:17:13,0
2026-01-27 16:17:14,0
2026-01-27 16:17:15,0
2026-01-27 16:17:16,0
2026-01-27 16:17:17,0
2026-01-27 16:17:18,0
2026-01-27 16:22:19,3.62
2026-01-27 16:22:20,3.62
2026-01-27 16:22:21,3.62
2026-01-27 16:22:22,3.62
2026-01-27 16:22:23,3.62
2026-01-27 16:22:24,7.00
2026-01-27 16:22:25,7.00
2026-01-27 16:22:26,7.00
2026-01-27 16:22:27,7.00
2026-01-27 16:22:28,7.00
2026-01-27 16:22:29,9.27
2026-01-27 16:22:30,9.27
2026-01-27 16:22:31,9.27
2026-01-27 16:22:32,9.27
2026-01-27 16:22:33,9.27
2026-01-27 16:22:34,8.33
2026-01-27 16:22:35,8.33
2026-01-27 16:22:36,8.33
2026-01-27 16:22:37,8.33
2026-01-27 16:22:38,8.33
2026-01-27 16:22:39,8.47
2026-01-27 16:22:40,8.47
2026-01-27 16:22:41,8.47
2026-01-27 16:22:42,8.47
2026-01-27 16:22:43,8.47
2026-01-27 16:22:44,8.21
2026-01-27 16:22:45,8.21
2026-01-27 16:22:46,8.21
2026-01-27 16:22:47,8.21
2026-01-27 16:22:48,8.21
2026-01-27 16:22:49,8.58
2026-01-27 16:22:50,8.58
2026-01-27 16:22:51,8.58
2026-01-27 16:22:52,8.58
2026-01-27 16:22:53,8.58
2026-01-27 16:22:54,8.10
2026-01-27 16:22:55,8.10
2026-01-27 16:22:56,8.10
2026-01-27 16:22:57,8.10
2026-01-27 16:22:58,8.10
2026-01-27 16:22:59,8.86
2026-01-27 16:23:00,8.86
2026-01-27 16:23:01,8.86
2026-01-27 16:23:02,8.86
2026-01-27 16:23:03,8.86
2026-01-27 16:23:04,8.19
2026-01-27 16:23:05,8.19
2026-01-27 16:23:06,8.19
2026-01-27 16:23:07,8.19
2026-01-27 16:23:08,8.19
2026-01-27 16:23:09,8.69
2026-01-27 16:23:10,8.69
2026-01-27 16:23:11,8.69
2026-01-27 16:23:12,8.69
2026-01-27 16:23:13,8.69
2026-01-27 16:23:14,8.12
2026-01-27 16:23:15,8.12
2026-01-27 16:23:16,8.12
2026-01-27 16:23:17,8.12
2026-01-27 16:23:18,8.12
2026-01-27 16:23:19,8.52
2026-01-27 16:23:20,8.52
2026-01-27 16:23:21,8.52
2026-01-27 16:23:22,8.52
2026-01-27 16:23:23,8.52
2026-01-27 16:23:24,9.01
2026-01-27 16:23:25,9.01
2026-01-27 16:23:26,9.01
2026-01-27 16:23:27,9.01
2026-01-27 16:23:28,9.01
2026-01-27 16:23:29,10.4
2026-01-27 16:23:30,10.4
2026-01-27 16:23:31,10.4
2026-01-27 16:23:32,10.4
2026-01-27 16:23:33,10.4
2026-01-27 16:23:34,10.7
2026-01-27 16:23:35,10.7
2026-01-27 16:23:36,10.7
2026-01-27 16:23:37,10.7
2026-01-27 16:23:38,10.7
2026-01-27 16:23:39,9.42
2026-01-27 16:23:40,9.42
2026-01-27 16:23:41,9.42
2026-01-27 16:23:42,9.42
2026-01-27 16:23:43,9.42
2026-01-27 16:23:44,8.78
2026-01-27 16:23:45,8.78
2026-01-27 16:23:46,8.78
2026-01-27 16:23:47,8.78
2026-01-27 16:23:48,8.78
2026-01-27 16:23:49,10.6
2026-01-27 16:23:50,10.6
2026-01-27 16:23:51,10.6
2026-01-27 16:23:52,10.6
2026-01-27 16:23:53,10.6
2026-01-27 16:23:54,10.0
2026-01-27 16:23:55,10.0
2026-01-27 16:23:56,10.0
2026-01-27 16:23:57,10.0
2026-01-27 16:23:58,10.0
2026-01-27 16:23:59,10.1
2026-01-27 16:24:00,10.1
2026-01-27 16:24:01,10.1
2026-01-27 16:24:02,10.1
2026-01-27 16:24:03,10.1
2026-01-27 16:24:04,9.71
2026-01-27 16:24:05,9.71
2026-01-27 16:24:06,9.71
2026-01-27 16:24:07,9.71
2026-01-27 16:24:08,9.71
2026-01-27 16:24:09,10.1
2026-01-27 16:24:10,10.1
2026-01-27 16:24:11,10.1
2026-01-27 16:24:12,10.1
2026-01-27 16:24:13,10.1
2026-01-27 16:24:14,9.67
2026-01-27 16:24:15,9.67
2026-01-27 16:24:16,9.67
2026-01-27 16:24:17,9.67
2026-01-27 16:24:18,9.67
2026-01-27 16:24:19,0
2026-01-27 16:24:20,0
2026-01-27 16:24:21,0
2026-01-27 16:24:22,0
2026-01-27 16:24:23,0
2026-01-27 16:24:24,0
2026-01-27 16:24:25,0
2026-01-27 16:24:26,0
2026-01-27 16:24:27,0
2026-01-27 16:24:28,0
2026-01-27 16:24:29,0
2026-01-27 16:24:30,0
2026-01-27 16:24:31,0
2026-01-27 16:24:32,0
2026-01-27 16:24:33,0
2026-01-27 16:24:34,0
2026-01-27 16:24:35,0
2026-01-27 16:24:36,0
2026-01-27 16:24:37,0
2026-01-27 16:24:38,0
2026-01-27 16:24:39,0
2026-01-27 16:24:40,0
2026-01-27 16:24:41,0
2026-01-27 16:24:42,0
2026-01-27 16:24:43,0
2026-01-27 16:24:44,0
2026-01-27 16:24:45,0
2026-01-27 16:24:46,0
2026-01-27 16:24:47,0
2026-01-27 16:24:48,0
2026-01-27 16:24:49,0
2026-01-27 16:24:50,0
2026-01-27 16:24:51,0
2026-01-27 16:24:52,0
2026-01-27 16:24:53,0
2026-01-27 16:24:54,0
2026-01-27 16:24:55,0
2026-01-27 16:24:56,0
2026-01-27 16:24:57,0
2026-01-27 16:24:58,0
2026-01-27 16:24:59,0
2026-01-27 16:25:00,0
2026-01-27 16:25:01,0
2026-01-27 16:25:02,0
2026-01-27 16:25:03,0
2026-01-27 16:25:04,0
2026-01-27 16:25:05,0
2026-01-27 16:25:06,0
2026-01-27 16:25:07,0
2026-01-27 16:25:08,0
2026-01-27 16:25:09,0
2026-01-27 16:25:10,0
2026-01-27 16:25:11,0
2026-01-27 16:25:12,0
2026-01-27 16:25:13,0
2026-01-27 16:25:14,0
2026-01-27 16:25:15,0
2026-01-27 16:25:16,0
2026-01-27 16:25:17,0
2026-01-27 16:25:18,0
2026-01-27 16:25:19,0
2026-01-27 16:25:20,0
2026-01-27 16:25:21,0
2026-01-27 16:25:22,0
2026-01-27 16:25:23,0
2026-01-27 16:25:24,0
2026-01-27 16:25:25,0
2026-01-27 16:25:26,0
2026-01-27 16:25:27,0
2026-01-27 16:25:28,0
2026-01-27 16:25:29,0
2026-01-27 16:25:30,0
2026-01-27 16:25:31,0
2026-01-27 16:25:32,0
2026-01-27 16:25:33,0
2026-01-27 16:25:34,0
2026-01-27 16:25:35,0
2026-01-27 16:25:36,0
2026-01-27 16:25:37,0
2026-01-27 16:25:38,0
2026-01-27 16:25:39,0
2026-01-27 16:25:40,0
2026-01-27 16:25:41,0
2026-01-27 16:25:42,0
2026-01-27 16:25:43,0
2026-01-27 16:25:44,0
2026-01-27 16:25:45,0
2026-01-27 16:25:46,0
2026-01-27 16:25:47,0
2026-01-27 16:25:48,0
2026-01-27 16:25:49,0
2026-01-27 16:25:50,0
2026-01-27 16:25:51,0
2026-01-27 16:25:52,0
2026-01-27 16:25:53,0
2026-01-27 16:30:54,9.49
2026-01-27 16:30:55,9.49
2026-01-27 16:30:56,9.49
2026-01-27 16:30:57,9.49
2026-01-27 16:30:58,9.49
2026-01-27 16:30:59,10.5
2026-01-27 16:31:00,10.5
2026-01-27 16:31:01,10.5
2026-01-27 16:31:02,10.5
2026-01-27 16:31:03,10.5
2026-01-27 16:31:04,9.12
2026-01-27 16:31:05,9.12
2026-01-27 16:31:06,9.12
2026-01-27 16:31:07,9.12
2026-01-27 16:31:08,9.12
2026-01-27 16:31:09,10.6
2026-01-27 16:31:10,10.6
2026-01-27 16:31:11,10.6
2026-01-27 16:31:12,10.6
2026-01-27 16:31:13,10.6
2026-01-27 16:31:14,9.18
2026-01-27 16:31:15,9.18
2026-01-27 16:31:16,9.18
2026-01-27 16:31:17,9.18
2026-01-27 16:31:18,9.18
2026-01-27 16:31:19,10.8
2026-01-27 16:31:20,10.8
2026-01-27 16:31:21,10.8
2026-01-27 16:31:22,10.8
2026-01-27 16:31:23,10.8
2026-01-27 16:31:24,9.32
2026-01-27 16:31:25,9.32
2026-01-27 16:31:26,9.32
2026-01-27 16:31:27,9.32
2026-01-27 16:31:28,9.32
2026-01-27 16:31:29,10.9
2026-01-27 16:31:30,10.9
2026-01-27 16:31:31,10.9
2026-01-27 16:31:32,10.9
2026-01-27 16:31:33,10.9
2026-01-27 16:31:34,9.12
2026-01-27 16:31:35,9.12
2026-01-27 16:31:36,9.12
2026-01-27 16:31:37,9.12
2026-01-27 16:31:38,9.12
2026-01-27 16:31:39,10.6
2026-01-27 16:31:40,10.6
2026-01-27 16:31:41,10.6
2026-01-27 16:31:42,10.6
2026-01-27 16:31:43,10.6
2026-01-27 16:31:44,8.38
2026-01-27 16:31:45,8.38
2026-01-27 16:31:46,8.38
2026-01-27 16:31:47,8.38
2026-01-27 16:31:48,8.38
2026-01-27 16:31:49,10.7
2026-01-27 16:31:50,10.7
2026-01-27 16:31:51,10.7
2026-01-27 16:31:52,10.7
2026-01-27 16:31:53,10.7
2026-01-27 16:31:54,9.38
2026-01-27 16:31:55,9.38
2026-01-27 16:31:56,9.38
2026-01-27 16:31:57,9.38
2026-01-27 16:31:58,9.38
2026-01-27 16:31:59,10.3
2026-01-27 16:32:00,10.3
2026-01-27 16:32:01,10.3
2026-01-27 16:32:02,10.3
2026-01-27 16:32:03,10.3
2026-01-27 16:32:04,9.32
2026-01-27 16:32:05,9.32
2026-01-27 16:32:06,9.32
2026-01-27 16:32:07,9.32
2026-01-27 16:32:08,9.32
2026-01-27 16:32:09,13.6
2026-01-27 16:32:10,13.6
2026-01-27 16:32:11,13.6
2026-01-27 16:32:12,13.6
2026-01-27 16:32:13,13.6
2026-01-27 16:32:14,8.58
2026-01-27 16:32:15,8.58
2026-01-27 16:32:16,8.58
2026-01-27 16:32:17,8.58
2026-01-27 16:32:18,8.58
2026-01-27 16:32:19,9.99
2026-01-27 16:32:20,9.99
2026-01-27 16:32:21,9.99
2026-01-27 16:32:22,9.99
2026-01-27 16:32:23,9.99
2026-01-27 16:32:24,8.62
2026-01-27 16:32:25,8.62
2026-01-27 16:32:26,8.62
2026-01-27 16:32:27,8.62
2026-01-27 16:32:28,8.62
2026-01-27 16:32:29,10.6
2026-01-27 16:32:30,10.6
2026-01-27 16:32:31,10.6
2026-01-27 16:32:32,10.6
2026-01-27 16:32:33,10.6
2026-01-27 16:32:34,8.66
2026-01-27 16:32:35,8.66
2026-01-27 16:32:36,8.66
2026-01-27 16:32:37,8.66
2026-01-27 16:32:38,8.66
2026-01-27 16:32:39,9.92
2026-01-27 16:32:40,9.92
2026-01-27 16:32:41,9.92
2026-01-27 16:32:42,9.92
2026-01-27 16:32:43,9.92
2026-01-27 16:32:44,8.61
2026-01-27 16:32:45,8.61
2026-01-27 16:32:46,8.61
2026-01-27 16:32:47,8.61
2026-01-27 16:32:48,8.61
2026-01-27 16:32:49,10.4
2026-01-27 16:32:50,10.4
2026-01-27 16:32:51,10.4
2026-01-27 16:32:52,10.4
2026-01-27 16:32:53,10.4
2026-01-27 16:32:54,0
2026-01-27 16:32:55,0
2026-01-27 16:32:56,0
2026-01-27 16:32:57,0
2026-01-27 16:32:58,0
2026-01-27 16:32:59,0
2026-01-27 16:33:00,0
2026-01-27 16:33:01,0
2026-01-27 16:33:02,0
2026-01-27 16:33:03,0
2026-01-27 16:33:04,0
2026-01-27 16:33:05,0
2026-01-27 16:33:06,0
2026-01-27 16:33:07,0
2026-01-27 16:33:08,0
2026-01-27 16:33:09,0
2026-01-27 16:33:10,0
2026-01-27 16:33:11,0
2026-01-27 16:33:12,0
2026-01-27 16:33:13,0
2026-01-27 16:33:14,0
2026-01-27 16:33:15,0
2026-01-27 16:33:16,0
2026-01-27 16:33:17,0
2026-01-27 16:33:18,0
2026-01-27 16:33:19,0
2026-01-27 16:33:20,0
2026-01-27 16:33:21,0
2026-01-27 16:33:22,0
2026-01-27 16:33:23,0
2026-01-27 16:33:24,0
2026-01-27 16:33:25,0
2026-01-27 16:33:26,0
2026-01-27 16:33:27,0
2026-01-27 16:33:28,0
2026-01-27 16:33:29,0
2026-01-27 16:33:30,0
2026-01-27 16:33:31,0
2026-01-27 16:33:32,0
2026-01-27 16:33:33,0
2026-01-27 16:33:34,0
2026-01-27 16:33:35,0
2026-01-27 16:33:36,0
2026-01-27 16:33:37,0
2026-01-27 16:33:38,0
2026-01-27 16:33:39,0
2026-01-27 16:33:40,0
2026-01-27 16:33:41,0
2026-01-27 16:33:42,0
2026-01-27 16:33:43,0
2026-01-27 16:33:44,0
2026-01-27 16:33:45,0
2026-01-27 16:33:46,0
2026-01-27 16:33:47,0
2026-01-27 16:33:48,0
2026-01-27 16:33:49,0
2026-01-27 16:33:50,0
2026-01-27 16:33:51,0
2026-01-27 16:33:52,0
2026-01-27 16:33:53,0
2026-01-27 16:33:54,0
2026-01-27 16:33:55,0
2026-01-27 16:33:56,0
2026-01-27 16:33:57,0
2026-01-27 16:33:58,0
2026-01-27 16:33:59,0
2026-01-27 16:34:00,0
2026-01-27 16:34:01,0
2026-01-27 16:34:02,0
2026-01-27 16:34:03,0
2026-01-27 16:34:04,0
2026-01-27 16:34:05,0
2026-01-27 16:34:06,0
2026-01-27 16:34:07,0
2026-01-27 16:34:08,0
2026-01-27 16:34:09,0
2026-01-27 16:34:10,0
2026-01-27 16:34:11,0
2026-01-27 16:34:12,0
2026-01-27 16:34:13,0
2026-01-27 16:34:14,0
2026-01-27 16:34:15,0
2026-01-27 16:34:16,0
2026-01-27 16:34:17,0
2026-01-27 16:34:18,0
2026-01-27 16:34:19,0
2026-01-27 16:34:20,0
2026-01-27 16:34:21,0
2026-01-27 16:34:22,0
2026-01-27 16:34:23,0
2026-01-27 16:34:24,0
2026-01-27 16:34:25,0
2026-01-27 16:34:26,0
2026-01-27 16:34:27,0
2026-01-27 16:34:28,0
2026-01-27 16:39:34,8.76
2026-01-27 16:39:35,8.76
2026-01-27 16:39:36,8.76
2026-01-27 16:39:37,8.76
2026-01-27 16:39:38,8.76
2026-01-27 16:39:39,10.7
2026-01-27 16:39:40,10.7
2026-01-27 16:39:41,10.7
2026-01-27 16:39:42,10.7
2026-01-27 16:39:43,10.7
2026-01-27 16:39:44,9.37
2026-01-27 16:39:45,9.37
2026-01-27 16:39:46,9.37
2026-01-27 16:39:47,9.37
2026-01-27 16:39:48,9.37
2026-01-27 16:39:49,10.8
2026-01-27 16:39:50,10.8
2026-01-27 16:39:51,10.8
2026-01-27 16:39:52,10.8
2026-01-27 16:39:53,10.8
2026-01-27 16:39:54,10.5
2026-01-27 16:39:55,10.5
2026-01-27 16:39:56,10.5
2026-01-27 16:39:57,10.5
2026-01-27 16:39:58,10.5
2026-01-27 16:39:59,10.3
2026-01-27 16:40:00,10.3
2026-01-27 16:40:01,10.3
2026-01-27 16:40:02,10.3
2026-01-27 16:40:03,10.3
2026-01-27 16:40:04,9.26
2026-01-27 16:40:05,9.26
2026-01-27 16:40:06,9.26
2026-01-27 16:40:07,9.26
2026-01-27 16:40:08,9.26
2026-01-27 16:40:09,10.3
2026-01-27 16:40:10,10.3
2026-01-27 16:40:11,10.3
2026-01-27 16:40:12,10.3
2026-01-27 16:40:13,10.3
2026-01-27 16:40:14,9.68
2026-01-27 16:40:15,9.68
2026-01-27 16:40:16,9.68
2026-01-27 16:40:17,9.68
2026-01-27 16:40:18,9.68
2026-01-27 16:40:19,10.6
2026-01-27 16:40:20,10.6
2026-01-27 16:40:21,10.6
2026-01-27 16:40:22,10.6
2026-01-27 16:40:23,10.6
2026-01-27 16:40:24,9.14
2026-01-27 16:40:25,9.14
2026-01-27 16:40:26,9.14
2026-01-27 16:40:27,9.14
2026-01-27 16:40:28,9.14
2026-01-27 16:40:29,11.2
2026-01-27 16:40:30,11.2
2026-01-27 16:40:31,11.2
2026-01-27 16:40:32,11.2
2026-01-27 16:40:33,11.2
2026-01-27 16:40:34,9.33
2026-01-27 16:40:35,9.33
2026-01-27 16:40:36,9.33
2026-01-27 16:40:37,9.33
2026-01-27 16:40:38,9.33
2026-01-27 16:40:39,10.2
2026-01-27 16:40:40,10.2
2026-01-27 16:40:41,10.2
2026-01-27 16:40:42,10.2
2026-01-27 16:40:43,10.2
2026-01-27 16:40:44,9.21
2026-01-27 16:40:45,9.21
2026-01-27 16:40:46,9.21
2026-01-27 16:40:47,9.21
2026-01-27 16:40:48,9.21
2026-01-27 16:40:49,11.0
2026-01-27 16:40:50,11.0
2026-01-27 16:40:51,11.0
2026-01-27 16:40:52,11.0
2026-01-27 16:40:53,11.0
2026-01-27 16:40:54,10.1
2026-01-27 16:40:55,10.1
2026-01-27 16:40:56,10.1
2026-01-27 16:40:57,10.1
2026-01-27 16:40:58,10.1
2026-01-27 16:40:59,10.1
2026-01-27 16:41:00,10.1
2026-01-27 16:41:01,10.1
2026-01-27 16:41:02,10.1
2026-01-27 16:41:03,10.1
2026-01-27 16:41:04,8.87
2026-01-27 16:41:05,8.87
2026-01-27 16:41:06,8.87
2026-01-27 16:41:07,8.87
2026-01-27 16:41:08,8.87
2026-01-27 16:41:09,9.99
2026-01-27 16:41:10,9.99
2026-01-27 16:41:11,9.99
2026-01-27 16:41:12,9.99
2026-01-27 16:41:13,9.99
2026-01-27 16:41:14,7.85
2026-01-27 16:41:15,7.85
2026-01-27 16:41:16,7.85
2026-01-27 16:41:17,7.85
2026-01-27 16:41:18,7.85
2026-01-27 16:41:19,9.00
2026-01-27 16:41:20,9.00
2026-01-27 16:41:21,9.00
2026-01-27 16:41:22,9.00
2026-01-27 16:41:23,9.00
2026-01-27 16:41:24,7.76
2026-01-27 16:41:25,7.76
2026-01-27 16:41:26,7.76
2026-01-27 16:41:27,7.76
2026-01-27 16:41:28,7.76
2026-01-27 16:41:29,10.4
2026-01-27 16:41:30,10.4
2026-01-27 16:41:31,10.4
2026-01-27 16:41:32,10.4
2026-01-27 16:41:33,10.4
2026-01-27 16:41:34,0
2026-01-27 16:41:35,0
2026-01-27 16:41:36,0
2026-01-27 16:41:37,0
2026-01-27 16:41:38,0
2026-01-27 16:41:39,0
2026-01-27 16:41:40,0
2026-01-27 16:41:41,0
2026-01-27 16:41:42,0
2026-01-27 16:41:43,0
2026-01-27 16:41:44,0
2026-01-27 16:41:45,0
2026-01-27 16:41:46,0
2026-01-27 16:41:47,0
2026-01-27 16:41:48,0
2026-01-27 16:41:49,0
2026-01-27 16:41:50,0
2026-01-27 16:41:51,0
2026-01-27 16:41:52,0
2026-01-27 16:41:53,0
2026-01-27 16:41:54,0
2026-01-27 16:41:55,0
2026-01-27 16:41:56,0
2026-01-27 16:41:57,0
2026-01-27 16:41:58,0
2026-01-27 16:41:59,0
2026-01-27 16:42:00,0
2026-01-27 16:42:01,0
2026-01-27 16:42:02,0
2026-01-27 16:42:03,0
2026-01-27 16:42:04,0
2026-01-27 16:42:05,0
2026-01-27 16:42:06,0
2026-01-27 16:42:07,0
2026-01-27 16:42:08,0
2026-01-27 16:42:09,0
2026-01-27 16:42:10,0
2026-01-27 16:42:11,0
2026-01-27 16:42:12,0
2026-01-27 16:42:13,0
2026-01-27 16:42:14,0
2026-01-27 16:42:15,0
2026-01-27 16:42:16,0
2026-01-27 16:42:17,0
2026-01-27 16:42:18,0
2026-01-27 16:42:19,0
2026-01-27 16:42:20,0
2026-01-27 16:42:21,0
2026-01-27 16:42:22,0
2026-01-27 16:42:23,0
2026-01-27 16:42:24,0
2026-01-27 16:42:25,0
2026-01-27 16:42:26,0
2026-01-27 16:42:27,0
2026-01-27 16:42:28,0
2026-01-27 16:42:29,0
2026-01-27 16:42:30,0
2026-01-27 16:42:31,0
2026-01-27 16:42:32,0
2026-01-27 16:42:33,0
2026-01-27 16:42:34,0
2026-01-27 16:42:35,0
2026-01-27 16:42:36,0
2026-01-27 16:42:37,0
2026-01-27 16:42:38,0
2026-01-27 16:42:39,0
2026-01-27 16:42:40,0
2026-01-27 16:42:41,0
2026-01-27 16:42:42,0
2026-01-27 16:42:43,0
2026-01-27 16:42:44,0
2026-01-27 16:42:45,0
2026-01-27 16:42:46,0
2026-01-27 16:42:47,0
2026-01-27 16:42:48,0
2026-01-27 16:42:49,0
2026-01-27 16:42:50,0
2026-01-27 16:42:51,0
2026-01-27 16:42:52,0
2026-01-27 16:42:53,0
2026-01-27 16:42:54,0
2026-01-27 16:42:55,0
2026-01-27 16:42:56,0
2026-01-27 16:42:57,0
2026-01-27 16:42:58,0
2026-01-27 16:42:59,0
2026-01-27 16:43:00,0
2026-01-27 16:43:01,0
2026-01-27 16:43:02,0
2026-01-27 16:43:03,0
2026-01-27 16:43:04,0
2026-01-27 16:43:05,0
2026-01-27 16:43:06,0
2026-01-27 16:43:07,0
2026-01-27 16:43:08,0
2026-01-27 16:48:04,9.03
2026-01-27 16:48:05,9.03
2026-01-27 16:48:06,9.03
2026-01-27 16:48:07,9.03
2026-01-27 16:48:08,9.03
2026-01-27 16:48:09,10.3
2026-01-27 16:48:10,10.3
2026-01-27 16:48:11,10.3
2026-01-27 16:48:12,10.3
2026-01-27 16:48:13,10.3
2026-01-27 16:48:14,9.39
2026-01-27 16:48:15,9.39
2026-01-27 16:48:16,9.39
2026-01-27 16:48:17,9.39
2026-01-27 16:48:18,9.39
2026-01-27 16:48:19,10.1
2026-01-27 16:48:20,10.1
2026-01-27 16:48:21,10.1
2026-01-27 16:48:22,10.1
2026-01-27 16:48:23,10.1
2026-01-27 16:48:24,9.23
2026-01-27 16:48:25,9.23
2026-01-27 16:48:26,9.23
2026-01-27 16:48:27,9.23
2026-01-27 16:48:28,9.23
2026-01-27 16:48:29,11.4
2026-01-27 16:48:30,11.4
2026-01-27 16:48:31,11.4
2026-01-27 16:48:32,11.4
2026-01-27 16:48:33,11.4
2026-01-27 16:48:34,9.67
2026-01-27 16:48:35,9.67
2026-01-27 16:48:36,9.67
2026-01-27 16:48:37,9.67
2026-01-27 16:48:38,9.67
2026-01-27 16:48:39,10.9
2026-01-27 16:48:40,10.9
2026-01-27 16:48:41,10.9
2026-01-27 16:48:42,10.9
2026-01-27 16:48:43,10.9
2026-01-27 16:48:44,9.91
2026-01-27 16:48:45,9.91
2026-01-27 16:48:46,9.91
2026-01-27 16:48:47,9.91
2026-01-27 16:48:48,9.91
2026-01-27 16:48:49,10.5
2026-01-27 16:48:50,10.5
2026-01-27 16:48:51,10.5
2026-01-27 16:48:52,10.5
2026-01-27 16:48:53,10.5
2026-01-27 16:48:54,9.85
2026-01-27 16:48:55,9.85
2026-01-27 16:48:56,9.85
2026-01-27 16:48:57,9.85
2026-01-27 16:48:58,9.85
2026-01-27 16:48:59,11.0
2026-01-27 16:49:00,11.0
2026-01-27 16:49:01,11.0
2026-01-27 16:49:02,11.0
2026-01-27 16:49:03,11.0
2026-01-27 16:49:04,9.65
2026-01-27 16:49:05,9.65
2026-01-27 16:49:06,9.65
2026-01-27 16:49:07,9.65
2026-01-27 16:49:08,9.65
2026-01-27 16:49:09,10.5
2026-01-27 16:49:10,10.5
2026-01-27 16:49:11,10.5
2026-01-27 16:49:12,10.5
2026-01-27 16:49:13,10.5
2026-01-27 16:49:14,9.56
2026-01-27 16:49:15,9.56
2026-01-27 16:49:16,9.56
2026-01-27 16:49:17,9.56
2026-01-27 16:49:18,9.56
2026-01-27 16:49:19,10.2
2026-01-27 16:49:20,10.2
2026-01-27 16:49:21,10.2
2026-01-27 16:49:22,10.2
2026-01-27 16:49:23,10.2
2026-01-27 16:49:24,9.22
2026-01-27 16:49:25,9.22
2026-01-27 16:49:26,9.22
2026-01-27 16:49:27,9.22
2026-01-27 16:49:28,9.22
2026-01-27 16:49:29,11.3
2026-01-27 16:49:30,11.3
2026-01-27 16:49:31,11.3
2026-01-27 16:49:32,11.3
2026-01-27 16:49:33,11.3
2026-01-27 16:49:34,9.94
2026-01-27 16:49:35,9.94
2026-01-27 16:49:36,9.94
2026-01-27 16:49:37,9.94
2026-01-27 16:49:38,9.94
2026-01-27 16:49:39,9.93
2026-01-27 16:49:40,9.93
2026-01-27 16:49:41,9.93
2026-01-27 16:49:42,9.93
2026-01-27 16:49:43,9.93
2026-01-27 16:49:44,8.89
2026-01-27 16:49:45,8.89
2026-01-27 16:49:46,8.89
2026-01-27 16:49:47,8.89
2026-01-27 16:49:48,8.89
2026-01-27 16:49:49,10.1
2026-01-27 16:49:50,10.1
2026-01-27 16:49:51,10.1
2026-01-27 16:49:52,10.1
2026-01-27 16:49:53,10.1
2026-01-27 16:49:54,8.72
2026-01-27 16:49:55,8.72
2026-01-27 16:49:56,8.72
2026-01-27 16:49:57,8.72
2026-01-27 16:49:58,8.72
2026-01-27 16:49:59,11.9
2026-01-27 16:50:00,11.9
2026-01-27 16:50:01,11.9
2026-01-27 16:50:02,11.9
2026-01-27 16:50:03,11.9
2026-01-27 16:50:04,7.80
2026-01-27 16:50:05,7.80
2026-01-27 16:50:06,7.80
2026-01-27 16:50:07,7.80
2026-01-27 16:50:08,7.80
2026-01-27 16:50:09,9.50
2026-01-27 16:50:10,9.50
2026-01-27 16:50:11,9.50
2026-01-27 16:50:12,9.50
2026-01-27 16:50:13,9.50
2026-01-27 16:50:14,0
2026-01-27 16:50:15,0
2026-01-27 16:50:16,0
2026-01-27 16:50:17,0
2026-01-27 16:50:18,0
2026-01-27 16:50:19,0
2026-01-27 16:50:20,0
2026-01-27 16:50:21,0
2026-01-27 16:50:22,0
2026-01-27 16:50:23,0
2026-01-27 16:50:24,0
2026-01-27 16:50:25,0
2026-01-27 16:50:26,0
2026-01-27 16:50:27,0
2026-01-27 16:50:28,0
2026-01-27 16:50:29,0
2026-01-27 16:50:30,0
2026-01-27 16:50:31,0
2026-01-27 16:50:32,0
2026-01-27 16:50:33,0
2026-01-27 16:50:34,0
2026-01-27 16:50:35,0
2026-01-27 16:50:36,0
2026-01-27 16:50:37,0
2026-01-27 16:50:38,0
2026-01-27 16:50:39,0
2026-01-27 16:50:40,0
2026-01-27 16:50:41,0
2026-01-27 16:50:42,0
2026-01-27 16:50:43,0
2026-01-27 16:50:44,0
2026-01-27 16:50:45,0
2026-01-27 16:50:46,0
2026-01-27 16:50:47,0
2026-01-27 16:50:48,0
2026-01-27 16:50:49,0
2026-01-27 16:50:50,0
2026-01-27 16:50:51,0
2026-01-27 16:50:52,0
2026-01-27 16:50:53,0
2026-01-27 16:50:54,0
2026-01-27 16:50:55,0
2026-01-27 16:50:56,0
2026-01-27 16:50:57,0
2026-01-27 16:50:58,0
2026-01-27 16:50:59,0
2026-01-27 16:51:00,0
2026-01-27 16:51:01,0
2026-01-27 16:51:02,0
2026-01-27 16:51:03,0
2026-01-27 16:51:04,0
2026-01-27 16:51:05,0
2026-01-27 16:51:06,0
2026-01-27 16:51:07,0
2026-01-27 16:51:08,0
2026-01-27 16:51:09,0
2026-01-27 16:51:10,0
2026-01-27 16:51:11,0
2026-01-27 16:51:12,0
2026-01-27 16:51:13,0
2026-01-27 16:51:14,0
2026-01-27 16:51:15,0
2026-01-27 16:51:16,0
2026-01-27 16:51:17,0
2026-01-27 16:51:18,0
2026-01-27 16:51:19,0
2026-01-27 16:51:20,0
2026-01-27 16:51:21,0
2026-01-27 16:51:22,0
2026-01-27 16:51:23,0
2026-01-27 16:51:24,0
2026-01-27 16:51:25,0
2026-01-27 16:51:26,0
2026-01-27 16:51:27,0
2026-01-27 16:51:28,0
2026-01-27 16:51:29,0
2026-01-27 16:51:30,0
2026-01-27 16:51:31,0
2026-01-27 16:51:32,0
2026-01-27 16:51:33,0
2026-01-27 16:51:34,0
2026-01-27 16:51:35,0
2026-01-27 16:51:36,0
2026-01-27 16:51:37,0
2026-01-27 16:51:38,0
2026-01-27 16:51:39,0
2026-01-27 16:51:40,0
2026-01-27 16:51:41,0
2026-01-27 16:51:42,0
2026-01-27 16:51:43,0
2026-01-27 16:51:44,0
2026-01-27 16:51:45,0
2026-01-27 16:51:46,0
2026-01-27 16:51:47,0
2026-01-27 16:51:48,0
2026-01-27 16:56:54,8.63
2026-01-27 16:56:55,8.63
2026-01-27 16:56:56,8.63
2026-01-27 16:56:57,8.63
2026-01-27 16:56:58,8.63
2026-01-27 16:56:59,10.3
2026-01-27 16:57:00,10.3
2026-01-27 16:57:01,10.3
2026-01-27 16:57:02,10.3
2026-01-27 16:57:03,10.3
2026-01-27 16:57:04,9.91
2026-01-27 16:57:05,9.91
2026-01-27 16:57:06,9.91
2026-01-27 16:57:07,9.91
2026-01-27 16:57:08,9.91
2026-01-27 16:57:09,10.5
2026-01-27 16:57:10,10.5
2026-01-27 16:57:11,10.5
2026-01-27 16:57:12,10.5
2026-01-27 16:57:13,10.5
2026-01-27 16:57:14,9.24
2026-01-27 16:57:15,9.24
2026-01-27 16:57:16,9.24
2026-01-27 16:57:17,9.24
2026-01-27 16:57:18,9.24
2026-01-27 16:57:19,9.78
2026-01-27 16:57:20,9.78
2026-01-27 16:57:21,9.78
2026-01-27 16:57:22,9.78
2026-01-27 16:57:23,9.78
2026-01-27 16:57:24,9.87
2026-01-27 16:57:25,9.87
2026-01-27 16:57:26,9.87
2026-01-27 16:57:27,9.87
2026-01-27 16:57:28,9.87
2026-01-27 16:57:29,10.2
2026-01-27 16:57:30,10.2
2026-01-27 16:57:31,10.2
2026-01-27 16:57:32,10.2
2026-01-27 16:57:33,10.2
2026-01-27 16:57:34,9.15
2026-01-27 16:57:35,9.15
2026-01-27 16:57:36,9.15
2026-01-27 16:57:37,9.15
2026-01-27 16:57:38,9.15
2026-01-27 16:57:39,10.2
2026-01-27 16:57:40,10.2
2026-01-27 16:57:41,10.2
2026-01-27 16:57:42,10.2
2026-01-27 16:57:43,10.2
2026-01-27 16:57:44,9.10
2026-01-27 16:57:45,9.10
2026-01-27 16:57:46,9.10
2026-01-27 16:57:47,9.10
2026-01-27 16:57:48,9.10
2026-01-27 16:57:49,10.4
2026-01-27 16:57:50,10.4
2026-01-27 16:57:51,10.4
2026-01-27 16:57:52,10.4
2026-01-27 16:57:53,10.4
2026-01-27 16:57:54,9.15
2026-01-27 16:57:55,9.15
2026-01-27 16:57:56,9.15
2026-01-27 16:57:57,9.15
2026-01-27 16:57:58,9.15
2026-01-27 16:57:59,9.72
2026-01-27 16:58:00,9.72
2026-01-27 16:58:01,9.72
2026-01-27 16:58:02,9.72
2026-01-27 16:58:03,9.72
2026-01-27 16:58:04,9.86
2026-01-27 16:58:05,9.86
2026-01-27 16:58:06,9.86
2026-01-27 16:58:07,9.86
2026-01-27 16:58:08,9.86
2026-01-27 16:58:09,9.93
2026-01-27 16:58:10,9.93
2026-01-27 16:58:11,9.93
2026-01-27 16:58:12,9.93
2026-01-27 16:58:13,9.93
2026-01-27 16:58:14,9.26
2026-01-27 16:58:15,9.26
2026-01-27 16:58:16,9.26
2026-01-27 16:58:17,9.26
2026-01-27 16:58:18,9.26
2026-01-27 16:58:19,9.69
2026-01-27 16:58:20,9.69
2026-01-27 16:58:21,9.69
2026-01-27 16:58:22,9.69
2026-01-27 16:58:23,9.69
2026-01-27 16:58:24,8.60
2026-01-27 16:58:25,8.60
2026-01-27 16:58:26,8.60
2026-01-27 16:58:27,8.60
2026-01-27 16:58:28,8.60
2026-01-27 16:58:29,9.79
2026-01-27 16:58:30,9.79
2026-01-27 16:58:31,9.79
2026-01-27 16:58:32,9.79
2026-01-27 16:58:33,9.79
2026-01-27 16:58:34,8.73
2026-01-27 16:58:35,8.73
2026-01-27 16:58:36,8.73
2026-01-27 16:58:37,8.73
2026-01-27 16:58:38,8.73
2026-01-27 16:58:39,10.8
2026-01-27 16:58:40,10.8
2026-01-27 16:58:41,10.8
2026-01-27 16:58:42,10.8
2026-01-27 16:58:43,10.8
2026-01-27 16:58:44,9.86
2026-01-27 16:58:45,9.86
2026-01-27 16:58:46,9.86
2026-01-27 16:58:47,9.86
2026-01-27 16:58:48,9.86
2026-01-27 16:58:49,11.6
2026-01-27 16:58:50,11.6
2026-01-27 16:58:51,11.6
2026-01-27 16:58:52,11.6
2026-01-27 16:58:53,11.6
2026-01-27 16:58:54,8.64
2026-01-27 16:58:55,8.64
2026-01-27 16:58:56,8.64
2026-01-27 16:58:57,8.64
2026-01-27 16:58:58,8.64
2026-01-27 16:58:59,0
2026-01-27 16:59:00,0
2026-01-27 16:59:01,0
2026-01-27 16:59:02,0
2026-01-27 16:59:03,0
2026-01-27 16:59:04,0
2026-01-27 16:59:05,0
2026-01-27 16:59:06,0
2026-01-27 16:59:07,0
2026-01-27 16:59:08,0
2026-01-27 16:59:09,0
2026-01-27 16:59:10,0
2026-01-27 16:59:11,0
2026-01-27 16:59:12,0
2026-01-27 16:59:13,0
2026-01-27 16:59:14,0
2026-01-27 16:59:15,0
2026-01-27 16:59:16,0
2026-01-27 16:59:17,0
2026-01-27 16:59:18,0
2026-01-27 16:59:19,0
2026-01-27 16:59:20,0
2026-01-27 16:59:21,0
2026-01-27 16:59:22,0
2026-01-27 16:59:23,0
2026-01-27 16:59:24,0
2026-01-27 16:59:25,0
2026-01-27 16:59:26,0
2026-01-27 16:59:27,0
2026-01-27 16:59:28,0
2026-01-27 16:59:29,0
2026-01-27 16:59:30,0
2026-01-27 16:59:31,0
2026-01-27 16:59:32,0
2026-01-27 16:59:33,0
2026-01-27 16:59:34,0
2026-01-27 16:59:35,0
2026-01-27 16:59:36,0
2026-01-27 16:59:37,0
2026-01-27 16:59:38,0
2026-01-27 16:59:39,0
2026-01-27 16:59:40,0
2026-01-27 16:59:41,0
2026-01-27 16:59:42,0
2026-01-27 16:59:43,0
2026-01-27 16:59:44,0
2026-01-27 16:59:45,0
2026-01-27 16:59:46,0
2026-01-27 16:59:47,0
2026-01-27 16:59:48,0
2026-01-27 16:59:49,0
2026-01-27 16:59:50,0
2026-01-27 16:59:51,0
2026-01-27 16:59:52,0
2026-01-27 16:59:53,0
2026-01-27 16:59:54,0
2026-01-27 16:59:55,0
2026-01-27 16:59:56,0
2026-01-27 16:59:57,0
2026-01-27 16:59:58,0
2026-01-27 16:59:59,0
2026-01-27 17:00:00,0
2026-01-27 17:00:01,0
2026-01-27 17:00:02,0
2026-01-27 17:00:03,0
2026-01-27 17:00:04,0
2026-01-27 17:00:05,0
2026-01-27 17:00:06,0
2026-01-27 17:00:07,0
2026-01-27 17:00:08,0
2026-01-27 17:00:09,0
2026-01-27 17:00:10,0
2026-01-27 17:00:11,0
2026-01-27 17:00:12,0
2026-01-27 17:00:13,0
2026-01-27 17:00:14,0
2026-01-27 17:00:15,0
2026-01-27 17:00:16,0
2026-01-27 17:00:17,0
2026-01-27 17:00:18,0
2026-01-27 17:00:19,0
2026-01-27 17:00:20,0
2026-01-27 17:00:21,0
2026-01-27 17:00:22,0
2026-01-27 17:00:23,0
2026-01-27 17:00:24,0
2026-01-27 17:00:25,0
2026-01-27 17:00:26,0
2026-01-27 17:00:27,0
2026-01-27 17:00:28,0
2026-01-27 17:00:29,0
2026-01-27 17:00:30,0
2026-01-27 17:00:31,0
2026-01-27 17:00:32,0
2026-01-27 17:00:33,0
2026-01-27 17:05:34,8.33
2026-01-27 17:05:35,8.33
2026-01-27 17:05:36,8.33
2026-01-27 17:05:37,8.33
2026-01-27 17:05:38,8.33
2026-01-27 17:05:39,8.52
2026-01-27 17:05:40,8.52
2026-01-27 17:05:41,8.52
2026-01-27 17:05:42,8.52
2026-01-27 17:05:43,8.52
2026-01-27 17:05:44,8.89
2026-01-27 17:05:45,8.89
2026-01-27 17:05:46,8.89
2026-01-27 17:05:47,8.89
2026-01-27 17:05:48,8.89
2026-01-27 17:05:49,10.5
2026-01-27 17:05:50,10.5
2026-01-27 17:05:51,10.5
2026-01-27 17:05:52,10.5
2026-01-27 17:05:53,10.5
2026-01-27 17:05:54,7.95
2026-01-27 17:05:55,7.95
2026-01-27 17:05:56,7.95
2026-01-27 17:05:57,7.95
2026-01-27 17:05:58,7.95
2026-01-27 17:05:59,8.65
2026-01-27 17:06:00,8.65
2026-01-27 17:06:01,8.65
2026-01-27 17:06:02,8.65
2026-01-27 17:06:03,8.65
2026-01-27 17:06:04,8.02
2026-01-27 17:06:05,8.02
2026-01-27 17:06:06,8.02
2026-01-27 17:06:07,8.02
2026-01-27 17:06:08,8.02
2026-01-27 17:06:09,8.55
2026-01-27 17:06:10,8.55
2026-01-27 17:06:11,8.55
2026-01-27 17:06:12,8.55
2026-01-27 17:06:13,8.55
2026-01-27 17:06:14,7.94
2026-01-27 17:06:15,7.94
2026-01-27 17:06:16,7.94
2026-01-27 17:06:17,7.94
2026-01-27 17:06:18,7.94
2026-01-27 17:06:19,7.82
2026-01-27 17:06:20,7.82
2026-01-27 17:06:21,7.82
2026-01-27 17:06:22,7.82
2026-01-27 17:06:23,7.82
2026-01-27 17:06:24,8.62
2026-01-27 17:06:25,8.62
2026-01-27 17:06:26,8.62
2026-01-27 17:06:27,8.62
2026-01-27 17:06:28,8.62
2026-01-27 17:06:29,8.28
2026-01-27 17:06:30,8.28
2026-01-27 17:06:31,8.28
2026-01-27 17:06:32,8.28
2026-01-27 17:06:33,8.28
2026-01-27 17:06:34,9.64
2026-01-27 17:06:35,9.64
2026-01-27 17:06:36,9.64
2026-01-27 17:06:37,9.64
2026-01-27 17:06:38,9.64
2026-01-27 17:06:39,12.3
2026-01-27 17:06:40,12.3
2026-01-27 17:06:41,12.3
2026-01-27 17:06:42,12.3
2026-01-27 17:06:43,12.3
2026-01-27 17:06:44,13.5
2026-01-27 17:06:45,13.5
2026-01-27 17:06:46,13.5
2026-01-27 17:06:47,13.5
2026-01-27 17:06:48,13.5
2026-01-27 17:06:49,8.87
2026-01-27 17:06:50,8.87
2026-01-27 17:06:51,8.87
2026-01-27 17:06:52,8.87
2026-01-27 17:06:53,8.87
2026-01-27 17:06:54,11.8
2026-01-27 17:06:55,11.8
2026-01-27 17:06:56,11.8
2026-01-27 17:06:57,11.8
2026-01-27 17:06:58,11.8
2026-01-27 17:06:59,12.1
2026-01-27 17:07:00,12.1
2026-01-27 17:07:01,12.1
2026-01-27 17:07:02,12.1
2026-01-27 17:07:03,12.1
2026-01-27 17:07:04,12.6
2026-01-27 17:07:05,12.6
2026-01-27 17:07:06,12.6
2026-01-27 17:07:07,12.6
2026-01-27 17:07:08,12.6
2026-01-27 17:07:09,11.7
2026-01-27 17:07:10,11.7
2026-01-27 17:07:11,11.7
2026-01-27 17:07:12,11.7
2026-01-27 17:07:13,11.7
2026-01-27 17:07:14,11.7
2026-01-27 17:07:15,11.7
2026-01-27 17:07:16,11.7
2026-01-27 17:07:17,11.7
2026-01-27 17:07:18,11.7
2026-01-27 17:07:19,11.3
2026-01-27 17:07:20,11.3
2026-01-27 17:07:21,11.3
2026-01-27 17:07:22,11.3
2026-01-27 17:07:23,11.3
2026-01-27 17:07:24,12.0
2026-01-27 17:07:25,12.0
2026-01-27 17:07:26,12.0
2026-01-27 17:07:27,12.0
2026-01-27 17:07:28,12.0
2026-01-27 17:07:29,10.6
2026-01-27 17:07:30,10.6
2026-01-27 17:07:31,10.6
2026-01-27 17:07:32,10.6
2026-01-27 17:07:33,10.6
2026-01-27 17:07:34,0
2026-01-27 17:07:35,0
2026-01-27 17:07:36,0
2026-01-27 17:07:37,0
2026-01-27 17:07:38,0
2026-01-27 17:07:39,0
2026-01-27 17:07:40,0
2026-01-27 17:07:41,0
2026-01-27 17:07:42,0
2026-01-27 17:07:43,0
2026-01-27 17:07:44,0
2026-01-27 17:07:45,0
2026-01-27 17:07:46,0
2026-01-27 17:07:47,0
2026-01-27 17:07:48,0
2026-01-27 17:07:49,0
2026-01-27 17:07:50,0
2026-01-27 17:07:51,0
2026-01-27 17:07:52,0
2026-01-27 17:07:53,0
2026-01-27 17:07:54,0
2026-01-27 17:07:55,0
2026-01-27 17:07:56,0
2026-01-27 17:07:57,0
2026-01-27 17:07:58,0
2026-01-27 17:07:59,0
2026-01-27 17:08:00,0
2026-01-27 17:08:01,0
2026-01-27 17:08:02,0
2026-01-27 17:08:03,0
2026-01-27 17:08:04,0
2026-01-27 17:08:05,0
2026-01-27 17:08:06,0
2026-01-27 17:08:07,0
2026-01-27 17:08:08,0
2026-01-27 17:08:09,0
2026-01-27 17:08:10,0
2026-01-27 17:08:11,0
2026-01-27 17:08:12,0
2026-01-27 17:08:13,0
2026-01-27 17:08:14,0
2026-01-27 17:08:15,0
2026-01-27 17:08:16,0
2026-01-27 17:08:17,0
2026-01-27 17:08:18,0
2026-01-27 17:08:19,0
2026-01-27 17:08:20,0
2026-01-27 17:08:21,0
2026-01-27 17:08:22,0
2026-01-27 17:08:23,0
2026-01-27 17:08:24,0
2026-01-27 17:08:25,0
2026-01-27 17:08:26,0
2026-01-27 17:08:27,0
2026-01-27 17:08:28,0
2026-01-27 17:08:29,0
2026-01-27 17:08:30,0
2026-01-27 17:08:31,0
2026-01-27 17:08:32,0
2026-01-27 17:08:33,0
2026-01-27 17:08:34,0
2026-01-27 17:08:35,0
2026-01-27 17:08:36,0
2026-01-27 17:08:37,0
2026-01-27 17:08:38,0
2026-01-27 17:08:39,0
2026-01-27 17:08:40,0
2026-01-27 17:08:41,0
2026-01-27 17:08:42,0
2026-01-27 17:08:43,0
2026-01-27 17:08:44,0
2026-01-27 17:08:45,0
2026-01-27 17:08:46,0
2026-01-27 17:08:47,0
2026-01-27 17:08:48,0
2026-01-27 17:08:49,0
2026-01-27 17:08:50,0
2026-01-27 17:08:51,0
2026-01-27 17:08:52,0
2026-01-27 17:08:53,0
2026-01-27 17:08:54,0
2026-01-27 17:08:55,0
2026-01-27 17:08:56,0
2026-01-27 17:08:57,0
2026-01-27 17:08:58,0
2026-01-27 17:08:59,0
2026-01-27 17:09:00,0
2026-01-27 17:09:01,0
2026-01-27 17:09:02,0
2026-01-27 17:09:03,0
2026-01-27 17:09:04,0
2026-01-27 17:09:05,0
2026-01-27 17:09:06,0
2026-01-27 17:09:07,0
2026-01-27 17:09:08,0
2026-01-27 17:14:14,3.83
2026-01-27 17:14:15,3.83
2026-01-27 17:14:16,3.83
2026-01-27 17:14:17,3.83
2026-01-27 17:14:18,3.83
2026-01-27 17:14:19,7.45
2026-01-27 17:14:20,7.45
2026-01-27 17:14:21,7.45
2026-01-27 17:14:22,7.45
2026-01-27 17:14:23,7.45
2026-01-27 17:14:24,8.67
2026-01-27 17:14:25,8.67
2026-01-27 17:14:26,8.67
2026-01-27 17:14:27,8.67
2026-01-27 17:14:28,8.67
2026-01-27 17:14:29,8.62
2026-01-27 17:14:30,8.62
2026-01-27 17:14:31,8.62
2026-01-27 17:14:32,8.62
2026-01-27 17:14:33,8.62
2026-01-27 17:14:34,9.33
2026-01-27 17:14:35,9.33
2026-01-27 17:14:36,9.33
2026-01-27 17:14:37,9.33
2026-01-27 17:14:38,9.33
2026-01-27 17:14:39,8.35
2026-01-27 17:14:40,8.35
2026-01-27 17:14:41,8.35
2026-01-27 17:14:42,8.35
2026-01-27 17:14:43,8.35
2026-01-27 17:14:44,8.64
2026-01-27 17:14:45,8.64
2026-01-27 17:14:46,8.64
2026-01-27 17:14:47,8.64
2026-01-27 17:14:48,8.64
2026-01-27 17:14:49,7.94
2026-01-27 17:14:50,7.94
2026-01-27 17:14:51,7.94
2026-01-27 17:14:52,7.94
2026-01-27 17:14:53,7.94
2026-01-27 17:14:54,8.42
2026-01-27 17:14:55,8.42
2026-01-27 17:14:56,8.42
2026-01-27 17:14:57,8.42
2026-01-27 17:14:58,8.42
2026-01-27 17:14:59,7.91
2026-01-27 17:15:00,7.91
2026-01-27 17:15:01,7.91
2026-01-27 17:15:02,7.91
2026-01-27 17:15:03,7.91
2026-01-27 17:15:04,8.45
2026-01-27 17:15:05,8.45
2026-01-27 17:15:06,8.45
2026-01-27 17:15:07,8.45
2026-01-27 17:15:08,8.45
2026-01-27 17:15:09,7.96
2026-01-27 17:15:10,7.96
2026-01-27 17:15:11,7.96
2026-01-27 17:15:12,7.96
2026-01-27 17:15:13,7.96
2026-01-27 17:15:14,9.04
2026-01-27 17:15:15,9.04
2026-01-27 17:15:16,9.04
2026-01-27 17:15:17,9.04
2026-01-27 17:15:18,9.04
2026-01-27 17:15:19,11.0
2026-01-27 17:15:20,11.0
2026-01-27 17:15:21,11.0
2026-01-27 17:15:22,11.0
2026-01-27 17:15:23,11.0
2026-01-27 17:15:24,8.82
2026-01-27 17:15:25,8.82
2026-01-27 17:15:26,8.82
2026-01-27 17:15:27,8.82
2026-01-27 17:15:28,8.82
2026-01-27 17:15:29,9.64
2026-01-27 17:15:30,9.64
2026-01-27 17:15:31,9.64
2026-01-27 17:15:32,9.64
2026-01-27 17:15:33,9.64
2026-01-27 17:15:34,10.9
2026-01-27 17:15:35,10.9
2026-01-27 17:15:36,10.9
2026-01-27 17:15:37,10.9
2026-01-27 17:15:38,10.9
2026-01-27 17:15:39,10.2
2026-01-27 17:15:40,10.2
2026-01-27 17:15:41,10.2
2026-01-27 17:15:42,10.2
2026-01-27 17:15:43,10.2
2026-01-27 17:15:44,10.7
2026-01-27 17:15:45,10.7
2026-01-27 17:15:46,10.7
2026-01-27 17:15:47,10.7
2026-01-27 17:15:48,10.7
2026-01-27 17:15:49,9.68
2026-01-27 17:15:50,9.68
2026-01-27 17:15:51,9.68
2026-01-27 17:15:52,9.68
2026-01-27 17:15:53,9.68
2026-01-27 17:15:54,12.1
2026-01-27 17:15:55,12.1
2026-01-27 17:15:56,12.1
2026-01-27 17:15:57,12.1
2026-01-27 17:15:58,12.1
2026-01-27 17:15:59,9.75
2026-01-27 17:16:00,9.75
2026-01-27 17:16:01,9.75
2026-01-27 17:16:02,9.75
2026-01-27 17:16:03,9.75
2026-01-27 17:16:04,9.30
2026-01-27 17:16:05,9.30
2026-01-27 17:16:06,9.30
2026-01-27 17:16:07,9.30
2026-01-27 17:16:08,9.30
2026-01-27 17:16:09,8.75
2026-01-27 17:16:10,8.75
2026-01-27 17:16:11,8.75
2026-01-27 17:16:12,8.75
2026-01-27 17:16:13,8.75
2026-01-27 17:16:14,0
2026-01-27 17:16:15,0
2026-01-27 17:16:16,0
2026-01-27 17:16:17,0
2026-01-27 17:16:18,0
2026-01-27 17:16:19,0
2026-01-27 17:16:20,0
2026-01-27 17:16:21,0
2026-01-27 17:16:22,0
2026-01-27 17:16:23,0
2026-01-27 17:16:24,0
2026-01-27 17:16:25,0
2026-01-27 17:16:26,0
2026-01-27 17:16:27,0
2026-01-27 17:16:28,0
2026-01-27 17:16:29,0
2026-01-27 17:16:30,0
2026-01-27 17:16:31,0
2026-01-27 17:16:32,0
2026-01-27 17:16:33,0
2026-01-27 17:16:34,0
2026-01-27 17:16:35,0
2026-01-27 17:16:36,0
2026-01-27 17:16:37,0
2026-01-27 17:16:38,0
2026-01-27 17:16:39,0
2026-01-27 17:16:40,0
2026-01-27 17:16:41,0
2026-01-27 17:16:42,0
2026-01-27 17:16:43,0
2026-01-27 17:16:44,0
2026-01-27 17:16:45,0
2026-01-27 17:16:46,0
2026-01-27 17:16:47,0
2026-01-27 17:16:48,0
2026-01-27 17:16:49,0
2026-01-27 17:16:50,0
2026-01-27 17:16:51,0
2026-01-27 17:16:52,0
2026-01-27 17:16:53,0
2026-01-27 17:16:54,0
2026-01-27 17:16:55,0
2026-01-27 17:16:56,0
2026-01-27 17:16:57,0
2026-01-27 17:16:58,0
2026-01-27 17:16:59,0
2026-01-27 17:17:00,0
2026-01-27 17:17:01,0
2026-01-27 17:17:02,0
2026-01-27 17:17:03,0
2026-01-27 17:17:04,0
2026-01-27 17:17:05,0
2026-01-27 17:17:06,0
2026-01-27 17:17:07,0
2026-01-27 17:17:08,0
2026-01-27 17:17:09,0
2026-01-27 17:17:10,0
2026-01-27 17:17:11,0
2026-01-27 17:17:12,0
2026-01-27 17:17:13,0
2026-01-27 17:17:14,0
2026-01-27 17:17:15,0
2026-01-27 17:17:16,0
2026-01-27 17:17:17,0
2026-01-27 17:17:18,0
2026-01-27 17:17:19,0
2026-01-27 17:17:20,0
2026-01-27 17:17:21,0
2026-01-27 17:17:22,0
2026-01-27 17:17:23,0
2026-01-27 17:17:24,0
2026-01-27 17:17:25,0
2026-01-27 17:17:26,0
2026-01-27 17:17:27,0
2026-01-27 17:17:28,0
2026-01-27 17:17:29,0
2026-01-27 17:17:30,0
2026-01-27 17:17:31,0
2026-01-27 17:17:32,0
2026-01-27 17:17:33,0
2026-01-27 17:17:34,0
2026-01-27 17:17:35,0
2026-01-27 17:17:36,0
2026-01-27 17:17:37,0
2026-01-27 17:17:38,0
2026-01-27 17:17:39,0
2026-01-27 17:17:40,0
2026-01-27 17:17:41,0
2026-01-27 17:17:42,0
2026-01-27 17:17:43,0
2026-01-27 17:17:44,0
2026-01-27 17:17:45,0
2026-01-27 17:17:46,0
2026-01-27 17:17:47,0
2026-01-27 17:17:48,0
2026-01-27 17:22:54,2.96
2026-01-27 17:22:55,2.96
2026-01-27 17:22:56,2.96
2026-01-27 17:22:57,2.96
2026-01-27 17:22:58,2.96
2026-01-27 17:22:59,5.34
2026-01-27 17:23:00,5.34
2026-01-27 17:23:01,5.34
2026-01-27 17:23:02,5.34
2026-01-27 17:23:03,5.34
2026-01-27 17:23:04,6.52
2026-01-27 17:23:05,6.52
2026-01-27 17:23:06,6.52
2026-01-27 17:23:07,6.52
2026-01-27 17:23:08,6.52
2026-01-27 17:23:09,6.02
2026-01-27 17:23:10,6.02
2026-01-27 17:23:11,6.02
2026-01-27 17:23:12,6.02
2026-01-27 17:23:13,6.02
2026-01-27 17:23:14,7.17
2026-01-27 17:23:15,7.17
2026-01-27 17:23:16,7.17
2026-01-27 17:23:17,7.17
2026-01-27 17:23:18,7.17
2026-01-27 17:23:19,5.49
2026-01-27 17:23:20,5.49
2026-01-27 17:23:21,5.49
2026-01-27 17:23:22,5.49
2026-01-27 17:23:23,5.49
2026-01-27 17:23:24,5.31
2026-01-27 17:23:25,5.31
2026-01-27 17:23:26,5.31
2026-01-27 17:23:27,5.31
2026-01-27 17:23:28,5.31
2026-01-27 17:23:29,4.71
2026-01-27 17:23:30,4.71
2026-01-27 17:23:31,4.71
2026-01-27 17:23:32,4.71
2026-01-27 17:23:33,4.71
2026-01-27 17:23:34,5.37
2026-01-27 17:23:35,5.37
2026-01-27 17:23:36,5.37
2026-01-27 17:23:37,5.37
2026-01-27 17:23:38,5.37
2026-01-27 17:23:39,4.66
2026-01-27 17:23:40,4.66
2026-01-27 17:23:41,4.66
2026-01-27 17:23:42,4.66
2026-01-27 17:23:43,4.66
2026-01-27 17:23:44,5.03
2026-01-27 17:23:45,5.03
2026-01-27 17:23:46,5.03
2026-01-27 17:23:47,5.03
2026-01-27 17:23:48,5.03
2026-01-27 17:23:49,4.66
2026-01-27 17:23:50,4.66
2026-01-27 17:23:51,4.66
2026-01-27 17:23:52,4.66
2026-01-27 17:23:53,4.66
2026-01-27 17:23:54,9.45
2026-01-27 17:23:55,9.45
2026-01-27 17:23:56,9.45
2026-01-27 17:23:57,9.45
2026-01-27 17:23:58,9.45
2026-01-27 17:23:59,7.14
2026-01-27 17:24:00,7.14
2026-01-27 17:24:01,7.14
2026-01-27 17:24:02,7.14
2026-01-27 17:24:03,7.14
2026-01-27 17:24:04,6.27
2026-01-27 17:24:05,6.27
2026-01-27 17:24:06,6.27
2026-01-27 17:24:07,6.27
2026-01-27 17:24:08,6.27
2026-01-27 17:24:09,4.57
2026-01-27 17:24:10,4.57
2026-01-27 17:24:11,4.57
2026-01-27 17:24:12,4.57
2026-01-27 17:24:13,4.57
2026-01-27 17:24:14,6.73
2026-01-27 17:24:15,6.73
2026-01-27 17:24:16,6.73
2026-01-27 17:24:17,6.73
2026-01-27 17:24:18,6.73
2026-01-27 17:24:19,7.52
2026-01-27 17:24:20,7.52
2026-01-27 17:24:21,7.52
2026-01-27 17:24:22,7.52
2026-01-27 17:24:23,7.52
2026-01-27 17:24:24,7.69
2026-01-27 17:24:25,7.69
2026-01-27 17:24:26,7.69
2026-01-27 17:24:27,7.69
2026-01-27 17:24:28,7.69
2026-01-27 17:24:29,6.58
2026-01-27 17:24:30,6.58
2026-01-27 17:24:31,6.58
2026-01-27 17:24:32,6.58
2026-01-27 17:24:33,6.58
2026-01-27 17:24:34,7.54
2026-01-27 17:24:35,7.54
2026-01-27 17:24:36,7.54
2026-01-27 17:24:37,7.54
2026-01-27 17:24:38,7.54
2026-01-27 17:24:39,6.52
2026-01-27 17:24:40,6.52
2026-01-27 17:24:41,6.52
2026-01-27 17:24:42,6.52
2026-01-27 17:24:43,6.52
2026-01-27 17:24:44,6.72
2026-01-27 17:24:45,6.72
2026-01-27 17:24:46,6.72
2026-01-27 17:24:47,6.72
2026-01-27 17:24:48,6.72
2026-01-27 17:24:49,0
2026-01-27 17:24:50,0
2026-01-27 17:24:51,0
2026-01-27 17:24:52,0
2026-01-27 17:24:53,0
2026-01-27 17:24:54,0
2026-01-27 17:24:55,0
2026-01-27 17:24:56,0
2026-01-27 17:24:57,0
2026-01-27 17:24:58,0
2026-01-27 17:24:59,0
2026-01-27 17:25:00,0
2026-01-27 17:25:01,0
2026-01-27 17:25:02,0
2026-01-27 17:25:03,0
2026-01-27 17:25:04,0
2026-01-27 17:25:05,0
2026-01-27 17:25:06,0
2026-01-27 17:25:07,0
2026-01-27 17:25:08,0
2026-01-27 17:25:09,0
2026-01-27 17:25:10,0
2026-01-27 17:25:11,0
2026-01-27 17:25:12,0
2026-01-27 17:25:13,0
2026-01-27 17:25:14,0
2026-01-27 17:25:15,0
2026-01-27 17:25:16,0
2026-01-27 17:25:17,0
2026-01-27 17:25:18,0
2026-01-27 17:25:19,0
2026-01-27 17:25:20,0
2026-01-27 17:25:21,0
2026-01-27 17:25:22,0
2026-01-27 17:25:23,0
2026-01-27 17:25:24,0
2026-01-27 17:25:25,0
2026-01-27 17:25:26,0
2026-01-27 17:25:27,0
2026-01-27 17:25:28,0
2026-01-27 17:25:29,0
2026-01-27 17:25:30,0
2026-01-27 17:25:31,0
2026-01-27 17:25:32,0
2026-01-27 17:25:33,0
2026-01-27 17:25:34,0
2026-01-27 17:25:35,0
2026-01-27 17:25:36,0
2026-01-27 17:25:37,0
2026-01-27 17:25:38,0
2026-01-27 17:25:39,0
2026-01-27 17:25:40,0
2026-01-27 17:25:41,0
2026-01-27 17:25:42,0
2026-01-27 17:25:43,0
2026-01-27 17:25:44,0
2026-01-27 17:25:45,0
2026-01-27 17:25:46,0
2026-01-27 17:25:47,0
2026-01-27 17:25:48,0
2026-01-27 17:25:49,0
2026-01-27 17:25:50,0
2026-01-27 17:25:51,0
2026-01-27 17:25:52,0
2026-01-27 17:25:53,0
2026-01-27 17:25:54,0
2026-01-27 17:25:55,0
2026-01-27 17:25:56,0
2026-01-27 17:25:57,0
2026-01-27 17:25:58,0
2026-01-27 17:25:59,0
2026-01-27 17:26:00,0
2026-01-27 17:26:01,0
2026-01-27 17:26:02,0
2026-01-27 17:26:03,0
2026-01-27 17:26:04,0
2026-01-27 17:26:05,0
2026-01-27 17:26:06,0
2026-01-27 17:26:07,0
2026-01-27 17:26:08,0
2026-01-27 17:26:09,0
2026-01-27 17:26:10,0
2026-01-27 17:26:11,0
2026-01-27 17:26:12,0
2026-01-27 17:26:13,0
2026-01-27 17:26:14,0
2026-01-27 17:26:15,0
2026-01-27 17:26:16,0
2026-01-27 17:26:17,0
2026-01-27 17:26:18,0
2026-01-27 17:26:19,0
2026-01-27 17:26:20,0
2026-01-27 17:26:21,0
2026-01-27 17:26:22,0
2026-01-27 17:26:23,0
2026-01-27 17:31:24,0.990
2026-01-27 17:31:25,0.990
2026-01-27 17:31:26,0.990
2026-01-27 17:31:27,0.990
2026-01-27 17:31:28,0.990
2026-01-27 17:31:29,5.36
2026-01-27 17:31:30,5.36
2026-01-27 17:31:31,5.36
2026-01-27 17:31:32,5.36
2026-01-27 17:31:33,5.36
2026-01-27 17:31:34,7.18
2026-01-27 17:31:35,7.18
2026-01-27 17:31:36,7.18
2026-01-27 17:31:37,7.18
2026-01-27 17:31:38,7.18
2026-01-27 17:31:39,5.97
2026-01-27 17:31:40,5.97
2026-01-27 17:31:41,5.97
2026-01-27 17:31:42,5.97
2026-01-27 17:31:43,5.97
2026-01-27 17:31:44,6.28
2026-01-27 17:31:45,6.28
2026-01-27 17:31:46,6.28
2026-01-27 17:31:47,6.28
2026-01-27 17:31:48,6.28
2026-01-27 17:31:49,5.80
2026-01-27 17:31:50,5.80
2026-01-27 17:31:51,5.80
2026-01-27 17:31:52,5.80
2026-01-27 17:31:53,5.80
2026-01-27 17:31:54,6.68
2026-01-27 17:31:55,6.68
2026-01-27 17:31:56,6.68
2026-01-27 17:31:57,6.68
2026-01-27 17:31:58,6.68
2026-01-27 17:31:59,6.47
2026-01-27 17:32:00,6.47
2026-01-27 17:32:01,6.47
2026-01-27 17:32:02,6.47
2026-01-27 17:32:03,6.47
2026-01-27 17:32:04,6.55
2026-01-27 17:32:05,6.55
2026-01-27 17:32:06,6.55
2026-01-27 17:32:07,6.55
2026-01-27 17:32:08,6.55
2026-01-27 17:32:09,5.76
2026-01-27 17:32:10,5.76
2026-01-27 17:32:11,5.76
2026-01-27 17:32:12,5.76
2026-01-27 17:32:13,5.76
2026-01-27 17:32:14,5.67
2026-01-27 17:32:15,5.67
2026-01-27 17:32:16,5.67
2026-01-27 17:32:17,5.67
2026-01-27 17:32:18,5.67
2026-01-27 17:32:19,5.81
2026-01-27 17:32:20,5.81
2026-01-27 17:32:21,5.81
2026-01-27 17:32:22,5.81
2026-01-27 17:32:23,5.81
2026-01-27 17:32:24,6.27
2026-01-27 17:32:25,6.27
2026-01-27 17:32:26,6.27
2026-01-27 17:32:27,6.27
2026-01-27 17:32:28,6.27
2026-01-27 17:32:29,6.06
2026-01-27 17:32:30,6.06
2026-01-27 17:32:31,6.06
2026-01-27 17:32:32,6.06
2026-01-27 17:32:33,6.06
2026-01-27 17:32:34,9.81
2026-01-27 17:32:35,9.81
2026-01-27 17:32:36,9.81
2026-01-27 17:32:37,9.81
2026-01-27 17:32:38,9.81
2026-01-27 17:32:39,7.16
2026-01-27 17:32:40,7.16
2026-01-27 17:32:41,7.16
2026-01-27 17:32:42,7.16
2026-01-27 17:32:43,7.16
2026-01-27 17:32:44,5.98
2026-01-27 17:32:45,5.98
2026-01-27 17:32:46,5.98
2026-01-27 17:32:47,5.98
2026-01-27 17:32:48,5.98
2026-01-27 17:32:49,5.25
2026-01-27 17:32:50,5.25
2026-01-27 17:32:51,5.25
2026-01-27 17:32:52,5.25
2026-01-27 17:32:53,5.25
2026-01-27 17:32:54,5.35
2026-01-27 17:32:55,5.35
2026-01-27 17:32:56,5.35
2026-01-27 17:32:57,5.35
2026-01-27 17:32:58,5.35
2026-01-27 17:32:59,5.65
2026-01-27 17:33:00,5.65
2026-01-27 17:33:01,5.65
2026-01-27 17:33:02,5.65
2026-01-27 17:33:03,5.65
2026-01-27 17:33:04,8.76
2026-01-27 17:33:05,8.76
2026-01-27 17:33:06,8.76
2026-01-27 17:33:07,8.76
2026-01-27 17:33:08,8.76
2026-01-27 17:33:09,7.85
2026-01-27 17:33:10,7.85
2026-01-27 17:33:11,7.85
2026-01-27 17:33:12,7.85
2026-01-27 17:33:13,7.85
2026-01-27 17:33:14,7.65
2026-01-27 17:33:15,7.65
2026-01-27 17:33:16,7.65
2026-01-27 17:33:17,7.65
2026-01-27 17:33:18,7.65
2026-01-27 17:33:19,7.58
2026-01-27 17:33:20,7.58
2026-01-27 17:33:21,7.58
2026-01-27 17:33:22,7.58
2026-01-27 17:33:23,7.58
2026-01-27 17:33:24,0
2026-01-27 17:33:25,0
2026-01-27 17:33:26,0
2026-01-27 17:33:27,0
2026-01-27 17:33:28,0
2026-01-27 17:33:29,0
2026-01-27 17:33:30,0
2026-01-27 17:33:31,0
2026-01-27 17:33:32,0
2026-01-27 17:33:33,0
2026-01-27 17:33:34,0
2026-01-27 17:33:35,0
2026-01-27 17:33:36,0
2026-01-27 17:33:37,0
2026-01-27 17:33:38,0
2026-01-27 17:33:39,0
2026-01-27 17:33:40,0
2026-01-27 17:33:41,0
2026-01-27 17:33:42,0
2026-01-27 17:33:43,0
2026-01-27 17:33:44,0
2026-01-27 17:33:45,0
2026-01-27 17:33:46,0
2026-01-27 17:33:47,0
2026-01-27 17:33:48,0
2026-01-27 17:33:49,0
2026-01-27 17:33:50,0
2026-01-27 17:33:51,0
2026-01-27 17:33:52,0
2026-01-27 17:33:53,0
2026-01-27 17:33:54,0
2026-01-27 17:33:55,0
2026-01-27 17:33:56,0
2026-01-27 17:33:57,0
2026-01-27 17:33:58,0
2026-01-27 17:33:59,0
2026-01-27 17:34:00,0
2026-01-27 17:34:01,0
2026-01-27 17:34:02,0
2026-01-27 17:34:03,0
2026-01-27 17:34:04,0
2026-01-27 17:34:05,0
2026-01-27 17:34:06,0
2026-01-27 17:34:07,0
2026-01-27 17:34:08,0
2026-01-27 17:34:09,0
2026-01-27 17:34:10,0
2026-01-27 17:34:11,0
2026-01-27 17:34:12,0
2026-01-27 17:34:13,0
2026-01-27 17:34:14,0
2026-01-27 17:34:15,0
2026-01-27 17:34:16,0
2026-01-27 17:34:17,0
2026-01-27 17:34:18,0
2026-01-27 17:34:19,0
2026-01-27 17:34:20,0
2026-01-27 17:34:21,0
2026-01-27 17:34:22,0
2026-01-27 17:34:23,0
2026-01-27 17:34:24,0
2026-01-27 17:34:25,0
2026-01-27 17:34:26,0
2026-01-27 17:34:27,0
2026-01-27 17:34:28,0
2026-01-27 17:34:29,0
2026-01-27 17:34:30,0
2026-01-27 17:34:31,0
2026-01-27 17:34:32,0
2026-01-27 17:34:33,0
2026-01-27 17:34:34,0
2026-01-27 17:34:35,0
2026-01-27 17:34:36,0
2026-01-27 17:34:37,0
2026-01-27 17:34:38,0
2026-01-27 17:34:39,0
2026-01-27 17:34:40,0
2026-01-27 17:34:41,0
2026-01-27 17:34:42,0
2026-01-27 17:34:43,0
2026-01-27 17:34:44,0
2026-01-27 17:34:45,0
2026-01-27 17:34:46,0
2026-01-27 17:34:47,0
2026-01-27 17:34:48,0
2026-01-27 17:34:49,0
2026-01-27 17:34:50,0
2026-01-27 17:34:51,0
2026-01-27 17:34:52,0
2026-01-27 17:34:53,0
2026-01-27 17:34:54,0
2026-01-27 17:34:55,0
2026-01-27 17:34:56,0
2026-01-27 17:34:57,0
2026-01-27 17:34:58,0
2026-01-27 17:39:54,1.61
2026-01-27 17:39:55,1.61
2026-01-27 17:39:56,1.61
2026-01-27 17:39:57,1.61
2026-01-27 17:39:58,1.61
2026-01-27 17:39:59,7.15
2026-01-27 17:40:00,7.15
2026-01-27 17:40:01,7.15
2026-01-27 17:40:02,7.15
2026-01-27 17:40:03,7.15
2026-01-27 17:40:04,6.82
2026-01-27 17:40:05,6.82
2026-01-27 17:40:06,6.82
2026-01-27 17:40:07,6.82
2026-01-27 17:40:08,6.82
2026-01-27 17:40:09,6.24
2026-01-27 17:40:10,6.24
2026-01-27 17:40:11,6.24
2026-01-27 17:40:12,6.24
2026-01-27 17:40:13,6.24
2026-01-27 17:40:14,5.84
2026-01-27 17:40:15,5.84
2026-01-27 17:40:16,5.84
2026-01-27 17:40:17,5.84
2026-01-27 17:40:18,5.84
2026-01-27 17:40:19,5.86
2026-01-27 17:40:20,5.86
2026-01-27 17:40:21,5.86
2026-01-27 17:40:22,5.86
2026-01-27 17:40:23,5.86
2026-01-27 17:40:24,6.31
2026-01-27 17:40:25,6.31
2026-01-27 17:40:26,6.31
2026-01-27 17:40:27,6.31
2026-01-27 17:40:28,6.31
2026-01-27 17:40:29,5.86
2026-01-27 17:40:30,5.86
2026-01-27 17:40:31,5.86
2026-01-27 17:40:32,5.86
2026-01-27 17:40:33,5.86
2026-01-27 17:40:34,6.80
2026-01-27 17:40:35,6.80
2026-01-27 17:40:36,6.80
2026-01-27 17:40:37,6.80
2026-01-27 17:40:38,6.80
2026-01-27 17:40:39,6.44
2026-01-27 17:40:40,6.44
2026-01-27 17:40:41,6.44
2026-01-27 17:40:42,6.44
2026-01-27 17:40:43,6.44
2026-01-27 17:40:44,6.62
2026-01-27 17:40:45,6.62
2026-01-27 17:40:46,6.62
2026-01-27 17:40:47,6.62
2026-01-27 17:40:48,6.62
2026-01-27 17:40:49,5.77
2026-01-27 17:40:50,5.77
2026-01-27 17:40:51,5.77
2026-01-27 17:40:52,5.77
2026-01-27 17:40:53,5.77
2026-01-27 17:40:54,6.33
2026-01-27 17:40:55,6.33
2026-01-27 17:40:56,6.33
2026-01-27 17:40:57,6.33
2026-01-27 17:40:58,6.33
2026-01-27 17:40:59,5.87
2026-01-27 17:41:00,5.87
2026-01-27 17:41:01,5.87
2026-01-27 17:41:02,5.87
2026-01-27 17:41:03,5.87
2026-01-27 17:41:04,6.31
2026-01-27 17:41:05,6.31
2026-01-27 17:41:06,6.31
2026-01-27 17:41:07,6.31
2026-01-27 17:41:08,6.31
2026-01-27 17:41:09,8.35
2026-01-27 17:41:10,8.35
2026-01-27 17:41:11,8.35
2026-01-27 17:41:12,8.35
2026-01-27 17:41:13,8.35
2026-01-27 17:41:14,5.08
2026-01-27 17:41:15,5.08
2026-01-27 17:41:16,5.08
2026-01-27 17:41:17,5.08
2026-01-27 17:41:18,5.08
2026-01-27 17:41:19,5.37
2026-01-27 17:41:20,5.37
2026-01-27 17:41:21,5.37
2026-01-27 17:41:22,5.37
2026-01-27 17:41:23,5.37
2026-01-27 17:41:24,5.89
2026-01-27 17:41:25,5.89
2026-01-27 17:41:26,5.89
2026-01-27 17:41:27,5.89
2026-01-27 17:41:28,5.89
2026-01-27 17:41:29,5.69
2026-01-27 17:41:30,5.69
2026-01-27 17:41:31,5.69
2026-01-27 17:41:32,5.69
2026-01-27 17:41:33,5.69
2026-01-27 17:41:34,6.26
2026-01-27 17:41:35,6.26
2026-01-27 17:41:36,6.26
2026-01-27 17:41:37,6.26
2026-01-27 17:41:38,6.26
2026-01-27 17:41:39,5.49
2026-01-27 17:41:40,5.49
2026-01-27 17:41:41,5.49
2026-01-27 17:41:42,5.49
2026-01-27 17:41:43,5.49
2026-01-27 17:41:44,6.63
2026-01-27 17:41:45,6.63
2026-01-27 17:41:46,6.63
2026-01-27 17:41:47,6.63
2026-01-27 17:41:48,6.63
2026-01-27 17:41:49,5.61
2026-01-27 17:41:50,5.61
2026-01-27 17:41:51,5.61
2026-01-27 17:41:52,5.61
2026-01-27 17:41:53,5.61
2026-01-27 17:41:54,0
2026-01-27 17:41:55,0
2026-01-27 17:41:56,0
2026-01-27 17:41:57,0
2026-01-27 17:41:58,0
2026-01-27 17:41:59,0
2026-01-27 17:42:00,0
2026-01-27 17:42:01,0
2026-01-27 17:42:02,0
2026-01-27 17:42:03,0
2026-01-27 17:42:04,0
2026-01-27 17:42:05,0
2026-01-27 17:42:06,0
2026-01-27 17:42:07,0
2026-01-27 17:42:08,0
2026-01-27 17:42:09,0
2026-01-27 17:42:10,0
2026-01-27 17:42:11,0
2026-01-27 17:42:12,0
2026-01-27 17:42:13,0
2026-01-27 17:42:14,0
2026-01-27 17:42:15,0
2026-01-27 17:42:16,0
2026-01-27 17:42:17,0
2026-01-27 17:42:18,0
2026-01-27 17:42:19,0
2026-01-27 17:42:20,0
2026-01-27 17:42:21,0
2026-01-27 17:42:22,0
2026-01-27 17:42:23,0
2026-01-27 17:42:24,0
2026-01-27 17:42:25,0
2026-01-27 17:42:26,0
2026-01-27 17:42:27,0
2026-01-27 17:42:28,0
2026-01-27 17:42:29,0
2026-01-27 17:42:30,0
2026-01-27 17:42:31,0
2026-01-27 17:42:32,0
2026-01-27 17:42:33,0
2026-01-27 17:42:34,0
2026-01-27 17:42:35,0
2026-01-27 17:42:36,0
2026-01-27 17:42:37,0
2026-01-27 17:42:38,0
2026-01-27 17:42:39,0
2026-01-27 17:42:40,0
2026-01-27 17:42:41,0
2026-01-27 17:42:42,0
2026-01-27 17:42:43,0
2026-01-27 17:42:44,0
2026-01-27 17:42:45,0
2026-01-27 17:42:46,0
2026-01-27 17:42:47,0
2026-01-27 17:42:48,0
2026-01-27 17:42:49,0
2026-01-27 17:42:50,0
2026-01-27 17:42:51,0
2026-01-27 17:42:52,0
2026-01-27 17:42:53,0
2026-01-27 17:42:54,0
2026-01-27 17:42:55,0
2026-01-27 17:42:56,0
2026-01-27 17:42:57,0
2026-01-27 17:42:58,0
2026-01-27 17:42:59,0
2026-01-27 17:43:00,0
2026-01-27 17:43:01,0
2026-01-27 17:43:02,0
2026-01-27 17:43:03,0
2026-01-27 17:43:04,0
2026-01-27 17:43:05,0
2026-01-27 17:43:06,0
2026-01-27 17:43:07,0
2026-01-27 17:43:08,0
2026-01-27 17:43:09,0
2026-01-27 17:43:10,0
2026-01-27 17:43:11,0
2026-01-27 17:43:12,0
2026-01-27 17:43:13,0
2026-01-27 17:43:14,0
2026-01-27 17:43:15,0
2026-01-27 17:43:16,0
2026-01-27 17:43:17,0
2026-01-27 17:43:18,0
2026-01-27 17:43:19,0
2026-01-27 17:43:20,0
2026-01-27 17:43:21,0
2026-01-27 17:43:22,0
2026-01-27 17:43:23,0
2026-01-27 17:43:24,0
2026-01-27 17:43:25,0
2026-01-27 17:43:26,0
2026-01-27 17:43:27,0
2026-01-27 17:43:28,0
2026-01-27 17:48:29,1.30
2026-01-27 17:48:30,1.30
2026-01-27 17:48:31,1.30
2026-01-27 17:48:32,1.30
2026-01-27 17:48:33,1.30
2026-01-27 17:48:34,7.68
2026-01-27 17:48:35,7.68
2026-01-27 17:48:36,7.68
2026-01-27 17:48:37,7.68
2026-01-27 17:48:38,7.68
2026-01-27 17:48:39,8.19
2026-01-27 17:48:40,8.19
2026-01-27 17:48:41,8.19
2026-01-27 17:48:42,8.19
2026-01-27 17:48:43,8.19
2026-01-27 17:48:44,8.77
2026-01-27 17:48:45,8.77
2026-01-27 17:48:46,8.77
2026-01-27 17:48:47,8.77
2026-01-27 17:48:48,8.77
2026-01-27 17:48:49,8.12
2026-01-27 17:48:50,8.12
2026-01-27 17:48:51,8.12
2026-01-27 17:48:52,8.12
2026-01-27 17:48:53,8.12
2026-01-27 17:48:54,10.4
2026-01-27 17:48:55,10.4
2026-01-27 17:48:56,10.4
2026-01-27 17:48:57,10.4
2026-01-27 17:48:58,10.4
2026-01-27 17:48:59,10.6
2026-01-27 17:49:00,10.6
2026-01-27 17:49:01,10.6
2026-01-27 17:49:02,10.6
2026-01-27 17:49:03,10.6
2026-01-27 17:49:04,10.1
2026-01-27 17:49:05,10.1
2026-01-27 17:49:06,10.1
2026-01-27 17:49:07,10.1
2026-01-27 17:49:08,10.1
2026-01-27 17:49:09,8.11
2026-01-27 17:49:10,8.11
2026-01-27 17:49:11,8.11
2026-01-27 17:49:12,8.11
2026-01-27 17:49:13,8.11
2026-01-27 17:49:14,8.28
2026-01-27 17:49:15,8.28
2026-01-27 17:49:16,8.28
2026-01-27 17:49:17,8.28
2026-01-27 17:49:18,8.28
2026-01-27 17:49:19,8.77
2026-01-27 17:49:20,8.77
2026-01-27 17:49:21,8.77
2026-01-27 17:49:22,8.77
2026-01-27 17:49:23,8.77
2026-01-27 17:49:24,9.08
2026-01-27 17:49:25,9.08
2026-01-27 17:49:26,9.08
2026-01-27 17:49:27,9.08
2026-01-27 17:49:28,9.08
2026-01-27 17:49:29,9.31
2026-01-27 17:49:30,9.31
2026-01-27 17:49:31,9.31
2026-01-27 17:49:32,9.31
2026-01-27 17:49:33,9.31
2026-01-27 17:49:34,8.66
2026-01-27 17:49:35,8.66
2026-01-27 17:49:36,8.66
2026-01-27 17:49:37,8.66
2026-01-27 17:49:38,8.66
2026-01-27 17:49:39,7.08
2026-01-27 17:49:40,7.08
2026-01-27 17:49:41,7.08
2026-01-27 17:49:42,7.08
2026-01-27 17:49:43,7.08
2026-01-27 17:49:44,7.32
2026-01-27 17:49:45,7.32
2026-01-27 17:49:46,7.32
2026-01-27 17:49:47,7.32
2026-01-27 17:49:48,7.32
2026-01-27 17:49:49,8.70
2026-01-27 17:49:50,8.70
2026-01-27 17:49:51,8.70
2026-01-27 17:49:52,8.70
2026-01-27 17:49:53,8.70
2026-01-27 17:49:54,9.97
2026-01-27 17:49:55,9.97
2026-01-27 17:49:56,9.97
2026-01-27 17:49:57,9.97
2026-01-27 17:49:58,9.97
2026-01-27 17:49:59,5.89
2026-01-27 17:50:00,5.89
2026-01-27 17:50:01,5.89
2026-01-27 17:50:02,5.89
2026-01-27 17:50:03,5.89
2026-01-27 17:50:04,6.48
2026-01-27 17:50:05,6.48
2026-01-27 17:50:06,6.48
2026-01-27 17:50:07,6.48
2026-01-27 17:50:08,6.48
2026-01-27 17:50:09,5.36
2026-01-27 17:50:10,5.36
2026-01-27 17:50:11,5.36
2026-01-27 17:50:12,5.36
2026-01-27 17:50:13,5.36
2026-01-27 17:50:14,5.37
2026-01-27 17:50:15,5.37
2026-01-27 17:50:16,5.37
2026-01-27 17:50:17,5.37
2026-01-27 17:50:18,5.37
2026-01-27 17:50:19,5.39
2026-01-27 17:50:20,5.39
2026-01-27 17:50:21,5.39
2026-01-27 17:50:22,5.39
2026-01-27 17:50:23,5.39
2026-01-27 17:50:24,6.57
2026-01-27 17:50:25,6.57
2026-01-27 17:50:26,6.57
2026-01-27 17:50:27,6.57
2026-01-27 17:50:28,6.57
2026-01-27 17:50:29,0
2026-01-27 17:50:30,0
2026-01-27 17:50:31,0
2026-01-27 17:50:32,0
2026-01-27 17:50:33,0
2026-01-27 17:50:34,0
2026-01-27 17:50:35,0
2026-01-27 17:50:36,0
2026-01-27 17:50:37,0
2026-01-27 17:50:38,0
2026-01-27 17:50:39,0
2026-01-27 17:50:40,0
2026-01-27 17:50:41,0
2026-01-27 17:50:42,0
2026-01-27 17:50:43,0
2026-01-27 17:50:44,0
2026-01-27 17:50:45,0
2026-01-27 17:50:46,0
2026-01-27 17:50:47,0
2026-01-27 17:50:48,0
2026-01-27 17:50:49,0
2026-01-27 17:50:50,0
2026-01-27 17:50:51,0
2026-01-27 17:50:52,0
2026-01-27 17:50:53,0
2026-01-27 17:50:54,0
2026-01-27 17:50:55,0
2026-01-27 17:50:56,0
2026-01-27 17:50:57,0
2026-01-27 17:50:58,0
2026-01-27 17:50:59,0
2026-01-27 17:51:00,0
2026-01-27 17:51:01,0
2026-01-27 17:51:02,0
2026-01-27 17:51:03,0
2026-01-27 17:51:04,0
2026-01-27 17:51:05,0
2026-01-27 17:51:06,0
2026-01-27 17:51:07,0
2026-01-27 17:51:08,0
2026-01-27 17:51:09,0
2026-01-27 17:51:10,0
2026-01-27 17:51:11,0
2026-01-27 17:51:12,0
2026-01-27 17:51:13,0
2026-01-27 17:51:14,0
2026-01-27 17:51:15,0
2026-01-27 17:51:16,0
2026-01-27 17:51:17,0
2026-01-27 17:51:18,0
2026-01-27 17:51:19,0
2026-01-27 17:51:20,0
2026-01-27 17:51:21,0
2026-01-27 17:51:22,0
2026-01-27 17:51:23,0
2026-01-27 17:51:24,0
2026-01-27 17:51:25,0
2026-01-27 17:51:26,0
2026-01-27 17:51:27,0
2026-01-27 17:51:28,0
2026-01-27 17:51:29,0
2026-01-27 17:51:30,0
2026-01-27 17:51:31,0
2026-01-27 17:51:32,0
2026-01-27 17:51:33,0
2026-01-27 17:51:34,0
2026-01-27 17:51:35,0
2026-01-27 17:51:36,0
2026-01-27 17:51:37,0
2026-01-27 17:51:38,0
2026-01-27 17:51:39,0
2026-01-27 17:51:40,0
2026-01-27 17:51:41,0
2026-01-27 17:51:42,0
2026-01-27 17:51:43,0
2026-01-27 17:51:44,0
2026-01-27 17:51:45,0
2026-01-27 17:51:46,0
2026-01-27 17:51:47,0
2026-01-27 17:51:48,0
2026-01-27 17:51:49,0
2026-01-27 17:51:50,0
2026-01-27 17:51:51,0
2026-01-27 17:51:52,0
2026-01-27 17:51:53,0
2026-01-27 17:51:54,0
2026-01-27 17:51:55,0
2026-01-27 17:51:56,0
2026-01-27 17:51:57,0
2026-01-27 17:51:58,0
2026-01-27 17:51:59,0
2026-01-27 17:52:00,0
2026-01-27 17:52:01,0
2026-01-27 17:52:02,0
2026-01-27 17:52:03,0
2026-01-27 17:57:04,8.62
2026-01-27 17:57:05,8.62
2026-01-27 17:57:06,8.62
2026-01-27 17:57:07,8.62
2026-01-27 17:57:08,8.62
2026-01-27 17:57:09,9.66
2026-01-27 17:57:10,9.66
2026-01-27 17:57:11,9.66
2026-01-27 17:57:12,9.66
2026-01-27 17:57:13,9.66
2026-01-27 17:57:14,10.00
2026-01-27 17:57:15,10.00
2026-01-27 17:57:16,10.00
2026-01-27 17:57:17,10.00
2026-01-27 17:57:18,10.00
2026-01-27 17:57:19,9.61
2026-01-27 17:57:20,9.61
2026-01-27 17:57:21,9.61
2026-01-27 17:57:22,9.61
2026-01-27 17:57:23,9.61
2026-01-27 17:57:24,10.3
2026-01-27 17:57:25,10.3
2026-01-27 17:57:26,10.3
2026-01-27 17:57:27,10.3
2026-01-27 17:57:28,10.3
2026-01-27 17:57:29,9.80
2026-01-27 17:57:30,9.80
2026-01-27 17:57:31,9.80
2026-01-27 17:57:32,9.80
2026-01-27 17:57:33,9.80
2026-01-27 17:57:34,10.9
2026-01-27 17:57:35,10.9
2026-01-27 17:57:36,10.9
2026-01-27 17:57:37,10.9
2026-01-27 17:57:38,10.9
2026-01-27 17:57:39,9.79
2026-01-27 17:57:40,9.79
2026-01-27 17:57:41,9.79
2026-01-27 17:57:42,9.79
2026-01-27 17:57:43,9.79
2026-01-27 17:57:44,10.3
2026-01-27 17:57:45,10.3
2026-01-27 17:57:46,10.3
2026-01-27 17:57:47,10.3
2026-01-27 17:57:48,10.3
2026-01-27 17:57:49,9.57
2026-01-27 17:57:50,9.57
2026-01-27 17:57:51,9.57
2026-01-27 17:57:52,9.57
2026-01-27 17:57:53,9.57
2026-01-27 17:57:54,11.4
2026-01-27 17:57:55,11.4
2026-01-27 17:57:56,11.4
2026-01-27 17:57:57,11.4
2026-01-27 17:57:58,11.4
2026-01-27 17:57:59,9.74
2026-01-27 17:58:00,9.74
2026-01-27 17:58:01,9.74
2026-01-27 17:58:02,9.74
2026-01-27 17:58:03,9.74
2026-01-27 17:58:04,10.1
2026-01-27 17:58:05,10.1
2026-01-27 17:58:06,10.1
2026-01-27 17:58:07,10.1
2026-01-27 17:58:08,10.1
2026-01-27 17:58:09,9.16
2026-01-27 17:58:10,9.16
2026-01-27 17:58:11,9.16
2026-01-27 17:58:12,9.16
2026-01-27 17:58:13,9.16
2026-01-27 17:58:14,8.99
2026-01-27 17:58:15,8.99
2026-01-27 17:58:16,8.99
2026-01-27 17:58:17,8.99
2026-01-27 17:58:18,8.99
2026-01-27 17:58:19,9.74
2026-01-27 17:58:20,9.74
2026-01-27 17:58:21,9.74
2026-01-27 17:58:22,9.74
2026-01-27 17:58:23,9.74
2026-01-27 17:58:24,10.6
2026-01-27 17:58:25,10.6
2026-01-27 17:58:26,10.6
2026-01-27 17:58:27,10.6
2026-01-27 17:58:28,10.6
2026-01-27 17:58:29,9.13
2026-01-27 17:58:30,9.13
2026-01-27 17:58:31,9.13
2026-01-27 17:58:32,9.13
2026-01-27 17:58:33,9.13
2026-01-27 17:58:34,10.0
2026-01-27 17:58:35,10.0
2026-01-27 17:58:36,10.0
2026-01-27 17:58:37,10.0
2026-01-27 17:58:38,10.0
2026-01-27 17:58:39,7.63
2026-01-27 17:58:40,7.63
2026-01-27 17:58:41,7.63
2026-01-27 17:58:42,7.63
2026-01-27 17:58:43,7.63
2026-01-27 17:58:44,7.21
2026-01-27 17:58:45,7.21
2026-01-27 17:58:46,7.21
2026-01-27 17:58:47,7.21
2026-01-27 17:58:48,7.21
2026-01-27 17:58:49,6.33
2026-01-27 17:58:50,6.33
2026-01-27 17:58:51,6.33
2026-01-27 17:58:52,6.33
2026-01-27 17:58:53,6.33
2026-01-27 17:58:54,7.08
2026-01-27 17:58:55,7.08
2026-01-27 17:58:56,7.08
2026-01-27 17:58:57,7.08
2026-01-27 17:58:58,7.08
2026-01-27 17:58:59,6.29
2026-01-27 17:59:00,6.29
2026-01-27 17:59:01,6.29
2026-01-27 17:59:02,6.29
2026-01-27 17:59:03,6.29
2026-01-27 17:59:04,0
2026-01-27 17:59:05,0
2026-01-27 17:59:06,0
2026-01-27 17:59:07,0
2026-01-27 17:59:08,0
2026-01-27 17:59:09,0
2026-01-27 17:59:10,0
2026-01-27 17:59:11,0
2026-01-27 17:59:12,0
2026-01-27 17:59:13,0
2026-01-27 17:59:14,0
2026-01-27 17:59:15,0
2026-01-27 17:59:16,0
2026-01-27 17:59:17,0
2026-01-27 17:59:18,0
2026-01-27 17:59:19,0
2026-01-27 17:59:20,0
2026-01-27 17:59:21,0
2026-01-27 17:59:22,0
2026-01-27 17:59:23,0
2026-01-27 17:59:24,0
2026-01-27 17:59:25,0
2026-01-27 17:59:26,0
2026-01-27 17:59:27,0
2026-01-27 17:59:28,0
2026-01-27 17:59:29,0
2026-01-27 17:59:30,0
2026-01-27 17:59:31,0
2026-01-27 17:59:32,0
2026-01-27 17:59:33,0
2026-01-27 17:59:34,0
2026-01-27 17:59:35,0
2026-01-27 17:59:36,0
2026-01-27 17:59:37,0
2026-01-27 17:59:38,0
2026-01-27 17:59:39,0
2026-01-27 17:59:40,0
2026-01-27 17:59:41,0
2026-01-27 17:59:42,0
2026-01-27 17:59:43,0
2026-01-27 17:59:44,0
2026-01-27 17:59:45,0
2026-01-27 17:59:46,0
2026-01-27 17:59:47,0
2026-01-27 17:59:48,0
2026-01-27 17:59:49,0
2026-01-27 17:59:50,0
2026-01-27 17:59:51,0
2026-01-27 17:59:52,0
2026-01-27 17:59:53,0
2026-01-27 17:59:54,0
2026-01-27 17:59:55,0
2026-01-27 17:59:56,0
2026-01-27 17:59:57,0
2026-01-27 17:59:58,0
2026-01-27 17:59:59,0
2026-01-27 18:00:00,0
2026-01-27 18:00:01,0
2026-01-27 18:00:02,0
2026-01-27 18:00:03,0
2026-01-27 18:00:04,0
2026-01-27 18:00:05,0
2026-01-27 18:00:06,0
2026-01-27 18:00:07,0
2026-01-27 18:00:08,0
2026-01-27 18:00:09,0
2026-01-27 18:00:10,0
2026-01-27 18:00:11,0
2026-01-27 18:00:12,0
2026-01-27 18:00:13,0
2026-01-27 18:00:14,0
2026-01-27 18:00:15,0
2026-01-27 18:00:16,0
2026-01-27 18:00:17,0
2026-01-27 18:00:18,0
2026-01-27 18:00:19,0
2026-01-27 18:00:20,0
2026-01-27 18:00:21,0
2026-01-27 18:00:22,0
2026-01-27 18:00:23,0
2026-01-27 18:00:24,0
2026-01-27 18:00:25,0
2026-01-27 18:00:26,0
2026-01-27 18:00:27,0
2026-01-27 18:00:28,0
2026-01-27 18:00:29,0
2026-01-27 18:00:30,0
2026-01-27 18:00:31,0
2026-01-27 18:00:32,0
2026-01-27 18:00:33,0
2026-01-27 18:00:34,0
2026-01-27 18:00:35,0
2026-01-27 18:00:36,0
2026-01-27 18:00:37,0
2026-01-27 18:00:38,0
2026-01-27 18:05:44,6.76
2026-01-27 18:05:45,6.76
2026-01-27 18:05:46,6.76
2026-01-27 18:05:47,6.76
2026-01-27 18:05:48,6.76
2026-01-27 18:05:49,8.93
2026-01-27 18:05:50,8.93
2026-01-27 18:05:51,8.93
2026-01-27 18:05:52,8.93
2026-01-27 18:05:53,8.93
2026-01-27 18:05:54,10.1
2026-01-27 18:05:55,10.1
2026-01-27 18:05:56,10.1
2026-01-27 18:05:57,10.1
2026-01-27 18:05:58,10.1
2026-01-27 18:05:59,9.09
2026-01-27 18:06:00,9.09
2026-01-27 18:06:01,9.09
2026-01-27 18:06:02,9.09
2026-01-27 18:06:03,9.09
2026-01-27 18:06:04,9.72
2026-01-27 18:06:05,9.72
2026-01-27 18:06:06,9.72
2026-01-27 18:06:07,9.72
2026-01-27 18:06:08,9.72
2026-01-27 18:06:09,9.30
2026-01-27 18:06:10,9.30
2026-01-27 18:06:11,9.30
2026-01-27 18:06:12,9.30
2026-01-27 18:06:13,9.30
2026-01-27 18:06:14,10.8
2026-01-27 18:06:15,10.8
2026-01-27 18:06:16,10.8
2026-01-27 18:06:17,10.8
2026-01-27 18:06:18,10.8
2026-01-27 18:06:19,9.40
2026-01-27 18:06:20,9.40
2026-01-27 18:06:21,9.40
2026-01-27 18:06:22,9.40
2026-01-27 18:06:23,9.40
2026-01-27 18:06:24,8.42
2026-01-27 18:06:25,8.42
2026-01-27 18:06:26,8.42
2026-01-27 18:06:27,8.42
2026-01-27 18:06:28,8.42
2026-01-27 18:06:29,7.98
2026-01-27 18:06:30,7.98
2026-01-27 18:06:31,7.98
2026-01-27 18:06:32,7.98
2026-01-27 18:06:33,7.98
2026-01-27 18:06:34,10.2
2026-01-27 18:06:35,10.2
2026-01-27 18:06:36,10.2
2026-01-27 18:06:37,10.2
2026-01-27 18:06:38,10.2
2026-01-27 18:06:39,9.09
2026-01-27 18:06:40,9.09
2026-01-27 18:06:41,9.09
2026-01-27 18:06:42,9.09
2026-01-27 18:06:43,9.09
2026-01-27 18:06:44,9.99
2026-01-27 18:06:45,9.99
2026-01-27 18:06:46,9.99
2026-01-27 18:06:47,9.99
2026-01-27 18:06:48,9.99
2026-01-27 18:06:49,9.36
2026-01-27 18:06:50,9.36
2026-01-27 18:06:51,9.36
2026-01-27 18:06:52,9.36
2026-01-27 18:06:53,9.36
2026-01-27 18:06:54,9.74
2026-01-27 18:06:55,9.74
2026-01-27 18:06:56,9.74
2026-01-27 18:06:57,9.74
2026-01-27 18:06:58,9.74
2026-01-27 18:06:59,8.89
2026-01-27 18:07:00,8.89
2026-01-27 18:07:01,8.89
2026-01-27 18:07:02,8.89
2026-01-27 18:07:03,8.89
2026-01-27 18:07:04,11.2
2026-01-27 18:07:05,11.2
2026-01-27 18:07:06,11.2
2026-01-27 18:07:07,11.2
2026-01-27 18:07:08,11.2
2026-01-27 18:07:09,9.68
2026-01-27 18:07:10,9.68
2026-01-27 18:07:11,9.68
2026-01-27 18:07:12,9.68
2026-01-27 18:07:13,9.68
2026-01-27 18:07:14,8.53
2026-01-27 18:07:15,8.53
2026-01-27 18:07:16,8.53
2026-01-27 18:07:17,8.53
2026-01-27 18:07:18,8.53
2026-01-27 18:07:19,8.87
2026-01-27 18:07:20,8.87
2026-01-27 18:07:21,8.87
2026-01-27 18:07:22,8.87
2026-01-27 18:07:23,8.87
2026-01-27 18:07:24,9.60
2026-01-27 18:07:25,9.60
2026-01-27 18:07:26,9.60
2026-01-27 18:07:27,9.60
2026-01-27 18:07:28,9.60
2026-01-27 18:07:29,8.32
2026-01-27 18:07:30,8.32
2026-01-27 18:07:31,8.32
2026-01-27 18:07:32,8.32
2026-01-27 18:07:33,8.32
2026-01-27 18:07:34,9.54
2026-01-27 18:07:35,9.54
2026-01-27 18:07:36,9.54
2026-01-27 18:07:37,9.54
2026-01-27 18:07:38,9.54
2026-01-27 18:07:39,9.72
2026-01-27 18:07:40,9.72
2026-01-27 18:07:41,9.72
2026-01-27 18:07:42,9.72
2026-01-27 18:07:43,9.72
2026-01-27 18:07:44,0
2026-01-27 18:07:45,0
2026-01-27 18:07:46,0
2026-01-27 18:07:47,0
2026-01-27 18:07:48,0
2026-01-27 18:07:49,0
2026-01-27 18:07:50,0
2026-01-27 18:07:51,0
2026-01-27 18:07:52,0
2026-01-27 18:07:53,0
2026-01-27 18:07:54,0
2026-01-27 18:07:55,0
2026-01-27 18:07:56,0
2026-01-27 18:07:57,0
2026-01-27 18:07:58,0
2026-01-27 18:07:59,0
2026-01-27 18:08:00,0
2026-01-27 18:08:01,0
2026-01-27 18:08:02,0
2026-01-27 18:08:03,0
2026-01-27 18:08:04,0
2026-01-27 18:08:05,0
2026-01-27 18:08:06,0
2026-01-27 18:08:07,0
2026-01-27 18:08:08,0
2026-01-27 18:08:09,0
2026-01-27 18:08:10,0
2026-01-27 18:08:11,0
2026-01-27 18:08:12,0
2026-01-27 18:08:13,0
2026-01-27 18:08:14,0
2026-01-27 18:08:15,0
2026-01-27 18:08:16,0
2026-01-27 18:08:17,0
2026-01-27 18:08:18,0
2026-01-27 18:08:19,0
2026-01-27 18:08:20,0
2026-01-27 18:08:21,0
2026-01-27 18:08:22,0
2026-01-27 18:08:23,0
2026-01-27 18:08:24,0
2026-01-27 18:08:25,0
2026-01-27 18:08:26,0
2026-01-27 18:08:27,0
2026-01-27 18:08:28,0
2026-01-27 18:08:29,0
2026-01-27 18:08:30,0
2026-01-27 18:08:31,0
2026-01-27 18:08:32,0
2026-01-27 18:08:33,0
2026-01-27 18:08:34,0
2026-01-27 18:08:35,0
2026-01-27 18:08:36,0
2026-01-27 18:08:37,0
2026-01-27 18:08:38,0
2026-01-27 18:08:39,0
2026-01-27 18:08:40,0
2026-01-27 18:08:41,0
2026-01-27 18:08:42,0
2026-01-27 18:08:43,0
2026-01-27 18:08:44,0
2026-01-27 18:08:45,0
2026-01-27 18:08:46,0
2026-01-27 18:08:47,0
2026-01-27 18:08:48,0
2026-01-27 18:08:49,0
2026-01-27 18:08:50,0
2026-01-27 18:08:51,0
2026-01-27 18:08:52,0
2026-01-27 18:08:53,0
2026-01-27 18:08:54,0
2026-01-27 18:08:55,0
2026-01-27 18:08:56,0
2026-01-27 18:08:57,0
2026-01-27 18:08:58,0
2026-01-27 18:08:59,0
2026-01-27 18:09:00,0
2026-01-27 18:09:01,0
2026-01-27 18:09:02,0
2026-01-27 18:09:03,0
2026-01-27 18:09:04,0
2026-01-27 18:09:05,0
2026-01-27 18:09:06,0
2026-01-27 18:09:07,0
2026-01-27 18:09:08,0
2026-01-27 18:09:09,0
2026-01-27 18:09:10,0
2026-01-27 18:09:11,0
2026-01-27 18:09:12,0
2026-01-27 18:09:13,0
2026-01-27 18:14:14,2.26
2026-01-27 18:14:15,2.26
2026-01-27 18:14:16,2.26
2026-01-27 18:14:17,2.26
2026-01-27 18:14:18,2.26
2026-01-27 18:14:19,8.64
2026-01-27 18:14:20,8.64
2026-01-27 18:14:21,8.64
2026-01-27 18:14:22,8.64
2026-01-27 18:14:23,8.64
2026-01-27 18:14:24,10.2
2026-01-27 18:14:25,10.2
2026-01-27 18:14:26,10.2
2026-01-27 18:14:27,10.2
2026-01-27 18:14:28,10.2
2026-01-27 18:14:29,9.41
2026-01-27 18:14:30,9.41
2026-01-27 18:14:31,9.41
2026-01-27 18:14:32,9.41
2026-01-27 18:14:33,9.41
2026-01-27 18:14:34,10.1
2026-01-27 18:14:35,10.1
2026-01-27 18:14:36,10.1
2026-01-27 18:14:37,10.1
2026-01-27 18:14:38,10.1
2026-01-27 18:14:39,9.25
2026-01-27 18:14:40,9.25
2026-01-27 18:14:41,9.25
2026-01-27 18:14:42,9.25
2026-01-27 18:14:43,9.25
2026-01-27 18:14:44,11.7
2026-01-27 18:14:45,11.7
2026-01-27 18:14:46,11.7
2026-01-27 18:14:47,11.7
2026-01-27 18:14:48,11.7
2026-01-27 18:14:49,9.66
2026-01-27 18:14:50,9.66
2026-01-27 18:14:51,9.66
2026-01-27 18:14:52,9.66
2026-01-27 18:14:53,9.66
2026-01-27 18:14:54,10.6
2026-01-27 18:14:55,10.6
2026-01-27 18:14:56,10.6
2026-01-27 18:14:57,10.6
2026-01-27 18:14:58,10.6
2026-01-27 18:14:59,8.56
2026-01-27 18:15:00,8.56
2026-01-27 18:15:01,8.56
2026-01-27 18:15:02,8.56
2026-01-27 18:15:03,8.56
2026-01-27 18:15:04,7.72
2026-01-27 18:15:05,7.72
2026-01-27 18:15:06,7.72
2026-01-27 18:15:07,7.72
2026-01-27 18:15:08,7.72
2026-01-27 18:15:09,6.49
2026-01-27 18:15:10,6.49
2026-01-27 18:15:11,6.49
2026-01-27 18:15:12,6.49
2026-01-27 18:15:13,6.49
2026-01-27 18:15:14,8.15
2026-01-27 18:15:15,8.15
2026-01-27 18:15:16,8.15
2026-01-27 18:15:17,8.15
2026-01-27 18:15:18,8.15
2026-01-27 18:15:19,8.50
2026-01-27 18:15:20,8.50
2026-01-27 18:15:21,8.50
2026-01-27 18:15:22,8.50
2026-01-27 18:15:23,8.50
2026-01-27 18:15:24,8.81
2026-01-27 18:15:25,8.81
2026-01-27 18:15:26,8.81
2026-01-27 18:15:27,8.81
2026-01-27 18:15:28,8.81
2026-01-27 18:15:29,9.49
2026-01-27 18:15:30,9.49
2026-01-27 18:15:31,9.49
2026-01-27 18:15:32,9.49
2026-01-27 18:15:33,9.49
2026-01-27 18:15:34,11.4
2026-01-27 18:15:35,11.4
2026-01-27 18:15:36,11.4
2026-01-27 18:15:37,11.4
2026-01-27 18:15:38,11.4
2026-01-27 18:15:39,9.66
2026-01-27 18:15:40,9.66
2026-01-27 18:15:41,9.66
2026-01-27 18:15:42,9.66
2026-01-27 18:15:43,9.66
2026-01-27 18:15:44,8.97
2026-01-27 18:15:45,8.97
2026-01-27 18:15:46,8.97
2026-01-27 18:15:47,8.97
2026-01-27 18:15:48,8.97
2026-01-27 18:15:49,8.42
2026-01-27 18:15:50,8.42
2026-01-27 18:15:51,8.42
2026-01-27 18:15:52,8.42
2026-01-27 18:15:53,8.42
2026-01-27 18:15:54,9.19
2026-01-27 18:15:55,9.19
2026-01-27 18:15:56,9.19
2026-01-27 18:15:57,9.19
2026-01-27 18:15:58,9.19
2026-01-27 18:15:59,8.55
2026-01-27 18:16:00,8.55
2026-01-27 18:16:01,8.55
2026-01-27 18:16:02,8.55
2026-01-27 18:16:03,8.55
2026-01-27 18:16:04,9.40
2026-01-27 18:16:05,9.40
2026-01-27 18:16:06,9.40
2026-01-27 18:16:07,9.40
2026-01-27 18:16:08,9.40
2026-01-27 18:16:09,8.47
2026-01-27 18:16:10,8.47
2026-01-27 18:16:11,8.47
2026-01-27 18:16:12,8.47
2026-01-27 18:16:13,8.47
2026-01-27 18:16:14,0
2026-01-27 18:16:15,0
2026-01-27 18:16:16,0
2026-01-27 18:16:17,0
2026-01-27 18:16:18,0
2026-01-27 18:16:19,0
2026-01-27 18:16:20,0
2026-01-27 18:16:21,0
2026-01-27 18:16:22,0
2026-01-27 18:16:23,0
2026-01-27 18:16:24,0
2026-01-27 18:16:25,0
2026-01-27 18:16:26,0
2026-01-27 18:16:27,0
2026-01-27 18:16:28,0
2026-01-27 18:16:29,0
2026-01-27 18:16:30,0
2026-01-27 18:16:31,0
2026-01-27 18:16:32,0
2026-01-27 18:16:33,0
2026-01-27 18:16:34,0
2026-01-27 18:16:35,0
2026-01-27 18:16:36,0
2026-01-27 18:16:37,0
2026-01-27 18:16:38,0
2026-01-27 18:16:39,0
2026-01-27 18:16:40,0
2026-01-27 18:16:41,0
2026-01-27 18:16:42,0
2026-01-27 18:16:43,0
2026-01-27 18:16:44,0
2026-01-27 18:16:45,0
2026-01-27 18:16:46,0
2026-01-27 18:16:47,0
2026-01-27 18:16:48,0
2026-01-27 18:16:49,0
2026-01-27 18:16:50,0
2026-01-27 18:16:51,0
2026-01-27 18:16:52,0
2026-01-27 18:16:53,0
2026-01-27 18:16:54,0
2026-01-27 18:16:55,0
2026-01-27 18:16:56,0
2026-01-27 18:16:57,0
2026-01-27 18:16:58,0
2026-01-27 18:16:59,0
2026-01-27 18:17:00,0
2026-01-27 18:17:01,0
2026-01-27 18:17:02,0
2026-01-27 18:17:03,0
2026-01-27 18:17:04,0
2026-01-27 18:17:05,0
2026-01-27 18:17:06,0
2026-01-27 18:17:07,0
2026-01-27 18:17:08,0
2026-01-27 18:17:09,0
2026-01-27 18:17:10,0
2026-01-27 18:17:11,0
2026-01-27 18:17:12,0
2026-01-27 18:17:13,0
2026-01-27 18:17:14,0
2026-01-27 18:17:15,0
2026-01-27 18:17:16,0
2026-01-27 18:17:17,0
2026-01-27 18:17:18,0
2026-01-27 18:17:19,0
2026-01-27 18:17:20,0
2026-01-27 18:17:21,0
2026-01-27 18:17:22,0
2026-01-27 18:17:23,0
2026-01-27 18:17:24,0
2026-01-27 18:17:25,0
2026-01-27 18:17:26,0
2026-01-27 18:17:27,0
2026-01-27 18:17:28,0
2026-01-27 18:17:29,0
2026-01-27 18:17:30,0
2026-01-27 18:17:31,0
2026-01-27 18:17:32,0
2026-01-27 18:17:33,0
2026-01-27 18:17:34,0
2026-01-27 18:17:35,0
2026-01-27 18:17:36,0
2026-01-27 18:17:37,0
2026-01-27 18:17:38,0
2026-01-27 18:17:39,0
2026-01-27 18:17:40,0
2026-01-27 18:17:41,0
2026-01-27 18:17:42,0
2026-01-27 18:17:43,0
2026-01-27 18:17:44,0
2026-01-27 18:17:45,0
2026-01-27 18:17:46,0
2026-01-27 18:17:47,0
2026-01-27 18:17:48,0
2026-01-27 18:22:49,4.93
2026-01-27 18:22:50,4.93
2026-01-27 18:22:51,4.93
2026-01-27 18:22:52,4.93
2026-01-27 18:22:53,4.93
2026-01-27 18:22:54,9.51
2026-01-27 18:22:55,9.51
2026-01-27 18:22:56,9.51
2026-01-27 18:22:57,9.51
2026-01-27 18:22:58,9.51
2026-01-27 18:22:59,9.65
2026-01-27 18:23:00,9.65
2026-01-27 18:23:01,9.65
2026-01-27 18:23:02,9.65
2026-01-27 18:23:03,9.65
2026-01-27 18:23:04,10.7
2026-01-27 18:23:05,10.7
2026-01-27 18:23:06,10.7
2026-01-27 18:23:07,10.7
2026-01-27 18:23:08,10.7
2026-01-27 18:23:09,9.76
2026-01-27 18:23:10,9.76
2026-01-27 18:23:11,9.76
2026-01-27 18:23:12,9.76
2026-01-27 18:23:13,9.76
2026-01-27 18:23:14,9.62
2026-01-27 18:23:15,9.62
2026-01-27 18:23:16,9.62
2026-01-27 18:23:17,9.62
2026-01-27 18:23:18,9.62
2026-01-27 18:23:19,9.18
2026-01-27 18:23:20,9.18
2026-01-27 18:23:21,9.18
2026-01-27 18:23:22,9.18
2026-01-27 18:23:23,9.18
2026-01-27 18:23:24,9.15
2026-01-27 18:23:25,9.15
2026-01-27 18:23:26,9.15
2026-01-27 18:23:27,9.15
2026-01-27 18:23:28,9.15
2026-01-27 18:23:29,9.80
2026-01-27 18:23:30,9.80
2026-01-27 18:23:31,9.80
2026-01-27 18:23:32,9.80
2026-01-27 18:23:33,9.80
2026-01-27 18:23:34,10.4
2026-01-27 18:23:35,10.4
2026-01-27 18:23:36,10.4
2026-01-27 18:23:37,10.4
2026-01-27 18:23:38,10.4
2026-01-27 18:23:39,11.9
2026-01-27 18:23:40,11.9
2026-01-27 18:23:41,11.9
2026-01-27 18:23:42,11.9
2026-01-27 18:23:43,11.9
2026-01-27 18:23:44,14.3
2026-01-27 18:23:45,14.3
2026-01-27 18:23:46,14.3
2026-01-27 18:23:47,14.3
2026-01-27 18:23:48,14.3
2026-01-27 18:23:49,11.8
2026-01-27 18:23:50,11.8
2026-01-27 18:23:51,11.8
2026-01-27 18:23:52,11.8
2026-01-27 18:23:53,11.8
2026-01-27 18:23:54,11.1
2026-01-27 18:23:55,11.1
2026-01-27 18:23:56,11.1
2026-01-27 18:23:57,11.1
2026-01-27 18:23:58,11.1
2026-01-27 18:23:59,10.1
2026-01-27 18:24:00,10.1
2026-01-27 18:24:01,10.1
2026-01-27 18:24:02,10.1
2026-01-27 18:24:03,10.1
2026-01-27 18:24:04,13.1
2026-01-27 18:24:05,13.1
2026-01-27 18:24:06,13.1
2026-01-27 18:24:07,13.1
2026-01-27 18:24:08,13.1
2026-01-27 18:24:09,13.5
2026-01-27 18:24:10,13.5
2026-01-27 18:24:11,13.5
2026-01-27 18:24:12,13.5
2026-01-27 18:24:13,13.5
2026-01-27 18:24:14,10.5
2026-01-27 18:24:15,10.5
2026-01-27 18:24:16,10.5
2026-01-27 18:24:17,10.5
2026-01-27 18:24:18,10.5
2026-01-27 18:24:19,10.9
2026-01-27 18:24:20,10.9
2026-01-27 18:24:21,10.9
2026-01-27 18:24:22,10.9
2026-01-27 18:24:23,10.9
2026-01-27 18:24:24,11.5
2026-01-27 18:24:25,11.5
2026-01-27 18:24:26,11.5
2026-01-27 18:24:27,11.5
2026-01-27 18:24:28,11.5
2026-01-27 18:24:29,11.2
2026-01-27 18:24:30,11.2
2026-01-27 18:24:31,11.2
2026-01-27 18:24:32,11.2
2026-01-27 18:24:33,11.2
2026-01-27 18:24:34,12.0
2026-01-27 18:24:35,12.0
2026-01-27 18:24:36,12.0
2026-01-27 18:24:37,12.0
2026-01-27 18:24:38,12.0
2026-01-27 18:24:39,12.7
2026-01-27 18:24:40,12.7
2026-01-27 18:24:41,12.7
2026-01-27 18:24:42,12.7
2026-01-27 18:24:43,12.7
2026-01-27 18:24:44,12.0
2026-01-27 18:24:45,12.0
2026-01-27 18:24:46,12.0
2026-01-27 18:24:47,12.0
2026-01-27 18:24:48,12.0
2026-01-27 18:24:49,9.46
2026-01-27 18:24:50,9.46
2026-01-27 18:24:51,9.46
2026-01-27 18:24:52,9.46
2026-01-27 18:24:53,9.46
2026-01-27 18:24:54,13.1
2026-01-27 18:24:55,13.1
2026-01-27 18:24:56,13.1
2026-01-27 18:24:57,13.1
2026-01-27 18:24:58,13.1
2026-01-27 18:24:59,9.22
2026-01-27 18:25:00,9.22
2026-01-27 18:25:01,9.22
2026-01-27 18:25:02,9.22
2026-01-27 18:25:03,9.22
2026-01-27 18:25:04,9.25
2026-01-27 18:25:05,9.25
2026-01-27 18:25:06,9.25
2026-01-27 18:25:07,9.25
2026-01-27 18:25:08,9.25
2026-01-27 18:25:09,7.24
2026-01-27 18:25:10,7.24
2026-01-27 18:25:11,7.24
2026-01-27 18:25:12,7.24
2026-01-27 18:25:13,7.24
2026-01-27 18:25:14,0
2026-01-27 18:25:15,0
2026-01-27 18:25:16,0
2026-01-27 18:25:17,0
2026-01-27 18:25:18,0
2026-01-27 18:25:19,0
2026-01-27 18:25:20,0
2026-01-27 18:25:21,0
2026-01-27 18:25:22,0
2026-01-27 18:25:23,0
2026-01-27 18:25:24,0
2026-01-27 18:25:25,0
2026-01-27 18:25:26,0
2026-01-27 18:25:27,0
2026-01-27 18:25:28,0
2026-01-27 18:25:29,0
2026-01-27 18:25:30,0
2026-01-27 18:25:31,0
2026-01-27 18:25:32,0
2026-01-27 18:25:33,0
2026-01-27 18:25:34,0
2026-01-27 18:25:35,0
2026-01-27 18:25:36,0
2026-01-27 18:25:37,0
2026-01-27 18:25:38,0
2026-01-27 18:25:39,0
2026-01-27 18:25:40,0
2026-01-27 18:25:41,0
2026-01-27 18:25:42,0
2026-01-27 18:25:43,0
2026-01-27 18:25:44,0
2026-01-27 18:25:45,0
2026-01-27 18:25:46,0
2026-01-27 18:25:47,0
2026-01-27 18:25:48,0
2026-01-27 18:25:49,0
2026-01-27 18:25:50,0
2026-01-27 18:25:51,0
2026-01-27 18:25:52,0
2026-01-27 18:25:53,0
2026-01-27 18:25:54,0
2026-01-27 18:25:55,0
2026-01-27 18:25:56,0
2026-01-27 18:25:57,0
2026-01-27 18:25:58,0
2026-01-27 18:25:59,0
2026-01-27 18:26:00,0
2026-01-27 18:26:01,0
2026-01-27 18:26:02,0
2026-01-27 18:26:03,0
2026-01-27 18:26:04,0
2026-01-27 18:26:05,0
2026-01-27 18:26:06,0
2026-01-27 18:26:07,0
2026-01-27 18:26:08,0
2026-01-27 18:26:09,0
2026-01-27 18:26:10,0
2026-01-27 18:26:11,0
2026-01-27 18:26:12,0
2026-01-27 18:26:13,0
2026-01-27 18:26:14,0
2026-01-27 18:26:15,0
2026-01-27 18:26:16,0
2026-01-27 18:26:17,0
2026-01-27 18:26:18,0
2026-01-27 18:26:19,0
2026-01-27 18:26:20,0
2026-01-27 18:26:21,0
2026-01-27 18:26:22,0
2026-01-27 18:26:23,0
2026-01-27 18:26:24,0
2026-01-27 18:26:25,0
2026-01-27 18:26:26,0
2026-01-27 18:26:27,0
2026-01-27 18:26:28,0
2026-01-27 18:26:29,0
2026-01-27 18:26:30,0
2026-01-27 18:26:31,0
2026-01-27 18:26:32,0
2026-01-27 18:26:33,0
2026-01-27 18:26:34,0
2026-01-27 18:26:35,0
2026-01-27 18:26:36,0
2026-01-27 18:26:37,0
2026-01-27 18:26:38,0
2026-01-27 18:26:39,0
2026-01-27 18:26:40,0
2026-01-27 18:26:41,0
2026-01-27 18:26:42,0
2026-01-27 18:26:43,0
2026-01-27 18:26:44,0
2026-01-27 18:26:45,0
2026-01-27 18:26:46,0
2026-01-27 18:26:47,0
2026-01-27 18:26:48,0