"Time","gnb-scramble"
2026-01-28 14:34:14,3.63
2026-01-28 14:34:15,3.63
2026-01-28 14:34:16,3.63
2026-01-28 14:34:17,3.63
2026-01-28 14:34:18,3.63
2026-01-28 14:34:19,9.64
2026-01-28 14:34:20,9.64
2026-01-28 14:34:21,9.64
2026-01-28 14:34:22,9.64
2026-01-28 14:34:23,9.64
2026-01-28 14:34:24,6.64
2026-01-28 14:34:25,6.64
2026-01-28 14:34:26,6.64
2026-01-28 14:34:27,6.64
2026-01-28 14:34:28,6.64
2026-01-28 14:34:29,8.98
2026-01-28 14:34:30,8.98
2026-01-28 14:34:31,8.98
2026-01-28 14:34:32,8.98
2026-01-28 14:34:33,8.98
2026-01-28 14:34:34,6.60
2026-01-28 14:34:35,6.60
2026-01-28 14:34:36,6.60
2026-01-28 14:34:37,6.60
2026-01-28 14:34:38,6.60
2026-01-28 14:34:39,8.92
2026-01-28 14:34:40,8.92
2026-01-28 14:34:41,8.92
2026-01-28 14:34:42,8.92
2026-01-28 14:34:43,8.92
2026-01-28 14:34:44,6.76
2026-01-28 14:34:45,6.76
2026-01-28 14:34:46,6.76
2026-01-28 14:34:47,6.76
2026-01-28 14:34:48,6.76
2026-01-28 14:34:49,9.69
2026-01-28 14:34:50,9.69
2026-01-28 14:34:51,9.69
2026-01-28 14:34:52,9.69
2026-01-28 14:34:53,9.69
2026-01-28 14:34:54,6.68
2026-01-28 14:34:55,6.68
2026-01-28 14:34:56,6.68
2026-01-28 14:34:57,6.68
2026-01-28 14:34:58,6.68
2026-01-28 14:34:59,9.15
2026-01-28 14:35:00,9.15
2026-01-28 14:35:01,9.15
2026-01-28 14:35:02,9.15
2026-01-28 14:35:03,9.15
2026-01-28 14:35:04,6.67
2026-01-28 14:35:05,6.67
2026-01-28 14:35:06,6.67
2026-01-28 14:35:07,6.67
2026-01-28 14:35:08,6.67
2026-01-28 14:35:09,9.56
2026-01-28 14:35:10,9.56
2026-01-28 14:35:11,9.56
2026-01-28 14:35:12,9.56
2026-01-28 14:35:13,9.56
2026-01-28 14:35:14,5.89
2026-01-28 14:35:15,5.89
2026-01-28 14:35:16,5.89
2026-01-28 14:35:17,5.89
2026-01-28 14:35:18,5.89
2026-01-28 14:35:19,8.54
2026-01-28 14:35:20,8.54
2026-01-28 14:35:21,8.54
2026-01-28 14:35:22,8.54
2026-01-28 14:35:23,8.54
2026-01-28 14:35:24,6.07
2026-01-28 14:35:25,6.07
2026-01-28 14:35:26,6.07
2026-01-28 14:35:27,6.07
2026-01-28 14:35:28,6.07
2026-01-28 14:35:29,9.14
2026-01-28 14:35:30,9.14
2026-01-28 14:35:31,9.14
2026-01-28 14:35:32,9.14
2026-01-28 14:35:33,9.14
2026-01-28 14:35:34,7.00
2026-01-28 14:35:35,7.00
2026-01-28 14:35:36,7.00
2026-01-28 14:35:37,7.00
2026-01-28 14:35:38,7.00
2026-01-28 14:35:39,8.88
2026-01-28 14:35:40,8.88
2026-01-28 14:35:41,8.88
2026-01-28 14:35:42,8.88
2026-01-28 14:35:43,8.88
2026-01-28 14:35:44,6.69
2026-01-28 14:35:45,6.69
2026-01-28 14:35:46,6.69
2026-01-28 14:35:47,6.69
2026-01-28 14:35:48,6.69
2026-01-28 14:35:49,9.52
2026-01-28 14:35:50,9.52
2026-01-28 14:35:51,9.52
2026-01-28 14:35:52,9.52
2026-01-28 14:35:53,9.52
2026-01-28 14:35:54,6.68
2026-01-28 14:35:55,6.68
2026-01-28 14:35:56,6.68
2026-01-28 14:35:57,6.68
2026-01-28 14:35:58,6.68
2026-01-28 14:35:59,9.13
2026-01-28 14:36:00,9.13
2026-01-28 14:36:01,9.13
2026-01-28 14:36:02,9.13
2026-01-28 14:36:03,9.13
2026-01-28 14:36:04,0
2026-01-28 14:36:05,0
2026-01-28 14:36:06,0
2026-01-28 14:36:07,0
2026-01-28 14:36:08,0
2026-01-28 14:36:09,0
2026-01-28 14:36:10,0
2026-01-28 14:36:11,0
2026-01-28 14:36:12,0
2026-01-28 14:36:13,0
2026-01-28 14:36:14,0
2026-01-28 14:36:15,0
2026-01-28 14:36:16,0
2026-01-28 14:36:17,0
2026-01-28 14:36:18,0
2026-01-28 14:36:19,0
2026-01-28 14:36:20,0
2026-01-28 14:36:21,0
2026-01-28 14:36:22,0
2026-01-28 14:36:23,0
2026-01-28 14:36:24,0
2026-01-28 14:36:25,0
2026-01-28 14:36:26,0
2026-01-28 14:36:27,0
2026-01-28 14:36:28,0
2026-01-28 14:36:29,0
2026-01-28 14:36:30,0
2026-01-28 14:36:31,0
2026-01-28 14:36:32,0
2026-01-28 14:36:33,0
2026-01-28 14:36:34,0
2026-01-28 14:36:35,0
2026-01-28 14:36:36,0
2026-01-28 14:36:37,0
2026-01-28 14:36:38,0
2026-01-28 14:36:39,0
2026-01-28 14:36:40,0
2026-01-28 14:36:41,0
2026-01-28 14:36:42,0
2026-01-28 14:36:43,0
2026-01-28 14:36:44,0
2026-01-28 14:36:45,0
2026-01-28 14:36:46,0
2026-01-28 14:36:47,0
2026-01-28 14:36:48,0
2026-01-28 14:36:49,0
2026-01-28 14:36:50,0
2026-01-28 14:36:51,0
2026-01-28 14:36:52,0
2026-01-28 14:36:53,0
2026-01-28 14:36:54,0
2026-01-28 14:36:55,0
2026-01-28 14:36:56,0
2026-01-28 14:36:57,0
2026-01-28 14:36:58,0
2026-01-28 14:36:59,0
2026-01-28 14:37:00,0
2026-01-28 14:37:01,0
2026-01-28 14:37:02,0
2026-01-28 14:37:03,0
2026-01-28 14:37:04,0
2026-01-28 14:37:05,0
2026-01-28 14:37:06,0
2026-01-28 14:37:07,0
2026-01-28 14:37:08,0
2026-01-28 14:37:09,0
2026-01-28 14:37:10,0
2026-01-28 14:37:11,0
2026-01-28 14:37:12,0
2026-01-28 14:37:13,0
2026-01-28 14:37:14,0
2026-01-28 14:37:15,0
2026-01-28 14:37:16,0
2026-01-28 14:37:17,0
2026-01-28 14:37:18,0
2026-01-28 14:37:19,0
2026-01-28 14:37:20,0
2026-01-28 14:37:21,0
2026-01-28 14:37:22,0
2026-01-28 14:37:23,0
2026-01-28 14:37:24,0
2026-01-28 14:37:25,0
2026-01-28 14:37:26,0
2026-01-28 14:37:27,0
2026-01-28 14:37:28,0
2026-01-28 14:37:29,0
2026-01-28 14:37:30,0
2026-01-28 14:37:31,0
2026-01-28 14:37:32,0
2026-01-28 14:37:33,0
2026-01-28 14:37:34,0
2026-01-28 14:37:35,0
2026-01-28 14:37:36,0
2026-01-28 14:37:37,0
2026-01-28 14:37:38,0
2026-01-28 14:42:39,9.26
2026-01-28 14:42:40,9.26
2026-01-28 14:42:41,9.26
2026-01-28 14:42:42,9.26
2026-01-28 14:42:43,9.26
2026-01-28 14:42:44,7.85
2026-01-28 14:42:45,7.85
2026-01-28 14:42:46,7.85
2026-01-28 14:42:47,7.85
2026-01-28 14:42:48,7.85
2026-01-28 14:42:49,10.1
2026-01-28 14:42:50,10.1
2026-01-28 14:42:51,10.1
2026-01-28 14:42:52,10.1
2026-01-28 14:42:53,10.1
2026-01-28 14:42:54,7.43
2026-01-28 14:42:55,7.43
2026-01-28 14:42:56,7.43
2026-01-28 14:42:57,7.43
2026-01-28 14:42:58,7.43
2026-01-28 14:42:59,9.75
2026-01-28 14:43:00,9.75
2026-01-28 14:43:01,9.75
2026-01-28 14:43:02,9.75
2026-01-28 14:43:03,9.75
2026-01-28 14:43:04,7.62
2026-01-28 14:43:05,7.62
2026-01-28 14:43:06,7.62
2026-01-28 14:43:07,7.62
2026-01-28 14:43:08,7.62
2026-01-28 14:43:09,9.68
2026-01-28 14:43:10,9.68
2026-01-28 14:43:11,9.68
2026-01-28 14:43:12,9.68
2026-01-28 14:43:13,9.68
2026-01-28 14:43:14,7.44
2026-01-28 14:43:15,7.44
2026-01-28 14:43:16,7.44
2026-01-28 14:43:17,7.44
2026-01-28 14:43:18,7.44
2026-01-28 14:43:19,9.55
2026-01-28 14:43:20,9.55
2026-01-28 14:43:21,9.55
2026-01-28 14:43:22,9.55
2026-01-28 14:43:23,9.55
2026-01-28 14:43:24,7.81
2026-01-28 14:43:25,7.81
2026-01-28 14:43:26,7.81
2026-01-28 14:43:27,7.81
2026-01-28 14:43:28,7.81
2026-01-28 14:43:29,10.8
2026-01-28 14:43:30,10.8
2026-01-28 14:43:31,10.8
2026-01-28 14:43:32,10.8
2026-01-28 14:43:33,10.8
2026-01-28 14:43:34,6.51
2026-01-28 14:43:35,6.51
2026-01-28 14:43:36,6.51
2026-01-28 14:43:37,6.51
2026-01-28 14:43:38,6.51
2026-01-28 14:43:39,9.14
2026-01-28 14:43:40,9.14
2026-01-28 14:43:41,9.14
2026-01-28 14:43:42,9.14
2026-01-28 14:43:43,9.14
2026-01-28 14:43:44,6.74
2026-01-28 14:43:45,6.74
2026-01-28 14:43:46,6.74
2026-01-28 14:43:47,6.74
2026-01-28 14:43:48,6.74
2026-01-28 14:43:49,9.50
2026-01-28 14:43:50,9.50
2026-01-28 14:43:51,9.50
2026-01-28 14:43:52,9.50
2026-01-28 14:43:53,9.50
2026-01-28 14:43:54,6.52
2026-01-28 14:43:55,6.52
2026-01-28 14:43:56,6.52
2026-01-28 14:43:57,6.52
2026-01-28 14:43:58,6.52
2026-01-28 14:43:59,9.04
2026-01-28 14:44:00,9.04
2026-01-28 14:44:01,9.04
2026-01-28 14:44:02,9.04
2026-01-28 14:44:03,9.04
2026-01-28 14:44:04,6.59
2026-01-28 14:44:05,6.59
2026-01-28 14:44:06,6.59
2026-01-28 14:44:07,6.59
2026-01-28 14:44:08,6.59
2026-01-28 14:44:09,9.45
2026-01-28 14:44:10,9.45
2026-01-28 14:44:11,9.45
2026-01-28 14:44:12,9.45
2026-01-28 14:44:13,9.45
2026-01-28 14:44:14,6.59
2026-01-28 14:44:15,6.59
2026-01-28 14:44:16,6.59
2026-01-28 14:44:17,6.59
2026-01-28 14:44:18,6.59
2026-01-28 14:44:19,8.88
2026-01-28 14:44:20,8.88
2026-01-28 14:44:21,8.88
2026-01-28 14:44:22,8.88
2026-01-28 14:44:23,8.88
2026-01-28 14:44:24,6.84
2026-01-28 14:44:25,6.84
2026-01-28 14:44:26,6.84
2026-01-28 14:44:27,6.84
2026-01-28 14:44:28,6.84
2026-01-28 14:44:29,0
2026-01-28 14:44:30,0
2026-01-28 14:44:31,0
2026-01-28 14:44:32,0
2026-01-28 14:44:33,0
2026-01-28 14:44:34,0
2026-01-28 14:44:35,0
2026-01-28 14:44:36,0
2026-01-28 14:44:37,0
2026-01-28 14:44:38,0
2026-01-28 14:44:39,0
2026-01-28 14:44:40,0
2026-01-28 14:44:41,0
2026-01-28 14:44:42,0
2026-01-28 14:44:43,0
2026-01-28 14:44:44,0
2026-01-28 14:44:45,0
2026-01-28 14:44:46,0
2026-01-28 14:44:47,0
2026-01-28 14:44:48,0
2026-01-28 14:44:49,0
2026-01-28 14:44:50,0
2026-01-28 14:44:51,0
2026-01-28 14:44:52,0
2026-01-28 14:44:53,0
2026-01-28 14:44:54,0
2026-01-28 14:44:55,0
2026-01-28 14:44:56,0
2026-01-28 14:44:57,0
2026-01-28 14:44:58,0
2026-01-28 14:44:59,0
2026-01-28 14:45:00,0
2026-01-28 14:45:01,0
2026-01-28 14:45:02,0
2026-01-28 14:45:03,0
2026-01-28 14:45:04,0
2026-01-28 14:45:05,0
2026-01-28 14:45:06,0
2026-01-28 14:45:07,0
2026-01-28 14:45:08,0
2026-01-28 14:45:09,0
2026-01-28 14:45:10,0
2026-01-28 14:45:11,0
2026-01-28 14:45:12,0
2026-01-28 14:45:13,0
2026-01-28 14:45:14,0
2026-01-28 14:45:15,0
2026-01-28 14:45:16,0
2026-01-28 14:45:17,0
2026-01-28 14:45:18,0
2026-01-28 14:45:19,0
2026-01-28 14:45:20,0
2026-01-28 14:45:21,0
2026-01-28 14:45:22,0
2026-01-28 14:45:23,0
2026-01-28 14:45:24,0
2026-01-28 14:45:25,0
2026-01-28 14:45:26,0
2026-01-28 14:45:27,0
2026-01-28 14:45:28,0
2026-01-28 14:45:29,0
2026-01-28 14:45:30,0
2026-01-28 14:45:31,0
2026-01-28 14:45:32,0
2026-01-28 14:45:33,0
2026-01-28 14:45:34,0
2026-01-28 14:45:35,0
2026-01-28 14:45:36,0
2026-01-28 14:45:37,0
2026-01-28 14:45:38,0
2026-01-28 14:45:39,0
2026-01-28 14:45:40,0
2026-01-28 14:45:41,0
2026-01-28 14:45:42,0
2026-01-28 14:45:43,0
2026-01-28 14:45:44,0
2026-01-28 14:45:45,0
2026-01-28 14:45:46,0
2026-01-28 14:45:47,0
2026-01-28 14:45:48,0
2026-01-28 14:45:49,0
2026-01-28 14:45:50,0
2026-01-28 14:45:51,0
2026-01-28 14:45:52,0
2026-01-28 14:45:53,0
2026-01-28 14:45:54,0
2026-01-28 14:45:55,0
2026-01-28 14:45:56,0
2026-01-28 14:45:57,0
2026-01-28 14:45:58,0
2026-01-28 14:45:59,0
2026-01-28 14:46:00,0
2026-01-28 14:46:01,0
2026-01-28 14:46:02,0
2026-01-28 14:46:03,0
2026-01-28 14:51:09,9.63
2026-01-28 14:51:10,9.63
2026-01-28 14:51:11,9.63
2026-01-28 14:51:12,9.63
2026-01-28 14:51:13,9.63
2026-01-28 14:51:14,7.97
2026-01-28 14:51:15,7.97
2026-01-28 14:51:16,7.97
2026-01-28 14:51:17,7.97
2026-01-28 14:51:18,7.97
2026-01-28 14:51:19,9.76
2026-01-28 14:51:20,9.76
2026-01-28 14:51:21,9.76
2026-01-28 14:51:22,9.76
2026-01-28 14:51:23,9.76
2026-01-28 14:51:24,7.53
2026-01-28 14:51:25,7.53
2026-01-28 14:51:26,7.53
2026-01-28 14:51:27,7.53
2026-01-28 14:51:28,7.53
2026-01-28 14:51:29,9.60
2026-01-28 14:51:30,9.60
2026-01-28 14:51:31,9.60
2026-01-28 14:51:32,9.60
2026-01-28 14:51:33,9.60
2026-01-28 14:51:34,7.57
2026-01-28 14:51:35,7.57
2026-01-28 14:51:36,7.57
2026-01-28 14:51:37,7.57
2026-01-28 14:51:38,7.57
2026-01-28 14:51:39,9.27
2026-01-28 14:51:40,9.27
2026-01-28 14:51:41,9.27
2026-01-28 14:51:42,9.27
2026-01-28 14:51:43,9.27
2026-01-28 14:51:44,7.46
2026-01-28 14:51:45,7.46
2026-01-28 14:51:46,7.46
2026-01-28 14:51:47,7.46
2026-01-28 14:51:48,7.46
2026-01-28 14:51:49,9.75
2026-01-28 14:51:50,9.75
2026-01-28 14:51:51,9.75
2026-01-28 14:51:52,9.75
2026-01-28 14:51:53,9.75
2026-01-28 14:51:54,7.50
2026-01-28 14:51:55,7.50
2026-01-28 14:51:56,7.50
2026-01-28 14:51:57,7.50
2026-01-28 14:51:58,7.50
2026-01-28 14:51:59,10.6
2026-01-28 14:52:00,10.6
2026-01-28 14:52:01,10.6
2026-01-28 14:52:02,10.6
2026-01-28 14:52:03,10.6
2026-01-28 14:52:04,7.03
2026-01-28 14:52:05,7.03
2026-01-28 14:52:06,7.03
2026-01-28 14:52:07,7.03
2026-01-28 14:52:08,7.03
2026-01-28 14:52:09,9.08
2026-01-28 14:52:10,9.08
2026-01-28 14:52:11,9.08
2026-01-28 14:52:12,9.08
2026-01-28 14:52:13,9.08
2026-01-28 14:52:14,6.82
2026-01-28 14:52:15,6.82
2026-01-28 14:52:16,6.82
2026-01-28 14:52:17,6.82
2026-01-28 14:52:18,6.82
2026-01-28 14:52:19,8.83
2026-01-28 14:52:20,8.83
2026-01-28 14:52:21,8.83
2026-01-28 14:52:22,8.83
2026-01-28 14:52:23,8.83
2026-01-28 14:52:24,6.80
2026-01-28 14:52:25,6.80
2026-01-28 14:52:26,6.80
2026-01-28 14:52:27,6.80
2026-01-28 14:52:28,6.80
2026-01-28 14:52:29,8.88
2026-01-28 14:52:30,8.88
2026-01-28 14:52:31,8.88
2026-01-28 14:52:32,8.88
2026-01-28 14:52:33,8.88
2026-01-28 14:52:34,6.72
2026-01-28 14:52:35,6.72
2026-01-28 14:52:36,6.72
2026-01-28 14:52:37,6.72
2026-01-28 14:52:38,6.72
2026-01-28 14:52:39,8.75
2026-01-28 14:52:40,8.75
2026-01-28 14:52:41,8.75
2026-01-28 14:52:42,8.75
2026-01-28 14:52:43,8.75
2026-01-28 14:52:44,7.93
2026-01-28 14:52:45,7.93
2026-01-28 14:52:46,7.93
2026-01-28 14:52:47,7.93
2026-01-28 14:52:48,7.93
2026-01-28 14:52:49,10.5
2026-01-28 14:52:50,10.5
2026-01-28 14:52:51,10.5
2026-01-28 14:52:52,10.5
2026-01-28 14:52:53,10.5
2026-01-28 14:52:54,0
2026-01-28 14:52:55,0
2026-01-28 14:52:56,0
2026-01-28 14:52:57,0
2026-01-28 14:52:58,0
2026-01-28 14:52:59,0
2026-01-28 14:53:00,0
2026-01-28 14:53:01,0
2026-01-28 14:53:02,0
2026-01-28 14:53:03,0
2026-01-28 14:53:04,0
2026-01-28 14:53:05,0
2026-01-28 14:53:06,0
2026-01-28 14:53:07,0
2026-01-28 14:53:08,0
2026-01-28 14:53:09,0
2026-01-28 14:53:10,0
2026-01-28 14:53:11,0
2026-01-28 14:53:12,0
2026-01-28 14:53:13,0
2026-01-28 14:53:14,0
2026-01-28 14:53:15,0
2026-01-28 14:53:16,0
2026-01-28 14:53:17,0
2026-01-28 14:53:18,0
2026-01-28 14:53:19,0
2026-01-28 14:53:20,0
2026-01-28 14:53:21,0
2026-01-28 14:53:22,0
2026-01-28 14:53:23,0
2026-01-28 14:53:24,0
2026-01-28 14:53:25,0
2026-01-28 14:53:26,0
2026-01-28 14:53:27,0
2026-01-28 14:53:28,0
2026-01-28 14:53:29,0
2026-01-28 14:53:30,0
2026-01-28 14:53:31,0
2026-01-28 14:53:32,0
2026-01-28 14:53:33,0
2026-01-28 14:53:34,0
2026-01-28 14:53:35,0
2026-01-28 14:53:36,0
2026-01-28 14:53:37,0
2026-01-28 14:53:38,0
2026-01-28 14:53:39,0
2026-01-28 14:53:40,0
2026-01-28 14:53:41,0
2026-01-28 14:53:42,0
2026-01-28 14:53:43,0
2026-01-28 14:53:44,0
2026-01-28 14:53:45,0
2026-01-28 14:53:46,0
2026-01-28 14:53:47,0
2026-01-28 14:53:48,0
2026-01-28 14:53:49,0
2026-01-28 14:53:50,0
2026-01-28 14:53:51,0
2026-01-28 14:53:52,0
2026-01-28 14:53:53,0
2026-01-28 14:53:54,0
2026-01-28 14:53:55,0
2026-01-28 14:53:56,0
2026-01-28 14:53:57,0
2026-01-28 14:53:58,0
2026-01-28 14:53:59,0
2026-01-28 14:54:00,0
2026-01-28 14:54:01,0
2026-01-28 14:54:02,0
2026-01-28 14:54:03,0
2026-01-28 14:54:04,0
2026-01-28 14:54:05,0
2026-01-28 14:54:06,0
2026-01-28 14:54:07,0
2026-01-28 14:54:08,0
2026-01-28 14:54:09,0
2026-01-28 14:54:10,0
2026-01-28 14:54:11,0
2026-01-28 14:54:12,0
2026-01-28 14:54:13,0
2026-01-28 14:54:14,0
2026-01-28 14:54:15,0
2026-01-28 14:54:16,0
2026-01-28 14:54:17,0
2026-01-28 14:54:18,0
2026-01-28 14:54:19,0
2026-01-28 14:54:20,0
2026-01-28 14:54:21,0
2026-01-28 14:54:22,0
2026-01-28 14:54:23,0
2026-01-28 14:54:24,0
2026-01-28 14:54:25,0
2026-01-28 14:54:26,0
2026-01-28 14:54:27,0
2026-01-28 14:54:28,0
2026-01-28 14:59:34,6.78
2026-01-28 14:59:35,6.78
2026-01-28 14:59:36,6.78
2026-01-28 14:59:37,6.78
2026-01-28 14:59:38,6.78
2026-01-28 14:59:39,9.61
2026-01-28 14:59:40,9.61
2026-01-28 14:59:41,9.61
2026-01-28 14:59:42,9.61
2026-01-28 14:59:43,9.61
2026-01-28 14:59:44,7.74
2026-01-28 14:59:45,7.74
2026-01-28 14:59:46,7.74
2026-01-28 14:59:47,7.74
2026-01-28 14:59:48,7.74
2026-01-28 14:59:49,9.65
2026-01-28 14:59:50,9.65
2026-01-28 14:59:51,9.65
2026-01-28 14:59:52,9.65
2026-01-28 14:59:53,9.65
2026-01-28 14:59:54,7.86
2026-01-28 14:59:55,7.86
2026-01-28 14:59:56,7.86
2026-01-28 14:59:57,7.86
2026-01-28 14:59:58,7.86
2026-01-28 14:59:59,8.95
2026-01-28 15:00:00,8.95
2026-01-28 15:00:01,8.95
2026-01-28 15:00:02,8.95
2026-01-28 15:00:03,8.95
2026-01-28 15:00:04,7.70
2026-01-28 15:00:05,7.70
2026-01-28 15:00:06,7.70
2026-01-28 15:00:07,7.70
2026-01-28 15:00:08,7.70
2026-01-28 15:00:09,9.26
2026-01-28 15:00:10,9.26
2026-01-28 15:00:11,9.26
2026-01-28 15:00:12,9.26
2026-01-28 15:00:13,9.26
2026-01-28 15:00:14,7.77
2026-01-28 15:00:15,7.77
2026-01-28 15:00:16,7.77
2026-01-28 15:00:17,7.77
2026-01-28 15:00:18,7.77
2026-01-28 15:00:19,9.06
2026-01-28 15:00:20,9.06
2026-01-28 15:00:21,9.06
2026-01-28 15:00:22,9.06
2026-01-28 15:00:23,9.06
2026-01-28 15:00:24,7.50
2026-01-28 15:00:25,7.50
2026-01-28 15:00:26,7.50
2026-01-28 15:00:27,7.50
2026-01-28 15:00:28,7.50
2026-01-28 15:00:29,10.1
2026-01-28 15:00:30,10.1
2026-01-28 15:00:31,10.1
2026-01-28 15:00:32,10.1
2026-01-28 15:00:33,10.1
2026-01-28 15:00:34,9.15
2026-01-28 15:00:35,9.15
2026-01-28 15:00:36,9.15
2026-01-28 15:00:37,9.15
2026-01-28 15:00:38,9.15
2026-01-28 15:00:39,10.1
2026-01-28 15:00:40,10.1
2026-01-28 15:00:41,10.1
2026-01-28 15:00:42,10.1
2026-01-28 15:00:43,10.1
2026-01-28 15:00:44,8.60
2026-01-28 15:00:45,8.60
2026-01-28 15:00:46,8.60
2026-01-28 15:00:47,8.60
2026-01-28 15:00:48,8.60
2026-01-28 15:00:49,11.0
2026-01-28 15:00:50,11.0
2026-01-28 15:00:51,11.0
2026-01-28 15:00:52,11.0
2026-01-28 15:00:53,11.0
2026-01-28 15:00:54,9.58
2026-01-28 15:00:55,9.58
2026-01-28 15:00:56,9.58
2026-01-28 15:00:57,9.58
2026-01-28 15:00:58,9.58
2026-01-28 15:00:59,9.40
2026-01-28 15:01:00,9.40
2026-01-28 15:01:01,9.40
2026-01-28 15:01:02,9.40
2026-01-28 15:01:03,9.40
2026-01-28 15:01:04,7.66
2026-01-28 15:01:05,7.66
2026-01-28 15:01:06,7.66
2026-01-28 15:01:07,7.66
2026-01-28 15:01:08,7.66
2026-01-28 15:01:09,9.31
2026-01-28 15:01:10,9.31
2026-01-28 15:01:11,9.31
2026-01-28 15:01:12,9.31
2026-01-28 15:01:13,9.31
2026-01-28 15:01:14,7.87
2026-01-28 15:01:15,7.87
2026-01-28 15:01:16,7.87
2026-01-28 15:01:17,7.87
2026-01-28 15:01:18,7.87
2026-01-28 15:01:19,9.22
2026-01-28 15:01:20,9.22
2026-01-28 15:01:21,9.22
2026-01-28 15:01:22,9.22
2026-01-28 15:01:23,9.22
2026-01-28 15:01:24,0
2026-01-28 15:01:25,0
2026-01-28 15:01:26,0
2026-01-28 15:01:27,0
2026-01-28 15:01:28,0
2026-01-28 15:01:29,0
2026-01-28 15:01:30,0
2026-01-28 15:01:31,0
2026-01-28 15:01:32,0
2026-01-28 15:01:33,0
2026-01-28 15:01:34,0
2026-01-28 15:01:35,0
2026-01-28 15:01:36,0
2026-01-28 15:01:37,0
2026-01-28 15:01:38,0
2026-01-28 15:01:39,0
2026-01-28 15:01:40,0
2026-01-28 15:01:41,0
2026-01-28 15:01:42,0
2026-01-28 15:01:43,0
2026-01-28 15:01:44,0
2026-01-28 15:01:45,0
2026-01-28 15:01:46,0
2026-01-28 15:01:47,0
2026-01-28 15:01:48,0
2026-01-28 15:01:49,0
2026-01-28 15:01:50,0
2026-01-28 15:01:51,0
2026-01-28 15:01:52,0
2026-01-28 15:01:53,0
2026-01-28 15:01:54,0
2026-01-28 15:01:55,0
2026-01-28 15:01:56,0
2026-01-28 15:01:57,0
2026-01-28 15:01:58,0
2026-01-28 15:01:59,0
2026-01-28 15:02:00,0
2026-01-28 15:02:01,0
2026-01-28 15:02:02,0
2026-01-28 15:02:03,0
2026-01-28 15:02:04,0
2026-01-28 15:02:05,0
2026-01-28 15:02:06,0
2026-01-28 15:02:07,0
2026-01-28 15:02:08,0
2026-01-28 15:02:09,0
2026-01-28 15:02:10,0
2026-01-28 15:02:11,0
2026-01-28 15:02:12,0
2026-01-28 15:02:13,0
2026-01-28 15:02:14,0
2026-01-28 15:02:15,0
2026-01-28 15:02:16,0
2026-01-28 15:02:17,0
2026-01-28 15:02:18,0
2026-01-28 15:02:19,0
2026-01-28 15:02:20,0
2026-01-28 15:02:21,0
2026-01-28 15:02:22,0
2026-01-28 15:02:23,0
2026-01-28 15:02:24,0
2026-01-28 15:02:25,0
2026-01-28 15:02:26,0
2026-01-28 15:02:27,0
2026-01-28 15:02:28,0
2026-01-28 15:02:29,0
2026-01-28 15:02:30,0
2026-01-28 15:02:31,0
2026-01-28 15:02:32,0
2026-01-28 15:02:33,0
2026-01-28 15:02:34,0
2026-01-28 15:02:35,0
2026-01-28 15:02:36,0
2026-01-28 15:02:37,0
2026-01-28 15:02:38,0
2026-01-28 15:02:39,0
2026-01-28 15:02:40,0
2026-01-28 15:02:41,0
2026-01-28 15:02:42,0
2026-01-28 15:02:43,0
2026-01-28 15:02:44,0
2026-01-28 15:02:45,0
2026-01-28 15:02:46,0
2026-01-28 15:02:47,0
2026-01-28 15:02:48,0
2026-01-28 15:02:49,0
2026-01-28 15:02:50,0
2026-01-28 15:02:51,0
2026-01-28 15:02:52,0
2026-01-28 15:02:53,0
2026-01-28 15:02:54,0
2026-01-28 15:02:55,0
2026-01-28 15:02:56,0
2026-01-28 15:02:57,0
2026-01-28 15:02:58,0
2026-01-28 15:07:54,1.20
2026-01-28 15:07:55,1.20
2026-01-28 15:07:56,1.20
2026-01-28 15:07:57,1.20
2026-01-28 15:07:58,1.20
2026-01-28 15:07:59,6.96
2026-01-28 15:08:00,6.96
2026-01-28 15:08:01,6.96
2026-01-28 15:08:02,6.96
2026-01-28 15:08:03,6.96
2026-01-28 15:08:04,8.91
2026-01-28 15:08:05,8.91
2026-01-28 15:08:06,8.91
2026-01-28 15:08:07,8.91
2026-01-28 15:08:08,8.91
2026-01-28 15:08:09,8.92
2026-01-28 15:08:10,8.92
2026-01-28 15:08:11,8.92
2026-01-28 15:08:12,8.92
2026-01-28 15:08:13,8.92
2026-01-28 15:08:14,6.52
2026-01-28 15:08:15,6.52
2026-01-28 15:08:16,6.52
2026-01-28 15:08:17,6.52
2026-01-28 15:08:18,6.52
2026-01-28 15:08:19,7.38
2026-01-28 15:08:20,7.38
2026-01-28 15:08:21,7.38
2026-01-28 15:08:22,7.38
2026-01-28 15:08:23,7.38
2026-01-28 15:08:24,8.19
2026-01-28 15:08:25,8.19
2026-01-28 15:08:26,8.19
2026-01-28 15:08:27,8.19
2026-01-28 15:08:28,8.19
2026-01-28 15:08:29,7.03
2026-01-28 15:08:30,7.03
2026-01-28 15:08:31,7.03
2026-01-28 15:08:32,7.03
2026-01-28 15:08:33,7.03
2026-01-28 15:08:34,8.64
2026-01-28 15:08:35,8.64
2026-01-28 15:08:36,8.64
2026-01-28 15:08:37,8.64
2026-01-28 15:08:38,8.64
2026-01-28 15:08:39,8.48
2026-01-28 15:08:40,8.48
2026-01-28 15:08:41,8.48
2026-01-28 15:08:42,8.48
2026-01-28 15:08:43,8.48
2026-01-28 15:08:44,8.87
2026-01-28 15:08:45,8.87
2026-01-28 15:08:46,8.87
2026-01-28 15:08:47,8.87
2026-01-28 15:08:48,8.87
2026-01-28 15:08:49,8.10
2026-01-28 15:08:50,8.10
2026-01-28 15:08:51,8.10
2026-01-28 15:08:52,8.10
2026-01-28 15:08:53,8.10
2026-01-28 15:08:54,9.09
2026-01-28 15:08:55,9.09
2026-01-28 15:08:56,9.09
2026-01-28 15:08:57,9.09
2026-01-28 15:08:58,9.09
2026-01-28 15:08:59,8.27
2026-01-28 15:09:00,8.27
2026-01-28 15:09:01,8.27
2026-01-28 15:09:02,8.27
2026-01-28 15:09:03,8.27
2026-01-28 15:09:04,8.83
2026-01-28 15:09:05,8.83
2026-01-28 15:09:06,8.83
2026-01-28 15:09:07,8.83
2026-01-28 15:09:08,8.83
2026-01-28 15:09:09,8.06
2026-01-28 15:09:10,8.06
2026-01-28 15:09:11,8.06
2026-01-28 15:09:12,8.06
2026-01-28 15:09:13,8.06
2026-01-28 15:09:14,7.51
2026-01-28 15:09:15,7.51
2026-01-28 15:09:16,7.51
2026-01-28 15:09:17,7.51
2026-01-28 15:09:18,7.51
2026-01-28 15:09:19,8.20
2026-01-28 15:09:20,8.20
2026-01-28 15:09:21,8.20
2026-01-28 15:09:22,8.20
2026-01-28 15:09:23,8.20
2026-01-28 15:09:24,8.96
2026-01-28 15:09:25,8.96
2026-01-28 15:09:26,8.96
2026-01-28 15:09:27,8.96
2026-01-28 15:09:28,8.96
2026-01-28 15:09:29,8.25
2026-01-28 15:09:30,8.25
2026-01-28 15:09:31,8.25
2026-01-28 15:09:32,8.25
2026-01-28 15:09:33,8.25
2026-01-28 15:09:34,9.00
2026-01-28 15:09:35,9.00
2026-01-28 15:09:36,9.00
2026-01-28 15:09:37,9.00
2026-01-28 15:09:38,9.00
2026-01-28 15:09:39,7.53
2026-01-28 15:09:40,7.53
2026-01-28 15:09:41,7.53
2026-01-28 15:09:42,7.53
2026-01-28 15:09:43,7.53
2026-01-28 15:09:44,0
2026-01-28 15:09:45,0
2026-01-28 15:09:46,0
2026-01-28 15:09:47,0
2026-01-28 15:09:48,0
2026-01-28 15:09:49,0
2026-01-28 15:09:50,0
2026-01-28 15:09:51,0
2026-01-28 15:09:52,0
2026-01-28 15:09:53,0
2026-01-28 15:09:54,0
2026-01-28 15:09:55,0
2026-01-28 15:09:56,0
2026-01-28 15:09:57,0
2026-01-28 15:09:58,0
2026-01-28 15:09:59,0
2026-01-28 15:10:00,0
2026-01-28 15:10:01,0
2026-01-28 15:10:02,0
2026-01-28 15:10:03,0
2026-01-28 15:10:04,0
2026-01-28 15:10:05,0
2026-01-28 15:10:06,0
2026-01-28 15:10:07,0
2026-01-28 15:10:08,0
2026-01-28 15:10:09,0
2026-01-28 15:10:10,0
2026-01-28 15:10:11,0
2026-01-28 15:10:12,0
2026-01-28 15:10:13,0
2026-01-28 15:10:14,0
2026-01-28 15:10:15,0
2026-01-28 15:10:16,0
2026-01-28 15:10:17,0
2026-01-28 15:10:18,0
2026-01-28 15:10:19,0
2026-01-28 15:10:20,0
2026-01-28 15:10:21,0
2026-01-28 15:10:22,0
2026-01-28 15:10:23,0
2026-01-28 15:10:24,0
2026-01-28 15:10:25,0
2026-01-28 15:10:26,0
2026-01-28 15:10:27,0
2026-01-28 15:10:28,0
2026-01-28 15:10:29,0
2026-01-28 15:10:30,0
2026-01-28 15:10:31,0
2026-01-28 15:10:32,0
2026-01-28 15:10:33,0
2026-01-28 15:10:34,0
2026-01-28 15:10:35,0
2026-01-28 15:10:36,0
2026-01-28 15:10:37,0
2026-01-28 15:10:38,0
2026-01-28 15:10:39,0
2026-01-28 15:10:40,0
2026-01-28 15:10:41,0
2026-01-28 15:10:42,0
2026-01-28 15:10:43,0
2026-01-28 15:10:44,0
2026-01-28 15:10:45,0
2026-01-28 15:10:46,0
2026-01-28 15:10:47,0
2026-01-28 15:10:48,0
2026-01-28 15:10:49,0
2026-01-28 15:10:50,0
2026-01-28 15:10:51,0
2026-01-28 15:10:52,0
2026-01-28 15:10:53,0
2026-01-28 15:10:54,0
2026-01-28 15:10:55,0
2026-01-28 15:10:56,0
2026-01-28 15:10:57,0
2026-01-28 15:10:58,0
2026-01-28 15:10:59,0
2026-01-28 15:11:00,0
2026-01-28 15:11:01,0
2026-01-28 15:11:02,0
2026-01-28 15:11:03,0
2026-01-28 15:11:04,0
2026-01-28 15:11:05,0
2026-01-28 15:11:06,0
2026-01-28 15:11:07,0
2026-01-28 15:11:08,0
2026-01-28 15:11:09,0
2026-01-28 15:11:10,0
2026-01-28 15:11:11,0
2026-01-28 15:11:12,0
2026-01-28 15:11:13,0
2026-01-28 15:11:14,0
2026-01-28 15:11:15,0
2026-01-28 15:11:16,0
2026-01-28 15:11:17,0
2026-01-28 15:11:18,0
2026-01-28 15:16:24,6.50
2026-01-28 15:16:25,6.50
2026-01-28 15:16:26,6.50
2026-01-28 15:16:27,6.50
2026-01-28 15:16:28,6.50
2026-01-28 15:16:29,8.77
2026-01-28 15:16:30,8.77
2026-01-28 15:16:31,8.77
2026-01-28 15:16:32,8.77
2026-01-28 15:16:33,8.77
2026-01-28 15:16:34,10.4
2026-01-28 15:16:35,10.4
2026-01-28 15:16:36,10.4
2026-01-28 15:16:37,10.4
2026-01-28 15:16:38,10.4
2026-01-28 15:16:39,9.21
2026-01-28 15:16:40,9.21
2026-01-28 15:16:41,9.21
2026-01-28 15:16:42,9.21
2026-01-28 15:16:43,9.21
2026-01-28 15:16:44,9.75
2026-01-28 15:16:45,9.75
2026-01-28 15:16:46,9.75
2026-01-28 15:16:47,9.75
2026-01-28 15:16:48,9.75
2026-01-28 15:16:49,8.60
2026-01-28 15:16:50,8.60
2026-01-28 15:16:51,8.60
2026-01-28 15:16:52,8.60
2026-01-28 15:16:53,8.60
2026-01-28 15:16:54,11.0
2026-01-28 15:16:55,11.0
2026-01-28 15:16:56,11.0
2026-01-28 15:16:57,11.0
2026-01-28 15:16:58,11.0
2026-01-28 15:16:59,8.65
2026-01-28 15:17:00,8.65
2026-01-28 15:17:01,8.65
2026-01-28 15:17:02,8.65
2026-01-28 15:17:03,8.65
2026-01-28 15:17:04,8.62
2026-01-28 15:17:05,8.62
2026-01-28 15:17:06,8.62
2026-01-28 15:17:07,8.62
2026-01-28 15:17:08,8.62
2026-01-28 15:17:09,7.96
2026-01-28 15:17:10,7.96
2026-01-28 15:17:11,7.96
2026-01-28 15:17:12,7.96
2026-01-28 15:17:13,7.96
2026-01-28 15:17:14,8.11
2026-01-28 15:17:15,8.11
2026-01-28 15:17:16,8.11
2026-01-28 15:17:17,8.11
2026-01-28 15:17:18,8.11
2026-01-28 15:17:19,8.29
2026-01-28 15:17:20,8.29
2026-01-28 15:17:21,8.29
2026-01-28 15:17:22,8.29
2026-01-28 15:17:23,8.29
2026-01-28 15:17:24,8.49
2026-01-28 15:17:25,8.49
2026-01-28 15:17:26,8.49
2026-01-28 15:17:27,8.49
2026-01-28 15:17:28,8.49
2026-01-28 15:17:29,7.90
2026-01-28 15:17:30,7.90
2026-01-28 15:17:31,7.90
2026-01-28 15:17:32,7.90
2026-01-28 15:17:33,7.90
2026-01-28 15:17:34,9.98
2026-01-28 15:17:35,9.98
2026-01-28 15:17:36,9.98
2026-01-28 15:17:37,9.98
2026-01-28 15:17:38,9.98
2026-01-28 15:17:39,7.71
2026-01-28 15:17:40,7.71
2026-01-28 15:17:41,7.71
2026-01-28 15:17:42,7.71
2026-01-28 15:17:43,7.71
2026-01-28 15:17:44,7.49
2026-01-28 15:17:45,7.49
2026-01-28 15:17:46,7.49
2026-01-28 15:17:47,7.49
2026-01-28 15:17:48,7.49
2026-01-28 15:17:49,6.98
2026-01-28 15:17:50,6.98
2026-01-28 15:17:51,6.98
2026-01-28 15:17:52,6.98
2026-01-28 15:17:53,6.98
2026-01-28 15:17:54,7.73
2026-01-28 15:17:55,7.73
2026-01-28 15:17:56,7.73
2026-01-28 15:17:57,7.73
2026-01-28 15:17:58,7.73
2026-01-28 15:17:59,6.85
2026-01-28 15:18:00,6.85
2026-01-28 15:18:01,6.85
2026-01-28 15:18:02,6.85
2026-01-28 15:18:03,6.85
2026-01-28 15:18:04,7.53
2026-01-28 15:18:05,7.53
2026-01-28 15:18:06,7.53
2026-01-28 15:18:07,7.53
2026-01-28 15:18:08,7.53
2026-01-28 15:18:09,7.15
2026-01-28 15:18:10,7.15
2026-01-28 15:18:11,7.15
2026-01-28 15:18:12,7.15
2026-01-28 15:18:13,7.15
2026-01-28 15:18:14,0
2026-01-28 15:18:15,0
2026-01-28 15:18:16,0
2026-01-28 15:18:17,0
2026-01-28 15:18:18,0
2026-01-28 15:18:19,0
2026-01-28 15:18:20,0
2026-01-28 15:18:21,0
2026-01-28 15:18:22,0
2026-01-28 15:18:23,0
2026-01-28 15:18:24,0
2026-01-28 15:18:25,0
2026-01-28 15:18:26,0
2026-01-28 15:18:27,0
2026-01-28 15:18:28,0
2026-01-28 15:18:29,0
2026-01-28 15:18:30,0
2026-01-28 15:18:31,0
2026-01-28 15:18:32,0
2026-01-28 15:18:33,0
2026-01-28 15:18:34,0
2026-01-28 15:18:35,0
2026-01-28 15:18:36,0
2026-01-28 15:18:37,0
2026-01-28 15:18:38,0
2026-01-28 15:18:39,0
2026-01-28 15:18:40,0
2026-01-28 15:18:41,0
2026-01-28 15:18:42,0
2026-01-28 15:18:43,0
2026-01-28 15:18:44,0
2026-01-28 15:18:45,0
2026-01-28 15:18:46,0
2026-01-28 15:18:47,0
2026-01-28 15:18:48,0
2026-01-28 15:18:49,0
2026-01-28 15:18:50,0
2026-01-28 15:18:51,0
2026-01-28 15:18:52,0
2026-01-28 15:18:53,0
2026-01-28 15:18:54,0
2026-01-28 15:18:55,0
2026-01-28 15:18:56,0
2026-01-28 15:18:57,0
2026-01-28 15:18:58,0
2026-01-28 15:18:59,0
2026-01-28 15:19:00,0
2026-01-28 15:19:01,0
2026-01-28 15:19:02,0
2026-01-28 15:19:03,0
2026-01-28 15:19:04,0
2026-01-28 15:19:05,0
2026-01-28 15:19:06,0
2026-01-28 15:19:07,0
2026-01-28 15:19:08,0
2026-01-28 15:19:09,0
2026-01-28 15:19:10,0
2026-01-28 15:19:11,0
2026-01-28 15:19:12,0
2026-01-28 15:19:13,0
2026-01-28 15:19:14,0
2026-01-28 15:19:15,0
2026-01-28 15:19:16,0
2026-01-28 15:19:17,0
2026-01-28 15:19:18,0
2026-01-28 15:19:19,0
2026-01-28 15:19:20,0
2026-01-28 15:19:21,0
2026-01-28 15:19:22,0
2026-01-28 15:19:23,0
2026-01-28 15:19:24,0
2026-01-28 15:19:25,0
2026-01-28 15:19:26,0
2026-01-28 15:19:27,0
2026-01-28 15:19:28,0
2026-01-28 15:19:29,0
2026-01-28 15:19:30,0
2026-01-28 15:19:31,0
2026-01-28 15:19:32,0
2026-01-28 15:19:33,0
2026-01-28 15:19:34,0
2026-01-28 15:19:35,0
2026-01-28 15:19:36,0
2026-01-28 15:19:37,0
2026-01-28 15:19:38,0
2026-01-28 15:19:39,0
2026-01-28 15:19:40,0
2026-01-28 15:19:41,0
2026-01-28 15:19:42,0
2026-01-28 15:19:43,0
2026-01-28 15:19:44,0
2026-01-28 15:19:45,0
2026-01-28 15:19:46,0
2026-01-28 15:19:47,0
2026-01-28 15:19:48,0
2026-01-28 15:24:44,5.06
2026-01-28 15:24:45,5.06
2026-01-28 15:24:46,5.06
2026-01-28 15:24:47,5.06
2026-01-28 15:24:48,5.06
2026-01-28 15:24:49,8.41
2026-01-28 15:24:50,8.41
2026-01-28 15:24:51,8.41
2026-01-28 15:24:52,8.41
2026-01-28 15:24:53,8.41
2026-01-28 15:24:54,10.3
2026-01-28 15:24:55,10.3
2026-01-28 15:24:56,10.3
2026-01-28 15:24:57,10.3
2026-01-28 15:24:58,10.3
2026-01-28 15:24:59,9.15
2026-01-28 15:25:00,9.15
2026-01-28 15:25:01,9.15
2026-01-28 15:25:02,9.15
2026-01-28 15:25:03,9.15
2026-01-28 15:25:04,10.0
2026-01-28 15:25:05,10.0
2026-01-28 15:25:06,10.0
2026-01-28 15:25:07,10.0
2026-01-28 15:25:08,10.0
2026-01-28 15:25:09,8.81
2026-01-28 15:25:10,8.81
2026-01-28 15:25:11,8.81
2026-01-28 15:25:12,8.81
2026-01-28 15:25:13,8.81
2026-01-28 15:25:14,8.50
2026-01-28 15:25:15,8.50
2026-01-28 15:25:16,8.50
2026-01-28 15:25:17,8.50
2026-01-28 15:25:18,8.50
2026-01-28 15:25:19,8.94
2026-01-28 15:25:20,8.94
2026-01-28 15:25:21,8.94
2026-01-28 15:25:22,8.94
2026-01-28 15:25:23,8.94
2026-01-28 15:25:24,10.8
2026-01-28 15:25:25,10.8
2026-01-28 15:25:26,10.8
2026-01-28 15:25:27,10.8
2026-01-28 15:25:28,10.8
2026-01-28 15:25:29,8.73
2026-01-28 15:25:30,8.73
2026-01-28 15:25:31,8.73
2026-01-28 15:25:32,8.73
2026-01-28 15:25:33,8.73
2026-01-28 15:25:34,8.72
2026-01-28 15:25:35,8.72
2026-01-28 15:25:36,8.72
2026-01-28 15:25:37,8.72
2026-01-28 15:25:38,8.72
2026-01-28 15:25:39,8.24
2026-01-28 15:25:40,8.24
2026-01-28 15:25:41,8.24
2026-01-28 15:25:42,8.24
2026-01-28 15:25:43,8.24
2026-01-28 15:25:44,8.82
2026-01-28 15:25:45,8.82
2026-01-28 15:25:46,8.82
2026-01-28 15:25:47,8.82
2026-01-28 15:25:48,8.82
2026-01-28 15:25:49,8.31
2026-01-28 15:25:50,8.31
2026-01-28 15:25:51,8.31
2026-01-28 15:25:52,8.31
2026-01-28 15:25:53,8.31
2026-01-28 15:25:54,9.04
2026-01-28 15:25:55,9.04
2026-01-28 15:25:56,9.04
2026-01-28 15:25:57,9.04
2026-01-28 15:25:58,9.04
2026-01-28 15:25:59,8.20
2026-01-28 15:26:00,8.20
2026-01-28 15:26:01,8.20
2026-01-28 15:26:02,8.20
2026-01-28 15:26:03,8.20
2026-01-28 15:26:04,8.79
2026-01-28 15:26:05,8.79
2026-01-28 15:26:06,8.79
2026-01-28 15:26:07,8.79
2026-01-28 15:26:08,8.79
2026-01-28 15:26:09,8.02
2026-01-28 15:26:10,8.02
2026-01-28 15:26:11,8.02
2026-01-28 15:26:12,8.02
2026-01-28 15:26:13,8.02
2026-01-28 15:26:14,7.42
2026-01-28 15:26:15,7.42
2026-01-28 15:26:16,7.42
2026-01-28 15:26:17,7.42
2026-01-28 15:26:18,7.42
2026-01-28 15:26:19,8.21
2026-01-28 15:26:20,8.21
2026-01-28 15:26:21,8.21
2026-01-28 15:26:22,8.21
2026-01-28 15:26:23,8.21
2026-01-28 15:26:24,8.66
2026-01-28 15:26:25,8.66
2026-01-28 15:26:26,8.66
2026-01-28 15:26:27,8.66
2026-01-28 15:26:28,8.66
2026-01-28 15:26:29,7.95
2026-01-28 15:26:30,7.95
2026-01-28 15:26:31,7.95
2026-01-28 15:26:32,7.95
2026-01-28 15:26:33,7.95
2026-01-28 15:26:34,0
2026-01-28 15:26:35,0
2026-01-28 15:26:36,0
2026-01-28 15:26:37,0
2026-01-28 15:26:38,0
2026-01-28 15:26:39,0
2026-01-28 15:26:40,0
2026-01-28 15:26:41,0
2026-01-28 15:26:42,0
2026-01-28 15:26:43,0
2026-01-28 15:26:44,0
2026-01-28 15:26:45,0
2026-01-28 15:26:46,0
2026-01-28 15:26:47,0
2026-01-28 15:26:48,0
2026-01-28 15:26:49,0
2026-01-28 15:26:50,0
2026-01-28 15:26:51,0
2026-01-28 15:26:52,0
2026-01-28 15:26:53,0
2026-01-28 15:26:54,0
2026-01-28 15:26:55,0
2026-01-28 15:26:56,0
2026-01-28 15:26:57,0
2026-01-28 15:26:58,0
2026-01-28 15:26:59,0
2026-01-28 15:27:00,0
2026-01-28 15:27:01,0
2026-01-28 15:27:02,0
2026-01-28 15:27:03,0
2026-01-28 15:27:04,0
2026-01-28 15:27:05,0
2026-01-28 15:27:06,0
2026-01-28 15:27:07,0
2026-01-28 15:27:08,0
2026-01-28 15:27:09,0
2026-01-28 15:27:10,0
2026-01-28 15:27:11,0
2026-01-28 15:27:12,0
2026-01-28 15:27:13,0
2026-01-28 15:27:14,0
2026-01-28 15:27:15,0
2026-01-28 15:27:16,0
2026-01-28 15:27:17,0
2026-01-28 15:27:18,0
2026-01-28 15:27:19,0
2026-01-28 15:27:20,0
2026-01-28 15:27:21,0
2026-01-28 15:27:22,0
2026-01-28 15:27:23,0
2026-01-28 15:27:24,0
2026-01-28 15:27:25,0
2026-01-28 15:27:26,0
2026-01-28 15:27:27,0
2026-01-28 15:27:28,0
2026-01-28 15:27:29,0
2026-01-28 15:27:30,0
2026-01-28 15:27:31,0
2026-01-28 15:27:32,0
2026-01-28 15:27:33,0
2026-01-28 15:27:34,0
2026-01-28 15:27:35,0
2026-01-28 15:27:36,0
2026-01-28 15:27:37,0
2026-01-28 15:27:38,0
2026-01-28 15:27:39,0
2026-01-28 15:27:40,0
2026-01-28 15:27:41,0
2026-01-28 15:27:42,0
2026-01-28 15:27:43,0
2026-01-28 15:27:44,0
2026-01-28 15:27:45,0
2026-01-28 15:27:46,0
2026-01-28 15:27:47,0
2026-01-28 15:27:48,0
2026-01-28 15:27:49,0
2026-01-28 15:27:50,0
2026-01-28 15:27:51,0
2026-01-28 15:27:52,0
2026-01-28 15:27:53,0
2026-01-28 15:27:54,0
2026-01-28 15:27:55,0
2026-01-28 15:27:56,0
2026-01-28 15:27:57,0
2026-01-28 15:27:58,0
2026-01-28 15:27:59,0
2026-01-28 15:28:00,0
2026-01-28 15:28:01,0
2026-01-28 15:28:02,0
2026-01-28 15:28:03,0
2026-01-28 15:28:04,0
2026-01-28 15:28:05,0
2026-01-28 15:28:06,0
2026-01-28 15:28:07,0
2026-01-28 15:28:08,0
2026-01-28 15:33:09,4.94
2026-01-28 15:33:10,4.94
2026-01-28 15:33:11,4.94
2026-01-28 15:33:12,4.94
2026-01-28 15:33:13,4.94
2026-01-28 15:33:14,6.88
2026-01-28 15:33:15,6.88
2026-01-28 15:33:16,6.88
2026-01-28 15:33:17,6.88
2026-01-28 15:33:18,6.88
2026-01-28 15:33:19,6.87
2026-01-28 15:33:20,6.87
2026-01-28 15:33:21,6.87
2026-01-28 15:33:22,6.87
2026-01-28 15:33:23,6.87
2026-01-28 15:33:24,9.22
2026-01-28 15:33:25,9.22
2026-01-28 15:33:26,9.22
2026-01-28 15:33:27,9.22
2026-01-28 15:33:28,9.22
2026-01-28 15:33:29,8.09
2026-01-28 15:33:30,8.09
2026-01-28 15:33:31,8.09
2026-01-28 15:33:32,8.09
2026-01-28 15:33:33,8.09
2026-01-28 15:33:34,9.07
2026-01-28 15:33:35,9.07
2026-01-28 15:33:36,9.07
2026-01-28 15:33:37,9.07
2026-01-28 15:33:38,9.07
2026-01-28 15:33:39,8.50
2026-01-28 15:33:40,8.50
2026-01-28 15:33:41,8.50
2026-01-28 15:33:42,8.50
2026-01-28 15:33:43,8.50
2026-01-28 15:33:44,8.97
2026-01-28 15:33:45,8.97
2026-01-28 15:33:46,8.97
2026-01-28 15:33:47,8.97
2026-01-28 15:33:48,8.97
2026-01-28 15:33:49,8.28
2026-01-28 15:33:50,8.28
2026-01-28 15:33:51,8.28
2026-01-28 15:33:52,8.28
2026-01-28 15:33:53,8.28
2026-01-28 15:33:54,9.08
2026-01-28 15:33:55,9.08
2026-01-28 15:33:56,9.08
2026-01-28 15:33:57,9.08
2026-01-28 15:33:58,9.08
2026-01-28 15:33:59,7.96
2026-01-28 15:34:00,7.96
2026-01-28 15:34:01,7.96
2026-01-28 15:34:02,7.96
2026-01-28 15:34:03,7.96
2026-01-28 15:34:04,8.66
2026-01-28 15:34:05,8.66
2026-01-28 15:34:06,8.66
2026-01-28 15:34:07,8.66
2026-01-28 15:34:08,8.66
2026-01-28 15:34:09,8.14
2026-01-28 15:34:10,8.14
2026-01-28 15:34:11,8.14
2026-01-28 15:34:12,8.14
2026-01-28 15:34:13,8.14
2026-01-28 15:34:14,7.49
2026-01-28 15:34:15,7.49
2026-01-28 15:34:16,7.49
2026-01-28 15:34:17,7.49
2026-01-28 15:34:18,7.49
2026-01-28 15:34:19,8.19
2026-01-28 15:34:20,8.19
2026-01-28 15:34:21,8.19
2026-01-28 15:34:22,8.19
2026-01-28 15:34:23,8.19
2026-01-28 15:34:24,11.5
2026-01-28 15:34:25,11.5
2026-01-28 15:34:26,11.5
2026-01-28 15:34:27,11.5
2026-01-28 15:34:28,11.5
2026-01-28 15:34:29,9.03
2026-01-28 15:34:30,9.03
2026-01-28 15:34:31,9.03
2026-01-28 15:34:32,9.03
2026-01-28 15:34:33,9.03
2026-01-28 15:34:34,8.09
2026-01-28 15:34:35,8.09
2026-01-28 15:34:36,8.09
2026-01-28 15:34:37,8.09
2026-01-28 15:34:38,8.09
2026-01-28 15:34:39,7.36
2026-01-28 15:34:40,7.36
2026-01-28 15:34:41,7.36
2026-01-28 15:34:42,7.36
2026-01-28 15:34:43,7.36
2026-01-28 15:34:44,8.05
2026-01-28 15:34:45,8.05
2026-01-28 15:34:46,8.05
2026-01-28 15:34:47,8.05
2026-01-28 15:34:48,8.05
2026-01-28 15:34:49,7.49
2026-01-28 15:34:50,7.49
2026-01-28 15:34:51,7.49
2026-01-28 15:34:52,7.49
2026-01-28 15:34:53,7.49
2026-01-28 15:34:54,8.28
2026-01-28 15:34:55,8.28
2026-01-28 15:34:56,8.28
2026-01-28 15:34:57,8.28
2026-01-28 15:34:58,8.28
2026-01-28 15:34:59,0
2026-01-28 15:35:00,0
2026-01-28 15:35:01,0
2026-01-28 15:35:02,0
2026-01-28 15:35:03,0
2026-01-28 15:35:04,0
2026-01-28 15:35:05,0
2026-01-28 15:35:06,0
2026-01-28 15:35:07,0
2026-01-28 15:35:08,0
2026-01-28 15:35:09,0
2026-01-28 15:35:10,0
2026-01-28 15:35:11,0
2026-01-28 15:35:12,0
2026-01-28 15:35:13,0
2026-01-28 15:35:14,0
2026-01-28 15:35:15,0
2026-01-28 15:35:16,0
2026-01-28 15:35:17,0
2026-01-28 15:35:18,0
2026-01-28 15:35:19,0
2026-01-28 15:35:20,0
2026-01-28 15:35:21,0
2026-01-28 15:35:22,0
2026-01-28 15:35:23,0
2026-01-28 15:35:24,0
2026-01-28 15:35:25,0
2026-01-28 15:35:26,0
2026-01-28 15:35:27,0
2026-01-28 15:35:28,0
2026-01-28 15:35:29,0
2026-01-28 15:35:30,0
2026-01-28 15:35:31,0
2026-01-28 15:35:32,0
2026-01-28 15:35:33,0
2026-01-28 15:35:34,0
2026-01-28 15:35:35,0
2026-01-28 15:35:36,0
2026-01-28 15:35:37,0
2026-01-28 15:35:38,0
2026-01-28 15:35:39,0
2026-01-28 15:35:40,0
2026-01-28 15:35:41,0
2026-01-28 15:35:42,0
2026-01-28 15:35:43,0
2026-01-28 15:35:44,0
2026-01-28 15:35:45,0
2026-01-28 15:35:46,0
2026-01-28 15:35:47,0
2026-01-28 15:35:48,0
2026-01-28 15:35:49,0
2026-01-28 15:35:50,0
2026-01-28 15:35:51,0
2026-01-28 15:35:52,0
2026-01-28 15:35:53,0
2026-01-28 15:35:54,0
2026-01-28 15:35:55,0
2026-01-28 15:35:56,0
2026-01-28 15:35:57,0
2026-01-28 15:35:58,0
2026-01-28 15:35:59,0
2026-01-28 15:36:00,0
2026-01-28 15:36:01,0
2026-01-28 15:36:02,0
2026-01-28 15:36:03,0
2026-01-28 15:36:04,0
2026-01-28 15:36:05,0
2026-01-28 15:36:06,0
2026-01-28 15:36:07,0
2026-01-28 15:36:08,0
2026-01-28 15:36:09,0
2026-01-28 15:36:10,0
2026-01-28 15:36:11,0
2026-01-28 15:36:12,0
2026-01-28 15:36:13,0
2026-01-28 15:36:14,0
2026-01-28 15:36:15,0
2026-01-28 15:36:16,0
2026-01-28 15:36:17,0
2026-01-28 15:36:18,0
2026-01-28 15:36:19,0
2026-01-28 15:36:20,0
2026-01-28 15:36:21,0
2026-01-28 15:36:22,0
2026-01-28 15:36:23,0
2026-01-28 15:36:24,0
2026-01-28 15:36:25,0
2026-01-28 15:36:26,0
2026-01-28 15:36:27,0
2026-01-28 15:36:28,0
2026-01-28 15:36:29,0
2026-01-28 15:36:30,0
2026-01-28 15:36:31,0
2026-01-28 15:36:32,0
2026-01-28 15:36:33,0
2026-01-28 15:41:34,1.45
2026-01-28 15:41:35,1.45
2026-01-28 15:41:36,1.45
2026-01-28 15:41:37,1.45
2026-01-28 15:41:38,1.45
2026-01-28 15:41:39,8.25
2026-01-28 15:41:40,8.25
2026-01-28 15:41:41,8.25
2026-01-28 15:41:42,8.25
2026-01-28 15:41:43,8.25
2026-01-28 15:41:44,9.03
2026-01-28 15:41:45,9.03
2026-01-28 15:41:46,9.03
2026-01-28 15:41:47,9.03
2026-01-28 15:41:48,9.03
2026-01-28 15:41:49,7.70
2026-01-28 15:41:50,7.70
2026-01-28 15:41:51,7.70
2026-01-28 15:41:52,7.70
2026-01-28 15:41:53,7.70
2026-01-28 15:41:54,8.58
2026-01-28 15:41:55,8.58
2026-01-28 15:41:56,8.58
2026-01-28 15:41:57,8.58
2026-01-28 15:41:58,8.58
2026-01-28 15:41:59,7.66
2026-01-28 15:42:00,7.66
2026-01-28 15:42:01,7.66
2026-01-28 15:42:02,7.66
2026-01-28 15:42:03,7.66
2026-01-28 15:42:04,8.81
2026-01-28 15:42:05,8.81
2026-01-28 15:42:06,8.81
2026-01-28 15:42:07,8.81
2026-01-28 15:42:08,8.81
2026-01-28 15:42:09,7.54
2026-01-28 15:42:10,7.54
2026-01-28 15:42:11,7.54
2026-01-28 15:42:12,7.54
2026-01-28 15:42:13,7.54
2026-01-28 15:42:14,6.66
2026-01-28 15:42:15,6.66
2026-01-28 15:42:16,6.66
2026-01-28 15:42:17,6.66
2026-01-28 15:42:18,6.66
2026-01-28 15:42:19,7.33
2026-01-28 15:42:20,7.33
2026-01-28 15:42:21,7.33
2026-01-28 15:42:22,7.33
2026-01-28 15:42:23,7.33
2026-01-28 15:42:24,8.00
2026-01-28 15:42:25,8.00
2026-01-28 15:42:26,8.00
2026-01-28 15:42:27,8.00
2026-01-28 15:42:28,8.00
2026-01-28 15:42:29,7.39
2026-01-28 15:42:30,7.39
2026-01-28 15:42:31,7.39
2026-01-28 15:42:32,7.39
2026-01-28 15:42:33,7.39
2026-01-28 15:42:34,8.03
2026-01-28 15:42:35,8.03
2026-01-28 15:42:36,8.03
2026-01-28 15:42:37,8.03
2026-01-28 15:42:38,8.03
2026-01-28 15:42:39,7.32
2026-01-28 15:42:40,7.32
2026-01-28 15:42:41,7.32
2026-01-28 15:42:42,7.32
2026-01-28 15:42:43,7.32
2026-01-28 15:42:44,7.91
2026-01-28 15:42:45,7.91
2026-01-28 15:42:46,7.91
2026-01-28 15:42:47,7.91
2026-01-28 15:42:48,7.91
2026-01-28 15:42:49,7.46
2026-01-28 15:42:50,7.46
2026-01-28 15:42:51,7.46
2026-01-28 15:42:52,7.46
2026-01-28 15:42:53,7.46
2026-01-28 15:42:54,8.24
2026-01-28 15:42:55,8.24
2026-01-28 15:42:56,8.24
2026-01-28 15:42:57,8.24
2026-01-28 15:42:58,8.24
2026-01-28 15:42:59,7.33
2026-01-28 15:43:00,7.33
2026-01-28 15:43:01,7.33
2026-01-28 15:43:02,7.33
2026-01-28 15:43:03,7.33
2026-01-28 15:43:04,8.06
2026-01-28 15:43:05,8.06
2026-01-28 15:43:06,8.06
2026-01-28 15:43:07,8.06
2026-01-28 15:43:08,8.06
2026-01-28 15:43:09,7.50
2026-01-28 15:43:10,7.50
2026-01-28 15:43:11,7.50
2026-01-28 15:43:12,7.50
2026-01-28 15:43:13,7.50
2026-01-28 15:43:14,6.74
2026-01-28 15:43:15,6.74
2026-01-28 15:43:16,6.74
2026-01-28 15:43:17,6.74
2026-01-28 15:43:18,6.74
2026-01-28 15:43:19,7.34
2026-01-28 15:43:20,7.34
2026-01-28 15:43:21,7.34
2026-01-28 15:43:22,7.34
2026-01-28 15:43:23,7.34
2026-01-28 15:43:24,0
2026-01-28 15:43:25,0
2026-01-28 15:43:26,0
2026-01-28 15:43:27,0
2026-01-28 15:43:28,0
2026-01-28 15:43:29,0
2026-01-28 15:43:30,0
2026-01-28 15:43:31,0
2026-01-28 15:43:32,0
2026-01-28 15:43:33,0
2026-01-28 15:43:34,0
2026-01-28 15:43:35,0
2026-01-28 15:43:36,0
2026-01-28 15:43:37,0
2026-01-28 15:43:38,0
2026-01-28 15:43:39,0
2026-01-28 15:43:40,0
2026-01-28 15:43:41,0
2026-01-28 15:43:42,0
2026-01-28 15:43:43,0
2026-01-28 15:43:44,0
2026-01-28 15:43:45,0
2026-01-28 15:43:46,0
2026-01-28 15:43:47,0
2026-01-28 15:43:48,0
2026-01-28 15:43:49,0
2026-01-28 15:43:50,0
2026-01-28 15:43:51,0
2026-01-28 15:43:52,0
2026-01-28 15:43:53,0
2026-01-28 15:43:54,0
2026-01-28 15:43:55,0
2026-01-28 15:43:56,0
2026-01-28 15:43:57,0
2026-01-28 15:43:58,0
2026-01-28 15:43:59,0
2026-01-28 15:44:00,0
2026-01-28 15:44:01,0
2026-01-28 15:44:02,0
2026-01-28 15:44:03,0
2026-01-28 15:44:04,0
2026-01-28 15:44:05,0
2026-01-28 15:44:06,0
2026-01-28 15:44:07,0
2026-01-28 15:44:08,0
2026-01-28 15:44:09,0
2026-01-28 15:44:10,0
2026-01-28 15:44:11,0
2026-01-28 15:44:12,0
2026-01-28 15:44:13,0
2026-01-28 15:44:14,0
2026-01-28 15:44:15,0
2026-01-28 15:44:16,0
2026-01-28 15:44:17,0
2026-01-28 15:44:18,0
2026-01-28 15:44:19,0
2026-01-28 15:44:20,0
2026-01-28 15:44:21,0
2026-01-28 15:44:22,0
2026-01-28 15:44:23,0
2026-01-28 15:44:24,0
2026-01-28 15:44:25,0
2026-01-28 15:44:26,0
2026-01-28 15:44:27,0
2026-01-28 15:44:28,0
2026-01-28 15:44:29,0
2026-01-28 15:44:30,0
2026-01-28 15:44:31,0
2026-01-28 15:44:32,0
2026-01-28 15:44:33,0
2026-01-28 15:44:34,0
2026-01-28 15:44:35,0
2026-01-28 15:44:36,0
2026-01-28 15:44:37,0
2026-01-28 15:44:38,0
2026-01-28 15:44:39,0
2026-01-28 15:44:40,0
2026-01-28 15:44:41,0
2026-01-28 15:44:42,0
2026-01-28 15:44:43,0
2026-01-28 15:44:44,0
2026-01-28 15:44:45,0
2026-01-28 15:44:46,0
2026-01-28 15:44:47,0
2026-01-28 15:44:48,0
2026-01-28 15:44:49,0
2026-01-28 15:44:50,0
2026-01-28 15:44:51,0
2026-01-28 15:44:52,0
2026-01-28 15:44:53,0
2026-01-28 15:44:54,0
2026-01-28 15:44:55,0
2026-01-28 15:44:56,0
2026-01-28 15:44:57,0
2026-01-28 15:44:58,0
2026-01-28 15:50:04,2.56
2026-01-28 15:50:05,2.56
2026-01-28 15:50:06,2.56
2026-01-28 15:50:07,2.56
2026-01-28 15:50:08,2.56
2026-01-28 15:50:09,6.53
2026-01-28 15:50:10,6.53
2026-01-28 15:50:11,6.53
2026-01-28 15:50:12,6.53
2026-01-28 15:50:13,6.53
2026-01-28 15:50:14,6.73
2026-01-28 15:50:15,6.73
2026-01-28 15:50:16,6.73
2026-01-28 15:50:17,6.73
2026-01-28 15:50:18,6.73
2026-01-28 15:50:19,7.22
2026-01-28 15:50:20,7.22
2026-01-28 15:50:21,7.22
2026-01-28 15:50:22,7.22
2026-01-28 15:50:23,7.22
2026-01-28 15:50:24,7.86
2026-01-28 15:50:25,7.86
2026-01-28 15:50:26,7.86
2026-01-28 15:50:27,7.86
2026-01-28 15:50:28,7.86
2026-01-28 15:50:29,7.30
2026-01-28 15:50:30,7.30
2026-01-28 15:50:31,7.30
2026-01-28 15:50:32,7.30
2026-01-28 15:50:33,7.30
2026-01-28 15:50:34,8.10
2026-01-28 15:50:35,8.10
2026-01-28 15:50:36,8.10
2026-01-28 15:50:37,8.10
2026-01-28 15:50:38,8.10
2026-01-28 15:50:39,7.58
2026-01-28 15:50:40,7.58
2026-01-28 15:50:41,7.58
2026-01-28 15:50:42,7.58
2026-01-28 15:50:43,7.58
2026-01-28 15:50:44,8.04
2026-01-28 15:50:45,8.04
2026-01-28 15:50:46,8.04
2026-01-28 15:50:47,8.04
2026-01-28 15:50:48,8.04
2026-01-28 15:50:49,7.49
2026-01-28 15:50:50,7.49
2026-01-28 15:50:51,7.49
2026-01-28 15:50:52,7.49
2026-01-28 15:50:53,7.49
2026-01-28 15:50:54,8.29
2026-01-28 15:50:55,8.29
2026-01-28 15:50:56,8.29
2026-01-28 15:50:57,8.29
2026-01-28 15:50:58,8.29
2026-01-28 15:50:59,7.28
2026-01-28 15:51:00,7.28
2026-01-28 15:51:01,7.28
2026-01-28 15:51:02,7.28
2026-01-28 15:51:03,7.28
2026-01-28 15:51:04,7.95
2026-01-28 15:51:05,7.95
2026-01-28 15:51:06,7.95
2026-01-28 15:51:07,7.95
2026-01-28 15:51:08,7.95
2026-01-28 15:51:09,7.51
2026-01-28 15:51:10,7.51
2026-01-28 15:51:11,7.51
2026-01-28 15:51:12,7.51
2026-01-28 15:51:13,7.51
2026-01-28 15:51:14,6.73
2026-01-28 15:51:15,6.73
2026-01-28 15:51:16,6.73
2026-01-28 15:51:17,6.73
2026-01-28 15:51:18,6.73
2026-01-28 15:51:19,7.15
2026-01-28 15:51:20,7.15
2026-01-28 15:51:21,7.15
2026-01-28 15:51:22,7.15
2026-01-28 15:51:23,7.15
2026-01-28 15:51:24,7.92
2026-01-28 15:51:25,7.92
2026-01-28 15:51:26,7.92
2026-01-28 15:51:27,7.92
2026-01-28 15:51:28,7.92
2026-01-28 15:51:29,7.34
2026-01-28 15:51:30,7.34
2026-01-28 15:51:31,7.34
2026-01-28 15:51:32,7.34
2026-01-28 15:51:33,7.34
2026-01-28 15:51:34,7.95
2026-01-28 15:51:35,7.95
2026-01-28 15:51:36,7.95
2026-01-28 15:51:37,7.95
2026-01-28 15:51:38,7.95
2026-01-28 15:51:39,7.28
2026-01-28 15:51:40,7.28
2026-01-28 15:51:41,7.28
2026-01-28 15:51:42,7.28
2026-01-28 15:51:43,7.28
2026-01-28 15:51:44,8.05
2026-01-28 15:51:45,8.05
2026-01-28 15:51:46,8.05
2026-01-28 15:51:47,8.05
2026-01-28 15:51:48,8.05
2026-01-28 15:51:49,7.60
2026-01-28 15:51:50,7.60
2026-01-28 15:51:51,7.60
2026-01-28 15:51:52,7.60
2026-01-28 15:51:53,7.60
2026-01-28 15:51:54,0
2026-01-28 15:51:55,0
2026-01-28 15:51:56,0
2026-01-28 15:51:57,0
2026-01-28 15:51:58,0
2026-01-28 15:51:59,0
2026-01-28 15:52:00,0
2026-01-28 15:52:01,0
2026-01-28 15:52:02,0
2026-01-28 15:52:03,0
2026-01-28 15:52:04,0
2026-01-28 15:52:05,0
2026-01-28 15:52:06,0
2026-01-28 15:52:07,0
2026-01-28 15:52:08,0
2026-01-28 15:52:09,0
2026-01-28 15:52:10,0
2026-01-28 15:52:11,0
2026-01-28 15:52:12,0
2026-01-28 15:52:13,0
2026-01-28 15:52:14,0
2026-01-28 15:52:15,0
2026-01-28 15:52:16,0
2026-01-28 15:52:17,0
2026-01-28 15:52:18,0
2026-01-28 15:52:19,0
2026-01-28 15:52:20,0
2026-01-28 15:52:21,0
2026-01-28 15:52:22,0
2026-01-28 15:52:23,0
2026-01-28 15:52:24,0
2026-01-28 15:52:25,0
2026-01-28 15:52:26,0
2026-01-28 15:52:27,0
2026-01-28 15:52:28,0
2026-01-28 15:52:29,0
2026-01-28 15:52:30,0
2026-01-28 15:52:31,0
2026-01-28 15:52:32,0
2026-01-28 15:52:33,0
2026-01-28 15:52:34,0
2026-01-28 15:52:35,0
2026-01-28 15:52:36,0
2026-01-28 15:52:37,0
2026-01-28 15:52:38,0
2026-01-28 15:52:39,0
2026-01-28 15:52:40,0
2026-01-28 15:52:41,0
2026-01-28 15:52:42,0
2026-01-28 15:52:43,0
2026-01-28 15:52:44,0
2026-01-28 15:52:45,0
2026-01-28 15:52:46,0
2026-01-28 15:52:47,0
2026-01-28 15:52:48,0
2026-01-28 15:52:49,0
2026-01-28 15:52:50,0
2026-01-28 15:52:51,0
2026-01-28 15:52:52,0
2026-01-28 15:52:53,0
2026-01-28 15:52:54,0
2026-01-28 15:52:55,0
2026-01-28 15:52:56,0
2026-01-28 15:52:57,0
2026-01-28 15:52:58,0
2026-01-28 15:52:59,0
2026-01-28 15:53:00,0
2026-01-28 15:53:01,0
2026-01-28 15:53:02,0
2026-01-28 15:53:03,0
2026-01-28 15:53:04,0
2026-01-28 15:53:05,0
2026-01-28 15:53:06,0
2026-01-28 15:53:07,0
2026-01-28 15:53:08,0
2026-01-28 15:53:09,0
2026-01-28 15:53:10,0
2026-01-28 15:53:11,0
2026-01-28 15:53:12,0
2026-01-28 15:53:13,0
2026-01-28 15:53:14,0
2026-01-28 15:53:15,0
2026-01-28 15:53:16,0
2026-01-28 15:53:17,0
2026-01-28 15:53:18,0
2026-01-28 15:53:19,0
2026-01-28 15:53:20,0
2026-01-28 15:53:21,0
2026-01-28 15:53:22,0
2026-01-28 15:53:23,0
2026-01-28 15:53:24,0
2026-01-28 15:53:25,0
2026-01-28 15:53:26,0
2026-01-28 15:53:27,0
2026-01-28 15:53:28,0
2026-01-28 15:58:39,5.10
2026-01-28 15:58:40,5.10
2026-01-28 15:58:41,5.10
2026-01-28 15:58:42,5.10
2026-01-28 15:58:43,5.10
2026-01-28 15:58:44,6.97
2026-01-28 15:58:45,6.97
2026-01-28 15:58:46,6.97
2026-01-28 15:58:47,6.97
2026-01-28 15:58:48,6.97
2026-01-28 15:58:49,6.87
2026-01-28 15:58:50,6.87
2026-01-28 15:58:51,6.87
2026-01-28 15:58:52,6.87
2026-01-28 15:58:53,6.87
2026-01-28 15:58:54,7.85
2026-01-28 15:58:55,7.85
2026-01-28 15:58:56,7.85
2026-01-28 15:58:57,7.85
2026-01-28 15:58:58,7.85
2026-01-28 15:58:59,6.52
2026-01-28 15:59:00,6.52
2026-01-28 15:59:01,6.52
2026-01-28 15:59:02,6.52
2026-01-28 15:59:03,6.52
2026-01-28 15:59:04,7.27
2026-01-28 15:59:05,7.27
2026-01-28 15:59:06,7.27
2026-01-28 15:59:07,7.27
2026-01-28 15:59:08,7.27
2026-01-28 15:59:09,6.56
2026-01-28 15:59:10,6.56
2026-01-28 15:59:11,6.56
2026-01-28 15:59:12,6.56
2026-01-28 15:59:13,6.56
2026-01-28 15:59:14,6.00
2026-01-28 15:59:15,6.00
2026-01-28 15:59:16,6.00
2026-01-28 15:59:17,6.00
2026-01-28 15:59:18,6.00
2026-01-28 15:59:19,6.78
2026-01-28 15:59:20,6.78
2026-01-28 15:59:21,6.78
2026-01-28 15:59:22,6.78
2026-01-28 15:59:23,6.78
2026-01-28 15:59:24,7.41
2026-01-28 15:59:25,7.41
2026-01-28 15:59:26,7.41
2026-01-28 15:59:27,7.41
2026-01-28 15:59:28,7.41
2026-01-28 15:59:29,6.65
2026-01-28 15:59:30,6.65
2026-01-28 15:59:31,6.65
2026-01-28 15:59:32,6.65
2026-01-28 15:59:33,6.65
2026-01-28 15:59:34,6.62
2026-01-28 15:59:35,6.62
2026-01-28 15:59:36,6.62
2026-01-28 15:59:37,6.62
2026-01-28 15:59:38,6.62
2026-01-28 15:59:39,6.98
2026-01-28 15:59:40,6.98
2026-01-28 15:59:41,6.98
2026-01-28 15:59:42,6.98
2026-01-28 15:59:43,6.98
2026-01-28 15:59:44,8.04
2026-01-28 15:59:45,8.04
2026-01-28 15:59:46,8.04
2026-01-28 15:59:47,8.04
2026-01-28 15:59:48,8.04
2026-01-28 15:59:49,7.77
2026-01-28 15:59:50,7.77
2026-01-28 15:59:51,7.77
2026-01-28 15:59:52,7.77
2026-01-28 15:59:53,7.77
2026-01-28 15:59:54,8.36
2026-01-28 15:59:55,8.36
2026-01-28 15:59:56,8.36
2026-01-28 15:59:57,8.36
2026-01-28 15:59:58,8.36
2026-01-28 15:59:59,7.20
2026-01-28 16:00:00,7.20
2026-01-28 16:00:01,7.20
2026-01-28 16:00:02,7.20
2026-01-28 16:00:03,7.20
2026-01-28 16:00:04,7.92
2026-01-28 16:00:05,7.92
2026-01-28 16:00:06,7.92
2026-01-28 16:00:07,7.92
2026-01-28 16:00:08,7.92
2026-01-28 16:00:09,7.37
2026-01-28 16:00:10,7.37
2026-01-28 16:00:11,7.37
2026-01-28 16:00:12,7.37
2026-01-28 16:00:13,7.37
2026-01-28 16:00:14,6.67
2026-01-28 16:00:15,6.67
2026-01-28 16:00:16,6.67
2026-01-28 16:00:17,6.67
2026-01-28 16:00:18,6.67
2026-01-28 16:00:19,7.17
2026-01-28 16:00:20,7.17
2026-01-28 16:00:21,7.17
2026-01-28 16:00:22,7.17
2026-01-28 16:00:23,7.17
2026-01-28 16:00:24,7.89
2026-01-28 16:00:25,7.89
2026-01-28 16:00:26,7.89
2026-01-28 16:00:27,7.89
2026-01-28 16:00:28,7.89
2026-01-28 16:00:29,0
2026-01-28 16:00:30,0
2026-01-28 16:00:31,0
2026-01-28 16:00:32,0
2026-01-28 16:00:33,0
2026-01-28 16:00:34,0
2026-01-28 16:00:35,0
2026-01-28 16:00:36,0
2026-01-28 16:00:37,0
2026-01-28 16:00:38,0
2026-01-28 16:00:39,0
2026-01-28 16:00:40,0
2026-01-28 16:00:41,0
2026-01-28 16:00:42,0
2026-01-28 16:00:43,0
2026-01-28 16:00:44,0
2026-01-28 16:00:45,0
2026-01-28 16:00:46,0
2026-01-28 16:00:47,0
2026-01-28 16:00:48,0
2026-01-28 16:00:49,0
2026-01-28 16:00:50,0
2026-01-28 16:00:51,0
2026-01-28 16:00:52,0
2026-01-28 16:00:53,0
2026-01-28 16:00:54,0
2026-01-28 16:00:55,0
2026-01-28 16:00:56,0
2026-01-28 16:00:57,0
2026-01-28 16:00:58,0
2026-01-28 16:00:59,0
2026-01-28 16:01:00,0
2026-01-28 16:01:01,0
2026-01-28 16:01:02,0
2026-01-28 16:01:03,0
2026-01-28 16:01:04,0
2026-01-28 16:01:05,0
2026-01-28 16:01:06,0
2026-01-28 16:01:07,0
2026-01-28 16:01:08,0
2026-01-28 16:01:09,0
2026-01-28 16:01:10,0
2026-01-28 16:01:11,0
2026-01-28 16:01:12,0
2026-01-28 16:01:13,0
2026-01-28 16:01:14,0
2026-01-28 16:01:15,0
2026-01-28 16:01:16,0
2026-01-28 16:01:17,0
2026-01-28 16:01:18,0
2026-01-28 16:01:19,0
2026-01-28 16:01:20,0
2026-01-28 16:01:21,0
2026-01-28 16:01:22,0
2026-01-28 16:01:23,0
2026-01-28 16:01:24,0
2026-01-28 16:01:25,0
2026-01-28 16:01:26,0
2026-01-28 16:01:27,0
2026-01-28 16:01:28,0
2026-01-28 16:01:29,0
2026-01-28 16:01:30,0
2026-01-28 16:01:31,0
2026-01-28 16:01:32,0
2026-01-28 16:01:33,0
2026-01-28 16:01:34,0
2026-01-28 16:01:35,0
2026-01-28 16:01:36,0
2026-01-28 16:01:37,0
2026-01-28 16:01:38,0
2026-01-28 16:01:39,0
2026-01-28 16:01:40,0
2026-01-28 16:01:41,0
2026-01-28 16:01:42,0
2026-01-28 16:01:43,0
2026-01-28 16:01:44,0
2026-01-28 16:01:45,0
2026-01-28 16:01:46,0
2026-01-28 16:01:47,0
2026-01-28 16:01:48,0
2026-01-28 16:01:49,0
2026-01-28 16:01:50,0
2026-01-28 16:01:51,0
2026-01-28 16:01:52,0
2026-01-28 16:01:53,0
2026-01-28 16:01:54,0
2026-01-28 16:01:55,0
2026-01-28 16:01:56,0
2026-01-28 16:01:57,0
2026-01-28 16:01:58,0
2026-01-28 16:01:59,0
2026-01-28 16:02:00,0
2026-01-28 16:02:01,0
2026-01-28 16:02:02,0
2026-01-28 16:02:03,0
2026-01-28 16:07:09,3.19
2026-01-28 16:07:10,3.19
2026-01-28 16:07:11,3.19
2026-01-28 16:07:12,3.19
2026-01-28 16:07:13,3.19
2026-01-28 16:07:14,5.97
2026-01-28 16:07:15,5.97
2026-01-28 16:07:16,5.97
2026-01-28 16:07:17,5.97
2026-01-28 16:07:18,5.97
2026-01-28 16:07:19,6.97
2026-01-28 16:07:20,6.97
2026-01-28 16:07:21,6.97
2026-01-28 16:07:22,6.97
2026-01-28 16:07:23,6.97
2026-01-28 16:07:24,7.30
2026-01-28 16:07:25,7.30
2026-01-28 16:07:26,7.30
2026-01-28 16:07:27,7.30
2026-01-28 16:07:28,7.30
2026-01-28 16:07:29,6.43
2026-01-28 16:07:30,6.43
2026-01-28 16:07:31,6.43
2026-01-28 16:07:32,6.43
2026-01-28 16:07:33,6.43
2026-01-28 16:07:34,7.20
2026-01-28 16:07:35,7.20
2026-01-28 16:07:36,7.20
2026-01-28 16:07:37,7.20
2026-01-28 16:07:38,7.20
2026-01-28 16:07:39,6.29
2026-01-28 16:07:40,6.29
2026-01-28 16:07:41,6.29
2026-01-28 16:07:42,6.29
2026-01-28 16:07:43,6.29
2026-01-28 16:07:44,7.17
2026-01-28 16:07:45,7.17
2026-01-28 16:07:46,7.17
2026-01-28 16:07:47,7.17
2026-01-28 16:07:48,7.17
2026-01-28 16:07:49,6.39
2026-01-28 16:07:50,6.39
2026-01-28 16:07:51,6.39
2026-01-28 16:07:52,6.39
2026-01-28 16:07:53,6.39
2026-01-28 16:07:54,7.14
2026-01-28 16:07:55,7.14
2026-01-28 16:07:56,7.14
2026-01-28 16:07:57,7.14
2026-01-28 16:07:58,7.14
2026-01-28 16:07:59,7.65
2026-01-28 16:08:00,7.65
2026-01-28 16:08:01,7.65
2026-01-28 16:08:02,7.65
2026-01-28 16:08:03,7.65
2026-01-28 16:08:04,7.98
2026-01-28 16:08:05,7.98
2026-01-28 16:08:06,7.98
2026-01-28 16:08:07,7.98
2026-01-28 16:08:08,7.98
2026-01-28 16:08:09,7.29
2026-01-28 16:08:10,7.29
2026-01-28 16:08:11,7.29
2026-01-28 16:08:12,7.29
2026-01-28 16:08:13,7.29
2026-01-28 16:08:14,6.58
2026-01-28 16:08:15,6.58
2026-01-28 16:08:16,6.58
2026-01-28 16:08:17,6.58
2026-01-28 16:08:18,6.58
2026-01-28 16:08:19,7.12
2026-01-28 16:08:20,7.12
2026-01-28 16:08:21,7.12
2026-01-28 16:08:22,7.12
2026-01-28 16:08:23,7.12
2026-01-28 16:08:24,7.93
2026-01-28 16:08:25,7.93
2026-01-28 16:08:26,7.93
2026-01-28 16:08:27,7.93
2026-01-28 16:08:28,7.93
2026-01-28 16:08:29,6.94
2026-01-28 16:08:30,6.94
2026-01-28 16:08:31,6.94
2026-01-28 16:08:32,6.94
2026-01-28 16:08:33,6.94
2026-01-28 16:08:34,8.53
2026-01-28 16:08:35,8.53
2026-01-28 16:08:36,8.53
2026-01-28 16:08:37,8.53
2026-01-28 16:08:38,8.53
2026-01-28 16:08:39,9.75
2026-01-28 16:08:40,9.75
2026-01-28 16:08:41,9.75
2026-01-28 16:08:42,9.75
2026-01-28 16:08:43,9.75
2026-01-28 16:08:44,8.15
2026-01-28 16:08:45,8.15
2026-01-28 16:08:46,8.15
2026-01-28 16:08:47,8.15
2026-01-28 16:08:48,8.15
2026-01-28 16:08:49,8.70
2026-01-28 16:08:50,8.70
2026-01-28 16:08:51,8.70
2026-01-28 16:08:52,8.70
2026-01-28 16:08:53,8.70
2026-01-28 16:08:54,9.15
2026-01-28 16:08:55,9.15
2026-01-28 16:08:56,9.15
2026-01-28 16:08:57,9.15
2026-01-28 16:08:58,9.15
2026-01-28 16:08:59,0
2026-01-28 16:09:00,0
2026-01-28 16:09:01,0
2026-01-28 16:09:02,0
2026-01-28 16:09:03,0
2026-01-28 16:09:04,0
2026-01-28 16:09:05,0
2026-01-28 16:09:06,0
2026-01-28 16:09:07,0
2026-01-28 16:09:08,0
2026-01-28 16:09:09,0
2026-01-28 16:09:10,0
2026-01-28 16:09:11,0
2026-01-28 16:09:12,0
2026-01-28 16:09:13,0
2026-01-28 16:09:14,0
2026-01-28 16:09:15,0
2026-01-28 16:09:16,0
2026-01-28 16:09:17,0
2026-01-28 16:09:18,0
2026-01-28 16:09:19,0
2026-01-28 16:09:20,0
2026-01-28 16:09:21,0
2026-01-28 16:09:22,0
2026-01-28 16:09:23,0
2026-01-28 16:09:24,0
2026-01-28 16:09:25,0
2026-01-28 16:09:26,0
2026-01-28 16:09:27,0
2026-01-28 16:09:28,0
2026-01-28 16:09:29,0
2026-01-28 16:09:30,0
2026-01-28 16:09:31,0
2026-01-28 16:09:32,0
2026-01-28 16:09:33,0
2026-01-28 16:09:34,0
2026-01-28 16:09:35,0
2026-01-28 16:09:36,0
2026-01-28 16:09:37,0
2026-01-28 16:09:38,0
2026-01-28 16:09:39,0
2026-01-28 16:09:40,0
2026-01-28 16:09:41,0
2026-01-28 16:09:42,0
2026-01-28 16:09:43,0
2026-01-28 16:09:44,0
2026-01-28 16:09:45,0
2026-01-28 16:09:46,0
2026-01-28 16:09:47,0
2026-01-28 16:09:48,0
2026-01-28 16:09:49,0
2026-01-28 16:09:50,0
2026-01-28 16:09:51,0
2026-01-28 16:09:52,0
2026-01-28 16:09:53,0
2026-01-28 16:09:54,0
2026-01-28 16:09:55,0
2026-01-28 16:09:56,0
2026-01-28 16:09:57,0
2026-01-28 16:09:58,0
2026-01-28 16:09:59,0
2026-01-28 16:10:00,0
2026-01-28 16:10:01,0
2026-01-28 16:10:02,0
2026-01-28 16:10:03,0
2026-01-28 16:10:04,0
2026-01-28 16:10:05,0
2026-01-28 16:10:06,0
2026-01-28 16:10:07,0
2026-01-28 16:10:08,0
2026-01-28 16:10:09,0
2026-01-28 16:10:10,0
2026-01-28 16:10:11,0
2026-01-28 16:10:12,0
2026-01-28 16:10:13,0
2026-01-28 16:10:14,0
2026-01-28 16:10:15,0
2026-01-28 16:10:16,0
2026-01-28 16:10:17,0
2026-01-28 16:10:18,0
2026-01-28 16:10:19,0
2026-01-28 16:10:20,0
2026-01-28 16:10:21,0
2026-01-28 16:10:22,0
2026-01-28 16:10:23,0
2026-01-28 16:10:24,0
2026-01-28 16:10:25,0
2026-01-28 16:10:26,0
2026-01-28 16:10:27,0
2026-01-28 16:10:28,0
2026-01-28 16:10:29,0
2026-01-28 16:10:30,0
2026-01-28 16:10:31,0
2026-01-28 16:10:32,0
2026-01-28 16:10:33,0
2026-01-28 16:15:34,2.43
2026-01-28 16:15:35,2.43
2026-01-28 16:15:36,2.43
2026-01-28 16:15:37,2.43
2026-01-28 16:15:38,2.43
2026-01-28 16:15:39,5.56
2026-01-28 16:15:40,5.56
2026-01-28 16:15:41,5.56
2026-01-28 16:15:42,5.56
2026-01-28 16:15:43,5.56
2026-01-28 16:15:44,10.8
2026-01-28 16:15:45,10.8
2026-01-28 16:15:46,10.8
2026-01-28 16:15:47,10.8
2026-01-28 16:15:48,10.8
2026-01-28 16:15:49,8.06
2026-01-28 16:15:50,8.06
2026-01-28 16:15:51,8.06
2026-01-28 16:15:52,8.06
2026-01-28 16:15:53,8.06
2026-01-28 16:15:54,6.52
2026-01-28 16:15:55,6.52
2026-01-28 16:15:56,6.52
2026-01-28 16:15:57,6.52
2026-01-28 16:15:58,6.52
2026-01-28 16:15:59,5.25
2026-01-28 16:16:00,5.25
2026-01-28 16:16:01,5.25
2026-01-28 16:16:02,5.25
2026-01-28 16:16:03,5.25
2026-01-28 16:16:04,6.41
2026-01-28 16:16:05,6.41
2026-01-28 16:16:06,6.41
2026-01-28 16:16:07,6.41
2026-01-28 16:16:08,6.41
2026-01-28 16:16:09,5.20
2026-01-28 16:16:10,5.20
2026-01-28 16:16:11,5.20
2026-01-28 16:16:12,5.20
2026-01-28 16:16:13,5.20
2026-01-28 16:16:14,4.66
2026-01-28 16:16:15,4.66
2026-01-28 16:16:16,4.66
2026-01-28 16:16:17,4.66
2026-01-28 16:16:18,4.66
2026-01-28 16:16:19,5.08
2026-01-28 16:16:20,5.08
2026-01-28 16:16:21,5.08
2026-01-28 16:16:22,5.08
2026-01-28 16:16:23,5.08
2026-01-28 16:16:24,5.42
2026-01-28 16:16:25,5.42
2026-01-28 16:16:26,5.42
2026-01-28 16:16:27,5.42
2026-01-28 16:16:28,5.42
2026-01-28 16:16:29,5.35
2026-01-28 16:16:30,5.35
2026-01-28 16:16:31,5.35
2026-01-28 16:16:32,5.35
2026-01-28 16:16:33,5.35
2026-01-28 16:16:34,7.21
2026-01-28 16:16:35,7.21
2026-01-28 16:16:36,7.21
2026-01-28 16:16:37,7.21
2026-01-28 16:16:38,7.21
2026-01-28 16:16:39,5.97
2026-01-28 16:16:40,5.97
2026-01-28 16:16:41,5.97
2026-01-28 16:16:42,5.97
2026-01-28 16:16:43,5.97
2026-01-28 16:16:44,7.70
2026-01-28 16:16:45,7.70
2026-01-28 16:16:46,7.70
2026-01-28 16:16:47,7.70
2026-01-28 16:16:48,7.70
2026-01-28 16:16:49,7.43
2026-01-28 16:16:50,7.43
2026-01-28 16:16:51,7.43
2026-01-28 16:16:52,7.43
2026-01-28 16:16:53,7.43
2026-01-28 16:16:54,8.01
2026-01-28 16:16:55,8.01
2026-01-28 16:16:56,8.01
2026-01-28 16:16:57,8.01
2026-01-28 16:16:58,8.01
2026-01-28 16:16:59,7.14
2026-01-28 16:17:00,7.14
2026-01-28 16:17:01,7.14
2026-01-28 16:17:02,7.14
2026-01-28 16:17:03,7.14
2026-01-28 16:17:04,7.72
2026-01-28 16:17:05,7.72
2026-01-28 16:17:06,7.72
2026-01-28 16:17:07,7.72
2026-01-28 16:17:08,7.72
2026-01-28 16:17:09,6.43
2026-01-28 16:17:10,6.43
2026-01-28 16:17:11,6.43
2026-01-28 16:17:12,6.43
2026-01-28 16:17:13,6.43
2026-01-28 16:17:14,7.52
2026-01-28 16:17:15,7.52
2026-01-28 16:17:16,7.52
2026-01-28 16:17:17,7.52
2026-01-28 16:17:18,7.52
2026-01-28 16:17:19,7.80
2026-01-28 16:17:20,7.80
2026-01-28 16:17:21,7.80
2026-01-28 16:17:22,7.80
2026-01-28 16:17:23,7.80
2026-01-28 16:17:24,0
2026-01-28 16:17:25,0
2026-01-28 16:17:26,0
2026-01-28 16:17:27,0
2026-01-28 16:17:28,0
2026-01-28 16:17:29,0
2026-01-28 16:17:30,0
2026-01-28 16:17:31,0
2026-01-28 16:17:32,0
2026-01-28 16:17:33,0
2026-01-28 16:17:34,0
2026-01-28 16:17:35,0
2026-01-28 16:17:36,0
2026-01-28 16:17:37,0
2026-01-28 16:17:38,0
2026-01-28 16:17:39,0
2026-01-28 16:17:40,0
2026-01-28 16:17:41,0
2026-01-28 16:17:42,0
2026-01-28 16:17:43,0
2026-01-28 16:17:44,0
2026-01-28 16:17:45,0
2026-01-28 16:17:46,0
2026-01-28 16:17:47,0
2026-01-28 16:17:48,0
2026-01-28 16:17:49,0
2026-01-28 16:17:50,0
2026-01-28 16:17:51,0
2026-01-28 16:17:52,0
2026-01-28 16:17:53,0
2026-01-28 16:17:54,0
2026-01-28 16:17:55,0
2026-01-28 16:17:56,0
2026-01-28 16:17:57,0
2026-01-28 16:17:58,0
2026-01-28 16:17:59,0
2026-01-28 16:18:00,0
2026-01-28 16:18:01,0
2026-01-28 16:18:02,0
2026-01-28 16:18:03,0
2026-01-28 16:18:04,0
2026-01-28 16:18:05,0
2026-01-28 16:18:06,0
2026-01-28 16:18:07,0
2026-01-28 16:18:08,0
2026-01-28 16:18:09,0
2026-01-28 16:18:10,0
2026-01-28 16:18:11,0
2026-01-28 16:18:12,0
2026-01-28 16:18:13,0
2026-01-28 16:18:14,0
2026-01-28 16:18:15,0
2026-01-28 16:18:16,0
2026-01-28 16:18:17,0
2026-01-28 16:18:18,0
2026-01-28 16:18:19,0
2026-01-28 16:18:20,0
2026-01-28 16:18:21,0
2026-01-28 16:18:22,0
2026-01-28 16:18:23,0
2026-01-28 16:18:24,0
2026-01-28 16:18:25,0
2026-01-28 16:18:26,0
2026-01-28 16:18:27,0
2026-01-28 16:18:28,0
2026-01-28 16:18:29,0
2026-01-28 16:18:30,0
2026-01-28 16:18:31,0
2026-01-28 16:18:32,0
2026-01-28 16:18:33,0
2026-01-28 16:18:34,0
2026-01-28 16:18:35,0
2026-01-28 16:18:36,0
2026-01-28 16:18:37,0
2026-01-28 16:18:38,0
2026-01-28 16:18:39,0
2026-01-28 16:18:40,0
2026-01-28 16:18:41,0
2026-01-28 16:18:42,0
2026-01-28 16:18:43,0
2026-01-28 16:18:44,0
2026-01-28 16:18:45,0
2026-01-28 16:18:46,0
2026-01-28 16:18:47,0
2026-01-28 16:18:48,0
2026-01-28 16:18:49,0
2026-01-28 16:18:50,0
2026-01-28 16:18:51,0
2026-01-28 16:18:52,0
2026-01-28 16:18:53,0
2026-01-28 16:18:54,0
2026-01-28 16:18:55,0
2026-01-28 16:18:56,0
2026-01-28 16:18:57,0
2026-01-28 16:18:58,0
2026-01-28 16:24:04,2.02
2026-01-28 16:24:05,2.02
2026-01-28 16:24:06,2.02
2026-01-28 16:24:07,2.02
2026-01-28 16:24:08,2.02
2026-01-28 16:24:09,7.33
2026-01-28 16:24:10,7.33
2026-01-28 16:24:11,7.33
2026-01-28 16:24:12,7.33
2026-01-28 16:24:13,7.33
2026-01-28 16:24:14,8.07
2026-01-28 16:24:15,8.07
2026-01-28 16:24:16,8.07
2026-01-28 16:24:17,8.07
2026-01-28 16:24:18,8.07
2026-01-28 16:24:19,7.38
2026-01-28 16:24:20,7.38
2026-01-28 16:24:21,7.38
2026-01-28 16:24:22,7.38
2026-01-28 16:24:23,7.38
2026-01-28 16:24:24,6.85
2026-01-28 16:24:25,6.85
2026-01-28 16:24:26,6.85
2026-01-28 16:24:27,6.85
2026-01-28 16:24:28,6.85
2026-01-28 16:24:29,7.23
2026-01-28 16:24:30,7.23
2026-01-28 16:24:31,7.23
2026-01-28 16:24:32,7.23
2026-01-28 16:24:33,7.23
2026-01-28 16:24:34,6.81
2026-01-28 16:24:35,6.81
2026-01-28 16:24:36,6.81
2026-01-28 16:24:37,6.81
2026-01-28 16:24:38,6.81
2026-01-28 16:24:39,7.37
2026-01-28 16:24:40,7.37
2026-01-28 16:24:41,7.37
2026-01-28 16:24:42,7.37
2026-01-28 16:24:43,7.37
2026-01-28 16:24:44,6.61
2026-01-28 16:24:45,6.61
2026-01-28 16:24:46,6.61
2026-01-28 16:24:47,6.61
2026-01-28 16:24:48,6.61
2026-01-28 16:24:49,6.84
2026-01-28 16:24:50,6.84
2026-01-28 16:24:51,6.84
2026-01-28 16:24:52,6.84
2026-01-28 16:24:53,6.84
2026-01-28 16:24:54,7.87
2026-01-28 16:24:55,7.87
2026-01-28 16:24:56,7.87
2026-01-28 16:24:57,7.87
2026-01-28 16:24:58,7.87
2026-01-28 16:24:59,8.41
2026-01-28 16:25:00,8.41
2026-01-28 16:25:01,8.41
2026-01-28 16:25:02,8.41
2026-01-28 16:25:03,8.41
2026-01-28 16:25:04,7.74
2026-01-28 16:25:05,7.74
2026-01-28 16:25:06,7.74
2026-01-28 16:25:07,7.74
2026-01-28 16:25:08,7.74
2026-01-28 16:25:09,8.05
2026-01-28 16:25:10,8.05
2026-01-28 16:25:11,8.05
2026-01-28 16:25:12,8.05
2026-01-28 16:25:13,8.05
2026-01-28 16:25:14,8.58
2026-01-28 16:25:15,8.58
2026-01-28 16:25:16,8.58
2026-01-28 16:25:17,8.58
2026-01-28 16:25:18,8.58
2026-01-28 16:25:19,10.1
2026-01-28 16:25:20,10.1
2026-01-28 16:25:21,10.1
2026-01-28 16:25:22,10.1
2026-01-28 16:25:23,10.1
2026-01-28 16:25:24,8.72
2026-01-28 16:25:25,8.72
2026-01-28 16:25:26,8.72
2026-01-28 16:25:27,8.72
2026-01-28 16:25:28,8.72
2026-01-28 16:25:29,8.99
2026-01-28 16:25:30,8.99
2026-01-28 16:25:31,8.99
2026-01-28 16:25:32,8.99
2026-01-28 16:25:33,8.99
2026-01-28 16:25:34,8.43
2026-01-28 16:25:35,8.43
2026-01-28 16:25:36,8.43
2026-01-28 16:25:37,8.43
2026-01-28 16:25:38,8.43
2026-01-28 16:25:39,8.98
2026-01-28 16:25:40,8.98
2026-01-28 16:25:41,8.98
2026-01-28 16:25:42,8.98
2026-01-28 16:25:43,8.98
2026-01-28 16:25:44,8.47
2026-01-28 16:25:45,8.47
2026-01-28 16:25:46,8.47
2026-01-28 16:25:47,8.47
2026-01-28 16:25:48,8.47
2026-01-28 16:25:49,8.88
2026-01-28 16:25:50,8.88
2026-01-28 16:25:51,8.88
2026-01-28 16:25:52,8.88
2026-01-28 16:25:53,8.88
2026-01-28 16:25:54,0
2026-01-28 16:25:55,0
2026-01-28 16:25:56,0
2026-01-28 16:25:57,0
2026-01-28 16:25:58,0
2026-01-28 16:25:59,0
2026-01-28 16:26:00,0
2026-01-28 16:26:01,0
2026-01-28 16:26:02,0
2026-01-28 16:26:03,0
2026-01-28 16:26:04,0
2026-01-28 16:26:05,0
2026-01-28 16:26:06,0
2026-01-28 16:26:07,0
2026-01-28 16:26:08,0
2026-01-28 16:26:09,0
2026-01-28 16:26:10,0
2026-01-28 16:26:11,0
2026-01-28 16:26:12,0
2026-01-28 16:26:13,0
2026-01-28 16:26:14,0
2026-01-28 16:26:15,0
2026-01-28 16:26:16,0
2026-01-28 16:26:17,0
2026-01-28 16:26:18,0
2026-01-28 16:26:19,0
2026-01-28 16:26:20,0
2026-01-28 16:26:21,0
2026-01-28 16:26:22,0
2026-01-28 16:26:23,0
2026-01-28 16:26:24,0
2026-01-28 16:26:25,0
2026-01-28 16:26:26,0
2026-01-28 16:26:27,0
2026-01-28 16:26:28,0
2026-01-28 16:26:29,0
2026-01-28 16:26:30,0
2026-01-28 16:26:31,0
2026-01-28 16:26:32,0
2026-01-28 16:26:33,0
2026-01-28 16:26:34,0
2026-01-28 16:26:35,0
2026-01-28 16:26:36,0
2026-01-28 16:26:37,0
2026-01-28 16:26:38,0
2026-01-28 16:26:39,0
2026-01-28 16:26:40,0
2026-01-28 16:26:41,0
2026-01-28 16:26:42,0
2026-01-28 16:26:43,0
2026-01-28 16:26:44,0
2026-01-28 16:26:45,0
2026-01-28 16:26:46,0
2026-01-28 16:26:47,0
2026-01-28 16:26:48,0
2026-01-28 16:26:49,0
2026-01-28 16:26:50,0
2026-01-28 16:26:51,0
2026-01-28 16:26:52,0
2026-01-28 16:26:53,0
2026-01-28 16:26:54,0
2026-01-28 16:26:55,0
2026-01-28 16:26:56,0
2026-01-28 16:26:57,0
2026-01-28 16:26:58,0
2026-01-28 16:26:59,0
2026-01-28 16:27:00,0
2026-01-28 16:27:01,0
2026-01-28 16:27:02,0
2026-01-28 16:27:03,0
2026-01-28 16:27:04,0
2026-01-28 16:27:05,0
2026-01-28 16:27:06,0
2026-01-28 16:27:07,0
2026-01-28 16:27:08,0
2026-01-28 16:27:09,0
2026-01-28 16:27:10,0
2026-01-28 16:27:11,0
2026-01-28 16:27:12,0
2026-01-28 16:27:13,0
2026-01-28 16:27:14,0
2026-01-28 16:27:15,0
2026-01-28 16:27:16,0
2026-01-28 16:27:17,0
2026-01-28 16:27:18,0
2026-01-28 16:27:19,0
2026-01-28 16:27:20,0
2026-01-28 16:27:21,0
2026-01-28 16:27:22,0
2026-01-28 16:27:23,0
2026-01-28 16:27:24,0
2026-01-28 16:27:25,0
2026-01-28 16:27:26,0
2026-01-28 16:27:27,0
2026-01-28 16:27:28,0
2026-01-28 16:32:29,1.84
2026-01-28 16:32:30,1.84
2026-01-28 16:32:31,1.84
2026-01-28 16:32:32,1.84
2026-01-28 16:32:33,1.84
2026-01-28 16:32:34,7.08
2026-01-28 16:32:35,7.08
2026-01-28 16:32:36,7.08
2026-01-28 16:32:37,7.08
2026-01-28 16:32:38,7.08
2026-01-28 16:32:39,8.52
2026-01-28 16:32:40,8.52
2026-01-28 16:32:41,8.52
2026-01-28 16:32:42,8.52
2026-01-28 16:32:43,8.52
2026-01-28 16:32:44,6.72
2026-01-28 16:32:45,6.72
2026-01-28 16:32:46,6.72
2026-01-28 16:32:47,6.72
2026-01-28 16:32:48,6.72
2026-01-28 16:32:49,8.78
2026-01-28 16:32:50,8.78
2026-01-28 16:32:51,8.78
2026-01-28 16:32:52,8.78
2026-01-28 16:32:53,8.78
2026-01-28 16:32:54,6.35
2026-01-28 16:32:55,6.35
2026-01-28 16:32:56,6.35
2026-01-28 16:32:57,6.35
2026-01-28 16:32:58,6.35
2026-01-28 16:32:59,9.34
2026-01-28 16:33:00,9.34
2026-01-28 16:33:01,9.34
2026-01-28 16:33:02,9.34
2026-01-28 16:33:03,9.34
2026-01-28 16:33:04,7.88
2026-01-28 16:33:05,7.88
2026-01-28 16:33:06,7.88
2026-01-28 16:33:07,7.88
2026-01-28 16:33:08,7.88
2026-01-28 16:33:09,10.00
2026-01-28 16:33:10,10.00
2026-01-28 16:33:11,10.00
2026-01-28 16:33:12,10.00
2026-01-28 16:33:13,10.00
2026-01-28 16:33:14,8.57
2026-01-28 16:33:15,8.57
2026-01-28 16:33:16,8.57
2026-01-28 16:33:17,8.57
2026-01-28 16:33:18,8.57
2026-01-28 16:33:19,10.3
2026-01-28 16:33:20,10.3
2026-01-28 16:33:21,10.3
2026-01-28 16:33:22,10.3
2026-01-28 16:33:23,10.3
2026-01-28 16:33:24,8.19
2026-01-28 16:33:25,8.19
2026-01-28 16:33:26,8.19
2026-01-28 16:33:27,8.19
2026-01-28 16:33:28,8.19
2026-01-28 16:33:29,10.0
2026-01-28 16:33:30,10.0
2026-01-28 16:33:31,10.0
2026-01-28 16:33:32,10.0
2026-01-28 16:33:33,10.0
2026-01-28 16:33:34,8.05
2026-01-28 16:33:35,8.05
2026-01-28 16:33:36,8.05
2026-01-28 16:33:37,8.05
2026-01-28 16:33:38,8.05
2026-01-28 16:33:39,9.40
2026-01-28 16:33:40,9.40
2026-01-28 16:33:41,9.40
2026-01-28 16:33:42,9.40
2026-01-28 16:33:43,9.40
2026-01-28 16:33:44,7.74
2026-01-28 16:33:45,7.74
2026-01-28 16:33:46,7.74
2026-01-28 16:33:47,7.74
2026-01-28 16:33:48,7.74
2026-01-28 16:33:49,9.52
2026-01-28 16:33:50,9.52
2026-01-28 16:33:51,9.52
2026-01-28 16:33:52,9.52
2026-01-28 16:33:53,9.52
2026-01-28 16:33:54,7.77
2026-01-28 16:33:55,7.77
2026-01-28 16:33:56,7.77
2026-01-28 16:33:57,7.77
2026-01-28 16:33:58,7.77
2026-01-28 16:33:59,9.82
2026-01-28 16:34:00,9.82
2026-01-28 16:34:01,9.82
2026-01-28 16:34:02,9.82
2026-01-28 16:34:03,9.82
2026-01-28 16:34:04,7.81
2026-01-28 16:34:05,7.81
2026-01-28 16:34:06,7.81
2026-01-28 16:34:07,7.81
2026-01-28 16:34:08,7.81
2026-01-28 16:34:09,9.79
2026-01-28 16:34:10,9.79
2026-01-28 16:34:11,9.79
2026-01-28 16:34:12,9.79
2026-01-28 16:34:13,9.79
2026-01-28 16:34:14,7.70
2026-01-28 16:34:15,7.70
2026-01-28 16:34:16,7.70
2026-01-28 16:34:17,7.70
2026-01-28 16:34:18,7.70
2026-01-28 16:34:19,0
2026-01-28 16:34:20,0
2026-01-28 16:34:21,0
2026-01-28 16:34:22,0
2026-01-28 16:34:23,0
2026-01-28 16:34:24,0
2026-01-28 16:34:25,0
2026-01-28 16:34:26,0
2026-01-28 16:34:27,0
2026-01-28 16:34:28,0
2026-01-28 16:34:29,0
2026-01-28 16:34:30,0
2026-01-28 16:34:31,0
2026-01-28 16:34:32,0
2026-01-28 16:34:33,0
2026-01-28 16:34:34,0
2026-01-28 16:34:35,0
2026-01-28 16:34:36,0
2026-01-28 16:34:37,0
2026-01-28 16:34:38,0
2026-01-28 16:34:39,0
2026-01-28 16:34:40,0
2026-01-28 16:34:41,0
2026-01-28 16:34:42,0
2026-01-28 16:34:43,0
2026-01-28 16:34:44,0
2026-01-28 16:34:45,0
2026-01-28 16:34:46,0
2026-01-28 16:34:47,0
2026-01-28 16:34:48,0
2026-01-28 16:34:49,0
2026-01-28 16:34:50,0
2026-01-28 16:34:51,0
2026-01-28 16:34:52,0
2026-01-28 16:34:53,0
2026-01-28 16:34:54,0
2026-01-28 16:34:55,0
2026-01-28 16:34:56,0
2026-01-28 16:34:57,0
2026-01-28 16:34:58,0
2026-01-28 16:34:59,0
2026-01-28 16:35:00,0
2026-01-28 16:35:01,0
2026-01-28 16:35:02,0
2026-01-28 16:35:03,0
2026-01-28 16:35:04,0
2026-01-28 16:35:05,0
2026-01-28 16:35:06,0
2026-01-28 16:35:07,0
2026-01-28 16:35:08,0
2026-01-28 16:35:09,0
2026-01-28 16:35:10,0
2026-01-28 16:35:11,0
2026-01-28 16:35:12,0
2026-01-28 16:35:13,0
2026-01-28 16:35:14,0
2026-01-28 16:35:15,0
2026-01-28 16:35:16,0
2026-01-28 16:35:17,0
2026-01-28 16:35:18,0
2026-01-28 16:35:19,0
2026-01-28 16:35:20,0
2026-01-28 16:35:21,0
2026-01-28 16:35:22,0
2026-01-28 16:35:23,0
2026-01-28 16:35:24,0
2026-01-28 16:35:25,0
2026-01-28 16:35:26,0
2026-01-28 16:35:27,0
2026-01-28 16:35:28,0
2026-01-28 16:35:29,0
2026-01-28 16:35:30,0
2026-01-28 16:35:31,0
2026-01-28 16:35:32,0
2026-01-28 16:35:33,0
2026-01-28 16:35:34,0
2026-01-28 16:35:35,0
2026-01-28 16:35:36,0
2026-01-28 16:35:37,0
2026-01-28 16:35:38,0
2026-01-28 16:35:39,0
2026-01-28 16:35:40,0
2026-01-28 16:35:41,0
2026-01-28 16:35:42,0
2026-01-28 16:35:43,0
2026-01-28 16:35:44,0
2026-01-28 16:35:45,0
2026-01-28 16:35:46,0
2026-01-28 16:35:47,0
2026-01-28 16:35:48,0
2026-01-28 16:35:49,0
2026-01-28 16:35:50,0
2026-01-28 16:35:51,0
2026-01-28 16:35:52,0
2026-01-28 16:35:53,0
2026-01-28 16:41:04,6.57
2026-01-28 16:41:05,6.57
2026-01-28 16:41:06,6.57
2026-01-28 16:41:07,6.57
2026-01-28 16:41:08,6.57
2026-01-28 16:41:09,10.9
2026-01-28 16:41:10,10.9
2026-01-28 16:41:11,10.9
2026-01-28 16:41:12,10.9
2026-01-28 16:41:13,10.9
2026-01-28 16:41:14,8.37
2026-01-28 16:41:15,8.37
2026-01-28 16:41:16,8.37
2026-01-28 16:41:17,8.37
2026-01-28 16:41:18,8.37
2026-01-28 16:41:19,10.1
2026-01-28 16:41:20,10.1
2026-01-28 16:41:21,10.1
2026-01-28 16:41:22,10.1
2026-01-28 16:41:23,10.1
2026-01-28 16:41:24,8.69
2026-01-28 16:41:25,8.69
2026-01-28 16:41:26,8.69
2026-01-28 16:41:27,8.69
2026-01-28 16:41:28,8.69
2026-01-28 16:41:29,11.6
2026-01-28 16:41:30,11.6
2026-01-28 16:41:31,11.6
2026-01-28 16:41:32,11.6
2026-01-28 16:41:33,11.6
2026-01-28 16:41:34,7.60
2026-01-28 16:41:35,7.60
2026-01-28 16:41:36,7.60
2026-01-28 16:41:37,7.60
2026-01-28 16:41:38,7.60
2026-01-28 16:41:39,9.57
2026-01-28 16:41:40,9.57
2026-01-28 16:41:41,9.57
2026-01-28 16:41:42,9.57
2026-01-28 16:41:43,9.57
2026-01-28 16:41:44,7.69
2026-01-28 16:41:45,7.69
2026-01-28 16:41:46,7.69
2026-01-28 16:41:47,7.69
2026-01-28 16:41:48,7.69
2026-01-28 16:41:49,9.73
2026-01-28 16:41:50,9.73
2026-01-28 16:41:51,9.73
2026-01-28 16:41:52,9.73
2026-01-28 16:41:53,9.73
2026-01-28 16:41:54,8.16
2026-01-28 16:41:55,8.16
2026-01-28 16:41:56,8.16
2026-01-28 16:41:57,8.16
2026-01-28 16:41:58,8.16
2026-01-28 16:41:59,9.46
2026-01-28 16:42:00,9.46
2026-01-28 16:42:01,9.46
2026-01-28 16:42:02,9.46
2026-01-28 16:42:03,9.46
2026-01-28 16:42:04,7.72
2026-01-28 16:42:05,7.72
2026-01-28 16:42:06,7.72
2026-01-28 16:42:07,7.72
2026-01-28 16:42:08,7.72
2026-01-28 16:42:09,9.78
2026-01-28 16:42:10,9.78
2026-01-28 16:42:11,9.78
2026-01-28 16:42:12,9.78
2026-01-28 16:42:13,9.78
2026-01-28 16:42:14,7.63
2026-01-28 16:42:15,7.63
2026-01-28 16:42:16,7.63
2026-01-28 16:42:17,7.63
2026-01-28 16:42:18,7.63
2026-01-28 16:42:19,9.56
2026-01-28 16:42:20,9.56
2026-01-28 16:42:21,9.56
2026-01-28 16:42:22,9.56
2026-01-28 16:42:23,9.56
2026-01-28 16:42:24,7.72
2026-01-28 16:42:25,7.72
2026-01-28 16:42:26,7.72
2026-01-28 16:42:27,7.72
2026-01-28 16:42:28,7.72
2026-01-28 16:42:29,9.61
2026-01-28 16:42:30,9.61
2026-01-28 16:42:31,9.61
2026-01-28 16:42:32,9.61
2026-01-28 16:42:33,9.61
2026-01-28 16:42:34,8.36
2026-01-28 16:42:35,8.36
2026-01-28 16:42:36,8.36
2026-01-28 16:42:37,8.36
2026-01-28 16:42:38,8.36
2026-01-28 16:42:39,11.2
2026-01-28 16:42:40,11.2
2026-01-28 16:42:41,11.2
2026-01-28 16:42:42,11.2
2026-01-28 16:42:43,11.2
2026-01-28 16:42:44,5.81
2026-01-28 16:42:45,5.81
2026-01-28 16:42:46,5.81
2026-01-28 16:42:47,5.81
2026-01-28 16:42:48,5.81
2026-01-28 16:42:49,7.98
2026-01-28 16:42:50,7.98
2026-01-28 16:42:51,7.98
2026-01-28 16:42:52,7.98
2026-01-28 16:42:53,7.98
2026-01-28 16:42:54,0
2026-01-28 16:42:55,0
2026-01-28 16:42:56,0
2026-01-28 16:42:57,0
2026-01-28 16:42:58,0
2026-01-28 16:42:59,0
2026-01-28 16:43:00,0
2026-01-28 16:43:01,0
2026-01-28 16:43:02,0
2026-01-28 16:43:03,0
2026-01-28 16:43:04,0
2026-01-28 16:43:05,0
2026-01-28 16:43:06,0
2026-01-28 16:43:07,0
2026-01-28 16:43:08,0
2026-01-28 16:43:09,0
2026-01-28 16:43:10,0
2026-01-28 16:43:11,0
2026-01-28 16:43:12,0
2026-01-28 16:43:13,0
2026-01-28 16:43:14,0
2026-01-28 16:43:15,0
2026-01-28 16:43:16,0
2026-01-28 16:43:17,0
2026-01-28 16:43:18,0
2026-01-28 16:43:19,0
2026-01-28 16:43:20,0
2026-01-28 16:43:21,0
2026-01-28 16:43:22,0
2026-01-28 16:43:23,0
2026-01-28 16:43:24,0
2026-01-28 16:43:25,0
2026-01-28 16:43:26,0
2026-01-28 16:43:27,0
2026-01-28 16:43:28,0
2026-01-28 16:43:29,0
2026-01-28 16:43:30,0
2026-01-28 16:43:31,0
2026-01-28 16:43:32,0
2026-01-28 16:43:33,0
2026-01-28 16:43:34,0
2026-01-28 16:43:35,0
2026-01-28 16:43:36,0
2026-01-28 16:43:37,0
2026-01-28 16:43:38,0
2026-01-28 16:43:39,0
2026-01-28 16:43:40,0
2026-01-28 16:43:41,0
2026-01-28 16:43:42,0
2026-01-28 16:43:43,0
2026-01-28 16:43:44,0
2026-01-28 16:43:45,0
2026-01-28 16:43:46,0
2026-01-28 16:43:47,0
2026-01-28 16:43:48,0
2026-01-28 16:43:49,0
2026-01-28 16:43:50,0
2026-01-28 16:43:51,0
2026-01-28 16:43:52,0
2026-01-28 16:43:53,0
2026-01-28 16:43:54,0
2026-01-28 16:43:55,0
2026-01-28 16:43:56,0
2026-01-28 16:43:57,0
2026-01-28 16:43:58,0
2026-01-28 16:43:59,0
2026-01-28 16:44:00,0
2026-01-28 16:44:01,0
2026-01-28 16:44:02,0
2026-01-28 16:44:03,0
2026-01-28 16:44:04,0
2026-01-28 16:44:05,0
2026-01-28 16:44:06,0
2026-01-28 16:44:07,0
2026-01-28 16:44:08,0
2026-01-28 16:44:09,0
2026-01-28 16:44:10,0
2026-01-28 16:44:11,0
2026-01-28 16:44:12,0
2026-01-28 16:44:13,0
2026-01-28 16:44:14,0
2026-01-28 16:44:15,0
2026-01-28 16:44:16,0
2026-01-28 16:44:17,0
2026-01-28 16:44:18,0
2026-01-28 16:44:19,0
2026-01-28 16:44:20,0
2026-01-28 16:44:21,0
2026-01-28 16:44:22,0
2026-01-28 16:44:23,0
2026-01-28 16:44:24,0
2026-01-28 16:44:25,0
2026-01-28 16:44:26,0
2026-01-28 16:44:27,0
2026-01-28 16:44:28,0
2026-01-28 16:49:39,9.76
2026-01-28 16:49:40,9.76
2026-01-28 16:49:41,9.76
2026-01-28 16:49:42,9.76
2026-01-28 16:49:43,9.76
2026-01-28 16:49:44,7.90
2026-01-28 16:49:45,7.90
2026-01-28 16:49:46,7.90
2026-01-28 16:49:47,7.90
2026-01-28 16:49:48,7.90
2026-01-28 16:49:49,9.52
2026-01-28 16:49:50,9.52
2026-01-28 16:49:51,9.52
2026-01-28 16:49:52,9.52
2026-01-28 16:49:53,9.52
2026-01-28 16:49:54,7.89
2026-01-28 16:49:55,7.89
2026-01-28 16:49:56,7.89
2026-01-28 16:49:57,7.89
2026-01-28 16:49:58,7.89
2026-01-28 16:49:59,9.59
2026-01-28 16:50:00,9.59
2026-01-28 16:50:01,9.59
2026-01-28 16:50:02,9.59
2026-01-28 16:50:03,9.59
2026-01-28 16:50:04,7.67
2026-01-28 16:50:05,7.67
2026-01-28 16:50:06,7.67
2026-01-28 16:50:07,7.67
2026-01-28 16:50:08,7.67
2026-01-28 16:50:09,9.70
2026-01-28 16:50:10,9.70
2026-01-28 16:50:11,9.70
2026-01-28 16:50:12,9.70
2026-01-28 16:50:13,9.70
2026-01-28 16:50:14,7.89
2026-01-28 16:50:15,7.89
2026-01-28 16:50:16,7.89
2026-01-28 16:50:17,7.89
2026-01-28 16:50:18,7.89
2026-01-28 16:50:19,9.77
2026-01-28 16:50:20,9.77
2026-01-28 16:50:21,9.77
2026-01-28 16:50:22,9.77
2026-01-28 16:50:23,9.77
2026-01-28 16:50:24,7.65
2026-01-28 16:50:25,7.65
2026-01-28 16:50:26,7.65
2026-01-28 16:50:27,7.65
2026-01-28 16:50:28,7.65
2026-01-28 16:50:29,9.86
2026-01-28 16:50:30,9.86
2026-01-28 16:50:31,9.86
2026-01-28 16:50:32,9.86
2026-01-28 16:50:33,9.86
2026-01-28 16:50:34,7.65
2026-01-28 16:50:35,7.65
2026-01-28 16:50:36,7.65
2026-01-28 16:50:37,7.65
2026-01-28 16:50:38,7.65
2026-01-28 16:50:39,9.95
2026-01-28 16:50:40,9.95
2026-01-28 16:50:41,9.95
2026-01-28 16:50:42,9.95
2026-01-28 16:50:43,9.95
2026-01-28 16:50:44,9.01
2026-01-28 16:50:45,9.01
2026-01-28 16:50:46,9.01
2026-01-28 16:50:47,9.01
2026-01-28 16:50:48,9.01
2026-01-28 16:50:49,10.2
2026-01-28 16:50:50,10.2
2026-01-28 16:50:51,10.2
2026-01-28 16:50:52,10.2
2026-01-28 16:50:53,10.2
2026-01-28 16:50:54,7.91
2026-01-28 16:50:55,7.91
2026-01-28 16:50:56,7.91
2026-01-28 16:50:57,7.91
2026-01-28 16:50:58,7.91
2026-01-28 16:50:59,9.27
2026-01-28 16:51:00,9.27
2026-01-28 16:51:01,9.27
2026-01-28 16:51:02,9.27
2026-01-28 16:51:03,9.27
2026-01-28 16:51:04,8.30
2026-01-28 16:51:05,8.30
2026-01-28 16:51:06,8.30
2026-01-28 16:51:07,8.30
2026-01-28 16:51:08,8.30
2026-01-28 16:51:09,10.9
2026-01-28 16:51:10,10.9
2026-01-28 16:51:11,10.9
2026-01-28 16:51:12,10.9
2026-01-28 16:51:13,10.9
2026-01-28 16:51:14,8.60
2026-01-28 16:51:15,8.60
2026-01-28 16:51:16,8.60
2026-01-28 16:51:17,8.60
2026-01-28 16:51:18,8.60
2026-01-28 16:51:19,10.3
2026-01-28 16:51:20,10.3
2026-01-28 16:51:21,10.3
2026-01-28 16:51:22,10.3
2026-01-28 16:51:23,10.3
2026-01-28 16:51:24,0
2026-01-28 16:51:25,0
2026-01-28 16:51:26,0
2026-01-28 16:51:27,0
2026-01-28 16:51:28,0
2026-01-28 16:51:29,0
2026-01-28 16:51:30,0
2026-01-28 16:51:31,0
2026-01-28 16:51:32,0
2026-01-28 16:51:33,0
2026-01-28 16:51:34,0
2026-01-28 16:51:35,0
2026-01-28 16:51:36,0
2026-01-28 16:51:37,0
2026-01-28 16:51:38,0
2026-01-28 16:51:39,0
2026-01-28 16:51:40,0
2026-01-28 16:51:41,0
2026-01-28 16:51:42,0
2026-01-28 16:51:43,0
2026-01-28 16:51:44,0
2026-01-28 16:51:45,0
2026-01-28 16:51:46,0
2026-01-28 16:51:47,0
2026-01-28 16:51:48,0
2026-01-28 16:51:49,0
2026-01-28 16:51:50,0
2026-01-28 16:51:51,0
2026-01-28 16:51:52,0
2026-01-28 16:51:53,0
2026-01-28 16:51:54,0
2026-01-28 16:51:55,0
2026-01-28 16:51:56,0
2026-01-28 16:51:57,0
2026-01-28 16:51:58,0
2026-01-28 16:51:59,0
2026-01-28 16:52:00,0
2026-01-28 16:52:01,0
2026-01-28 16:52:02,0
2026-01-28 16:52:03,0
2026-01-28 16:52:04,0
2026-01-28 16:52:05,0
2026-01-28 16:52:06,0
2026-01-28 16:52:07,0
2026-01-28 16:52:08,0
2026-01-28 16:52:09,0
2026-01-28 16:52:10,0
2026-01-28 16:52:11,0
2026-01-28 16:52:12,0
2026-01-28 16:52:13,0
2026-01-28 16:52:14,0
2026-01-28 16:52:15,0
2026-01-28 16:52:16,0
2026-01-28 16:52:17,0
2026-01-28 16:52:18,0
2026-01-28 16:52:19,0
2026-01-28 16:52:20,0
2026-01-28 16:52:21,0
2026-01-28 16:52:22,0
2026-01-28 16:52:23,0
2026-01-28 16:52:24,0
2026-01-28 16:52:25,0
2026-01-28 16:52:26,0
2026-01-28 16:52:27,0
2026-01-28 16:52:28,0
2026-01-28 16:52:29,0
2026-01-28 16:52:30,0
2026-01-28 16:52:31,0
2026-01-28 16:52:32,0
2026-01-28 16:52:33,0
2026-01-28 16:52:34,0
2026-01-28 16:52:35,0
2026-01-28 16:52:36,0
2026-01-28 16:52:37,0
2026-01-28 16:52:38,0
2026-01-28 16:52:39,0
2026-01-28 16:52:40,0
2026-01-28 16:52:41,0
2026-01-28 16:52:42,0
2026-01-28 16:52:43,0
2026-01-28 16:52:44,0
2026-01-28 16:52:45,0
2026-01-28 16:52:46,0
2026-01-28 16:52:47,0
2026-01-28 16:52:48,0
2026-01-28 16:52:49,0
2026-01-28 16:52:50,0
2026-01-28 16:52:51,0
2026-01-28 16:52:52,0
2026-01-28 16:52:53,0
2026-01-28 16:52:54,0
2026-01-28 16:52:55,0
2026-01-28 16:52:56,0
2026-01-28 16:52:57,0
2026-01-28 16:52:58,0
2026-01-28 16:57:59,9.75
2026-01-28 16:58:00,9.75
2026-01-28 16:58:01,9.75
2026-01-28 16:58:02,9.75
2026-01-28 16:58:03,9.75
2026-01-28 16:58:04,8.60
2026-01-28 16:58:05,8.60
2026-01-28 16:58:06,8.60
2026-01-28 16:58:07,8.60
2026-01-28 16:58:08,8.60
2026-01-28 16:58:09,10.1
2026-01-28 16:58:10,10.1
2026-01-28 16:58:11,10.1
2026-01-28 16:58:12,10.1
2026-01-28 16:58:13,10.1
2026-01-28 16:58:14,8.55
2026-01-28 16:58:15,8.55
2026-01-28 16:58:16,8.55
2026-01-28 16:58:17,8.55
2026-01-28 16:58:18,8.55
2026-01-28 16:58:19,10.4
2026-01-28 16:58:20,10.4
2026-01-28 16:58:21,10.4
2026-01-28 16:58:22,10.4
2026-01-28 16:58:23,10.4
2026-01-28 16:58:24,8.32
2026-01-28 16:58:25,8.32
2026-01-28 16:58:26,8.32
2026-01-28 16:58:27,8.32
2026-01-28 16:58:28,8.32
2026-01-28 16:58:29,10.5
2026-01-28 16:58:30,10.5
2026-01-28 16:58:31,10.5
2026-01-28 16:58:32,10.5
2026-01-28 16:58:33,10.5
2026-01-28 16:58:34,8.80
2026-01-28 16:58:35,8.80
2026-01-28 16:58:36,8.80
2026-01-28 16:58:37,8.80
2026-01-28 16:58:38,8.80
2026-01-28 16:58:39,10.6
2026-01-28 16:58:40,10.6
2026-01-28 16:58:41,10.6
2026-01-28 16:58:42,10.6
2026-01-28 16:58:43,10.6
2026-01-28 16:58:44,8.70
2026-01-28 16:58:45,8.70
2026-01-28 16:58:46,8.70
2026-01-28 16:58:47,8.70
2026-01-28 16:58:48,8.70
2026-01-28 16:58:49,10.6
2026-01-28 16:58:50,10.6
2026-01-28 16:58:51,10.6
2026-01-28 16:58:52,10.6
2026-01-28 16:58:53,10.6
2026-01-28 16:58:54,10.00
2026-01-28 16:58:55,10.00
2026-01-28 16:58:56,10.00
2026-01-28 16:58:57,10.00
2026-01-28 16:58:58,10.00
2026-01-28 16:58:59,10.7
2026-01-28 16:59:00,10.7
2026-01-28 16:59:01,10.7
2026-01-28 16:59:02,10.7
2026-01-28 16:59:03,10.7
2026-01-28 16:59:04,8.28
2026-01-28 16:59:05,8.28
2026-01-28 16:59:06,8.28
2026-01-28 16:59:07,8.28
2026-01-28 16:59:08,8.28
2026-01-28 16:59:09,10.4
2026-01-28 16:59:10,10.4
2026-01-28 16:59:11,10.4
2026-01-28 16:59:12,10.4
2026-01-28 16:59:13,10.4
2026-01-28 16:59:14,8.40
2026-01-28 16:59:15,8.40
2026-01-28 16:59:16,8.40
2026-01-28 16:59:17,8.40
2026-01-28 16:59:18,8.40
2026-01-28 16:59:19,10.4
2026-01-28 16:59:20,10.4
2026-01-28 16:59:21,10.4
2026-01-28 16:59:22,10.4
2026-01-28 16:59:23,10.4
2026-01-28 16:59:24,8.39
2026-01-28 16:59:25,8.39
2026-01-28 16:59:26,8.39
2026-01-28 16:59:27,8.39
2026-01-28 16:59:28,8.39
2026-01-28 16:59:29,10.4
2026-01-28 16:59:30,10.4
2026-01-28 16:59:31,10.4
2026-01-28 16:59:32,10.4
2026-01-28 16:59:33,10.4
2026-01-28 16:59:34,8.55
2026-01-28 16:59:35,8.55
2026-01-28 16:59:36,8.55
2026-01-28 16:59:37,8.55
2026-01-28 16:59:38,8.55
2026-01-28 16:59:39,10.4
2026-01-28 16:59:40,10.4
2026-01-28 16:59:41,10.4
2026-01-28 16:59:42,10.4
2026-01-28 16:59:43,10.4
2026-01-28 16:59:44,8.34
2026-01-28 16:59:45,8.34
2026-01-28 16:59:46,8.34
2026-01-28 16:59:47,8.34
2026-01-28 16:59:48,8.34
2026-01-28 16:59:49,9.44
2026-01-28 16:59:50,9.44
2026-01-28 16:59:51,9.44
2026-01-28 16:59:52,9.44
2026-01-28 16:59:53,9.44
2026-01-28 16:59:54,0
2026-01-28 16:59:55,0
2026-01-28 16:59:56,0
2026-01-28 16:59:57,0
2026-01-28 16:59:58,0
2026-01-28 16:59:59,0
2026-01-28 17:00:00,0
2026-01-28 17:00:01,0
2026-01-28 17:00:02,0
2026-01-28 17:00:03,0
2026-01-28 17:00:04,0
2026-01-28 17:00:05,0
2026-01-28 17:00:06,0
2026-01-28 17:00:07,0
2026-01-28 17:00:08,0
2026-01-28 17:00:09,0
2026-01-28 17:00:10,0
2026-01-28 17:00:11,0
2026-01-28 17:00:12,0
2026-01-28 17:00:13,0
2026-01-28 17:00:14,0
2026-01-28 17:00:15,0
2026-01-28 17:00:16,0
2026-01-28 17:00:17,0
2026-01-28 17:00:18,0
2026-01-28 17:00:19,0
2026-01-28 17:00:20,0
2026-01-28 17:00:21,0
2026-01-28 17:00:22,0
2026-01-28 17:00:23,0
2026-01-28 17:00:24,0
2026-01-28 17:00:25,0
2026-01-28 17:00:26,0
2026-01-28 17:00:27,0
2026-01-28 17:00:28,0
2026-01-28 17:00:29,0
2026-01-28 17:00:30,0
2026-01-28 17:00:31,0
2026-01-28 17:00:32,0
2026-01-28 17:00:33,0
2026-01-28 17:00:34,0
2026-01-28 17:00:35,0
2026-01-28 17:00:36,0
2026-01-28 17:00:37,0
2026-01-28 17:00:38,0
2026-01-28 17:00:39,0
2026-01-28 17:00:40,0
2026-01-28 17:00:41,0
2026-01-28 17:00:42,0
2026-01-28 17:00:43,0
2026-01-28 17:00:44,0
2026-01-28 17:00:45,0
2026-01-28 17:00:46,0
2026-01-28 17:00:47,0
2026-01-28 17:00:48,0
2026-01-28 17:00:49,0
2026-01-28 17:00:50,0
2026-01-28 17:00:51,0
2026-01-28 17:00:52,0
2026-01-28 17:00:53,0
2026-01-28 17:00:54,0
2026-01-28 17:00:55,0
2026-01-28 17:00:56,0
2026-01-28 17:00:57,0
2026-01-28 17:00:58,0
2026-01-28 17:00:59,0
2026-01-28 17:01:00,0
2026-01-28 17:01:01,0
2026-01-28 17:01:02,0
2026-01-28 17:01:03,0
2026-01-28 17:01:04,0
2026-01-28 17:01:05,0
2026-01-28 17:01:06,0
2026-01-28 17:01:07,0
2026-01-28 17:01:08,0
2026-01-28 17:01:09,0
2026-01-28 17:01:10,0
2026-01-28 17:01:11,0
2026-01-28 17:01:12,0
2026-01-28 17:01:13,0
2026-01-28 17:01:14,0
2026-01-28 17:01:15,0
2026-01-28 17:01:16,0
2026-01-28 17:01:17,0
2026-01-28 17:01:18,0
2026-01-28 17:01:19,0
2026-01-28 17:01:20,0
2026-01-28 17:01:21,0
2026-01-28 17:01:22,0
2026-01-28 17:01:23,0
2026-01-28 17:01:24,0
2026-01-28 17:01:25,0
2026-01-28 17:01:26,0
2026-01-28 17:01:27,0
2026-01-28 17:01:28,0
2026-01-28 17:06:29,10.5
2026-01-28 17:06:30,10.5
2026-01-28 17:06:31,10.5
2026-01-28 17:06:32,10.5
2026-01-28 17:06:33,10.5
2026-01-28 17:06:34,8.97
2026-01-28 17:06:35,8.97
2026-01-28 17:06:36,8.97
2026-01-28 17:06:37,8.97
2026-01-28 17:06:38,8.97
2026-01-28 17:06:39,10.4
2026-01-28 17:06:40,10.4
2026-01-28 17:06:41,10.4
2026-01-28 17:06:42,10.4
2026-01-28 17:06:43,10.4
2026-01-28 17:06:44,8.35
2026-01-28 17:06:45,8.35
2026-01-28 17:06:46,8.35
2026-01-28 17:06:47,8.35
2026-01-28 17:06:48,8.35
2026-01-28 17:06:49,10.5
2026-01-28 17:06:50,10.5
2026-01-28 17:06:51,10.5
2026-01-28 17:06:52,10.5
2026-01-28 17:06:53,10.5
2026-01-28 17:06:54,8.26
2026-01-28 17:06:55,8.26
2026-01-28 17:06:56,8.26
2026-01-28 17:06:57,8.26
2026-01-28 17:06:58,8.26
2026-01-28 17:06:59,10.2
2026-01-28 17:07:00,10.2
2026-01-28 17:07:01,10.2
2026-01-28 17:07:02,10.2
2026-01-28 17:07:03,10.2
2026-01-28 17:07:04,8.09
2026-01-28 17:07:05,8.09
2026-01-28 17:07:06,8.09
2026-01-28 17:07:07,8.09
2026-01-28 17:07:08,8.09
2026-01-28 17:07:09,9.04
2026-01-28 17:07:10,9.04
2026-01-28 17:07:11,9.04
2026-01-28 17:07:12,9.04
2026-01-28 17:07:13,9.04
2026-01-28 17:07:14,7.47
2026-01-28 17:07:15,7.47
2026-01-28 17:07:16,7.47
2026-01-28 17:07:17,7.47
2026-01-28 17:07:18,7.47
2026-01-28 17:07:19,9.02
2026-01-28 17:07:20,9.02
2026-01-28 17:07:21,9.02
2026-01-28 17:07:22,9.02
2026-01-28 17:07:23,9.02
2026-01-28 17:07:24,7.64
2026-01-28 17:07:25,7.64
2026-01-28 17:07:26,7.64
2026-01-28 17:07:27,7.64
2026-01-28 17:07:28,7.64
2026-01-28 17:07:29,9.07
2026-01-28 17:07:30,9.07
2026-01-28 17:07:31,9.07
2026-01-28 17:07:32,9.07
2026-01-28 17:07:33,9.07
2026-01-28 17:07:34,7.53
2026-01-28 17:07:35,7.53
2026-01-28 17:07:36,7.53
2026-01-28 17:07:37,7.53
2026-01-28 17:07:38,7.53
2026-01-28 17:07:39,9.29
2026-01-28 17:07:40,9.29
2026-01-28 17:07:41,9.29
2026-01-28 17:07:42,9.29
2026-01-28 17:07:43,9.29
2026-01-28 17:07:44,7.20
2026-01-28 17:07:45,7.20
2026-01-28 17:07:46,7.20
2026-01-28 17:07:47,7.20
2026-01-28 17:07:48,7.20
2026-01-28 17:07:49,8.19
2026-01-28 17:07:50,8.19
2026-01-28 17:07:51,8.19
2026-01-28 17:07:52,8.19
2026-01-28 17:07:53,8.19
2026-01-28 17:07:54,7.54
2026-01-28 17:07:55,7.54
2026-01-28 17:07:56,7.54
2026-01-28 17:07:57,7.54
2026-01-28 17:07:58,7.54
2026-01-28 17:07:59,9.45
2026-01-28 17:08:00,9.45
2026-01-28 17:08:01,9.45
2026-01-28 17:08:02,9.45
2026-01-28 17:08:03,9.45
2026-01-28 17:08:04,7.68
2026-01-28 17:08:05,7.68
2026-01-28 17:08:06,7.68
2026-01-28 17:08:07,7.68
2026-01-28 17:08:08,7.68
2026-01-28 17:08:09,9.28
2026-01-28 17:08:10,9.28
2026-01-28 17:08:11,9.28
2026-01-28 17:08:12,9.28
2026-01-28 17:08:13,9.28
2026-01-28 17:08:14,7.46
2026-01-28 17:08:15,7.46
2026-01-28 17:08:16,7.46
2026-01-28 17:08:17,7.46
2026-01-28 17:08:18,7.46
2026-01-28 17:08:19,0
2026-01-28 17:08:20,0
2026-01-28 17:08:21,0
2026-01-28 17:08:22,0
2026-01-28 17:08:23,0
2026-01-28 17:08:24,0
2026-01-28 17:08:25,0
2026-01-28 17:08:26,0
2026-01-28 17:08:27,0
2026-01-28 17:08:28,0
2026-01-28 17:08:29,0
2026-01-28 17:08:30,0
2026-01-28 17:08:31,0
2026-01-28 17:08:32,0
2026-01-28 17:08:33,0
2026-01-28 17:08:34,0
2026-01-28 17:08:35,0
2026-01-28 17:08:36,0
2026-01-28 17:08:37,0
2026-01-28 17:08:38,0
2026-01-28 17:08:39,0
2026-01-28 17:08:40,0
2026-01-28 17:08:41,0
2026-01-28 17:08:42,0
2026-01-28 17:08:43,0
2026-01-28 17:08:44,0
2026-01-28 17:08:45,0
2026-01-28 17:08:46,0
2026-01-28 17:08:47,0
2026-01-28 17:08:48,0
2026-01-28 17:08:49,0
2026-01-28 17:08:50,0
2026-01-28 17:08:51,0
2026-01-28 17:08:52,0
2026-01-28 17:08:53,0
2026-01-28 17:08:54,0
2026-01-28 17:08:55,0
2026-01-28 17:08:56,0
2026-01-28 17:08:57,0
2026-01-28 17:08:58,0
2026-01-28 17:08:59,0
2026-01-28 17:09:00,0
2026-01-28 17:09:01,0
2026-01-28 17:09:02,0
2026-01-28 17:09:03,0
2026-01-28 17:09:04,0
2026-01-28 17:09:05,0
2026-01-28 17:09:06,0
2026-01-28 17:09:07,0
2026-01-28 17:09:08,0
2026-01-28 17:09:09,0
2026-01-28 17:09:10,0
2026-01-28 17:09:11,0
2026-01-28 17:09:12,0
2026-01-28 17:09:13,0
2026-01-28 17:09:14,0
2026-01-28 17:09:15,0
2026-01-28 17:09:16,0
2026-01-28 17:09:17,0
2026-01-28 17:09:18,0
2026-01-28 17:09:19,0
2026-01-28 17:09:20,0
2026-01-28 17:09:21,0
2026-01-28 17:09:22,0
2026-01-28 17:09:23,0
2026-01-28 17:09:24,0
2026-01-28 17:09:25,0
2026-01-28 17:09:26,0
2026-01-28 17:09:27,0
2026-01-28 17:09:28,0
2026-01-28 17:09:29,0
2026-01-28 17:09:30,0
2026-01-28 17:09:31,0
2026-01-28 17:09:32,0
2026-01-28 17:09:33,0
2026-01-28 17:09:34,0
2026-01-28 17:09:35,0
2026-01-28 17:09:36,0
2026-01-28 17:09:37,0
2026-01-28 17:09:38,0
2026-01-28 17:09:39,0
2026-01-28 17:09:40,0
2026-01-28 17:09:41,0
2026-01-28 17:09:42,0
2026-01-28 17:09:43,0
2026-01-28 17:09:44,0
2026-01-28 17:09:45,0
2026-01-28 17:09:46,0
2026-01-28 17:09:47,0
2026-01-28 17:09:48,0
2026-01-28 17:09:49,0
2026-01-28 17:09:50,0
2026-01-28 17:09:51,0
2026-01-28 17:09:52,0
2026-01-28 17:09:53,0
2026-01-28 17:14:54,7.33
2026-01-28 17:14:55,7.33
2026-01-28 17:14:56,7.33
2026-01-28 17:14:57,7.33
2026-01-28 17:14:58,7.33
2026-01-28 17:14:59,10.1
2026-01-28 17:15:00,10.1
2026-01-28 17:15:01,10.1
2026-01-28 17:15:02,10.1
2026-01-28 17:15:03,10.1
2026-01-28 17:15:04,8.69
2026-01-28 17:15:05,8.69
2026-01-28 17:15:06,8.69
2026-01-28 17:15:07,8.69
2026-01-28 17:15:08,8.69
2026-01-28 17:15:09,9.55
2026-01-28 17:15:10,9.55
2026-01-28 17:15:11,9.55
2026-01-28 17:15:12,9.55
2026-01-28 17:15:13,9.55
2026-01-28 17:15:14,7.57
2026-01-28 17:15:15,7.57
2026-01-28 17:15:16,7.57
2026-01-28 17:15:17,7.57
2026-01-28 17:15:18,7.57
2026-01-28 17:15:19,8.53
2026-01-28 17:15:20,8.53
2026-01-28 17:15:21,8.53
2026-01-28 17:15:22,8.53
2026-01-28 17:15:23,8.53
2026-01-28 17:15:24,7.19
2026-01-28 17:15:25,7.19
2026-01-28 17:15:26,7.19
2026-01-28 17:15:27,7.19
2026-01-28 17:15:28,7.19
2026-01-28 17:15:29,8.31
2026-01-28 17:15:30,8.31
2026-01-28 17:15:31,8.31
2026-01-28 17:15:32,8.31
2026-01-28 17:15:33,8.31
2026-01-28 17:15:34,7.56
2026-01-28 17:15:35,7.56
2026-01-28 17:15:36,7.56
2026-01-28 17:15:37,7.56
2026-01-28 17:15:38,7.56
2026-01-28 17:15:39,7.30
2026-01-28 17:15:40,7.30
2026-01-28 17:15:41,7.30
2026-01-28 17:15:42,7.30
2026-01-28 17:15:43,7.30
2026-01-28 17:15:44,6.44
2026-01-28 17:15:45,6.44
2026-01-28 17:15:46,6.44
2026-01-28 17:15:47,6.44
2026-01-28 17:15:48,6.44
2026-01-28 17:15:49,7.71
2026-01-28 17:15:50,7.71
2026-01-28 17:15:51,7.71
2026-01-28 17:15:52,7.71
2026-01-28 17:15:53,7.71
2026-01-28 17:15:54,6.34
2026-01-28 17:15:55,6.34
2026-01-28 17:15:56,6.34
2026-01-28 17:15:57,6.34
2026-01-28 17:15:58,6.34
2026-01-28 17:15:59,7.68
2026-01-28 17:16:00,7.68
2026-01-28 17:16:01,7.68
2026-01-28 17:16:02,7.68
2026-01-28 17:16:03,7.68
2026-01-28 17:16:04,6.37
2026-01-28 17:16:05,6.37
2026-01-28 17:16:06,6.37
2026-01-28 17:16:07,6.37
2026-01-28 17:16:08,6.37
2026-01-28 17:16:09,7.69
2026-01-28 17:16:10,7.69
2026-01-28 17:16:11,7.69
2026-01-28 17:16:12,7.69
2026-01-28 17:16:13,7.69
2026-01-28 17:16:14,6.22
2026-01-28 17:16:15,6.22
2026-01-28 17:16:16,6.22
2026-01-28 17:16:17,6.22
2026-01-28 17:16:18,6.22
2026-01-28 17:16:19,7.57
2026-01-28 17:16:20,7.57
2026-01-28 17:16:21,7.57
2026-01-28 17:16:22,7.57
2026-01-28 17:16:23,7.57
2026-01-28 17:16:24,7.70
2026-01-28 17:16:25,7.70
2026-01-28 17:16:26,7.70
2026-01-28 17:16:27,7.70
2026-01-28 17:16:28,7.70
2026-01-28 17:16:29,8.09
2026-01-28 17:16:30,8.09
2026-01-28 17:16:31,8.09
2026-01-28 17:16:32,8.09
2026-01-28 17:16:33,8.09
2026-01-28 17:16:34,6.53
2026-01-28 17:16:35,6.53
2026-01-28 17:16:36,6.53
2026-01-28 17:16:37,6.53
2026-01-28 17:16:38,6.53
2026-01-28 17:16:39,7.93
2026-01-28 17:16:40,7.93
2026-01-28 17:16:41,7.93
2026-01-28 17:16:42,7.93
2026-01-28 17:16:43,7.93
2026-01-28 17:16:44,0
2026-01-28 17:16:45,0
2026-01-28 17:16:46,0
2026-01-28 17:16:47,0
2026-01-28 17:16:48,0
2026-01-28 17:16:49,0
2026-01-28 17:16:50,0
2026-01-28 17:16:51,0
2026-01-28 17:16:52,0
2026-01-28 17:16:53,0
2026-01-28 17:16:54,0
2026-01-28 17:16:55,0
2026-01-28 17:16:56,0
2026-01-28 17:16:57,0
2026-01-28 17:16:58,0
2026-01-28 17:16:59,0
2026-01-28 17:17:00,0
2026-01-28 17:17:01,0
2026-01-28 17:17:02,0
2026-01-28 17:17:03,0
2026-01-28 17:17:04,0
2026-01-28 17:17:05,0
2026-01-28 17:17:06,0
2026-01-28 17:17:07,0
2026-01-28 17:17:08,0
2026-01-28 17:17:09,0
2026-01-28 17:17:10,0
2026-01-28 17:17:11,0
2026-01-28 17:17:12,0
2026-01-28 17:17:13,0
2026-01-28 17:17:14,0
2026-01-28 17:17:15,0
2026-01-28 17:17:16,0
2026-01-28 17:17:17,0
2026-01-28 17:17:18,0
2026-01-28 17:17:19,0
2026-01-28 17:17:20,0
2026-01-28 17:17:21,0
2026-01-28 17:17:22,0
2026-01-28 17:17:23,0
2026-01-28 17:17:24,0
2026-01-28 17:17:25,0
2026-01-28 17:17:26,0
2026-01-28 17:17:27,0
2026-01-28 17:17:28,0
2026-01-28 17:17:29,0
2026-01-28 17:17:30,0
2026-01-28 17:17:31,0
2026-01-28 17:17:32,0
2026-01-28 17:17:33,0
2026-01-28 17:17:34,0
2026-01-28 17:17:35,0
2026-01-28 17:17:36,0
2026-01-28 17:17:37,0
2026-01-28 17:17:38,0
2026-01-28 17:17:39,0
2026-01-28 17:17:40,0
2026-01-28 17:17:41,0
2026-01-28 17:17:42,0
2026-01-28 17:17:43,0
2026-01-28 17:17:44,0
2026-01-28 17:17:45,0
2026-01-28 17:17:46,0
2026-01-28 17:17:47,0
2026-01-28 17:17:48,0
2026-01-28 17:17:49,0
2026-01-28 17:17:50,0
2026-01-28 17:17:51,0
2026-01-28 17:17:52,0
2026-01-28 17:17:53,0
2026-01-28 17:17:54,0
2026-01-28 17:17:55,0
2026-01-28 17:17:56,0
2026-01-28 17:17:57,0
2026-01-28 17:17:58,0
2026-01-28 17:17:59,0
2026-01-28 17:18:00,0
2026-01-28 17:18:01,0
2026-01-28 17:18:02,0
2026-01-28 17:18:03,0
2026-01-28 17:18:04,0
2026-01-28 17:18:05,0
2026-01-28 17:18:06,0
2026-01-28 17:18:07,0
2026-01-28 17:18:08,0
2026-01-28 17:18:09,0
2026-01-28 17:18:10,0
2026-01-28 17:18:11,0
2026-01-28 17:18:12,0
2026-01-28 17:18:13,0
2026-01-28 17:23:19,7.42
2026-01-28 17:23:20,7.42
2026-01-28 17:23:21,7.42
2026-01-28 17:23:22,7.42
2026-01-28 17:23:23,7.42
2026-01-28 17:23:24,9.78
2026-01-28 17:23:25,9.78
2026-01-28 17:23:26,9.78
2026-01-28 17:23:27,9.78
2026-01-28 17:23:28,9.78
2026-01-28 17:23:29,10.4
2026-01-28 17:23:30,10.4
2026-01-28 17:23:31,10.4
2026-01-28 17:23:32,10.4
2026-01-28 17:23:33,10.4
2026-01-28 17:23:34,9.66
2026-01-28 17:23:35,9.66
2026-01-28 17:23:36,9.66
2026-01-28 17:23:37,9.66
2026-01-28 17:23:38,9.66
2026-01-28 17:23:39,7.98
2026-01-28 17:23:40,7.98
2026-01-28 17:23:41,7.98
2026-01-28 17:23:42,7.98
2026-01-28 17:23:43,7.98
2026-01-28 17:23:44,8.59
2026-01-28 17:23:45,8.59
2026-01-28 17:23:46,8.59
2026-01-28 17:23:47,8.59
2026-01-28 17:23:48,8.59
2026-01-28 17:23:49,7.88
2026-01-28 17:23:50,7.88
2026-01-28 17:23:51,7.88
2026-01-28 17:23:52,7.88
2026-01-28 17:23:53,7.88
2026-01-28 17:23:54,8.56
2026-01-28 17:23:55,8.56
2026-01-28 17:23:56,8.56
2026-01-28 17:23:57,8.56
2026-01-28 17:23:58,8.56
2026-01-28 17:23:59,8.24
2026-01-28 17:24:00,8.24
2026-01-28 17:24:01,8.24
2026-01-28 17:24:02,8.24
2026-01-28 17:24:03,8.24
2026-01-28 17:24:04,11.0
2026-01-28 17:24:05,11.0
2026-01-28 17:24:06,11.0
2026-01-28 17:24:07,11.0
2026-01-28 17:24:08,11.0
2026-01-28 17:24:09,8.82
2026-01-28 17:24:10,8.82
2026-01-28 17:24:11,8.82
2026-01-28 17:24:12,8.82
2026-01-28 17:24:13,8.82
2026-01-28 17:24:14,6.66
2026-01-28 17:24:15,6.66
2026-01-28 17:24:16,6.66
2026-01-28 17:24:17,6.66
2026-01-28 17:24:18,6.66
2026-01-28 17:24:19,7.36
2026-01-28 17:24:20,7.36
2026-01-28 17:24:21,7.36
2026-01-28 17:24:22,7.36
2026-01-28 17:24:23,7.36
2026-01-28 17:24:24,7.92
2026-01-28 17:24:25,7.92
2026-01-28 17:24:26,7.92
2026-01-28 17:24:27,7.92
2026-01-28 17:24:28,7.92
2026-01-28 17:24:29,7.09
2026-01-28 17:24:30,7.09
2026-01-28 17:24:31,7.09
2026-01-28 17:24:32,7.09
2026-01-28 17:24:33,7.09
2026-01-28 17:24:34,7.85
2026-01-28 17:24:35,7.85
2026-01-28 17:24:36,7.85
2026-01-28 17:24:37,7.85
2026-01-28 17:24:38,7.85
2026-01-28 17:24:39,7.27
2026-01-28 17:24:40,7.27
2026-01-28 17:24:41,7.27
2026-01-28 17:24:42,7.27
2026-01-28 17:24:43,7.27
2026-01-28 17:24:44,7.77
2026-01-28 17:24:45,7.77
2026-01-28 17:24:46,7.77
2026-01-28 17:24:47,7.77
2026-01-28 17:24:48,7.77
2026-01-28 17:24:49,7.44
2026-01-28 17:24:50,7.44
2026-01-28 17:24:51,7.44
2026-01-28 17:24:52,7.44
2026-01-28 17:24:53,7.44
2026-01-28 17:24:54,7.69
2026-01-28 17:24:55,7.69
2026-01-28 17:24:56,7.69
2026-01-28 17:24:57,7.69
2026-01-28 17:24:58,7.69
2026-01-28 17:24:59,7.36
2026-01-28 17:25:00,7.36
2026-01-28 17:25:01,7.36
2026-01-28 17:25:02,7.36
2026-01-28 17:25:03,7.36
2026-01-28 17:25:04,0
2026-01-28 17:25:05,0
2026-01-28 17:25:06,0
2026-01-28 17:25:07,0
2026-01-28 17:25:08,0
2026-01-28 17:25:09,0
2026-01-28 17:25:10,0
2026-01-28 17:25:11,0
2026-01-28 17:25:12,0
2026-01-28 17:25:13,0
2026-01-28 17:25:14,0
2026-01-28 17:25:15,0
2026-01-28 17:25:16,0
2026-01-28 17:25:17,0
2026-01-28 17:25:18,0
2026-01-28 17:25:19,0
2026-01-28 17:25:20,0
2026-01-28 17:25:21,0
2026-01-28 17:25:22,0
2026-01-28 17:25:23,0
2026-01-28 17:25:24,0
2026-01-28 17:25:25,0
2026-01-28 17:25:26,0
2026-01-28 17:25:27,0
2026-01-28 17:25:28,0
2026-01-28 17:25:29,0
2026-01-28 17:25:30,0
2026-01-28 17:25:31,0
2026-01-28 17:25:32,0
2026-01-28 17:25:33,0
2026-01-28 17:25:34,0
2026-01-28 17:25:35,0
2026-01-28 17:25:36,0
2026-01-28 17:25:37,0
2026-01-28 17:25:38,0
2026-01-28 17:25:39,0
2026-01-28 17:25:40,0
2026-01-28 17:25:41,0
2026-01-28 17:25:42,0
2026-01-28 17:25:43,0
2026-01-28 17:25:44,0
2026-01-28 17:25:45,0
2026-01-28 17:25:46,0
2026-01-28 17:25:47,0
2026-01-28 17:25:48,0
2026-01-28 17:25:49,0
2026-01-28 17:25:50,0
2026-01-28 17:25:51,0
2026-01-28 17:25:52,0
2026-01-28 17:25:53,0
2026-01-28 17:25:54,0
2026-01-28 17:25:55,0
2026-01-28 17:25:56,0
2026-01-28 17:25:57,0
2026-01-28 17:25:58,0
2026-01-28 17:25:59,0
2026-01-28 17:26:00,0
2026-01-28 17:26:01,0
2026-01-28 17:26:02,0
2026-01-28 17:26:03,0
2026-01-28 17:26:04,0
2026-01-28 17:26:05,0
2026-01-28 17:26:06,0
2026-01-28 17:26:07,0
2026-01-28 17:26:08,0
2026-01-28 17:26:09,0
2026-01-28 17:26:10,0
2026-01-28 17:26:11,0
2026-01-28 17:26:12,0
2026-01-28 17:26:13,0
2026-01-28 17:26:14,0
2026-01-28 17:26:15,0
2026-01-28 17:26:16,0
2026-01-28 17:26:17,0
2026-01-28 17:26:18,0
2026-01-28 17:26:19,0
2026-01-28 17:26:20,0
2026-01-28 17:26:21,0
2026-01-28 17:26:22,0
2026-01-28 17:26:23,0
2026-01-28 17:26:24,0
2026-01-28 17:26:25,0
2026-01-28 17:26:26,0
2026-01-28 17:26:27,0
2026-01-28 17:26:28,0
2026-01-28 17:26:29,0
2026-01-28 17:26:30,0
2026-01-28 17:26:31,0
2026-01-28 17:26:32,0
2026-01-28 17:26:33,0
2026-01-28 17:26:34,0
2026-01-28 17:26:35,0
2026-01-28 17:26:36,0
2026-01-28 17:26:37,0
2026-01-28 17:26:38,0