"Time","gnb-crc"
2026-01-28 14:30:00,9.76
2026-01-28 14:30:01,9.76
2026-01-28 14:30:02,9.76
2026-01-28 14:30:03,9.76
2026-01-28 14:30:04,7.55
2026-01-28 14:30:05,7.55
2026-01-28 14:30:06,7.55
2026-01-28 14:30:07,7.55
2026-01-28 14:30:08,7.55
2026-01-28 14:30:09,9.83
2026-01-28 14:30:10,9.83
2026-01-28 14:30:11,9.83
2026-01-28 14:30:12,9.83
2026-01-28 14:30:13,9.83
2026-01-28 14:30:14,8.39
2026-01-28 14:30:15,8.39
2026-01-28 14:30:16,8.39
2026-01-28 14:30:17,8.39
2026-01-28 14:30:18,8.39
2026-01-28 14:30:19,8.80
2026-01-28 14:30:20,8.80
2026-01-28 14:30:21,8.80
2026-01-28 14:30:22,8.80
2026-01-28 14:30:23,8.80
2026-01-28 14:30:24,6.71
2026-01-28 14:30:25,6.71
2026-01-28 14:30:26,6.71
2026-01-28 14:30:27,6.71
2026-01-28 14:30:28,6.71
2026-01-28 14:30:29,9.07
2026-01-28 14:30:30,9.07
2026-01-28 14:30:31,9.07
2026-01-28 14:30:32,9.07
2026-01-28 14:30:33,9.07
2026-01-28 14:30:34,6.67
2026-01-28 14:30:35,6.67
2026-01-28 14:30:36,6.67
2026-01-28 14:30:37,6.67
2026-01-28 14:30:38,6.67
2026-01-28 14:30:39,9.08
2026-01-28 14:30:40,9.08
2026-01-28 14:30:41,9.08
2026-01-28 14:30:42,9.08
2026-01-28 14:30:43,9.08
2026-01-28 14:30:44,6.54
2026-01-28 14:30:45,6.54
2026-01-28 14:30:46,6.54
2026-01-28 14:30:47,6.54
2026-01-28 14:30:48,6.54
2026-01-28 14:30:49,9.25
2026-01-28 14:30:50,9.25
2026-01-28 14:30:51,9.25
2026-01-28 14:30:52,9.25
2026-01-28 14:30:53,9.25
2026-01-28 14:30:54,6.69
2026-01-28 14:30:55,6.69
2026-01-28 14:30:56,6.69
2026-01-28 14:30:57,6.69
2026-01-28 14:30:58,6.69
2026-01-28 14:30:59,8.75
2026-01-28 14:31:00,8.75
2026-01-28 14:31:01,8.75
2026-01-28 14:31:02,8.75
2026-01-28 14:31:03,8.75
2026-01-28 14:31:04,6.60
2026-01-28 14:31:05,6.60
2026-01-28 14:31:06,6.60
2026-01-28 14:31:07,6.60
2026-01-28 14:31:08,6.60
2026-01-28 14:31:09,8.95
2026-01-28 14:31:10,8.95
2026-01-28 14:31:11,8.95
2026-01-28 14:31:12,8.95
2026-01-28 14:31:13,8.95
2026-01-28 14:31:14,6.55
2026-01-28 14:31:15,6.55
2026-01-28 14:31:16,6.55
2026-01-28 14:31:17,6.55
2026-01-28 14:31:18,6.55
2026-01-28 14:31:19,8.18
2026-01-28 14:31:20,8.18
2026-01-28 14:31:21,8.18
2026-01-28 14:31:22,8.18
2026-01-28 14:31:23,8.18
2026-01-28 14:31:24,7.55
2026-01-28 14:31:25,7.55
2026-01-28 14:31:26,7.55
2026-01-28 14:31:27,7.55
2026-01-28 14:31:28,7.55
2026-01-28 14:31:29,10.5
2026-01-28 14:31:30,10.5
2026-01-28 14:31:31,10.5
2026-01-28 14:31:32,10.5
2026-01-28 14:31:33,10.5
2026-01-28 14:31:34,7.76
2026-01-28 14:31:35,7.76
2026-01-28 14:31:36,7.76
2026-01-28 14:31:37,7.76
2026-01-28 14:31:38,7.76
2026-01-28 14:31:39,9.95
2026-01-28 14:31:40,9.95
2026-01-28 14:31:41,9.95
2026-01-28 14:31:42,9.95
2026-01-28 14:31:43,9.95
2026-01-28 14:31:44,7.55
2026-01-28 14:31:45,7.55
2026-01-28 14:31:46,7.55
2026-01-28 14:31:47,7.55
2026-01-28 14:31:48,7.55
2026-01-28 14:31:49,10.0
2026-01-28 14:31:50,10.0
2026-01-28 14:31:51,10.0
2026-01-28 14:31:52,10.0
2026-01-28 14:31:53,10.0
2026-01-28 14:31:54,7.56
2026-01-28 14:31:55,7.56
2026-01-28 14:31:56,7.56
2026-01-28 14:31:57,7.56
2026-01-28 14:31:58,7.56
2026-01-28 14:31:59,9.95
2026-01-28 14:32:00,9.95
2026-01-28 14:32:01,9.95
2026-01-28 14:32:02,9.95
2026-01-28 14:32:03,9.95
2026-01-28 14:32:04,7.61
2026-01-28 14:32:05,7.61
2026-01-28 14:32:06,7.61
2026-01-28 14:32:07,7.61
2026-01-28 14:32:08,7.61
2026-01-28 14:32:09,10.0
2026-01-28 14:32:10,10.0
2026-01-28 14:32:11,10.0
2026-01-28 14:32:12,10.0
2026-01-28 14:32:13,10.0
2026-01-28 14:32:14,7.66
2026-01-28 14:32:15,7.66
2026-01-28 14:32:16,7.66
2026-01-28 14:32:17,7.66
2026-01-28 14:32:18,7.66
2026-01-28 14:32:19,9.72
2026-01-28 14:32:20,9.72
2026-01-28 14:32:21,9.72
2026-01-28 14:32:22,9.72
2026-01-28 14:32:23,9.72
2026-01-28 14:32:24,7.66
2026-01-28 14:32:25,7.66
2026-01-28 14:32:26,7.66
2026-01-28 14:32:27,7.66
2026-01-28 14:32:28,7.66
2026-01-28 14:32:29,9.90
2026-01-28 14:32:30,9.90
2026-01-28 14:32:31,9.90
2026-01-28 14:32:32,9.90
2026-01-28 14:32:33,9.90
2026-01-28 14:32:34,7.77
2026-01-28 14:32:35,7.77
2026-01-28 14:32:36,7.77
2026-01-28 14:32:37,7.77
2026-01-28 14:32:38,7.77
2026-01-28 14:32:39,11.1
2026-01-28 14:32:40,11.1
2026-01-28 14:32:41,11.1
2026-01-28 14:32:42,11.1
2026-01-28 14:32:43,11.1
2026-01-28 14:32:44,7.39
2026-01-28 14:32:45,7.39
2026-01-28 14:32:46,7.39
2026-01-28 14:32:47,7.39
2026-01-28 14:32:48,7.39
2026-01-28 14:32:49,11.1
2026-01-28 14:32:50,11.1
2026-01-28 14:32:51,11.1
2026-01-28 14:32:52,11.1
2026-01-28 14:32:53,11.1
2026-01-28 14:32:54,4.88
2026-01-28 14:32:55,4.88
2026-01-28 14:32:56,4.88
2026-01-28 14:32:57,4.88
2026-01-28 14:32:58,4.88
2026-01-28 14:32:59,7.52
2026-01-28 14:33:00,7.52
2026-01-28 14:33:01,7.52
2026-01-28 14:33:02,7.52
2026-01-28 14:33:03,7.52
2026-01-28 14:33:04,4.48
2026-01-28 14:33:05,4.48
2026-01-28 14:33:06,4.48
2026-01-28 14:33:07,4.48
2026-01-28 14:33:08,4.48
2026-01-28 14:33:09,7.31
2026-01-28 14:33:10,7.31
2026-01-28 14:33:11,7.31
2026-01-28 14:33:12,7.31
2026-01-28 14:33:13,7.31
2026-01-28 14:33:14,4.47
2026-01-28 14:33:15,4.47
2026-01-28 14:33:16,4.47
2026-01-28 14:33:17,4.47
2026-01-28 14:33:18,4.47
2026-01-28 14:33:19,7.33
2026-01-28 14:33:20,7.33
2026-01-28 14:33:21,7.33
2026-01-28 14:33:22,7.33
2026-01-28 14:33:23,7.33
2026-01-28 14:33:24,4.52
2026-01-28 14:33:25,4.52
2026-01-28 14:33:26,4.52
2026-01-28 14:33:27,4.52
2026-01-28 14:33:28,4.52
2026-01-28 14:33:29,7.32
2026-01-28 14:33:30,7.32
2026-01-28 14:33:31,7.32
2026-01-28 14:33:32,7.32
2026-01-28 14:33:33,7.32
2026-01-28 14:33:34,4.34
2026-01-28 14:33:35,4.34
2026-01-28 14:33:36,4.34
2026-01-28 14:33:37,4.34
2026-01-28 14:33:38,4.34
2026-01-28 14:33:39,8.71
2026-01-28 14:33:40,8.71
2026-01-28 14:33:41,8.71
2026-01-28 14:33:42,8.71
2026-01-28 14:33:43,8.71
2026-01-28 14:33:44,3.53
2026-01-28 14:33:45,3.53
2026-01-28 14:33:46,3.53
2026-01-28 14:33:47,3.53
2026-01-28 14:33:48,3.53
2026-01-28 14:33:49,8.79
2026-01-28 14:33:50,8.79
2026-01-28 14:33:51,8.79
2026-01-28 14:33:52,8.79
2026-01-28 14:33:53,8.79
2026-01-28 14:33:54,3.44
2026-01-28 14:33:55,3.44
2026-01-28 14:33:56,3.44
2026-01-28 14:33:57,3.44
2026-01-28 14:33:58,3.44
2026-01-28 14:33:59,7.78
2026-01-28 14:34:00,7.78
2026-01-28 14:34:01,7.78
2026-01-28 14:34:02,7.78
2026-01-28 14:34:03,7.78
2026-01-28 14:34:04,3.58
2026-01-28 14:34:05,3.58
2026-01-28 14:34:06,3.58
2026-01-28 14:34:07,3.58
2026-01-28 14:34:08,3.58
2026-01-28 14:34:09,6.74
2026-01-28 14:34:10,6.74
2026-01-28 14:34:11,6.74
2026-01-28 14:34:12,6.74
2026-01-28 14:34:13,6.74
2026-01-28 14:34:14,4.03
2026-01-28 14:34:15,4.03
2026-01-28 14:34:16,4.03
2026-01-28 14:34:17,4.03
2026-01-28 14:34:18,4.03
2026-01-28 14:34:19,9.64
2026-01-28 14:34:20,9.64
2026-01-28 14:34:21,9.64
2026-01-28 14:34:22,9.64
2026-01-28 14:34:23,9.64
2026-01-28 14:34:24,6.64
2026-01-28 14:34:25,6.64
2026-01-28 14:34:26,6.64
2026-01-28 14:34:27,6.64
2026-01-28 14:34:28,6.64
2026-01-28 14:34:29,8.98
2026-01-28 14:34:30,8.98
2026-01-28 14:34:31,8.98
2026-01-28 14:34:32,8.98
2026-01-28 14:34:33,8.98
2026-01-28 14:34:34,6.65
2026-01-28 14:34:35,6.65
2026-01-28 14:34:36,6.65
2026-01-28 14:34:37,6.65
2026-01-28 14:34:38,6.65
2026-01-28 14:34:39,8.92
2026-01-28 14:34:40,8.92
2026-01-28 14:34:41,8.92
2026-01-28 14:34:42,8.92
2026-01-28 14:34:43,8.92
2026-01-28 14:34:44,6.76
2026-01-28 14:34:45,6.76
2026-01-28 14:34:46,6.76
2026-01-28 14:34:47,6.76
2026-01-28 14:34:48,6.76
2026-01-28 14:34:49,9.69
2026-01-28 14:34:50,9.69
2026-01-28 14:34:51,9.69
2026-01-28 14:34:52,9.69
2026-01-28 14:34:53,9.69
2026-01-28 14:34:54,6.65
2026-01-28 14:34:55,6.65
2026-01-28 14:34:56,6.65
2026-01-28 14:34:57,6.65
2026-01-28 14:34:58,6.65
2026-01-28 14:34:59,9.15
2026-01-28 14:35:00,9.15
2026-01-28 14:35:01,9.15
2026-01-28 14:35:02,9.15
2026-01-28 14:35:03,9.15
2026-01-28 14:35:04,6.67
2026-01-28 14:35:05,6.67
2026-01-28 14:35:06,6.67
2026-01-28 14:35:07,6.67
2026-01-28 14:35:08,6.67
2026-01-28 14:35:09,0
2026-01-28 14:35:10,0
2026-01-28 14:35:11,0
2026-01-28 14:35:12,0
2026-01-28 14:35:13,0
2026-01-28 14:35:14,0
2026-01-28 14:35:15,0
2026-01-28 14:35:16,0
2026-01-28 14:35:17,0
2026-01-28 14:35:18,0
2026-01-28 14:35:19,0
2026-01-28 14:35:20,0
2026-01-28 14:35:21,0
2026-01-28 14:35:22,0
2026-01-28 14:35:23,0
2026-01-28 14:35:24,0
2026-01-28 14:35:25,0
2026-01-28 14:35:26,0
2026-01-28 14:35:27,0
2026-01-28 14:35:28,0
2026-01-28 14:35:29,0
2026-01-28 14:35:30,0
2026-01-28 14:35:31,0
2026-01-28 14:35:32,0
2026-01-28 14:35:33,0
2026-01-28 14:35:34,0
2026-01-28 14:35:35,0
2026-01-28 14:35:36,0
2026-01-28 14:35:37,0
2026-01-28 14:35:38,0
2026-01-28 14:35:39,0
2026-01-28 14:35:40,0
2026-01-28 14:35:41,0
2026-01-28 14:35:42,0
2026-01-28 14:35:43,0
2026-01-28 14:35:44,0
2026-01-28 14:35:45,0
2026-01-28 14:35:46,0
2026-01-28 14:35:47,0
2026-01-28 14:35:48,0
2026-01-28 14:35:49,0
2026-01-28 14:35:50,0
2026-01-28 14:35:51,0
2026-01-28 14:35:52,0
2026-01-28 14:35:53,0
2026-01-28 14:35:54,0
2026-01-28 14:35:55,0
2026-01-28 14:35:56,0
2026-01-28 14:35:57,0
2026-01-28 14:35:58,0
2026-01-28 14:35:59,0
2026-01-28 14:36:00,0
2026-01-28 14:36:01,0
2026-01-28 14:36:02,0
2026-01-28 14:36:03,0
2026-01-28 14:36:04,0
2026-01-28 14:36:05,0
2026-01-28 14:36:06,0
2026-01-28 14:36:07,0
2026-01-28 14:36:08,0
2026-01-28 14:36:09,0
2026-01-28 14:36:10,0
2026-01-28 14:36:11,0
2026-01-28 14:36:12,0
2026-01-28 14:36:13,0
2026-01-28 14:36:14,0
2026-01-28 14:36:15,0
2026-01-28 14:36:16,0
2026-01-28 14:36:17,0
2026-01-28 14:36:18,0
2026-01-28 14:36:19,0
2026-01-28 14:36:20,0
2026-01-28 14:36:21,0
2026-01-28 14:36:22,0
2026-01-28 14:36:23,0
2026-01-28 14:36:24,0
2026-01-28 14:36:25,0
2026-01-28 14:36:26,0
2026-01-28 14:36:27,0
2026-01-28 14:36:28,0
2026-01-28 14:36:29,0
2026-01-28 14:36:30,0
2026-01-28 14:36:31,0
2026-01-28 14:36:32,0
2026-01-28 14:36:33,0
2026-01-28 14:36:34,0
2026-01-28 14:36:35,0
2026-01-28 14:36:36,0
2026-01-28 14:36:37,0
2026-01-28 14:36:38,0
2026-01-28 14:36:39,0
2026-01-28 14:36:40,0
2026-01-28 14:36:41,0
2026-01-28 14:36:42,0
2026-01-28 14:36:43,0
2026-01-28 14:36:54,7.73
2026-01-28 14:36:55,7.73
2026-01-28 14:36:56,7.73
2026-01-28 14:36:57,7.73
2026-01-28 14:36:58,7.73
2026-01-28 14:36:59,10.1
2026-01-28 14:37:00,10.1
2026-01-28 14:37:01,10.1
2026-01-28 14:37:02,10.1
2026-01-28 14:37:03,10.1
2026-01-28 14:37:04,8.43
2026-01-28 14:37:05,8.43
2026-01-28 14:37:06,8.43
2026-01-28 14:37:07,8.43
2026-01-28 14:37:08,8.43
2026-01-28 14:37:09,9.87
2026-01-28 14:37:10,9.87
2026-01-28 14:37:11,9.87
2026-01-28 14:37:12,9.87
2026-01-28 14:37:13,9.87
2026-01-28 14:37:14,7.59
2026-01-28 14:37:15,7.59
2026-01-28 14:37:16,7.59
2026-01-28 14:37:17,7.59
2026-01-28 14:37:18,7.59
2026-01-28 14:37:19,9.96
2026-01-28 14:37:20,9.96
2026-01-28 14:37:21,9.96
2026-01-28 14:37:22,9.96
2026-01-28 14:37:23,9.96
2026-01-28 14:37:24,7.67
2026-01-28 14:37:25,7.67
2026-01-28 14:37:26,7.67
2026-01-28 14:37:27,7.67
2026-01-28 14:37:28,7.67
2026-01-28 14:37:29,10.2
2026-01-28 14:37:30,10.2
2026-01-28 14:37:31,10.2
2026-01-28 14:37:32,10.2
2026-01-28 14:37:33,10.2
2026-01-28 14:37:34,7.67
2026-01-28 14:37:35,7.67
2026-01-28 14:37:36,7.67
2026-01-28 14:37:37,7.67
2026-01-28 14:37:38,7.67
2026-01-28 14:37:39,9.83
2026-01-28 14:37:40,9.83
2026-01-28 14:37:41,9.83
2026-01-28 14:37:42,9.83
2026-01-28 14:37:43,9.83
2026-01-28 14:37:44,7.58
2026-01-28 14:37:45,7.58
2026-01-28 14:37:46,7.58
2026-01-28 14:37:47,7.58
2026-01-28 14:37:48,7.58
2026-01-28 14:37:49,10.1
2026-01-28 14:37:50,10.1
2026-01-28 14:37:51,10.1
2026-01-28 14:37:52,10.1
2026-01-28 14:37:53,10.1
2026-01-28 14:37:54,7.58
2026-01-28 14:37:55,7.58
2026-01-28 14:37:56,7.58
2026-01-28 14:37:57,7.58
2026-01-28 14:37:58,7.58
2026-01-28 14:37:59,9.95
2026-01-28 14:38:00,9.95
2026-01-28 14:38:01,9.95
2026-01-28 14:38:02,9.95
2026-01-28 14:38:03,9.95
2026-01-28 14:38:04,7.82
2026-01-28 14:38:05,7.82
2026-01-28 14:38:06,7.82
2026-01-28 14:38:07,7.82
2026-01-28 14:38:08,7.82
2026-01-28 14:38:09,9.32
2026-01-28 14:38:10,9.32
2026-01-28 14:38:11,9.32
2026-01-28 14:38:12,9.32
2026-01-28 14:38:13,9.32
2026-01-28 14:38:14,6.56
2026-01-28 14:38:15,6.56
2026-01-28 14:38:16,6.56
2026-01-28 14:38:17,6.56
2026-01-28 14:38:18,6.56
2026-01-28 14:38:19,9.19
2026-01-28 14:38:20,9.19
2026-01-28 14:38:21,9.19
2026-01-28 14:38:22,9.19
2026-01-28 14:38:23,9.19
2026-01-28 14:38:24,7.13
2026-01-28 14:38:25,7.13
2026-01-28 14:38:26,7.13
2026-01-28 14:38:27,7.13
2026-01-28 14:38:28,7.13
2026-01-28 14:38:29,9.16
2026-01-28 14:38:30,9.16
2026-01-28 14:38:31,9.16
2026-01-28 14:38:32,9.16
2026-01-28 14:38:33,9.16
2026-01-28 14:38:34,6.46
2026-01-28 14:38:35,6.46
2026-01-28 14:38:36,6.46
2026-01-28 14:38:37,6.46
2026-01-28 14:38:38,6.46
2026-01-28 14:38:39,8.96
2026-01-28 14:38:40,8.96
2026-01-28 14:38:41,8.96
2026-01-28 14:38:42,8.96
2026-01-28 14:38:43,8.96
2026-01-28 14:38:44,6.64
2026-01-28 14:38:45,6.64
2026-01-28 14:38:46,6.64
2026-01-28 14:38:47,6.64
2026-01-28 14:38:48,6.64
2026-01-28 14:38:49,9.29
2026-01-28 14:38:50,9.29
2026-01-28 14:38:51,9.29
2026-01-28 14:38:52,9.29
2026-01-28 14:38:53,9.29
2026-01-28 14:38:54,6.61
2026-01-28 14:38:55,6.61
2026-01-28 14:38:56,6.61
2026-01-28 14:38:57,6.61
2026-01-28 14:38:58,6.61
2026-01-28 14:38:59,8.87
2026-01-28 14:39:00,8.87
2026-01-28 14:39:01,8.87
2026-01-28 14:39:02,8.87
2026-01-28 14:39:03,8.87
2026-01-28 14:39:04,6.81
2026-01-28 14:39:05,6.81
2026-01-28 14:39:06,6.81
2026-01-28 14:39:07,6.81
2026-01-28 14:39:08,6.81
2026-01-28 14:39:09,9.33
2026-01-28 14:39:10,9.33
2026-01-28 14:39:11,9.33
2026-01-28 14:39:12,9.33
2026-01-28 14:39:13,9.33
2026-01-28 14:39:14,6.60
2026-01-28 14:39:15,6.60
2026-01-28 14:39:16,6.60
2026-01-28 14:39:17,6.60
2026-01-28 14:39:18,6.60
2026-01-28 14:39:19,9.16
2026-01-28 14:39:20,9.16
2026-01-28 14:39:21,9.16
2026-01-28 14:39:22,9.16
2026-01-28 14:39:23,9.16
2026-01-28 14:39:24,6.83
2026-01-28 14:39:25,6.83
2026-01-28 14:39:26,6.83
2026-01-28 14:39:27,6.83
2026-01-28 14:39:28,6.83
2026-01-28 14:39:29,9.97
2026-01-28 14:39:30,9.97
2026-01-28 14:39:31,9.97
2026-01-28 14:39:32,9.97
2026-01-28 14:39:33,9.97
2026-01-28 14:39:34,7.58
2026-01-28 14:39:35,7.58
2026-01-28 14:39:36,7.58
2026-01-28 14:39:37,7.58
2026-01-28 14:39:38,7.58
2026-01-28 14:39:39,10.1
2026-01-28 14:39:40,10.1
2026-01-28 14:39:41,10.1
2026-01-28 14:39:42,10.1
2026-01-28 14:39:43,10.1
2026-01-28 14:39:44,7.60
2026-01-28 14:39:45,7.60
2026-01-28 14:39:46,7.60
2026-01-28 14:39:47,7.60
2026-01-28 14:39:48,7.60
2026-01-28 14:39:49,10.1
2026-01-28 14:39:50,10.1
2026-01-28 14:39:51,10.1
2026-01-28 14:39:52,10.1
2026-01-28 14:39:53,10.1
2026-01-28 14:39:54,7.64
2026-01-28 14:39:55,7.64
2026-01-28 14:39:56,7.64
2026-01-28 14:39:57,7.64
2026-01-28 14:39:58,7.64
2026-01-28 14:39:59,9.84
2026-01-28 14:40:00,9.84
2026-01-28 14:40:01,9.84
2026-01-28 14:40:02,9.84
2026-01-28 14:40:03,9.84
2026-01-28 14:40:04,7.65
2026-01-28 14:40:05,7.65
2026-01-28 14:40:06,7.65
2026-01-28 14:40:07,7.65
2026-01-28 14:40:08,7.65
2026-01-28 14:40:09,9.86
2026-01-28 14:40:10,9.86
2026-01-28 14:40:11,9.86
2026-01-28 14:40:12,9.86
2026-01-28 14:40:13,9.86
2026-01-28 14:40:14,6.72
2026-01-28 14:40:15,6.72
2026-01-28 14:40:16,6.72
2026-01-28 14:40:17,6.72
2026-01-28 14:40:18,6.72
2026-01-28 14:40:19,9.29
2026-01-28 14:40:20,9.29
2026-01-28 14:40:21,9.29
2026-01-28 14:40:22,9.29
2026-01-28 14:40:23,9.29
2026-01-28 14:40:24,6.98
2026-01-28 14:40:25,6.98
2026-01-28 14:40:26,6.98
2026-01-28 14:40:27,6.98
2026-01-28 14:40:28,6.98
2026-01-28 14:40:29,9.30
2026-01-28 14:40:30,9.30
2026-01-28 14:40:31,9.30
2026-01-28 14:40:32,9.30
2026-01-28 14:40:33,9.30
2026-01-28 14:40:34,6.67
2026-01-28 14:40:35,6.67
2026-01-28 14:40:36,6.67
2026-01-28 14:40:37,6.67
2026-01-28 14:40:38,6.67
2026-01-28 14:40:39,9.19
2026-01-28 14:40:40,9.19
2026-01-28 14:40:41,9.19
2026-01-28 14:40:42,9.19
2026-01-28 14:40:43,9.19
2026-01-28 14:40:44,6.72
2026-01-28 14:40:45,6.72
2026-01-28 14:40:46,6.72
2026-01-28 14:40:47,6.72
2026-01-28 14:40:48,6.72
2026-01-28 14:40:49,9.54
2026-01-28 14:40:50,9.54
2026-01-28 14:40:51,9.54
2026-01-28 14:40:52,9.54
2026-01-28 14:40:53,9.54
2026-01-28 14:40:54,6.89
2026-01-28 14:40:55,6.89
2026-01-28 14:40:56,6.89
2026-01-28 14:40:57,6.89
2026-01-28 14:40:58,6.89
2026-01-28 14:40:59,9.58
2026-01-28 14:41:00,9.58
2026-01-28 14:41:01,9.58
2026-01-28 14:41:02,9.58
2026-01-28 14:41:03,9.58
2026-01-28 14:41:04,5.77
2026-01-28 14:41:05,5.77
2026-01-28 14:41:06,5.77
2026-01-28 14:41:07,5.77
2026-01-28 14:41:08,5.77
2026-01-28 14:41:09,8.32
2026-01-28 14:41:10,8.32
2026-01-28 14:41:11,8.32
2026-01-28 14:41:12,8.32
2026-01-28 14:41:13,8.32
2026-01-28 14:41:14,5.80
2026-01-28 14:41:15,5.80
2026-01-28 14:41:16,5.80
2026-01-28 14:41:17,5.80
2026-01-28 14:41:18,5.80
2026-01-28 14:41:19,8.52
2026-01-28 14:41:20,8.52
2026-01-28 14:41:21,8.52
2026-01-28 14:41:22,8.52
2026-01-28 14:41:23,8.52
2026-01-28 14:41:24,5.93
2026-01-28 14:41:25,5.93
2026-01-28 14:41:26,5.93
2026-01-28 14:41:27,5.93
2026-01-28 14:41:28,5.93
2026-01-28 14:41:29,9.23
2026-01-28 14:41:30,9.23
2026-01-28 14:41:31,9.23
2026-01-28 14:41:32,9.23
2026-01-28 14:41:33,9.23
2026-01-28 14:41:34,5.72
2026-01-28 14:41:35,5.72
2026-01-28 14:41:36,5.72
2026-01-28 14:41:37,5.72
2026-01-28 14:41:38,5.72
2026-01-28 14:41:39,8.38
2026-01-28 14:41:40,8.38
2026-01-28 14:41:41,8.38
2026-01-28 14:41:42,8.38
2026-01-28 14:41:43,8.38
2026-01-28 14:41:44,5.82
2026-01-28 14:41:45,5.82
2026-01-28 14:41:46,5.82
2026-01-28 14:41:47,5.82
2026-01-28 14:41:48,5.82
2026-01-28 14:41:49,8.90
2026-01-28 14:41:50,8.90
2026-01-28 14:41:51,8.90
2026-01-28 14:41:52,8.90
2026-01-28 14:41:53,8.90
2026-01-28 14:41:54,5.59
2026-01-28 14:41:55,5.59
2026-01-28 14:41:56,5.59
2026-01-28 14:41:57,5.59
2026-01-28 14:41:58,5.59
2026-01-28 14:41:59,8.21
2026-01-28 14:42:00,8.21
2026-01-28 14:42:01,8.21
2026-01-28 14:42:02,8.21
2026-01-28 14:42:03,8.21
2026-01-28 14:42:04,5.80
2026-01-28 14:42:05,5.80
2026-01-28 14:42:06,5.80
2026-01-28 14:42:07,5.80
2026-01-28 14:42:08,5.80
2026-01-28 14:42:09,7.32
2026-01-28 14:42:10,7.32
2026-01-28 14:42:11,7.32
2026-01-28 14:42:12,7.32
2026-01-28 14:42:13,7.32
2026-01-28 14:42:14,6.46
2026-01-28 14:42:15,6.46
2026-01-28 14:42:16,6.46
2026-01-28 14:42:17,6.46
2026-01-28 14:42:18,6.46
2026-01-28 14:42:19,9.47
2026-01-28 14:42:20,9.47
2026-01-28 14:42:21,9.47
2026-01-28 14:42:22,9.47
2026-01-28 14:42:23,9.47
2026-01-28 14:42:24,6.89
2026-01-28 14:42:25,6.89
2026-01-28 14:42:26,6.89
2026-01-28 14:42:27,6.89
2026-01-28 14:42:28,6.89
2026-01-28 14:42:29,9.20
2026-01-28 14:42:30,9.20
2026-01-28 14:42:31,9.20
2026-01-28 14:42:32,9.20
2026-01-28 14:42:33,9.20
2026-01-28 14:42:34,6.51
2026-01-28 14:42:35,6.51
2026-01-28 14:42:36,6.51
2026-01-28 14:42:37,6.51
2026-01-28 14:42:38,6.51
2026-01-28 14:42:39,9.30
2026-01-28 14:42:40,9.30
2026-01-28 14:42:41,9.30
2026-01-28 14:42:42,9.30
2026-01-28 14:42:43,9.30
2026-01-28 14:42:44,7.85
2026-01-28 14:42:45,7.85
2026-01-28 14:42:46,7.85
2026-01-28 14:42:47,7.85
2026-01-28 14:42:48,7.85
2026-01-28 14:42:49,10.1
2026-01-28 14:42:50,10.1
2026-01-28 14:42:51,10.1
2026-01-28 14:42:52,10.1
2026-01-28 14:42:53,10.1
2026-01-28 14:42:54,7.43
2026-01-28 14:42:55,7.43
2026-01-28 14:42:56,7.43
2026-01-28 14:42:57,7.43
2026-01-28 14:42:58,7.43
2026-01-28 14:42:59,9.75
2026-01-28 14:43:00,9.75
2026-01-28 14:43:01,9.75
2026-01-28 14:43:02,9.75
2026-01-28 14:43:03,9.75
2026-01-28 14:43:04,7.62
2026-01-28 14:43:05,7.62
2026-01-28 14:43:06,7.62
2026-01-28 14:43:07,7.62
2026-01-28 14:43:08,7.62
2026-01-28 14:43:09,9.63
2026-01-28 14:43:10,9.63
2026-01-28 14:43:11,9.63
2026-01-28 14:43:12,9.63
2026-01-28 14:43:13,9.63
2026-01-28 14:43:14,7.40
2026-01-28 14:43:15,7.40
2026-01-28 14:43:16,7.40
2026-01-28 14:43:17,7.40
2026-01-28 14:43:18,7.40
2026-01-28 14:43:19,9.51
2026-01-28 14:43:20,9.51
2026-01-28 14:43:21,9.51
2026-01-28 14:43:22,9.51
2026-01-28 14:43:23,9.51
2026-01-28 14:43:24,7.85
2026-01-28 14:43:25,7.85
2026-01-28 14:43:26,7.85
2026-01-28 14:43:27,7.85
2026-01-28 14:43:28,7.85
2026-01-28 14:43:29,0
2026-01-28 14:43:30,0
2026-01-28 14:43:31,0
2026-01-28 14:43:32,0
2026-01-28 14:43:33,0
2026-01-28 14:43:34,0
2026-01-28 14:43:35,0
2026-01-28 14:43:36,0
2026-01-28 14:43:37,0
2026-01-28 14:43:38,0
2026-01-28 14:43:39,0
2026-01-28 14:43:40,0
2026-01-28 14:43:41,0
2026-01-28 14:43:42,0
2026-01-28 14:43:43,0
2026-01-28 14:43:44,0
2026-01-28 14:43:45,0
2026-01-28 14:43:46,0
2026-01-28 14:43:47,0
2026-01-28 14:43:48,0
2026-01-28 14:43:49,0
2026-01-28 14:43:50,0
2026-01-28 14:43:51,0
2026-01-28 14:43:52,0
2026-01-28 14:43:53,0
2026-01-28 14:43:54,0
2026-01-28 14:43:55,0
2026-01-28 14:43:56,0
2026-01-28 14:43:57,0
2026-01-28 14:43:58,0
2026-01-28 14:43:59,0
2026-01-28 14:44:00,0
2026-01-28 14:44:01,0
2026-01-28 14:44:02,0
2026-01-28 14:44:03,0
2026-01-28 14:44:04,0
2026-01-28 14:44:05,0
2026-01-28 14:44:06,0
2026-01-28 14:44:07,0
2026-01-28 14:44:08,0
2026-01-28 14:44:09,0
2026-01-28 14:44:10,0
2026-01-28 14:44:11,0
2026-01-28 14:44:12,0
2026-01-28 14:44:13,0
2026-01-28 14:44:14,0
2026-01-28 14:44:15,0
2026-01-28 14:44:16,0
2026-01-28 14:44:17,0
2026-01-28 14:44:18,0
2026-01-28 14:44:19,0
2026-01-28 14:44:20,0
2026-01-28 14:44:21,0
2026-01-28 14:44:22,0
2026-01-28 14:44:23,0
2026-01-28 14:44:24,0
2026-01-28 14:44:25,0
2026-01-28 14:44:26,0
2026-01-28 14:44:27,0
2026-01-28 14:44:28,0
2026-01-28 14:44:29,0
2026-01-28 14:44:30,0
2026-01-28 14:44:31,0
2026-01-28 14:44:32,0
2026-01-28 14:44:33,0
2026-01-28 14:44:34,0
2026-01-28 14:44:35,0
2026-01-28 14:44:36,0
2026-01-28 14:44:37,0
2026-01-28 14:44:38,0
2026-01-28 14:44:39,0
2026-01-28 14:44:40,0
2026-01-28 14:44:41,0
2026-01-28 14:44:42,0
2026-01-28 14:44:43,0
2026-01-28 14:44:44,0
2026-01-28 14:44:45,0
2026-01-28 14:44:46,0
2026-01-28 14:44:47,0
2026-01-28 14:44:48,0
2026-01-28 14:44:49,0
2026-01-28 14:44:50,0
2026-01-28 14:44:51,0
2026-01-28 14:44:52,0
2026-01-28 14:44:53,0
2026-01-28 14:44:54,0
2026-01-28 14:44:55,0
2026-01-28 14:44:56,0
2026-01-28 14:44:57,0
2026-01-28 14:44:58,0
2026-01-28 14:44:59,0
2026-01-28 14:45:00,0
2026-01-28 14:45:01,0
2026-01-28 14:45:02,0
2026-01-28 14:45:03,0
2026-01-28 14:45:24,2.58
2026-01-28 14:45:25,2.58
2026-01-28 14:45:26,2.58
2026-01-28 14:45:27,2.58
2026-01-28 14:45:28,2.58
2026-01-28 14:45:29,9.00
2026-01-28 14:45:30,9.00
2026-01-28 14:45:31,9.00
2026-01-28 14:45:32,9.00
2026-01-28 14:45:33,9.00
2026-01-28 14:45:34,7.25
2026-01-28 14:45:35,7.25
2026-01-28 14:45:36,7.25
2026-01-28 14:45:37,7.25
2026-01-28 14:45:38,7.25
2026-01-28 14:45:39,9.17
2026-01-28 14:45:40,9.17
2026-01-28 14:45:41,9.17
2026-01-28 14:45:42,9.17
2026-01-28 14:45:43,9.17
2026-01-28 14:45:44,6.67
2026-01-28 14:45:45,6.67
2026-01-28 14:45:46,6.67
2026-01-28 14:45:47,6.67
2026-01-28 14:45:48,6.67
2026-01-28 14:45:49,9.67
2026-01-28 14:45:50,9.67
2026-01-28 14:45:51,9.67
2026-01-28 14:45:52,9.67
2026-01-28 14:45:53,9.67
2026-01-28 14:45:54,6.62
2026-01-28 14:45:55,6.62
2026-01-28 14:45:56,6.62
2026-01-28 14:45:57,6.62
2026-01-28 14:45:58,6.62
2026-01-28 14:45:59,8.53
2026-01-28 14:46:00,8.53
2026-01-28 14:46:01,8.53
2026-01-28 14:46:02,8.53
2026-01-28 14:46:03,8.53
2026-01-28 14:46:04,7.58
2026-01-28 14:46:05,7.58
2026-01-28 14:46:06,7.58
2026-01-28 14:46:07,7.58
2026-01-28 14:46:08,7.58
2026-01-28 14:46:09,8.96
2026-01-28 14:46:10,8.96
2026-01-28 14:46:11,8.96
2026-01-28 14:46:12,8.96
2026-01-28 14:46:13,8.96
2026-01-28 14:46:14,6.43
2026-01-28 14:46:15,6.43
2026-01-28 14:46:16,6.43
2026-01-28 14:46:17,6.43
2026-01-28 14:46:18,6.43
2026-01-28 14:46:19,8.88
2026-01-28 14:46:20,8.88
2026-01-28 14:46:21,8.88
2026-01-28 14:46:22,8.88
2026-01-28 14:46:23,8.88
2026-01-28 14:46:24,6.61
2026-01-28 14:46:25,6.61
2026-01-28 14:46:26,6.61
2026-01-28 14:46:27,6.61
2026-01-28 14:46:28,6.61
2026-01-28 14:46:29,8.87
2026-01-28 14:46:30,8.87
2026-01-28 14:46:31,8.87
2026-01-28 14:46:32,8.87
2026-01-28 14:46:33,8.87
2026-01-28 14:46:34,6.50
2026-01-28 14:46:35,6.50
2026-01-28 14:46:36,6.50
2026-01-28 14:46:37,6.50
2026-01-28 14:46:38,6.50
2026-01-28 14:46:39,8.91
2026-01-28 14:46:40,8.91
2026-01-28 14:46:41,8.91
2026-01-28 14:46:42,8.91
2026-01-28 14:46:43,8.91
2026-01-28 14:46:44,6.64
2026-01-28 14:46:45,6.64
2026-01-28 14:46:46,6.64
2026-01-28 14:46:47,6.64
2026-01-28 14:46:48,6.64
2026-01-28 14:46:49,9.58
2026-01-28 14:46:50,9.58
2026-01-28 14:46:51,9.58
2026-01-28 14:46:52,9.58
2026-01-28 14:46:53,9.58
2026-01-28 14:46:54,6.63
2026-01-28 14:46:55,6.63
2026-01-28 14:46:56,6.63
2026-01-28 14:46:57,6.63
2026-01-28 14:46:58,6.63
2026-01-28 14:46:59,9.71
2026-01-28 14:47:00,9.71
2026-01-28 14:47:01,9.71
2026-01-28 14:47:02,9.71
2026-01-28 14:47:03,9.71
2026-01-28 14:47:04,5.66
2026-01-28 14:47:05,5.66
2026-01-28 14:47:06,5.66
2026-01-28 14:47:07,5.66
2026-01-28 14:47:08,5.66
2026-01-28 14:47:09,8.31
2026-01-28 14:47:10,8.31
2026-01-28 14:47:11,8.31
2026-01-28 14:47:12,8.31
2026-01-28 14:47:13,8.31
2026-01-28 14:47:14,5.55
2026-01-28 14:47:15,5.55
2026-01-28 14:47:16,5.55
2026-01-28 14:47:17,5.55
2026-01-28 14:47:18,5.55
2026-01-28 14:47:19,8.06
2026-01-28 14:47:20,8.06
2026-01-28 14:47:21,8.06
2026-01-28 14:47:22,8.06
2026-01-28 14:47:23,8.06
2026-01-28 14:47:24,5.79
2026-01-28 14:47:25,5.79
2026-01-28 14:47:26,5.79
2026-01-28 14:47:27,5.79
2026-01-28 14:47:28,5.79
2026-01-28 14:47:29,7.50
2026-01-28 14:47:30,7.50
2026-01-28 14:47:31,7.50
2026-01-28 14:47:32,7.50
2026-01-28 14:47:33,7.50
2026-01-28 14:47:34,4.61
2026-01-28 14:47:35,4.61
2026-01-28 14:47:36,4.61
2026-01-28 14:47:37,4.61
2026-01-28 14:47:38,4.61
2026-01-28 14:47:39,7.29
2026-01-28 14:47:40,7.29
2026-01-28 14:47:41,7.29
2026-01-28 14:47:42,7.29
2026-01-28 14:47:43,7.29
2026-01-28 14:47:44,5.80
2026-01-28 14:47:45,5.80
2026-01-28 14:47:46,5.80
2026-01-28 14:47:47,5.80
2026-01-28 14:47:48,5.80
2026-01-28 14:47:49,9.18
2026-01-28 14:47:50,9.18
2026-01-28 14:47:51,9.18
2026-01-28 14:47:52,9.18
2026-01-28 14:47:53,9.18
2026-01-28 14:47:54,5.58
2026-01-28 14:47:55,5.58
2026-01-28 14:47:56,5.58
2026-01-28 14:47:57,5.58
2026-01-28 14:47:58,5.58
2026-01-28 14:47:59,7.97
2026-01-28 14:48:00,7.97
2026-01-28 14:48:01,7.97
2026-01-28 14:48:02,7.97
2026-01-28 14:48:03,7.97
2026-01-28 14:48:04,5.78
2026-01-28 14:48:05,5.78
2026-01-28 14:48:06,5.78
2026-01-28 14:48:07,5.78
2026-01-28 14:48:08,5.78
2026-01-28 14:48:09,8.03
2026-01-28 14:48:10,8.03
2026-01-28 14:48:11,8.03
2026-01-28 14:48:12,8.03
2026-01-28 14:48:13,8.03
2026-01-28 14:48:14,5.61
2026-01-28 14:48:15,5.61
2026-01-28 14:48:16,5.61
2026-01-28 14:48:17,5.61
2026-01-28 14:48:18,5.61
2026-01-28 14:48:19,8.00
2026-01-28 14:48:20,8.00
2026-01-28 14:48:21,8.00
2026-01-28 14:48:22,8.00
2026-01-28 14:48:23,8.00
2026-01-28 14:48:24,5.75
2026-01-28 14:48:25,5.75
2026-01-28 14:48:26,5.75
2026-01-28 14:48:27,5.75
2026-01-28 14:48:28,5.75
2026-01-28 14:48:29,8.05
2026-01-28 14:48:30,8.05
2026-01-28 14:48:31,8.05
2026-01-28 14:48:32,8.05
2026-01-28 14:48:33,8.05
2026-01-28 14:48:34,5.61
2026-01-28 14:48:35,5.61
2026-01-28 14:48:36,5.61
2026-01-28 14:48:37,5.61
2026-01-28 14:48:38,5.61
2026-01-28 14:48:39,7.71
2026-01-28 14:48:40,7.71
2026-01-28 14:48:41,7.71
2026-01-28 14:48:42,7.71
2026-01-28 14:48:43,7.71
2026-01-28 14:48:44,5.48
2026-01-28 14:48:45,5.48
2026-01-28 14:48:46,5.48
2026-01-28 14:48:47,5.48
2026-01-28 14:48:48,5.48
2026-01-28 14:48:49,8.54
2026-01-28 14:48:50,8.54
2026-01-28 14:48:51,8.54
2026-01-28 14:48:52,8.54
2026-01-28 14:48:53,8.54
2026-01-28 14:48:54,5.69
2026-01-28 14:48:55,5.69
2026-01-28 14:48:56,5.69
2026-01-28 14:48:57,5.69
2026-01-28 14:48:58,5.69
2026-01-28 14:48:59,9.15
2026-01-28 14:49:00,9.15
2026-01-28 14:49:01,9.15
2026-01-28 14:49:02,9.15
2026-01-28 14:49:03,9.15
2026-01-28 14:49:04,6.98
2026-01-28 14:49:05,6.98
2026-01-28 14:49:06,6.98
2026-01-28 14:49:07,6.98
2026-01-28 14:49:08,6.98
2026-01-28 14:49:09,8.59
2026-01-28 14:49:10,8.59
2026-01-28 14:49:11,8.59
2026-01-28 14:49:12,8.59
2026-01-28 14:49:13,8.59
2026-01-28 14:49:14,6.84
2026-01-28 14:49:15,6.84
2026-01-28 14:49:16,6.84
2026-01-28 14:49:17,6.84
2026-01-28 14:49:18,6.84
2026-01-28 14:49:19,9.97
2026-01-28 14:49:20,9.97
2026-01-28 14:49:21,9.97
2026-01-28 14:49:22,9.97
2026-01-28 14:49:23,9.97
2026-01-28 14:49:24,6.83
2026-01-28 14:49:25,6.83
2026-01-28 14:49:26,6.83
2026-01-28 14:49:27,6.83
2026-01-28 14:49:28,6.83
2026-01-28 14:49:29,8.88
2026-01-28 14:49:30,8.88
2026-01-28 14:49:31,8.88
2026-01-28 14:49:32,8.88
2026-01-28 14:49:33,8.88
2026-01-28 14:49:34,6.48
2026-01-28 14:49:35,6.48
2026-01-28 14:49:36,6.48
2026-01-28 14:49:37,6.48
2026-01-28 14:49:38,6.48
2026-01-28 14:49:39,8.63
2026-01-28 14:49:40,8.63
2026-01-28 14:49:41,8.63
2026-01-28 14:49:42,8.63
2026-01-28 14:49:43,8.63
2026-01-28 14:49:44,6.61
2026-01-28 14:49:45,6.61
2026-01-28 14:49:46,6.61
2026-01-28 14:49:47,6.61
2026-01-28 14:49:48,6.61
2026-01-28 14:49:49,9.14
2026-01-28 14:49:50,9.14
2026-01-28 14:49:51,9.14
2026-01-28 14:49:52,9.14
2026-01-28 14:49:53,9.14
2026-01-28 14:49:54,6.73
2026-01-28 14:49:55,6.73
2026-01-28 14:49:56,6.73
2026-01-28 14:49:57,6.73
2026-01-28 14:49:58,6.73
2026-01-28 14:49:59,8.92
2026-01-28 14:50:00,8.92
2026-01-28 14:50:01,8.92
2026-01-28 14:50:02,8.92
2026-01-28 14:50:03,8.92
2026-01-28 14:50:04,6.74
2026-01-28 14:50:05,6.74
2026-01-28 14:50:06,6.74
2026-01-28 14:50:07,6.74
2026-01-28 14:50:08,6.74
2026-01-28 14:50:09,9.01
2026-01-28 14:50:10,9.01
2026-01-28 14:50:11,9.01
2026-01-28 14:50:12,9.01
2026-01-28 14:50:13,9.01
2026-01-28 14:50:14,6.52
2026-01-28 14:50:15,6.52
2026-01-28 14:50:16,6.52
2026-01-28 14:50:17,6.52
2026-01-28 14:50:18,6.52
2026-01-28 14:50:19,8.76
2026-01-28 14:50:20,8.76
2026-01-28 14:50:21,8.76
2026-01-28 14:50:22,8.76
2026-01-28 14:50:23,8.76
2026-01-28 14:50:24,6.74
2026-01-28 14:50:25,6.74
2026-01-28 14:50:26,6.74
2026-01-28 14:50:27,6.74
2026-01-28 14:50:28,6.74
2026-01-28 14:50:29,8.76
2026-01-28 14:50:30,8.76
2026-01-28 14:50:31,8.76
2026-01-28 14:50:32,8.76
2026-01-28 14:50:33,8.76
2026-01-28 14:50:34,6.63
2026-01-28 14:50:35,6.63
2026-01-28 14:50:36,6.63
2026-01-28 14:50:37,6.63
2026-01-28 14:50:38,6.63
2026-01-28 14:50:39,8.77
2026-01-28 14:50:40,8.77
2026-01-28 14:50:41,8.77
2026-01-28 14:50:42,8.77
2026-01-28 14:50:43,8.77
2026-01-28 14:50:44,6.70
2026-01-28 14:50:45,6.70
2026-01-28 14:50:46,6.70
2026-01-28 14:50:47,6.70
2026-01-28 14:50:48,6.70
2026-01-28 14:50:49,8.91
2026-01-28 14:50:50,8.91
2026-01-28 14:50:51,8.91
2026-01-28 14:50:52,8.91
2026-01-28 14:50:53,8.91
2026-01-28 14:50:54,6.63
2026-01-28 14:50:55,6.63
2026-01-28 14:50:56,6.63
2026-01-28 14:50:57,6.63
2026-01-28 14:50:58,6.63
2026-01-28 14:50:59,8.83
2026-01-28 14:51:00,8.83
2026-01-28 14:51:01,8.83
2026-01-28 14:51:02,8.83
2026-01-28 14:51:03,8.83
2026-01-28 14:51:04,6.53
2026-01-28 14:51:05,6.53
2026-01-28 14:51:06,6.53
2026-01-28 14:51:07,6.53
2026-01-28 14:51:08,6.53
2026-01-28 14:51:09,9.63
2026-01-28 14:51:10,9.63
2026-01-28 14:51:11,9.63
2026-01-28 14:51:12,9.63
2026-01-28 14:51:13,9.63
2026-01-28 14:51:14,7.97
2026-01-28 14:51:15,7.97
2026-01-28 14:51:16,7.97
2026-01-28 14:51:17,7.97
2026-01-28 14:51:18,7.97
2026-01-28 14:51:19,9.76
2026-01-28 14:51:20,9.76
2026-01-28 14:51:21,9.76
2026-01-28 14:51:22,9.76
2026-01-28 14:51:23,9.76
2026-01-28 14:51:24,7.53
2026-01-28 14:51:25,7.53
2026-01-28 14:51:26,7.53
2026-01-28 14:51:27,7.53
2026-01-28 14:51:28,7.53
2026-01-28 14:51:29,9.60
2026-01-28 14:51:30,9.60
2026-01-28 14:51:31,9.60
2026-01-28 14:51:32,9.60
2026-01-28 14:51:33,9.60
2026-01-28 14:51:34,7.57
2026-01-28 14:51:35,7.57
2026-01-28 14:51:36,7.57
2026-01-28 14:51:37,7.57
2026-01-28 14:51:38,7.57
2026-01-28 14:51:39,9.27
2026-01-28 14:51:40,9.27
2026-01-28 14:51:41,9.27
2026-01-28 14:51:42,9.27
2026-01-28 14:51:43,9.27
2026-01-28 14:51:44,7.46
2026-01-28 14:51:45,7.46
2026-01-28 14:51:46,7.46
2026-01-28 14:51:47,7.46
2026-01-28 14:51:48,7.46
2026-01-28 14:51:49,9.81
2026-01-28 14:51:50,9.81
2026-01-28 14:51:51,9.81
2026-01-28 14:51:52,9.81
2026-01-28 14:51:53,9.81
2026-01-28 14:51:54,7.50
2026-01-28 14:51:55,7.50
2026-01-28 14:51:56,7.50
2026-01-28 14:51:57,7.50
2026-01-28 14:51:58,7.50
2026-01-28 14:51:59,0
2026-01-28 14:52:00,0
2026-01-28 14:52:01,0
2026-01-28 14:52:02,0
2026-01-28 14:52:03,0
2026-01-28 14:52:04,0
2026-01-28 14:52:05,0
2026-01-28 14:52:06,0
2026-01-28 14:52:07,0
2026-01-28 14:52:08,0
2026-01-28 14:52:09,0
2026-01-28 14:52:10,0
2026-01-28 14:52:11,0
2026-01-28 14:52:12,0
2026-01-28 14:52:13,0
2026-01-28 14:52:14,0
2026-01-28 14:52:15,0
2026-01-28 14:52:16,0
2026-01-28 14:52:17,0
2026-01-28 14:52:18,0
2026-01-28 14:52:19,0
2026-01-28 14:52:20,0
2026-01-28 14:52:21,0
2026-01-28 14:52:22,0
2026-01-28 14:52:23,0
2026-01-28 14:52:24,0
2026-01-28 14:52:25,0
2026-01-28 14:52:26,0
2026-01-28 14:52:27,0
2026-01-28 14:52:28,0
2026-01-28 14:52:29,0
2026-01-28 14:52:30,0
2026-01-28 14:52:31,0
2026-01-28 14:52:32,0
2026-01-28 14:52:33,0
2026-01-28 14:52:34,0
2026-01-28 14:52:35,0
2026-01-28 14:52:36,0
2026-01-28 14:52:37,0
2026-01-28 14:52:38,0
2026-01-28 14:52:39,0
2026-01-28 14:52:40,0
2026-01-28 14:52:41,0
2026-01-28 14:52:42,0
2026-01-28 14:52:43,0
2026-01-28 14:52:44,0
2026-01-28 14:52:45,0
2026-01-28 14:52:46,0
2026-01-28 14:52:47,0
2026-01-28 14:52:48,0
2026-01-28 14:52:49,0
2026-01-28 14:52:50,0
2026-01-28 14:52:51,0
2026-01-28 14:52:52,0
2026-01-28 14:52:53,0
2026-01-28 14:52:54,0
2026-01-28 14:52:55,0
2026-01-28 14:52:56,0
2026-01-28 14:52:57,0
2026-01-28 14:52:58,0
2026-01-28 14:52:59,0
2026-01-28 14:53:00,0
2026-01-28 14:53:01,0
2026-01-28 14:53:02,0
2026-01-28 14:53:03,0
2026-01-28 14:53:04,0
2026-01-28 14:53:05,0
2026-01-28 14:53:06,0
2026-01-28 14:53:07,0
2026-01-28 14:53:08,0
2026-01-28 14:53:09,0
2026-01-28 14:53:10,0
2026-01-28 14:53:11,0
2026-01-28 14:53:12,0
2026-01-28 14:53:13,0
2026-01-28 14:53:14,0
2026-01-28 14:53:15,0
2026-01-28 14:53:16,0
2026-01-28 14:53:17,0
2026-01-28 14:53:18,0
2026-01-28 14:53:19,0
2026-01-28 14:53:20,0
2026-01-28 14:53:21,0
2026-01-28 14:53:22,0
2026-01-28 14:53:23,0
2026-01-28 14:53:24,0
2026-01-28 14:53:25,0
2026-01-28 14:53:26,0
2026-01-28 14:53:27,0
2026-01-28 14:53:28,0
2026-01-28 14:53:29,0
2026-01-28 14:53:30,0
2026-01-28 14:53:31,0
2026-01-28 14:53:32,0
2026-01-28 14:53:33,0
2026-01-28 14:54:19,4.54
2026-01-28 14:54:20,4.54
2026-01-28 14:54:21,4.54
2026-01-28 14:54:22,4.54
2026-01-28 14:54:23,4.54
2026-01-28 14:54:24,5.96
2026-01-28 14:54:25,5.96
2026-01-28 14:54:26,5.96
2026-01-28 14:54:27,5.96
2026-01-28 14:54:28,5.96
2026-01-28 14:54:29,8.51
2026-01-28 14:54:30,8.51
2026-01-28 14:54:31,8.51
2026-01-28 14:54:32,8.51
2026-01-28 14:54:33,8.51
2026-01-28 14:54:34,5.94
2026-01-28 14:54:35,5.94
2026-01-28 14:54:36,5.94
2026-01-28 14:54:37,5.94
2026-01-28 14:54:38,5.94
2026-01-28 14:54:39,7.84
2026-01-28 14:54:40,7.84
2026-01-28 14:54:41,7.84
2026-01-28 14:54:42,7.84
2026-01-28 14:54:43,7.84
2026-01-28 14:54:44,5.75
2026-01-28 14:54:45,5.75
2026-01-28 14:54:46,5.75
2026-01-28 14:54:47,5.75
2026-01-28 14:54:48,5.75
2026-01-28 14:54:49,8.06
2026-01-28 14:54:50,8.06
2026-01-28 14:54:51,8.06
2026-01-28 14:54:52,8.06
2026-01-28 14:54:53,8.06
2026-01-28 14:54:54,6.00
2026-01-28 14:54:55,6.00
2026-01-28 14:54:56,6.00
2026-01-28 14:54:57,6.00
2026-01-28 14:54:58,6.00
2026-01-28 14:54:59,7.62
2026-01-28 14:55:00,7.62
2026-01-28 14:55:01,7.62
2026-01-28 14:55:02,7.62
2026-01-28 14:55:03,7.62
2026-01-28 14:55:04,5.81
2026-01-28 14:55:05,5.81
2026-01-28 14:55:06,5.81
2026-01-28 14:55:07,5.81
2026-01-28 14:55:08,5.81
2026-01-28 14:55:09,7.67
2026-01-28 14:55:10,7.67
2026-01-28 14:55:11,7.67
2026-01-28 14:55:12,7.67
2026-01-28 14:55:13,7.67
2026-01-28 14:55:14,6.07
2026-01-28 14:55:15,6.07
2026-01-28 14:55:16,6.07
2026-01-28 14:55:17,6.07
2026-01-28 14:55:18,6.07
2026-01-28 14:55:19,8.08
2026-01-28 14:55:20,8.08
2026-01-28 14:55:21,8.08
2026-01-28 14:55:22,8.08
2026-01-28 14:55:23,8.08
2026-01-28 14:55:24,6.09
2026-01-28 14:55:25,6.09
2026-01-28 14:55:26,6.09
2026-01-28 14:55:27,6.09
2026-01-28 14:55:28,6.09
2026-01-28 14:55:29,7.85
2026-01-28 14:55:30,7.85
2026-01-28 14:55:31,7.85
2026-01-28 14:55:32,7.85
2026-01-28 14:55:33,7.85
2026-01-28 14:55:34,6.25
2026-01-28 14:55:35,6.25
2026-01-28 14:55:36,6.25
2026-01-28 14:55:37,6.25
2026-01-28 14:55:38,6.25
2026-01-28 14:55:39,7.75
2026-01-28 14:55:40,7.75
2026-01-28 14:55:41,7.75
2026-01-28 14:55:42,7.75
2026-01-28 14:55:43,7.75
2026-01-28 14:55:44,5.75
2026-01-28 14:55:45,5.75
2026-01-28 14:55:46,5.75
2026-01-28 14:55:47,5.75
2026-01-28 14:55:48,5.75
2026-01-28 14:55:49,9.25
2026-01-28 14:55:50,9.25
2026-01-28 14:55:51,9.25
2026-01-28 14:55:52,9.25
2026-01-28 14:55:53,9.25
2026-01-28 14:55:54,7.06
2026-01-28 14:55:55,7.06
2026-01-28 14:55:56,7.06
2026-01-28 14:55:57,7.06
2026-01-28 14:55:58,7.06
2026-01-28 14:55:59,8.94
2026-01-28 14:56:00,8.94
2026-01-28 14:56:01,8.94
2026-01-28 14:56:02,8.94
2026-01-28 14:56:03,8.94
2026-01-28 14:56:04,6.91
2026-01-28 14:56:05,6.91
2026-01-28 14:56:06,6.91
2026-01-28 14:56:07,6.91
2026-01-28 14:56:08,6.91
2026-01-28 14:56:09,8.61
2026-01-28 14:56:10,8.61
2026-01-28 14:56:11,8.61
2026-01-28 14:56:12,8.61
2026-01-28 14:56:13,8.61
2026-01-28 14:56:14,7.13
2026-01-28 14:56:15,7.13
2026-01-28 14:56:16,7.13
2026-01-28 14:56:17,7.13
2026-01-28 14:56:18,7.13
2026-01-28 14:56:19,7.65
2026-01-28 14:56:20,7.65
2026-01-28 14:56:21,7.65
2026-01-28 14:56:22,7.65
2026-01-28 14:56:23,7.65
2026-01-28 14:56:24,6.12
2026-01-28 14:56:25,6.12
2026-01-28 14:56:26,6.12
2026-01-28 14:56:27,6.12
2026-01-28 14:56:28,6.12
2026-01-28 14:56:29,8.06
2026-01-28 14:56:30,8.06
2026-01-28 14:56:31,8.06
2026-01-28 14:56:32,8.06
2026-01-28 14:56:33,8.06
2026-01-28 14:56:34,6.25
2026-01-28 14:56:35,6.25
2026-01-28 14:56:36,6.25
2026-01-28 14:56:37,6.25
2026-01-28 14:56:38,6.25
2026-01-28 14:56:39,7.85
2026-01-28 14:56:40,7.85
2026-01-28 14:56:41,7.85
2026-01-28 14:56:42,7.85
2026-01-28 14:56:43,7.85
2026-01-28 14:56:44,5.83
2026-01-28 14:56:45,5.83
2026-01-28 14:56:46,5.83
2026-01-28 14:56:47,5.83
2026-01-28 14:56:48,5.83
2026-01-28 14:56:49,8.06
2026-01-28 14:56:50,8.06
2026-01-28 14:56:51,8.06
2026-01-28 14:56:52,8.06
2026-01-28 14:56:53,8.06
2026-01-28 14:56:54,6.13
2026-01-28 14:56:55,6.13
2026-01-28 14:56:56,6.13
2026-01-28 14:56:57,6.13
2026-01-28 14:56:58,6.13
2026-01-28 14:56:59,6.89
2026-01-28 14:57:00,6.89
2026-01-28 14:57:01,6.89
2026-01-28 14:57:02,6.89
2026-01-28 14:57:03,6.89
2026-01-28 14:57:04,6.84
2026-01-28 14:57:05,6.84
2026-01-28 14:57:06,6.84
2026-01-28 14:57:07,6.84
2026-01-28 14:57:08,6.84
2026-01-28 14:57:09,9.21
2026-01-28 14:57:10,9.21
2026-01-28 14:57:11,9.21
2026-01-28 14:57:12,9.21
2026-01-28 14:57:13,9.21
2026-01-28 14:57:14,7.94
2026-01-28 14:57:15,7.94
2026-01-28 14:57:16,7.94
2026-01-28 14:57:17,7.94
2026-01-28 14:57:18,7.94
2026-01-28 14:57:19,7.36
2026-01-28 14:57:20,7.36
2026-01-28 14:57:21,7.36
2026-01-28 14:57:22,7.36
2026-01-28 14:57:23,7.36
2026-01-28 14:57:24,5.72
2026-01-28 14:57:25,5.72
2026-01-28 14:57:26,5.72
2026-01-28 14:57:27,5.72
2026-01-28 14:57:28,5.72
2026-01-28 14:57:29,8.10
2026-01-28 14:57:30,8.10
2026-01-28 14:57:31,8.10
2026-01-28 14:57:32,8.10
2026-01-28 14:57:33,8.10
2026-01-28 14:57:34,6.06
2026-01-28 14:57:35,6.06
2026-01-28 14:57:36,6.06
2026-01-28 14:57:37,6.06
2026-01-28 14:57:38,6.06
2026-01-28 14:57:39,7.55
2026-01-28 14:57:40,7.55
2026-01-28 14:57:41,7.55
2026-01-28 14:57:42,7.55
2026-01-28 14:57:43,7.55
2026-01-28 14:57:44,5.67
2026-01-28 14:57:45,5.67
2026-01-28 14:57:46,5.67
2026-01-28 14:57:47,5.67
2026-01-28 14:57:48,5.67
2026-01-28 14:57:49,9.32
2026-01-28 14:57:50,9.32
2026-01-28 14:57:51,9.32
2026-01-28 14:57:52,9.32
2026-01-28 14:57:53,9.32
2026-01-28 14:57:54,6.67
2026-01-28 14:57:55,6.67
2026-01-28 14:57:56,6.67
2026-01-28 14:57:57,6.67
2026-01-28 14:57:58,6.67
2026-01-28 14:57:59,8.31
2026-01-28 14:58:00,8.31
2026-01-28 14:58:01,8.31
2026-01-28 14:58:02,8.31
2026-01-28 14:58:03,8.31
2026-01-28 14:58:04,6.65
2026-01-28 14:58:05,6.65
2026-01-28 14:58:06,6.65
2026-01-28 14:58:07,6.65
2026-01-28 14:58:08,6.65
2026-01-28 14:58:09,8.37
2026-01-28 14:58:10,8.37
2026-01-28 14:58:11,8.37
2026-01-28 14:58:12,8.37
2026-01-28 14:58:13,8.37
2026-01-28 14:58:14,7.02
2026-01-28 14:58:15,7.02
2026-01-28 14:58:16,7.02
2026-01-28 14:58:17,7.02
2026-01-28 14:58:18,7.02
2026-01-28 14:58:19,8.07
2026-01-28 14:58:20,8.07
2026-01-28 14:58:21,8.07
2026-01-28 14:58:22,8.07
2026-01-28 14:58:23,8.07
2026-01-28 14:58:24,6.69
2026-01-28 14:58:25,6.69
2026-01-28 14:58:26,6.69
2026-01-28 14:58:27,6.69
2026-01-28 14:58:28,6.69
2026-01-28 14:58:29,8.23
2026-01-28 14:58:30,8.23
2026-01-28 14:58:31,8.23
2026-01-28 14:58:32,8.23
2026-01-28 14:58:33,8.23
2026-01-28 14:58:34,7.02
2026-01-28 14:58:35,7.02
2026-01-28 14:58:36,7.02
2026-01-28 14:58:37,7.02
2026-01-28 14:58:38,7.02
2026-01-28 14:58:39,8.62
2026-01-28 14:58:40,8.62
2026-01-28 14:58:41,8.62
2026-01-28 14:58:42,8.62
2026-01-28 14:58:43,8.62
2026-01-28 14:58:44,6.64
2026-01-28 14:58:45,6.64
2026-01-28 14:58:46,6.64
2026-01-28 14:58:47,6.64
2026-01-28 14:58:48,6.64
2026-01-28 14:58:49,8.60
2026-01-28 14:58:50,8.60
2026-01-28 14:58:51,8.60
2026-01-28 14:58:52,8.60
2026-01-28 14:58:53,8.60
2026-01-28 14:58:54,6.84
2026-01-28 14:58:55,6.84
2026-01-28 14:58:56,6.84
2026-01-28 14:58:57,6.84
2026-01-28 14:58:58,6.84
2026-01-28 14:58:59,8.35
2026-01-28 14:59:00,8.35
2026-01-28 14:59:01,8.35
2026-01-28 14:59:02,8.35
2026-01-28 14:59:03,8.35
2026-01-28 14:59:04,6.62
2026-01-28 14:59:05,6.62
2026-01-28 14:59:06,6.62
2026-01-28 14:59:07,6.62
2026-01-28 14:59:08,6.62
2026-01-28 14:59:09,8.39
2026-01-28 14:59:10,8.39
2026-01-28 14:59:11,8.39
2026-01-28 14:59:12,8.39
2026-01-28 14:59:13,8.39
2026-01-28 14:59:14,6.88
2026-01-28 14:59:15,6.88
2026-01-28 14:59:16,6.88
2026-01-28 14:59:17,6.88
2026-01-28 14:59:18,6.88
2026-01-28 14:59:19,8.21
2026-01-28 14:59:20,8.21
2026-01-28 14:59:21,8.21
2026-01-28 14:59:22,8.21
2026-01-28 14:59:23,8.21
2026-01-28 14:59:24,6.64
2026-01-28 14:59:25,6.64
2026-01-28 14:59:26,6.64
2026-01-28 14:59:27,6.64
2026-01-28 14:59:28,6.64
2026-01-28 14:59:29,8.28
2026-01-28 14:59:30,8.28
2026-01-28 14:59:31,8.28
2026-01-28 14:59:32,8.28
2026-01-28 14:59:33,8.28
2026-01-28 14:59:34,6.78
2026-01-28 14:59:35,6.78
2026-01-28 14:59:36,6.78
2026-01-28 14:59:37,6.78
2026-01-28 14:59:38,6.78
2026-01-28 14:59:39,9.61
2026-01-28 14:59:40,9.61
2026-01-28 14:59:41,9.61
2026-01-28 14:59:42,9.61
2026-01-28 14:59:43,9.61
2026-01-28 14:59:44,7.74
2026-01-28 14:59:45,7.74
2026-01-28 14:59:46,7.74
2026-01-28 14:59:47,7.74
2026-01-28 14:59:48,7.74
2026-01-28 14:59:49,9.54
2026-01-28 14:59:50,9.54
2026-01-28 14:59:51,9.54
2026-01-28 14:59:52,9.54
2026-01-28 14:59:53,9.54
2026-01-28 14:59:54,7.77
2026-01-28 14:59:55,7.77
2026-01-28 14:59:56,7.77
2026-01-28 14:59:57,7.77
2026-01-28 14:59:58,7.77
2026-01-28 14:59:59,8.95
2026-01-28 15:00:00,8.95
2026-01-28 15:00:01,8.95
2026-01-28 15:00:02,8.95
2026-01-28 15:00:03,8.95
2026-01-28 15:00:04,7.61
2026-01-28 15:00:05,7.61
2026-01-28 15:00:06,7.61
2026-01-28 15:00:07,7.61
2026-01-28 15:00:08,7.61
2026-01-28 15:00:09,9.26
2026-01-28 15:00:10,9.26
2026-01-28 15:00:11,9.26
2026-01-28 15:00:12,9.26
2026-01-28 15:00:13,9.26
2026-01-28 15:00:14,7.77
2026-01-28 15:00:15,7.77
2026-01-28 15:00:16,7.77
2026-01-28 15:00:17,7.77
2026-01-28 15:00:18,7.77
2026-01-28 15:00:19,9.06
2026-01-28 15:00:20,9.06
2026-01-28 15:00:21,9.06
2026-01-28 15:00:22,9.06
2026-01-28 15:00:23,9.06
2026-01-28 15:00:24,7.50
2026-01-28 15:00:25,7.50
2026-01-28 15:00:26,7.50
2026-01-28 15:00:27,7.50
2026-01-28 15:00:28,7.50
2026-01-28 15:00:29,10.2
2026-01-28 15:00:30,10.2
2026-01-28 15:00:31,10.2
2026-01-28 15:00:32,10.2
2026-01-28 15:00:33,10.2
2026-01-28 15:00:34,9.15
2026-01-28 15:00:35,9.15
2026-01-28 15:00:36,9.15
2026-01-28 15:00:37,9.15
2026-01-28 15:00:38,9.15
2026-01-28 15:00:39,10.2
2026-01-28 15:00:40,10.2
2026-01-28 15:00:41,10.2
2026-01-28 15:00:42,10.2
2026-01-28 15:00:43,10.2
2026-01-28 15:00:44,8.71
2026-01-28 15:00:45,8.71
2026-01-28 15:00:46,8.71
2026-01-28 15:00:47,8.71
2026-01-28 15:00:48,8.71
2026-01-28 15:00:49,10.9
2026-01-28 15:00:50,10.9
2026-01-28 15:00:51,10.9
2026-01-28 15:00:52,10.9
2026-01-28 15:00:53,10.9
2026-01-28 15:00:54,0
2026-01-28 15:00:55,0
2026-01-28 15:00:56,0
2026-01-28 15:00:57,0
2026-01-28 15:00:58,0
2026-01-28 15:00:59,0
2026-01-28 15:01:00,0
2026-01-28 15:01:01,0
2026-01-28 15:01:02,0
2026-01-28 15:01:03,0
2026-01-28 15:01:04,0
2026-01-28 15:01:05,0
2026-01-28 15:01:06,0
2026-01-28 15:01:07,0
2026-01-28 15:01:08,0
2026-01-28 15:01:09,0
2026-01-28 15:01:10,0
2026-01-28 15:01:11,0
2026-01-28 15:01:12,0
2026-01-28 15:01:13,0
2026-01-28 15:01:14,0
2026-01-28 15:01:15,0
2026-01-28 15:01:16,0
2026-01-28 15:01:17,0
2026-01-28 15:01:18,0
2026-01-28 15:01:19,0
2026-01-28 15:01:20,0
2026-01-28 15:01:21,0
2026-01-28 15:01:22,0
2026-01-28 15:01:23,0
2026-01-28 15:01:24,0
2026-01-28 15:01:25,0
2026-01-28 15:01:26,0
2026-01-28 15:01:27,0
2026-01-28 15:01:28,0
2026-01-28 15:01:29,0
2026-01-28 15:01:30,0
2026-01-28 15:01:31,0
2026-01-28 15:01:32,0
2026-01-28 15:01:33,0
2026-01-28 15:01:34,0
2026-01-28 15:01:35,0
2026-01-28 15:01:36,0
2026-01-28 15:01:37,0
2026-01-28 15:01:38,0
2026-01-28 15:01:39,0
2026-01-28 15:01:40,0
2026-01-28 15:01:41,0
2026-01-28 15:01:42,0
2026-01-28 15:01:43,0
2026-01-28 15:01:44,0
2026-01-28 15:01:45,0
2026-01-28 15:01:46,0
2026-01-28 15:01:47,0
2026-01-28 15:01:48,0
2026-01-28 15:01:49,0
2026-01-28 15:01:50,0
2026-01-28 15:01:51,0
2026-01-28 15:01:52,0
2026-01-28 15:01:53,0
2026-01-28 15:01:54,0
2026-01-28 15:01:55,0
2026-01-28 15:01:56,0
2026-01-28 15:01:57,0
2026-01-28 15:01:58,0
2026-01-28 15:01:59,0
2026-01-28 15:02:00,0
2026-01-28 15:02:01,0
2026-01-28 15:02:02,0
2026-01-28 15:02:03,0
2026-01-28 15:02:04,0
2026-01-28 15:02:05,0
2026-01-28 15:02:06,0
2026-01-28 15:02:07,0
2026-01-28 15:02:08,0
2026-01-28 15:02:09,0
2026-01-28 15:02:10,0
2026-01-28 15:02:11,0
2026-01-28 15:02:12,0
2026-01-28 15:02:13,0
2026-01-28 15:02:14,0
2026-01-28 15:02:15,0
2026-01-28 15:02:16,0
2026-01-28 15:02:17,0
2026-01-28 15:02:18,0
2026-01-28 15:02:19,0
2026-01-28 15:02:20,0
2026-01-28 15:02:21,0
2026-01-28 15:02:22,0
2026-01-28 15:02:23,0
2026-01-28 15:02:24,0
2026-01-28 15:02:25,0
2026-01-28 15:02:26,0
2026-01-28 15:02:27,0
2026-01-28 15:02:28,0
2026-01-28 15:03:59,8.56
2026-01-28 15:04:00,8.56
2026-01-28 15:04:01,8.56
2026-01-28 15:04:02,8.56
2026-01-28 15:04:03,8.56
2026-01-28 15:04:04,6.90
2026-01-28 15:04:05,6.90
2026-01-28 15:04:06,6.90
2026-01-28 15:04:07,6.90
2026-01-28 15:04:08,6.90
2026-01-28 15:04:09,8.81
2026-01-28 15:04:10,8.81
2026-01-28 15:04:11,8.81
2026-01-28 15:04:12,8.81
2026-01-28 15:04:13,8.81
2026-01-28 15:04:14,6.91
2026-01-28 15:04:15,6.91
2026-01-28 15:04:16,6.91
2026-01-28 15:04:17,6.91
2026-01-28 15:04:18,6.91
2026-01-28 15:04:19,7.43
2026-01-28 15:04:20,7.43
2026-01-28 15:04:21,7.43
2026-01-28 15:04:22,7.43
2026-01-28 15:04:23,7.43
2026-01-28 15:04:24,9.08
2026-01-28 15:04:25,9.08
2026-01-28 15:04:26,9.08
2026-01-28 15:04:27,9.08
2026-01-28 15:04:28,9.08
2026-01-28 15:04:29,7.40
2026-01-28 15:04:30,7.40
2026-01-28 15:04:31,7.40
2026-01-28 15:04:32,7.40
2026-01-28 15:04:33,7.40
2026-01-28 15:04:34,8.14
2026-01-28 15:04:35,8.14
2026-01-28 15:04:36,8.14
2026-01-28 15:04:37,8.14
2026-01-28 15:04:38,8.14
2026-01-28 15:04:39,7.48
2026-01-28 15:04:40,7.48
2026-01-28 15:04:41,7.48
2026-01-28 15:04:42,7.48
2026-01-28 15:04:43,7.48
2026-01-28 15:04:44,7.99
2026-01-28 15:04:45,7.99
2026-01-28 15:04:46,7.99
2026-01-28 15:04:47,7.99
2026-01-28 15:04:48,7.99
2026-01-28 15:04:49,7.50
2026-01-28 15:04:50,7.50
2026-01-28 15:04:51,7.50
2026-01-28 15:04:52,7.50
2026-01-28 15:04:53,7.50
2026-01-28 15:04:54,8.23
2026-01-28 15:04:55,8.23
2026-01-28 15:04:56,8.23
2026-01-28 15:04:57,8.23
2026-01-28 15:04:58,8.23
2026-01-28 15:04:59,7.43
2026-01-28 15:05:00,7.43
2026-01-28 15:05:01,7.43
2026-01-28 15:05:02,7.43
2026-01-28 15:05:03,7.43
2026-01-28 15:05:04,8.14
2026-01-28 15:05:05,8.14
2026-01-28 15:05:06,8.14
2026-01-28 15:05:07,8.14
2026-01-28 15:05:08,8.14
2026-01-28 15:05:09,7.52
2026-01-28 15:05:10,7.52
2026-01-28 15:05:11,7.52
2026-01-28 15:05:12,7.52
2026-01-28 15:05:13,7.52
2026-01-28 15:05:14,6.70
2026-01-28 15:05:15,6.70
2026-01-28 15:05:16,6.70
2026-01-28 15:05:17,6.70
2026-01-28 15:05:18,6.70
2026-01-28 15:05:19,7.76
2026-01-28 15:05:20,7.76
2026-01-28 15:05:21,7.76
2026-01-28 15:05:22,7.76
2026-01-28 15:05:23,7.76
2026-01-28 15:05:24,9.47
2026-01-28 15:05:25,9.47
2026-01-28 15:05:26,9.47
2026-01-28 15:05:27,9.47
2026-01-28 15:05:28,9.47
2026-01-28 15:05:29,6.87
2026-01-28 15:05:30,6.87
2026-01-28 15:05:31,6.87
2026-01-28 15:05:32,6.87
2026-01-28 15:05:33,6.87
2026-01-28 15:05:34,7.39
2026-01-28 15:05:35,7.39
2026-01-28 15:05:36,7.39
2026-01-28 15:05:37,7.39
2026-01-28 15:05:38,7.39
2026-01-28 15:05:39,6.48
2026-01-28 15:05:40,6.48
2026-01-28 15:05:41,6.48
2026-01-28 15:05:42,6.48
2026-01-28 15:05:43,6.48
2026-01-28 15:05:44,7.31
2026-01-28 15:05:45,7.31
2026-01-28 15:05:46,7.31
2026-01-28 15:05:47,7.31
2026-01-28 15:05:48,7.31
2026-01-28 15:05:49,6.47
2026-01-28 15:05:50,6.47
2026-01-28 15:05:51,6.47
2026-01-28 15:05:52,6.47
2026-01-28 15:05:53,6.47
2026-01-28 15:05:54,7.36
2026-01-28 15:05:55,7.36
2026-01-28 15:05:56,7.36
2026-01-28 15:05:57,7.36
2026-01-28 15:05:58,7.36
2026-01-28 15:05:59,6.38
2026-01-28 15:06:00,6.38
2026-01-28 15:06:01,6.38
2026-01-28 15:06:02,6.38
2026-01-28 15:06:03,6.38
2026-01-28 15:06:04,7.13
2026-01-28 15:06:05,7.13
2026-01-28 15:06:06,7.13
2026-01-28 15:06:07,7.13
2026-01-28 15:06:08,7.13
2026-01-28 15:06:09,6.17
2026-01-28 15:06:10,6.17
2026-01-28 15:06:11,6.17
2026-01-28 15:06:12,6.17
2026-01-28 15:06:13,6.17
2026-01-28 15:06:14,7.02
2026-01-28 15:06:15,7.02
2026-01-28 15:06:16,7.02
2026-01-28 15:06:17,7.02
2026-01-28 15:06:18,7.02
2026-01-28 15:06:19,7.74
2026-01-28 15:06:20,7.74
2026-01-28 15:06:21,7.74
2026-01-28 15:06:22,7.74
2026-01-28 15:06:23,7.74
2026-01-28 15:06:24,8.02
2026-01-28 15:06:25,8.02
2026-01-28 15:06:26,8.02
2026-01-28 15:06:27,8.02
2026-01-28 15:06:28,8.02
2026-01-28 15:06:29,7.26
2026-01-28 15:06:30,7.26
2026-01-28 15:06:31,7.26
2026-01-28 15:06:32,7.26
2026-01-28 15:06:33,7.26
2026-01-28 15:06:34,7.96
2026-01-28 15:06:35,7.96
2026-01-28 15:06:36,7.96
2026-01-28 15:06:37,7.96
2026-01-28 15:06:38,7.96
2026-01-28 15:06:39,7.33
2026-01-28 15:06:40,7.33
2026-01-28 15:06:41,7.33
2026-01-28 15:06:42,7.33
2026-01-28 15:06:43,7.33
2026-01-28 15:06:44,7.91
2026-01-28 15:06:45,7.91
2026-01-28 15:06:46,7.91
2026-01-28 15:06:47,7.91
2026-01-28 15:06:48,7.91
2026-01-28 15:06:49,7.19
2026-01-28 15:06:50,7.19
2026-01-28 15:06:51,7.19
2026-01-28 15:06:52,7.19
2026-01-28 15:06:53,7.19
2026-01-28 15:06:54,8.16
2026-01-28 15:06:55,8.16
2026-01-28 15:06:56,8.16
2026-01-28 15:06:57,8.16
2026-01-28 15:06:58,8.16
2026-01-28 15:06:59,7.34
2026-01-28 15:07:00,7.34
2026-01-28 15:07:01,7.34
2026-01-28 15:07:02,7.34
2026-01-28 15:07:03,7.34
2026-01-28 15:07:04,7.89
2026-01-28 15:07:05,7.89
2026-01-28 15:07:06,7.89
2026-01-28 15:07:07,7.89
2026-01-28 15:07:08,7.89
2026-01-28 15:07:09,7.12
2026-01-28 15:07:10,7.12
2026-01-28 15:07:11,7.12
2026-01-28 15:07:12,7.12
2026-01-28 15:07:13,7.12
2026-01-28 15:07:14,6.59
2026-01-28 15:07:15,6.59
2026-01-28 15:07:16,6.59
2026-01-28 15:07:17,6.59
2026-01-28 15:07:18,6.59
2026-01-28 15:07:19,7.82
2026-01-28 15:07:20,7.82
2026-01-28 15:07:21,7.82
2026-01-28 15:07:22,7.82
2026-01-28 15:07:23,7.82
2026-01-28 15:07:24,8.07
2026-01-28 15:07:25,8.07
2026-01-28 15:07:26,8.07
2026-01-28 15:07:27,8.07
2026-01-28 15:07:28,8.07
2026-01-28 15:07:29,7.16
2026-01-28 15:07:30,7.16
2026-01-28 15:07:31,7.16
2026-01-28 15:07:32,7.16
2026-01-28 15:07:33,7.16
2026-01-28 15:07:34,7.97
2026-01-28 15:07:35,7.97
2026-01-28 15:07:36,7.97
2026-01-28 15:07:37,7.97
2026-01-28 15:07:38,7.97
2026-01-28 15:07:39,7.40
2026-01-28 15:07:40,7.40
2026-01-28 15:07:41,7.40
2026-01-28 15:07:42,7.40
2026-01-28 15:07:43,7.40
2026-01-28 15:07:44,7.97
2026-01-28 15:07:45,7.97
2026-01-28 15:07:46,7.97
2026-01-28 15:07:47,7.97
2026-01-28 15:07:48,7.97
2026-01-28 15:07:49,7.30
2026-01-28 15:07:50,7.30
2026-01-28 15:07:51,7.30
2026-01-28 15:07:52,7.30
2026-01-28 15:07:53,7.30
2026-01-28 15:07:54,8.08
2026-01-28 15:07:55,8.08
2026-01-28 15:07:56,8.08
2026-01-28 15:07:57,8.08
2026-01-28 15:07:58,8.08
2026-01-28 15:07:59,6.96
2026-01-28 15:08:00,6.96
2026-01-28 15:08:01,6.96
2026-01-28 15:08:02,6.96
2026-01-28 15:08:03,6.96
2026-01-28 15:08:04,8.91
2026-01-28 15:08:05,8.91
2026-01-28 15:08:06,8.91
2026-01-28 15:08:07,8.91
2026-01-28 15:08:08,8.91
2026-01-28 15:08:09,8.92
2026-01-28 15:08:10,8.92
2026-01-28 15:08:11,8.92
2026-01-28 15:08:12,8.92
2026-01-28 15:08:13,8.92
2026-01-28 15:08:14,6.52
2026-01-28 15:08:15,6.52
2026-01-28 15:08:16,6.52
2026-01-28 15:08:17,6.52
2026-01-28 15:08:18,6.52
2026-01-28 15:08:19,7.38
2026-01-28 15:08:20,7.38
2026-01-28 15:08:21,7.38
2026-01-28 15:08:22,7.38
2026-01-28 15:08:23,7.38
2026-01-28 15:08:24,8.19
2026-01-28 15:08:25,8.19
2026-01-28 15:08:26,8.19
2026-01-28 15:08:27,8.19
2026-01-28 15:08:28,8.19
2026-01-28 15:08:29,7.04
2026-01-28 15:08:30,7.04
2026-01-28 15:08:31,7.04
2026-01-28 15:08:32,7.04
2026-01-28 15:08:33,7.04
2026-01-28 15:08:34,8.62
2026-01-28 15:08:35,8.62
2026-01-28 15:08:36,8.62
2026-01-28 15:08:37,8.62
2026-01-28 15:08:38,8.62
2026-01-28 15:08:39,8.48
2026-01-28 15:08:40,8.48
2026-01-28 15:08:41,8.48
2026-01-28 15:08:42,8.48
2026-01-28 15:08:43,8.48
2026-01-28 15:08:44,8.87
2026-01-28 15:08:45,8.87
2026-01-28 15:08:46,8.87
2026-01-28 15:08:47,8.87
2026-01-28 15:08:48,8.87
2026-01-28 15:08:49,8.10
2026-01-28 15:08:50,8.10
2026-01-28 15:08:51,8.10
2026-01-28 15:08:52,8.10
2026-01-28 15:08:53,8.10
2026-01-28 15:08:54,9.09
2026-01-28 15:08:55,9.09
2026-01-28 15:08:56,9.09
2026-01-28 15:08:57,9.09
2026-01-28 15:08:58,9.09
2026-01-28 15:08:59,8.27
2026-01-28 15:09:00,8.27
2026-01-28 15:09:01,8.27
2026-01-28 15:09:02,8.27
2026-01-28 15:09:03,8.27
2026-01-28 15:09:04,8.83
2026-01-28 15:09:05,8.83
2026-01-28 15:09:06,8.83
2026-01-28 15:09:07,8.83
2026-01-28 15:09:08,8.83
2026-01-28 15:09:09,8.06
2026-01-28 15:09:10,8.06
2026-01-28 15:09:11,8.06
2026-01-28 15:09:12,8.06
2026-01-28 15:09:13,8.06
2026-01-28 15:09:14,7.53
2026-01-28 15:09:15,7.53
2026-01-28 15:09:16,7.53
2026-01-28 15:09:17,7.53
2026-01-28 15:09:18,7.53
2026-01-28 15:09:19,8.20
2026-01-28 15:09:20,8.20
2026-01-28 15:09:21,8.20
2026-01-28 15:09:22,8.20
2026-01-28 15:09:23,8.20
2026-01-28 15:09:24,8.96
2026-01-28 15:09:25,8.96
2026-01-28 15:09:26,8.96
2026-01-28 15:09:27,8.96
2026-01-28 15:09:28,8.96
2026-01-28 15:09:29,8.27
2026-01-28 15:09:30,8.27
2026-01-28 15:09:31,8.27
2026-01-28 15:09:32,8.27
2026-01-28 15:09:33,8.27
2026-01-28 15:09:34,8.99
2026-01-28 15:09:35,8.99
2026-01-28 15:09:36,8.99
2026-01-28 15:09:37,8.99
2026-01-28 15:09:38,8.99
2026-01-28 15:09:39,7.53
2026-01-28 15:09:40,7.53
2026-01-28 15:09:41,7.53
2026-01-28 15:09:42,7.53
2026-01-28 15:09:43,7.53
2026-01-28 15:09:44,13.4
2026-01-28 15:09:45,13.4
2026-01-28 15:09:46,13.4
2026-01-28 15:09:47,13.4
2026-01-28 15:09:48,13.4
2026-01-28 15:09:49,9.44
2026-01-28 15:09:50,9.44
2026-01-28 15:09:51,9.44
2026-01-28 15:09:52,9.44
2026-01-28 15:09:53,9.44
2026-01-28 15:09:54,8.17
2026-01-28 15:09:55,8.17
2026-01-28 15:09:56,8.17
2026-01-28 15:09:57,8.17
2026-01-28 15:09:58,8.17
2026-01-28 15:09:59,7.25
2026-01-28 15:10:00,7.25
2026-01-28 15:10:01,7.25
2026-01-28 15:10:02,7.25
2026-01-28 15:10:03,7.25
2026-01-28 15:10:04,7.96
2026-01-28 15:10:05,7.96
2026-01-28 15:10:06,7.96
2026-01-28 15:10:07,7.96
2026-01-28 15:10:08,7.96
2026-01-28 15:10:09,7.18
2026-01-28 15:10:10,7.18
2026-01-28 15:10:11,7.18
2026-01-28 15:10:12,7.18
2026-01-28 15:10:13,7.18
2026-01-28 15:10:14,6.55
2026-01-28 15:10:15,6.55
2026-01-28 15:10:16,6.55
2026-01-28 15:10:17,6.55
2026-01-28 15:10:18,6.55
2026-01-28 15:10:19,7.32
2026-01-28 15:10:20,7.32
2026-01-28 15:10:21,7.32
2026-01-28 15:10:22,7.32
2026-01-28 15:10:23,7.32
2026-01-28 15:10:24,7.85
2026-01-28 15:10:25,7.85
2026-01-28 15:10:26,7.85
2026-01-28 15:10:27,7.85
2026-01-28 15:10:28,7.85
2026-01-28 15:10:29,7.24
2026-01-28 15:10:30,7.24
2026-01-28 15:10:31,7.24
2026-01-28 15:10:32,7.24
2026-01-28 15:10:33,7.24
2026-01-28 15:10:34,0
2026-01-28 15:10:35,0
2026-01-28 15:10:36,0
2026-01-28 15:10:37,0
2026-01-28 15:10:38,0
2026-01-28 15:10:39,0
2026-01-28 15:10:40,0
2026-01-28 15:10:41,0
2026-01-28 15:10:42,0
2026-01-28 15:10:43,0
2026-01-28 15:10:44,0
2026-01-28 15:10:45,0
2026-01-28 15:10:46,0
2026-01-28 15:10:47,0
2026-01-28 15:10:48,0
2026-01-28 15:10:49,0
2026-01-28 15:10:50,0
2026-01-28 15:10:51,0
2026-01-28 15:10:52,0
2026-01-28 15:10:53,0
2026-01-28 15:10:54,0
2026-01-28 15:10:55,0
2026-01-28 15:10:56,0
2026-01-28 15:10:57,0
2026-01-28 15:10:58,0
2026-01-28 15:10:59,0
2026-01-28 15:11:00,0
2026-01-28 15:11:01,0
2026-01-28 15:11:02,0
2026-01-28 15:11:03,0
2026-01-28 15:11:04,0
2026-01-28 15:11:05,0
2026-01-28 15:11:06,0
2026-01-28 15:11:07,0
2026-01-28 15:11:08,0
2026-01-28 15:11:09,0
2026-01-28 15:11:10,0
2026-01-28 15:11:11,0
2026-01-28 15:11:12,0
2026-01-28 15:11:13,0
2026-01-28 15:11:14,0
2026-01-28 15:11:15,0
2026-01-28 15:11:16,0
2026-01-28 15:11:17,0
2026-01-28 15:11:18,0
2026-01-28 15:11:19,0
2026-01-28 15:11:20,0
2026-01-28 15:11:21,0
2026-01-28 15:11:22,0
2026-01-28 15:11:23,0
2026-01-28 15:11:24,0
2026-01-28 15:11:25,0
2026-01-28 15:11:26,0
2026-01-28 15:11:27,0
2026-01-28 15:11:28,0
2026-01-28 15:11:29,0
2026-01-28 15:11:30,0
2026-01-28 15:11:31,0
2026-01-28 15:11:32,0
2026-01-28 15:11:33,0
2026-01-28 15:11:34,0
2026-01-28 15:11:35,0
2026-01-28 15:11:36,0
2026-01-28 15:11:37,0
2026-01-28 15:11:38,0
2026-01-28 15:11:39,0
2026-01-28 15:11:40,0
2026-01-28 15:11:41,0
2026-01-28 15:11:42,0
2026-01-28 15:11:43,0
2026-01-28 15:11:44,0
2026-01-28 15:11:45,0
2026-01-28 15:11:46,0
2026-01-28 15:11:47,0
2026-01-28 15:11:48,0
2026-01-28 15:11:49,0
2026-01-28 15:11:50,0
2026-01-28 15:11:51,0
2026-01-28 15:11:52,0
2026-01-28 15:11:53,0
2026-01-28 15:11:54,0
2026-01-28 15:11:55,0
2026-01-28 15:11:56,0
2026-01-28 15:11:57,0
2026-01-28 15:11:58,0
2026-01-28 15:11:59,0
2026-01-28 15:12:00,0
2026-01-28 15:12:01,0
2026-01-28 15:12:02,0
2026-01-28 15:12:03,0
2026-01-28 15:12:04,0
2026-01-28 15:12:05,0
2026-01-28 15:12:06,0
2026-01-28 15:12:07,0
2026-01-28 15:12:08,0
2026-01-28 15:14:09,2.79
2026-01-28 15:14:10,2.79
2026-01-28 15:14:11,2.79
2026-01-28 15:14:12,2.79
2026-01-28 15:14:13,2.79
2026-01-28 15:14:14,5.68
2026-01-28 15:14:15,5.68
2026-01-28 15:14:16,5.68
2026-01-28 15:14:17,5.68
2026-01-28 15:14:18,5.68
2026-01-28 15:14:19,6.70
2026-01-28 15:14:20,6.70
2026-01-28 15:14:21,6.70
2026-01-28 15:14:22,6.70
2026-01-28 15:14:23,6.70
2026-01-28 15:14:24,7.57
2026-01-28 15:14:25,7.57
2026-01-28 15:14:26,7.57
2026-01-28 15:14:27,7.57
2026-01-28 15:14:28,7.57
2026-01-28 15:14:29,6.29
2026-01-28 15:14:30,6.29
2026-01-28 15:14:31,6.29
2026-01-28 15:14:32,6.29
2026-01-28 15:14:33,6.29
2026-01-28 15:14:34,7.10
2026-01-28 15:14:35,7.10
2026-01-28 15:14:36,7.10
2026-01-28 15:14:37,7.10
2026-01-28 15:14:38,7.10
2026-01-28 15:14:39,6.48
2026-01-28 15:14:40,6.48
2026-01-28 15:14:41,6.48
2026-01-28 15:14:42,6.48
2026-01-28 15:14:43,6.48
2026-01-28 15:14:44,7.02
2026-01-28 15:14:45,7.02
2026-01-28 15:14:46,7.02
2026-01-28 15:14:47,7.02
2026-01-28 15:14:48,7.02
2026-01-28 15:14:49,6.43
2026-01-28 15:14:50,6.43
2026-01-28 15:14:51,6.43
2026-01-28 15:14:52,6.43
2026-01-28 15:14:53,6.43
2026-01-28 15:14:54,7.55
2026-01-28 15:14:55,7.55
2026-01-28 15:14:56,7.55
2026-01-28 15:14:57,7.55
2026-01-28 15:14:58,7.55
2026-01-28 15:14:59,6.66
2026-01-28 15:15:00,6.66
2026-01-28 15:15:01,6.66
2026-01-28 15:15:02,6.66
2026-01-28 15:15:03,6.66
2026-01-28 15:15:04,7.20
2026-01-28 15:15:05,7.20
2026-01-28 15:15:06,7.20
2026-01-28 15:15:07,7.20
2026-01-28 15:15:08,7.20
2026-01-28 15:15:09,6.42
2026-01-28 15:15:10,6.42
2026-01-28 15:15:11,6.42
2026-01-28 15:15:12,6.42
2026-01-28 15:15:13,6.42
2026-01-28 15:15:14,5.90
2026-01-28 15:15:15,5.90
2026-01-28 15:15:16,5.90
2026-01-28 15:15:17,5.90
2026-01-28 15:15:18,5.90
2026-01-28 15:15:19,6.69
2026-01-28 15:15:20,6.69
2026-01-28 15:15:21,6.69
2026-01-28 15:15:22,6.69
2026-01-28 15:15:23,6.69
2026-01-28 15:15:24,7.21
2026-01-28 15:15:25,7.21
2026-01-28 15:15:26,7.21
2026-01-28 15:15:27,7.21
2026-01-28 15:15:28,7.21
2026-01-28 15:15:29,6.42
2026-01-28 15:15:30,6.42
2026-01-28 15:15:31,6.42
2026-01-28 15:15:32,6.42
2026-01-28 15:15:33,6.42
2026-01-28 15:15:34,7.30
2026-01-28 15:15:35,7.30
2026-01-28 15:15:36,7.30
2026-01-28 15:15:37,7.30
2026-01-28 15:15:38,7.30
2026-01-28 15:15:39,6.51
2026-01-28 15:15:40,6.51
2026-01-28 15:15:41,6.51
2026-01-28 15:15:42,6.51
2026-01-28 15:15:43,6.51
2026-01-28 15:15:44,7.05
2026-01-28 15:15:45,7.05
2026-01-28 15:15:46,7.05
2026-01-28 15:15:47,7.05
2026-01-28 15:15:48,7.05
2026-01-28 15:15:49,6.45
2026-01-28 15:15:50,6.45
2026-01-28 15:15:51,6.45
2026-01-28 15:15:52,6.45
2026-01-28 15:15:53,6.45
2026-01-28 15:15:54,7.46
2026-01-28 15:15:55,7.46
2026-01-28 15:15:56,7.46
2026-01-28 15:15:57,7.46
2026-01-28 15:15:58,7.46
2026-01-28 15:15:59,6.68
2026-01-28 15:16:00,6.68
2026-01-28 15:16:01,6.68
2026-01-28 15:16:02,6.68
2026-01-28 15:16:03,6.68
2026-01-28 15:16:04,7.35
2026-01-28 15:16:05,7.35
2026-01-28 15:16:06,7.35
2026-01-28 15:16:07,7.35
2026-01-28 15:16:08,7.35
2026-01-28 15:16:09,6.39
2026-01-28 15:16:10,6.39
2026-01-28 15:16:11,6.39
2026-01-28 15:16:12,6.39
2026-01-28 15:16:13,6.39
2026-01-28 15:16:14,5.89
2026-01-28 15:16:15,5.89
2026-01-28 15:16:16,5.89
2026-01-28 15:16:17,5.89
2026-01-28 15:16:18,5.89
2026-01-28 15:16:19,5.35
2026-01-28 15:16:20,5.35
2026-01-28 15:16:21,5.35
2026-01-28 15:16:22,5.35
2026-01-28 15:16:23,5.35
2026-01-28 15:16:24,8.24
2026-01-28 15:16:25,8.24
2026-01-28 15:16:26,8.24
2026-01-28 15:16:27,8.24
2026-01-28 15:16:28,8.24
2026-01-28 15:16:29,8.77
2026-01-28 15:16:30,8.77
2026-01-28 15:16:31,8.77
2026-01-28 15:16:32,8.77
2026-01-28 15:16:33,8.77
2026-01-28 15:16:34,10.4
2026-01-28 15:16:35,10.4
2026-01-28 15:16:36,10.4
2026-01-28 15:16:37,10.4
2026-01-28 15:16:38,10.4
2026-01-28 15:16:39,9.20
2026-01-28 15:16:40,9.20
2026-01-28 15:16:41,9.20
2026-01-28 15:16:42,9.20
2026-01-28 15:16:43,9.20
2026-01-28 15:16:44,9.75
2026-01-28 15:16:45,9.75
2026-01-28 15:16:46,9.75
2026-01-28 15:16:47,9.75
2026-01-28 15:16:48,9.75
2026-01-28 15:16:49,8.62
2026-01-28 15:16:50,8.62
2026-01-28 15:16:51,8.62
2026-01-28 15:16:52,8.62
2026-01-28 15:16:53,8.62
2026-01-28 15:16:54,11.0
2026-01-28 15:16:55,11.0
2026-01-28 15:16:56,11.0
2026-01-28 15:16:57,11.0
2026-01-28 15:16:58,11.0
2026-01-28 15:16:59,8.65
2026-01-28 15:17:00,8.65
2026-01-28 15:17:01,8.65
2026-01-28 15:17:02,8.65
2026-01-28 15:17:03,8.65
2026-01-28 15:17:04,8.62
2026-01-28 15:17:05,8.62
2026-01-28 15:17:06,8.62
2026-01-28 15:17:07,8.62
2026-01-28 15:17:08,8.62
2026-01-28 15:17:09,7.96
2026-01-28 15:17:10,7.96
2026-01-28 15:17:11,7.96
2026-01-28 15:17:12,7.96
2026-01-28 15:17:13,7.96
2026-01-28 15:17:14,8.09
2026-01-28 15:17:15,8.09
2026-01-28 15:17:16,8.09
2026-01-28 15:17:17,8.09
2026-01-28 15:17:18,8.09
2026-01-28 15:17:19,8.28
2026-01-28 15:17:20,8.28
2026-01-28 15:17:21,8.28
2026-01-28 15:17:22,8.28
2026-01-28 15:17:23,8.28
2026-01-28 15:17:24,8.49
2026-01-28 15:17:25,8.49
2026-01-28 15:17:26,8.49
2026-01-28 15:17:27,8.49
2026-01-28 15:17:28,8.49
2026-01-28 15:17:29,7.94
2026-01-28 15:17:30,7.94
2026-01-28 15:17:31,7.94
2026-01-28 15:17:32,7.94
2026-01-28 15:17:33,7.94
2026-01-28 15:17:34,9.96
2026-01-28 15:17:35,9.96
2026-01-28 15:17:36,9.96
2026-01-28 15:17:37,9.96
2026-01-28 15:17:38,9.96
2026-01-28 15:17:39,7.71
2026-01-28 15:17:40,7.71
2026-01-28 15:17:41,7.71
2026-01-28 15:17:42,7.71
2026-01-28 15:17:43,7.71
2026-01-28 15:17:44,7.49
2026-01-28 15:17:45,7.49
2026-01-28 15:17:46,7.49
2026-01-28 15:17:47,7.49
2026-01-28 15:17:48,7.49
2026-01-28 15:17:49,6.98
2026-01-28 15:17:50,6.98
2026-01-28 15:17:51,6.98
2026-01-28 15:17:52,6.98
2026-01-28 15:17:53,6.98
2026-01-28 15:17:54,7.72
2026-01-28 15:17:55,7.72
2026-01-28 15:17:56,7.72
2026-01-28 15:17:57,7.72
2026-01-28 15:17:58,7.72
2026-01-28 15:17:59,6.85
2026-01-28 15:18:00,6.85
2026-01-28 15:18:01,6.85
2026-01-28 15:18:02,6.85
2026-01-28 15:18:03,6.85
2026-01-28 15:18:04,7.53
2026-01-28 15:18:05,7.53
2026-01-28 15:18:06,7.53
2026-01-28 15:18:07,7.53
2026-01-28 15:18:08,7.53
2026-01-28 15:18:09,7.15
2026-01-28 15:18:10,7.15
2026-01-28 15:18:11,7.15
2026-01-28 15:18:12,7.15
2026-01-28 15:18:13,7.15
2026-01-28 15:18:14,5.86
2026-01-28 15:18:15,5.86
2026-01-28 15:18:16,5.86
2026-01-28 15:18:17,5.86
2026-01-28 15:18:18,5.86
2026-01-28 15:18:19,6.13
2026-01-28 15:18:20,6.13
2026-01-28 15:18:21,6.13
2026-01-28 15:18:22,6.13
2026-01-28 15:18:23,6.13
2026-01-28 15:18:24,6.62
2026-01-28 15:18:25,6.62
2026-01-28 15:18:26,6.62
2026-01-28 15:18:27,6.62
2026-01-28 15:18:28,6.62
2026-01-28 15:18:29,6.80
2026-01-28 15:18:30,6.80
2026-01-28 15:18:31,6.80
2026-01-28 15:18:32,6.80
2026-01-28 15:18:33,6.80
2026-01-28 15:18:34,8.38
2026-01-28 15:18:35,8.38
2026-01-28 15:18:36,8.38
2026-01-28 15:18:37,8.38
2026-01-28 15:18:38,8.38
2026-01-28 15:18:39,7.27
2026-01-28 15:18:40,7.27
2026-01-28 15:18:41,7.27
2026-01-28 15:18:42,7.27
2026-01-28 15:18:43,7.27
2026-01-28 15:18:44,7.91
2026-01-28 15:18:45,7.91
2026-01-28 15:18:46,7.91
2026-01-28 15:18:47,7.91
2026-01-28 15:18:48,7.91
2026-01-28 15:18:49,7.28
2026-01-28 15:18:50,7.28
2026-01-28 15:18:51,7.28
2026-01-28 15:18:52,7.28
2026-01-28 15:18:53,7.28
2026-01-28 15:18:54,8.17
2026-01-28 15:18:55,8.17
2026-01-28 15:18:56,8.17
2026-01-28 15:18:57,8.17
2026-01-28 15:18:58,8.17
2026-01-28 15:18:59,7.28
2026-01-28 15:19:00,7.28
2026-01-28 15:19:01,7.28
2026-01-28 15:19:02,7.28
2026-01-28 15:19:03,7.28
2026-01-28 15:19:04,7.85
2026-01-28 15:19:05,7.85
2026-01-28 15:19:06,7.85
2026-01-28 15:19:07,7.85
2026-01-28 15:19:08,7.85
2026-01-28 15:19:09,7.37
2026-01-28 15:19:10,7.37
2026-01-28 15:19:11,7.37
2026-01-28 15:19:12,7.37
2026-01-28 15:19:13,7.37
2026-01-28 15:19:14,6.65
2026-01-28 15:19:15,6.65
2026-01-28 15:19:16,6.65
2026-01-28 15:19:17,6.65
2026-01-28 15:19:18,6.65
2026-01-28 15:19:19,7.90
2026-01-28 15:19:20,7.90
2026-01-28 15:19:21,7.90
2026-01-28 15:19:22,7.90
2026-01-28 15:19:23,7.90
2026-01-28 15:19:24,8.72
2026-01-28 15:19:25,8.72
2026-01-28 15:19:26,8.72
2026-01-28 15:19:27,8.72
2026-01-28 15:19:28,8.72
2026-01-28 15:19:29,7.18
2026-01-28 15:19:30,7.18
2026-01-28 15:19:31,7.18
2026-01-28 15:19:32,7.18
2026-01-28 15:19:33,7.18
2026-01-28 15:19:34,7.96
2026-01-28 15:19:35,7.96
2026-01-28 15:19:36,7.96
2026-01-28 15:19:37,7.96
2026-01-28 15:19:38,7.96
2026-01-28 15:19:39,7.49
2026-01-28 15:19:40,7.49
2026-01-28 15:19:41,7.49
2026-01-28 15:19:42,7.49
2026-01-28 15:19:43,7.49
2026-01-28 15:19:44,7.95
2026-01-28 15:19:45,7.95
2026-01-28 15:19:46,7.95
2026-01-28 15:19:47,7.95
2026-01-28 15:19:48,7.95
2026-01-28 15:19:49,7.41
2026-01-28 15:19:50,7.41
2026-01-28 15:19:51,7.41
2026-01-28 15:19:52,7.41
2026-01-28 15:19:53,7.41
2026-01-28 15:19:54,10.0
2026-01-28 15:19:55,10.0
2026-01-28 15:19:56,10.0
2026-01-28 15:19:57,10.0
2026-01-28 15:19:58,10.0
2026-01-28 15:19:59,7.68
2026-01-28 15:20:00,7.68
2026-01-28 15:20:01,7.68
2026-01-28 15:20:02,7.68
2026-01-28 15:20:03,7.68
2026-01-28 15:20:04,6.39
2026-01-28 15:20:05,6.39
2026-01-28 15:20:06,6.39
2026-01-28 15:20:07,6.39
2026-01-28 15:20:08,6.39
2026-01-28 15:20:09,7.47
2026-01-28 15:20:10,7.47
2026-01-28 15:20:11,7.47
2026-01-28 15:20:12,7.47
2026-01-28 15:20:13,7.47
2026-01-28 15:20:14,6.82
2026-01-28 15:20:15,6.82
2026-01-28 15:20:16,6.82
2026-01-28 15:20:17,6.82
2026-01-28 15:20:18,6.82
2026-01-28 15:20:19,7.86
2026-01-28 15:20:20,7.86
2026-01-28 15:20:21,7.86
2026-01-28 15:20:22,7.86
2026-01-28 15:20:23,7.86
2026-01-28 15:20:24,8.18
2026-01-28 15:20:25,8.18
2026-01-28 15:20:26,8.18
2026-01-28 15:20:27,8.18
2026-01-28 15:20:28,8.18
2026-01-28 15:20:29,7.34
2026-01-28 15:20:30,7.34
2026-01-28 15:20:31,7.34
2026-01-28 15:20:32,7.34
2026-01-28 15:20:33,7.34
2026-01-28 15:20:34,8.11
2026-01-28 15:20:35,8.11
2026-01-28 15:20:36,8.11
2026-01-28 15:20:37,8.11
2026-01-28 15:20:38,8.11
2026-01-28 15:20:39,7.46
2026-01-28 15:20:40,7.46
2026-01-28 15:20:41,7.46
2026-01-28 15:20:42,7.46
2026-01-28 15:20:43,7.46
2026-01-28 15:20:44,0
2026-01-28 15:20:45,0
2026-01-28 15:20:46,0
2026-01-28 15:20:47,0
2026-01-28 15:20:48,0
2026-01-28 15:20:49,0
2026-01-28 15:20:50,0
2026-01-28 15:20:51,0
2026-01-28 15:20:52,0
2026-01-28 15:20:53,0
2026-01-28 15:20:54,0
2026-01-28 15:20:55,0
2026-01-28 15:20:56,0
2026-01-28 15:20:57,0
2026-01-28 15:20:58,0
2026-01-28 15:20:59,0
2026-01-28 15:21:00,0
2026-01-28 15:21:01,0
2026-01-28 15:21:02,0
2026-01-28 15:21:03,0
2026-01-28 15:21:04,0
2026-01-28 15:21:05,0
2026-01-28 15:21:06,0
2026-01-28 15:21:07,0
2026-01-28 15:21:08,0
2026-01-28 15:21:09,0
2026-01-28 15:21:10,0
2026-01-28 15:21:11,0
2026-01-28 15:21:12,0
2026-01-28 15:21:13,0
2026-01-28 15:21:14,0
2026-01-28 15:21:15,0
2026-01-28 15:21:16,0
2026-01-28 15:21:17,0
2026-01-28 15:21:18,0
2026-01-28 15:21:19,0
2026-01-28 15:21:20,0
2026-01-28 15:21:21,0
2026-01-28 15:21:22,0
2026-01-28 15:21:23,0
2026-01-28 15:21:24,0
2026-01-28 15:21:25,0
2026-01-28 15:21:26,0
2026-01-28 15:21:27,0
2026-01-28 15:21:28,0
2026-01-28 15:21:29,0
2026-01-28 15:21:30,0
2026-01-28 15:21:31,0
2026-01-28 15:21:32,0
2026-01-28 15:21:33,0
2026-01-28 15:21:34,0
2026-01-28 15:21:35,0
2026-01-28 15:21:36,0
2026-01-28 15:21:37,0
2026-01-28 15:21:38,0
2026-01-28 15:21:39,0
2026-01-28 15:21:40,0
2026-01-28 15:21:41,0
2026-01-28 15:21:42,0
2026-01-28 15:21:43,0
2026-01-28 15:21:44,0
2026-01-28 15:21:45,0
2026-01-28 15:21:46,0
2026-01-28 15:21:47,0
2026-01-28 15:21:48,0
2026-01-28 15:21:49,0
2026-01-28 15:21:50,0
2026-01-28 15:21:51,0
2026-01-28 15:21:52,0
2026-01-28 15:21:53,0
2026-01-28 15:21:54,0
2026-01-28 15:21:55,0
2026-01-28 15:21:56,0
2026-01-28 15:21:57,0
2026-01-28 15:21:58,0
2026-01-28 15:21:59,0
2026-01-28 15:22:00,0
2026-01-28 15:22:01,0
2026-01-28 15:22:02,0
2026-01-28 15:22:03,0
2026-01-28 15:22:04,0
2026-01-28 15:22:05,0
2026-01-28 15:22:06,0
2026-01-28 15:22:07,0
2026-01-28 15:22:08,0
2026-01-28 15:22:09,0
2026-01-28 15:22:10,0
2026-01-28 15:22:11,0
2026-01-28 15:22:12,0
2026-01-28 15:22:13,0
2026-01-28 15:22:14,0
2026-01-28 15:22:15,0
2026-01-28 15:22:16,0
2026-01-28 15:22:17,0
2026-01-28 15:22:18,0
2026-01-28 15:22:29,3.77
2026-01-28 15:22:30,3.77
2026-01-28 15:22:31,3.77
2026-01-28 15:22:32,3.77
2026-01-28 15:22:33,3.77
2026-01-28 15:22:34,7.31
2026-01-28 15:22:35,7.31
2026-01-28 15:22:36,7.31
2026-01-28 15:22:37,7.31
2026-01-28 15:22:38,7.31
2026-01-28 15:22:39,6.69
2026-01-28 15:22:40,6.69
2026-01-28 15:22:41,6.69
2026-01-28 15:22:42,6.69
2026-01-28 15:22:43,6.69
2026-01-28 15:22:44,7.69
2026-01-28 15:22:45,7.69
2026-01-28 15:22:46,7.69
2026-01-28 15:22:47,7.69
2026-01-28 15:22:48,7.69
2026-01-28 15:22:49,6.51
2026-01-28 15:22:50,6.51
2026-01-28 15:22:51,6.51
2026-01-28 15:22:52,6.51
2026-01-28 15:22:53,6.51
2026-01-28 15:22:54,6.59
2026-01-28 15:22:55,6.59
2026-01-28 15:22:56,6.59
2026-01-28 15:22:57,6.59
2026-01-28 15:22:58,6.59
2026-01-28 15:22:59,7.54
2026-01-28 15:23:00,7.54
2026-01-28 15:23:01,7.54
2026-01-28 15:23:02,7.54
2026-01-28 15:23:03,7.54
2026-01-28 15:23:04,8.27
2026-01-28 15:23:05,8.27
2026-01-28 15:23:06,8.27
2026-01-28 15:23:07,8.27
2026-01-28 15:23:08,8.27
2026-01-28 15:23:09,7.17
2026-01-28 15:23:10,7.17
2026-01-28 15:23:11,7.17
2026-01-28 15:23:12,7.17
2026-01-28 15:23:13,7.17
2026-01-28 15:23:14,6.59
2026-01-28 15:23:15,6.59
2026-01-28 15:23:16,6.59
2026-01-28 15:23:17,6.59
2026-01-28 15:23:18,6.59
2026-01-28 15:23:19,7.44
2026-01-28 15:23:20,7.44
2026-01-28 15:23:21,7.44
2026-01-28 15:23:22,7.44
2026-01-28 15:23:23,7.44
2026-01-28 15:23:24,7.83
2026-01-28 15:23:25,7.83
2026-01-28 15:23:26,7.83
2026-01-28 15:23:27,7.83
2026-01-28 15:23:28,7.83
2026-01-28 15:23:29,7.34
2026-01-28 15:23:30,7.34
2026-01-28 15:23:31,7.34
2026-01-28 15:23:32,7.34
2026-01-28 15:23:33,7.34
2026-01-28 15:23:34,8.13
2026-01-28 15:23:35,8.13
2026-01-28 15:23:36,8.13
2026-01-28 15:23:37,8.13
2026-01-28 15:23:38,8.13
2026-01-28 15:23:39,7.45
2026-01-28 15:23:40,7.45
2026-01-28 15:23:41,7.45
2026-01-28 15:23:42,7.45
2026-01-28 15:23:43,7.45
2026-01-28 15:23:44,7.96
2026-01-28 15:23:45,7.96
2026-01-28 15:23:46,7.96
2026-01-28 15:23:47,7.96
2026-01-28 15:23:48,7.96
2026-01-28 15:23:49,7.39
2026-01-28 15:23:50,7.39
2026-01-28 15:23:51,7.39
2026-01-28 15:23:52,7.39
2026-01-28 15:23:53,7.39
2026-01-28 15:23:54,8.11
2026-01-28 15:23:55,8.11
2026-01-28 15:23:56,8.11
2026-01-28 15:23:57,8.11
2026-01-28 15:23:58,8.11
2026-01-28 15:23:59,7.32
2026-01-28 15:24:00,7.32
2026-01-28 15:24:01,7.32
2026-01-28 15:24:02,7.32
2026-01-28 15:24:03,7.32
2026-01-28 15:24:04,7.91
2026-01-28 15:24:05,7.91
2026-01-28 15:24:06,7.91
2026-01-28 15:24:07,7.91
2026-01-28 15:24:08,7.91
2026-01-28 15:24:09,6.75
2026-01-28 15:24:10,6.75
2026-01-28 15:24:11,6.75
2026-01-28 15:24:12,6.75
2026-01-28 15:24:13,6.75
2026-01-28 15:24:14,7.85
2026-01-28 15:24:15,7.85
2026-01-28 15:24:16,7.85
2026-01-28 15:24:17,7.85
2026-01-28 15:24:18,7.85
2026-01-28 15:24:19,8.32
2026-01-28 15:24:20,8.32
2026-01-28 15:24:21,8.32
2026-01-28 15:24:22,8.32
2026-01-28 15:24:23,8.32
2026-01-28 15:24:24,8.84
2026-01-28 15:24:25,8.84
2026-01-28 15:24:26,8.84
2026-01-28 15:24:27,8.84
2026-01-28 15:24:28,8.84
2026-01-28 15:24:29,8.13
2026-01-28 15:24:30,8.13
2026-01-28 15:24:31,8.13
2026-01-28 15:24:32,8.13
2026-01-28 15:24:33,8.13
2026-01-28 15:24:34,8.84
2026-01-28 15:24:35,8.84
2026-01-28 15:24:36,8.84
2026-01-28 15:24:37,8.84
2026-01-28 15:24:38,8.84
2026-01-28 15:24:39,8.51
2026-01-28 15:24:40,8.51
2026-01-28 15:24:41,8.51
2026-01-28 15:24:42,8.51
2026-01-28 15:24:43,8.51
2026-01-28 15:24:44,8.64
2026-01-28 15:24:45,8.64
2026-01-28 15:24:46,8.64
2026-01-28 15:24:47,8.64
2026-01-28 15:24:48,8.64
2026-01-28 15:24:49,8.41
2026-01-28 15:24:50,8.41
2026-01-28 15:24:51,8.41
2026-01-28 15:24:52,8.41
2026-01-28 15:24:53,8.41
2026-01-28 15:24:54,10.3
2026-01-28 15:24:55,10.3
2026-01-28 15:24:56,10.3
2026-01-28 15:24:57,10.3
2026-01-28 15:24:58,10.3
2026-01-28 15:24:59,9.15
2026-01-28 15:25:00,9.15
2026-01-28 15:25:01,9.15
2026-01-28 15:25:02,9.15
2026-01-28 15:25:03,9.15
2026-01-28 15:25:04,10.0
2026-01-28 15:25:05,10.0
2026-01-28 15:25:06,10.0
2026-01-28 15:25:07,10.0
2026-01-28 15:25:08,10.0
2026-01-28 15:25:09,8.83
2026-01-28 15:25:10,8.83
2026-01-28 15:25:11,8.83
2026-01-28 15:25:12,8.83
2026-01-28 15:25:13,8.83
2026-01-28 15:25:14,8.50
2026-01-28 15:25:15,8.50
2026-01-28 15:25:16,8.50
2026-01-28 15:25:17,8.50
2026-01-28 15:25:18,8.50
2026-01-28 15:25:19,8.94
2026-01-28 15:25:20,8.94
2026-01-28 15:25:21,8.94
2026-01-28 15:25:22,8.94
2026-01-28 15:25:23,8.94
2026-01-28 15:25:24,10.8
2026-01-28 15:25:25,10.8
2026-01-28 15:25:26,10.8
2026-01-28 15:25:27,10.8
2026-01-28 15:25:28,10.8
2026-01-28 15:25:29,8.73
2026-01-28 15:25:30,8.73
2026-01-28 15:25:31,8.73
2026-01-28 15:25:32,8.73
2026-01-28 15:25:33,8.73
2026-01-28 15:25:34,8.72
2026-01-28 15:25:35,8.72
2026-01-28 15:25:36,8.72
2026-01-28 15:25:37,8.72
2026-01-28 15:25:38,8.72
2026-01-28 15:25:39,8.24
2026-01-28 15:25:40,8.24
2026-01-28 15:25:41,8.24
2026-01-28 15:25:42,8.24
2026-01-28 15:25:43,8.24
2026-01-28 15:25:44,8.82
2026-01-28 15:25:45,8.82
2026-01-28 15:25:46,8.82
2026-01-28 15:25:47,8.82
2026-01-28 15:25:48,8.82
2026-01-28 15:25:49,8.29
2026-01-28 15:25:50,8.29
2026-01-28 15:25:51,8.29
2026-01-28 15:25:52,8.29
2026-01-28 15:25:53,8.29
2026-01-28 15:25:54,9.04
2026-01-28 15:25:55,9.04
2026-01-28 15:25:56,9.04
2026-01-28 15:25:57,9.04
2026-01-28 15:25:58,9.04
2026-01-28 15:25:59,8.22
2026-01-28 15:26:00,8.22
2026-01-28 15:26:01,8.22
2026-01-28 15:26:02,8.22
2026-01-28 15:26:03,8.22
2026-01-28 15:26:04,8.77
2026-01-28 15:26:05,8.77
2026-01-28 15:26:06,8.77
2026-01-28 15:26:07,8.77
2026-01-28 15:26:08,8.77
2026-01-28 15:26:09,8.02
2026-01-28 15:26:10,8.02
2026-01-28 15:26:11,8.02
2026-01-28 15:26:12,8.02
2026-01-28 15:26:13,8.02
2026-01-28 15:26:14,7.42
2026-01-28 15:26:15,7.42
2026-01-28 15:26:16,7.42
2026-01-28 15:26:17,7.42
2026-01-28 15:26:18,7.42
2026-01-28 15:26:19,8.20
2026-01-28 15:26:20,8.20
2026-01-28 15:26:21,8.20
2026-01-28 15:26:22,8.20
2026-01-28 15:26:23,8.20
2026-01-28 15:26:24,8.68
2026-01-28 15:26:25,8.68
2026-01-28 15:26:26,8.68
2026-01-28 15:26:27,8.68
2026-01-28 15:26:28,8.68
2026-01-28 15:26:29,7.95
2026-01-28 15:26:30,7.95
2026-01-28 15:26:31,7.95
2026-01-28 15:26:32,7.95
2026-01-28 15:26:33,7.95
2026-01-28 15:26:34,10.2
2026-01-28 15:26:35,10.2
2026-01-28 15:26:36,10.2
2026-01-28 15:26:37,10.2
2026-01-28 15:26:38,10.2
2026-01-28 15:26:39,8.35
2026-01-28 15:26:40,8.35
2026-01-28 15:26:41,8.35
2026-01-28 15:26:42,8.35
2026-01-28 15:26:43,8.35
2026-01-28 15:26:44,7.92
2026-01-28 15:26:45,7.92
2026-01-28 15:26:46,7.92
2026-01-28 15:26:47,7.92
2026-01-28 15:26:48,7.92
2026-01-28 15:26:49,7.52
2026-01-28 15:26:50,7.52
2026-01-28 15:26:51,7.52
2026-01-28 15:26:52,7.52
2026-01-28 15:26:53,7.52
2026-01-28 15:26:54,8.22
2026-01-28 15:26:55,8.22
2026-01-28 15:26:56,8.22
2026-01-28 15:26:57,8.22
2026-01-28 15:26:58,8.22
2026-01-28 15:26:59,7.58
2026-01-28 15:27:00,7.58
2026-01-28 15:27:01,7.58
2026-01-28 15:27:02,7.58
2026-01-28 15:27:03,7.58
2026-01-28 15:27:04,8.23
2026-01-28 15:27:05,8.23
2026-01-28 15:27:06,8.23
2026-01-28 15:27:07,8.23
2026-01-28 15:27:08,8.23
2026-01-28 15:27:09,7.59
2026-01-28 15:27:10,7.59
2026-01-28 15:27:11,7.59
2026-01-28 15:27:12,7.59
2026-01-28 15:27:13,7.59
2026-01-28 15:27:14,6.61
2026-01-28 15:27:15,6.61
2026-01-28 15:27:16,6.61
2026-01-28 15:27:17,6.61
2026-01-28 15:27:18,6.61
2026-01-28 15:27:19,7.37
2026-01-28 15:27:20,7.37
2026-01-28 15:27:21,7.37
2026-01-28 15:27:22,7.37
2026-01-28 15:27:23,7.37
2026-01-28 15:27:24,7.97
2026-01-28 15:27:25,7.97
2026-01-28 15:27:26,7.97
2026-01-28 15:27:27,7.97
2026-01-28 15:27:28,7.97
2026-01-28 15:27:29,7.21
2026-01-28 15:27:30,7.21
2026-01-28 15:27:31,7.21
2026-01-28 15:27:32,7.21
2026-01-28 15:27:33,7.21
2026-01-28 15:27:34,7.88
2026-01-28 15:27:35,7.88
2026-01-28 15:27:36,7.88
2026-01-28 15:27:37,7.88
2026-01-28 15:27:38,7.88
2026-01-28 15:27:39,7.37
2026-01-28 15:27:40,7.37
2026-01-28 15:27:41,7.37
2026-01-28 15:27:42,7.37
2026-01-28 15:27:43,7.37
2026-01-28 15:27:44,9.13
2026-01-28 15:27:45,9.13
2026-01-28 15:27:46,9.13
2026-01-28 15:27:47,9.13
2026-01-28 15:27:48,9.13
2026-01-28 15:27:49,6.79
2026-01-28 15:27:50,6.79
2026-01-28 15:27:51,6.79
2026-01-28 15:27:52,6.79
2026-01-28 15:27:53,6.79
2026-01-28 15:27:54,7.57
2026-01-28 15:27:55,7.57
2026-01-28 15:27:56,7.57
2026-01-28 15:27:57,7.57
2026-01-28 15:27:58,7.57
2026-01-28 15:27:59,6.65
2026-01-28 15:28:00,6.65
2026-01-28 15:28:01,6.65
2026-01-28 15:28:02,6.65
2026-01-28 15:28:03,6.65
2026-01-28 15:28:04,6.87
2026-01-28 15:28:05,6.87
2026-01-28 15:28:06,6.87
2026-01-28 15:28:07,6.87
2026-01-28 15:28:08,6.87
2026-01-28 15:28:09,6.95
2026-01-28 15:28:10,6.95
2026-01-28 15:28:11,6.95
2026-01-28 15:28:12,6.95
2026-01-28 15:28:13,6.95
2026-01-28 15:28:14,6.77
2026-01-28 15:28:15,6.77
2026-01-28 15:28:16,6.77
2026-01-28 15:28:17,6.77
2026-01-28 15:28:18,6.77
2026-01-28 15:28:19,7.82
2026-01-28 15:28:20,7.82
2026-01-28 15:28:21,7.82
2026-01-28 15:28:22,7.82
2026-01-28 15:28:23,7.82
2026-01-28 15:28:24,8.21
2026-01-28 15:28:25,8.21
2026-01-28 15:28:26,8.21
2026-01-28 15:28:27,8.21
2026-01-28 15:28:28,8.21
2026-01-28 15:28:29,7.39
2026-01-28 15:28:30,7.39
2026-01-28 15:28:31,7.39
2026-01-28 15:28:32,7.39
2026-01-28 15:28:33,7.39
2026-01-28 15:28:34,8.11
2026-01-28 15:28:35,8.11
2026-01-28 15:28:36,8.11
2026-01-28 15:28:37,8.11
2026-01-28 15:28:38,8.11
2026-01-28 15:28:39,7.64
2026-01-28 15:28:40,7.64
2026-01-28 15:28:41,7.64
2026-01-28 15:28:42,7.64
2026-01-28 15:28:43,7.64
2026-01-28 15:28:44,8.10
2026-01-28 15:28:45,8.10
2026-01-28 15:28:46,8.10
2026-01-28 15:28:47,8.10
2026-01-28 15:28:48,8.10
2026-01-28 15:28:49,7.42
2026-01-28 15:28:50,7.42
2026-01-28 15:28:51,7.42
2026-01-28 15:28:52,7.42
2026-01-28 15:28:53,7.42
2026-01-28 15:28:54,8.29
2026-01-28 15:28:55,8.29
2026-01-28 15:28:56,8.29
2026-01-28 15:28:57,8.29
2026-01-28 15:28:58,8.29
2026-01-28 15:28:59,7.77
2026-01-28 15:29:00,7.77
2026-01-28 15:29:01,7.77
2026-01-28 15:29:02,7.77
2026-01-28 15:29:03,7.77
2026-01-28 15:29:04,0
2026-01-28 15:29:05,0
2026-01-28 15:29:06,0
2026-01-28 15:29:07,0
2026-01-28 15:29:08,0
2026-01-28 15:29:09,0
2026-01-28 15:29:10,0
2026-01-28 15:29:11,0
2026-01-28 15:29:12,0
2026-01-28 15:29:13,0
2026-01-28 15:29:14,0
2026-01-28 15:29:15,0
2026-01-28 15:29:16,0
2026-01-28 15:29:17,0
2026-01-28 15:29:18,0
2026-01-28 15:29:19,0
2026-01-28 15:29:20,0
2026-01-28 15:29:21,0
2026-01-28 15:29:22,0
2026-01-28 15:29:23,0
2026-01-28 15:29:24,0
2026-01-28 15:29:25,0
2026-01-28 15:29:26,0
2026-01-28 15:29:27,0
2026-01-28 15:29:28,0
2026-01-28 15:29:29,0
2026-01-28 15:29:30,0
2026-01-28 15:29:31,0
2026-01-28 15:29:32,0
2026-01-28 15:29:33,0
2026-01-28 15:29:34,0
2026-01-28 15:29:35,0
2026-01-28 15:29:36,0
2026-01-28 15:29:37,0
2026-01-28 15:29:38,0
2026-01-28 15:29:39,0
2026-01-28 15:29:40,0
2026-01-28 15:29:41,0
2026-01-28 15:29:42,0
2026-01-28 15:29:43,0
2026-01-28 15:29:44,0
2026-01-28 15:29:45,0
2026-01-28 15:29:46,0
2026-01-28 15:29:47,0
2026-01-28 15:29:48,0
2026-01-28 15:29:49,0
2026-01-28 15:29:50,0
2026-01-28 15:29:51,0
2026-01-28 15:29:52,0
2026-01-28 15:29:53,0
2026-01-28 15:29:54,0
2026-01-28 15:29:55,0
2026-01-28 15:29:56,0
2026-01-28 15:29:57,0
2026-01-28 15:29:58,0
2026-01-28 15:29:59,0
2026-01-28 15:30:00,0
2026-01-28 15:30:01,0
2026-01-28 15:30:02,0
2026-01-28 15:30:03,0
2026-01-28 15:30:04,0
2026-01-28 15:30:05,0
2026-01-28 15:30:06,0
2026-01-28 15:30:07,0
2026-01-28 15:30:08,0
2026-01-28 15:30:09,0
2026-01-28 15:30:10,0
2026-01-28 15:30:11,0
2026-01-28 15:30:12,0
2026-01-28 15:30:13,0
2026-01-28 15:30:14,0
2026-01-28 15:30:15,0
2026-01-28 15:30:16,0
2026-01-28 15:30:17,0
2026-01-28 15:30:18,0
2026-01-28 15:30:19,0
2026-01-28 15:30:20,0
2026-01-28 15:30:21,0
2026-01-28 15:30:22,0
2026-01-28 15:30:23,0
2026-01-28 15:30:24,0
2026-01-28 15:30:25,0
2026-01-28 15:30:26,0
2026-01-28 15:30:27,0
2026-01-28 15:30:28,0
2026-01-28 15:30:29,0
2026-01-28 15:30:30,0
2026-01-28 15:30:31,0
2026-01-28 15:30:32,0
2026-01-28 15:30:33,0
2026-01-28 15:30:34,0
2026-01-28 15:30:35,0
2026-01-28 15:30:36,0
2026-01-28 15:30:37,0
2026-01-28 15:30:38,0
2026-01-28 15:31:04,5.49
2026-01-28 15:31:05,5.49
2026-01-28 15:31:06,5.49
2026-01-28 15:31:07,5.49
2026-01-28 15:31:08,5.49
2026-01-28 15:31:09,7.53
2026-01-28 15:31:10,7.53
2026-01-28 15:31:11,7.53
2026-01-28 15:31:12,7.53
2026-01-28 15:31:13,7.53
2026-01-28 15:31:14,6.57
2026-01-28 15:31:15,6.57
2026-01-28 15:31:16,6.57
2026-01-28 15:31:17,6.57
2026-01-28 15:31:18,6.57
2026-01-28 15:31:19,7.62
2026-01-28 15:31:20,7.62
2026-01-28 15:31:21,7.62
2026-01-28 15:31:22,7.62
2026-01-28 15:31:23,7.62
2026-01-28 15:31:24,8.01
2026-01-28 15:31:25,8.01
2026-01-28 15:31:26,8.01
2026-01-28 15:31:27,8.01
2026-01-28 15:31:28,8.01
2026-01-28 15:31:29,7.25
2026-01-28 15:31:30,7.25
2026-01-28 15:31:31,7.25
2026-01-28 15:31:32,7.25
2026-01-28 15:31:33,7.25
2026-01-28 15:31:34,9.89
2026-01-28 15:31:35,9.89
2026-01-28 15:31:36,9.89
2026-01-28 15:31:37,9.89
2026-01-28 15:31:38,9.89
2026-01-28 15:31:39,7.61
2026-01-28 15:31:40,7.61
2026-01-28 15:31:41,7.61
2026-01-28 15:31:42,7.61
2026-01-28 15:31:43,7.61
2026-01-28 15:31:44,9.72
2026-01-28 15:31:45,9.72
2026-01-28 15:31:46,9.72
2026-01-28 15:31:47,9.72
2026-01-28 15:31:48,9.72
2026-01-28 15:31:49,7.31
2026-01-28 15:31:50,7.31
2026-01-28 15:31:51,7.31
2026-01-28 15:31:52,7.31
2026-01-28 15:31:53,7.31
2026-01-28 15:31:54,6.02
2026-01-28 15:31:55,6.02
2026-01-28 15:31:56,6.02
2026-01-28 15:31:57,6.02
2026-01-28 15:31:58,6.02
2026-01-28 15:31:59,4.64
2026-01-28 15:32:00,4.64
2026-01-28 15:32:01,4.64
2026-01-28 15:32:02,4.64
2026-01-28 15:32:03,4.64
2026-01-28 15:32:04,7.08
2026-01-28 15:32:05,7.08
2026-01-28 15:32:06,7.08
2026-01-28 15:32:07,7.08
2026-01-28 15:32:08,7.08
2026-01-28 15:32:09,6.14
2026-01-28 15:32:10,6.14
2026-01-28 15:32:11,6.14
2026-01-28 15:32:12,6.14
2026-01-28 15:32:13,6.14
2026-01-28 15:32:14,5.55
2026-01-28 15:32:15,5.55
2026-01-28 15:32:16,5.55
2026-01-28 15:32:17,5.55
2026-01-28 15:32:18,5.55
2026-01-28 15:32:19,6.37
2026-01-28 15:32:20,6.37
2026-01-28 15:32:21,6.37
2026-01-28 15:32:22,6.37
2026-01-28 15:32:23,6.37
2026-01-28 15:32:24,6.92
2026-01-28 15:32:25,6.92
2026-01-28 15:32:26,6.92
2026-01-28 15:32:27,6.92
2026-01-28 15:32:28,6.92
2026-01-28 15:32:29,6.12
2026-01-28 15:32:30,6.12
2026-01-28 15:32:31,6.12
2026-01-28 15:32:32,6.12
2026-01-28 15:32:33,6.12
2026-01-28 15:32:34,6.90
2026-01-28 15:32:35,6.90
2026-01-28 15:32:36,6.90
2026-01-28 15:32:37,6.90
2026-01-28 15:32:38,6.90
2026-01-28 15:32:39,6.15
2026-01-28 15:32:40,6.15
2026-01-28 15:32:41,6.15
2026-01-28 15:32:42,6.15
2026-01-28 15:32:43,6.15
2026-01-28 15:32:44,6.79
2026-01-28 15:32:45,6.79
2026-01-28 15:32:46,6.79
2026-01-28 15:32:47,6.79
2026-01-28 15:32:48,6.79
2026-01-28 15:32:49,6.18
2026-01-28 15:32:50,6.18
2026-01-28 15:32:51,6.18
2026-01-28 15:32:52,6.18
2026-01-28 15:32:53,6.18
2026-01-28 15:32:54,7.01
2026-01-28 15:32:55,7.01
2026-01-28 15:32:56,7.01
2026-01-28 15:32:57,7.01
2026-01-28 15:32:58,7.01
2026-01-28 15:32:59,6.06
2026-01-28 15:33:00,6.06
2026-01-28 15:33:01,6.06
2026-01-28 15:33:02,6.06
2026-01-28 15:33:03,6.06
2026-01-28 15:33:04,6.71
2026-01-28 15:33:05,6.71
2026-01-28 15:33:06,6.71
2026-01-28 15:33:07,6.71
2026-01-28 15:33:08,6.71
2026-01-28 15:33:09,6.30
2026-01-28 15:33:10,6.30
2026-01-28 15:33:11,6.30
2026-01-28 15:33:12,6.30
2026-01-28 15:33:13,6.30
2026-01-28 15:33:14,6.88
2026-01-28 15:33:15,6.88
2026-01-28 15:33:16,6.88
2026-01-28 15:33:17,6.88
2026-01-28 15:33:18,6.88
2026-01-28 15:33:19,6.88
2026-01-28 15:33:20,6.88
2026-01-28 15:33:21,6.88
2026-01-28 15:33:22,6.88
2026-01-28 15:33:23,6.88
2026-01-28 15:33:24,9.22
2026-01-28 15:33:25,9.22
2026-01-28 15:33:26,9.22
2026-01-28 15:33:27,9.22
2026-01-28 15:33:28,9.22
2026-01-28 15:33:29,8.09
2026-01-28 15:33:30,8.09
2026-01-28 15:33:31,8.09
2026-01-28 15:33:32,8.09
2026-01-28 15:33:33,8.09
2026-01-28 15:33:34,9.07
2026-01-28 15:33:35,9.07
2026-01-28 15:33:36,9.07
2026-01-28 15:33:37,9.07
2026-01-28 15:33:38,9.07
2026-01-28 15:33:39,8.50
2026-01-28 15:33:40,8.50
2026-01-28 15:33:41,8.50
2026-01-28 15:33:42,8.50
2026-01-28 15:33:43,8.50
2026-01-28 15:33:44,8.97
2026-01-28 15:33:45,8.97
2026-01-28 15:33:46,8.97
2026-01-28 15:33:47,8.97
2026-01-28 15:33:48,8.97
2026-01-28 15:33:49,8.28
2026-01-28 15:33:50,8.28
2026-01-28 15:33:51,8.28
2026-01-28 15:33:52,8.28
2026-01-28 15:33:53,8.28
2026-01-28 15:33:54,9.09
2026-01-28 15:33:55,9.09
2026-01-28 15:33:56,9.09
2026-01-28 15:33:57,9.09
2026-01-28 15:33:58,9.09
2026-01-28 15:33:59,7.96
2026-01-28 15:34:00,7.96
2026-01-28 15:34:01,7.96
2026-01-28 15:34:02,7.96
2026-01-28 15:34:03,7.96
2026-01-28 15:34:04,8.66
2026-01-28 15:34:05,8.66
2026-01-28 15:34:06,8.66
2026-01-28 15:34:07,8.66
2026-01-28 15:34:08,8.66
2026-01-28 15:34:09,8.13
2026-01-28 15:34:10,8.13
2026-01-28 15:34:11,8.13
2026-01-28 15:34:12,8.13
2026-01-28 15:34:13,8.13
2026-01-28 15:34:14,7.49
2026-01-28 15:34:15,7.49
2026-01-28 15:34:16,7.49
2026-01-28 15:34:17,7.49
2026-01-28 15:34:18,7.49
2026-01-28 15:34:19,8.19
2026-01-28 15:34:20,8.19
2026-01-28 15:34:21,8.19
2026-01-28 15:34:22,8.19
2026-01-28 15:34:23,8.19
2026-01-28 15:34:24,11.5
2026-01-28 15:34:25,11.5
2026-01-28 15:34:26,11.5
2026-01-28 15:34:27,11.5
2026-01-28 15:34:28,11.5
2026-01-28 15:34:29,9.03
2026-01-28 15:34:30,9.03
2026-01-28 15:34:31,9.03
2026-01-28 15:34:32,9.03
2026-01-28 15:34:33,9.03
2026-01-28 15:34:34,8.09
2026-01-28 15:34:35,8.09
2026-01-28 15:34:36,8.09
2026-01-28 15:34:37,8.09
2026-01-28 15:34:38,8.09
2026-01-28 15:34:39,7.36
2026-01-28 15:34:40,7.36
2026-01-28 15:34:41,7.36
2026-01-28 15:34:42,7.36
2026-01-28 15:34:43,7.36
2026-01-28 15:34:44,8.05
2026-01-28 15:34:45,8.05
2026-01-28 15:34:46,8.05
2026-01-28 15:34:47,8.05
2026-01-28 15:34:48,8.05
2026-01-28 15:34:49,7.49
2026-01-28 15:34:50,7.49
2026-01-28 15:34:51,7.49
2026-01-28 15:34:52,7.49
2026-01-28 15:34:53,7.49
2026-01-28 15:34:54,8.28
2026-01-28 15:34:55,8.28
2026-01-28 15:34:56,8.28
2026-01-28 15:34:57,8.28
2026-01-28 15:34:58,8.28
2026-01-28 15:34:59,8.47
2026-01-28 15:35:00,8.47
2026-01-28 15:35:01,8.47
2026-01-28 15:35:02,8.47
2026-01-28 15:35:03,8.47
2026-01-28 15:35:04,7.33
2026-01-28 15:35:05,7.33
2026-01-28 15:35:06,7.33
2026-01-28 15:35:07,7.33
2026-01-28 15:35:08,7.33
2026-01-28 15:35:09,6.55
2026-01-28 15:35:10,6.55
2026-01-28 15:35:11,6.55
2026-01-28 15:35:12,6.55
2026-01-28 15:35:13,6.55
2026-01-28 15:35:14,5.72
2026-01-28 15:35:15,5.72
2026-01-28 15:35:16,5.72
2026-01-28 15:35:17,5.72
2026-01-28 15:35:18,5.72
2026-01-28 15:35:19,6.40
2026-01-28 15:35:20,6.40
2026-01-28 15:35:21,6.40
2026-01-28 15:35:22,6.40
2026-01-28 15:35:23,6.40
2026-01-28 15:35:24,7.14
2026-01-28 15:35:25,7.14
2026-01-28 15:35:26,7.14
2026-01-28 15:35:27,7.14
2026-01-28 15:35:28,7.14
2026-01-28 15:35:29,6.71
2026-01-28 15:35:30,6.71
2026-01-28 15:35:31,6.71
2026-01-28 15:35:32,6.71
2026-01-28 15:35:33,6.71
2026-01-28 15:35:34,7.53
2026-01-28 15:35:35,7.53
2026-01-28 15:35:36,7.53
2026-01-28 15:35:37,7.53
2026-01-28 15:35:38,7.53
2026-01-28 15:35:39,6.38
2026-01-28 15:35:40,6.38
2026-01-28 15:35:41,6.38
2026-01-28 15:35:42,6.38
2026-01-28 15:35:43,6.38
2026-01-28 15:35:44,7.11
2026-01-28 15:35:45,7.11
2026-01-28 15:35:46,7.11
2026-01-28 15:35:47,7.11
2026-01-28 15:35:48,7.11
2026-01-28 15:35:49,6.71
2026-01-28 15:35:50,6.71
2026-01-28 15:35:51,6.71
2026-01-28 15:35:52,6.71
2026-01-28 15:35:53,6.71
2026-01-28 15:35:54,7.48
2026-01-28 15:35:55,7.48
2026-01-28 15:35:56,7.48
2026-01-28 15:35:57,7.48
2026-01-28 15:35:58,7.48
2026-01-28 15:35:59,6.35
2026-01-28 15:36:00,6.35
2026-01-28 15:36:01,6.35
2026-01-28 15:36:02,6.35
2026-01-28 15:36:03,6.35
2026-01-28 15:36:04,7.20
2026-01-28 15:36:05,7.20
2026-01-28 15:36:06,7.20
2026-01-28 15:36:07,7.20
2026-01-28 15:36:08,7.20
2026-01-28 15:36:09,6.55
2026-01-28 15:36:10,6.55
2026-01-28 15:36:11,6.55
2026-01-28 15:36:12,6.55
2026-01-28 15:36:13,6.55
2026-01-28 15:36:14,5.19
2026-01-28 15:36:15,5.19
2026-01-28 15:36:16,5.19
2026-01-28 15:36:17,5.19
2026-01-28 15:36:18,5.19
2026-01-28 15:36:19,7.39
2026-01-28 15:36:20,7.39
2026-01-28 15:36:21,7.39
2026-01-28 15:36:22,7.39
2026-01-28 15:36:23,7.39
2026-01-28 15:36:24,8.31
2026-01-28 15:36:25,8.31
2026-01-28 15:36:26,8.31
2026-01-28 15:36:27,8.31
2026-01-28 15:36:28,8.31
2026-01-28 15:36:29,7.76
2026-01-28 15:36:30,7.76
2026-01-28 15:36:31,7.76
2026-01-28 15:36:32,7.76
2026-01-28 15:36:33,7.76
2026-01-28 15:36:34,8.41
2026-01-28 15:36:35,8.41
2026-01-28 15:36:36,8.41
2026-01-28 15:36:37,8.41
2026-01-28 15:36:38,8.41
2026-01-28 15:36:39,7.50
2026-01-28 15:36:40,7.50
2026-01-28 15:36:41,7.50
2026-01-28 15:36:42,7.50
2026-01-28 15:36:43,7.50
2026-01-28 15:36:44,8.10
2026-01-28 15:36:45,8.10
2026-01-28 15:36:46,8.10
2026-01-28 15:36:47,8.10
2026-01-28 15:36:48,8.10
2026-01-28 15:36:49,7.49
2026-01-28 15:36:50,7.49
2026-01-28 15:36:51,7.49
2026-01-28 15:36:52,7.49
2026-01-28 15:36:53,7.49
2026-01-28 15:36:54,8.14
2026-01-28 15:36:55,8.14
2026-01-28 15:36:56,8.14
2026-01-28 15:36:57,8.14
2026-01-28 15:36:58,8.14
2026-01-28 15:36:59,8.46
2026-01-28 15:37:00,8.46
2026-01-28 15:37:01,8.46
2026-01-28 15:37:02,8.46
2026-01-28 15:37:03,8.46
2026-01-28 15:37:04,9.02
2026-01-28 15:37:05,9.02
2026-01-28 15:37:06,9.02
2026-01-28 15:37:07,9.02
2026-01-28 15:37:08,9.02
2026-01-28 15:37:09,8.33
2026-01-28 15:37:10,8.33
2026-01-28 15:37:11,8.33
2026-01-28 15:37:12,8.33
2026-01-28 15:37:13,8.33
2026-01-28 15:37:14,7.67
2026-01-28 15:37:15,7.67
2026-01-28 15:37:16,7.67
2026-01-28 15:37:17,7.67
2026-01-28 15:37:18,7.67
2026-01-28 15:37:19,8.15
2026-01-28 15:37:20,8.15
2026-01-28 15:37:21,8.15
2026-01-28 15:37:22,8.15
2026-01-28 15:37:23,8.15
2026-01-28 15:37:24,8.85
2026-01-28 15:37:25,8.85
2026-01-28 15:37:26,8.85
2026-01-28 15:37:27,8.85
2026-01-28 15:37:28,8.85
2026-01-28 15:37:29,8.36
2026-01-28 15:37:30,8.36
2026-01-28 15:37:31,8.36
2026-01-28 15:37:32,8.36
2026-01-28 15:37:33,8.36
2026-01-28 15:37:34,8.95
2026-01-28 15:37:35,8.95
2026-01-28 15:37:36,8.95
2026-01-28 15:37:37,8.95
2026-01-28 15:37:38,8.95
2026-01-28 15:37:39,0
2026-01-28 15:37:40,0
2026-01-28 15:37:41,0
2026-01-28 15:37:42,0
2026-01-28 15:37:43,0
2026-01-28 15:37:44,0
2026-01-28 15:37:45,0
2026-01-28 15:37:46,0
2026-01-28 15:37:47,0
2026-01-28 15:37:48,0
2026-01-28 15:37:49,0
2026-01-28 15:37:50,0
2026-01-28 15:37:51,0
2026-01-28 15:37:52,0
2026-01-28 15:37:53,0
2026-01-28 15:37:54,0
2026-01-28 15:37:55,0
2026-01-28 15:37:56,0
2026-01-28 15:37:57,0
2026-01-28 15:37:58,0
2026-01-28 15:37:59,0
2026-01-28 15:38:00,0
2026-01-28 15:38:01,0
2026-01-28 15:38:02,0
2026-01-28 15:38:03,0
2026-01-28 15:38:04,0
2026-01-28 15:38:05,0
2026-01-28 15:38:06,0
2026-01-28 15:38:07,0
2026-01-28 15:38:08,0
2026-01-28 15:38:09,0
2026-01-28 15:38:10,0
2026-01-28 15:38:11,0
2026-01-28 15:38:12,0
2026-01-28 15:38:13,0
2026-01-28 15:38:14,0
2026-01-28 15:38:15,0
2026-01-28 15:38:16,0
2026-01-28 15:38:17,0
2026-01-28 15:38:18,0
2026-01-28 15:38:19,0
2026-01-28 15:38:20,0
2026-01-28 15:38:21,0
2026-01-28 15:38:22,0
2026-01-28 15:38:23,0
2026-01-28 15:38:24,0
2026-01-28 15:38:25,0
2026-01-28 15:38:26,0
2026-01-28 15:38:27,0
2026-01-28 15:38:28,0
2026-01-28 15:38:29,0
2026-01-28 15:38:30,0
2026-01-28 15:38:31,0
2026-01-28 15:38:32,0
2026-01-28 15:38:33,0
2026-01-28 15:38:34,0
2026-01-28 15:38:35,0
2026-01-28 15:38:36,0
2026-01-28 15:38:37,0
2026-01-28 15:38:38,0
2026-01-28 15:38:39,0
2026-01-28 15:38:40,0
2026-01-28 15:38:41,0
2026-01-28 15:38:42,0
2026-01-28 15:38:43,0
2026-01-28 15:38:44,0
2026-01-28 15:38:45,0
2026-01-28 15:38:46,0
2026-01-28 15:38:47,0
2026-01-28 15:38:48,0
2026-01-28 15:38:49,0
2026-01-28 15:38:50,0
2026-01-28 15:38:51,0
2026-01-28 15:38:52,0
2026-01-28 15:38:53,0
2026-01-28 15:38:54,0
2026-01-28 15:38:55,0
2026-01-28 15:38:56,0
2026-01-28 15:38:57,0
2026-01-28 15:38:58,0
2026-01-28 15:38:59,0
2026-01-28 15:39:00,0
2026-01-28 15:39:01,0
2026-01-28 15:39:02,0
2026-01-28 15:39:03,0
2026-01-28 15:39:04,0
2026-01-28 15:39:05,0
2026-01-28 15:39:06,0
2026-01-28 15:39:07,0
2026-01-28 15:39:08,0
2026-01-28 15:39:09,0
2026-01-28 15:39:10,0
2026-01-28 15:39:11,0
2026-01-28 15:39:12,0
2026-01-28 15:39:13,0
2026-01-28 15:39:59,1.38
2026-01-28 15:40:00,1.38
2026-01-28 15:40:01,1.38
2026-01-28 15:40:02,1.38
2026-01-28 15:40:03,1.38
2026-01-28 15:40:04,8.02
2026-01-28 15:40:05,8.02
2026-01-28 15:40:06,8.02
2026-01-28 15:40:07,8.02
2026-01-28 15:40:08,8.02
2026-01-28 15:40:09,8.39
2026-01-28 15:40:10,8.39
2026-01-28 15:40:11,8.39
2026-01-28 15:40:12,8.39
2026-01-28 15:40:13,8.39
2026-01-28 15:40:14,7.86
2026-01-28 15:40:15,7.86
2026-01-28 15:40:16,7.86
2026-01-28 15:40:17,7.86
2026-01-28 15:40:18,7.86
2026-01-28 15:40:19,8.24
2026-01-28 15:40:20,8.24
2026-01-28 15:40:21,8.24
2026-01-28 15:40:22,8.24
2026-01-28 15:40:23,8.24
2026-01-28 15:40:24,8.85
2026-01-28 15:40:25,8.85
2026-01-28 15:40:26,8.85
2026-01-28 15:40:27,8.85
2026-01-28 15:40:28,8.85
2026-01-28 15:40:29,8.26
2026-01-28 15:40:30,8.26
2026-01-28 15:40:31,8.26
2026-01-28 15:40:32,8.26
2026-01-28 15:40:33,8.26
2026-01-28 15:40:34,8.88
2026-01-28 15:40:35,8.88
2026-01-28 15:40:36,8.88
2026-01-28 15:40:37,8.88
2026-01-28 15:40:38,8.88
2026-01-28 15:40:39,8.14
2026-01-28 15:40:40,8.14
2026-01-28 15:40:41,8.14
2026-01-28 15:40:42,8.14
2026-01-28 15:40:43,8.14
2026-01-28 15:40:44,8.74
2026-01-28 15:40:45,8.74
2026-01-28 15:40:46,8.74
2026-01-28 15:40:47,8.74
2026-01-28 15:40:48,8.74
2026-01-28 15:40:49,8.37
2026-01-28 15:40:50,8.37
2026-01-28 15:40:51,8.37
2026-01-28 15:40:52,8.37
2026-01-28 15:40:53,8.37
2026-01-28 15:40:54,9.23
2026-01-28 15:40:55,9.23
2026-01-28 15:40:56,9.23
2026-01-28 15:40:57,9.23
2026-01-28 15:40:58,9.23
2026-01-28 15:40:59,8.24
2026-01-28 15:41:00,8.24
2026-01-28 15:41:01,8.24
2026-01-28 15:41:02,8.24
2026-01-28 15:41:03,8.24
2026-01-28 15:41:04,11.0
2026-01-28 15:41:05,11.0
2026-01-28 15:41:06,11.0
2026-01-28 15:41:07,11.0
2026-01-28 15:41:08,11.0
2026-01-28 15:41:09,8.93
2026-01-28 15:41:10,8.93
2026-01-28 15:41:11,8.93
2026-01-28 15:41:12,8.93
2026-01-28 15:41:13,8.93
2026-01-28 15:41:14,6.70
2026-01-28 15:41:15,6.70
2026-01-28 15:41:16,6.70
2026-01-28 15:41:17,6.70
2026-01-28 15:41:18,6.70
2026-01-28 15:41:19,7.35
2026-01-28 15:41:20,7.35
2026-01-28 15:41:21,7.35
2026-01-28 15:41:22,7.35
2026-01-28 15:41:23,7.35
2026-01-28 15:41:24,7.92
2026-01-28 15:41:25,7.92
2026-01-28 15:41:26,7.92
2026-01-28 15:41:27,7.92
2026-01-28 15:41:28,7.92
2026-01-28 15:41:29,7.30
2026-01-28 15:41:30,7.30
2026-01-28 15:41:31,7.30
2026-01-28 15:41:32,7.30
2026-01-28 15:41:33,7.30
2026-01-28 15:41:34,7.77
2026-01-28 15:41:35,7.77
2026-01-28 15:41:36,7.77
2026-01-28 15:41:37,7.77
2026-01-28 15:41:38,7.77
2026-01-28 15:41:39,8.25
2026-01-28 15:41:40,8.25
2026-01-28 15:41:41,8.25
2026-01-28 15:41:42,8.25
2026-01-28 15:41:43,8.25
2026-01-28 15:41:44,9.01
2026-01-28 15:41:45,9.01
2026-01-28 15:41:46,9.01
2026-01-28 15:41:47,9.01
2026-01-28 15:41:48,9.01
2026-01-28 15:41:49,7.71
2026-01-28 15:41:50,7.71
2026-01-28 15:41:51,7.71
2026-01-28 15:41:52,7.71
2026-01-28 15:41:53,7.71
2026-01-28 15:41:54,8.58
2026-01-28 15:41:55,8.58
2026-01-28 15:41:56,8.58
2026-01-28 15:41:57,8.58
2026-01-28 15:41:58,8.58
2026-01-28 15:41:59,7.66
2026-01-28 15:42:00,7.66
2026-01-28 15:42:01,7.66
2026-01-28 15:42:02,7.66
2026-01-28 15:42:03,7.66
2026-01-28 15:42:04,8.81
2026-01-28 15:42:05,8.81
2026-01-28 15:42:06,8.81
2026-01-28 15:42:07,8.81
2026-01-28 15:42:08,8.81
2026-01-28 15:42:09,7.55
2026-01-28 15:42:10,7.55
2026-01-28 15:42:11,7.55
2026-01-28 15:42:12,7.55
2026-01-28 15:42:13,7.55
2026-01-28 15:42:14,6.68
2026-01-28 15:42:15,6.68
2026-01-28 15:42:16,6.68
2026-01-28 15:42:17,6.68
2026-01-28 15:42:18,6.68
2026-01-28 15:42:19,7.31
2026-01-28 15:42:20,7.31
2026-01-28 15:42:21,7.31
2026-01-28 15:42:22,7.31
2026-01-28 15:42:23,7.31
2026-01-28 15:42:24,8.00
2026-01-28 15:42:25,8.00
2026-01-28 15:42:26,8.00
2026-01-28 15:42:27,8.00
2026-01-28 15:42:28,8.00
2026-01-28 15:42:29,7.39
2026-01-28 15:42:30,7.39
2026-01-28 15:42:31,7.39
2026-01-28 15:42:32,7.39
2026-01-28 15:42:33,7.39
2026-01-28 15:42:34,8.03
2026-01-28 15:42:35,8.03
2026-01-28 15:42:36,8.03
2026-01-28 15:42:37,8.03
2026-01-28 15:42:38,8.03
2026-01-28 15:42:39,7.32
2026-01-28 15:42:40,7.32
2026-01-28 15:42:41,7.32
2026-01-28 15:42:42,7.32
2026-01-28 15:42:43,7.32
2026-01-28 15:42:44,7.91
2026-01-28 15:42:45,7.91
2026-01-28 15:42:46,7.91
2026-01-28 15:42:47,7.91
2026-01-28 15:42:48,7.91
2026-01-28 15:42:49,7.47
2026-01-28 15:42:50,7.47
2026-01-28 15:42:51,7.47
2026-01-28 15:42:52,7.47
2026-01-28 15:42:53,7.47
2026-01-28 15:42:54,8.23
2026-01-28 15:42:55,8.23
2026-01-28 15:42:56,8.23
2026-01-28 15:42:57,8.23
2026-01-28 15:42:58,8.23
2026-01-28 15:42:59,7.33
2026-01-28 15:43:00,7.33
2026-01-28 15:43:01,7.33
2026-01-28 15:43:02,7.33
2026-01-28 15:43:03,7.33
2026-01-28 15:43:04,8.06
2026-01-28 15:43:05,8.06
2026-01-28 15:43:06,8.06
2026-01-28 15:43:07,8.06
2026-01-28 15:43:08,8.06
2026-01-28 15:43:09,7.52
2026-01-28 15:43:10,7.52
2026-01-28 15:43:11,7.52
2026-01-28 15:43:12,7.52
2026-01-28 15:43:13,7.52
2026-01-28 15:43:14,6.74
2026-01-28 15:43:15,6.74
2026-01-28 15:43:16,6.74
2026-01-28 15:43:17,6.74
2026-01-28 15:43:18,6.74
2026-01-28 15:43:19,7.34
2026-01-28 15:43:20,7.34
2026-01-28 15:43:21,7.34
2026-01-28 15:43:22,7.34
2026-01-28 15:43:23,7.34
2026-01-28 15:43:24,9.84
2026-01-28 15:43:25,9.84
2026-01-28 15:43:26,9.84
2026-01-28 15:43:27,9.84
2026-01-28 15:43:28,9.84
2026-01-28 15:43:29,8.01
2026-01-28 15:43:30,8.01
2026-01-28 15:43:31,8.01
2026-01-28 15:43:32,8.01
2026-01-28 15:43:33,8.01
2026-01-28 15:43:34,10.7
2026-01-28 15:43:35,10.7
2026-01-28 15:43:36,10.7
2026-01-28 15:43:37,10.7
2026-01-28 15:43:38,10.7
2026-01-28 15:43:39,7.89
2026-01-28 15:43:40,7.89
2026-01-28 15:43:41,7.89
2026-01-28 15:43:42,7.89
2026-01-28 15:43:43,7.89
2026-01-28 15:43:44,6.35
2026-01-28 15:43:45,6.35
2026-01-28 15:43:46,6.35
2026-01-28 15:43:47,6.35
2026-01-28 15:43:48,6.35
2026-01-28 15:43:49,5.86
2026-01-28 15:43:50,5.86
2026-01-28 15:43:51,5.86
2026-01-28 15:43:52,5.86
2026-01-28 15:43:53,5.86
2026-01-28 15:43:54,6.99
2026-01-28 15:43:55,6.99
2026-01-28 15:43:56,6.99
2026-01-28 15:43:57,6.99
2026-01-28 15:43:58,6.99
2026-01-28 15:43:59,5.38
2026-01-28 15:44:00,5.38
2026-01-28 15:44:01,5.38
2026-01-28 15:44:02,5.38
2026-01-28 15:44:03,5.38
2026-01-28 15:44:04,6.46
2026-01-28 15:44:05,6.46
2026-01-28 15:44:06,6.46
2026-01-28 15:44:07,6.46
2026-01-28 15:44:08,6.46
2026-01-28 15:44:09,5.98
2026-01-28 15:44:10,5.98
2026-01-28 15:44:11,5.98
2026-01-28 15:44:12,5.98
2026-01-28 15:44:13,5.98
2026-01-28 15:44:14,4.76
2026-01-28 15:44:15,4.76
2026-01-28 15:44:16,4.76
2026-01-28 15:44:17,4.76
2026-01-28 15:44:18,4.76
2026-01-28 15:44:19,4.69
2026-01-28 15:44:20,4.69
2026-01-28 15:44:21,4.69
2026-01-28 15:44:22,4.69
2026-01-28 15:44:23,4.69
2026-01-28 15:44:24,7.08
2026-01-28 15:44:25,7.08
2026-01-28 15:44:26,7.08
2026-01-28 15:44:27,7.08
2026-01-28 15:44:28,7.08
2026-01-28 15:44:29,6.73
2026-01-28 15:44:30,6.73
2026-01-28 15:44:31,6.73
2026-01-28 15:44:32,6.73
2026-01-28 15:44:33,6.73
2026-01-28 15:44:34,7.88
2026-01-28 15:44:35,7.88
2026-01-28 15:44:36,7.88
2026-01-28 15:44:37,7.88
2026-01-28 15:44:38,7.88
2026-01-28 15:44:39,6.60
2026-01-28 15:44:40,6.60
2026-01-28 15:44:41,6.60
2026-01-28 15:44:42,6.60
2026-01-28 15:44:43,6.60
2026-01-28 15:44:44,6.80
2026-01-28 15:44:45,6.80
2026-01-28 15:44:46,6.80
2026-01-28 15:44:47,6.80
2026-01-28 15:44:48,6.80
2026-01-28 15:44:49,6.54
2026-01-28 15:44:50,6.54
2026-01-28 15:44:51,6.54
2026-01-28 15:44:52,6.54
2026-01-28 15:44:53,6.54
2026-01-28 15:44:54,8.59
2026-01-28 15:44:55,8.59
2026-01-28 15:44:56,8.59
2026-01-28 15:44:57,8.59
2026-01-28 15:44:58,8.59
2026-01-28 15:44:59,7.58
2026-01-28 15:45:00,7.58
2026-01-28 15:45:01,7.58
2026-01-28 15:45:02,7.58
2026-01-28 15:45:03,7.58
2026-01-28 15:45:04,7.98
2026-01-28 15:45:05,7.98
2026-01-28 15:45:06,7.98
2026-01-28 15:45:07,7.98
2026-01-28 15:45:08,7.98
2026-01-28 15:45:09,7.06
2026-01-28 15:45:10,7.06
2026-01-28 15:45:11,7.06
2026-01-28 15:45:12,7.06
2026-01-28 15:45:13,7.06
2026-01-28 15:45:14,7.80
2026-01-28 15:45:15,7.80
2026-01-28 15:45:16,7.80
2026-01-28 15:45:17,7.80
2026-01-28 15:45:18,7.80
2026-01-28 15:45:19,8.37
2026-01-28 15:45:20,8.37
2026-01-28 15:45:21,8.37
2026-01-28 15:45:22,8.37
2026-01-28 15:45:23,8.37
2026-01-28 15:45:24,8.98
2026-01-28 15:45:25,8.98
2026-01-28 15:45:26,8.98
2026-01-28 15:45:27,8.98
2026-01-28 15:45:28,8.98
2026-01-28 15:45:29,8.27
2026-01-28 15:45:30,8.27
2026-01-28 15:45:31,8.27
2026-01-28 15:45:32,8.27
2026-01-28 15:45:33,8.27
2026-01-28 15:45:34,9.00
2026-01-28 15:45:35,9.00
2026-01-28 15:45:36,9.00
2026-01-28 15:45:37,9.00
2026-01-28 15:45:38,9.00
2026-01-28 15:45:39,8.35
2026-01-28 15:45:40,8.35
2026-01-28 15:45:41,8.35
2026-01-28 15:45:42,8.35
2026-01-28 15:45:43,8.35
2026-01-28 15:45:44,8.89
2026-01-28 15:45:45,8.89
2026-01-28 15:45:46,8.89
2026-01-28 15:45:47,8.89
2026-01-28 15:45:48,8.89
2026-01-28 15:45:49,9.36
2026-01-28 15:45:50,9.36
2026-01-28 15:45:51,9.36
2026-01-28 15:45:52,9.36
2026-01-28 15:45:53,9.36
2026-01-28 15:45:54,8.48
2026-01-28 15:45:55,8.48
2026-01-28 15:45:56,8.48
2026-01-28 15:45:57,8.48
2026-01-28 15:45:58,8.48
2026-01-28 15:45:59,7.28
2026-01-28 15:46:00,7.28
2026-01-28 15:46:01,7.28
2026-01-28 15:46:02,7.28
2026-01-28 15:46:03,7.28
2026-01-28 15:46:04,7.81
2026-01-28 15:46:05,7.81
2026-01-28 15:46:06,7.81
2026-01-28 15:46:07,7.81
2026-01-28 15:46:08,7.81
2026-01-28 15:46:09,7.29
2026-01-28 15:46:10,7.29
2026-01-28 15:46:11,7.29
2026-01-28 15:46:12,7.29
2026-01-28 15:46:13,7.29
2026-01-28 15:46:14,6.76
2026-01-28 15:46:15,6.76
2026-01-28 15:46:16,6.76
2026-01-28 15:46:17,6.76
2026-01-28 15:46:18,6.76
2026-01-28 15:46:19,9.64
2026-01-28 15:46:20,9.64
2026-01-28 15:46:21,9.64
2026-01-28 15:46:22,9.64
2026-01-28 15:46:23,9.64
2026-01-28 15:46:24,8.59
2026-01-28 15:46:25,8.59
2026-01-28 15:46:26,8.59
2026-01-28 15:46:27,8.59
2026-01-28 15:46:28,8.59
2026-01-28 15:46:29,6.27
2026-01-28 15:46:30,6.27
2026-01-28 15:46:31,6.27
2026-01-28 15:46:32,6.27
2026-01-28 15:46:33,6.27
2026-01-28 15:46:34,0
2026-01-28 15:46:35,0
2026-01-28 15:46:36,0
2026-01-28 15:46:37,0
2026-01-28 15:46:38,0
2026-01-28 15:46:39,0
2026-01-28 15:46:40,0
2026-01-28 15:46:41,0
2026-01-28 15:46:42,0
2026-01-28 15:46:43,0
2026-01-28 15:46:44,0
2026-01-28 15:46:45,0
2026-01-28 15:46:46,0
2026-01-28 15:46:47,0
2026-01-28 15:46:48,0
2026-01-28 15:46:49,0
2026-01-28 15:46:50,0
2026-01-28 15:46:51,0
2026-01-28 15:46:52,0
2026-01-28 15:46:53,0
2026-01-28 15:46:54,0
2026-01-28 15:46:55,0
2026-01-28 15:46:56,0
2026-01-28 15:46:57,0
2026-01-28 15:46:58,0
2026-01-28 15:46:59,0
2026-01-28 15:47:00,0
2026-01-28 15:47:01,0
2026-01-28 15:47:02,0
2026-01-28 15:47:03,0
2026-01-28 15:47:04,0
2026-01-28 15:47:05,0
2026-01-28 15:47:06,0
2026-01-28 15:47:07,0
2026-01-28 15:47:08,0
2026-01-28 15:47:09,0
2026-01-28 15:47:10,0
2026-01-28 15:47:11,0
2026-01-28 15:47:12,0
2026-01-28 15:47:13,0
2026-01-28 15:47:14,0
2026-01-28 15:47:15,0
2026-01-28 15:47:16,0
2026-01-28 15:47:17,0
2026-01-28 15:47:18,0
2026-01-28 15:47:19,0
2026-01-28 15:47:20,0
2026-01-28 15:47:21,0
2026-01-28 15:47:22,0
2026-01-28 15:47:23,0
2026-01-28 15:47:24,0
2026-01-28 15:47:25,0
2026-01-28 15:47:26,0
2026-01-28 15:47:27,0
2026-01-28 15:47:28,0
2026-01-28 15:47:29,0
2026-01-28 15:47:30,0
2026-01-28 15:47:31,0
2026-01-28 15:47:32,0
2026-01-28 15:47:33,0
2026-01-28 15:47:34,0
2026-01-28 15:47:35,0
2026-01-28 15:47:36,0
2026-01-28 15:47:37,0
2026-01-28 15:47:38,0
2026-01-28 15:47:39,0
2026-01-28 15:47:40,0
2026-01-28 15:47:41,0
2026-01-28 15:47:42,0
2026-01-28 15:47:43,0
2026-01-28 15:47:44,0
2026-01-28 15:47:45,0
2026-01-28 15:47:46,0
2026-01-28 15:47:47,0
2026-01-28 15:47:48,0
2026-01-28 15:47:49,0
2026-01-28 15:47:50,0
2026-01-28 15:47:51,0
2026-01-28 15:47:52,0
2026-01-28 15:47:53,0
2026-01-28 15:47:54,0
2026-01-28 15:47:55,0
2026-01-28 15:47:56,0
2026-01-28 15:47:57,0
2026-01-28 15:47:58,0
2026-01-28 15:47:59,0
2026-01-28 15:48:00,0
2026-01-28 15:48:01,0
2026-01-28 15:48:02,0
2026-01-28 15:48:03,0
2026-01-28 15:48:04,0
2026-01-28 15:48:05,0
2026-01-28 15:48:06,0
2026-01-28 15:48:07,0
2026-01-28 15:48:08,0
2026-01-28 15:49:29,3.29
2026-01-28 15:49:30,3.29
2026-01-28 15:49:31,3.29
2026-01-28 15:49:32,3.29
2026-01-28 15:49:33,3.29
2026-01-28 15:49:34,9.37
2026-01-28 15:49:35,9.37
2026-01-28 15:49:36,9.37
2026-01-28 15:49:37,9.37
2026-01-28 15:49:38,9.37
2026-01-28 15:49:39,7.80
2026-01-28 15:49:40,7.80
2026-01-28 15:49:41,7.80
2026-01-28 15:49:42,7.80
2026-01-28 15:49:43,7.80
2026-01-28 15:49:44,7.22
2026-01-28 15:49:45,7.22
2026-01-28 15:49:46,7.22
2026-01-28 15:49:47,7.22
2026-01-28 15:49:48,7.22
2026-01-28 15:49:49,6.59
2026-01-28 15:49:50,6.59
2026-01-28 15:49:51,6.59
2026-01-28 15:49:52,6.59
2026-01-28 15:49:53,6.59
2026-01-28 15:49:54,7.55
2026-01-28 15:49:55,7.55
2026-01-28 15:49:56,7.55
2026-01-28 15:49:57,7.55
2026-01-28 15:49:58,7.55
2026-01-28 15:49:59,6.41
2026-01-28 15:50:00,6.41
2026-01-28 15:50:01,6.41
2026-01-28 15:50:02,6.41
2026-01-28 15:50:03,6.41
2026-01-28 15:50:04,6.83
2026-01-28 15:50:05,6.83
2026-01-28 15:50:06,6.83
2026-01-28 15:50:07,6.83
2026-01-28 15:50:08,6.83
2026-01-28 15:50:09,6.55
2026-01-28 15:50:10,6.55
2026-01-28 15:50:11,6.55
2026-01-28 15:50:12,6.55
2026-01-28 15:50:13,6.55
2026-01-28 15:50:14,6.73
2026-01-28 15:50:15,6.73
2026-01-28 15:50:16,6.73
2026-01-28 15:50:17,6.73
2026-01-28 15:50:18,6.73
2026-01-28 15:50:19,7.22
2026-01-28 15:50:20,7.22
2026-01-28 15:50:21,7.22
2026-01-28 15:50:22,7.22
2026-01-28 15:50:23,7.22
2026-01-28 15:50:24,7.86
2026-01-28 15:50:25,7.86
2026-01-28 15:50:26,7.86
2026-01-28 15:50:27,7.86
2026-01-28 15:50:28,7.86
2026-01-28 15:50:29,7.30
2026-01-28 15:50:30,7.30
2026-01-28 15:50:31,7.30
2026-01-28 15:50:32,7.30
2026-01-28 15:50:33,7.30
2026-01-28 15:50:34,8.08
2026-01-28 15:50:35,8.08
2026-01-28 15:50:36,8.08
2026-01-28 15:50:37,8.08
2026-01-28 15:50:38,8.08
2026-01-28 15:50:39,7.58
2026-01-28 15:50:40,7.58
2026-01-28 15:50:41,7.58
2026-01-28 15:50:42,7.58
2026-01-28 15:50:43,7.58
2026-01-28 15:50:44,8.04
2026-01-28 15:50:45,8.04
2026-01-28 15:50:46,8.04
2026-01-28 15:50:47,8.04
2026-01-28 15:50:48,8.04
2026-01-28 15:50:49,7.49
2026-01-28 15:50:50,7.49
2026-01-28 15:50:51,7.49
2026-01-28 15:50:52,7.49
2026-01-28 15:50:53,7.49
2026-01-28 15:50:54,8.31
2026-01-28 15:50:55,8.31
2026-01-28 15:50:56,8.31
2026-01-28 15:50:57,8.31
2026-01-28 15:50:58,8.31
2026-01-28 15:50:59,7.28
2026-01-28 15:51:00,7.28
2026-01-28 15:51:01,7.28
2026-01-28 15:51:02,7.28
2026-01-28 15:51:03,7.28
2026-01-28 15:51:04,7.95
2026-01-28 15:51:05,7.95
2026-01-28 15:51:06,7.95
2026-01-28 15:51:07,7.95
2026-01-28 15:51:08,7.95
2026-01-28 15:51:09,7.51
2026-01-28 15:51:10,7.51
2026-01-28 15:51:11,7.51
2026-01-28 15:51:12,7.51
2026-01-28 15:51:13,7.51
2026-01-28 15:51:14,6.73
2026-01-28 15:51:15,6.73
2026-01-28 15:51:16,6.73
2026-01-28 15:51:17,6.73
2026-01-28 15:51:18,6.73
2026-01-28 15:51:19,7.15
2026-01-28 15:51:20,7.15
2026-01-28 15:51:21,7.15
2026-01-28 15:51:22,7.15
2026-01-28 15:51:23,7.15
2026-01-28 15:51:24,7.92
2026-01-28 15:51:25,7.92
2026-01-28 15:51:26,7.92
2026-01-28 15:51:27,7.92
2026-01-28 15:51:28,7.92
2026-01-28 15:51:29,7.34
2026-01-28 15:51:30,7.34
2026-01-28 15:51:31,7.34
2026-01-28 15:51:32,7.34
2026-01-28 15:51:33,7.34
2026-01-28 15:51:34,7.95
2026-01-28 15:51:35,7.95
2026-01-28 15:51:36,7.95
2026-01-28 15:51:37,7.95
2026-01-28 15:51:38,7.95
2026-01-28 15:51:39,7.28
2026-01-28 15:51:40,7.28
2026-01-28 15:51:41,7.28
2026-01-28 15:51:42,7.28
2026-01-28 15:51:43,7.28
2026-01-28 15:51:44,8.03
2026-01-28 15:51:45,8.03
2026-01-28 15:51:46,8.03
2026-01-28 15:51:47,8.03
2026-01-28 15:51:48,8.03
2026-01-28 15:51:49,7.63
2026-01-28 15:51:50,7.63
2026-01-28 15:51:51,7.63
2026-01-28 15:51:52,7.63
2026-01-28 15:51:53,7.63
2026-01-28 15:51:54,10.0
2026-01-28 15:51:55,10.0
2026-01-28 15:51:56,10.0
2026-01-28 15:51:57,10.0
2026-01-28 15:51:58,10.0
2026-01-28 15:51:59,7.16
2026-01-28 15:52:00,7.16
2026-01-28 15:52:01,7.16
2026-01-28 15:52:02,7.16
2026-01-28 15:52:03,7.16
2026-01-28 15:52:04,7.06
2026-01-28 15:52:05,7.06
2026-01-28 15:52:06,7.06
2026-01-28 15:52:07,7.06
2026-01-28 15:52:08,7.06
2026-01-28 15:52:09,6.53
2026-01-28 15:52:10,6.53
2026-01-28 15:52:11,6.53
2026-01-28 15:52:12,6.53
2026-01-28 15:52:13,6.53
2026-01-28 15:52:14,5.80
2026-01-28 15:52:15,5.80
2026-01-28 15:52:16,5.80
2026-01-28 15:52:17,5.80
2026-01-28 15:52:18,5.80
2026-01-28 15:52:19,6.29
2026-01-28 15:52:20,6.29
2026-01-28 15:52:21,6.29
2026-01-28 15:52:22,6.29
2026-01-28 15:52:23,6.29
2026-01-28 15:52:24,6.73
2026-01-28 15:52:25,6.73
2026-01-28 15:52:26,6.73
2026-01-28 15:52:27,6.73
2026-01-28 15:52:28,6.73
2026-01-28 15:52:29,7.52
2026-01-28 15:52:30,7.52
2026-01-28 15:52:31,7.52
2026-01-28 15:52:32,7.52
2026-01-28 15:52:33,7.52
2026-01-28 15:52:34,8.39
2026-01-28 15:52:35,8.39
2026-01-28 15:52:36,8.39
2026-01-28 15:52:37,8.39
2026-01-28 15:52:38,8.39
2026-01-28 15:52:39,7.48
2026-01-28 15:52:40,7.48
2026-01-28 15:52:41,7.48
2026-01-28 15:52:42,7.48
2026-01-28 15:52:43,7.48
2026-01-28 15:52:44,8.03
2026-01-28 15:52:45,8.03
2026-01-28 15:52:46,8.03
2026-01-28 15:52:47,8.03
2026-01-28 15:52:48,8.03
2026-01-28 15:52:49,7.91
2026-01-28 15:52:50,7.91
2026-01-28 15:52:51,7.91
2026-01-28 15:52:52,7.91
2026-01-28 15:52:53,7.91
2026-01-28 15:52:54,8.58
2026-01-28 15:52:55,8.58
2026-01-28 15:52:56,8.58
2026-01-28 15:52:57,8.58
2026-01-28 15:52:58,8.58
2026-01-28 15:52:59,7.41
2026-01-28 15:53:00,7.41
2026-01-28 15:53:01,7.41
2026-01-28 15:53:02,7.41
2026-01-28 15:53:03,7.41
2026-01-28 15:53:04,8.15
2026-01-28 15:53:05,8.15
2026-01-28 15:53:06,8.15
2026-01-28 15:53:07,8.15
2026-01-28 15:53:08,8.15
2026-01-28 15:53:09,7.47
2026-01-28 15:53:10,7.47
2026-01-28 15:53:11,7.47
2026-01-28 15:53:12,7.47
2026-01-28 15:53:13,7.47
2026-01-28 15:53:14,6.85
2026-01-28 15:53:15,6.85
2026-01-28 15:53:16,6.85
2026-01-28 15:53:17,6.85
2026-01-28 15:53:18,6.85
2026-01-28 15:53:19,7.46
2026-01-28 15:53:20,7.46
2026-01-28 15:53:21,7.46
2026-01-28 15:53:22,7.46
2026-01-28 15:53:23,7.46
2026-01-28 15:53:24,8.14
2026-01-28 15:53:25,8.14
2026-01-28 15:53:26,8.14
2026-01-28 15:53:27,8.14
2026-01-28 15:53:28,8.14
2026-01-28 15:53:29,7.51
2026-01-28 15:53:30,7.51
2026-01-28 15:53:31,7.51
2026-01-28 15:53:32,7.51
2026-01-28 15:53:33,7.51
2026-01-28 15:53:34,8.26
2026-01-28 15:53:35,8.26
2026-01-28 15:53:36,8.26
2026-01-28 15:53:37,8.26
2026-01-28 15:53:38,8.26
2026-01-28 15:53:39,7.38
2026-01-28 15:53:40,7.38
2026-01-28 15:53:41,7.38
2026-01-28 15:53:42,7.38
2026-01-28 15:53:43,7.38
2026-01-28 15:53:44,8.06
2026-01-28 15:53:45,8.06
2026-01-28 15:53:46,8.06
2026-01-28 15:53:47,8.06
2026-01-28 15:53:48,8.06
2026-01-28 15:53:49,8.52
2026-01-28 15:53:50,8.52
2026-01-28 15:53:51,8.52
2026-01-28 15:53:52,8.52
2026-01-28 15:53:53,8.52
2026-01-28 15:53:54,9.54
2026-01-28 15:53:55,9.54
2026-01-28 15:53:56,9.54
2026-01-28 15:53:57,9.54
2026-01-28 15:53:58,9.54
2026-01-28 15:53:59,7.61
2026-01-28 15:54:00,7.61
2026-01-28 15:54:01,7.61
2026-01-28 15:54:02,7.61
2026-01-28 15:54:03,7.61
2026-01-28 15:54:04,8.28
2026-01-28 15:54:05,8.28
2026-01-28 15:54:06,8.28
2026-01-28 15:54:07,8.28
2026-01-28 15:54:08,8.28
2026-01-28 15:54:09,7.26
2026-01-28 15:54:10,7.26
2026-01-28 15:54:11,7.26
2026-01-28 15:54:12,7.26
2026-01-28 15:54:13,7.26
2026-01-28 15:54:14,6.64
2026-01-28 15:54:15,6.64
2026-01-28 15:54:16,6.64
2026-01-28 15:54:17,6.64
2026-01-28 15:54:18,6.64
2026-01-28 15:54:19,7.31
2026-01-28 15:54:20,7.31
2026-01-28 15:54:21,7.31
2026-01-28 15:54:22,7.31
2026-01-28 15:54:23,7.31
2026-01-28 15:54:24,7.85
2026-01-28 15:54:25,7.85
2026-01-28 15:54:26,7.85
2026-01-28 15:54:27,7.85
2026-01-28 15:54:28,7.85
2026-01-28 15:54:29,7.46
2026-01-28 15:54:30,7.46
2026-01-28 15:54:31,7.46
2026-01-28 15:54:32,7.46
2026-01-28 15:54:33,7.46
2026-01-28 15:54:34,8.15
2026-01-28 15:54:35,8.15
2026-01-28 15:54:36,8.15
2026-01-28 15:54:37,8.15
2026-01-28 15:54:38,8.15
2026-01-28 15:54:39,7.21
2026-01-28 15:54:40,7.21
2026-01-28 15:54:41,7.21
2026-01-28 15:54:42,7.21
2026-01-28 15:54:43,7.21
2026-01-28 15:54:44,7.76
2026-01-28 15:54:45,7.76
2026-01-28 15:54:46,7.76
2026-01-28 15:54:47,7.76
2026-01-28 15:54:48,7.76
2026-01-28 15:54:49,7.36
2026-01-28 15:54:50,7.36
2026-01-28 15:54:51,7.36
2026-01-28 15:54:52,7.36
2026-01-28 15:54:53,7.36
2026-01-28 15:54:54,8.22
2026-01-28 15:54:55,8.22
2026-01-28 15:54:56,8.22
2026-01-28 15:54:57,8.22
2026-01-28 15:54:58,8.22
2026-01-28 15:54:59,7.54
2026-01-28 15:55:00,7.54
2026-01-28 15:55:01,7.54
2026-01-28 15:55:02,7.54
2026-01-28 15:55:03,7.54
2026-01-28 15:55:04,8.07
2026-01-28 15:55:05,8.07
2026-01-28 15:55:06,8.07
2026-01-28 15:55:07,8.07
2026-01-28 15:55:08,8.07
2026-01-28 15:55:09,7.37
2026-01-28 15:55:10,7.37
2026-01-28 15:55:11,7.37
2026-01-28 15:55:12,7.37
2026-01-28 15:55:13,7.37
2026-01-28 15:55:14,6.64
2026-01-28 15:55:15,6.64
2026-01-28 15:55:16,6.64
2026-01-28 15:55:17,6.64
2026-01-28 15:55:18,6.64
2026-01-28 15:55:19,7.24
2026-01-28 15:55:20,7.24
2026-01-28 15:55:21,7.24
2026-01-28 15:55:22,7.24
2026-01-28 15:55:23,7.24
2026-01-28 15:55:24,9.82
2026-01-28 15:55:25,9.82
2026-01-28 15:55:26,9.82
2026-01-28 15:55:27,9.82
2026-01-28 15:55:28,9.82
2026-01-28 15:55:29,7.77
2026-01-28 15:55:30,7.77
2026-01-28 15:55:31,7.77
2026-01-28 15:55:32,7.77
2026-01-28 15:55:33,7.77
2026-01-28 15:55:34,7.29
2026-01-28 15:55:35,7.29
2026-01-28 15:55:36,7.29
2026-01-28 15:55:37,7.29
2026-01-28 15:55:38,7.29
2026-01-28 15:55:39,6.13
2026-01-28 15:55:40,6.13
2026-01-28 15:55:41,6.13
2026-01-28 15:55:42,6.13
2026-01-28 15:55:43,6.13
2026-01-28 15:55:44,6.84
2026-01-28 15:55:45,6.84
2026-01-28 15:55:46,6.84
2026-01-28 15:55:47,6.84
2026-01-28 15:55:48,6.84
2026-01-28 15:55:49,7.74
2026-01-28 15:55:50,7.74
2026-01-28 15:55:51,7.74
2026-01-28 15:55:52,7.74
2026-01-28 15:55:53,7.74
2026-01-28 15:55:54,8.40
2026-01-28 15:55:55,8.40
2026-01-28 15:55:56,8.40
2026-01-28 15:55:57,8.40
2026-01-28 15:55:58,8.40
2026-01-28 15:55:59,7.30
2026-01-28 15:56:00,7.30
2026-01-28 15:56:01,7.30
2026-01-28 15:56:02,7.30
2026-01-28 15:56:03,7.30
2026-01-28 15:56:04,0
2026-01-28 15:56:05,0
2026-01-28 15:56:06,0
2026-01-28 15:56:07,0
2026-01-28 15:56:08,0
2026-01-28 15:56:09,0
2026-01-28 15:56:10,0
2026-01-28 15:56:11,0
2026-01-28 15:56:12,0
2026-01-28 15:56:13,0
2026-01-28 15:56:14,0
2026-01-28 15:56:15,0
2026-01-28 15:56:16,0
2026-01-28 15:56:17,0
2026-01-28 15:56:18,0
2026-01-28 15:56:19,0
2026-01-28 15:56:20,0
2026-01-28 15:56:21,0
2026-01-28 15:56:22,0
2026-01-28 15:56:23,0
2026-01-28 15:56:24,0
2026-01-28 15:56:25,0
2026-01-28 15:56:26,0
2026-01-28 15:56:27,0
2026-01-28 15:56:28,0
2026-01-28 15:56:29,0
2026-01-28 15:56:30,0
2026-01-28 15:56:31,0
2026-01-28 15:56:32,0
2026-01-28 15:56:33,0
2026-01-28 15:56:34,0
2026-01-28 15:56:35,0
2026-01-28 15:56:36,0
2026-01-28 15:56:37,0
2026-01-28 15:56:38,0
2026-01-28 15:56:39,0
2026-01-28 15:56:40,0
2026-01-28 15:56:41,0
2026-01-28 15:56:42,0
2026-01-28 15:56:43,0
2026-01-28 15:56:44,0
2026-01-28 15:56:45,0
2026-01-28 15:56:46,0
2026-01-28 15:56:47,0
2026-01-28 15:56:48,0
2026-01-28 15:56:49,0
2026-01-28 15:56:50,0
2026-01-28 15:56:51,0
2026-01-28 15:56:52,0
2026-01-28 15:56:53,0
2026-01-28 15:56:54,0
2026-01-28 15:56:55,0
2026-01-28 15:56:56,0
2026-01-28 15:56:57,0
2026-01-28 15:56:58,0
2026-01-28 15:56:59,0
2026-01-28 15:57:00,0
2026-01-28 15:57:01,0
2026-01-28 15:57:02,0
2026-01-28 15:57:03,0
2026-01-28 15:57:04,0
2026-01-28 15:57:05,0
2026-01-28 15:57:06,0
2026-01-28 15:57:07,0
2026-01-28 15:57:08,0
2026-01-28 15:57:09,0
2026-01-28 15:57:10,0
2026-01-28 15:57:11,0
2026-01-28 15:57:12,0
2026-01-28 15:57:13,0
2026-01-28 15:57:14,0
2026-01-28 15:57:15,0
2026-01-28 15:57:16,0
2026-01-28 15:57:17,0
2026-01-28 15:57:18,0
2026-01-28 15:57:19,0
2026-01-28 15:57:20,0
2026-01-28 15:57:21,0
2026-01-28 15:57:22,0
2026-01-28 15:57:23,0
2026-01-28 15:57:24,0
2026-01-28 15:57:25,0
2026-01-28 15:57:26,0
2026-01-28 15:57:27,0
2026-01-28 15:57:28,0
2026-01-28 15:57:29,0
2026-01-28 15:57:30,0
2026-01-28 15:57:31,0
2026-01-28 15:57:32,0
2026-01-28 15:57:33,0
2026-01-28 15:57:34,0
2026-01-28 15:57:35,0
2026-01-28 15:57:36,0
2026-01-28 15:57:37,0
2026-01-28 15:57:38,0
2026-01-28 15:59:34,5.20
2026-01-28 15:59:35,5.20
2026-01-28 15:59:36,5.20
2026-01-28 15:59:37,5.20
2026-01-28 15:59:38,5.20
2026-01-28 15:59:39,6.98
2026-01-28 15:59:40,6.98
2026-01-28 15:59:41,6.98
2026-01-28 15:59:42,6.98
2026-01-28 15:59:43,6.98
2026-01-28 15:59:44,8.04
2026-01-28 15:59:45,8.04
2026-01-28 15:59:46,8.04
2026-01-28 15:59:47,8.04
2026-01-28 15:59:48,8.04
2026-01-28 15:59:49,7.79
2026-01-28 15:59:50,7.79
2026-01-28 15:59:51,7.79
2026-01-28 15:59:52,7.79
2026-01-28 15:59:53,7.79
2026-01-28 15:59:54,8.36
2026-01-28 15:59:55,8.36
2026-01-28 15:59:56,8.36
2026-01-28 15:59:57,8.36
2026-01-28 15:59:58,8.36
2026-01-28 15:59:59,7.20
2026-01-28 16:00:00,7.20
2026-01-28 16:00:01,7.20
2026-01-28 16:00:02,7.20
2026-01-28 16:00:03,7.20
2026-01-28 16:00:04,7.92
2026-01-28 16:00:05,7.92
2026-01-28 16:00:06,7.92
2026-01-28 16:00:07,7.92
2026-01-28 16:00:08,7.92
2026-01-28 16:00:09,7.37
2026-01-28 16:00:10,7.37
2026-01-28 16:00:11,7.37
2026-01-28 16:00:12,7.37
2026-01-28 16:00:13,7.37
2026-01-28 16:00:14,6.67
2026-01-28 16:00:15,6.67
2026-01-28 16:00:16,6.67
2026-01-28 16:00:17,6.67
2026-01-28 16:00:18,6.67
2026-01-28 16:00:19,7.17
2026-01-28 16:00:20,7.17
2026-01-28 16:00:21,7.17
2026-01-28 16:00:22,7.17
2026-01-28 16:00:23,7.17
2026-01-28 16:00:24,7.89
2026-01-28 16:00:25,7.89
2026-01-28 16:00:26,7.89
2026-01-28 16:00:27,7.89
2026-01-28 16:00:28,7.89
2026-01-28 16:00:29,9.38
2026-01-28 16:00:30,9.38
2026-01-28 16:00:31,9.38
2026-01-28 16:00:32,9.38
2026-01-28 16:00:33,9.38
2026-01-28 16:00:34,8.48
2026-01-28 16:00:35,8.48
2026-01-28 16:00:36,8.48
2026-01-28 16:00:37,8.48
2026-01-28 16:00:38,8.48
2026-01-28 16:00:39,7.63
2026-01-28 16:00:40,7.63
2026-01-28 16:00:41,7.63
2026-01-28 16:00:42,7.63
2026-01-28 16:00:43,7.63
2026-01-28 16:00:44,8.02
2026-01-28 16:00:45,8.02
2026-01-28 16:00:46,8.02
2026-01-28 16:00:47,8.02
2026-01-28 16:00:48,8.02
2026-01-28 16:00:49,7.69
2026-01-28 16:00:50,7.69
2026-01-28 16:00:51,7.69
2026-01-28 16:00:52,7.69
2026-01-28 16:00:53,7.69
2026-01-28 16:00:54,8.43
2026-01-28 16:00:55,8.43
2026-01-28 16:00:56,8.43
2026-01-28 16:00:57,8.43
2026-01-28 16:00:58,8.43
2026-01-28 16:00:59,9.44
2026-01-28 16:01:00,9.44
2026-01-28 16:01:01,9.44
2026-01-28 16:01:02,9.44
2026-01-28 16:01:03,9.44
2026-01-28 16:01:04,8.57
2026-01-28 16:01:05,8.57
2026-01-28 16:01:06,8.57
2026-01-28 16:01:07,8.57
2026-01-28 16:01:08,8.57
2026-01-28 16:01:09,6.28
2026-01-28 16:01:10,6.28
2026-01-28 16:01:11,6.28
2026-01-28 16:01:12,6.28
2026-01-28 16:01:13,6.28
2026-01-28 16:01:14,5.48
2026-01-28 16:01:15,5.48
2026-01-28 16:01:16,5.48
2026-01-28 16:01:17,5.48
2026-01-28 16:01:18,5.48
2026-01-28 16:01:19,6.43
2026-01-28 16:01:20,6.43
2026-01-28 16:01:21,6.43
2026-01-28 16:01:22,6.43
2026-01-28 16:01:23,6.43
2026-01-28 16:01:24,7.02
2026-01-28 16:01:25,7.02
2026-01-28 16:01:26,7.02
2026-01-28 16:01:27,7.02
2026-01-28 16:01:28,7.02
2026-01-28 16:01:29,6.46
2026-01-28 16:01:30,6.46
2026-01-28 16:01:31,6.46
2026-01-28 16:01:32,6.46
2026-01-28 16:01:33,6.46
2026-01-28 16:01:34,7.21
2026-01-28 16:01:35,7.21
2026-01-28 16:01:36,7.21
2026-01-28 16:01:37,7.21
2026-01-28 16:01:38,7.21
2026-01-28 16:01:39,6.21
2026-01-28 16:01:40,6.21
2026-01-28 16:01:41,6.21
2026-01-28 16:01:42,6.21
2026-01-28 16:01:43,6.21
2026-01-28 16:01:44,6.93
2026-01-28 16:01:45,6.93
2026-01-28 16:01:46,6.93
2026-01-28 16:01:47,6.93
2026-01-28 16:01:48,6.93
2026-01-28 16:01:49,8.73
2026-01-28 16:01:50,8.73
2026-01-28 16:01:51,8.73
2026-01-28 16:01:52,8.73
2026-01-28 16:01:53,8.73
2026-01-28 16:01:54,7.90
2026-01-28 16:01:55,7.90
2026-01-28 16:01:56,7.90
2026-01-28 16:01:57,7.90
2026-01-28 16:01:58,7.90
2026-01-28 16:01:59,5.15
2026-01-28 16:02:00,5.15
2026-01-28 16:02:01,5.15
2026-01-28 16:02:02,5.15
2026-01-28 16:02:03,5.15
2026-01-28 16:02:04,6.31
2026-01-28 16:02:05,6.31
2026-01-28 16:02:06,6.31
2026-01-28 16:02:07,6.31
2026-01-28 16:02:08,6.31
2026-01-28 16:02:09,5.18
2026-01-28 16:02:10,5.18
2026-01-28 16:02:11,5.18
2026-01-28 16:02:12,5.18
2026-01-28 16:02:13,5.18
2026-01-28 16:02:14,4.46
2026-01-28 16:02:15,4.46
2026-01-28 16:02:16,4.46
2026-01-28 16:02:17,4.46
2026-01-28 16:02:18,4.46
2026-01-28 16:02:19,5.13
2026-01-28 16:02:20,5.13
2026-01-28 16:02:21,5.13
2026-01-28 16:02:22,5.13
2026-01-28 16:02:23,5.13
2026-01-28 16:02:24,6.13
2026-01-28 16:02:25,6.13
2026-01-28 16:02:26,6.13
2026-01-28 16:02:27,6.13
2026-01-28 16:02:28,6.13
2026-01-28 16:02:29,5.30
2026-01-28 16:02:30,5.30
2026-01-28 16:02:31,5.30
2026-01-28 16:02:32,5.30
2026-01-28 16:02:33,5.30
2026-01-28 16:02:34,5.85
2026-01-28 16:02:35,5.85
2026-01-28 16:02:36,5.85
2026-01-28 16:02:37,5.85
2026-01-28 16:02:38,5.85
2026-01-28 16:02:39,6.89
2026-01-28 16:02:40,6.89
2026-01-28 16:02:41,6.89
2026-01-28 16:02:42,6.89
2026-01-28 16:02:43,6.89
2026-01-28 16:02:44,7.24
2026-01-28 16:02:45,7.24
2026-01-28 16:02:46,7.24
2026-01-28 16:02:47,7.24
2026-01-28 16:02:48,7.24
2026-01-28 16:02:49,6.44
2026-01-28 16:02:50,6.44
2026-01-28 16:02:51,6.44
2026-01-28 16:02:52,6.44
2026-01-28 16:02:53,6.44
2026-01-28 16:02:54,7.31
2026-01-28 16:02:55,7.31
2026-01-28 16:02:56,7.31
2026-01-28 16:02:57,7.31
2026-01-28 16:02:58,7.31
2026-01-28 16:02:59,6.43
2026-01-28 16:03:00,6.43
2026-01-28 16:03:01,6.43
2026-01-28 16:03:02,6.43
2026-01-28 16:03:03,6.43
2026-01-28 16:03:04,7.20
2026-01-28 16:03:05,7.20
2026-01-28 16:03:06,7.20
2026-01-28 16:03:07,7.20
2026-01-28 16:03:08,7.20
2026-01-28 16:03:09,6.40
2026-01-28 16:03:10,6.40
2026-01-28 16:03:11,6.40
2026-01-28 16:03:12,6.40
2026-01-28 16:03:13,6.40
2026-01-28 16:03:14,5.72
2026-01-28 16:03:15,5.72
2026-01-28 16:03:16,5.72
2026-01-28 16:03:17,5.72
2026-01-28 16:03:18,5.72
2026-01-28 16:03:19,6.30
2026-01-28 16:03:20,6.30
2026-01-28 16:03:21,6.30
2026-01-28 16:03:22,6.30
2026-01-28 16:03:23,6.30
2026-01-28 16:03:24,6.98
2026-01-28 16:03:25,6.98
2026-01-28 16:03:26,6.98
2026-01-28 16:03:27,6.98
2026-01-28 16:03:28,6.98
2026-01-28 16:03:29,6.13
2026-01-28 16:03:30,6.13
2026-01-28 16:03:31,6.13
2026-01-28 16:03:32,6.13
2026-01-28 16:03:33,6.13
2026-01-28 16:03:34,8.48
2026-01-28 16:03:35,8.48
2026-01-28 16:03:36,8.48
2026-01-28 16:03:37,8.48
2026-01-28 16:03:38,8.48
2026-01-28 16:03:39,7.86
2026-01-28 16:03:40,7.86
2026-01-28 16:03:41,7.86
2026-01-28 16:03:42,7.86
2026-01-28 16:03:43,7.86
2026-01-28 16:03:44,8.19
2026-01-28 16:03:45,8.19
2026-01-28 16:03:46,8.19
2026-01-28 16:03:47,8.19
2026-01-28 16:03:48,8.19
2026-01-28 16:03:49,7.36
2026-01-28 16:03:50,7.36
2026-01-28 16:03:51,7.36
2026-01-28 16:03:52,7.36
2026-01-28 16:03:53,7.36
2026-01-28 16:03:54,8.50
2026-01-28 16:03:55,8.50
2026-01-28 16:03:56,8.50
2026-01-28 16:03:57,8.50
2026-01-28 16:03:58,8.50
2026-01-28 16:03:59,8.39
2026-01-28 16:04:00,8.39
2026-01-28 16:04:01,8.39
2026-01-28 16:04:02,8.39
2026-01-28 16:04:03,8.39
2026-01-28 16:04:04,9.21
2026-01-28 16:04:05,9.21
2026-01-28 16:04:06,9.21
2026-01-28 16:04:07,9.21
2026-01-28 16:04:08,9.21
2026-01-28 16:04:09,8.32
2026-01-28 16:04:10,8.32
2026-01-28 16:04:11,8.32
2026-01-28 16:04:12,8.32
2026-01-28 16:04:13,8.32
2026-01-28 16:04:14,7.64
2026-01-28 16:04:15,7.64
2026-01-28 16:04:16,7.64
2026-01-28 16:04:17,7.64
2026-01-28 16:04:18,7.64
2026-01-28 16:04:19,8.35
2026-01-28 16:04:20,8.35
2026-01-28 16:04:21,8.35
2026-01-28 16:04:22,8.35
2026-01-28 16:04:23,8.35
2026-01-28 16:04:24,9.57
2026-01-28 16:04:25,9.57
2026-01-28 16:04:26,9.57
2026-01-28 16:04:27,9.57
2026-01-28 16:04:28,9.57
2026-01-28 16:04:29,8.34
2026-01-28 16:04:30,8.34
2026-01-28 16:04:31,8.34
2026-01-28 16:04:32,8.34
2026-01-28 16:04:33,8.34
2026-01-28 16:04:34,8.87
2026-01-28 16:04:35,8.87
2026-01-28 16:04:36,8.87
2026-01-28 16:04:37,8.87
2026-01-28 16:04:38,8.87
2026-01-28 16:04:39,10.0
2026-01-28 16:04:40,10.0
2026-01-28 16:04:41,10.0
2026-01-28 16:04:42,10.0
2026-01-28 16:04:43,10.0
2026-01-28 16:04:44,9.42
2026-01-28 16:04:45,9.42
2026-01-28 16:04:46,9.42
2026-01-28 16:04:47,9.42
2026-01-28 16:04:48,9.42
2026-01-28 16:04:49,7.51
2026-01-28 16:04:50,7.51
2026-01-28 16:04:51,7.51
2026-01-28 16:04:52,7.51
2026-01-28 16:04:53,7.51
2026-01-28 16:04:54,8.24
2026-01-28 16:04:55,8.24
2026-01-28 16:04:56,8.24
2026-01-28 16:04:57,8.24
2026-01-28 16:04:58,8.24
2026-01-28 16:04:59,7.14
2026-01-28 16:05:00,7.14
2026-01-28 16:05:01,7.14
2026-01-28 16:05:02,7.14
2026-01-28 16:05:03,7.14
2026-01-28 16:05:04,7.83
2026-01-28 16:05:05,7.83
2026-01-28 16:05:06,7.83
2026-01-28 16:05:07,7.83
2026-01-28 16:05:08,7.83
2026-01-28 16:05:09,7.38
2026-01-28 16:05:10,7.38
2026-01-28 16:05:11,7.38
2026-01-28 16:05:12,7.38
2026-01-28 16:05:13,7.38
2026-01-28 16:05:14,6.62
2026-01-28 16:05:15,6.62
2026-01-28 16:05:16,6.62
2026-01-28 16:05:17,6.62
2026-01-28 16:05:18,6.62
2026-01-28 16:05:19,7.14
2026-01-28 16:05:20,7.14
2026-01-28 16:05:21,7.14
2026-01-28 16:05:22,7.14
2026-01-28 16:05:23,7.14
2026-01-28 16:05:24,7.83
2026-01-28 16:05:25,7.83
2026-01-28 16:05:26,7.83
2026-01-28 16:05:27,7.83
2026-01-28 16:05:28,7.83
2026-01-28 16:05:29,7.26
2026-01-28 16:05:30,7.26
2026-01-28 16:05:31,7.26
2026-01-28 16:05:32,7.26
2026-01-28 16:05:33,7.26
2026-01-28 16:05:34,7.93
2026-01-28 16:05:35,7.93
2026-01-28 16:05:36,7.93
2026-01-28 16:05:37,7.93
2026-01-28 16:05:38,7.93
2026-01-28 16:05:39,7.21
2026-01-28 16:05:40,7.21
2026-01-28 16:05:41,7.21
2026-01-28 16:05:42,7.21
2026-01-28 16:05:43,7.21
2026-01-28 16:05:44,7.95
2026-01-28 16:05:45,7.95
2026-01-28 16:05:46,7.95
2026-01-28 16:05:47,7.95
2026-01-28 16:05:48,7.95
2026-01-28 16:05:49,7.63
2026-01-28 16:05:50,7.63
2026-01-28 16:05:51,7.63
2026-01-28 16:05:52,7.63
2026-01-28 16:05:53,7.63
2026-01-28 16:05:54,8.42
2026-01-28 16:05:55,8.42
2026-01-28 16:05:56,8.42
2026-01-28 16:05:57,8.42
2026-01-28 16:05:58,8.42
2026-01-28 16:05:59,7.37
2026-01-28 16:06:00,7.37
2026-01-28 16:06:01,7.37
2026-01-28 16:06:02,7.37
2026-01-28 16:06:03,7.37
2026-01-28 16:06:04,8.41
2026-01-28 16:06:05,8.41
2026-01-28 16:06:06,8.41
2026-01-28 16:06:07,8.41
2026-01-28 16:06:08,8.41
2026-01-28 16:06:09,0
2026-01-28 16:06:10,0
2026-01-28 16:06:11,0
2026-01-28 16:06:12,0
2026-01-28 16:06:13,0
2026-01-28 16:06:14,0
2026-01-28 16:06:15,0
2026-01-28 16:06:16,0
2026-01-28 16:06:17,0
2026-01-28 16:06:18,0
2026-01-28 16:06:19,0
2026-01-28 16:06:20,0
2026-01-28 16:06:21,0
2026-01-28 16:06:22,0
2026-01-28 16:06:23,0
2026-01-28 16:06:24,0
2026-01-28 16:06:25,0
2026-01-28 16:06:26,0
2026-01-28 16:06:27,0
2026-01-28 16:06:28,0
2026-01-28 16:06:29,0
2026-01-28 16:06:30,0
2026-01-28 16:06:31,0
2026-01-28 16:06:32,0
2026-01-28 16:06:33,0
2026-01-28 16:06:34,0
2026-01-28 16:06:35,0
2026-01-28 16:06:36,0
2026-01-28 16:06:37,0
2026-01-28 16:06:38,0
2026-01-28 16:06:39,0
2026-01-28 16:06:40,0
2026-01-28 16:06:41,0
2026-01-28 16:06:42,0
2026-01-28 16:06:43,0
2026-01-28 16:06:44,0
2026-01-28 16:06:45,0
2026-01-28 16:06:46,0
2026-01-28 16:06:47,0
2026-01-28 16:06:48,0
2026-01-28 16:06:49,0
2026-01-28 16:06:50,0
2026-01-28 16:06:51,0
2026-01-28 16:06:52,0
2026-01-28 16:06:53,0
2026-01-28 16:06:54,0
2026-01-28 16:06:55,0
2026-01-28 16:06:56,0
2026-01-28 16:06:57,0
2026-01-28 16:06:58,0
2026-01-28 16:06:59,0
2026-01-28 16:07:00,0
2026-01-28 16:07:01,0
2026-01-28 16:07:02,0
2026-01-28 16:07:03,0
2026-01-28 16:07:04,0
2026-01-28 16:07:05,0
2026-01-28 16:07:06,0
2026-01-28 16:07:07,0
2026-01-28 16:07:08,0
2026-01-28 16:07:09,0
2026-01-28 16:07:10,0
2026-01-28 16:07:11,0
2026-01-28 16:07:12,0
2026-01-28 16:07:13,0
2026-01-28 16:07:14,0
2026-01-28 16:07:15,0
2026-01-28 16:07:16,0
2026-01-28 16:07:17,0
2026-01-28 16:07:18,0
2026-01-28 16:07:19,0
2026-01-28 16:07:20,0
2026-01-28 16:07:21,0
2026-01-28 16:07:22,0
2026-01-28 16:07:23,0
2026-01-28 16:07:24,0
2026-01-28 16:07:25,0
2026-01-28 16:07:26,0
2026-01-28 16:07:27,0
2026-01-28 16:07:28,0
2026-01-28 16:07:29,0
2026-01-28 16:07:30,0
2026-01-28 16:07:31,0
2026-01-28 16:07:32,0
2026-01-28 16:07:33,0
2026-01-28 16:07:34,0
2026-01-28 16:07:35,0
2026-01-28 16:07:36,0
2026-01-28 16:07:37,0
2026-01-28 16:07:38,0
2026-01-28 16:07:39,0
2026-01-28 16:07:40,0
2026-01-28 16:07:41,0
2026-01-28 16:07:42,0
2026-01-28 16:07:43,0
2026-01-28 16:07:49,1.18
2026-01-28 16:07:50,1.18
2026-01-28 16:07:51,1.18
2026-01-28 16:07:52,1.18
2026-01-28 16:07:53,1.18
2026-01-28 16:07:54,7.14
2026-01-28 16:07:55,7.14
2026-01-28 16:07:56,7.14
2026-01-28 16:07:57,7.14
2026-01-28 16:07:58,7.14
2026-01-28 16:07:59,7.65
2026-01-28 16:08:00,7.65
2026-01-28 16:08:01,7.65
2026-01-28 16:08:02,7.65
2026-01-28 16:08:03,7.65
2026-01-28 16:08:04,7.98
2026-01-28 16:08:05,7.98
2026-01-28 16:08:06,7.98
2026-01-28 16:08:07,7.98
2026-01-28 16:08:08,7.98
2026-01-28 16:08:09,7.29
2026-01-28 16:08:10,7.29
2026-01-28 16:08:11,7.29
2026-01-28 16:08:12,7.29
2026-01-28 16:08:13,7.29
2026-01-28 16:08:14,6.56
2026-01-28 16:08:15,6.56
2026-01-28 16:08:16,6.56
2026-01-28 16:08:17,6.56
2026-01-28 16:08:18,6.56
2026-01-28 16:08:19,7.12
2026-01-28 16:08:20,7.12
2026-01-28 16:08:21,7.12
2026-01-28 16:08:22,7.12
2026-01-28 16:08:23,7.12
2026-01-28 16:08:24,7.93
2026-01-28 16:08:25,7.93
2026-01-28 16:08:26,7.93
2026-01-28 16:08:27,7.93
2026-01-28 16:08:28,7.93
2026-01-28 16:08:29,6.92
2026-01-28 16:08:30,6.92
2026-01-28 16:08:31,6.92
2026-01-28 16:08:32,6.92
2026-01-28 16:08:33,6.92
2026-01-28 16:08:34,8.55
2026-01-28 16:08:35,8.55
2026-01-28 16:08:36,8.55
2026-01-28 16:08:37,8.55
2026-01-28 16:08:38,8.55
2026-01-28 16:08:39,9.75
2026-01-28 16:08:40,9.75
2026-01-28 16:08:41,9.75
2026-01-28 16:08:42,9.75
2026-01-28 16:08:43,9.75
2026-01-28 16:08:44,8.15
2026-01-28 16:08:45,8.15
2026-01-28 16:08:46,8.15
2026-01-28 16:08:47,8.15
2026-01-28 16:08:48,8.15
2026-01-28 16:08:49,8.70
2026-01-28 16:08:50,8.70
2026-01-28 16:08:51,8.70
2026-01-28 16:08:52,8.70
2026-01-28 16:08:53,8.70
2026-01-28 16:08:54,9.15
2026-01-28 16:08:55,9.15
2026-01-28 16:08:56,9.15
2026-01-28 16:08:57,9.15
2026-01-28 16:08:58,9.15
2026-01-28 16:08:59,9.50
2026-01-28 16:09:00,9.50
2026-01-28 16:09:01,9.50
2026-01-28 16:09:02,9.50
2026-01-28 16:09:03,9.50
2026-01-28 16:09:04,9.05
2026-01-28 16:09:05,9.05
2026-01-28 16:09:06,9.05
2026-01-28 16:09:07,9.05
2026-01-28 16:09:08,9.05
2026-01-28 16:09:09,7.82
2026-01-28 16:09:10,7.82
2026-01-28 16:09:11,7.82
2026-01-28 16:09:12,7.82
2026-01-28 16:09:13,7.82
2026-01-28 16:09:14,6.88
2026-01-28 16:09:15,6.88
2026-01-28 16:09:16,6.88
2026-01-28 16:09:17,6.88
2026-01-28 16:09:18,6.88
2026-01-28 16:09:19,7.39
2026-01-28 16:09:20,7.39
2026-01-28 16:09:21,7.39
2026-01-28 16:09:22,7.39
2026-01-28 16:09:23,7.39
2026-01-28 16:09:24,8.11
2026-01-28 16:09:25,8.11
2026-01-28 16:09:26,8.11
2026-01-28 16:09:27,8.11
2026-01-28 16:09:28,8.11
2026-01-28 16:09:29,7.57
2026-01-28 16:09:30,7.57
2026-01-28 16:09:31,7.57
2026-01-28 16:09:32,7.57
2026-01-28 16:09:33,7.57
2026-01-28 16:09:34,8.26
2026-01-28 16:09:35,8.26
2026-01-28 16:09:36,8.26
2026-01-28 16:09:37,8.26
2026-01-28 16:09:38,8.26
2026-01-28 16:09:39,7.42
2026-01-28 16:09:40,7.42
2026-01-28 16:09:41,7.42
2026-01-28 16:09:42,7.42
2026-01-28 16:09:43,7.42
2026-01-28 16:09:44,8.00
2026-01-28 16:09:45,8.00
2026-01-28 16:09:46,8.00
2026-01-28 16:09:47,8.00
2026-01-28 16:09:48,8.00
2026-01-28 16:09:49,7.65
2026-01-28 16:09:50,7.65
2026-01-28 16:09:51,7.65
2026-01-28 16:09:52,7.65
2026-01-28 16:09:53,7.65
2026-01-28 16:09:54,8.42
2026-01-28 16:09:55,8.42
2026-01-28 16:09:56,8.42
2026-01-28 16:09:57,8.42
2026-01-28 16:09:58,8.42
2026-01-28 16:09:59,8.83
2026-01-28 16:10:00,8.83
2026-01-28 16:10:01,8.83
2026-01-28 16:10:02,8.83
2026-01-28 16:10:03,8.83
2026-01-28 16:10:04,8.03
2026-01-28 16:10:05,8.03
2026-01-28 16:10:06,8.03
2026-01-28 16:10:07,8.03
2026-01-28 16:10:08,8.03
2026-01-28 16:10:09,6.77
2026-01-28 16:10:10,6.77
2026-01-28 16:10:11,6.77
2026-01-28 16:10:12,6.77
2026-01-28 16:10:13,6.77
2026-01-28 16:10:14,5.75
2026-01-28 16:10:15,5.75
2026-01-28 16:10:16,5.75
2026-01-28 16:10:17,5.75
2026-01-28 16:10:18,5.75
2026-01-28 16:10:19,6.16
2026-01-28 16:10:20,6.16
2026-01-28 16:10:21,6.16
2026-01-28 16:10:22,6.16
2026-01-28 16:10:23,6.16
2026-01-28 16:10:24,6.81
2026-01-28 16:10:25,6.81
2026-01-28 16:10:26,6.81
2026-01-28 16:10:27,6.81
2026-01-28 16:10:28,6.81
2026-01-28 16:10:29,7.85
2026-01-28 16:10:30,7.85
2026-01-28 16:10:31,7.85
2026-01-28 16:10:32,7.85
2026-01-28 16:10:33,7.85
2026-01-28 16:10:34,8.38
2026-01-28 16:10:35,8.38
2026-01-28 16:10:36,8.38
2026-01-28 16:10:37,8.38
2026-01-28 16:10:38,8.38
2026-01-28 16:10:39,7.24
2026-01-28 16:10:40,7.24
2026-01-28 16:10:41,7.24
2026-01-28 16:10:42,7.24
2026-01-28 16:10:43,7.24
2026-01-28 16:10:44,7.84
2026-01-28 16:10:45,7.84
2026-01-28 16:10:46,7.84
2026-01-28 16:10:47,7.84
2026-01-28 16:10:48,7.84
2026-01-28 16:10:49,7.42
2026-01-28 16:10:50,7.42
2026-01-28 16:10:51,7.42
2026-01-28 16:10:52,7.42
2026-01-28 16:10:53,7.42
2026-01-28 16:10:54,8.15
2026-01-28 16:10:55,8.15
2026-01-28 16:10:56,8.15
2026-01-28 16:10:57,8.15
2026-01-28 16:10:58,8.15
2026-01-28 16:10:59,7.17
2026-01-28 16:11:00,7.17
2026-01-28 16:11:01,7.17
2026-01-28 16:11:02,7.17
2026-01-28 16:11:03,7.17
2026-01-28 16:11:04,7.88
2026-01-28 16:11:05,7.88
2026-01-28 16:11:06,7.88
2026-01-28 16:11:07,7.88
2026-01-28 16:11:08,7.88
2026-01-28 16:11:09,7.44
2026-01-28 16:11:10,7.44
2026-01-28 16:11:11,7.44
2026-01-28 16:11:12,7.44
2026-01-28 16:11:13,7.44
2026-01-28 16:11:14,6.70
2026-01-28 16:11:15,6.70
2026-01-28 16:11:16,6.70
2026-01-28 16:11:17,6.70
2026-01-28 16:11:18,6.70
2026-01-28 16:11:19,7.29
2026-01-28 16:11:20,7.29
2026-01-28 16:11:21,7.29
2026-01-28 16:11:22,7.29
2026-01-28 16:11:23,7.29
2026-01-28 16:11:24,7.87
2026-01-28 16:11:25,7.87
2026-01-28 16:11:26,7.87
2026-01-28 16:11:27,7.87
2026-01-28 16:11:28,7.87
2026-01-28 16:11:29,8.49
2026-01-28 16:11:30,8.49
2026-01-28 16:11:31,8.49
2026-01-28 16:11:32,8.49
2026-01-28 16:11:33,8.49
2026-01-28 16:11:34,8.97
2026-01-28 16:11:35,8.97
2026-01-28 16:11:36,8.97
2026-01-28 16:11:37,8.97
2026-01-28 16:11:38,8.97
2026-01-28 16:11:39,8.11
2026-01-28 16:11:40,8.11
2026-01-28 16:11:41,8.11
2026-01-28 16:11:42,8.11
2026-01-28 16:11:43,8.11
2026-01-28 16:11:44,8.94
2026-01-28 16:11:45,8.94
2026-01-28 16:11:46,8.94
2026-01-28 16:11:47,8.94
2026-01-28 16:11:48,8.94
2026-01-28 16:11:49,8.35
2026-01-28 16:11:50,8.35
2026-01-28 16:11:51,8.35
2026-01-28 16:11:52,8.35
2026-01-28 16:11:53,8.35
2026-01-28 16:11:54,9.14
2026-01-28 16:11:55,9.14
2026-01-28 16:11:56,9.14
2026-01-28 16:11:57,9.14
2026-01-28 16:11:58,9.14
2026-01-28 16:11:59,8.07
2026-01-28 16:12:00,8.07
2026-01-28 16:12:01,8.07
2026-01-28 16:12:02,8.07
2026-01-28 16:12:03,8.07
2026-01-28 16:12:04,8.75
2026-01-28 16:12:05,8.75
2026-01-28 16:12:06,8.75
2026-01-28 16:12:07,8.75
2026-01-28 16:12:08,8.75
2026-01-28 16:12:09,8.34
2026-01-28 16:12:10,8.34
2026-01-28 16:12:11,8.34
2026-01-28 16:12:12,8.34
2026-01-28 16:12:13,8.34
2026-01-28 16:12:14,7.80
2026-01-28 16:12:15,7.80
2026-01-28 16:12:16,7.80
2026-01-28 16:12:17,7.80
2026-01-28 16:12:18,7.80
2026-01-28 16:12:19,8.41
2026-01-28 16:12:20,8.41
2026-01-28 16:12:21,8.41
2026-01-28 16:12:22,8.41
2026-01-28 16:12:23,8.41
2026-01-28 16:12:24,9.05
2026-01-28 16:12:25,9.05
2026-01-28 16:12:26,9.05
2026-01-28 16:12:27,9.05
2026-01-28 16:12:28,9.05
2026-01-28 16:12:29,8.27
2026-01-28 16:12:30,8.27
2026-01-28 16:12:31,8.27
2026-01-28 16:12:32,8.27
2026-01-28 16:12:33,8.27
2026-01-28 16:12:34,10.9
2026-01-28 16:12:35,10.9
2026-01-28 16:12:36,10.9
2026-01-28 16:12:37,10.9
2026-01-28 16:12:38,10.9
2026-01-28 16:12:39,8.55
2026-01-28 16:12:40,8.55
2026-01-28 16:12:41,8.55
2026-01-28 16:12:42,8.55
2026-01-28 16:12:43,8.55
2026-01-28 16:12:44,7.88
2026-01-28 16:12:45,7.88
2026-01-28 16:12:46,7.88
2026-01-28 16:12:47,7.88
2026-01-28 16:12:48,7.88
2026-01-28 16:12:49,7.40
2026-01-28 16:12:50,7.40
2026-01-28 16:12:51,7.40
2026-01-28 16:12:52,7.40
2026-01-28 16:12:53,7.40
2026-01-28 16:12:54,8.24
2026-01-28 16:12:55,8.24
2026-01-28 16:12:56,8.24
2026-01-28 16:12:57,8.24
2026-01-28 16:12:58,8.24
2026-01-28 16:12:59,7.25
2026-01-28 16:13:00,7.25
2026-01-28 16:13:01,7.25
2026-01-28 16:13:02,7.25
2026-01-28 16:13:03,7.25
2026-01-28 16:13:04,7.81
2026-01-28 16:13:05,7.81
2026-01-28 16:13:06,7.81
2026-01-28 16:13:07,7.81
2026-01-28 16:13:08,7.81
2026-01-28 16:13:09,7.36
2026-01-28 16:13:10,7.36
2026-01-28 16:13:11,7.36
2026-01-28 16:13:12,7.36
2026-01-28 16:13:13,7.36
2026-01-28 16:13:14,6.62
2026-01-28 16:13:15,6.62
2026-01-28 16:13:16,6.62
2026-01-28 16:13:17,6.62
2026-01-28 16:13:18,6.62
2026-01-28 16:13:19,7.29
2026-01-28 16:13:20,7.29
2026-01-28 16:13:21,7.29
2026-01-28 16:13:22,7.29
2026-01-28 16:13:23,7.29
2026-01-28 16:13:24,8.03
2026-01-28 16:13:25,8.03
2026-01-28 16:13:26,8.03
2026-01-28 16:13:27,8.03
2026-01-28 16:13:28,8.03
2026-01-28 16:13:29,7.36
2026-01-28 16:13:30,7.36
2026-01-28 16:13:31,7.36
2026-01-28 16:13:32,7.36
2026-01-28 16:13:33,7.36
2026-01-28 16:13:34,8.20
2026-01-28 16:13:35,8.20
2026-01-28 16:13:36,8.20
2026-01-28 16:13:37,8.20
2026-01-28 16:13:38,8.20
2026-01-28 16:13:39,7.28
2026-01-28 16:13:40,7.28
2026-01-28 16:13:41,7.28
2026-01-28 16:13:42,7.28
2026-01-28 16:13:43,7.28
2026-01-28 16:13:44,7.95
2026-01-28 16:13:45,7.95
2026-01-28 16:13:46,7.95
2026-01-28 16:13:47,7.95
2026-01-28 16:13:48,7.95
2026-01-28 16:13:49,7.54
2026-01-28 16:13:50,7.54
2026-01-28 16:13:51,7.54
2026-01-28 16:13:52,7.54
2026-01-28 16:13:53,7.54
2026-01-28 16:13:54,8.33
2026-01-28 16:13:55,8.33
2026-01-28 16:13:56,8.33
2026-01-28 16:13:57,8.33
2026-01-28 16:13:58,8.33
2026-01-28 16:13:59,7.16
2026-01-28 16:14:00,7.16
2026-01-28 16:14:01,7.16
2026-01-28 16:14:02,7.16
2026-01-28 16:14:03,7.16
2026-01-28 16:14:04,7.92
2026-01-28 16:14:05,7.92
2026-01-28 16:14:06,7.92
2026-01-28 16:14:07,7.92
2026-01-28 16:14:08,7.92
2026-01-28 16:14:09,7.47
2026-01-28 16:14:10,7.47
2026-01-28 16:14:11,7.47
2026-01-28 16:14:12,7.47
2026-01-28 16:14:13,7.47
2026-01-28 16:14:14,6.62
2026-01-28 16:14:15,6.62
2026-01-28 16:14:16,6.62
2026-01-28 16:14:17,6.62
2026-01-28 16:14:18,6.62
2026-01-28 16:14:19,7.27
2026-01-28 16:14:20,7.27
2026-01-28 16:14:21,7.27
2026-01-28 16:14:22,7.27
2026-01-28 16:14:23,7.27
2026-01-28 16:14:24,0
2026-01-28 16:14:25,0
2026-01-28 16:14:26,0
2026-01-28 16:14:27,0
2026-01-28 16:14:28,0
2026-01-28 16:14:29,0
2026-01-28 16:14:30,0
2026-01-28 16:14:31,0
2026-01-28 16:14:32,0
2026-01-28 16:14:33,0
2026-01-28 16:14:34,0
2026-01-28 16:14:35,0
2026-01-28 16:14:36,0
2026-01-28 16:14:37,0
2026-01-28 16:14:38,0
2026-01-28 16:14:39,0
2026-01-28 16:14:40,0
2026-01-28 16:14:41,0
2026-01-28 16:14:42,0
2026-01-28 16:14:43,0
2026-01-28 16:14:44,0
2026-01-28 16:14:45,0
2026-01-28 16:14:46,0
2026-01-28 16:14:47,0
2026-01-28 16:14:48,0
2026-01-28 16:14:49,0
2026-01-28 16:14:50,0
2026-01-28 16:14:51,0
2026-01-28 16:14:52,0
2026-01-28 16:14:53,0
2026-01-28 16:14:54,0
2026-01-28 16:14:55,0
2026-01-28 16:14:56,0
2026-01-28 16:14:57,0
2026-01-28 16:14:58,0
2026-01-28 16:14:59,0
2026-01-28 16:15:00,0
2026-01-28 16:15:01,0
2026-01-28 16:15:02,0
2026-01-28 16:15:03,0
2026-01-28 16:15:04,0
2026-01-28 16:15:05,0
2026-01-28 16:15:06,0
2026-01-28 16:15:07,0
2026-01-28 16:15:08,0
2026-01-28 16:15:09,0
2026-01-28 16:15:10,0
2026-01-28 16:15:11,0
2026-01-28 16:15:12,0
2026-01-28 16:15:13,0
2026-01-28 16:15:14,0
2026-01-28 16:15:15,0
2026-01-28 16:15:16,0
2026-01-28 16:15:17,0
2026-01-28 16:15:18,0
2026-01-28 16:15:19,0
2026-01-28 16:15:20,0
2026-01-28 16:15:21,0
2026-01-28 16:15:22,0
2026-01-28 16:15:23,0
2026-01-28 16:15:24,0
2026-01-28 16:15:25,0
2026-01-28 16:15:26,0
2026-01-28 16:15:27,0
2026-01-28 16:15:28,0
2026-01-28 16:15:29,0
2026-01-28 16:15:30,0
2026-01-28 16:15:31,0
2026-01-28 16:15:32,0
2026-01-28 16:15:33,0
2026-01-28 16:15:34,0
2026-01-28 16:15:35,0
2026-01-28 16:15:36,0
2026-01-28 16:15:37,0
2026-01-28 16:15:38,0
2026-01-28 16:15:39,0
2026-01-28 16:15:40,0
2026-01-28 16:15:41,0
2026-01-28 16:15:42,0
2026-01-28 16:15:43,0
2026-01-28 16:15:44,0
2026-01-28 16:15:45,0
2026-01-28 16:15:46,0
2026-01-28 16:15:47,0
2026-01-28 16:15:48,0
2026-01-28 16:15:49,0
2026-01-28 16:15:50,0
2026-01-28 16:15:51,0
2026-01-28 16:15:52,0
2026-01-28 16:15:53,0
2026-01-28 16:15:54,0
2026-01-28 16:15:55,0
2026-01-28 16:15:56,0
2026-01-28 16:15:57,0
2026-01-28 16:15:58,0
2026-01-28 16:16:24,3.18
2026-01-28 16:16:25,3.18
2026-01-28 16:16:26,3.18
2026-01-28 16:16:27,3.18
2026-01-28 16:16:28,3.18
2026-01-28 16:16:29,5.35
2026-01-28 16:16:30,5.35
2026-01-28 16:16:31,5.35
2026-01-28 16:16:32,5.35
2026-01-28 16:16:33,5.35
2026-01-28 16:16:34,7.20
2026-01-28 16:16:35,7.20
2026-01-28 16:16:36,7.20
2026-01-28 16:16:37,7.20
2026-01-28 16:16:38,7.20
2026-01-28 16:16:39,5.97
2026-01-28 16:16:40,5.97
2026-01-28 16:16:41,5.97
2026-01-28 16:16:42,5.97
2026-01-28 16:16:43,5.97
2026-01-28 16:16:44,7.70
2026-01-28 16:16:45,7.70
2026-01-28 16:16:46,7.70
2026-01-28 16:16:47,7.70
2026-01-28 16:16:48,7.70
2026-01-28 16:16:49,7.43
2026-01-28 16:16:50,7.43
2026-01-28 16:16:51,7.43
2026-01-28 16:16:52,7.43
2026-01-28 16:16:53,7.43
2026-01-28 16:16:54,8.01
2026-01-28 16:16:55,8.01
2026-01-28 16:16:56,8.01
2026-01-28 16:16:57,8.01
2026-01-28 16:16:58,8.01
2026-01-28 16:16:59,7.14
2026-01-28 16:17:00,7.14
2026-01-28 16:17:01,7.14
2026-01-28 16:17:02,7.14
2026-01-28 16:17:03,7.14
2026-01-28 16:17:04,7.72
2026-01-28 16:17:05,7.72
2026-01-28 16:17:06,7.72
2026-01-28 16:17:07,7.72
2026-01-28 16:17:08,7.72
2026-01-28 16:17:09,6.43
2026-01-28 16:17:10,6.43
2026-01-28 16:17:11,6.43
2026-01-28 16:17:12,6.43
2026-01-28 16:17:13,6.43
2026-01-28 16:17:14,7.50
2026-01-28 16:17:15,7.50
2026-01-28 16:17:16,7.50
2026-01-28 16:17:17,7.50
2026-01-28 16:17:18,7.50
2026-01-28 16:17:19,7.84
2026-01-28 16:17:20,7.84
2026-01-28 16:17:21,7.84
2026-01-28 16:17:22,7.84
2026-01-28 16:17:23,7.84
2026-01-28 16:17:24,11.4
2026-01-28 16:17:25,11.4
2026-01-28 16:17:26,11.4
2026-01-28 16:17:27,11.4
2026-01-28 16:17:28,11.4
2026-01-28 16:17:29,9.09
2026-01-28 16:17:30,9.09
2026-01-28 16:17:31,9.09
2026-01-28 16:17:32,9.09
2026-01-28 16:17:33,9.09
2026-01-28 16:17:34,9.02
2026-01-28 16:17:35,9.02
2026-01-28 16:17:36,9.02
2026-01-28 16:17:37,9.02
2026-01-28 16:17:38,9.02
2026-01-28 16:17:39,8.23
2026-01-28 16:17:40,8.23
2026-01-28 16:17:41,8.23
2026-01-28 16:17:42,8.23
2026-01-28 16:17:43,8.23
2026-01-28 16:17:44,8.94
2026-01-28 16:17:45,8.94
2026-01-28 16:17:46,8.94
2026-01-28 16:17:47,8.94
2026-01-28 16:17:48,8.94
2026-01-28 16:17:49,8.34
2026-01-28 16:17:50,8.34
2026-01-28 16:17:51,8.34
2026-01-28 16:17:52,8.34
2026-01-28 16:17:53,8.34
2026-01-28 16:17:54,9.16
2026-01-28 16:17:55,9.16
2026-01-28 16:17:56,9.16
2026-01-28 16:17:57,9.16
2026-01-28 16:17:58,9.16
2026-01-28 16:17:59,8.30
2026-01-28 16:18:00,8.30
2026-01-28 16:18:01,8.30
2026-01-28 16:18:02,8.30
2026-01-28 16:18:03,8.30
2026-01-28 16:18:04,8.94
2026-01-28 16:18:05,8.94
2026-01-28 16:18:06,8.94
2026-01-28 16:18:07,8.94
2026-01-28 16:18:08,8.94
2026-01-28 16:18:09,9.57
2026-01-28 16:18:10,9.57
2026-01-28 16:18:11,9.57
2026-01-28 16:18:12,9.57
2026-01-28 16:18:13,9.57
2026-01-28 16:18:14,6.52
2026-01-28 16:18:15,6.52
2026-01-28 16:18:16,6.52
2026-01-28 16:18:17,6.52
2026-01-28 16:18:18,6.52
2026-01-28 16:18:19,7.48
2026-01-28 16:18:20,7.48
2026-01-28 16:18:21,7.48
2026-01-28 16:18:22,7.48
2026-01-28 16:18:23,7.48
2026-01-28 16:18:24,7.87
2026-01-28 16:18:25,7.87
2026-01-28 16:18:26,7.87
2026-01-28 16:18:27,7.87
2026-01-28 16:18:28,7.87
2026-01-28 16:18:29,7.20
2026-01-28 16:18:30,7.20
2026-01-28 16:18:31,7.20
2026-01-28 16:18:32,7.20
2026-01-28 16:18:33,7.20
2026-01-28 16:18:34,7.91
2026-01-28 16:18:35,7.91
2026-01-28 16:18:36,7.91
2026-01-28 16:18:37,7.91
2026-01-28 16:18:38,7.91
2026-01-28 16:18:39,7.40
2026-01-28 16:18:40,7.40
2026-01-28 16:18:41,7.40
2026-01-28 16:18:42,7.40
2026-01-28 16:18:43,7.40
2026-01-28 16:18:44,7.89
2026-01-28 16:18:45,7.89
2026-01-28 16:18:46,7.89
2026-01-28 16:18:47,7.89
2026-01-28 16:18:48,7.89
2026-01-28 16:18:49,7.51
2026-01-28 16:18:50,7.51
2026-01-28 16:18:51,7.51
2026-01-28 16:18:52,7.51
2026-01-28 16:18:53,7.51
2026-01-28 16:18:54,8.23
2026-01-28 16:18:55,8.23
2026-01-28 16:18:56,8.23
2026-01-28 16:18:57,8.23
2026-01-28 16:18:58,8.23
2026-01-28 16:18:59,9.36
2026-01-28 16:19:00,9.36
2026-01-28 16:19:01,9.36
2026-01-28 16:19:02,9.36
2026-01-28 16:19:03,9.36
2026-01-28 16:19:04,8.28
2026-01-28 16:19:05,8.28
2026-01-28 16:19:06,8.28
2026-01-28 16:19:07,8.28
2026-01-28 16:19:08,8.28
2026-01-28 16:19:09,6.46
2026-01-28 16:19:10,6.46
2026-01-28 16:19:11,6.46
2026-01-28 16:19:12,6.46
2026-01-28 16:19:13,6.46
2026-01-28 16:19:14,5.49
2026-01-28 16:19:15,5.49
2026-01-28 16:19:16,5.49
2026-01-28 16:19:17,5.49
2026-01-28 16:19:18,5.49
2026-01-28 16:19:19,7.21
2026-01-28 16:19:20,7.21
2026-01-28 16:19:21,7.21
2026-01-28 16:19:22,7.21
2026-01-28 16:19:23,7.21
2026-01-28 16:19:24,9.13
2026-01-28 16:19:25,9.13
2026-01-28 16:19:26,9.13
2026-01-28 16:19:27,9.13
2026-01-28 16:19:28,9.13
2026-01-28 16:19:29,7.45
2026-01-28 16:19:30,7.45
2026-01-28 16:19:31,7.45
2026-01-28 16:19:32,7.45
2026-01-28 16:19:33,7.45
2026-01-28 16:19:34,8.01
2026-01-28 16:19:35,8.01
2026-01-28 16:19:36,8.01
2026-01-28 16:19:37,8.01
2026-01-28 16:19:38,8.01
2026-01-28 16:19:39,7.42
2026-01-28 16:19:40,7.42
2026-01-28 16:19:41,7.42
2026-01-28 16:19:42,7.42
2026-01-28 16:19:43,7.42
2026-01-28 16:19:44,8.08
2026-01-28 16:19:45,8.08
2026-01-28 16:19:46,8.08
2026-01-28 16:19:47,8.08
2026-01-28 16:19:48,8.08
2026-01-28 16:19:49,7.45
2026-01-28 16:19:50,7.45
2026-01-28 16:19:51,7.45
2026-01-28 16:19:52,7.45
2026-01-28 16:19:53,7.45
2026-01-28 16:19:54,8.34
2026-01-28 16:19:55,8.34
2026-01-28 16:19:56,8.34
2026-01-28 16:19:57,8.34
2026-01-28 16:19:58,8.34
2026-01-28 16:19:59,7.54
2026-01-28 16:20:00,7.54
2026-01-28 16:20:01,7.54
2026-01-28 16:20:02,7.54
2026-01-28 16:20:03,7.54
2026-01-28 16:20:04,8.16
2026-01-28 16:20:05,8.16
2026-01-28 16:20:06,8.16
2026-01-28 16:20:07,8.16
2026-01-28 16:20:08,8.16
2026-01-28 16:20:09,7.41
2026-01-28 16:20:10,7.41
2026-01-28 16:20:11,7.41
2026-01-28 16:20:12,7.41
2026-01-28 16:20:13,7.41
2026-01-28 16:20:14,6.59
2026-01-28 16:20:15,6.59
2026-01-28 16:20:16,6.59
2026-01-28 16:20:17,6.59
2026-01-28 16:20:18,6.59
2026-01-28 16:20:19,7.45
2026-01-28 16:20:20,7.45
2026-01-28 16:20:21,7.45
2026-01-28 16:20:22,7.45
2026-01-28 16:20:23,7.45
2026-01-28 16:20:24,6.96
2026-01-28 16:20:25,6.96
2026-01-28 16:20:26,6.96
2026-01-28 16:20:27,6.96
2026-01-28 16:20:28,6.96
2026-01-28 16:20:29,8.41
2026-01-28 16:20:30,8.41
2026-01-28 16:20:31,8.41
2026-01-28 16:20:32,8.41
2026-01-28 16:20:33,8.41
2026-01-28 16:20:34,7.35
2026-01-28 16:20:35,7.35
2026-01-28 16:20:36,7.35
2026-01-28 16:20:37,7.35
2026-01-28 16:20:38,7.35
2026-01-28 16:20:39,7.38
2026-01-28 16:20:40,7.38
2026-01-28 16:20:41,7.38
2026-01-28 16:20:42,7.38
2026-01-28 16:20:43,7.38
2026-01-28 16:20:44,7.02
2026-01-28 16:20:45,7.02
2026-01-28 16:20:46,7.02
2026-01-28 16:20:47,7.02
2026-01-28 16:20:48,7.02
2026-01-28 16:20:49,7.42
2026-01-28 16:20:50,7.42
2026-01-28 16:20:51,7.42
2026-01-28 16:20:52,7.42
2026-01-28 16:20:53,7.42
2026-01-28 16:20:54,6.88
2026-01-28 16:20:55,6.88
2026-01-28 16:20:56,6.88
2026-01-28 16:20:57,6.88
2026-01-28 16:20:58,6.88
2026-01-28 16:20:59,7.36
2026-01-28 16:21:00,7.36
2026-01-28 16:21:01,7.36
2026-01-28 16:21:02,7.36
2026-01-28 16:21:03,7.36
2026-01-28 16:21:04,6.70
2026-01-28 16:21:05,6.70
2026-01-28 16:21:06,6.70
2026-01-28 16:21:07,6.70
2026-01-28 16:21:08,6.70
2026-01-28 16:21:09,7.33
2026-01-28 16:21:10,7.33
2026-01-28 16:21:11,7.33
2026-01-28 16:21:12,7.33
2026-01-28 16:21:13,7.33
2026-01-28 16:21:14,6.55
2026-01-28 16:21:15,6.55
2026-01-28 16:21:16,6.55
2026-01-28 16:21:17,6.55
2026-01-28 16:21:18,6.55
2026-01-28 16:21:19,7.43
2026-01-28 16:21:20,7.43
2026-01-28 16:21:21,7.43
2026-01-28 16:21:22,7.43
2026-01-28 16:21:23,7.43
2026-01-28 16:21:24,6.66
2026-01-28 16:21:25,6.66
2026-01-28 16:21:26,6.66
2026-01-28 16:21:27,6.66
2026-01-28 16:21:28,6.66
2026-01-28 16:21:29,7.30
2026-01-28 16:21:30,7.30
2026-01-28 16:21:31,7.30
2026-01-28 16:21:32,7.30
2026-01-28 16:21:33,7.30
2026-01-28 16:21:34,6.67
2026-01-28 16:21:35,6.67
2026-01-28 16:21:36,6.67
2026-01-28 16:21:37,6.67
2026-01-28 16:21:38,6.67
2026-01-28 16:21:39,7.28
2026-01-28 16:21:40,7.28
2026-01-28 16:21:41,7.28
2026-01-28 16:21:42,7.28
2026-01-28 16:21:43,7.28
2026-01-28 16:21:44,6.63
2026-01-28 16:21:45,6.63
2026-01-28 16:21:46,6.63
2026-01-28 16:21:47,6.63
2026-01-28 16:21:48,6.63
2026-01-28 16:21:49,7.73
2026-01-28 16:21:50,7.73
2026-01-28 16:21:51,7.73
2026-01-28 16:21:52,7.73
2026-01-28 16:21:53,7.73
2026-01-28 16:21:54,8.61
2026-01-28 16:21:55,8.61
2026-01-28 16:21:56,8.61
2026-01-28 16:21:57,8.61
2026-01-28 16:21:58,8.61
2026-01-28 16:21:59,6.65
2026-01-28 16:22:00,6.65
2026-01-28 16:22:01,6.65
2026-01-28 16:22:02,6.65
2026-01-28 16:22:03,6.65
2026-01-28 16:22:04,5.83
2026-01-28 16:22:05,5.83
2026-01-28 16:22:06,5.83
2026-01-28 16:22:07,5.83
2026-01-28 16:22:08,5.83
2026-01-28 16:22:09,6.53
2026-01-28 16:22:10,6.53
2026-01-28 16:22:11,6.53
2026-01-28 16:22:12,6.53
2026-01-28 16:22:13,6.53
2026-01-28 16:22:14,5.62
2026-01-28 16:22:15,5.62
2026-01-28 16:22:16,5.62
2026-01-28 16:22:17,5.62
2026-01-28 16:22:18,5.62
2026-01-28 16:22:19,6.47
2026-01-28 16:22:20,6.47
2026-01-28 16:22:21,6.47
2026-01-28 16:22:22,6.47
2026-01-28 16:22:23,6.47
2026-01-28 16:22:24,5.82
2026-01-28 16:22:25,5.82
2026-01-28 16:22:26,5.82
2026-01-28 16:22:27,5.82
2026-01-28 16:22:28,5.82
2026-01-28 16:22:29,6.50
2026-01-28 16:22:30,6.50
2026-01-28 16:22:31,6.50
2026-01-28 16:22:32,6.50
2026-01-28 16:22:33,6.50
2026-01-28 16:22:34,5.69
2026-01-28 16:22:35,5.69
2026-01-28 16:22:36,5.69
2026-01-28 16:22:37,5.69
2026-01-28 16:22:38,5.69
2026-01-28 16:22:39,6.64
2026-01-28 16:22:40,6.64
2026-01-28 16:22:41,6.64
2026-01-28 16:22:42,6.64
2026-01-28 16:22:43,6.64
2026-01-28 16:22:44,5.77
2026-01-28 16:22:45,5.77
2026-01-28 16:22:46,5.77
2026-01-28 16:22:47,5.77
2026-01-28 16:22:48,5.77
2026-01-28 16:22:49,6.49
2026-01-28 16:22:50,6.49
2026-01-28 16:22:51,6.49
2026-01-28 16:22:52,6.49
2026-01-28 16:22:53,6.49
2026-01-28 16:22:54,5.75
2026-01-28 16:22:55,5.75
2026-01-28 16:22:56,5.75
2026-01-28 16:22:57,5.75
2026-01-28 16:22:58,5.75
2026-01-28 16:22:59,0
2026-01-28 16:23:00,0
2026-01-28 16:23:01,0
2026-01-28 16:23:02,0
2026-01-28 16:23:03,0
2026-01-28 16:23:04,0
2026-01-28 16:23:05,0
2026-01-28 16:23:06,0
2026-01-28 16:23:07,0
2026-01-28 16:23:08,0
2026-01-28 16:23:09,0
2026-01-28 16:23:10,0
2026-01-28 16:23:11,0
2026-01-28 16:23:12,0
2026-01-28 16:23:13,0
2026-01-28 16:23:14,0
2026-01-28 16:23:15,0
2026-01-28 16:23:16,0
2026-01-28 16:23:17,0
2026-01-28 16:23:18,0
2026-01-28 16:23:19,0
2026-01-28 16:23:20,0
2026-01-28 16:23:21,0
2026-01-28 16:23:22,0
2026-01-28 16:23:23,0
2026-01-28 16:23:24,0
2026-01-28 16:23:25,0
2026-01-28 16:23:26,0
2026-01-28 16:23:27,0
2026-01-28 16:23:28,0
2026-01-28 16:23:29,0
2026-01-28 16:23:30,0
2026-01-28 16:23:31,0
2026-01-28 16:23:32,0
2026-01-28 16:23:33,0
2026-01-28 16:23:34,0
2026-01-28 16:23:35,0
2026-01-28 16:23:36,0
2026-01-28 16:23:37,0
2026-01-28 16:23:38,0
2026-01-28 16:23:39,0
2026-01-28 16:23:40,0
2026-01-28 16:23:41,0
2026-01-28 16:23:42,0
2026-01-28 16:23:43,0
2026-01-28 16:23:44,0
2026-01-28 16:23:45,0
2026-01-28 16:23:46,0
2026-01-28 16:23:47,0
2026-01-28 16:23:48,0
2026-01-28 16:23:49,0
2026-01-28 16:23:50,0
2026-01-28 16:23:51,0
2026-01-28 16:23:52,0
2026-01-28 16:23:53,0
2026-01-28 16:23:54,0
2026-01-28 16:23:55,0
2026-01-28 16:23:56,0
2026-01-28 16:23:57,0
2026-01-28 16:23:58,0
2026-01-28 16:23:59,0
2026-01-28 16:24:00,0
2026-01-28 16:24:01,0
2026-01-28 16:24:02,0
2026-01-28 16:24:03,0
2026-01-28 16:24:04,0
2026-01-28 16:24:05,0
2026-01-28 16:24:06,0
2026-01-28 16:24:07,0
2026-01-28 16:24:08,0
2026-01-28 16:24:09,0
2026-01-28 16:24:10,0
2026-01-28 16:24:11,0
2026-01-28 16:24:12,0
2026-01-28 16:24:13,0
2026-01-28 16:24:14,0
2026-01-28 16:24:15,0
2026-01-28 16:24:16,0
2026-01-28 16:24:17,0
2026-01-28 16:24:18,0
2026-01-28 16:24:19,0
2026-01-28 16:24:20,0
2026-01-28 16:24:21,0
2026-01-28 16:24:22,0
2026-01-28 16:24:23,0
2026-01-28 16:24:24,0
2026-01-28 16:24:25,0
2026-01-28 16:24:26,0
2026-01-28 16:24:27,0
2026-01-28 16:24:28,0
2026-01-28 16:24:29,0
2026-01-28 16:24:30,0
2026-01-28 16:24:31,0
2026-01-28 16:24:32,0
2026-01-28 16:24:33,0
2026-01-28 16:25:09,3.69
2026-01-28 16:25:10,3.69
2026-01-28 16:25:11,3.69
2026-01-28 16:25:12,3.69
2026-01-28 16:25:13,3.69
2026-01-28 16:25:14,8.58
2026-01-28 16:25:15,8.58
2026-01-28 16:25:16,8.58
2026-01-28 16:25:17,8.58
2026-01-28 16:25:18,8.58
2026-01-28 16:25:19,10.1
2026-01-28 16:25:20,10.1
2026-01-28 16:25:21,10.1
2026-01-28 16:25:22,10.1
2026-01-28 16:25:23,10.1
2026-01-28 16:25:24,8.72
2026-01-28 16:25:25,8.72
2026-01-28 16:25:26,8.72
2026-01-28 16:25:27,8.72
2026-01-28 16:25:28,8.72
2026-01-28 16:25:29,8.99
2026-01-28 16:25:30,8.99
2026-01-28 16:25:31,8.99
2026-01-28 16:25:32,8.99
2026-01-28 16:25:33,8.99
2026-01-28 16:25:34,8.43
2026-01-28 16:25:35,8.43
2026-01-28 16:25:36,8.43
2026-01-28 16:25:37,8.43
2026-01-28 16:25:38,8.43
2026-01-28 16:25:39,8.96
2026-01-28 16:25:40,8.96
2026-01-28 16:25:41,8.96
2026-01-28 16:25:42,8.96
2026-01-28 16:25:43,8.96
2026-01-28 16:25:44,8.47
2026-01-28 16:25:45,8.47
2026-01-28 16:25:46,8.47
2026-01-28 16:25:47,8.47
2026-01-28 16:25:48,8.47
2026-01-28 16:25:49,8.92
2026-01-28 16:25:50,8.92
2026-01-28 16:25:51,8.92
2026-01-28 16:25:52,8.92
2026-01-28 16:25:53,8.92
2026-01-28 16:25:54,9.85
2026-01-28 16:25:55,9.85
2026-01-28 16:25:56,9.85
2026-01-28 16:25:57,9.85
2026-01-28 16:25:58,9.85
2026-01-28 16:25:59,8.25
2026-01-28 16:26:00,8.25
2026-01-28 16:26:01,8.25
2026-01-28 16:26:02,8.25
2026-01-28 16:26:03,8.25
2026-01-28 16:26:04,7.70
2026-01-28 16:26:05,7.70
2026-01-28 16:26:06,7.70
2026-01-28 16:26:07,7.70
2026-01-28 16:26:08,7.70
2026-01-28 16:26:09,8.46
2026-01-28 16:26:10,8.46
2026-01-28 16:26:11,8.46
2026-01-28 16:26:12,8.46
2026-01-28 16:26:13,8.46
2026-01-28 16:26:14,7.68
2026-01-28 16:26:15,7.68
2026-01-28 16:26:16,7.68
2026-01-28 16:26:17,7.68
2026-01-28 16:26:18,7.68
2026-01-28 16:26:19,9.64
2026-01-28 16:26:20,9.64
2026-01-28 16:26:21,9.64
2026-01-28 16:26:22,9.64
2026-01-28 16:26:23,9.64
2026-01-28 16:26:24,7.59
2026-01-28 16:26:25,7.59
2026-01-28 16:26:26,7.59
2026-01-28 16:26:27,7.59
2026-01-28 16:26:28,7.59
2026-01-28 16:26:29,7.29
2026-01-28 16:26:30,7.29
2026-01-28 16:26:31,7.29
2026-01-28 16:26:32,7.29
2026-01-28 16:26:33,7.29
2026-01-28 16:26:34,6.67
2026-01-28 16:26:35,6.67
2026-01-28 16:26:36,6.67
2026-01-28 16:26:37,6.67
2026-01-28 16:26:38,6.67
2026-01-28 16:26:39,7.33
2026-01-28 16:26:40,7.33
2026-01-28 16:26:41,7.33
2026-01-28 16:26:42,7.33
2026-01-28 16:26:43,7.33
2026-01-28 16:26:44,6.67
2026-01-28 16:26:45,6.67
2026-01-28 16:26:46,6.67
2026-01-28 16:26:47,6.67
2026-01-28 16:26:48,6.67
2026-01-28 16:26:49,7.45
2026-01-28 16:26:50,7.45
2026-01-28 16:26:51,7.45
2026-01-28 16:26:52,7.45
2026-01-28 16:26:53,7.45
2026-01-28 16:26:54,6.67
2026-01-28 16:26:55,6.67
2026-01-28 16:26:56,6.67
2026-01-28 16:26:57,6.67
2026-01-28 16:26:58,6.67
2026-01-28 16:26:59,7.02
2026-01-28 16:27:00,7.02
2026-01-28 16:27:01,7.02
2026-01-28 16:27:02,7.02
2026-01-28 16:27:03,7.02
2026-01-28 16:27:04,7.95
2026-01-28 16:27:05,7.95
2026-01-28 16:27:06,7.95
2026-01-28 16:27:07,7.95
2026-01-28 16:27:08,7.95
2026-01-28 16:27:09,8.37
2026-01-28 16:27:10,8.37
2026-01-28 16:27:11,8.37
2026-01-28 16:27:12,8.37
2026-01-28 16:27:13,8.37
2026-01-28 16:27:14,7.65
2026-01-28 16:27:15,7.65
2026-01-28 16:27:16,7.65
2026-01-28 16:27:17,7.65
2026-01-28 16:27:18,7.65
2026-01-28 16:27:19,8.14
2026-01-28 16:27:20,8.14
2026-01-28 16:27:21,8.14
2026-01-28 16:27:22,8.14
2026-01-28 16:27:23,8.14
2026-01-28 16:27:24,7.91
2026-01-28 16:27:25,7.91
2026-01-28 16:27:26,7.91
2026-01-28 16:27:27,7.91
2026-01-28 16:27:28,7.91
2026-01-28 16:27:29,8.48
2026-01-28 16:27:30,8.48
2026-01-28 16:27:31,8.48
2026-01-28 16:27:32,8.48
2026-01-28 16:27:33,8.48
2026-01-28 16:27:34,7.51
2026-01-28 16:27:35,7.51
2026-01-28 16:27:36,7.51
2026-01-28 16:27:37,7.51
2026-01-28 16:27:38,7.51
2026-01-28 16:27:39,8.31
2026-01-28 16:27:40,8.31
2026-01-28 16:27:41,8.31
2026-01-28 16:27:42,8.31
2026-01-28 16:27:43,8.31
2026-01-28 16:27:44,7.54
2026-01-28 16:27:45,7.54
2026-01-28 16:27:46,7.54
2026-01-28 16:27:47,7.54
2026-01-28 16:27:48,7.54
2026-01-28 16:27:49,8.28
2026-01-28 16:27:50,8.28
2026-01-28 16:27:51,8.28
2026-01-28 16:27:52,8.28
2026-01-28 16:27:53,8.28
2026-01-28 16:27:54,7.54
2026-01-28 16:27:55,7.54
2026-01-28 16:27:56,7.54
2026-01-28 16:27:57,7.54
2026-01-28 16:27:58,7.54
2026-01-28 16:27:59,8.20
2026-01-28 16:28:00,8.20
2026-01-28 16:28:01,8.20
2026-01-28 16:28:02,8.20
2026-01-28 16:28:03,8.20
2026-01-28 16:28:04,7.54
2026-01-28 16:28:05,7.54
2026-01-28 16:28:06,7.54
2026-01-28 16:28:07,7.54
2026-01-28 16:28:08,7.54
2026-01-28 16:28:09,8.61
2026-01-28 16:28:10,8.61
2026-01-28 16:28:11,8.61
2026-01-28 16:28:12,8.61
2026-01-28 16:28:13,8.61
2026-01-28 16:28:14,8.45
2026-01-28 16:28:15,8.45
2026-01-28 16:28:16,8.45
2026-01-28 16:28:17,8.45
2026-01-28 16:28:18,8.45
2026-01-28 16:28:19,7.44
2026-01-28 16:28:20,7.44
2026-01-28 16:28:21,7.44
2026-01-28 16:28:22,7.44
2026-01-28 16:28:23,7.44
2026-01-28 16:28:24,7.01
2026-01-28 16:28:25,7.01
2026-01-28 16:28:26,7.01
2026-01-28 16:28:27,7.01
2026-01-28 16:28:28,7.01
2026-01-28 16:28:29,7.63
2026-01-28 16:28:30,7.63
2026-01-28 16:28:31,7.63
2026-01-28 16:28:32,7.63
2026-01-28 16:28:33,7.63
2026-01-28 16:28:34,6.63
2026-01-28 16:28:35,6.63
2026-01-28 16:28:36,6.63
2026-01-28 16:28:37,6.63
2026-01-28 16:28:38,6.63
2026-01-28 16:28:39,7.60
2026-01-28 16:28:40,7.60
2026-01-28 16:28:41,7.60
2026-01-28 16:28:42,7.60
2026-01-28 16:28:43,7.60
2026-01-28 16:28:44,6.58
2026-01-28 16:28:45,6.58
2026-01-28 16:28:46,6.58
2026-01-28 16:28:47,6.58
2026-01-28 16:28:48,6.58
2026-01-28 16:28:49,7.76
2026-01-28 16:28:50,7.76
2026-01-28 16:28:51,7.76
2026-01-28 16:28:52,7.76
2026-01-28 16:28:53,7.76
2026-01-28 16:28:54,6.66
2026-01-28 16:28:55,6.66
2026-01-28 16:28:56,6.66
2026-01-28 16:28:57,6.66
2026-01-28 16:28:58,6.66
2026-01-28 16:28:59,9.58
2026-01-28 16:29:00,9.58
2026-01-28 16:29:01,9.58
2026-01-28 16:29:02,9.58
2026-01-28 16:29:03,9.58
2026-01-28 16:29:04,5.80
2026-01-28 16:29:05,5.80
2026-01-28 16:29:06,5.80
2026-01-28 16:29:07,5.80
2026-01-28 16:29:08,5.80
2026-01-28 16:29:09,6.99
2026-01-28 16:29:10,6.99
2026-01-28 16:29:11,6.99
2026-01-28 16:29:12,6.99
2026-01-28 16:29:13,6.99
2026-01-28 16:29:14,5.70
2026-01-28 16:29:15,5.70
2026-01-28 16:29:16,5.70
2026-01-28 16:29:17,5.70
2026-01-28 16:29:18,5.70
2026-01-28 16:29:19,7.19
2026-01-28 16:29:20,7.19
2026-01-28 16:29:21,7.19
2026-01-28 16:29:22,7.19
2026-01-28 16:29:23,7.19
2026-01-28 16:29:24,6.16
2026-01-28 16:29:25,6.16
2026-01-28 16:29:26,6.16
2026-01-28 16:29:27,6.16
2026-01-28 16:29:28,6.16
2026-01-28 16:29:29,6.85
2026-01-28 16:29:30,6.85
2026-01-28 16:29:31,6.85
2026-01-28 16:29:32,6.85
2026-01-28 16:29:33,6.85
2026-01-28 16:29:34,5.77
2026-01-28 16:29:35,5.77
2026-01-28 16:29:36,5.77
2026-01-28 16:29:37,5.77
2026-01-28 16:29:38,5.77
2026-01-28 16:29:39,6.94
2026-01-28 16:29:40,6.94
2026-01-28 16:29:41,6.94
2026-01-28 16:29:42,6.94
2026-01-28 16:29:43,6.94
2026-01-28 16:29:44,5.77
2026-01-28 16:29:45,5.77
2026-01-28 16:29:46,5.77
2026-01-28 16:29:47,5.77
2026-01-28 16:29:48,5.77
2026-01-28 16:29:49,7.10
2026-01-28 16:29:50,7.10
2026-01-28 16:29:51,7.10
2026-01-28 16:29:52,7.10
2026-01-28 16:29:53,7.10
2026-01-28 16:29:54,5.70
2026-01-28 16:29:55,5.70
2026-01-28 16:29:56,5.70
2026-01-28 16:29:57,5.70
2026-01-28 16:29:58,5.70
2026-01-28 16:29:59,6.88
2026-01-28 16:30:00,6.88
2026-01-28 16:30:01,6.88
2026-01-28 16:30:02,6.88
2026-01-28 16:30:03,6.88
2026-01-28 16:30:04,5.93
2026-01-28 16:30:05,5.93
2026-01-28 16:30:06,5.93
2026-01-28 16:30:07,5.93
2026-01-28 16:30:08,5.93
2026-01-28 16:30:09,7.38
2026-01-28 16:30:10,7.38
2026-01-28 16:30:11,7.38
2026-01-28 16:30:12,7.38
2026-01-28 16:30:13,7.38
2026-01-28 16:30:14,5.64
2026-01-28 16:30:15,5.64
2026-01-28 16:30:16,5.64
2026-01-28 16:30:17,5.64
2026-01-28 16:30:18,5.64
2026-01-28 16:30:19,7.10
2026-01-28 16:30:20,7.10
2026-01-28 16:30:21,7.10
2026-01-28 16:30:22,7.10
2026-01-28 16:30:23,7.10
2026-01-28 16:30:24,5.88
2026-01-28 16:30:25,5.88
2026-01-28 16:30:26,5.88
2026-01-28 16:30:27,5.88
2026-01-28 16:30:28,5.88
2026-01-28 16:30:29,9.43
2026-01-28 16:30:30,9.43
2026-01-28 16:30:31,9.43
2026-01-28 16:30:32,9.43
2026-01-28 16:30:33,9.43
2026-01-28 16:30:34,4.67
2026-01-28 16:30:35,4.67
2026-01-28 16:30:36,4.67
2026-01-28 16:30:37,4.67
2026-01-28 16:30:38,4.67
2026-01-28 16:30:39,6.19
2026-01-28 16:30:40,6.19
2026-01-28 16:30:41,6.19
2026-01-28 16:30:42,6.19
2026-01-28 16:30:43,6.19
2026-01-28 16:30:44,4.54
2026-01-28 16:30:45,4.54
2026-01-28 16:30:46,4.54
2026-01-28 16:30:47,4.54
2026-01-28 16:30:48,4.54
2026-01-28 16:30:49,10.7
2026-01-28 16:30:50,10.7
2026-01-28 16:30:51,10.7
2026-01-28 16:30:52,10.7
2026-01-28 16:30:53,10.7
2026-01-28 16:30:54,3.46
2026-01-28 16:30:55,3.46
2026-01-28 16:30:56,3.46
2026-01-28 16:30:57,3.46
2026-01-28 16:30:58,3.46
2026-01-28 16:30:59,5.74
2026-01-28 16:31:00,5.74
2026-01-28 16:31:01,5.74
2026-01-28 16:31:02,5.74
2026-01-28 16:31:03,5.74
2026-01-28 16:31:04,3.43
2026-01-28 16:31:05,3.43
2026-01-28 16:31:06,3.43
2026-01-28 16:31:07,3.43
2026-01-28 16:31:08,3.43
2026-01-28 16:31:09,6.17
2026-01-28 16:31:10,6.17
2026-01-28 16:31:11,6.17
2026-01-28 16:31:12,6.17
2026-01-28 16:31:13,6.17
2026-01-28 16:31:14,3.66
2026-01-28 16:31:15,3.66
2026-01-28 16:31:16,3.66
2026-01-28 16:31:17,3.66
2026-01-28 16:31:18,3.66
2026-01-28 16:31:19,5.93
2026-01-28 16:31:20,5.93
2026-01-28 16:31:21,5.93
2026-01-28 16:31:22,5.93
2026-01-28 16:31:23,5.93
2026-01-28 16:31:24,3.62
2026-01-28 16:31:25,3.62
2026-01-28 16:31:26,3.62
2026-01-28 16:31:27,3.62
2026-01-28 16:31:28,3.62
2026-01-28 16:31:29,6.40
2026-01-28 16:31:30,6.40
2026-01-28 16:31:31,6.40
2026-01-28 16:31:32,6.40
2026-01-28 16:31:33,6.40
2026-01-28 16:31:34,3.47
2026-01-28 16:31:35,3.47
2026-01-28 16:31:36,3.47
2026-01-28 16:31:37,3.47
2026-01-28 16:31:38,3.47
2026-01-28 16:31:39,6.04
2026-01-28 16:31:40,6.04
2026-01-28 16:31:41,6.04
2026-01-28 16:31:42,6.04
2026-01-28 16:31:43,6.04
2026-01-28 16:31:44,0
2026-01-28 16:31:45,0
2026-01-28 16:31:46,0
2026-01-28 16:31:47,0
2026-01-28 16:31:48,0
2026-01-28 16:31:49,0
2026-01-28 16:31:50,0
2026-01-28 16:31:51,0
2026-01-28 16:31:52,0
2026-01-28 16:31:53,0
2026-01-28 16:31:54,0
2026-01-28 16:31:55,0
2026-01-28 16:31:56,0
2026-01-28 16:31:57,0
2026-01-28 16:31:58,0
2026-01-28 16:31:59,0
2026-01-28 16:32:00,0
2026-01-28 16:32:01,0
2026-01-28 16:32:02,0
2026-01-28 16:32:03,0
2026-01-28 16:32:04,0
2026-01-28 16:32:05,0
2026-01-28 16:32:06,0
2026-01-28 16:32:07,0
2026-01-28 16:32:08,0
2026-01-28 16:32:09,0
2026-01-28 16:32:10,0
2026-01-28 16:32:11,0
2026-01-28 16:32:12,0
2026-01-28 16:32:13,0
2026-01-28 16:32:14,0
2026-01-28 16:32:15,0
2026-01-28 16:32:16,0
2026-01-28 16:32:17,0
2026-01-28 16:32:18,0
2026-01-28 16:32:19,0
2026-01-28 16:32:20,0
2026-01-28 16:32:21,0
2026-01-28 16:32:22,0
2026-01-28 16:32:23,0
2026-01-28 16:32:24,0
2026-01-28 16:32:25,0
2026-01-28 16:32:26,0
2026-01-28 16:32:27,0
2026-01-28 16:32:28,0
2026-01-28 16:32:29,0
2026-01-28 16:32:30,0
2026-01-28 16:32:31,0
2026-01-28 16:32:32,0
2026-01-28 16:32:33,0
2026-01-28 16:32:34,0
2026-01-28 16:32:35,0
2026-01-28 16:32:36,0
2026-01-28 16:32:37,0
2026-01-28 16:32:38,0
2026-01-28 16:32:39,0
2026-01-28 16:32:40,0
2026-01-28 16:32:41,0
2026-01-28 16:32:42,0
2026-01-28 16:32:43,0
2026-01-28 16:32:44,0
2026-01-28 16:32:45,0
2026-01-28 16:32:46,0
2026-01-28 16:32:47,0
2026-01-28 16:32:48,0
2026-01-28 16:32:49,0
2026-01-28 16:32:50,0
2026-01-28 16:32:51,0
2026-01-28 16:32:52,0
2026-01-28 16:32:53,0
2026-01-28 16:32:54,0
2026-01-28 16:32:55,0
2026-01-28 16:32:56,0
2026-01-28 16:32:57,0
2026-01-28 16:32:58,0
2026-01-28 16:32:59,0
2026-01-28 16:33:00,0
2026-01-28 16:33:01,0
2026-01-28 16:33:02,0
2026-01-28 16:33:03,0
2026-01-28 16:33:04,0
2026-01-28 16:33:05,0
2026-01-28 16:33:06,0
2026-01-28 16:33:07,0
2026-01-28 16:33:08,0
2026-01-28 16:33:09,0
2026-01-28 16:33:10,0
2026-01-28 16:33:11,0
2026-01-28 16:33:12,0
2026-01-28 16:33:13,0
2026-01-28 16:33:14,0
2026-01-28 16:33:15,0
2026-01-28 16:33:16,0
2026-01-28 16:33:17,0
2026-01-28 16:33:18,0
2026-01-28 16:34:34,1.44
2026-01-28 16:34:35,1.44
2026-01-28 16:34:36,1.44
2026-01-28 16:34:37,1.44
2026-01-28 16:34:38,1.44
2026-01-28 16:34:39,8.46
2026-01-28 16:34:40,8.46
2026-01-28 16:34:41,8.46
2026-01-28 16:34:42,8.46
2026-01-28 16:34:43,8.46
2026-01-28 16:34:44,7.03
2026-01-28 16:34:45,7.03
2026-01-28 16:34:46,7.03
2026-01-28 16:34:47,7.03
2026-01-28 16:34:48,7.03
2026-01-28 16:34:49,8.85
2026-01-28 16:34:50,8.85
2026-01-28 16:34:51,8.85
2026-01-28 16:34:52,8.85
2026-01-28 16:34:53,8.85
2026-01-28 16:34:54,6.57
2026-01-28 16:34:55,6.57
2026-01-28 16:34:56,6.57
2026-01-28 16:34:57,6.57
2026-01-28 16:34:58,6.57
2026-01-28 16:34:59,9.55
2026-01-28 16:35:00,9.55
2026-01-28 16:35:01,9.55
2026-01-28 16:35:02,9.55
2026-01-28 16:35:03,9.55
2026-01-28 16:35:04,8.25
2026-01-28 16:35:05,8.25
2026-01-28 16:35:06,8.25
2026-01-28 16:35:07,8.25
2026-01-28 16:35:08,8.25
2026-01-28 16:35:09,9.94
2026-01-28 16:35:10,9.94
2026-01-28 16:35:11,9.94
2026-01-28 16:35:12,9.94
2026-01-28 16:35:13,9.94
2026-01-28 16:35:14,7.57
2026-01-28 16:35:15,7.57
2026-01-28 16:35:16,7.57
2026-01-28 16:35:17,7.57
2026-01-28 16:35:18,7.57
2026-01-28 16:35:19,9.55
2026-01-28 16:35:20,9.55
2026-01-28 16:35:21,9.55
2026-01-28 16:35:22,9.55
2026-01-28 16:35:23,9.55
2026-01-28 16:35:24,7.81
2026-01-28 16:35:25,7.81
2026-01-28 16:35:26,7.81
2026-01-28 16:35:27,7.81
2026-01-28 16:35:28,7.81
2026-01-28 16:35:29,9.51
2026-01-28 16:35:30,9.51
2026-01-28 16:35:31,9.51
2026-01-28 16:35:32,9.51
2026-01-28 16:35:33,9.51
2026-01-28 16:35:34,7.62
2026-01-28 16:35:35,7.62
2026-01-28 16:35:36,7.62
2026-01-28 16:35:37,7.62
2026-01-28 16:35:38,7.62
2026-01-28 16:35:39,9.36
2026-01-28 16:35:40,9.36
2026-01-28 16:35:41,9.36
2026-01-28 16:35:42,9.36
2026-01-28 16:35:43,9.36
2026-01-28 16:35:44,7.69
2026-01-28 16:35:45,7.69
2026-01-28 16:35:46,7.69
2026-01-28 16:35:47,7.69
2026-01-28 16:35:48,7.69
2026-01-28 16:35:49,9.33
2026-01-28 16:35:50,9.33
2026-01-28 16:35:51,9.33
2026-01-28 16:35:52,9.33
2026-01-28 16:35:53,9.33
2026-01-28 16:35:54,8.59
2026-01-28 16:35:55,8.59
2026-01-28 16:35:56,8.59
2026-01-28 16:35:57,8.59
2026-01-28 16:35:58,8.59
2026-01-28 16:35:59,9.57
2026-01-28 16:36:00,9.57
2026-01-28 16:36:01,9.57
2026-01-28 16:36:02,9.57
2026-01-28 16:36:03,9.57
2026-01-28 16:36:04,7.74
2026-01-28 16:36:05,7.74
2026-01-28 16:36:06,7.74
2026-01-28 16:36:07,7.74
2026-01-28 16:36:08,7.74
2026-01-28 16:36:09,11.1
2026-01-28 16:36:10,11.1
2026-01-28 16:36:11,11.1
2026-01-28 16:36:12,11.1
2026-01-28 16:36:13,11.1
2026-01-28 16:36:14,6.56
2026-01-28 16:36:15,6.56
2026-01-28 16:36:16,6.56
2026-01-28 16:36:17,6.56
2026-01-28 16:36:18,6.56
2026-01-28 16:36:19,8.93
2026-01-28 16:36:20,8.93
2026-01-28 16:36:21,8.93
2026-01-28 16:36:22,8.93
2026-01-28 16:36:23,8.93
2026-01-28 16:36:24,6.75
2026-01-28 16:36:25,6.75
2026-01-28 16:36:26,6.75
2026-01-28 16:36:27,6.75
2026-01-28 16:36:28,6.75
2026-01-28 16:36:29,8.77
2026-01-28 16:36:30,8.77
2026-01-28 16:36:31,8.77
2026-01-28 16:36:32,8.77
2026-01-28 16:36:33,8.77
2026-01-28 16:36:34,6.59
2026-01-28 16:36:35,6.59
2026-01-28 16:36:36,6.59
2026-01-28 16:36:37,6.59
2026-01-28 16:36:38,6.59
2026-01-28 16:36:39,10.9
2026-01-28 16:36:40,10.9
2026-01-28 16:36:41,10.9
2026-01-28 16:36:42,10.9
2026-01-28 16:36:43,10.9
2026-01-28 16:36:44,5.82
2026-01-28 16:36:45,5.82
2026-01-28 16:36:46,5.82
2026-01-28 16:36:47,5.82
2026-01-28 16:36:48,5.82
2026-01-28 16:36:49,7.87
2026-01-28 16:36:50,7.87
2026-01-28 16:36:51,7.87
2026-01-28 16:36:52,7.87
2026-01-28 16:36:53,7.87
2026-01-28 16:36:54,6.35
2026-01-28 16:36:55,6.35
2026-01-28 16:36:56,6.35
2026-01-28 16:36:57,6.35
2026-01-28 16:36:58,6.35
2026-01-28 16:36:59,7.96
2026-01-28 16:37:00,7.96
2026-01-28 16:37:01,7.96
2026-01-28 16:37:02,7.96
2026-01-28 16:37:03,7.96
2026-01-28 16:37:04,5.72
2026-01-28 16:37:05,5.72
2026-01-28 16:37:06,5.72
2026-01-28 16:37:07,5.72
2026-01-28 16:37:08,5.72
2026-01-28 16:37:09,8.04
2026-01-28 16:37:10,8.04
2026-01-28 16:37:11,8.04
2026-01-28 16:37:12,8.04
2026-01-28 16:37:13,8.04
2026-01-28 16:37:14,5.61
2026-01-28 16:37:15,5.61
2026-01-28 16:37:16,5.61
2026-01-28 16:37:17,5.61
2026-01-28 16:37:18,5.61
2026-01-28 16:37:19,8.10
2026-01-28 16:37:20,8.10
2026-01-28 16:37:21,8.10
2026-01-28 16:37:22,8.10
2026-01-28 16:37:23,8.10
2026-01-28 16:37:24,6.02
2026-01-28 16:37:25,6.02
2026-01-28 16:37:26,6.02
2026-01-28 16:37:27,6.02
2026-01-28 16:37:28,6.02
2026-01-28 16:37:29,8.36
2026-01-28 16:37:30,8.36
2026-01-28 16:37:31,8.36
2026-01-28 16:37:32,8.36
2026-01-28 16:37:33,8.36
2026-01-28 16:37:34,5.64
2026-01-28 16:37:35,5.64
2026-01-28 16:37:36,5.64
2026-01-28 16:37:37,5.64
2026-01-28 16:37:38,5.64
2026-01-28 16:37:39,7.81
2026-01-28 16:37:40,7.81
2026-01-28 16:37:41,7.81
2026-01-28 16:37:42,7.81
2026-01-28 16:37:43,7.81
2026-01-28 16:37:44,5.88
2026-01-28 16:37:45,5.88
2026-01-28 16:37:46,5.88
2026-01-28 16:37:47,5.88
2026-01-28 16:37:48,5.88
2026-01-28 16:37:49,7.99
2026-01-28 16:37:50,7.99
2026-01-28 16:37:51,7.99
2026-01-28 16:37:52,7.99
2026-01-28 16:37:53,7.99
2026-01-28 16:37:54,6.33
2026-01-28 16:37:55,6.33
2026-01-28 16:37:56,6.33
2026-01-28 16:37:57,6.33
2026-01-28 16:37:58,6.33
2026-01-28 16:37:59,7.98
2026-01-28 16:38:00,7.98
2026-01-28 16:38:01,7.98
2026-01-28 16:38:02,7.98
2026-01-28 16:38:03,7.98
2026-01-28 16:38:04,5.88
2026-01-28 16:38:05,5.88
2026-01-28 16:38:06,5.88
2026-01-28 16:38:07,5.88
2026-01-28 16:38:08,5.88
2026-01-28 16:38:09,7.97
2026-01-28 16:38:10,7.97
2026-01-28 16:38:11,7.97
2026-01-28 16:38:12,7.97
2026-01-28 16:38:13,7.97
2026-01-28 16:38:14,5.75
2026-01-28 16:38:15,5.75
2026-01-28 16:38:16,5.75
2026-01-28 16:38:17,5.75
2026-01-28 16:38:18,5.75
2026-01-28 16:38:19,7.98
2026-01-28 16:38:20,7.98
2026-01-28 16:38:21,7.98
2026-01-28 16:38:22,7.98
2026-01-28 16:38:23,7.98
2026-01-28 16:38:24,5.99
2026-01-28 16:38:25,5.99
2026-01-28 16:38:26,5.99
2026-01-28 16:38:27,5.99
2026-01-28 16:38:28,5.99
2026-01-28 16:38:29,8.26
2026-01-28 16:38:30,8.26
2026-01-28 16:38:31,8.26
2026-01-28 16:38:32,8.26
2026-01-28 16:38:33,8.26
2026-01-28 16:38:34,5.78
2026-01-28 16:38:35,5.78
2026-01-28 16:38:36,5.78
2026-01-28 16:38:37,5.78
2026-01-28 16:38:38,5.78
2026-01-28 16:38:39,7.76
2026-01-28 16:38:40,7.76
2026-01-28 16:38:41,7.76
2026-01-28 16:38:42,7.76
2026-01-28 16:38:43,7.76
2026-01-28 16:38:44,5.69
2026-01-28 16:38:45,5.69
2026-01-28 16:38:46,5.69
2026-01-28 16:38:47,5.69
2026-01-28 16:38:48,5.69
2026-01-28 16:38:49,7.88
2026-01-28 16:38:50,7.88
2026-01-28 16:38:51,7.88
2026-01-28 16:38:52,7.88
2026-01-28 16:38:53,7.88
2026-01-28 16:38:54,6.34
2026-01-28 16:38:55,6.34
2026-01-28 16:38:56,6.34
2026-01-28 16:38:57,6.34
2026-01-28 16:38:58,6.34
2026-01-28 16:38:59,7.88
2026-01-28 16:39:00,7.88
2026-01-28 16:39:01,7.88
2026-01-28 16:39:02,7.88
2026-01-28 16:39:03,7.88
2026-01-28 16:39:04,5.78
2026-01-28 16:39:05,5.78
2026-01-28 16:39:06,5.78
2026-01-28 16:39:07,5.78
2026-01-28 16:39:08,5.78
2026-01-28 16:39:09,8.05
2026-01-28 16:39:10,8.05
2026-01-28 16:39:11,8.05
2026-01-28 16:39:12,8.05
2026-01-28 16:39:13,8.05
2026-01-28 16:39:14,5.62
2026-01-28 16:39:15,5.62
2026-01-28 16:39:16,5.62
2026-01-28 16:39:17,5.62
2026-01-28 16:39:18,5.62
2026-01-28 16:39:19,7.96
2026-01-28 16:39:20,7.96
2026-01-28 16:39:21,7.96
2026-01-28 16:39:22,7.96
2026-01-28 16:39:23,7.96
2026-01-28 16:39:24,6.14
2026-01-28 16:39:25,6.14
2026-01-28 16:39:26,6.14
2026-01-28 16:39:27,6.14
2026-01-28 16:39:28,6.14
2026-01-28 16:39:29,8.11
2026-01-28 16:39:30,8.11
2026-01-28 16:39:31,8.11
2026-01-28 16:39:32,8.11
2026-01-28 16:39:33,8.11
2026-01-28 16:39:34,5.64
2026-01-28 16:39:35,5.64
2026-01-28 16:39:36,5.64
2026-01-28 16:39:37,5.64
2026-01-28 16:39:38,5.64
2026-01-28 16:39:39,7.98
2026-01-28 16:39:40,7.98
2026-01-28 16:39:41,7.98
2026-01-28 16:39:42,7.98
2026-01-28 16:39:43,7.98
2026-01-28 16:39:44,5.68
2026-01-28 16:39:45,5.68
2026-01-28 16:39:46,5.68
2026-01-28 16:39:47,5.68
2026-01-28 16:39:48,5.68
2026-01-28 16:39:49,7.95
2026-01-28 16:39:50,7.95
2026-01-28 16:39:51,7.95
2026-01-28 16:39:52,7.95
2026-01-28 16:39:53,7.95
2026-01-28 16:39:54,6.23
2026-01-28 16:39:55,6.23
2026-01-28 16:39:56,6.23
2026-01-28 16:39:57,6.23
2026-01-28 16:39:58,6.23
2026-01-28 16:39:59,7.98
2026-01-28 16:40:00,7.98
2026-01-28 16:40:01,7.98
2026-01-28 16:40:02,7.98
2026-01-28 16:40:03,7.98
2026-01-28 16:40:04,5.79
2026-01-28 16:40:05,5.79
2026-01-28 16:40:06,5.79
2026-01-28 16:40:07,5.79
2026-01-28 16:40:08,5.79
2026-01-28 16:40:09,7.99
2026-01-28 16:40:10,7.99
2026-01-28 16:40:11,7.99
2026-01-28 16:40:12,7.99
2026-01-28 16:40:13,7.99
2026-01-28 16:40:14,5.59
2026-01-28 16:40:15,5.59
2026-01-28 16:40:16,5.59
2026-01-28 16:40:17,5.59
2026-01-28 16:40:18,5.59
2026-01-28 16:40:19,7.87
2026-01-28 16:40:20,7.87
2026-01-28 16:40:21,7.87
2026-01-28 16:40:22,7.87
2026-01-28 16:40:23,7.87
2026-01-28 16:40:24,5.85
2026-01-28 16:40:25,5.85
2026-01-28 16:40:26,5.85
2026-01-28 16:40:27,5.85
2026-01-28 16:40:28,5.85
2026-01-28 16:40:29,7.88
2026-01-28 16:40:30,7.88
2026-01-28 16:40:31,7.88
2026-01-28 16:40:32,7.88
2026-01-28 16:40:33,7.88
2026-01-28 16:40:34,5.69
2026-01-28 16:40:35,5.69
2026-01-28 16:40:36,5.69
2026-01-28 16:40:37,5.69
2026-01-28 16:40:38,5.69
2026-01-28 16:40:39,8.41
2026-01-28 16:40:40,8.41
2026-01-28 16:40:41,8.41
2026-01-28 16:40:42,8.41
2026-01-28 16:40:43,8.41
2026-01-28 16:40:44,5.70
2026-01-28 16:40:45,5.70
2026-01-28 16:40:46,5.70
2026-01-28 16:40:47,5.70
2026-01-28 16:40:48,5.70
2026-01-28 16:40:49,7.90
2026-01-28 16:40:50,7.90
2026-01-28 16:40:51,7.90
2026-01-28 16:40:52,7.90
2026-01-28 16:40:53,7.90
2026-01-28 16:40:54,6.56
2026-01-28 16:40:55,6.56
2026-01-28 16:40:56,6.56
2026-01-28 16:40:57,6.56
2026-01-28 16:40:58,6.56
2026-01-28 16:40:59,8.82
2026-01-28 16:41:00,8.82
2026-01-28 16:41:01,8.82
2026-01-28 16:41:02,8.82
2026-01-28 16:41:03,8.82
2026-01-28 16:41:04,7.05
2026-01-28 16:41:05,7.05
2026-01-28 16:41:06,7.05
2026-01-28 16:41:07,7.05
2026-01-28 16:41:08,7.05
2026-01-28 16:41:09,10.8
2026-01-28 16:41:10,10.8
2026-01-28 16:41:11,10.8
2026-01-28 16:41:12,10.8
2026-01-28 16:41:13,10.8
2026-01-28 16:41:14,8.34
2026-01-28 16:41:15,8.34
2026-01-28 16:41:16,8.34
2026-01-28 16:41:17,8.34
2026-01-28 16:41:18,8.34
2026-01-28 16:41:19,10.1
2026-01-28 16:41:20,10.1
2026-01-28 16:41:21,10.1
2026-01-28 16:41:22,10.1
2026-01-28 16:41:23,10.1
2026-01-28 16:41:24,8.72
2026-01-28 16:41:25,8.72
2026-01-28 16:41:26,8.72
2026-01-28 16:41:27,8.72
2026-01-28 16:41:28,8.72
2026-01-28 16:41:29,0
2026-01-28 16:41:30,0
2026-01-28 16:41:31,0
2026-01-28 16:41:32,0
2026-01-28 16:41:33,0
2026-01-28 16:41:34,0
2026-01-28 16:41:35,0
2026-01-28 16:41:36,0
2026-01-28 16:41:37,0
2026-01-28 16:41:38,0
2026-01-28 16:41:39,0
2026-01-28 16:41:40,0
2026-01-28 16:41:41,0
2026-01-28 16:41:42,0
2026-01-28 16:41:43,0
2026-01-28 16:41:44,0
2026-01-28 16:41:45,0
2026-01-28 16:41:46,0
2026-01-28 16:41:47,0
2026-01-28 16:41:48,0
2026-01-28 16:41:49,0
2026-01-28 16:41:50,0
2026-01-28 16:41:51,0
2026-01-28 16:41:52,0
2026-01-28 16:41:53,0
2026-01-28 16:41:54,0
2026-01-28 16:41:55,0
2026-01-28 16:41:56,0
2026-01-28 16:41:57,0
2026-01-28 16:41:58,0
2026-01-28 16:41:59,0
2026-01-28 16:42:00,0
2026-01-28 16:42:01,0
2026-01-28 16:42:02,0
2026-01-28 16:42:03,0
2026-01-28 16:42:04,0
2026-01-28 16:42:05,0
2026-01-28 16:42:06,0
2026-01-28 16:42:07,0
2026-01-28 16:42:08,0
2026-01-28 16:42:09,0
2026-01-28 16:42:10,0
2026-01-28 16:42:11,0
2026-01-28 16:42:12,0
2026-01-28 16:42:13,0
2026-01-28 16:42:14,0
2026-01-28 16:42:15,0
2026-01-28 16:42:16,0
2026-01-28 16:42:17,0
2026-01-28 16:42:18,0
2026-01-28 16:42:19,0
2026-01-28 16:42:20,0
2026-01-28 16:42:21,0
2026-01-28 16:42:22,0
2026-01-28 16:42:23,0
2026-01-28 16:42:24,0
2026-01-28 16:42:25,0
2026-01-28 16:42:26,0
2026-01-28 16:42:27,0
2026-01-28 16:42:28,0
2026-01-28 16:42:29,0
2026-01-28 16:42:30,0
2026-01-28 16:42:31,0
2026-01-28 16:42:32,0
2026-01-28 16:42:33,0
2026-01-28 16:42:34,0
2026-01-28 16:42:35,0
2026-01-28 16:42:36,0
2026-01-28 16:42:37,0
2026-01-28 16:42:38,0
2026-01-28 16:42:39,0
2026-01-28 16:42:40,0
2026-01-28 16:42:41,0
2026-01-28 16:42:42,0
2026-01-28 16:42:43,0
2026-01-28 16:42:44,0
2026-01-28 16:42:45,0
2026-01-28 16:42:46,0
2026-01-28 16:42:47,0
2026-01-28 16:42:48,0
2026-01-28 16:42:49,0
2026-01-28 16:42:50,0
2026-01-28 16:42:51,0
2026-01-28 16:42:52,0
2026-01-28 16:42:53,0
2026-01-28 16:42:54,0
2026-01-28 16:42:55,0
2026-01-28 16:42:56,0
2026-01-28 16:42:57,0
2026-01-28 16:42:58,0
2026-01-28 16:42:59,0
2026-01-28 16:43:00,0
2026-01-28 16:43:01,0
2026-01-28 16:43:02,0
2026-01-28 16:43:03,0
2026-01-28 16:44:49,4.61
2026-01-28 16:44:50,4.61
2026-01-28 16:44:51,4.61
2026-01-28 16:44:52,4.61
2026-01-28 16:44:53,4.61
2026-01-28 16:44:54,7.02
2026-01-28 16:44:55,7.02
2026-01-28 16:44:56,7.02
2026-01-28 16:44:57,7.02
2026-01-28 16:44:58,7.02
2026-01-28 16:44:59,9.29
2026-01-28 16:45:00,9.29
2026-01-28 16:45:01,9.29
2026-01-28 16:45:02,9.29
2026-01-28 16:45:03,9.29
2026-01-28 16:45:04,6.95
2026-01-28 16:45:05,6.95
2026-01-28 16:45:06,6.95
2026-01-28 16:45:07,6.95
2026-01-28 16:45:08,6.95
2026-01-28 16:45:09,8.73
2026-01-28 16:45:10,8.73
2026-01-28 16:45:11,8.73
2026-01-28 16:45:12,8.73
2026-01-28 16:45:13,8.73
2026-01-28 16:45:14,8.39
2026-01-28 16:45:15,8.39
2026-01-28 16:45:16,8.39
2026-01-28 16:45:17,8.39
2026-01-28 16:45:18,8.39
2026-01-28 16:45:19,7.70
2026-01-28 16:45:20,7.70
2026-01-28 16:45:21,7.70
2026-01-28 16:45:22,7.70
2026-01-28 16:45:23,7.70
2026-01-28 16:45:24,5.42
2026-01-28 16:45:25,5.42
2026-01-28 16:45:26,5.42
2026-01-28 16:45:27,5.42
2026-01-28 16:45:28,5.42
2026-01-28 16:45:29,7.60
2026-01-28 16:45:30,7.60
2026-01-28 16:45:31,7.60
2026-01-28 16:45:32,7.60
2026-01-28 16:45:33,7.60
2026-01-28 16:45:34,5.46
2026-01-28 16:45:35,5.46
2026-01-28 16:45:36,5.46
2026-01-28 16:45:37,5.46
2026-01-28 16:45:38,5.46
2026-01-28 16:45:39,7.54
2026-01-28 16:45:40,7.54
2026-01-28 16:45:41,7.54
2026-01-28 16:45:42,7.54
2026-01-28 16:45:43,7.54
2026-01-28 16:45:44,4.77
2026-01-28 16:45:45,4.77
2026-01-28 16:45:46,4.77
2026-01-28 16:45:47,4.77
2026-01-28 16:45:48,4.77
2026-01-28 16:45:49,7.06
2026-01-28 16:45:50,7.06
2026-01-28 16:45:51,7.06
2026-01-28 16:45:52,7.06
2026-01-28 16:45:53,7.06
2026-01-28 16:45:54,4.69
2026-01-28 16:45:55,4.69
2026-01-28 16:45:56,4.69
2026-01-28 16:45:57,4.69
2026-01-28 16:45:58,4.69
2026-01-28 16:45:59,7.23
2026-01-28 16:46:00,7.23
2026-01-28 16:46:01,7.23
2026-01-28 16:46:02,7.23
2026-01-28 16:46:03,7.23
2026-01-28 16:46:04,4.65
2026-01-28 16:46:05,4.65
2026-01-28 16:46:06,4.65
2026-01-28 16:46:07,4.65
2026-01-28 16:46:08,4.65
2026-01-28 16:46:09,7.39
2026-01-28 16:46:10,7.39
2026-01-28 16:46:11,7.39
2026-01-28 16:46:12,7.39
2026-01-28 16:46:13,7.39
2026-01-28 16:46:14,4.63
2026-01-28 16:46:15,4.63
2026-01-28 16:46:16,4.63
2026-01-28 16:46:17,4.63
2026-01-28 16:46:18,4.63
2026-01-28 16:46:19,6.96
2026-01-28 16:46:20,6.96
2026-01-28 16:46:21,6.96
2026-01-28 16:46:22,6.96
2026-01-28 16:46:23,6.96
2026-01-28 16:46:24,4.56
2026-01-28 16:46:25,4.56
2026-01-28 16:46:26,4.56
2026-01-28 16:46:27,4.56
2026-01-28 16:46:28,4.56
2026-01-28 16:46:29,7.42
2026-01-28 16:46:30,7.42
2026-01-28 16:46:31,7.42
2026-01-28 16:46:32,7.42
2026-01-28 16:46:33,7.42
2026-01-28 16:46:34,4.51
2026-01-28 16:46:35,4.51
2026-01-28 16:46:36,4.51
2026-01-28 16:46:37,4.51
2026-01-28 16:46:38,4.51
2026-01-28 16:46:39,7.02
2026-01-28 16:46:40,7.02
2026-01-28 16:46:41,7.02
2026-01-28 16:46:42,7.02
2026-01-28 16:46:43,7.02
2026-01-28 16:46:44,4.38
2026-01-28 16:46:45,4.38
2026-01-28 16:46:46,4.38
2026-01-28 16:46:47,4.38
2026-01-28 16:46:48,4.38
2026-01-28 16:46:49,7.83
2026-01-28 16:46:50,7.83
2026-01-28 16:46:51,7.83
2026-01-28 16:46:52,7.83
2026-01-28 16:46:53,7.83
2026-01-28 16:46:54,5.91
2026-01-28 16:46:55,5.91
2026-01-28 16:46:56,5.91
2026-01-28 16:46:57,5.91
2026-01-28 16:46:58,5.91
2026-01-28 16:46:59,7.87
2026-01-28 16:47:00,7.87
2026-01-28 16:47:01,7.87
2026-01-28 16:47:02,7.87
2026-01-28 16:47:03,7.87
2026-01-28 16:47:04,5.88
2026-01-28 16:47:05,5.88
2026-01-28 16:47:06,5.88
2026-01-28 16:47:07,5.88
2026-01-28 16:47:08,5.88
2026-01-28 16:47:09,8.37
2026-01-28 16:47:10,8.37
2026-01-28 16:47:11,8.37
2026-01-28 16:47:12,8.37
2026-01-28 16:47:13,8.37
2026-01-28 16:47:14,5.81
2026-01-28 16:47:15,5.81
2026-01-28 16:47:16,5.81
2026-01-28 16:47:17,5.81
2026-01-28 16:47:18,5.81
2026-01-28 16:47:19,7.91
2026-01-28 16:47:20,7.91
2026-01-28 16:47:21,7.91
2026-01-28 16:47:22,7.91
2026-01-28 16:47:23,7.91
2026-01-28 16:47:24,5.61
2026-01-28 16:47:25,5.61
2026-01-28 16:47:26,5.61
2026-01-28 16:47:27,5.61
2026-01-28 16:47:28,5.61
2026-01-28 16:47:29,8.03
2026-01-28 16:47:30,8.03
2026-01-28 16:47:31,8.03
2026-01-28 16:47:32,8.03
2026-01-28 16:47:33,8.03
2026-01-28 16:47:34,5.78
2026-01-28 16:47:35,5.78
2026-01-28 16:47:36,5.78
2026-01-28 16:47:37,5.78
2026-01-28 16:47:38,5.78
2026-01-28 16:47:39,7.92
2026-01-28 16:47:40,7.92
2026-01-28 16:47:41,7.92
2026-01-28 16:47:42,7.92
2026-01-28 16:47:43,7.92
2026-01-28 16:47:44,5.63
2026-01-28 16:47:45,5.63
2026-01-28 16:47:46,5.63
2026-01-28 16:47:47,5.63
2026-01-28 16:47:48,5.63
2026-01-28 16:47:49,7.95
2026-01-28 16:47:50,7.95
2026-01-28 16:47:51,7.95
2026-01-28 16:47:52,7.95
2026-01-28 16:47:53,7.95
2026-01-28 16:47:54,5.92
2026-01-28 16:47:55,5.92
2026-01-28 16:47:56,5.92
2026-01-28 16:47:57,5.92
2026-01-28 16:47:58,5.92
2026-01-28 16:47:59,7.97
2026-01-28 16:48:00,7.97
2026-01-28 16:48:01,7.97
2026-01-28 16:48:02,7.97
2026-01-28 16:48:03,7.97
2026-01-28 16:48:04,5.65
2026-01-28 16:48:05,5.65
2026-01-28 16:48:06,5.65
2026-01-28 16:48:07,5.65
2026-01-28 16:48:08,5.65
2026-01-28 16:48:09,8.11
2026-01-28 16:48:10,8.11
2026-01-28 16:48:11,8.11
2026-01-28 16:48:12,8.11
2026-01-28 16:48:13,8.11
2026-01-28 16:48:14,5.75
2026-01-28 16:48:15,5.75
2026-01-28 16:48:16,5.75
2026-01-28 16:48:17,5.75
2026-01-28 16:48:18,5.75
2026-01-28 16:48:19,8.15
2026-01-28 16:48:20,8.15
2026-01-28 16:48:21,8.15
2026-01-28 16:48:22,8.15
2026-01-28 16:48:23,8.15
2026-01-28 16:48:24,5.70
2026-01-28 16:48:25,5.70
2026-01-28 16:48:26,5.70
2026-01-28 16:48:27,5.70
2026-01-28 16:48:28,5.70
2026-01-28 16:48:29,7.95
2026-01-28 16:48:30,7.95
2026-01-28 16:48:31,7.95
2026-01-28 16:48:32,7.95
2026-01-28 16:48:33,7.95
2026-01-28 16:48:34,5.81
2026-01-28 16:48:35,5.81
2026-01-28 16:48:36,5.81
2026-01-28 16:48:37,5.81
2026-01-28 16:48:38,5.81
2026-01-28 16:48:39,8.00
2026-01-28 16:48:40,8.00
2026-01-28 16:48:41,8.00
2026-01-28 16:48:42,8.00
2026-01-28 16:48:43,8.00
2026-01-28 16:48:44,5.58
2026-01-28 16:48:45,5.58
2026-01-28 16:48:46,5.58
2026-01-28 16:48:47,5.58
2026-01-28 16:48:48,5.58
2026-01-28 16:48:49,7.98
2026-01-28 16:48:50,7.98
2026-01-28 16:48:51,7.98
2026-01-28 16:48:52,7.98
2026-01-28 16:48:53,7.98
2026-01-28 16:48:54,5.95
2026-01-28 16:48:55,5.95
2026-01-28 16:48:56,5.95
2026-01-28 16:48:57,5.95
2026-01-28 16:48:58,5.95
2026-01-28 16:48:59,7.91
2026-01-28 16:49:00,7.91
2026-01-28 16:49:01,7.91
2026-01-28 16:49:02,7.91
2026-01-28 16:49:03,7.91
2026-01-28 16:49:04,5.62
2026-01-28 16:49:05,5.62
2026-01-28 16:49:06,5.62
2026-01-28 16:49:07,5.62
2026-01-28 16:49:08,5.62
2026-01-28 16:49:09,7.98
2026-01-28 16:49:10,7.98
2026-01-28 16:49:11,7.98
2026-01-28 16:49:12,7.98
2026-01-28 16:49:13,7.98
2026-01-28 16:49:14,6.52
2026-01-28 16:49:15,6.52
2026-01-28 16:49:16,6.52
2026-01-28 16:49:17,6.52
2026-01-28 16:49:18,6.52
2026-01-28 16:49:19,9.86
2026-01-28 16:49:20,9.86
2026-01-28 16:49:21,9.86
2026-01-28 16:49:22,9.86
2026-01-28 16:49:23,9.86
2026-01-28 16:49:24,7.21
2026-01-28 16:49:25,7.21
2026-01-28 16:49:26,7.21
2026-01-28 16:49:27,7.21
2026-01-28 16:49:28,7.21
2026-01-28 16:49:29,9.08
2026-01-28 16:49:30,9.08
2026-01-28 16:49:31,9.08
2026-01-28 16:49:32,9.08
2026-01-28 16:49:33,9.08
2026-01-28 16:49:34,6.73
2026-01-28 16:49:35,6.73
2026-01-28 16:49:36,6.73
2026-01-28 16:49:37,6.73
2026-01-28 16:49:38,6.73
2026-01-28 16:49:39,9.76
2026-01-28 16:49:40,9.76
2026-01-28 16:49:41,9.76
2026-01-28 16:49:42,9.76
2026-01-28 16:49:43,9.76
2026-01-28 16:49:44,7.93
2026-01-28 16:49:45,7.93
2026-01-28 16:49:46,7.93
2026-01-28 16:49:47,7.93
2026-01-28 16:49:48,7.93
2026-01-28 16:49:49,9.52
2026-01-28 16:49:50,9.52
2026-01-28 16:49:51,9.52
2026-01-28 16:49:52,9.52
2026-01-28 16:49:53,9.52
2026-01-28 16:49:54,7.89
2026-01-28 16:49:55,7.89
2026-01-28 16:49:56,7.89
2026-01-28 16:49:57,7.89
2026-01-28 16:49:58,7.89
2026-01-28 16:49:59,9.59
2026-01-28 16:50:00,9.59
2026-01-28 16:50:01,9.59
2026-01-28 16:50:02,9.59
2026-01-28 16:50:03,9.59
2026-01-28 16:50:04,7.64
2026-01-28 16:50:05,7.64
2026-01-28 16:50:06,7.64
2026-01-28 16:50:07,7.64
2026-01-28 16:50:08,7.64
2026-01-28 16:50:09,9.70
2026-01-28 16:50:10,9.70
2026-01-28 16:50:11,9.70
2026-01-28 16:50:12,9.70
2026-01-28 16:50:13,9.70
2026-01-28 16:50:14,7.89
2026-01-28 16:50:15,7.89
2026-01-28 16:50:16,7.89
2026-01-28 16:50:17,7.89
2026-01-28 16:50:18,7.89
2026-01-28 16:50:19,9.73
2026-01-28 16:50:20,9.73
2026-01-28 16:50:21,9.73
2026-01-28 16:50:22,9.73
2026-01-28 16:50:23,9.73
2026-01-28 16:50:24,7.65
2026-01-28 16:50:25,7.65
2026-01-28 16:50:26,7.65
2026-01-28 16:50:27,7.65
2026-01-28 16:50:28,7.65
2026-01-28 16:50:29,9.82
2026-01-28 16:50:30,9.82
2026-01-28 16:50:31,9.82
2026-01-28 16:50:32,9.82
2026-01-28 16:50:33,9.82
2026-01-28 16:50:34,7.65
2026-01-28 16:50:35,7.65
2026-01-28 16:50:36,7.65
2026-01-28 16:50:37,7.65
2026-01-28 16:50:38,7.65
2026-01-28 16:50:39,9.98
2026-01-28 16:50:40,9.98
2026-01-28 16:50:41,9.98
2026-01-28 16:50:42,9.98
2026-01-28 16:50:43,9.98
2026-01-28 16:50:44,9.05
2026-01-28 16:50:45,9.05
2026-01-28 16:50:46,9.05
2026-01-28 16:50:47,9.05
2026-01-28 16:50:48,9.05
2026-01-28 16:50:49,10.2
2026-01-28 16:50:50,10.2
2026-01-28 16:50:51,10.2
2026-01-28 16:50:52,10.2
2026-01-28 16:50:53,10.2
2026-01-28 16:50:54,7.94
2026-01-28 16:50:55,7.94
2026-01-28 16:50:56,7.94
2026-01-28 16:50:57,7.94
2026-01-28 16:50:58,7.94
2026-01-28 16:50:59,9.27
2026-01-28 16:51:00,9.27
2026-01-28 16:51:01,9.27
2026-01-28 16:51:02,9.27
2026-01-28 16:51:03,9.27
2026-01-28 16:51:04,8.30
2026-01-28 16:51:05,8.30
2026-01-28 16:51:06,8.30
2026-01-28 16:51:07,8.30
2026-01-28 16:51:08,8.30
2026-01-28 16:51:09,10.8
2026-01-28 16:51:10,10.8
2026-01-28 16:51:11,10.8
2026-01-28 16:51:12,10.8
2026-01-28 16:51:13,10.8
2026-01-28 16:51:14,8.60
2026-01-28 16:51:15,8.60
2026-01-28 16:51:16,8.60
2026-01-28 16:51:17,8.60
2026-01-28 16:51:18,8.60
2026-01-28 16:51:19,10.3
2026-01-28 16:51:20,10.3
2026-01-28 16:51:21,10.3
2026-01-28 16:51:22,10.3
2026-01-28 16:51:23,10.3
2026-01-28 16:51:24,0
2026-01-28 16:51:25,0
2026-01-28 16:51:26,0
2026-01-28 16:51:27,0
2026-01-28 16:51:28,0
2026-01-28 16:51:29,0
2026-01-28 16:51:30,0
2026-01-28 16:51:31,0
2026-01-28 16:51:32,0
2026-01-28 16:51:33,0
2026-01-28 16:51:34,0
2026-01-28 16:51:35,0
2026-01-28 16:51:36,0
2026-01-28 16:51:37,0
2026-01-28 16:51:38,0
2026-01-28 16:51:39,0
2026-01-28 16:51:40,0
2026-01-28 16:51:41,0
2026-01-28 16:51:42,0
2026-01-28 16:51:43,0
2026-01-28 16:51:44,0
2026-01-28 16:51:45,0
2026-01-28 16:51:46,0
2026-01-28 16:51:47,0
2026-01-28 16:51:48,0
2026-01-28 16:51:49,0
2026-01-28 16:51:50,0
2026-01-28 16:51:51,0
2026-01-28 16:51:52,0
2026-01-28 16:51:53,0
2026-01-28 16:51:54,0
2026-01-28 16:51:55,0
2026-01-28 16:51:56,0
2026-01-28 16:51:57,0
2026-01-28 16:51:58,0
2026-01-28 16:51:59,0
2026-01-28 16:52:00,0
2026-01-28 16:52:01,0
2026-01-28 16:52:02,0
2026-01-28 16:52:03,0
2026-01-28 16:52:04,0
2026-01-28 16:52:05,0
2026-01-28 16:52:06,0
2026-01-28 16:52:07,0
2026-01-28 16:52:08,0
2026-01-28 16:52:09,0
2026-01-28 16:52:10,0
2026-01-28 16:52:11,0
2026-01-28 16:52:12,0
2026-01-28 16:52:13,0
2026-01-28 16:52:14,0
2026-01-28 16:52:15,0
2026-01-28 16:52:16,0
2026-01-28 16:52:17,0
2026-01-28 16:52:18,0
2026-01-28 16:52:19,0
2026-01-28 16:52:20,0
2026-01-28 16:52:21,0
2026-01-28 16:52:22,0
2026-01-28 16:52:23,0
2026-01-28 16:52:24,0
2026-01-28 16:52:25,0
2026-01-28 16:52:26,0
2026-01-28 16:52:27,0
2026-01-28 16:52:28,0
2026-01-28 16:52:29,0
2026-01-28 16:52:30,0
2026-01-28 16:52:31,0
2026-01-28 16:52:32,0
2026-01-28 16:52:33,0
2026-01-28 16:52:34,0
2026-01-28 16:52:35,0
2026-01-28 16:52:36,0
2026-01-28 16:52:37,0
2026-01-28 16:52:38,0
2026-01-28 16:52:39,0
2026-01-28 16:52:40,0
2026-01-28 16:52:41,0
2026-01-28 16:52:42,0
2026-01-28 16:52:43,0
2026-01-28 16:52:44,0
2026-01-28 16:52:45,0
2026-01-28 16:52:46,0
2026-01-28 16:52:47,0
2026-01-28 16:52:48,0
2026-01-28 16:52:49,0
2026-01-28 16:52:50,0
2026-01-28 16:52:51,0
2026-01-28 16:52:52,0
2026-01-28 16:52:53,0
2026-01-28 16:52:54,0
2026-01-28 16:52:55,0
2026-01-28 16:52:56,0
2026-01-28 16:52:57,0
2026-01-28 16:52:58,0
2026-01-28 16:53:09,8.82
2026-01-28 16:53:10,8.82
2026-01-28 16:53:11,8.82
2026-01-28 16:53:12,8.82
2026-01-28 16:53:13,8.82
2026-01-28 16:53:14,6.64
2026-01-28 16:53:15,6.64
2026-01-28 16:53:16,6.64
2026-01-28 16:53:17,6.64
2026-01-28 16:53:18,6.64
2026-01-28 16:53:19,8.59
2026-01-28 16:53:20,8.59
2026-01-28 16:53:21,8.59
2026-01-28 16:53:22,8.59
2026-01-28 16:53:23,8.59
2026-01-28 16:53:24,6.58
2026-01-28 16:53:25,6.58
2026-01-28 16:53:26,6.58
2026-01-28 16:53:27,6.58
2026-01-28 16:53:28,6.58
2026-01-28 16:53:29,8.70
2026-01-28 16:53:30,8.70
2026-01-28 16:53:31,8.70
2026-01-28 16:53:32,8.70
2026-01-28 16:53:33,8.70
2026-01-28 16:53:34,6.80
2026-01-28 16:53:35,6.80
2026-01-28 16:53:36,6.80
2026-01-28 16:53:37,6.80
2026-01-28 16:53:38,6.80
2026-01-28 16:53:39,8.98
2026-01-28 16:53:40,8.98
2026-01-28 16:53:41,8.98
2026-01-28 16:53:42,8.98
2026-01-28 16:53:43,8.98
2026-01-28 16:53:44,6.44
2026-01-28 16:53:45,6.44
2026-01-28 16:53:46,6.44
2026-01-28 16:53:47,6.44
2026-01-28 16:53:48,6.44
2026-01-28 16:53:49,8.67
2026-01-28 16:53:50,8.67
2026-01-28 16:53:51,8.67
2026-01-28 16:53:52,8.67
2026-01-28 16:53:53,8.67
2026-01-28 16:53:54,6.91
2026-01-28 16:53:55,6.91
2026-01-28 16:53:56,6.91
2026-01-28 16:53:57,6.91
2026-01-28 16:53:58,6.91
2026-01-28 16:53:59,8.80
2026-01-28 16:54:00,8.80
2026-01-28 16:54:01,8.80
2026-01-28 16:54:02,8.80
2026-01-28 16:54:03,8.80
2026-01-28 16:54:04,6.54
2026-01-28 16:54:05,6.54
2026-01-28 16:54:06,6.54
2026-01-28 16:54:07,6.54
2026-01-28 16:54:08,6.54
2026-01-28 16:54:09,8.73
2026-01-28 16:54:10,8.73
2026-01-28 16:54:11,8.73
2026-01-28 16:54:12,8.73
2026-01-28 16:54:13,8.73
2026-01-28 16:54:14,6.65
2026-01-28 16:54:15,6.65
2026-01-28 16:54:16,6.65
2026-01-28 16:54:17,6.65
2026-01-28 16:54:18,6.65
2026-01-28 16:54:19,8.63
2026-01-28 16:54:20,8.63
2026-01-28 16:54:21,8.63
2026-01-28 16:54:22,8.63
2026-01-28 16:54:23,8.63
2026-01-28 16:54:24,6.49
2026-01-28 16:54:25,6.49
2026-01-28 16:54:26,6.49
2026-01-28 16:54:27,6.49
2026-01-28 16:54:28,6.49
2026-01-28 16:54:29,9.90
2026-01-28 16:54:30,9.90
2026-01-28 16:54:31,9.90
2026-01-28 16:54:32,9.90
2026-01-28 16:54:33,9.90
2026-01-28 16:54:34,6.41
2026-01-28 16:54:35,6.41
2026-01-28 16:54:36,6.41
2026-01-28 16:54:37,6.41
2026-01-28 16:54:38,6.41
2026-01-28 16:54:39,7.99
2026-01-28 16:54:40,7.99
2026-01-28 16:54:41,7.99
2026-01-28 16:54:42,7.99
2026-01-28 16:54:43,7.99
2026-01-28 16:54:44,5.61
2026-01-28 16:54:45,5.61
2026-01-28 16:54:46,5.61
2026-01-28 16:54:47,5.61
2026-01-28 16:54:48,5.61
2026-01-28 16:54:49,8.08
2026-01-28 16:54:50,8.08
2026-01-28 16:54:51,8.08
2026-01-28 16:54:52,8.08
2026-01-28 16:54:53,8.08
2026-01-28 16:54:54,5.87
2026-01-28 16:54:55,5.87
2026-01-28 16:54:56,5.87
2026-01-28 16:54:57,5.87
2026-01-28 16:54:58,5.87
2026-01-28 16:54:59,7.74
2026-01-28 16:55:00,7.74
2026-01-28 16:55:01,7.74
2026-01-28 16:55:02,7.74
2026-01-28 16:55:03,7.74
2026-01-28 16:55:04,5.55
2026-01-28 16:55:05,5.55
2026-01-28 16:55:06,5.55
2026-01-28 16:55:07,5.55
2026-01-28 16:55:08,5.55
2026-01-28 16:55:09,8.00
2026-01-28 16:55:10,8.00
2026-01-28 16:55:11,8.00
2026-01-28 16:55:12,8.00
2026-01-28 16:55:13,8.00
2026-01-28 16:55:14,5.70
2026-01-28 16:55:15,5.70
2026-01-28 16:55:16,5.70
2026-01-28 16:55:17,5.70
2026-01-28 16:55:18,5.70
2026-01-28 16:55:19,7.95
2026-01-28 16:55:20,7.95
2026-01-28 16:55:21,7.95
2026-01-28 16:55:22,7.95
2026-01-28 16:55:23,7.95
2026-01-28 16:55:24,5.59
2026-01-28 16:55:25,5.59
2026-01-28 16:55:26,5.59
2026-01-28 16:55:27,5.59
2026-01-28 16:55:28,5.59
2026-01-28 16:55:29,7.87
2026-01-28 16:55:30,7.87
2026-01-28 16:55:31,7.87
2026-01-28 16:55:32,7.87
2026-01-28 16:55:33,7.87
2026-01-28 16:55:34,5.66
2026-01-28 16:55:35,5.66
2026-01-28 16:55:36,5.66
2026-01-28 16:55:37,5.66
2026-01-28 16:55:38,5.66
2026-01-28 16:55:39,7.60
2026-01-28 16:55:40,7.60
2026-01-28 16:55:41,7.60
2026-01-28 16:55:42,7.60
2026-01-28 16:55:43,7.60
2026-01-28 16:55:44,5.67
2026-01-28 16:55:45,5.67
2026-01-28 16:55:46,5.67
2026-01-28 16:55:47,5.67
2026-01-28 16:55:48,5.67
2026-01-28 16:55:49,10.1
2026-01-28 16:55:50,10.1
2026-01-28 16:55:51,10.1
2026-01-28 16:55:52,10.1
2026-01-28 16:55:53,10.1
2026-01-28 16:55:54,5.83
2026-01-28 16:55:55,5.83
2026-01-28 16:55:56,5.83
2026-01-28 16:55:57,5.83
2026-01-28 16:55:58,5.83
2026-01-28 16:55:59,6.61
2026-01-28 16:56:00,6.61
2026-01-28 16:56:01,6.61
2026-01-28 16:56:02,6.61
2026-01-28 16:56:03,6.61
2026-01-28 16:56:04,6.14
2026-01-28 16:56:05,6.14
2026-01-28 16:56:06,6.14
2026-01-28 16:56:07,6.14
2026-01-28 16:56:08,6.14
2026-01-28 16:56:09,8.03
2026-01-28 16:56:10,8.03
2026-01-28 16:56:11,8.03
2026-01-28 16:56:12,8.03
2026-01-28 16:56:13,8.03
2026-01-28 16:56:14,5.75
2026-01-28 16:56:15,5.75
2026-01-28 16:56:16,5.75
2026-01-28 16:56:17,5.75
2026-01-28 16:56:18,5.75
2026-01-28 16:56:19,7.96
2026-01-28 16:56:20,7.96
2026-01-28 16:56:21,7.96
2026-01-28 16:56:22,7.96
2026-01-28 16:56:23,7.96
2026-01-28 16:56:24,5.62
2026-01-28 16:56:25,5.62
2026-01-28 16:56:26,5.62
2026-01-28 16:56:27,5.62
2026-01-28 16:56:28,5.62
2026-01-28 16:56:29,7.99
2026-01-28 16:56:30,7.99
2026-01-28 16:56:31,7.99
2026-01-28 16:56:32,7.99
2026-01-28 16:56:33,7.99
2026-01-28 16:56:34,5.76
2026-01-28 16:56:35,5.76
2026-01-28 16:56:36,5.76
2026-01-28 16:56:37,5.76
2026-01-28 16:56:38,5.76
2026-01-28 16:56:39,7.75
2026-01-28 16:56:40,7.75
2026-01-28 16:56:41,7.75
2026-01-28 16:56:42,7.75
2026-01-28 16:56:43,7.75
2026-01-28 16:56:44,5.59
2026-01-28 16:56:45,5.59
2026-01-28 16:56:46,5.59
2026-01-28 16:56:47,5.59
2026-01-28 16:56:48,5.59
2026-01-28 16:56:49,8.14
2026-01-28 16:56:50,8.14
2026-01-28 16:56:51,8.14
2026-01-28 16:56:52,8.14
2026-01-28 16:56:53,8.14
2026-01-28 16:56:54,5.84
2026-01-28 16:56:55,5.84
2026-01-28 16:56:56,5.84
2026-01-28 16:56:57,5.84
2026-01-28 16:56:58,5.84
2026-01-28 16:56:59,8.38
2026-01-28 16:57:00,8.38
2026-01-28 16:57:01,8.38
2026-01-28 16:57:02,8.38
2026-01-28 16:57:03,8.38
2026-01-28 16:57:04,5.58
2026-01-28 16:57:05,5.58
2026-01-28 16:57:06,5.58
2026-01-28 16:57:07,5.58
2026-01-28 16:57:08,5.58
2026-01-28 16:57:09,7.87
2026-01-28 16:57:10,7.87
2026-01-28 16:57:11,7.87
2026-01-28 16:57:12,7.87
2026-01-28 16:57:13,7.87
2026-01-28 16:57:14,5.63
2026-01-28 16:57:15,5.63
2026-01-28 16:57:16,5.63
2026-01-28 16:57:17,5.63
2026-01-28 16:57:18,5.63
2026-01-28 16:57:19,8.01
2026-01-28 16:57:20,8.01
2026-01-28 16:57:21,8.01
2026-01-28 16:57:22,8.01
2026-01-28 16:57:23,8.01
2026-01-28 16:57:24,5.66
2026-01-28 16:57:25,5.66
2026-01-28 16:57:26,5.66
2026-01-28 16:57:27,5.66
2026-01-28 16:57:28,5.66
2026-01-28 16:57:29,8.89
2026-01-28 16:57:30,8.89
2026-01-28 16:57:31,8.89
2026-01-28 16:57:32,8.89
2026-01-28 16:57:33,8.89
2026-01-28 16:57:34,7.70
2026-01-28 16:57:35,7.70
2026-01-28 16:57:36,7.70
2026-01-28 16:57:37,7.70
2026-01-28 16:57:38,7.70
2026-01-28 16:57:39,9.38
2026-01-28 16:57:40,9.38
2026-01-28 16:57:41,9.38
2026-01-28 16:57:42,9.38
2026-01-28 16:57:43,9.38
2026-01-28 16:57:44,7.86
2026-01-28 16:57:45,7.86
2026-01-28 16:57:46,7.86
2026-01-28 16:57:47,7.86
2026-01-28 16:57:48,7.86
2026-01-28 16:57:49,9.49
2026-01-28 16:57:50,9.49
2026-01-28 16:57:51,9.49
2026-01-28 16:57:52,9.49
2026-01-28 16:57:53,9.49
2026-01-28 16:57:54,7.74
2026-01-28 16:57:55,7.74
2026-01-28 16:57:56,7.74
2026-01-28 16:57:57,7.74
2026-01-28 16:57:58,7.74
2026-01-28 16:57:59,9.75
2026-01-28 16:58:00,9.75
2026-01-28 16:58:01,9.75
2026-01-28 16:58:02,9.75
2026-01-28 16:58:03,9.75
2026-01-28 16:58:04,8.56
2026-01-28 16:58:05,8.56
2026-01-28 16:58:06,8.56
2026-01-28 16:58:07,8.56
2026-01-28 16:58:08,8.56
2026-01-28 16:58:09,10.1
2026-01-28 16:58:10,10.1
2026-01-28 16:58:11,10.1
2026-01-28 16:58:12,10.1
2026-01-28 16:58:13,10.1
2026-01-28 16:58:14,8.55
2026-01-28 16:58:15,8.55
2026-01-28 16:58:16,8.55
2026-01-28 16:58:17,8.55
2026-01-28 16:58:18,8.55
2026-01-28 16:58:19,10.4
2026-01-28 16:58:20,10.4
2026-01-28 16:58:21,10.4
2026-01-28 16:58:22,10.4
2026-01-28 16:58:23,10.4
2026-01-28 16:58:24,8.32
2026-01-28 16:58:25,8.32
2026-01-28 16:58:26,8.32
2026-01-28 16:58:27,8.32
2026-01-28 16:58:28,8.32
2026-01-28 16:58:29,10.5
2026-01-28 16:58:30,10.5
2026-01-28 16:58:31,10.5
2026-01-28 16:58:32,10.5
2026-01-28 16:58:33,10.5
2026-01-28 16:58:34,8.84
2026-01-28 16:58:35,8.84
2026-01-28 16:58:36,8.84
2026-01-28 16:58:37,8.84
2026-01-28 16:58:38,8.84
2026-01-28 16:58:39,10.6
2026-01-28 16:58:40,10.6
2026-01-28 16:58:41,10.6
2026-01-28 16:58:42,10.6
2026-01-28 16:58:43,10.6
2026-01-28 16:58:44,8.70
2026-01-28 16:58:45,8.70
2026-01-28 16:58:46,8.70
2026-01-28 16:58:47,8.70
2026-01-28 16:58:48,8.70
2026-01-28 16:58:49,10.6
2026-01-28 16:58:50,10.6
2026-01-28 16:58:51,10.6
2026-01-28 16:58:52,10.6
2026-01-28 16:58:53,10.6
2026-01-28 16:58:54,10.00
2026-01-28 16:58:55,10.00
2026-01-28 16:58:56,10.00
2026-01-28 16:58:57,10.00
2026-01-28 16:58:58,10.00
2026-01-28 16:58:59,10.7
2026-01-28 16:59:00,10.7
2026-01-28 16:59:01,10.7
2026-01-28 16:59:02,10.7
2026-01-28 16:59:03,10.7
2026-01-28 16:59:04,8.28
2026-01-28 16:59:05,8.28
2026-01-28 16:59:06,8.28
2026-01-28 16:59:07,8.28
2026-01-28 16:59:08,8.28
2026-01-28 16:59:09,10.4
2026-01-28 16:59:10,10.4
2026-01-28 16:59:11,10.4
2026-01-28 16:59:12,10.4
2026-01-28 16:59:13,10.4
2026-01-28 16:59:14,8.40
2026-01-28 16:59:15,8.40
2026-01-28 16:59:16,8.40
2026-01-28 16:59:17,8.40
2026-01-28 16:59:18,8.40
2026-01-28 16:59:19,10.4
2026-01-28 16:59:20,10.4
2026-01-28 16:59:21,10.4
2026-01-28 16:59:22,10.4
2026-01-28 16:59:23,10.4
2026-01-28 16:59:24,8.39
2026-01-28 16:59:25,8.39
2026-01-28 16:59:26,8.39
2026-01-28 16:59:27,8.39
2026-01-28 16:59:28,8.39
2026-01-28 16:59:29,10.4
2026-01-28 16:59:30,10.4
2026-01-28 16:59:31,10.4
2026-01-28 16:59:32,10.4
2026-01-28 16:59:33,10.4
2026-01-28 16:59:34,8.55
2026-01-28 16:59:35,8.55
2026-01-28 16:59:36,8.55
2026-01-28 16:59:37,8.55
2026-01-28 16:59:38,8.55
2026-01-28 16:59:39,10.4
2026-01-28 16:59:40,10.4
2026-01-28 16:59:41,10.4
2026-01-28 16:59:42,10.4
2026-01-28 16:59:43,10.4
2026-01-28 16:59:44,0
2026-01-28 16:59:45,0
2026-01-28 16:59:46,0
2026-01-28 16:59:47,0
2026-01-28 16:59:48,0
2026-01-28 16:59:49,0
2026-01-28 16:59:50,0
2026-01-28 16:59:51,0
2026-01-28 16:59:52,0
2026-01-28 16:59:53,0
2026-01-28 16:59:54,0
2026-01-28 16:59:55,0
2026-01-28 16:59:56,0
2026-01-28 16:59:57,0
2026-01-28 16:59:58,0
2026-01-28 16:59:59,0
2026-01-28 17:00:00,0
2026-01-28 17:00:01,0
2026-01-28 17:00:02,0
2026-01-28 17:00:03,0
2026-01-28 17:00:04,0
2026-01-28 17:00:05,0
2026-01-28 17:00:06,0
2026-01-28 17:00:07,0
2026-01-28 17:00:08,0
2026-01-28 17:00:09,0
2026-01-28 17:00:10,0
2026-01-28 17:00:11,0
2026-01-28 17:00:12,0
2026-01-28 17:00:13,0
2026-01-28 17:00:14,0
2026-01-28 17:00:15,0
2026-01-28 17:00:16,0
2026-01-28 17:00:17,0
2026-01-28 17:00:18,0
2026-01-28 17:00:19,0
2026-01-28 17:00:20,0
2026-01-28 17:00:21,0
2026-01-28 17:00:22,0
2026-01-28 17:00:23,0
2026-01-28 17:00:24,0
2026-01-28 17:00:25,0
2026-01-28 17:00:26,0
2026-01-28 17:00:27,0
2026-01-28 17:00:28,0
2026-01-28 17:00:29,0
2026-01-28 17:00:30,0
2026-01-28 17:00:31,0
2026-01-28 17:00:32,0
2026-01-28 17:00:33,0
2026-01-28 17:00:34,0
2026-01-28 17:00:35,0
2026-01-28 17:00:36,0
2026-01-28 17:00:37,0
2026-01-28 17:00:38,0
2026-01-28 17:00:39,0
2026-01-28 17:00:40,0
2026-01-28 17:00:41,0
2026-01-28 17:00:42,0
2026-01-28 17:00:43,0
2026-01-28 17:00:44,0
2026-01-28 17:00:45,0
2026-01-28 17:00:46,0
2026-01-28 17:00:47,0
2026-01-28 17:00:48,0
2026-01-28 17:00:49,0
2026-01-28 17:00:50,0
2026-01-28 17:00:51,0
2026-01-28 17:00:52,0
2026-01-28 17:00:53,0
2026-01-28 17:00:54,0
2026-01-28 17:00:55,0
2026-01-28 17:00:56,0
2026-01-28 17:00:57,0
2026-01-28 17:00:58,0
2026-01-28 17:00:59,0
2026-01-28 17:01:00,0
2026-01-28 17:01:01,0
2026-01-28 17:01:02,0
2026-01-28 17:01:03,0
2026-01-28 17:01:04,0
2026-01-28 17:01:05,0
2026-01-28 17:01:06,0
2026-01-28 17:01:07,0
2026-01-28 17:01:08,0
2026-01-28 17:01:09,0
2026-01-28 17:01:10,0
2026-01-28 17:01:11,0
2026-01-28 17:01:12,0
2026-01-28 17:01:13,0
2026-01-28 17:01:14,0
2026-01-28 17:01:15,0
2026-01-28 17:01:16,0
2026-01-28 17:01:17,0
2026-01-28 17:01:18,0
2026-01-28 17:01:44,7.43
2026-01-28 17:01:45,7.43
2026-01-28 17:01:46,7.43
2026-01-28 17:01:47,7.43
2026-01-28 17:01:48,7.43
2026-01-28 17:01:49,8.44
2026-01-28 17:01:50,8.44
2026-01-28 17:01:51,8.44
2026-01-28 17:01:52,8.44
2026-01-28 17:01:53,8.44
2026-01-28 17:01:54,6.62
2026-01-28 17:01:55,6.62
2026-01-28 17:01:56,6.62
2026-01-28 17:01:57,6.62
2026-01-28 17:01:58,6.62
2026-01-28 17:01:59,8.71
2026-01-28 17:02:00,8.71
2026-01-28 17:02:01,8.71
2026-01-28 17:02:02,8.71
2026-01-28 17:02:03,8.71
2026-01-28 17:02:04,6.71
2026-01-28 17:02:05,6.71
2026-01-28 17:02:06,6.71
2026-01-28 17:02:07,6.71
2026-01-28 17:02:08,6.71
2026-01-28 17:02:09,8.36
2026-01-28 17:02:10,8.36
2026-01-28 17:02:11,8.36
2026-01-28 17:02:12,8.36
2026-01-28 17:02:13,8.36
2026-01-28 17:02:14,6.83
2026-01-28 17:02:15,6.83
2026-01-28 17:02:16,6.83
2026-01-28 17:02:17,6.83
2026-01-28 17:02:18,6.83
2026-01-28 17:02:19,8.77
2026-01-28 17:02:20,8.77
2026-01-28 17:02:21,8.77
2026-01-28 17:02:22,8.77
2026-01-28 17:02:23,8.77
2026-01-28 17:02:24,6.60
2026-01-28 17:02:25,6.60
2026-01-28 17:02:26,6.60
2026-01-28 17:02:27,6.60
2026-01-28 17:02:28,6.60
2026-01-28 17:02:29,9.95
2026-01-28 17:02:30,9.95
2026-01-28 17:02:31,9.95
2026-01-28 17:02:32,9.95
2026-01-28 17:02:33,9.95
2026-01-28 17:02:34,5.65
2026-01-28 17:02:35,5.65
2026-01-28 17:02:36,5.65
2026-01-28 17:02:37,5.65
2026-01-28 17:02:38,5.65
2026-01-28 17:02:39,7.61
2026-01-28 17:02:40,7.61
2026-01-28 17:02:41,7.61
2026-01-28 17:02:42,7.61
2026-01-28 17:02:43,7.61
2026-01-28 17:02:44,5.84
2026-01-28 17:02:45,5.84
2026-01-28 17:02:46,5.84
2026-01-28 17:02:47,5.84
2026-01-28 17:02:48,5.84
2026-01-28 17:02:49,7.91
2026-01-28 17:02:50,7.91
2026-01-28 17:02:51,7.91
2026-01-28 17:02:52,7.91
2026-01-28 17:02:53,7.91
2026-01-28 17:02:54,5.51
2026-01-28 17:02:55,5.51
2026-01-28 17:02:56,5.51
2026-01-28 17:02:57,5.51
2026-01-28 17:02:58,5.51
2026-01-28 17:02:59,8.04
2026-01-28 17:03:00,8.04
2026-01-28 17:03:01,8.04
2026-01-28 17:03:02,8.04
2026-01-28 17:03:03,8.04
2026-01-28 17:03:04,5.81
2026-01-28 17:03:05,5.81
2026-01-28 17:03:06,5.81
2026-01-28 17:03:07,5.81
2026-01-28 17:03:08,5.81
2026-01-28 17:03:09,7.63
2026-01-28 17:03:10,7.63
2026-01-28 17:03:11,7.63
2026-01-28 17:03:12,7.63
2026-01-28 17:03:13,7.63
2026-01-28 17:03:14,5.52
2026-01-28 17:03:15,5.52
2026-01-28 17:03:16,5.52
2026-01-28 17:03:17,5.52
2026-01-28 17:03:18,5.52
2026-01-28 17:03:19,7.82
2026-01-28 17:03:20,7.82
2026-01-28 17:03:21,7.82
2026-01-28 17:03:22,7.82
2026-01-28 17:03:23,7.82
2026-01-28 17:03:24,5.79
2026-01-28 17:03:25,5.79
2026-01-28 17:03:26,5.79
2026-01-28 17:03:27,5.79
2026-01-28 17:03:28,5.79
2026-01-28 17:03:29,7.95
2026-01-28 17:03:30,7.95
2026-01-28 17:03:31,7.95
2026-01-28 17:03:32,7.95
2026-01-28 17:03:33,7.95
2026-01-28 17:03:34,5.61
2026-01-28 17:03:35,5.61
2026-01-28 17:03:36,5.61
2026-01-28 17:03:37,5.61
2026-01-28 17:03:38,5.61
2026-01-28 17:03:39,7.46
2026-01-28 17:03:40,7.46
2026-01-28 17:03:41,7.46
2026-01-28 17:03:42,7.46
2026-01-28 17:03:43,7.46
2026-01-28 17:03:44,5.76
2026-01-28 17:03:45,5.76
2026-01-28 17:03:46,5.76
2026-01-28 17:03:47,5.76
2026-01-28 17:03:48,5.76
2026-01-28 17:03:49,7.63
2026-01-28 17:03:50,7.63
2026-01-28 17:03:51,7.63
2026-01-28 17:03:52,7.63
2026-01-28 17:03:53,7.63
2026-01-28 17:03:54,5.51
2026-01-28 17:03:55,5.51
2026-01-28 17:03:56,5.51
2026-01-28 17:03:57,5.51
2026-01-28 17:03:58,5.51
2026-01-28 17:03:59,8.60
2026-01-28 17:04:00,8.60
2026-01-28 17:04:01,8.60
2026-01-28 17:04:02,8.60
2026-01-28 17:04:03,8.60
2026-01-28 17:04:04,5.86
2026-01-28 17:04:05,5.86
2026-01-28 17:04:06,5.86
2026-01-28 17:04:07,5.86
2026-01-28 17:04:08,5.86
2026-01-28 17:04:09,7.57
2026-01-28 17:04:10,7.57
2026-01-28 17:04:11,7.57
2026-01-28 17:04:12,7.57
2026-01-28 17:04:13,7.57
2026-01-28 17:04:14,5.47
2026-01-28 17:04:15,5.47
2026-01-28 17:04:16,5.47
2026-01-28 17:04:17,5.47
2026-01-28 17:04:18,5.47
2026-01-28 17:04:19,7.45
2026-01-28 17:04:20,7.45
2026-01-28 17:04:21,7.45
2026-01-28 17:04:22,7.45
2026-01-28 17:04:23,7.45
2026-01-28 17:04:24,6.02
2026-01-28 17:04:25,6.02
2026-01-28 17:04:26,6.02
2026-01-28 17:04:27,6.02
2026-01-28 17:04:28,6.02
2026-01-28 17:04:29,8.71
2026-01-28 17:04:30,8.71
2026-01-28 17:04:31,8.71
2026-01-28 17:04:32,8.71
2026-01-28 17:04:33,8.71
2026-01-28 17:04:34,7.80
2026-01-28 17:04:35,7.80
2026-01-28 17:04:36,7.80
2026-01-28 17:04:37,7.80
2026-01-28 17:04:38,7.80
2026-01-28 17:04:39,8.28
2026-01-28 17:04:40,8.28
2026-01-28 17:04:41,8.28
2026-01-28 17:04:42,8.28
2026-01-28 17:04:43,8.28
2026-01-28 17:04:44,6.73
2026-01-28 17:04:45,6.73
2026-01-28 17:04:46,6.73
2026-01-28 17:04:47,6.73
2026-01-28 17:04:48,6.73
2026-01-28 17:04:49,8.13
2026-01-28 17:04:50,8.13
2026-01-28 17:04:51,8.13
2026-01-28 17:04:52,8.13
2026-01-28 17:04:53,8.13
2026-01-28 17:04:54,6.39
2026-01-28 17:04:55,6.39
2026-01-28 17:04:56,6.39
2026-01-28 17:04:57,6.39
2026-01-28 17:04:58,6.39
2026-01-28 17:04:59,8.64
2026-01-28 17:05:00,8.64
2026-01-28 17:05:01,8.64
2026-01-28 17:05:02,8.64
2026-01-28 17:05:03,8.64
2026-01-28 17:05:04,6.66
2026-01-28 17:05:05,6.66
2026-01-28 17:05:06,6.66
2026-01-28 17:05:07,6.66
2026-01-28 17:05:08,6.66
2026-01-28 17:05:09,8.26
2026-01-28 17:05:10,8.26
2026-01-28 17:05:11,8.26
2026-01-28 17:05:12,8.26
2026-01-28 17:05:13,8.26
2026-01-28 17:05:14,6.46
2026-01-28 17:05:15,6.46
2026-01-28 17:05:16,6.46
2026-01-28 17:05:17,6.46
2026-01-28 17:05:18,6.46
2026-01-28 17:05:19,8.23
2026-01-28 17:05:20,8.23
2026-01-28 17:05:21,8.23
2026-01-28 17:05:22,8.23
2026-01-28 17:05:23,8.23
2026-01-28 17:05:24,6.62
2026-01-28 17:05:25,6.62
2026-01-28 17:05:26,6.62
2026-01-28 17:05:27,6.62
2026-01-28 17:05:28,6.62
2026-01-28 17:05:29,9.58
2026-01-28 17:05:30,9.58
2026-01-28 17:05:31,9.58
2026-01-28 17:05:32,9.58
2026-01-28 17:05:33,9.58
2026-01-28 17:05:34,7.73
2026-01-28 17:05:35,7.73
2026-01-28 17:05:36,7.73
2026-01-28 17:05:37,7.73
2026-01-28 17:05:38,7.73
2026-01-28 17:05:39,9.54
2026-01-28 17:05:40,9.54
2026-01-28 17:05:41,9.54
2026-01-28 17:05:42,9.54
2026-01-28 17:05:43,9.54
2026-01-28 17:05:44,7.78
2026-01-28 17:05:45,7.78
2026-01-28 17:05:46,7.78
2026-01-28 17:05:47,7.78
2026-01-28 17:05:48,7.78
2026-01-28 17:05:49,9.23
2026-01-28 17:05:50,9.23
2026-01-28 17:05:51,9.23
2026-01-28 17:05:52,9.23
2026-01-28 17:05:53,9.23
2026-01-28 17:05:54,7.44
2026-01-28 17:05:55,7.44
2026-01-28 17:05:56,7.44
2026-01-28 17:05:57,7.44
2026-01-28 17:05:58,7.44
2026-01-28 17:05:59,9.92
2026-01-28 17:06:00,9.92
2026-01-28 17:06:01,9.92
2026-01-28 17:06:02,9.92
2026-01-28 17:06:03,9.92
2026-01-28 17:06:04,7.76
2026-01-28 17:06:05,7.76
2026-01-28 17:06:06,7.76
2026-01-28 17:06:07,7.76
2026-01-28 17:06:08,7.76
2026-01-28 17:06:09,9.22
2026-01-28 17:06:10,9.22
2026-01-28 17:06:11,9.22
2026-01-28 17:06:12,9.22
2026-01-28 17:06:13,9.22
2026-01-28 17:06:14,7.56
2026-01-28 17:06:15,7.56
2026-01-28 17:06:16,7.56
2026-01-28 17:06:17,7.56
2026-01-28 17:06:18,7.56
2026-01-28 17:06:19,11.2
2026-01-28 17:06:20,11.2
2026-01-28 17:06:21,11.2
2026-01-28 17:06:22,11.2
2026-01-28 17:06:23,11.2
2026-01-28 17:06:24,6.69
2026-01-28 17:06:25,6.69
2026-01-28 17:06:26,6.69
2026-01-28 17:06:27,6.69
2026-01-28 17:06:28,6.69
2026-01-28 17:06:29,10.5
2026-01-28 17:06:30,10.5
2026-01-28 17:06:31,10.5
2026-01-28 17:06:32,10.5
2026-01-28 17:06:33,10.5
2026-01-28 17:06:34,8.97
2026-01-28 17:06:35,8.97
2026-01-28 17:06:36,8.97
2026-01-28 17:06:37,8.97
2026-01-28 17:06:38,8.97
2026-01-28 17:06:39,10.4
2026-01-28 17:06:40,10.4
2026-01-28 17:06:41,10.4
2026-01-28 17:06:42,10.4
2026-01-28 17:06:43,10.4
2026-01-28 17:06:44,8.35
2026-01-28 17:06:45,8.35
2026-01-28 17:06:46,8.35
2026-01-28 17:06:47,8.35
2026-01-28 17:06:48,8.35
2026-01-28 17:06:49,10.5
2026-01-28 17:06:50,10.5
2026-01-28 17:06:51,10.5
2026-01-28 17:06:52,10.5
2026-01-28 17:06:53,10.5
2026-01-28 17:06:54,8.20
2026-01-28 17:06:55,8.20
2026-01-28 17:06:56,8.20
2026-01-28 17:06:57,8.20
2026-01-28 17:06:58,8.20
2026-01-28 17:06:59,10.2
2026-01-28 17:07:00,10.2
2026-01-28 17:07:01,10.2
2026-01-28 17:07:02,10.2
2026-01-28 17:07:03,10.2
2026-01-28 17:07:04,8.09
2026-01-28 17:07:05,8.09
2026-01-28 17:07:06,8.09
2026-01-28 17:07:07,8.09
2026-01-28 17:07:08,8.09
2026-01-28 17:07:09,9.04
2026-01-28 17:07:10,9.04
2026-01-28 17:07:11,9.04
2026-01-28 17:07:12,9.04
2026-01-28 17:07:13,9.04
2026-01-28 17:07:14,7.53
2026-01-28 17:07:15,7.53
2026-01-28 17:07:16,7.53
2026-01-28 17:07:17,7.53
2026-01-28 17:07:18,7.53
2026-01-28 17:07:19,9.08
2026-01-28 17:07:20,9.08
2026-01-28 17:07:21,9.08
2026-01-28 17:07:22,9.08
2026-01-28 17:07:23,9.08
2026-01-28 17:07:24,7.64
2026-01-28 17:07:25,7.64
2026-01-28 17:07:26,7.64
2026-01-28 17:07:27,7.64
2026-01-28 17:07:28,7.64
2026-01-28 17:07:29,9.13
2026-01-28 17:07:30,9.13
2026-01-28 17:07:31,9.13
2026-01-28 17:07:32,9.13
2026-01-28 17:07:33,9.13
2026-01-28 17:07:34,7.53
2026-01-28 17:07:35,7.53
2026-01-28 17:07:36,7.53
2026-01-28 17:07:37,7.53
2026-01-28 17:07:38,7.53
2026-01-28 17:07:39,9.36
2026-01-28 17:07:40,9.36
2026-01-28 17:07:41,9.36
2026-01-28 17:07:42,9.36
2026-01-28 17:07:43,9.36
2026-01-28 17:07:44,7.15
2026-01-28 17:07:45,7.15
2026-01-28 17:07:46,7.15
2026-01-28 17:07:47,7.15
2026-01-28 17:07:48,7.15
2026-01-28 17:07:49,8.19
2026-01-28 17:07:50,8.19
2026-01-28 17:07:51,8.19
2026-01-28 17:07:52,8.19
2026-01-28 17:07:53,8.19
2026-01-28 17:07:54,7.54
2026-01-28 17:07:55,7.54
2026-01-28 17:07:56,7.54
2026-01-28 17:07:57,7.54
2026-01-28 17:07:58,7.54
2026-01-28 17:07:59,9.45
2026-01-28 17:08:00,9.45
2026-01-28 17:08:01,9.45
2026-01-28 17:08:02,9.45
2026-01-28 17:08:03,9.45
2026-01-28 17:08:04,7.62
2026-01-28 17:08:05,7.62
2026-01-28 17:08:06,7.62
2026-01-28 17:08:07,7.62
2026-01-28 17:08:08,7.62
2026-01-28 17:08:09,9.28
2026-01-28 17:08:10,9.28
2026-01-28 17:08:11,9.28
2026-01-28 17:08:12,9.28
2026-01-28 17:08:13,9.28
2026-01-28 17:08:14,7.46
2026-01-28 17:08:15,7.46
2026-01-28 17:08:16,7.46
2026-01-28 17:08:17,7.46
2026-01-28 17:08:18,7.46
2026-01-28 17:08:19,0
2026-01-28 17:08:20,0
2026-01-28 17:08:21,0
2026-01-28 17:08:22,0
2026-01-28 17:08:23,0
2026-01-28 17:08:24,0
2026-01-28 17:08:25,0
2026-01-28 17:08:26,0
2026-01-28 17:08:27,0
2026-01-28 17:08:28,0
2026-01-28 17:08:29,0
2026-01-28 17:08:30,0
2026-01-28 17:08:31,0
2026-01-28 17:08:32,0
2026-01-28 17:08:33,0
2026-01-28 17:08:34,0
2026-01-28 17:08:35,0
2026-01-28 17:08:36,0
2026-01-28 17:08:37,0
2026-01-28 17:08:38,0
2026-01-28 17:08:39,0
2026-01-28 17:08:40,0
2026-01-28 17:08:41,0
2026-01-28 17:08:42,0
2026-01-28 17:08:43,0
2026-01-28 17:08:44,0
2026-01-28 17:08:45,0
2026-01-28 17:08:46,0
2026-01-28 17:08:47,0
2026-01-28 17:08:48,0
2026-01-28 17:08:49,0
2026-01-28 17:08:50,0
2026-01-28 17:08:51,0
2026-01-28 17:08:52,0
2026-01-28 17:08:53,0
2026-01-28 17:08:54,0
2026-01-28 17:08:55,0
2026-01-28 17:08:56,0
2026-01-28 17:08:57,0
2026-01-28 17:08:58,0
2026-01-28 17:08:59,0
2026-01-28 17:09:00,0
2026-01-28 17:09:01,0
2026-01-28 17:09:02,0
2026-01-28 17:09:03,0
2026-01-28 17:09:04,0
2026-01-28 17:09:05,0
2026-01-28 17:09:06,0
2026-01-28 17:09:07,0
2026-01-28 17:09:08,0
2026-01-28 17:09:09,0
2026-01-28 17:09:10,0
2026-01-28 17:09:11,0
2026-01-28 17:09:12,0
2026-01-28 17:09:13,0
2026-01-28 17:09:14,0
2026-01-28 17:09:15,0
2026-01-28 17:09:16,0
2026-01-28 17:09:17,0
2026-01-28 17:09:18,0
2026-01-28 17:09:19,0
2026-01-28 17:09:20,0
2026-01-28 17:09:21,0
2026-01-28 17:09:22,0
2026-01-28 17:09:23,0
2026-01-28 17:09:24,0
2026-01-28 17:09:25,0
2026-01-28 17:09:26,0
2026-01-28 17:09:27,0
2026-01-28 17:09:28,0
2026-01-28 17:09:29,0
2026-01-28 17:09:30,0
2026-01-28 17:09:31,0
2026-01-28 17:09:32,0
2026-01-28 17:09:33,0
2026-01-28 17:09:34,0
2026-01-28 17:09:35,0
2026-01-28 17:09:36,0
2026-01-28 17:09:37,0
2026-01-28 17:09:38,0
2026-01-28 17:09:39,0
2026-01-28 17:09:40,0
2026-01-28 17:09:41,0
2026-01-28 17:09:42,0
2026-01-28 17:09:43,0
2026-01-28 17:09:44,0
2026-01-28 17:09:45,0
2026-01-28 17:09:46,0
2026-01-28 17:09:47,0
2026-01-28 17:09:48,0
2026-01-28 17:09:49,0
2026-01-28 17:09:50,0
2026-01-28 17:09:51,0
2026-01-28 17:09:52,0
2026-01-28 17:09:53,0
2026-01-28 17:10:29,6.99
2026-01-28 17:10:30,6.99
2026-01-28 17:10:31,6.99
2026-01-28 17:10:32,6.99
2026-01-28 17:10:33,6.99
2026-01-28 17:10:34,5.83
2026-01-28 17:10:35,5.83
2026-01-28 17:10:36,5.83
2026-01-28 17:10:37,5.83
2026-01-28 17:10:38,5.83
2026-01-28 17:10:39,7.19
2026-01-28 17:10:40,7.19
2026-01-28 17:10:41,7.19
2026-01-28 17:10:42,7.19
2026-01-28 17:10:43,7.19
2026-01-28 17:10:44,5.69
2026-01-28 17:10:45,5.69
2026-01-28 17:10:46,5.69
2026-01-28 17:10:47,5.69
2026-01-28 17:10:48,5.69
2026-01-28 17:10:49,7.42
2026-01-28 17:10:50,7.42
2026-01-28 17:10:51,7.42
2026-01-28 17:10:52,7.42
2026-01-28 17:10:53,7.42
2026-01-28 17:10:54,5.48
2026-01-28 17:10:55,5.48
2026-01-28 17:10:56,5.48
2026-01-28 17:10:57,5.48
2026-01-28 17:10:58,5.48
2026-01-28 17:10:59,7.98
2026-01-28 17:11:00,7.98
2026-01-28 17:11:01,7.98
2026-01-28 17:11:02,7.98
2026-01-28 17:11:03,7.98
2026-01-28 17:11:04,5.82
2026-01-28 17:11:05,5.82
2026-01-28 17:11:06,5.82
2026-01-28 17:11:07,5.82
2026-01-28 17:11:08,5.82
2026-01-28 17:11:09,7.54
2026-01-28 17:11:10,7.54
2026-01-28 17:11:11,7.54
2026-01-28 17:11:12,7.54
2026-01-28 17:11:13,7.54
2026-01-28 17:11:14,5.50
2026-01-28 17:11:15,5.50
2026-01-28 17:11:16,5.50
2026-01-28 17:11:17,5.50
2026-01-28 17:11:18,5.50
2026-01-28 17:11:19,7.38
2026-01-28 17:11:20,7.38
2026-01-28 17:11:21,7.38
2026-01-28 17:11:22,7.38
2026-01-28 17:11:23,7.38
2026-01-28 17:11:24,5.90
2026-01-28 17:11:25,5.90
2026-01-28 17:11:26,5.90
2026-01-28 17:11:27,5.90
2026-01-28 17:11:28,5.90
2026-01-28 17:11:29,7.60
2026-01-28 17:11:30,7.60
2026-01-28 17:11:31,7.60
2026-01-28 17:11:32,7.60
2026-01-28 17:11:33,7.60
2026-01-28 17:11:34,6.11
2026-01-28 17:11:35,6.11
2026-01-28 17:11:36,6.11
2026-01-28 17:11:37,6.11
2026-01-28 17:11:38,6.11
2026-01-28 17:11:39,8.27
2026-01-28 17:11:40,8.27
2026-01-28 17:11:41,8.27
2026-01-28 17:11:42,8.27
2026-01-28 17:11:43,8.27
2026-01-28 17:11:44,6.94
2026-01-28 17:11:45,6.94
2026-01-28 17:11:46,6.94
2026-01-28 17:11:47,6.94
2026-01-28 17:11:48,6.94
2026-01-28 17:11:49,8.03
2026-01-28 17:11:50,8.03
2026-01-28 17:11:51,8.03
2026-01-28 17:11:52,8.03
2026-01-28 17:11:53,8.03
2026-01-28 17:11:54,6.27
2026-01-28 17:11:55,6.27
2026-01-28 17:11:56,6.27
2026-01-28 17:11:57,6.27
2026-01-28 17:11:58,6.27
2026-01-28 17:11:59,8.51
2026-01-28 17:12:00,8.51
2026-01-28 17:12:01,8.51
2026-01-28 17:12:02,8.51
2026-01-28 17:12:03,8.51
2026-01-28 17:12:04,6.68
2026-01-28 17:12:05,6.68
2026-01-28 17:12:06,6.68
2026-01-28 17:12:07,6.68
2026-01-28 17:12:08,6.68
2026-01-28 17:12:09,8.18
2026-01-28 17:12:10,8.18
2026-01-28 17:12:11,8.18
2026-01-28 17:12:12,8.18
2026-01-28 17:12:13,8.18
2026-01-28 17:12:14,6.44
2026-01-28 17:12:15,6.44
2026-01-28 17:12:16,6.44
2026-01-28 17:12:17,6.44
2026-01-28 17:12:18,6.44
2026-01-28 17:12:19,7.95
2026-01-28 17:12:20,7.95
2026-01-28 17:12:21,7.95
2026-01-28 17:12:22,7.95
2026-01-28 17:12:23,7.95
2026-01-28 17:12:24,6.70
2026-01-28 17:12:25,6.70
2026-01-28 17:12:26,6.70
2026-01-28 17:12:27,6.70
2026-01-28 17:12:28,6.70
2026-01-28 17:12:29,8.16
2026-01-28 17:12:30,8.16
2026-01-28 17:12:31,8.16
2026-01-28 17:12:32,8.16
2026-01-28 17:12:33,8.16
2026-01-28 17:12:34,6.45
2026-01-28 17:12:35,6.45
2026-01-28 17:12:36,6.45
2026-01-28 17:12:37,6.45
2026-01-28 17:12:38,6.45
2026-01-28 17:12:39,7.76
2026-01-28 17:12:40,7.76
2026-01-28 17:12:41,7.76
2026-01-28 17:12:42,7.76
2026-01-28 17:12:43,7.76
2026-01-28 17:12:44,6.58
2026-01-28 17:12:45,6.58
2026-01-28 17:12:46,6.58
2026-01-28 17:12:47,6.58
2026-01-28 17:12:48,6.58
2026-01-28 17:12:49,7.90
2026-01-28 17:12:50,7.90
2026-01-28 17:12:51,7.90
2026-01-28 17:12:52,7.90
2026-01-28 17:12:53,7.90
2026-01-28 17:12:54,6.26
2026-01-28 17:12:55,6.26
2026-01-28 17:12:56,6.26
2026-01-28 17:12:57,6.26
2026-01-28 17:12:58,6.26
2026-01-28 17:12:59,8.11
2026-01-28 17:13:00,8.11
2026-01-28 17:13:01,8.11
2026-01-28 17:13:02,8.11
2026-01-28 17:13:03,8.11
2026-01-28 17:13:04,6.70
2026-01-28 17:13:05,6.70
2026-01-28 17:13:06,6.70
2026-01-28 17:13:07,6.70
2026-01-28 17:13:08,6.70
2026-01-28 17:13:09,8.31
2026-01-28 17:13:10,8.31
2026-01-28 17:13:11,8.31
2026-01-28 17:13:12,8.31
2026-01-28 17:13:13,8.31
2026-01-28 17:13:14,6.37
2026-01-28 17:13:15,6.37
2026-01-28 17:13:16,6.37
2026-01-28 17:13:17,6.37
2026-01-28 17:13:18,6.37
2026-01-28 17:13:19,9.42
2026-01-28 17:13:20,9.42
2026-01-28 17:13:21,9.42
2026-01-28 17:13:22,9.42
2026-01-28 17:13:23,9.42
2026-01-28 17:13:24,6.61
2026-01-28 17:13:25,6.61
2026-01-28 17:13:26,6.61
2026-01-28 17:13:27,6.61
2026-01-28 17:13:28,6.61
2026-01-28 17:13:29,8.02
2026-01-28 17:13:30,8.02
2026-01-28 17:13:31,8.02
2026-01-28 17:13:32,8.02
2026-01-28 17:13:33,8.02
2026-01-28 17:13:34,6.50
2026-01-28 17:13:35,6.50
2026-01-28 17:13:36,6.50
2026-01-28 17:13:37,6.50
2026-01-28 17:13:38,6.50
2026-01-28 17:13:39,8.78
2026-01-28 17:13:40,8.78
2026-01-28 17:13:41,8.78
2026-01-28 17:13:42,8.78
2026-01-28 17:13:43,8.78
2026-01-28 17:13:44,7.47
2026-01-28 17:13:45,7.47
2026-01-28 17:13:46,7.47
2026-01-28 17:13:47,7.47
2026-01-28 17:13:48,7.47
2026-01-28 17:13:49,10.0
2026-01-28 17:13:50,10.0
2026-01-28 17:13:51,10.0
2026-01-28 17:13:52,10.0
2026-01-28 17:13:53,10.0
2026-01-28 17:13:54,7.45
2026-01-28 17:13:55,7.45
2026-01-28 17:13:56,7.45
2026-01-28 17:13:57,7.45
2026-01-28 17:13:58,7.45
2026-01-28 17:13:59,9.20
2026-01-28 17:14:00,9.20
2026-01-28 17:14:01,9.20
2026-01-28 17:14:02,9.20
2026-01-28 17:14:03,9.20
2026-01-28 17:14:04,7.67
2026-01-28 17:14:05,7.67
2026-01-28 17:14:06,7.67
2026-01-28 17:14:07,7.67
2026-01-28 17:14:08,7.67
2026-01-28 17:14:09,9.05
2026-01-28 17:14:10,9.05
2026-01-28 17:14:11,9.05
2026-01-28 17:14:12,9.05
2026-01-28 17:14:13,9.05
2026-01-28 17:14:14,7.43
2026-01-28 17:14:15,7.43
2026-01-28 17:14:16,7.43
2026-01-28 17:14:17,7.43
2026-01-28 17:14:18,7.43
2026-01-28 17:14:19,9.40
2026-01-28 17:14:20,9.40
2026-01-28 17:14:21,9.40
2026-01-28 17:14:22,9.40
2026-01-28 17:14:23,9.40
2026-01-28 17:14:24,8.56
2026-01-28 17:14:25,8.56
2026-01-28 17:14:26,8.56
2026-01-28 17:14:27,8.56
2026-01-28 17:14:28,8.56
2026-01-28 17:14:29,10.3
2026-01-28 17:14:30,10.3
2026-01-28 17:14:31,10.3
2026-01-28 17:14:32,10.3
2026-01-28 17:14:33,10.3
2026-01-28 17:14:34,8.08
2026-01-28 17:14:35,8.08
2026-01-28 17:14:36,8.08
2026-01-28 17:14:37,8.08
2026-01-28 17:14:38,8.08
2026-01-28 17:14:39,10.4
2026-01-28 17:14:40,10.4
2026-01-28 17:14:41,10.4
2026-01-28 17:14:42,10.4
2026-01-28 17:14:43,10.4
2026-01-28 17:14:44,8.61
2026-01-28 17:14:45,8.61
2026-01-28 17:14:46,8.61
2026-01-28 17:14:47,8.61
2026-01-28 17:14:48,8.61
2026-01-28 17:14:49,10.00
2026-01-28 17:14:50,10.00
2026-01-28 17:14:51,10.00
2026-01-28 17:14:52,10.00
2026-01-28 17:14:53,10.00
2026-01-28 17:14:54,7.42
2026-01-28 17:14:55,7.42
2026-01-28 17:14:56,7.42
2026-01-28 17:14:57,7.42
2026-01-28 17:14:58,7.42
2026-01-28 17:14:59,9.99
2026-01-28 17:15:00,9.99
2026-01-28 17:15:01,9.99
2026-01-28 17:15:02,9.99
2026-01-28 17:15:03,9.99
2026-01-28 17:15:04,8.57
2026-01-28 17:15:05,8.57
2026-01-28 17:15:06,8.57
2026-01-28 17:15:07,8.57
2026-01-28 17:15:08,8.57
2026-01-28 17:15:09,9.68
2026-01-28 17:15:10,9.68
2026-01-28 17:15:11,9.68
2026-01-28 17:15:12,9.68
2026-01-28 17:15:13,9.68
2026-01-28 17:15:14,7.47
2026-01-28 17:15:15,7.47
2026-01-28 17:15:16,7.47
2026-01-28 17:15:17,7.47
2026-01-28 17:15:18,7.47
2026-01-28 17:15:19,8.53
2026-01-28 17:15:20,8.53
2026-01-28 17:15:21,8.53
2026-01-28 17:15:22,8.53
2026-01-28 17:15:23,8.53
2026-01-28 17:15:24,7.09
2026-01-28 17:15:25,7.09
2026-01-28 17:15:26,7.09
2026-01-28 17:15:27,7.09
2026-01-28 17:15:28,7.09
2026-01-28 17:15:29,8.43
2026-01-28 17:15:30,8.43
2026-01-28 17:15:31,8.43
2026-01-28 17:15:32,8.43
2026-01-28 17:15:33,8.43
2026-01-28 17:15:34,7.56
2026-01-28 17:15:35,7.56
2026-01-28 17:15:36,7.56
2026-01-28 17:15:37,7.56
2026-01-28 17:15:38,7.56
2026-01-28 17:15:39,7.30
2026-01-28 17:15:40,7.30
2026-01-28 17:15:41,7.30
2026-01-28 17:15:42,7.30
2026-01-28 17:15:43,7.30
2026-01-28 17:15:44,6.44
2026-01-28 17:15:45,6.44
2026-01-28 17:15:46,6.44
2026-01-28 17:15:47,6.44
2026-01-28 17:15:48,6.44
2026-01-28 17:15:49,7.60
2026-01-28 17:15:50,7.60
2026-01-28 17:15:51,7.60
2026-01-28 17:15:52,7.60
2026-01-28 17:15:53,7.60
2026-01-28 17:15:54,6.44
2026-01-28 17:15:55,6.44
2026-01-28 17:15:56,6.44
2026-01-28 17:15:57,6.44
2026-01-28 17:15:58,6.44
2026-01-28 17:15:59,7.68
2026-01-28 17:16:00,7.68
2026-01-28 17:16:01,7.68
2026-01-28 17:16:02,7.68
2026-01-28 17:16:03,7.68
2026-01-28 17:16:04,6.27
2026-01-28 17:16:05,6.27
2026-01-28 17:16:06,6.27
2026-01-28 17:16:07,6.27
2026-01-28 17:16:08,6.27
2026-01-28 17:16:09,7.69
2026-01-28 17:16:10,7.69
2026-01-28 17:16:11,7.69
2026-01-28 17:16:12,7.69
2026-01-28 17:16:13,7.69
2026-01-28 17:16:14,6.22
2026-01-28 17:16:15,6.22
2026-01-28 17:16:16,6.22
2026-01-28 17:16:17,6.22
2026-01-28 17:16:18,6.22
2026-01-28 17:16:19,7.57
2026-01-28 17:16:20,7.57
2026-01-28 17:16:21,7.57
2026-01-28 17:16:22,7.57
2026-01-28 17:16:23,7.57
2026-01-28 17:16:24,7.57
2026-01-28 17:16:25,7.57
2026-01-28 17:16:26,7.57
2026-01-28 17:16:27,7.57
2026-01-28 17:16:28,7.57
2026-01-28 17:16:29,8.09
2026-01-28 17:16:30,8.09
2026-01-28 17:16:31,8.09
2026-01-28 17:16:32,8.09
2026-01-28 17:16:33,8.09
2026-01-28 17:16:34,6.53
2026-01-28 17:16:35,6.53
2026-01-28 17:16:36,6.53
2026-01-28 17:16:37,6.53
2026-01-28 17:16:38,6.53
2026-01-28 17:16:39,7.93
2026-01-28 17:16:40,7.93
2026-01-28 17:16:41,7.93
2026-01-28 17:16:42,7.93
2026-01-28 17:16:43,7.93
2026-01-28 17:16:44,5.69
2026-01-28 17:16:45,5.69
2026-01-28 17:16:46,5.69
2026-01-28 17:16:47,5.69
2026-01-28 17:16:48,5.69
2026-01-28 17:16:49,7.20
2026-01-28 17:16:50,7.20
2026-01-28 17:16:51,7.20
2026-01-28 17:16:52,7.20
2026-01-28 17:16:53,7.20
2026-01-28 17:16:54,5.38
2026-01-28 17:16:55,5.38
2026-01-28 17:16:56,5.38
2026-01-28 17:16:57,5.38
2026-01-28 17:16:58,5.38
2026-01-28 17:16:59,7.20
2026-01-28 17:17:00,7.20
2026-01-28 17:17:01,7.20
2026-01-28 17:17:02,7.20
2026-01-28 17:17:03,7.20
2026-01-28 17:17:04,0
2026-01-28 17:17:05,0
2026-01-28 17:17:06,0
2026-01-28 17:17:07,0
2026-01-28 17:17:08,0
2026-01-28 17:17:09,0
2026-01-28 17:17:10,0
2026-01-28 17:17:11,0
2026-01-28 17:17:12,0
2026-01-28 17:17:13,0
2026-01-28 17:17:14,0
2026-01-28 17:17:15,0
2026-01-28 17:17:16,0
2026-01-28 17:17:17,0
2026-01-28 17:17:18,0
2026-01-28 17:17:19,0
2026-01-28 17:17:20,0
2026-01-28 17:17:21,0
2026-01-28 17:17:22,0
2026-01-28 17:17:23,0
2026-01-28 17:17:24,0
2026-01-28 17:17:25,0
2026-01-28 17:17:26,0
2026-01-28 17:17:27,0
2026-01-28 17:17:28,0
2026-01-28 17:17:29,0
2026-01-28 17:17:30,0
2026-01-28 17:17:31,0
2026-01-28 17:17:32,0
2026-01-28 17:17:33,0
2026-01-28 17:17:34,0
2026-01-28 17:17:35,0
2026-01-28 17:17:36,0
2026-01-28 17:17:37,0
2026-01-28 17:17:38,0
2026-01-28 17:17:39,0
2026-01-28 17:17:40,0
2026-01-28 17:17:41,0
2026-01-28 17:17:42,0
2026-01-28 17:17:43,0
2026-01-28 17:17:44,0
2026-01-28 17:17:45,0
2026-01-28 17:17:46,0
2026-01-28 17:17:47,0
2026-01-28 17:17:48,0
2026-01-28 17:17:49,0
2026-01-28 17:17:50,0
2026-01-28 17:17:51,0
2026-01-28 17:17:52,0
2026-01-28 17:17:53,0
2026-01-28 17:17:54,0
2026-01-28 17:17:55,0
2026-01-28 17:17:56,0
2026-01-28 17:17:57,0
2026-01-28 17:17:58,0
2026-01-28 17:17:59,0
2026-01-28 17:18:00,0
2026-01-28 17:18:01,0
2026-01-28 17:18:02,0
2026-01-28 17:18:03,0
2026-01-28 17:18:04,0
2026-01-28 17:18:05,0
2026-01-28 17:18:06,0
2026-01-28 17:18:07,0
2026-01-28 17:18:08,0
2026-01-28 17:18:09,0
2026-01-28 17:18:10,0
2026-01-28 17:18:11,0
2026-01-28 17:18:12,0
2026-01-28 17:18:13,0
2026-01-28 17:18:14,0
2026-01-28 17:18:15,0
2026-01-28 17:18:16,0
2026-01-28 17:18:17,0
2026-01-28 17:18:18,0
2026-01-28 17:18:19,0
2026-01-28 17:18:20,0
2026-01-28 17:18:21,0
2026-01-28 17:18:22,0
2026-01-28 17:18:23,0
2026-01-28 17:18:24,0
2026-01-28 17:18:25,0
2026-01-28 17:18:26,0
2026-01-28 17:18:27,0
2026-01-28 17:18:28,0
2026-01-28 17:18:29,0
2026-01-28 17:18:30,0
2026-01-28 17:18:31,0
2026-01-28 17:18:32,0
2026-01-28 17:18:33,0
2026-01-28 17:18:34,0
2026-01-28 17:18:35,0
2026-01-28 17:18:36,0
2026-01-28 17:18:37,0
2026-01-28 17:18:38,0
2026-01-28 17:20:09,5.61
2026-01-28 17:20:10,5.61
2026-01-28 17:20:11,5.61
2026-01-28 17:20:12,5.61
2026-01-28 17:20:13,5.61
2026-01-28 17:20:14,6.77
2026-01-28 17:20:15,6.77
2026-01-28 17:20:16,6.77
2026-01-28 17:20:17,6.77
2026-01-28 17:20:18,6.77
2026-01-28 17:20:19,7.34
2026-01-28 17:20:20,7.34
2026-01-28 17:20:21,7.34
2026-01-28 17:20:22,7.34
2026-01-28 17:20:23,7.34
2026-01-28 17:20:24,7.92
2026-01-28 17:20:25,7.92
2026-01-28 17:20:26,7.92
2026-01-28 17:20:27,7.92
2026-01-28 17:20:28,7.92
2026-01-28 17:20:29,7.02
2026-01-28 17:20:30,7.02
2026-01-28 17:20:31,7.02
2026-01-28 17:20:32,7.02
2026-01-28 17:20:33,7.02
2026-01-28 17:20:34,7.70
2026-01-28 17:20:35,7.70
2026-01-28 17:20:36,7.70
2026-01-28 17:20:37,7.70
2026-01-28 17:20:38,7.70
2026-01-28 17:20:39,7.13
2026-01-28 17:20:40,7.13
2026-01-28 17:20:41,7.13
2026-01-28 17:20:42,7.13
2026-01-28 17:20:43,7.13
2026-01-28 17:20:44,7.87
2026-01-28 17:20:45,7.87
2026-01-28 17:20:46,7.87
2026-01-28 17:20:47,7.87
2026-01-28 17:20:48,7.87
2026-01-28 17:20:49,7.17
2026-01-28 17:20:50,7.17
2026-01-28 17:20:51,7.17
2026-01-28 17:20:52,7.17
2026-01-28 17:20:53,7.17
2026-01-28 17:20:54,7.74
2026-01-28 17:20:55,7.74
2026-01-28 17:20:56,7.74
2026-01-28 17:20:57,7.74
2026-01-28 17:20:58,7.74
2026-01-28 17:20:59,7.28
2026-01-28 17:21:00,7.28
2026-01-28 17:21:01,7.28
2026-01-28 17:21:02,7.28
2026-01-28 17:21:03,7.28
2026-01-28 17:21:04,8.32
2026-01-28 17:21:05,8.32
2026-01-28 17:21:06,8.32
2026-01-28 17:21:07,8.32
2026-01-28 17:21:08,8.32
2026-01-28 17:21:09,7.32
2026-01-28 17:21:10,7.32
2026-01-28 17:21:11,7.32
2026-01-28 17:21:12,7.32
2026-01-28 17:21:13,7.32
2026-01-28 17:21:14,6.63
2026-01-28 17:21:15,6.63
2026-01-28 17:21:16,6.63
2026-01-28 17:21:17,6.63
2026-01-28 17:21:18,6.63
2026-01-28 17:21:19,7.19
2026-01-28 17:21:20,7.19
2026-01-28 17:21:21,7.19
2026-01-28 17:21:22,7.19
2026-01-28 17:21:23,7.19
2026-01-28 17:21:24,7.71
2026-01-28 17:21:25,7.71
2026-01-28 17:21:26,7.71
2026-01-28 17:21:27,7.71
2026-01-28 17:21:28,7.71
2026-01-28 17:21:29,7.04
2026-01-28 17:21:30,7.04
2026-01-28 17:21:31,7.04
2026-01-28 17:21:32,7.04
2026-01-28 17:21:33,7.04
2026-01-28 17:21:34,7.68
2026-01-28 17:21:35,7.68
2026-01-28 17:21:36,7.68
2026-01-28 17:21:37,7.68
2026-01-28 17:21:38,7.68
2026-01-28 17:21:39,7.05
2026-01-28 17:21:40,7.05
2026-01-28 17:21:41,7.05
2026-01-28 17:21:42,7.05
2026-01-28 17:21:43,7.05
2026-01-28 17:21:44,7.43
2026-01-28 17:21:45,7.43
2026-01-28 17:21:46,7.43
2026-01-28 17:21:47,7.43
2026-01-28 17:21:48,7.43
2026-01-28 17:21:49,8.43
2026-01-28 17:21:50,8.43
2026-01-28 17:21:51,8.43
2026-01-28 17:21:52,8.43
2026-01-28 17:21:53,8.43
2026-01-28 17:21:54,9.13
2026-01-28 17:21:55,9.13
2026-01-28 17:21:56,9.13
2026-01-28 17:21:57,9.13
2026-01-28 17:21:58,9.13
2026-01-28 17:21:59,8.16
2026-01-28 17:22:00,8.16
2026-01-28 17:22:01,8.16
2026-01-28 17:22:02,8.16
2026-01-28 17:22:03,8.16
2026-01-28 17:22:04,9.07
2026-01-28 17:22:05,9.07
2026-01-28 17:22:06,9.07
2026-01-28 17:22:07,9.07
2026-01-28 17:22:08,9.07
2026-01-28 17:22:09,8.08
2026-01-28 17:22:10,8.08
2026-01-28 17:22:11,8.08
2026-01-28 17:22:12,8.08
2026-01-28 17:22:13,8.08
2026-01-28 17:22:14,8.61
2026-01-28 17:22:15,8.61
2026-01-28 17:22:16,8.61
2026-01-28 17:22:17,8.61
2026-01-28 17:22:18,8.61
2026-01-28 17:22:19,8.96
2026-01-28 17:22:20,8.96
2026-01-28 17:22:21,8.96
2026-01-28 17:22:22,8.96
2026-01-28 17:22:23,8.96
2026-01-28 17:22:24,10.1
2026-01-28 17:22:25,10.1
2026-01-28 17:22:26,10.1
2026-01-28 17:22:27,10.1
2026-01-28 17:22:28,10.1
2026-01-28 17:22:29,9.06
2026-01-28 17:22:30,9.06
2026-01-28 17:22:31,9.06
2026-01-28 17:22:32,9.06
2026-01-28 17:22:33,9.06
2026-01-28 17:22:34,9.84
2026-01-28 17:22:35,9.84
2026-01-28 17:22:36,9.84
2026-01-28 17:22:37,9.84
2026-01-28 17:22:38,9.84
2026-01-28 17:22:39,8.87
2026-01-28 17:22:40,8.87
2026-01-28 17:22:41,8.87
2026-01-28 17:22:42,8.87
2026-01-28 17:22:43,8.87
2026-01-28 17:22:44,9.84
2026-01-28 17:22:45,9.84
2026-01-28 17:22:46,9.84
2026-01-28 17:22:47,9.84
2026-01-28 17:22:48,9.84
2026-01-28 17:22:49,8.87
2026-01-28 17:22:50,8.87
2026-01-28 17:22:51,8.87
2026-01-28 17:22:52,8.87
2026-01-28 17:22:53,8.87
2026-01-28 17:22:54,9.86
2026-01-28 17:22:55,9.86
2026-01-28 17:22:56,9.86
2026-01-28 17:22:57,9.86
2026-01-28 17:22:58,9.86
2026-01-28 17:22:59,8.95
2026-01-28 17:23:00,8.95
2026-01-28 17:23:01,8.95
2026-01-28 17:23:02,8.95
2026-01-28 17:23:03,8.95
2026-01-28 17:23:04,10.1
2026-01-28 17:23:05,10.1
2026-01-28 17:23:06,10.1
2026-01-28 17:23:07,10.1
2026-01-28 17:23:08,10.1
2026-01-28 17:23:09,8.88
2026-01-28 17:23:10,8.88
2026-01-28 17:23:11,8.88
2026-01-28 17:23:12,8.88
2026-01-28 17:23:13,8.88
2026-01-28 17:23:14,8.53
2026-01-28 17:23:15,8.53
2026-01-28 17:23:16,8.53
2026-01-28 17:23:17,8.53
2026-01-28 17:23:18,8.53
2026-01-28 17:23:19,7.54
2026-01-28 17:23:20,7.54
2026-01-28 17:23:21,7.54
2026-01-28 17:23:22,7.54
2026-01-28 17:23:23,7.54
2026-01-28 17:23:24,9.79
2026-01-28 17:23:25,9.79
2026-01-28 17:23:26,9.79
2026-01-28 17:23:27,9.79
2026-01-28 17:23:28,9.79
2026-01-28 17:23:29,10.4
2026-01-28 17:23:30,10.4
2026-01-28 17:23:31,10.4
2026-01-28 17:23:32,10.4
2026-01-28 17:23:33,10.4
2026-01-28 17:23:34,9.66
2026-01-28 17:23:35,9.66
2026-01-28 17:23:36,9.66
2026-01-28 17:23:37,9.66
2026-01-28 17:23:38,9.66
2026-01-28 17:23:39,7.99
2026-01-28 17:23:40,7.99
2026-01-28 17:23:41,7.99
2026-01-28 17:23:42,7.99
2026-01-28 17:23:43,7.99
2026-01-28 17:23:44,8.59
2026-01-28 17:23:45,8.59
2026-01-28 17:23:46,8.59
2026-01-28 17:23:47,8.59
2026-01-28 17:23:48,8.59
2026-01-28 17:23:49,7.88
2026-01-28 17:23:50,7.88
2026-01-28 17:23:51,7.88
2026-01-28 17:23:52,7.88
2026-01-28 17:23:53,7.88
2026-01-28 17:23:54,8.54
2026-01-28 17:23:55,8.54
2026-01-28 17:23:56,8.54
2026-01-28 17:23:57,8.54
2026-01-28 17:23:58,8.54
2026-01-28 17:23:59,8.24
2026-01-28 17:24:00,8.24
2026-01-28 17:24:01,8.24
2026-01-28 17:24:02,8.24
2026-01-28 17:24:03,8.24
2026-01-28 17:24:04,11.0
2026-01-28 17:24:05,11.0
2026-01-28 17:24:06,11.0
2026-01-28 17:24:07,11.0
2026-01-28 17:24:08,11.0
2026-01-28 17:24:09,8.82
2026-01-28 17:24:10,8.82
2026-01-28 17:24:11,8.82
2026-01-28 17:24:12,8.82
2026-01-28 17:24:13,8.82
2026-01-28 17:24:14,6.66
2026-01-28 17:24:15,6.66
2026-01-28 17:24:16,6.66
2026-01-28 17:24:17,6.66
2026-01-28 17:24:18,6.66
2026-01-28 17:24:19,7.36
2026-01-28 17:24:20,7.36
2026-01-28 17:24:21,7.36
2026-01-28 17:24:22,7.36
2026-01-28 17:24:23,7.36
2026-01-28 17:24:24,7.92
2026-01-28 17:24:25,7.92
2026-01-28 17:24:26,7.92
2026-01-28 17:24:27,7.92
2026-01-28 17:24:28,7.92
2026-01-28 17:24:29,7.11
2026-01-28 17:24:30,7.11
2026-01-28 17:24:31,7.11
2026-01-28 17:24:32,7.11
2026-01-28 17:24:33,7.11
2026-01-28 17:24:34,7.85
2026-01-28 17:24:35,7.85
2026-01-28 17:24:36,7.85
2026-01-28 17:24:37,7.85
2026-01-28 17:24:38,7.85
2026-01-28 17:24:39,7.27
2026-01-28 17:24:40,7.27
2026-01-28 17:24:41,7.27
2026-01-28 17:24:42,7.27
2026-01-28 17:24:43,7.27
2026-01-28 17:24:44,7.77
2026-01-28 17:24:45,7.77
2026-01-28 17:24:46,7.77
2026-01-28 17:24:47,7.77
2026-01-28 17:24:48,7.77
2026-01-28 17:24:49,7.44
2026-01-28 17:24:50,7.44
2026-01-28 17:24:51,7.44
2026-01-28 17:24:52,7.44
2026-01-28 17:24:53,7.44
2026-01-28 17:24:54,7.70
2026-01-28 17:24:55,7.70
2026-01-28 17:24:56,7.70
2026-01-28 17:24:57,7.70
2026-01-28 17:24:58,7.70
2026-01-28 17:24:59,7.35
2026-01-28 17:25:00,7.35
2026-01-28 17:25:01,7.35
2026-01-28 17:25:02,7.35
2026-01-28 17:25:03,7.35
2026-01-28 17:25:04,10.7
2026-01-28 17:25:05,10.7
2026-01-28 17:25:06,10.7
2026-01-28 17:25:07,10.7
2026-01-28 17:25:08,10.7
2026-01-28 17:25:09,8.17
2026-01-28 17:25:10,8.17
2026-01-28 17:25:11,8.17
2026-01-28 17:25:12,8.17
2026-01-28 17:25:13,8.17
2026-01-28 17:25:14,5.70
2026-01-28 17:25:15,5.70
2026-01-28 17:25:16,5.70
2026-01-28 17:25:17,5.70
2026-01-28 17:25:18,5.70
2026-01-28 17:25:19,6.40
2026-01-28 17:25:20,6.40
2026-01-28 17:25:21,6.40
2026-01-28 17:25:22,6.40
2026-01-28 17:25:23,6.40
2026-01-28 17:25:24,6.98
2026-01-28 17:25:25,6.98
2026-01-28 17:25:26,6.98
2026-01-28 17:25:27,6.98
2026-01-28 17:25:28,6.98
2026-01-28 17:25:29,6.25
2026-01-28 17:25:30,6.25
2026-01-28 17:25:31,6.25
2026-01-28 17:25:32,6.25
2026-01-28 17:25:33,6.25
2026-01-28 17:25:34,7.06
2026-01-28 17:25:35,7.06
2026-01-28 17:25:36,7.06
2026-01-28 17:25:37,7.06
2026-01-28 17:25:38,7.06
2026-01-28 17:25:39,6.43
2026-01-28 17:25:40,6.43
2026-01-28 17:25:41,6.43
2026-01-28 17:25:42,6.43
2026-01-28 17:25:43,6.43
2026-01-28 17:25:44,7.00
2026-01-28 17:25:45,7.00
2026-01-28 17:25:46,7.00
2026-01-28 17:25:47,7.00
2026-01-28 17:25:48,7.00
2026-01-28 17:25:49,6.26
2026-01-28 17:25:50,6.26
2026-01-28 17:25:51,6.26
2026-01-28 17:25:52,6.26
2026-01-28 17:25:53,6.26
2026-01-28 17:25:54,6.85
2026-01-28 17:25:55,6.85
2026-01-28 17:25:56,6.85
2026-01-28 17:25:57,6.85
2026-01-28 17:25:58,6.85
2026-01-28 17:25:59,6.48
2026-01-28 17:26:00,6.48
2026-01-28 17:26:01,6.48
2026-01-28 17:26:02,6.48
2026-01-28 17:26:03,6.48
2026-01-28 17:26:04,7.32
2026-01-28 17:26:05,7.32
2026-01-28 17:26:06,7.32
2026-01-28 17:26:07,7.32
2026-01-28 17:26:08,7.32
2026-01-28 17:26:09,6.47
2026-01-28 17:26:10,6.47
2026-01-28 17:26:11,6.47
2026-01-28 17:26:12,6.47
2026-01-28 17:26:13,6.47
2026-01-28 17:26:14,5.73
2026-01-28 17:26:15,5.73
2026-01-28 17:26:16,5.73
2026-01-28 17:26:17,5.73
2026-01-28 17:26:18,5.73
2026-01-28 17:26:19,6.42
2026-01-28 17:26:20,6.42
2026-01-28 17:26:21,6.42
2026-01-28 17:26:22,6.42
2026-01-28 17:26:23,6.42
2026-01-28 17:26:24,7.03
2026-01-28 17:26:25,7.03
2026-01-28 17:26:26,7.03
2026-01-28 17:26:27,7.03
2026-01-28 17:26:28,7.03
2026-01-28 17:26:29,6.31
2026-01-28 17:26:30,6.31
2026-01-28 17:26:31,6.31
2026-01-28 17:26:32,6.31
2026-01-28 17:26:33,6.31
2026-01-28 17:26:34,7.12
2026-01-28 17:26:35,7.12
2026-01-28 17:26:36,7.12
2026-01-28 17:26:37,7.12
2026-01-28 17:26:38,7.12
2026-01-28 17:26:39,6.49
2026-01-28 17:26:40,6.49
2026-01-28 17:26:41,6.49
2026-01-28 17:26:42,6.49
2026-01-28 17:26:43,6.49
2026-01-28 17:26:44,0
2026-01-28 17:26:45,0
2026-01-28 17:26:46,0
2026-01-28 17:26:47,0
2026-01-28 17:26:48,0
2026-01-28 17:26:49,0
2026-01-28 17:26:50,0
2026-01-28 17:26:51,0
2026-01-28 17:26:52,0
2026-01-28 17:26:53,0
2026-01-28 17:26:54,0
2026-01-28 17:26:55,0
2026-01-28 17:26:56,0
2026-01-28 17:26:57,0
2026-01-28 17:26:58,0
2026-01-28 17:26:59,0
2026-01-28 17:27:00,0
2026-01-28 17:27:01,0
2026-01-28 17:27:02,0
2026-01-28 17:27:03,0
2026-01-28 17:27:04,0
2026-01-28 17:27:05,0
2026-01-28 17:27:06,0
2026-01-28 17:27:07,0
2026-01-28 17:27:08,0
2026-01-28 17:27:09,0
2026-01-28 17:27:10,0
2026-01-28 17:27:11,0
2026-01-28 17:27:12,0
2026-01-28 17:27:13,0
2026-01-28 17:27:14,0
2026-01-28 17:27:15,0
2026-01-28 17:27:16,0
2026-01-28 17:27:17,0
2026-01-28 17:27:18,0
2026-01-28 17:27:19,0
2026-01-28 17:27:20,0
2026-01-28 17:27:21,0
2026-01-28 17:27:22,0
2026-01-28 17:27:23,0
2026-01-28 17:27:24,0
2026-01-28 17:27:25,0
2026-01-28 17:27:26,0
2026-01-28 17:27:27,0
2026-01-28 17:27:28,0
2026-01-28 17:27:29,0
2026-01-28 17:27:30,0
2026-01-28 17:27:31,0
2026-01-28 17:27:32,0
2026-01-28 17:27:33,0
2026-01-28 17:27:34,0
2026-01-28 17:27:35,0
2026-01-28 17:27:36,0
2026-01-28 17:27:37,0
2026-01-28 17:27:38,0
2026-01-28 17:27:39,0
2026-01-28 17:27:40,0
2026-01-28 17:27:41,0
2026-01-28 17:27:42,0
2026-01-28 17:27:43,0
2026-01-28 17:27:44,0
2026-01-28 17:27:45,0
2026-01-28 17:27:46,0
2026-01-28 17:27:47,0
2026-01-28 17:27:48,0
2026-01-28 17:27:49,0
2026-01-28 17:27:50,0
2026-01-28 17:27:51,0
2026-01-28 17:27:52,0
2026-01-28 17:27:53,0
2026-01-28 17:27:54,0
2026-01-28 17:27:55,0
2026-01-28 17:27:56,0
2026-01-28 17:27:57,0
2026-01-28 17:27:58,0
2026-01-28 17:27:59,0
2026-01-28 17:28:00,0
2026-01-28 17:28:01,0
2026-01-28 17:28:02,0
2026-01-28 17:28:03,0
2026-01-28 17:28:04,0
2026-01-28 17:28:05,0
2026-01-28 17:28:06,0
2026-01-28 17:28:07,0
2026-01-28 17:28:08,0
2026-01-28 17:28:09,0
2026-01-28 17:28:10,0
2026-01-28 17:28:11,0
2026-01-28 17:28:12,0
2026-01-28 17:28:13,0