"Time","gnb-layer-map"
2026-01-28 14:30:00,9.76
2026-01-28 14:30:01,9.76
2026-01-28 14:30:02,9.76
2026-01-28 14:30:03,9.76
2026-01-28 14:30:04,7.55
2026-01-28 14:30:05,7.55
2026-01-28 14:30:06,7.55
2026-01-28 14:30:07,7.55
2026-01-28 14:30:08,7.55
2026-01-28 14:30:09,9.83
2026-01-28 14:30:10,9.83
2026-01-28 14:30:11,9.83
2026-01-28 14:30:12,9.83
2026-01-28 14:30:13,9.83
2026-01-28 14:30:14,8.41
2026-01-28 14:30:15,8.41
2026-01-28 14:30:16,8.41
2026-01-28 14:30:17,8.41
2026-01-28 14:30:18,8.41
2026-01-28 14:30:19,8.83
2026-01-28 14:30:20,8.83
2026-01-28 14:30:21,8.83
2026-01-28 14:30:22,8.83
2026-01-28 14:30:23,8.83
2026-01-28 14:30:24,6.71
2026-01-28 14:30:25,6.71
2026-01-28 14:30:26,6.71
2026-01-28 14:30:27,6.71
2026-01-28 14:30:28,6.71
2026-01-28 14:30:29,9.10
2026-01-28 14:30:30,9.10
2026-01-28 14:30:31,9.10
2026-01-28 14:30:32,9.10
2026-01-28 14:30:33,9.10
2026-01-28 14:30:34,6.67
2026-01-28 14:30:35,6.67
2026-01-28 14:30:36,6.67
2026-01-28 14:30:37,6.67
2026-01-28 14:30:38,6.67
2026-01-28 14:30:39,9.08
2026-01-28 14:30:40,9.08
2026-01-28 14:30:41,9.08
2026-01-28 14:30:42,9.08
2026-01-28 14:30:43,9.08
2026-01-28 14:30:44,6.54
2026-01-28 14:30:45,6.54
2026-01-28 14:30:46,6.54
2026-01-28 14:30:47,6.54
2026-01-28 14:30:48,6.54
2026-01-28 14:30:49,9.25
2026-01-28 14:30:50,9.25
2026-01-28 14:30:51,9.25
2026-01-28 14:30:52,9.25
2026-01-28 14:30:53,9.25
2026-01-28 14:30:54,6.71
2026-01-28 14:30:55,6.71
2026-01-28 14:30:56,6.71
2026-01-28 14:30:57,6.71
2026-01-28 14:30:58,6.71
2026-01-28 14:30:59,8.75
2026-01-28 14:31:00,8.75
2026-01-28 14:31:01,8.75
2026-01-28 14:31:02,8.75
2026-01-28 14:31:03,8.75
2026-01-28 14:31:04,6.60
2026-01-28 14:31:05,6.60
2026-01-28 14:31:06,6.60
2026-01-28 14:31:07,6.60
2026-01-28 14:31:08,6.60
2026-01-28 14:31:09,8.92
2026-01-28 14:31:10,8.92
2026-01-28 14:31:11,8.92
2026-01-28 14:31:12,8.92
2026-01-28 14:31:13,8.92
2026-01-28 14:31:14,6.55
2026-01-28 14:31:15,6.55
2026-01-28 14:31:16,6.55
2026-01-28 14:31:17,6.55
2026-01-28 14:31:18,6.55
2026-01-28 14:31:19,8.18
2026-01-28 14:31:20,8.18
2026-01-28 14:31:21,8.18
2026-01-28 14:31:22,8.18
2026-01-28 14:31:23,8.18
2026-01-28 14:31:24,7.53
2026-01-28 14:31:25,7.53
2026-01-28 14:31:26,7.53
2026-01-28 14:31:27,7.53
2026-01-28 14:31:28,7.53
2026-01-28 14:31:29,10.5
2026-01-28 14:31:30,10.5
2026-01-28 14:31:31,10.5
2026-01-28 14:31:32,10.5
2026-01-28 14:31:33,10.5
2026-01-28 14:31:34,7.76
2026-01-28 14:31:35,7.76
2026-01-28 14:31:36,7.76
2026-01-28 14:31:37,7.76
2026-01-28 14:31:38,7.76
2026-01-28 14:31:39,9.95
2026-01-28 14:31:40,9.95
2026-01-28 14:31:41,9.95
2026-01-28 14:31:42,9.95
2026-01-28 14:31:43,9.95
2026-01-28 14:31:44,7.55
2026-01-28 14:31:45,7.55
2026-01-28 14:31:46,7.55
2026-01-28 14:31:47,7.55
2026-01-28 14:31:48,7.55
2026-01-28 14:31:49,10.0
2026-01-28 14:31:50,10.0
2026-01-28 14:31:51,10.0
2026-01-28 14:31:52,10.0
2026-01-28 14:31:53,10.0
2026-01-28 14:31:54,7.56
2026-01-28 14:31:55,7.56
2026-01-28 14:31:56,7.56
2026-01-28 14:31:57,7.56
2026-01-28 14:31:58,7.56
2026-01-28 14:31:59,9.95
2026-01-28 14:32:00,9.95
2026-01-28 14:32:01,9.95
2026-01-28 14:32:02,9.95
2026-01-28 14:32:03,9.95
2026-01-28 14:32:04,7.64
2026-01-28 14:32:05,7.64
2026-01-28 14:32:06,7.64
2026-01-28 14:32:07,7.64
2026-01-28 14:32:08,7.64
2026-01-28 14:32:09,10.0
2026-01-28 14:32:10,10.0
2026-01-28 14:32:11,10.0
2026-01-28 14:32:12,10.0
2026-01-28 14:32:13,10.0
2026-01-28 14:32:14,7.66
2026-01-28 14:32:15,7.66
2026-01-28 14:32:16,7.66
2026-01-28 14:32:17,7.66
2026-01-28 14:32:18,7.66
2026-01-28 14:32:19,9.75
2026-01-28 14:32:20,9.75
2026-01-28 14:32:21,9.75
2026-01-28 14:32:22,9.75
2026-01-28 14:32:23,9.75
2026-01-28 14:32:24,7.63
2026-01-28 14:32:25,7.63
2026-01-28 14:32:26,7.63
2026-01-28 14:32:27,7.63
2026-01-28 14:32:28,7.63
2026-01-28 14:32:29,9.90
2026-01-28 14:32:30,9.90
2026-01-28 14:32:31,9.90
2026-01-28 14:32:32,9.90
2026-01-28 14:32:33,9.90
2026-01-28 14:32:34,7.77
2026-01-28 14:32:35,7.77
2026-01-28 14:32:36,7.77
2026-01-28 14:32:37,7.77
2026-01-28 14:32:38,7.77
2026-01-28 14:32:39,11.1
2026-01-28 14:32:40,11.1
2026-01-28 14:32:41,11.1
2026-01-28 14:32:42,11.1
2026-01-28 14:32:43,11.1
2026-01-28 14:32:44,7.42
2026-01-28 14:32:45,7.42
2026-01-28 14:32:46,7.42
2026-01-28 14:32:47,7.42
2026-01-28 14:32:48,7.42
2026-01-28 14:32:49,11.1
2026-01-28 14:32:50,11.1
2026-01-28 14:32:51,11.1
2026-01-28 14:32:52,11.1
2026-01-28 14:32:53,11.1
2026-01-28 14:32:54,4.88
2026-01-28 14:32:55,4.88
2026-01-28 14:32:56,4.88
2026-01-28 14:32:57,4.88
2026-01-28 14:32:58,4.88
2026-01-28 14:32:59,7.52
2026-01-28 14:33:00,7.52
2026-01-28 14:33:01,7.52
2026-01-28 14:33:02,7.52
2026-01-28 14:33:03,7.52
2026-01-28 14:33:04,4.50
2026-01-28 14:33:05,4.50
2026-01-28 14:33:06,4.50
2026-01-28 14:33:07,4.50
2026-01-28 14:33:08,4.50
2026-01-28 14:33:09,7.31
2026-01-28 14:33:10,7.31
2026-01-28 14:33:11,7.31
2026-01-28 14:33:12,7.31
2026-01-28 14:33:13,7.31
2026-01-28 14:33:14,4.47
2026-01-28 14:33:15,4.47
2026-01-28 14:33:16,4.47
2026-01-28 14:33:17,4.47
2026-01-28 14:33:18,4.47
2026-01-28 14:33:19,7.30
2026-01-28 14:33:20,7.30
2026-01-28 14:33:21,7.30
2026-01-28 14:33:22,7.30
2026-01-28 14:33:23,7.30
2026-01-28 14:33:24,4.52
2026-01-28 14:33:25,4.52
2026-01-28 14:33:26,4.52
2026-01-28 14:33:27,4.52
2026-01-28 14:33:28,4.52
2026-01-28 14:33:29,7.30
2026-01-28 14:33:30,7.30
2026-01-28 14:33:31,7.30
2026-01-28 14:33:32,7.30
2026-01-28 14:33:33,7.30
2026-01-28 14:33:34,4.36
2026-01-28 14:33:35,4.36
2026-01-28 14:33:36,4.36
2026-01-28 14:33:37,4.36
2026-01-28 14:33:38,4.36
2026-01-28 14:33:39,0
2026-01-28 14:33:40,0
2026-01-28 14:33:41,0
2026-01-28 14:33:42,0
2026-01-28 14:33:43,0
2026-01-28 14:33:44,0
2026-01-28 14:33:45,0
2026-01-28 14:33:46,0
2026-01-28 14:33:47,0
2026-01-28 14:33:48,0
2026-01-28 14:33:49,0
2026-01-28 14:33:50,0
2026-01-28 14:33:51,0
2026-01-28 14:33:52,0
2026-01-28 14:33:53,0
2026-01-28 14:33:54,0
2026-01-28 14:33:55,0
2026-01-28 14:33:56,0
2026-01-28 14:33:57,0
2026-01-28 14:33:58,0
2026-01-28 14:33:59,0
2026-01-28 14:34:00,0
2026-01-28 14:34:01,0
2026-01-28 14:34:02,0
2026-01-28 14:34:03,0
2026-01-28 14:34:04,0
2026-01-28 14:34:05,0
2026-01-28 14:34:06,0
2026-01-28 14:34:07,0
2026-01-28 14:34:08,0
2026-01-28 14:34:09,0
2026-01-28 14:34:10,0
2026-01-28 14:34:11,0
2026-01-28 14:34:12,0
2026-01-28 14:34:13,0
2026-01-28 14:34:14,0
2026-01-28 14:34:15,0
2026-01-28 14:34:16,0
2026-01-28 14:34:17,0
2026-01-28 14:34:18,0
2026-01-28 14:34:19,0
2026-01-28 14:34:20,0
2026-01-28 14:34:21,0
2026-01-28 14:34:22,0
2026-01-28 14:34:23,0
2026-01-28 14:34:24,0
2026-01-28 14:34:25,0
2026-01-28 14:34:26,0
2026-01-28 14:34:27,0
2026-01-28 14:34:28,0
2026-01-28 14:34:29,0
2026-01-28 14:34:30,0
2026-01-28 14:34:31,0
2026-01-28 14:34:32,0
2026-01-28 14:34:33,0
2026-01-28 14:34:34,0
2026-01-28 14:34:35,0
2026-01-28 14:34:36,0
2026-01-28 14:34:37,0
2026-01-28 14:34:38,0
2026-01-28 14:34:39,0
2026-01-28 14:34:40,0
2026-01-28 14:34:41,0
2026-01-28 14:34:42,0
2026-01-28 14:34:43,0
2026-01-28 14:34:44,0
2026-01-28 14:34:45,0
2026-01-28 14:34:46,0
2026-01-28 14:34:47,0
2026-01-28 14:34:48,0
2026-01-28 14:34:49,0
2026-01-28 14:34:50,0
2026-01-28 14:34:51,0
2026-01-28 14:34:52,0
2026-01-28 14:34:53,0
2026-01-28 14:34:54,0
2026-01-28 14:34:55,0
2026-01-28 14:34:56,0
2026-01-28 14:34:57,0
2026-01-28 14:34:58,0
2026-01-28 14:34:59,0
2026-01-28 14:35:00,0
2026-01-28 14:35:01,0
2026-01-28 14:35:02,0
2026-01-28 14:35:03,0
2026-01-28 14:35:04,0
2026-01-28 14:35:05,0
2026-01-28 14:35:06,0
2026-01-28 14:35:07,0
2026-01-28 14:35:08,0
2026-01-28 14:35:09,0
2026-01-28 14:35:10,0
2026-01-28 14:35:11,0
2026-01-28 14:35:12,0
2026-01-28 14:35:13,0
2026-01-28 14:35:24,6.09
2026-01-28 14:35:25,6.09
2026-01-28 14:35:26,6.09
2026-01-28 14:35:27,6.09
2026-01-28 14:35:28,6.09
2026-01-28 14:35:29,9.10
2026-01-28 14:35:30,9.10
2026-01-28 14:35:31,9.10
2026-01-28 14:35:32,9.10
2026-01-28 14:35:33,9.10
2026-01-28 14:35:34,7.00
2026-01-28 14:35:35,7.00
2026-01-28 14:35:36,7.00
2026-01-28 14:35:37,7.00
2026-01-28 14:35:38,7.00
2026-01-28 14:35:39,8.85
2026-01-28 14:35:40,8.85
2026-01-28 14:35:41,8.85
2026-01-28 14:35:42,8.85
2026-01-28 14:35:43,8.85
2026-01-28 14:35:44,6.71
2026-01-28 14:35:45,6.71
2026-01-28 14:35:46,6.71
2026-01-28 14:35:47,6.71
2026-01-28 14:35:48,6.71
2026-01-28 14:35:49,9.52
2026-01-28 14:35:50,9.52
2026-01-28 14:35:51,9.52
2026-01-28 14:35:52,9.52
2026-01-28 14:35:53,9.52
2026-01-28 14:35:54,6.66
2026-01-28 14:35:55,6.66
2026-01-28 14:35:56,6.66
2026-01-28 14:35:57,6.66
2026-01-28 14:35:58,6.66
2026-01-28 14:35:59,9.13
2026-01-28 14:36:00,9.13
2026-01-28 14:36:01,9.13
2026-01-28 14:36:02,9.13
2026-01-28 14:36:03,9.13
2026-01-28 14:36:04,6.55
2026-01-28 14:36:05,6.55
2026-01-28 14:36:06,6.55
2026-01-28 14:36:07,6.55
2026-01-28 14:36:08,6.55
2026-01-28 14:36:09,8.65
2026-01-28 14:36:10,8.65
2026-01-28 14:36:11,8.65
2026-01-28 14:36:12,8.65
2026-01-28 14:36:13,8.65
2026-01-28 14:36:14,5.80
2026-01-28 14:36:15,5.80
2026-01-28 14:36:16,5.80
2026-01-28 14:36:17,5.80
2026-01-28 14:36:18,5.80
2026-01-28 14:36:19,8.59
2026-01-28 14:36:20,8.59
2026-01-28 14:36:21,8.59
2026-01-28 14:36:22,8.59
2026-01-28 14:36:23,8.59
2026-01-28 14:36:24,5.86
2026-01-28 14:36:25,5.86
2026-01-28 14:36:26,5.86
2026-01-28 14:36:27,5.86
2026-01-28 14:36:28,5.86
2026-01-28 14:36:29,8.38
2026-01-28 14:36:30,8.38
2026-01-28 14:36:31,8.38
2026-01-28 14:36:32,8.38
2026-01-28 14:36:33,8.38
2026-01-28 14:36:34,5.74
2026-01-28 14:36:35,5.74
2026-01-28 14:36:36,5.74
2026-01-28 14:36:37,5.74
2026-01-28 14:36:38,5.74
2026-01-28 14:36:39,8.55
2026-01-28 14:36:40,8.55
2026-01-28 14:36:41,8.55
2026-01-28 14:36:42,8.55
2026-01-28 14:36:43,8.55
2026-01-28 14:36:44,5.77
2026-01-28 14:36:45,5.77
2026-01-28 14:36:46,5.77
2026-01-28 14:36:47,5.77
2026-01-28 14:36:48,5.77
2026-01-28 14:36:49,8.82
2026-01-28 14:36:50,8.82
2026-01-28 14:36:51,8.82
2026-01-28 14:36:52,8.82
2026-01-28 14:36:53,8.82
2026-01-28 14:36:54,7.73
2026-01-28 14:36:55,7.73
2026-01-28 14:36:56,7.73
2026-01-28 14:36:57,7.73
2026-01-28 14:36:58,7.73
2026-01-28 14:36:59,10.1
2026-01-28 14:37:00,10.1
2026-01-28 14:37:01,10.1
2026-01-28 14:37:02,10.1
2026-01-28 14:37:03,10.1
2026-01-28 14:37:04,8.46
2026-01-28 14:37:05,8.46
2026-01-28 14:37:06,8.46
2026-01-28 14:37:07,8.46
2026-01-28 14:37:08,8.46
2026-01-28 14:37:09,9.87
2026-01-28 14:37:10,9.87
2026-01-28 14:37:11,9.87
2026-01-28 14:37:12,9.87
2026-01-28 14:37:13,9.87
2026-01-28 14:37:14,7.59
2026-01-28 14:37:15,7.59
2026-01-28 14:37:16,7.59
2026-01-28 14:37:17,7.59
2026-01-28 14:37:18,7.59
2026-01-28 14:37:19,9.96
2026-01-28 14:37:20,9.96
2026-01-28 14:37:21,9.96
2026-01-28 14:37:22,9.96
2026-01-28 14:37:23,9.96
2026-01-28 14:37:24,7.67
2026-01-28 14:37:25,7.67
2026-01-28 14:37:26,7.67
2026-01-28 14:37:27,7.67
2026-01-28 14:37:28,7.67
2026-01-28 14:37:29,10.2
2026-01-28 14:37:30,10.2
2026-01-28 14:37:31,10.2
2026-01-28 14:37:32,10.2
2026-01-28 14:37:33,10.2
2026-01-28 14:37:34,7.67
2026-01-28 14:37:35,7.67
2026-01-28 14:37:36,7.67
2026-01-28 14:37:37,7.67
2026-01-28 14:37:38,7.67
2026-01-28 14:37:39,9.80
2026-01-28 14:37:40,9.80
2026-01-28 14:37:41,9.80
2026-01-28 14:37:42,9.80
2026-01-28 14:37:43,9.80
2026-01-28 14:37:44,7.58
2026-01-28 14:37:45,7.58
2026-01-28 14:37:46,7.58
2026-01-28 14:37:47,7.58
2026-01-28 14:37:48,7.58
2026-01-28 14:37:49,10.1
2026-01-28 14:37:50,10.1
2026-01-28 14:37:51,10.1
2026-01-28 14:37:52,10.1
2026-01-28 14:37:53,10.1
2026-01-28 14:37:54,7.58
2026-01-28 14:37:55,7.58
2026-01-28 14:37:56,7.58
2026-01-28 14:37:57,7.58
2026-01-28 14:37:58,7.58
2026-01-28 14:37:59,9.99
2026-01-28 14:38:00,9.99
2026-01-28 14:38:01,9.99
2026-01-28 14:38:02,9.99
2026-01-28 14:38:03,9.99
2026-01-28 14:38:04,7.79
2026-01-28 14:38:05,7.79
2026-01-28 14:38:06,7.79
2026-01-28 14:38:07,7.79
2026-01-28 14:38:08,7.79
2026-01-28 14:38:09,9.32
2026-01-28 14:38:10,9.32
2026-01-28 14:38:11,9.32
2026-01-28 14:38:12,9.32
2026-01-28 14:38:13,9.32
2026-01-28 14:38:14,6.53
2026-01-28 14:38:15,6.53
2026-01-28 14:38:16,6.53
2026-01-28 14:38:17,6.53
2026-01-28 14:38:18,6.53
2026-01-28 14:38:19,9.19
2026-01-28 14:38:20,9.19
2026-01-28 14:38:21,9.19
2026-01-28 14:38:22,9.19
2026-01-28 14:38:23,9.19
2026-01-28 14:38:24,7.13
2026-01-28 14:38:25,7.13
2026-01-28 14:38:26,7.13
2026-01-28 14:38:27,7.13
2026-01-28 14:38:28,7.13
2026-01-28 14:38:29,9.16
2026-01-28 14:38:30,9.16
2026-01-28 14:38:31,9.16
2026-01-28 14:38:32,9.16
2026-01-28 14:38:33,9.16
2026-01-28 14:38:34,6.49
2026-01-28 14:38:35,6.49
2026-01-28 14:38:36,6.49
2026-01-28 14:38:37,6.49
2026-01-28 14:38:38,6.49
2026-01-28 14:38:39,8.96
2026-01-28 14:38:40,8.96
2026-01-28 14:38:41,8.96
2026-01-28 14:38:42,8.96
2026-01-28 14:38:43,8.96
2026-01-28 14:38:44,6.64
2026-01-28 14:38:45,6.64
2026-01-28 14:38:46,6.64
2026-01-28 14:38:47,6.64
2026-01-28 14:38:48,6.64
2026-01-28 14:38:49,9.29
2026-01-28 14:38:50,9.29
2026-01-28 14:38:51,9.29
2026-01-28 14:38:52,9.29
2026-01-28 14:38:53,9.29
2026-01-28 14:38:54,6.61
2026-01-28 14:38:55,6.61
2026-01-28 14:38:56,6.61
2026-01-28 14:38:57,6.61
2026-01-28 14:38:58,6.61
2026-01-28 14:38:59,8.87
2026-01-28 14:39:00,8.87
2026-01-28 14:39:01,8.87
2026-01-28 14:39:02,8.87
2026-01-28 14:39:03,8.87
2026-01-28 14:39:04,6.81
2026-01-28 14:39:05,6.81
2026-01-28 14:39:06,6.81
2026-01-28 14:39:07,6.81
2026-01-28 14:39:08,6.81
2026-01-28 14:39:09,9.37
2026-01-28 14:39:10,9.37
2026-01-28 14:39:11,9.37
2026-01-28 14:39:12,9.37
2026-01-28 14:39:13,9.37
2026-01-28 14:39:14,6.58
2026-01-28 14:39:15,6.58
2026-01-28 14:39:16,6.58
2026-01-28 14:39:17,6.58
2026-01-28 14:39:18,6.58
2026-01-28 14:39:19,9.16
2026-01-28 14:39:20,9.16
2026-01-28 14:39:21,9.16
2026-01-28 14:39:22,9.16
2026-01-28 14:39:23,9.16
2026-01-28 14:39:24,6.80
2026-01-28 14:39:25,6.80
2026-01-28 14:39:26,6.80
2026-01-28 14:39:27,6.80
2026-01-28 14:39:28,6.80
2026-01-28 14:39:29,9.97
2026-01-28 14:39:30,9.97
2026-01-28 14:39:31,9.97
2026-01-28 14:39:32,9.97
2026-01-28 14:39:33,9.97
2026-01-28 14:39:34,7.58
2026-01-28 14:39:35,7.58
2026-01-28 14:39:36,7.58
2026-01-28 14:39:37,7.58
2026-01-28 14:39:38,7.58
2026-01-28 14:39:39,10.0
2026-01-28 14:39:40,10.0
2026-01-28 14:39:41,10.0
2026-01-28 14:39:42,10.0
2026-01-28 14:39:43,10.0
2026-01-28 14:39:44,7.60
2026-01-28 14:39:45,7.60
2026-01-28 14:39:46,7.60
2026-01-28 14:39:47,7.60
2026-01-28 14:39:48,7.60
2026-01-28 14:39:49,10.1
2026-01-28 14:39:50,10.1
2026-01-28 14:39:51,10.1
2026-01-28 14:39:52,10.1
2026-01-28 14:39:53,10.1
2026-01-28 14:39:54,7.61
2026-01-28 14:39:55,7.61
2026-01-28 14:39:56,7.61
2026-01-28 14:39:57,7.61
2026-01-28 14:39:58,7.61
2026-01-28 14:39:59,9.84
2026-01-28 14:40:00,9.84
2026-01-28 14:40:01,9.84
2026-01-28 14:40:02,9.84
2026-01-28 14:40:03,9.84
2026-01-28 14:40:04,7.65
2026-01-28 14:40:05,7.65
2026-01-28 14:40:06,7.65
2026-01-28 14:40:07,7.65
2026-01-28 14:40:08,7.65
2026-01-28 14:40:09,9.86
2026-01-28 14:40:10,9.86
2026-01-28 14:40:11,9.86
2026-01-28 14:40:12,9.86
2026-01-28 14:40:13,9.86
2026-01-28 14:40:14,0
2026-01-28 14:40:15,0
2026-01-28 14:40:16,0
2026-01-28 14:40:17,0
2026-01-28 14:40:18,0
2026-01-28 14:40:19,0
2026-01-28 14:40:20,0
2026-01-28 14:40:21,0
2026-01-28 14:40:22,0
2026-01-28 14:40:23,0
2026-01-28 14:40:24,0
2026-01-28 14:40:25,0
2026-01-28 14:40:26,0
2026-01-28 14:40:27,0
2026-01-28 14:40:28,0
2026-01-28 14:40:29,0
2026-01-28 14:40:30,0
2026-01-28 14:40:31,0
2026-01-28 14:40:32,0
2026-01-28 14:40:33,0
2026-01-28 14:40:34,0
2026-01-28 14:40:35,0
2026-01-28 14:40:36,0
2026-01-28 14:40:37,0
2026-01-28 14:40:38,0
2026-01-28 14:40:39,0
2026-01-28 14:40:40,0
2026-01-28 14:40:41,0
2026-01-28 14:40:42,0
2026-01-28 14:40:43,0
2026-01-28 14:40:44,0
2026-01-28 14:40:45,0
2026-01-28 14:40:46,0
2026-01-28 14:40:47,0
2026-01-28 14:40:48,0
2026-01-28 14:40:49,0
2026-01-28 14:40:50,0
2026-01-28 14:40:51,0
2026-01-28 14:40:52,0
2026-01-28 14:40:53,0
2026-01-28 14:40:54,0
2026-01-28 14:40:55,0
2026-01-28 14:40:56,0
2026-01-28 14:40:57,0
2026-01-28 14:40:58,0
2026-01-28 14:40:59,0
2026-01-28 14:41:00,0
2026-01-28 14:41:01,0
2026-01-28 14:41:02,0
2026-01-28 14:41:03,0
2026-01-28 14:41:04,0
2026-01-28 14:41:05,0
2026-01-28 14:41:06,0
2026-01-28 14:41:07,0
2026-01-28 14:41:08,0
2026-01-28 14:41:09,0
2026-01-28 14:41:10,0
2026-01-28 14:41:11,0
2026-01-28 14:41:12,0
2026-01-28 14:41:13,0
2026-01-28 14:41:14,0
2026-01-28 14:41:15,0
2026-01-28 14:41:16,0
2026-01-28 14:41:17,0
2026-01-28 14:41:18,0
2026-01-28 14:41:19,0
2026-01-28 14:41:20,0
2026-01-28 14:41:21,0
2026-01-28 14:41:22,0
2026-01-28 14:41:23,0
2026-01-28 14:41:24,0
2026-01-28 14:41:25,0
2026-01-28 14:41:26,0
2026-01-28 14:41:27,0
2026-01-28 14:41:28,0
2026-01-28 14:41:29,0
2026-01-28 14:41:30,0
2026-01-28 14:41:31,0
2026-01-28 14:41:32,0
2026-01-28 14:41:33,0
2026-01-28 14:41:34,0
2026-01-28 14:41:35,0
2026-01-28 14:41:36,0
2026-01-28 14:41:37,0
2026-01-28 14:41:38,0
2026-01-28 14:41:39,0
2026-01-28 14:41:40,0
2026-01-28 14:41:41,0
2026-01-28 14:41:42,0
2026-01-28 14:41:43,0
2026-01-28 14:41:44,0
2026-01-28 14:41:45,0
2026-01-28 14:41:46,0
2026-01-28 14:41:47,0
2026-01-28 14:41:48,0
2026-01-28 14:42:09,6.22
2026-01-28 14:42:10,6.22
2026-01-28 14:42:11,6.22
2026-01-28 14:42:12,6.22
2026-01-28 14:42:13,6.22
2026-01-28 14:42:14,6.43
2026-01-28 14:42:15,6.43
2026-01-28 14:42:16,6.43
2026-01-28 14:42:17,6.43
2026-01-28 14:42:18,6.43
2026-01-28 14:42:19,9.47
2026-01-28 14:42:20,9.47
2026-01-28 14:42:21,9.47
2026-01-28 14:42:22,9.47
2026-01-28 14:42:23,9.47
2026-01-28 14:42:24,6.89
2026-01-28 14:42:25,6.89
2026-01-28 14:42:26,6.89
2026-01-28 14:42:27,6.89
2026-01-28 14:42:28,6.89
2026-01-28 14:42:29,9.24
2026-01-28 14:42:30,9.24
2026-01-28 14:42:31,9.24
2026-01-28 14:42:32,9.24
2026-01-28 14:42:33,9.24
2026-01-28 14:42:34,6.51
2026-01-28 14:42:35,6.51
2026-01-28 14:42:36,6.51
2026-01-28 14:42:37,6.51
2026-01-28 14:42:38,6.51
2026-01-28 14:42:39,9.26
2026-01-28 14:42:40,9.26
2026-01-28 14:42:41,9.26
2026-01-28 14:42:42,9.26
2026-01-28 14:42:43,9.26
2026-01-28 14:42:44,7.85
2026-01-28 14:42:45,7.85
2026-01-28 14:42:46,7.85
2026-01-28 14:42:47,7.85
2026-01-28 14:42:48,7.85
2026-01-28 14:42:49,10.1
2026-01-28 14:42:50,10.1
2026-01-28 14:42:51,10.1
2026-01-28 14:42:52,10.1
2026-01-28 14:42:53,10.1
2026-01-28 14:42:54,7.43
2026-01-28 14:42:55,7.43
2026-01-28 14:42:56,7.43
2026-01-28 14:42:57,7.43
2026-01-28 14:42:58,7.43
2026-01-28 14:42:59,9.75
2026-01-28 14:43:00,9.75
2026-01-28 14:43:01,9.75
2026-01-28 14:43:02,9.75
2026-01-28 14:43:03,9.75
2026-01-28 14:43:04,7.62
2026-01-28 14:43:05,7.62
2026-01-28 14:43:06,7.62
2026-01-28 14:43:07,7.62
2026-01-28 14:43:08,7.62
2026-01-28 14:43:09,9.68
2026-01-28 14:43:10,9.68
2026-01-28 14:43:11,9.68
2026-01-28 14:43:12,9.68
2026-01-28 14:43:13,9.68
2026-01-28 14:43:14,7.44
2026-01-28 14:43:15,7.44
2026-01-28 14:43:16,7.44
2026-01-28 14:43:17,7.44
2026-01-28 14:43:18,7.44
2026-01-28 14:43:19,9.55
2026-01-28 14:43:20,9.55
2026-01-28 14:43:21,9.55
2026-01-28 14:43:22,9.55
2026-01-28 14:43:23,9.55
2026-01-28 14:43:24,7.85
2026-01-28 14:43:25,7.85
2026-01-28 14:43:26,7.85
2026-01-28 14:43:27,7.85
2026-01-28 14:43:28,7.85
2026-01-28 14:43:29,10.8
2026-01-28 14:43:30,10.8
2026-01-28 14:43:31,10.8
2026-01-28 14:43:32,10.8
2026-01-28 14:43:33,10.8
2026-01-28 14:43:34,6.54
2026-01-28 14:43:35,6.54
2026-01-28 14:43:36,6.54
2026-01-28 14:43:37,6.54
2026-01-28 14:43:38,6.54
2026-01-28 14:43:39,9.10
2026-01-28 14:43:40,9.10
2026-01-28 14:43:41,9.10
2026-01-28 14:43:42,9.10
2026-01-28 14:43:43,9.10
2026-01-28 14:43:44,6.74
2026-01-28 14:43:45,6.74
2026-01-28 14:43:46,6.74
2026-01-28 14:43:47,6.74
2026-01-28 14:43:48,6.74
2026-01-28 14:43:49,9.46
2026-01-28 14:43:50,9.46
2026-01-28 14:43:51,9.46
2026-01-28 14:43:52,9.46
2026-01-28 14:43:53,9.46
2026-01-28 14:43:54,6.52
2026-01-28 14:43:55,6.52
2026-01-28 14:43:56,6.52
2026-01-28 14:43:57,6.52
2026-01-28 14:43:58,6.52
2026-01-28 14:43:59,9.04
2026-01-28 14:44:00,9.04
2026-01-28 14:44:01,9.04
2026-01-28 14:44:02,9.04
2026-01-28 14:44:03,9.04
2026-01-28 14:44:04,6.62
2026-01-28 14:44:05,6.62
2026-01-28 14:44:06,6.62
2026-01-28 14:44:07,6.62
2026-01-28 14:44:08,6.62
2026-01-28 14:44:09,9.45
2026-01-28 14:44:10,9.45
2026-01-28 14:44:11,9.45
2026-01-28 14:44:12,9.45
2026-01-28 14:44:13,9.45
2026-01-28 14:44:14,6.59
2026-01-28 14:44:15,6.59
2026-01-28 14:44:16,6.59
2026-01-28 14:44:17,6.59
2026-01-28 14:44:18,6.59
2026-01-28 14:44:19,8.88
2026-01-28 14:44:20,8.88
2026-01-28 14:44:21,8.88
2026-01-28 14:44:22,8.88
2026-01-28 14:44:23,8.88
2026-01-28 14:44:24,6.87
2026-01-28 14:44:25,6.87
2026-01-28 14:44:26,6.87
2026-01-28 14:44:27,6.87
2026-01-28 14:44:28,6.87
2026-01-28 14:44:29,10.9
2026-01-28 14:44:30,10.9
2026-01-28 14:44:31,10.9
2026-01-28 14:44:32,10.9
2026-01-28 14:44:33,10.9
2026-01-28 14:44:34,4.73
2026-01-28 14:44:35,4.73
2026-01-28 14:44:36,4.73
2026-01-28 14:44:37,4.73
2026-01-28 14:44:38,4.73
2026-01-28 14:44:39,7.81
2026-01-28 14:44:40,7.81
2026-01-28 14:44:41,7.81
2026-01-28 14:44:42,7.81
2026-01-28 14:44:43,7.81
2026-01-28 14:44:44,4.87
2026-01-28 14:44:45,4.87
2026-01-28 14:44:46,4.87
2026-01-28 14:44:47,4.87
2026-01-28 14:44:48,4.87
2026-01-28 14:44:49,7.70
2026-01-28 14:44:50,7.70
2026-01-28 14:44:51,7.70
2026-01-28 14:44:52,7.70
2026-01-28 14:44:53,7.70
2026-01-28 14:44:54,5.87
2026-01-28 14:44:55,5.87
2026-01-28 14:44:56,5.87
2026-01-28 14:44:57,5.87
2026-01-28 14:44:58,5.87
2026-01-28 14:44:59,9.11
2026-01-28 14:45:00,9.11
2026-01-28 14:45:01,9.11
2026-01-28 14:45:02,9.11
2026-01-28 14:45:03,9.11
2026-01-28 14:45:04,5.98
2026-01-28 14:45:05,5.98
2026-01-28 14:45:06,5.98
2026-01-28 14:45:07,5.98
2026-01-28 14:45:08,5.98
2026-01-28 14:45:09,8.35
2026-01-28 14:45:10,8.35
2026-01-28 14:45:11,8.35
2026-01-28 14:45:12,8.35
2026-01-28 14:45:13,8.35
2026-01-28 14:45:14,5.73
2026-01-28 14:45:15,5.73
2026-01-28 14:45:16,5.73
2026-01-28 14:45:17,5.73
2026-01-28 14:45:18,5.73
2026-01-28 14:45:19,8.39
2026-01-28 14:45:20,8.39
2026-01-28 14:45:21,8.39
2026-01-28 14:45:22,8.39
2026-01-28 14:45:23,8.39
2026-01-28 14:45:24,5.57
2026-01-28 14:45:25,5.57
2026-01-28 14:45:26,5.57
2026-01-28 14:45:27,5.57
2026-01-28 14:45:28,5.57
2026-01-28 14:45:29,8.96
2026-01-28 14:45:30,8.96
2026-01-28 14:45:31,8.96
2026-01-28 14:45:32,8.96
2026-01-28 14:45:33,8.96
2026-01-28 14:45:34,7.21
2026-01-28 14:45:35,7.21
2026-01-28 14:45:36,7.21
2026-01-28 14:45:37,7.21
2026-01-28 14:45:38,7.21
2026-01-28 14:45:39,9.22
2026-01-28 14:45:40,9.22
2026-01-28 14:45:41,9.22
2026-01-28 14:45:42,9.22
2026-01-28 14:45:43,9.22
2026-01-28 14:45:44,6.67
2026-01-28 14:45:45,6.67
2026-01-28 14:45:46,6.67
2026-01-28 14:45:47,6.67
2026-01-28 14:45:48,6.67
2026-01-28 14:45:49,9.72
2026-01-28 14:45:50,9.72
2026-01-28 14:45:51,9.72
2026-01-28 14:45:52,9.72
2026-01-28 14:45:53,9.72
2026-01-28 14:45:54,6.62
2026-01-28 14:45:55,6.62
2026-01-28 14:45:56,6.62
2026-01-28 14:45:57,6.62
2026-01-28 14:45:58,6.62
2026-01-28 14:45:59,8.57
2026-01-28 14:46:00,8.57
2026-01-28 14:46:01,8.57
2026-01-28 14:46:02,8.57
2026-01-28 14:46:03,8.57
2026-01-28 14:46:04,7.58
2026-01-28 14:46:05,7.58
2026-01-28 14:46:06,7.58
2026-01-28 14:46:07,7.58
2026-01-28 14:46:08,7.58
2026-01-28 14:46:09,8.92
2026-01-28 14:46:10,8.92
2026-01-28 14:46:11,8.92
2026-01-28 14:46:12,8.92
2026-01-28 14:46:13,8.92
2026-01-28 14:46:14,6.43
2026-01-28 14:46:15,6.43
2026-01-28 14:46:16,6.43
2026-01-28 14:46:17,6.43
2026-01-28 14:46:18,6.43
2026-01-28 14:46:19,8.84
2026-01-28 14:46:20,8.84
2026-01-28 14:46:21,8.84
2026-01-28 14:46:22,8.84
2026-01-28 14:46:23,8.84
2026-01-28 14:46:24,6.65
2026-01-28 14:46:25,6.65
2026-01-28 14:46:26,6.65
2026-01-28 14:46:27,6.65
2026-01-28 14:46:28,6.65
2026-01-28 14:46:29,8.87
2026-01-28 14:46:30,8.87
2026-01-28 14:46:31,8.87
2026-01-28 14:46:32,8.87
2026-01-28 14:46:33,8.87
2026-01-28 14:46:34,6.54
2026-01-28 14:46:35,6.54
2026-01-28 14:46:36,6.54
2026-01-28 14:46:37,6.54
2026-01-28 14:46:38,6.54
2026-01-28 14:46:39,8.91
2026-01-28 14:46:40,8.91
2026-01-28 14:46:41,8.91
2026-01-28 14:46:42,8.91
2026-01-28 14:46:43,8.91
2026-01-28 14:46:44,6.64
2026-01-28 14:46:45,6.64
2026-01-28 14:46:46,6.64
2026-01-28 14:46:47,6.64
2026-01-28 14:46:48,6.64
2026-01-28 14:46:49,9.63
2026-01-28 14:46:50,9.63
2026-01-28 14:46:51,9.63
2026-01-28 14:46:52,9.63
2026-01-28 14:46:53,9.63
2026-01-28 14:46:54,6.63
2026-01-28 14:46:55,6.63
2026-01-28 14:46:56,6.63
2026-01-28 14:46:57,6.63
2026-01-28 14:46:58,6.63
2026-01-28 14:46:59,0
2026-01-28 14:47:00,0
2026-01-28 14:47:01,0
2026-01-28 14:47:02,0
2026-01-28 14:47:03,0
2026-01-28 14:47:04,0
2026-01-28 14:47:05,0
2026-01-28 14:47:06,0
2026-01-28 14:47:07,0
2026-01-28 14:47:08,0
2026-01-28 14:47:09,0
2026-01-28 14:47:10,0
2026-01-28 14:47:11,0
2026-01-28 14:47:12,0
2026-01-28 14:47:13,0
2026-01-28 14:47:14,0
2026-01-28 14:47:15,0
2026-01-28 14:47:16,0
2026-01-28 14:47:17,0
2026-01-28 14:47:18,0
2026-01-28 14:47:19,0
2026-01-28 14:47:20,0
2026-01-28 14:47:21,0
2026-01-28 14:47:22,0
2026-01-28 14:47:23,0
2026-01-28 14:47:24,0
2026-01-28 14:47:25,0
2026-01-28 14:47:26,0
2026-01-28 14:47:27,0
2026-01-28 14:47:28,0
2026-01-28 14:47:29,0
2026-01-28 14:47:30,0
2026-01-28 14:47:31,0
2026-01-28 14:47:32,0
2026-01-28 14:47:33,0
2026-01-28 14:47:34,0
2026-01-28 14:47:35,0
2026-01-28 14:47:36,0
2026-01-28 14:47:37,0
2026-01-28 14:47:38,0
2026-01-28 14:47:39,0
2026-01-28 14:47:40,0
2026-01-28 14:47:41,0
2026-01-28 14:47:42,0
2026-01-28 14:47:43,0
2026-01-28 14:47:44,0
2026-01-28 14:47:45,0
2026-01-28 14:47:46,0
2026-01-28 14:47:47,0
2026-01-28 14:47:48,0
2026-01-28 14:47:49,0
2026-01-28 14:47:50,0
2026-01-28 14:47:51,0
2026-01-28 14:47:52,0
2026-01-28 14:47:53,0
2026-01-28 14:47:54,0
2026-01-28 14:47:55,0
2026-01-28 14:47:56,0
2026-01-28 14:47:57,0
2026-01-28 14:47:58,0
2026-01-28 14:47:59,0
2026-01-28 14:48:00,0
2026-01-28 14:48:01,0
2026-01-28 14:48:02,0
2026-01-28 14:48:03,0
2026-01-28 14:48:04,0
2026-01-28 14:48:05,0
2026-01-28 14:48:06,0
2026-01-28 14:48:07,0
2026-01-28 14:48:08,0
2026-01-28 14:48:09,0
2026-01-28 14:48:10,0
2026-01-28 14:48:11,0
2026-01-28 14:48:12,0
2026-01-28 14:48:13,0
2026-01-28 14:48:14,0
2026-01-28 14:48:15,0
2026-01-28 14:48:16,0
2026-01-28 14:48:17,0
2026-01-28 14:48:18,0
2026-01-28 14:48:19,0
2026-01-28 14:48:20,0
2026-01-28 14:48:21,0
2026-01-28 14:48:22,0
2026-01-28 14:48:23,0
2026-01-28 14:48:24,0
2026-01-28 14:48:25,0
2026-01-28 14:48:26,0
2026-01-28 14:48:27,0
2026-01-28 14:48:28,0
2026-01-28 14:48:29,0
2026-01-28 14:48:30,0
2026-01-28 14:48:31,0
2026-01-28 14:48:32,0
2026-01-28 14:48:33,0
2026-01-28 14:49:14,6.88
2026-01-28 14:49:15,6.88
2026-01-28 14:49:16,6.88
2026-01-28 14:49:17,6.88
2026-01-28 14:49:18,6.88
2026-01-28 14:49:19,9.97
2026-01-28 14:49:20,9.97
2026-01-28 14:49:21,9.97
2026-01-28 14:49:22,9.97
2026-01-28 14:49:23,9.97
2026-01-28 14:49:24,6.83
2026-01-28 14:49:25,6.83
2026-01-28 14:49:26,6.83
2026-01-28 14:49:27,6.83
2026-01-28 14:49:28,6.83
2026-01-28 14:49:29,8.88
2026-01-28 14:49:30,8.88
2026-01-28 14:49:31,8.88
2026-01-28 14:49:32,8.88
2026-01-28 14:49:33,8.88
2026-01-28 14:49:34,6.48
2026-01-28 14:49:35,6.48
2026-01-28 14:49:36,6.48
2026-01-28 14:49:37,6.48
2026-01-28 14:49:38,6.48
2026-01-28 14:49:39,8.68
2026-01-28 14:49:40,8.68
2026-01-28 14:49:41,8.68
2026-01-28 14:49:42,8.68
2026-01-28 14:49:43,8.68
2026-01-28 14:49:44,6.61
2026-01-28 14:49:45,6.61
2026-01-28 14:49:46,6.61
2026-01-28 14:49:47,6.61
2026-01-28 14:49:48,6.61
2026-01-28 14:49:49,9.08
2026-01-28 14:49:50,9.08
2026-01-28 14:49:51,9.08
2026-01-28 14:49:52,9.08
2026-01-28 14:49:53,9.08
2026-01-28 14:49:54,6.73
2026-01-28 14:49:55,6.73
2026-01-28 14:49:56,6.73
2026-01-28 14:49:57,6.73
2026-01-28 14:49:58,6.73
2026-01-28 14:49:59,8.92
2026-01-28 14:50:00,8.92
2026-01-28 14:50:01,8.92
2026-01-28 14:50:02,8.92
2026-01-28 14:50:03,8.92
2026-01-28 14:50:04,6.74
2026-01-28 14:50:05,6.74
2026-01-28 14:50:06,6.74
2026-01-28 14:50:07,6.74
2026-01-28 14:50:08,6.74
2026-01-28 14:50:09,9.01
2026-01-28 14:50:10,9.01
2026-01-28 14:50:11,9.01
2026-01-28 14:50:12,9.01
2026-01-28 14:50:13,9.01
2026-01-28 14:50:14,6.56
2026-01-28 14:50:15,6.56
2026-01-28 14:50:16,6.56
2026-01-28 14:50:17,6.56
2026-01-28 14:50:18,6.56
2026-01-28 14:50:19,8.76
2026-01-28 14:50:20,8.76
2026-01-28 14:50:21,8.76
2026-01-28 14:50:22,8.76
2026-01-28 14:50:23,8.76
2026-01-28 14:50:24,6.74
2026-01-28 14:50:25,6.74
2026-01-28 14:50:26,6.74
2026-01-28 14:50:27,6.74
2026-01-28 14:50:28,6.74
2026-01-28 14:50:29,8.71
2026-01-28 14:50:30,8.71
2026-01-28 14:50:31,8.71
2026-01-28 14:50:32,8.71
2026-01-28 14:50:33,8.71
2026-01-28 14:50:34,6.63
2026-01-28 14:50:35,6.63
2026-01-28 14:50:36,6.63
2026-01-28 14:50:37,6.63
2026-01-28 14:50:38,6.63
2026-01-28 14:50:39,8.77
2026-01-28 14:50:40,8.77
2026-01-28 14:50:41,8.77
2026-01-28 14:50:42,8.77
2026-01-28 14:50:43,8.77
2026-01-28 14:50:44,6.66
2026-01-28 14:50:45,6.66
2026-01-28 14:50:46,6.66
2026-01-28 14:50:47,6.66
2026-01-28 14:50:48,6.66
2026-01-28 14:50:49,8.97
2026-01-28 14:50:50,8.97
2026-01-28 14:50:51,8.97
2026-01-28 14:50:52,8.97
2026-01-28 14:50:53,8.97
2026-01-28 14:50:54,6.67
2026-01-28 14:50:55,6.67
2026-01-28 14:50:56,6.67
2026-01-28 14:50:57,6.67
2026-01-28 14:50:58,6.67
2026-01-28 14:50:59,8.77
2026-01-28 14:51:00,8.77
2026-01-28 14:51:01,8.77
2026-01-28 14:51:02,8.77
2026-01-28 14:51:03,8.77
2026-01-28 14:51:04,6.53
2026-01-28 14:51:05,6.53
2026-01-28 14:51:06,6.53
2026-01-28 14:51:07,6.53
2026-01-28 14:51:08,6.53
2026-01-28 14:51:09,9.63
2026-01-28 14:51:10,9.63
2026-01-28 14:51:11,9.63
2026-01-28 14:51:12,9.63
2026-01-28 14:51:13,9.63
2026-01-28 14:51:14,7.97
2026-01-28 14:51:15,7.97
2026-01-28 14:51:16,7.97
2026-01-28 14:51:17,7.97
2026-01-28 14:51:18,7.97
2026-01-28 14:51:19,9.76
2026-01-28 14:51:20,9.76
2026-01-28 14:51:21,9.76
2026-01-28 14:51:22,9.76
2026-01-28 14:51:23,9.76
2026-01-28 14:51:24,7.53
2026-01-28 14:51:25,7.53
2026-01-28 14:51:26,7.53
2026-01-28 14:51:27,7.53
2026-01-28 14:51:28,7.53
2026-01-28 14:51:29,9.66
2026-01-28 14:51:30,9.66
2026-01-28 14:51:31,9.66
2026-01-28 14:51:32,9.66
2026-01-28 14:51:33,9.66
2026-01-28 14:51:34,7.57
2026-01-28 14:51:35,7.57
2026-01-28 14:51:36,7.57
2026-01-28 14:51:37,7.57
2026-01-28 14:51:38,7.57
2026-01-28 14:51:39,9.27
2026-01-28 14:51:40,9.27
2026-01-28 14:51:41,9.27
2026-01-28 14:51:42,9.27
2026-01-28 14:51:43,9.27
2026-01-28 14:51:44,7.51
2026-01-28 14:51:45,7.51
2026-01-28 14:51:46,7.51
2026-01-28 14:51:47,7.51
2026-01-28 14:51:48,7.51
2026-01-28 14:51:49,9.81
2026-01-28 14:51:50,9.81
2026-01-28 14:51:51,9.81
2026-01-28 14:51:52,9.81
2026-01-28 14:51:53,9.81
2026-01-28 14:51:54,7.45
2026-01-28 14:51:55,7.45
2026-01-28 14:51:56,7.45
2026-01-28 14:51:57,7.45
2026-01-28 14:51:58,7.45
2026-01-28 14:51:59,10.6
2026-01-28 14:52:00,10.6
2026-01-28 14:52:01,10.6
2026-01-28 14:52:02,10.6
2026-01-28 14:52:03,10.6
2026-01-28 14:52:04,7.03
2026-01-28 14:52:05,7.03
2026-01-28 14:52:06,7.03
2026-01-28 14:52:07,7.03
2026-01-28 14:52:08,7.03
2026-01-28 14:52:09,9.01
2026-01-28 14:52:10,9.01
2026-01-28 14:52:11,9.01
2026-01-28 14:52:12,9.01
2026-01-28 14:52:13,9.01
2026-01-28 14:52:14,6.82
2026-01-28 14:52:15,6.82
2026-01-28 14:52:16,6.82
2026-01-28 14:52:17,6.82
2026-01-28 14:52:18,6.82
2026-01-28 14:52:19,8.77
2026-01-28 14:52:20,8.77
2026-01-28 14:52:21,8.77
2026-01-28 14:52:22,8.77
2026-01-28 14:52:23,8.77
2026-01-28 14:52:24,6.80
2026-01-28 14:52:25,6.80
2026-01-28 14:52:26,6.80
2026-01-28 14:52:27,6.80
2026-01-28 14:52:28,6.80
2026-01-28 14:52:29,8.88
2026-01-28 14:52:30,8.88
2026-01-28 14:52:31,8.88
2026-01-28 14:52:32,8.88
2026-01-28 14:52:33,8.88
2026-01-28 14:52:34,6.77
2026-01-28 14:52:35,6.77
2026-01-28 14:52:36,6.77
2026-01-28 14:52:37,6.77
2026-01-28 14:52:38,6.77
2026-01-28 14:52:39,8.75
2026-01-28 14:52:40,8.75
2026-01-28 14:52:41,8.75
2026-01-28 14:52:42,8.75
2026-01-28 14:52:43,8.75
2026-01-28 14:52:44,7.93
2026-01-28 14:52:45,7.93
2026-01-28 14:52:46,7.93
2026-01-28 14:52:47,7.93
2026-01-28 14:52:48,7.93
2026-01-28 14:52:49,10.5
2026-01-28 14:52:50,10.5
2026-01-28 14:52:51,10.5
2026-01-28 14:52:52,10.5
2026-01-28 14:52:53,10.5
2026-01-28 14:52:54,8.36
2026-01-28 14:52:55,8.36
2026-01-28 14:52:56,8.36
2026-01-28 14:52:57,8.36
2026-01-28 14:52:58,8.36
2026-01-28 14:52:59,8.65
2026-01-28 14:53:00,8.65
2026-01-28 14:53:01,8.65
2026-01-28 14:53:02,8.65
2026-01-28 14:53:03,8.65
2026-01-28 14:53:04,6.92
2026-01-28 14:53:05,6.92
2026-01-28 14:53:06,6.92
2026-01-28 14:53:07,6.92
2026-01-28 14:53:08,6.92
2026-01-28 14:53:09,9.16
2026-01-28 14:53:10,9.16
2026-01-28 14:53:11,9.16
2026-01-28 14:53:12,9.16
2026-01-28 14:53:13,9.16
2026-01-28 14:53:14,7.32
2026-01-28 14:53:15,7.32
2026-01-28 14:53:16,7.32
2026-01-28 14:53:17,7.32
2026-01-28 14:53:18,7.32
2026-01-28 14:53:19,8.91
2026-01-28 14:53:20,8.91
2026-01-28 14:53:21,8.91
2026-01-28 14:53:22,8.91
2026-01-28 14:53:23,8.91
2026-01-28 14:53:24,7.00
2026-01-28 14:53:25,7.00
2026-01-28 14:53:26,7.00
2026-01-28 14:53:27,7.00
2026-01-28 14:53:28,7.00
2026-01-28 14:53:29,8.90
2026-01-28 14:53:30,8.90
2026-01-28 14:53:31,8.90
2026-01-28 14:53:32,8.90
2026-01-28 14:53:33,8.90
2026-01-28 14:53:34,6.98
2026-01-28 14:53:35,6.98
2026-01-28 14:53:36,6.98
2026-01-28 14:53:37,6.98
2026-01-28 14:53:38,6.98
2026-01-28 14:53:39,8.68
2026-01-28 14:53:40,8.68
2026-01-28 14:53:41,8.68
2026-01-28 14:53:42,8.68
2026-01-28 14:53:43,8.68
2026-01-28 14:53:44,6.85
2026-01-28 14:53:45,6.85
2026-01-28 14:53:46,6.85
2026-01-28 14:53:47,6.85
2026-01-28 14:53:48,6.85
2026-01-28 14:53:49,8.94
2026-01-28 14:53:50,8.94
2026-01-28 14:53:51,8.94
2026-01-28 14:53:52,8.94
2026-01-28 14:53:53,8.94
2026-01-28 14:53:54,7.00
2026-01-28 14:53:55,7.00
2026-01-28 14:53:56,7.00
2026-01-28 14:53:57,7.00
2026-01-28 14:53:58,7.00
2026-01-28 14:53:59,7.74
2026-01-28 14:54:00,7.74
2026-01-28 14:54:01,7.74
2026-01-28 14:54:02,7.74
2026-01-28 14:54:03,7.74
2026-01-28 14:54:04,0
2026-01-28 14:54:05,0
2026-01-28 14:54:06,0
2026-01-28 14:54:07,0
2026-01-28 14:54:08,0
2026-01-28 14:54:09,0
2026-01-28 14:54:10,0
2026-01-28 14:54:11,0
2026-01-28 14:54:12,0
2026-01-28 14:54:13,0
2026-01-28 14:54:14,0
2026-01-28 14:54:15,0
2026-01-28 14:54:16,0
2026-01-28 14:54:17,0
2026-01-28 14:54:18,0
2026-01-28 14:54:19,0
2026-01-28 14:54:20,0
2026-01-28 14:54:21,0
2026-01-28 14:54:22,0
2026-01-28 14:54:23,0
2026-01-28 14:54:24,0
2026-01-28 14:54:25,0
2026-01-28 14:54:26,0
2026-01-28 14:54:27,0
2026-01-28 14:54:28,0
2026-01-28 14:54:29,0
2026-01-28 14:54:30,0
2026-01-28 14:54:31,0
2026-01-28 14:54:32,0
2026-01-28 14:54:33,0
2026-01-28 14:54:34,0
2026-01-28 14:54:35,0
2026-01-28 14:54:36,0
2026-01-28 14:54:37,0
2026-01-28 14:54:38,0
2026-01-28 14:54:39,0
2026-01-28 14:54:40,0
2026-01-28 14:54:41,0
2026-01-28 14:54:42,0
2026-01-28 14:54:43,0
2026-01-28 14:54:44,0
2026-01-28 14:54:45,0
2026-01-28 14:54:46,0
2026-01-28 14:54:47,0
2026-01-28 14:54:48,0
2026-01-28 14:54:49,0
2026-01-28 14:54:50,0
2026-01-28 14:54:51,0
2026-01-28 14:54:52,0
2026-01-28 14:54:53,0
2026-01-28 14:54:54,0
2026-01-28 14:54:55,0
2026-01-28 14:54:56,0
2026-01-28 14:54:57,0
2026-01-28 14:54:58,0
2026-01-28 14:54:59,0
2026-01-28 14:55:00,0
2026-01-28 14:55:01,0
2026-01-28 14:55:02,0
2026-01-28 14:55:03,0
2026-01-28 14:55:04,0
2026-01-28 14:55:05,0
2026-01-28 14:55:06,0
2026-01-28 14:55:07,0
2026-01-28 14:55:08,0
2026-01-28 14:55:09,0
2026-01-28 14:55:10,0
2026-01-28 14:55:11,0
2026-01-28 14:55:12,0
2026-01-28 14:55:13,0
2026-01-28 14:55:14,0
2026-01-28 14:55:15,0
2026-01-28 14:55:16,0
2026-01-28 14:55:17,0
2026-01-28 14:55:18,0
2026-01-28 14:55:19,0
2026-01-28 14:55:20,0
2026-01-28 14:55:21,0
2026-01-28 14:55:22,0
2026-01-28 14:55:23,0
2026-01-28 14:55:24,0
2026-01-28 14:55:25,0
2026-01-28 14:55:26,0
2026-01-28 14:55:27,0
2026-01-28 14:55:28,0
2026-01-28 14:55:29,0
2026-01-28 14:55:30,0
2026-01-28 14:55:31,0
2026-01-28 14:55:32,0
2026-01-28 14:55:33,0
2026-01-28 14:55:34,0
2026-01-28 14:55:35,0
2026-01-28 14:55:36,0
2026-01-28 14:55:37,0
2026-01-28 14:55:38,0
2026-01-28 14:56:59,5.82
2026-01-28 14:57:00,5.82
2026-01-28 14:57:01,5.82
2026-01-28 14:57:02,5.82
2026-01-28 14:57:03,5.82
2026-01-28 14:57:04,6.78
2026-01-28 14:57:05,6.78
2026-01-28 14:57:06,6.78
2026-01-28 14:57:07,6.78
2026-01-28 14:57:08,6.78
2026-01-28 14:57:09,9.21
2026-01-28 14:57:10,9.21
2026-01-28 14:57:11,9.21
2026-01-28 14:57:12,9.21
2026-01-28 14:57:13,9.21
2026-01-28 14:57:14,8.02
2026-01-28 14:57:15,8.02
2026-01-28 14:57:16,8.02
2026-01-28 14:57:17,8.02
2026-01-28 14:57:18,8.02
2026-01-28 14:57:19,7.43
2026-01-28 14:57:20,7.43
2026-01-28 14:57:21,7.43
2026-01-28 14:57:22,7.43
2026-01-28 14:57:23,7.43
2026-01-28 14:57:24,5.72
2026-01-28 14:57:25,5.72
2026-01-28 14:57:26,5.72
2026-01-28 14:57:27,5.72
2026-01-28 14:57:28,5.72
2026-01-28 14:57:29,8.10
2026-01-28 14:57:30,8.10
2026-01-28 14:57:31,8.10
2026-01-28 14:57:32,8.10
2026-01-28 14:57:33,8.10
2026-01-28 14:57:34,6.06
2026-01-28 14:57:35,6.06
2026-01-28 14:57:36,6.06
2026-01-28 14:57:37,6.06
2026-01-28 14:57:38,6.06
2026-01-28 14:57:39,7.55
2026-01-28 14:57:40,7.55
2026-01-28 14:57:41,7.55
2026-01-28 14:57:42,7.55
2026-01-28 14:57:43,7.55
2026-01-28 14:57:44,5.67
2026-01-28 14:57:45,5.67
2026-01-28 14:57:46,5.67
2026-01-28 14:57:47,5.67
2026-01-28 14:57:48,5.67
2026-01-28 14:57:49,9.23
2026-01-28 14:57:50,9.23
2026-01-28 14:57:51,9.23
2026-01-28 14:57:52,9.23
2026-01-28 14:57:53,9.23
2026-01-28 14:57:54,6.67
2026-01-28 14:57:55,6.67
2026-01-28 14:57:56,6.67
2026-01-28 14:57:57,6.67
2026-01-28 14:57:58,6.67
2026-01-28 14:57:59,8.31
2026-01-28 14:58:00,8.31
2026-01-28 14:58:01,8.31
2026-01-28 14:58:02,8.31
2026-01-28 14:58:03,8.31
2026-01-28 14:58:04,6.65
2026-01-28 14:58:05,6.65
2026-01-28 14:58:06,6.65
2026-01-28 14:58:07,6.65
2026-01-28 14:58:08,6.65
2026-01-28 14:58:09,8.46
2026-01-28 14:58:10,8.46
2026-01-28 14:58:11,8.46
2026-01-28 14:58:12,8.46
2026-01-28 14:58:13,8.46
2026-01-28 14:58:14,7.02
2026-01-28 14:58:15,7.02
2026-01-28 14:58:16,7.02
2026-01-28 14:58:17,7.02
2026-01-28 14:58:18,7.02
2026-01-28 14:58:19,8.15
2026-01-28 14:58:20,8.15
2026-01-28 14:58:21,8.15
2026-01-28 14:58:22,8.15
2026-01-28 14:58:23,8.15
2026-01-28 14:58:24,6.69
2026-01-28 14:58:25,6.69
2026-01-28 14:58:26,6.69
2026-01-28 14:58:27,6.69
2026-01-28 14:58:28,6.69
2026-01-28 14:58:29,8.23
2026-01-28 14:58:30,8.23
2026-01-28 14:58:31,8.23
2026-01-28 14:58:32,8.23
2026-01-28 14:58:33,8.23
2026-01-28 14:58:34,7.09
2026-01-28 14:58:35,7.09
2026-01-28 14:58:36,7.09
2026-01-28 14:58:37,7.09
2026-01-28 14:58:38,7.09
2026-01-28 14:58:39,8.62
2026-01-28 14:58:40,8.62
2026-01-28 14:58:41,8.62
2026-01-28 14:58:42,8.62
2026-01-28 14:58:43,8.62
2026-01-28 14:58:44,6.64
2026-01-28 14:58:45,6.64
2026-01-28 14:58:46,6.64
2026-01-28 14:58:47,6.64
2026-01-28 14:58:48,6.64
2026-01-28 14:58:49,8.60
2026-01-28 14:58:50,8.60
2026-01-28 14:58:51,8.60
2026-01-28 14:58:52,8.60
2026-01-28 14:58:53,8.60
2026-01-28 14:58:54,6.84
2026-01-28 14:58:55,6.84
2026-01-28 14:58:56,6.84
2026-01-28 14:58:57,6.84
2026-01-28 14:58:58,6.84
2026-01-28 14:58:59,8.35
2026-01-28 14:59:00,8.35
2026-01-28 14:59:01,8.35
2026-01-28 14:59:02,8.35
2026-01-28 14:59:03,8.35
2026-01-28 14:59:04,6.62
2026-01-28 14:59:05,6.62
2026-01-28 14:59:06,6.62
2026-01-28 14:59:07,6.62
2026-01-28 14:59:08,6.62
2026-01-28 14:59:09,8.39
2026-01-28 14:59:10,8.39
2026-01-28 14:59:11,8.39
2026-01-28 14:59:12,8.39
2026-01-28 14:59:13,8.39
2026-01-28 14:59:14,6.88
2026-01-28 14:59:15,6.88
2026-01-28 14:59:16,6.88
2026-01-28 14:59:17,6.88
2026-01-28 14:59:18,6.88
2026-01-28 14:59:19,8.21
2026-01-28 14:59:20,8.21
2026-01-28 14:59:21,8.21
2026-01-28 14:59:22,8.21
2026-01-28 14:59:23,8.21
2026-01-28 14:59:24,6.64
2026-01-28 14:59:25,6.64
2026-01-28 14:59:26,6.64
2026-01-28 14:59:27,6.64
2026-01-28 14:59:28,6.64
2026-01-28 14:59:29,8.28
2026-01-28 14:59:30,8.28
2026-01-28 14:59:31,8.28
2026-01-28 14:59:32,8.28
2026-01-28 14:59:33,8.28
2026-01-28 14:59:34,6.78
2026-01-28 14:59:35,6.78
2026-01-28 14:59:36,6.78
2026-01-28 14:59:37,6.78
2026-01-28 14:59:38,6.78
2026-01-28 14:59:39,9.61
2026-01-28 14:59:40,9.61
2026-01-28 14:59:41,9.61
2026-01-28 14:59:42,9.61
2026-01-28 14:59:43,9.61
2026-01-28 14:59:44,7.74
2026-01-28 14:59:45,7.74
2026-01-28 14:59:46,7.74
2026-01-28 14:59:47,7.74
2026-01-28 14:59:48,7.74
2026-01-28 14:59:49,9.54
2026-01-28 14:59:50,9.54
2026-01-28 14:59:51,9.54
2026-01-28 14:59:52,9.54
2026-01-28 14:59:53,9.54
2026-01-28 14:59:54,7.77
2026-01-28 14:59:55,7.77
2026-01-28 14:59:56,7.77
2026-01-28 14:59:57,7.77
2026-01-28 14:59:58,7.77
2026-01-28 14:59:59,8.95
2026-01-28 15:00:00,8.95
2026-01-28 15:00:01,8.95
2026-01-28 15:00:02,8.95
2026-01-28 15:00:03,8.95
2026-01-28 15:00:04,7.61
2026-01-28 15:00:05,7.61
2026-01-28 15:00:06,7.61
2026-01-28 15:00:07,7.61
2026-01-28 15:00:08,7.61
2026-01-28 15:00:09,9.26
2026-01-28 15:00:10,9.26
2026-01-28 15:00:11,9.26
2026-01-28 15:00:12,9.26
2026-01-28 15:00:13,9.26
2026-01-28 15:00:14,7.77
2026-01-28 15:00:15,7.77
2026-01-28 15:00:16,7.77
2026-01-28 15:00:17,7.77
2026-01-28 15:00:18,7.77
2026-01-28 15:00:19,8.95
2026-01-28 15:00:20,8.95
2026-01-28 15:00:21,8.95
2026-01-28 15:00:22,8.95
2026-01-28 15:00:23,8.95
2026-01-28 15:00:24,7.50
2026-01-28 15:00:25,7.50
2026-01-28 15:00:26,7.50
2026-01-28 15:00:27,7.50
2026-01-28 15:00:28,7.50
2026-01-28 15:00:29,10.2
2026-01-28 15:00:30,10.2
2026-01-28 15:00:31,10.2
2026-01-28 15:00:32,10.2
2026-01-28 15:00:33,10.2
2026-01-28 15:00:34,9.15
2026-01-28 15:00:35,9.15
2026-01-28 15:00:36,9.15
2026-01-28 15:00:37,9.15
2026-01-28 15:00:38,9.15
2026-01-28 15:00:39,10.2
2026-01-28 15:00:40,10.2
2026-01-28 15:00:41,10.2
2026-01-28 15:00:42,10.2
2026-01-28 15:00:43,10.2
2026-01-28 15:00:44,8.71
2026-01-28 15:00:45,8.71
2026-01-28 15:00:46,8.71
2026-01-28 15:00:47,8.71
2026-01-28 15:00:48,8.71
2026-01-28 15:00:49,11.0
2026-01-28 15:00:50,11.0
2026-01-28 15:00:51,11.0
2026-01-28 15:00:52,11.0
2026-01-28 15:00:53,11.0
2026-01-28 15:00:54,9.58
2026-01-28 15:00:55,9.58
2026-01-28 15:00:56,9.58
2026-01-28 15:00:57,9.58
2026-01-28 15:00:58,9.58
2026-01-28 15:00:59,9.40
2026-01-28 15:01:00,9.40
2026-01-28 15:01:01,9.40
2026-01-28 15:01:02,9.40
2026-01-28 15:01:03,9.40
2026-01-28 15:01:04,7.66
2026-01-28 15:01:05,7.66
2026-01-28 15:01:06,7.66
2026-01-28 15:01:07,7.66
2026-01-28 15:01:08,7.66
2026-01-28 15:01:09,9.31
2026-01-28 15:01:10,9.31
2026-01-28 15:01:11,9.31
2026-01-28 15:01:12,9.31
2026-01-28 15:01:13,9.31
2026-01-28 15:01:14,7.87
2026-01-28 15:01:15,7.87
2026-01-28 15:01:16,7.87
2026-01-28 15:01:17,7.87
2026-01-28 15:01:18,7.87
2026-01-28 15:01:19,9.35
2026-01-28 15:01:20,9.35
2026-01-28 15:01:21,9.35
2026-01-28 15:01:22,9.35
2026-01-28 15:01:23,9.35
2026-01-28 15:01:24,8.23
2026-01-28 15:01:25,8.23
2026-01-28 15:01:26,8.23
2026-01-28 15:01:27,8.23
2026-01-28 15:01:28,8.23
2026-01-28 15:01:29,8.57
2026-01-28 15:01:30,8.57
2026-01-28 15:01:31,8.57
2026-01-28 15:01:32,8.57
2026-01-28 15:01:33,8.57
2026-01-28 15:01:34,7.01
2026-01-28 15:01:35,7.01
2026-01-28 15:01:36,7.01
2026-01-28 15:01:37,7.01
2026-01-28 15:01:38,7.01
2026-01-28 15:01:39,8.40
2026-01-28 15:01:40,8.40
2026-01-28 15:01:41,8.40
2026-01-28 15:01:42,8.40
2026-01-28 15:01:43,8.40
2026-01-28 15:01:44,6.81
2026-01-28 15:01:45,6.81
2026-01-28 15:01:46,6.81
2026-01-28 15:01:47,6.81
2026-01-28 15:01:48,6.81
2026-01-28 15:01:49,0
2026-01-28 15:01:50,0
2026-01-28 15:01:51,0
2026-01-28 15:01:52,0
2026-01-28 15:01:53,0
2026-01-28 15:01:54,0
2026-01-28 15:01:55,0
2026-01-28 15:01:56,0
2026-01-28 15:01:57,0
2026-01-28 15:01:58,0
2026-01-28 15:01:59,0
2026-01-28 15:02:00,0
2026-01-28 15:02:01,0
2026-01-28 15:02:02,0
2026-01-28 15:02:03,0
2026-01-28 15:02:04,0
2026-01-28 15:02:05,0
2026-01-28 15:02:06,0
2026-01-28 15:02:07,0
2026-01-28 15:02:08,0
2026-01-28 15:02:09,0
2026-01-28 15:02:10,0
2026-01-28 15:02:11,0
2026-01-28 15:02:12,0
2026-01-28 15:02:13,0
2026-01-28 15:02:14,0
2026-01-28 15:02:15,0
2026-01-28 15:02:16,0
2026-01-28 15:02:17,0
2026-01-28 15:02:18,0
2026-01-28 15:02:19,0
2026-01-28 15:02:20,0
2026-01-28 15:02:21,0
2026-01-28 15:02:22,0
2026-01-28 15:02:23,0
2026-01-28 15:02:24,0
2026-01-28 15:02:25,0
2026-01-28 15:02:26,0
2026-01-28 15:02:27,0
2026-01-28 15:02:28,0
2026-01-28 15:02:29,0
2026-01-28 15:02:30,0
2026-01-28 15:02:31,0
2026-01-28 15:02:32,0
2026-01-28 15:02:33,0
2026-01-28 15:02:34,0
2026-01-28 15:02:35,0
2026-01-28 15:02:36,0
2026-01-28 15:02:37,0
2026-01-28 15:02:38,0
2026-01-28 15:02:39,0
2026-01-28 15:02:40,0
2026-01-28 15:02:41,0
2026-01-28 15:02:42,0
2026-01-28 15:02:43,0
2026-01-28 15:02:44,0
2026-01-28 15:02:45,0
2026-01-28 15:02:46,0
2026-01-28 15:02:47,0
2026-01-28 15:02:48,0
2026-01-28 15:02:49,0
2026-01-28 15:02:50,0
2026-01-28 15:02:51,0
2026-01-28 15:02:52,0
2026-01-28 15:02:53,0
2026-01-28 15:02:54,0
2026-01-28 15:02:55,0
2026-01-28 15:02:56,0
2026-01-28 15:02:57,0
2026-01-28 15:02:58,0
2026-01-28 15:02:59,0
2026-01-28 15:03:00,0
2026-01-28 15:03:01,0
2026-01-28 15:03:02,0
2026-01-28 15:03:03,0
2026-01-28 15:03:04,0
2026-01-28 15:03:05,0
2026-01-28 15:03:06,0
2026-01-28 15:03:07,0
2026-01-28 15:03:08,0
2026-01-28 15:03:09,0
2026-01-28 15:03:10,0
2026-01-28 15:03:11,0
2026-01-28 15:03:12,0
2026-01-28 15:03:13,0
2026-01-28 15:03:14,0
2026-01-28 15:03:15,0
2026-01-28 15:03:16,0
2026-01-28 15:03:17,0
2026-01-28 15:03:18,0
2026-01-28 15:03:19,0
2026-01-28 15:03:20,0
2026-01-28 15:03:21,0
2026-01-28 15:03:22,0
2026-01-28 15:03:23,0
2026-01-28 15:06:09,1.95
2026-01-28 15:06:10,1.95
2026-01-28 15:06:11,1.95
2026-01-28 15:06:12,1.95
2026-01-28 15:06:13,1.95
2026-01-28 15:06:14,6.99
2026-01-28 15:06:15,6.99
2026-01-28 15:06:16,6.99
2026-01-28 15:06:17,6.99
2026-01-28 15:06:18,6.99
2026-01-28 15:06:19,7.76
2026-01-28 15:06:20,7.76
2026-01-28 15:06:21,7.76
2026-01-28 15:06:22,7.76
2026-01-28 15:06:23,7.76
2026-01-28 15:06:24,8.02
2026-01-28 15:06:25,8.02
2026-01-28 15:06:26,8.02
2026-01-28 15:06:27,8.02
2026-01-28 15:06:28,8.02
2026-01-28 15:06:29,7.28
2026-01-28 15:06:30,7.28
2026-01-28 15:06:31,7.28
2026-01-28 15:06:32,7.28
2026-01-28 15:06:33,7.28
2026-01-28 15:06:34,7.94
2026-01-28 15:06:35,7.94
2026-01-28 15:06:36,7.94
2026-01-28 15:06:37,7.94
2026-01-28 15:06:38,7.94
2026-01-28 15:06:39,7.32
2026-01-28 15:06:40,7.32
2026-01-28 15:06:41,7.32
2026-01-28 15:06:42,7.32
2026-01-28 15:06:43,7.32
2026-01-28 15:06:44,7.91
2026-01-28 15:06:45,7.91
2026-01-28 15:06:46,7.91
2026-01-28 15:06:47,7.91
2026-01-28 15:06:48,7.91
2026-01-28 15:06:49,7.20
2026-01-28 15:06:50,7.20
2026-01-28 15:06:51,7.20
2026-01-28 15:06:52,7.20
2026-01-28 15:06:53,7.20
2026-01-28 15:06:54,8.16
2026-01-28 15:06:55,8.16
2026-01-28 15:06:56,8.16
2026-01-28 15:06:57,8.16
2026-01-28 15:06:58,8.16
2026-01-28 15:06:59,7.35
2026-01-28 15:07:00,7.35
2026-01-28 15:07:01,7.35
2026-01-28 15:07:02,7.35
2026-01-28 15:07:03,7.35
2026-01-28 15:07:04,7.87
2026-01-28 15:07:05,7.87
2026-01-28 15:07:06,7.87
2026-01-28 15:07:07,7.87
2026-01-28 15:07:08,7.87
2026-01-28 15:07:09,7.13
2026-01-28 15:07:10,7.13
2026-01-28 15:07:11,7.13
2026-01-28 15:07:12,7.13
2026-01-28 15:07:13,7.13
2026-01-28 15:07:14,6.59
2026-01-28 15:07:15,6.59
2026-01-28 15:07:16,6.59
2026-01-28 15:07:17,6.59
2026-01-28 15:07:18,6.59
2026-01-28 15:07:19,7.81
2026-01-28 15:07:20,7.81
2026-01-28 15:07:21,7.81
2026-01-28 15:07:22,7.81
2026-01-28 15:07:23,7.81
2026-01-28 15:07:24,8.06
2026-01-28 15:07:25,8.06
2026-01-28 15:07:26,8.06
2026-01-28 15:07:27,8.06
2026-01-28 15:07:28,8.06
2026-01-28 15:07:29,7.17
2026-01-28 15:07:30,7.17
2026-01-28 15:07:31,7.17
2026-01-28 15:07:32,7.17
2026-01-28 15:07:33,7.17
2026-01-28 15:07:34,7.97
2026-01-28 15:07:35,7.97
2026-01-28 15:07:36,7.97
2026-01-28 15:07:37,7.97
2026-01-28 15:07:38,7.97
2026-01-28 15:07:39,7.40
2026-01-28 15:07:40,7.40
2026-01-28 15:07:41,7.40
2026-01-28 15:07:42,7.40
2026-01-28 15:07:43,7.40
2026-01-28 15:07:44,7.97
2026-01-28 15:07:45,7.97
2026-01-28 15:07:46,7.97
2026-01-28 15:07:47,7.97
2026-01-28 15:07:48,7.97
2026-01-28 15:07:49,7.29
2026-01-28 15:07:50,7.29
2026-01-28 15:07:51,7.29
2026-01-28 15:07:52,7.29
2026-01-28 15:07:53,7.29
2026-01-28 15:07:54,8.10
2026-01-28 15:07:55,8.10
2026-01-28 15:07:56,8.10
2026-01-28 15:07:57,8.10
2026-01-28 15:07:58,8.10
2026-01-28 15:07:59,6.98
2026-01-28 15:08:00,6.98
2026-01-28 15:08:01,6.98
2026-01-28 15:08:02,6.98
2026-01-28 15:08:03,6.98
2026-01-28 15:08:04,8.90
2026-01-28 15:08:05,8.90
2026-01-28 15:08:06,8.90
2026-01-28 15:08:07,8.90
2026-01-28 15:08:08,8.90
2026-01-28 15:08:09,8.92
2026-01-28 15:08:10,8.92
2026-01-28 15:08:11,8.92
2026-01-28 15:08:12,8.92
2026-01-28 15:08:13,8.92
2026-01-28 15:08:14,6.54
2026-01-28 15:08:15,6.54
2026-01-28 15:08:16,6.54
2026-01-28 15:08:17,6.54
2026-01-28 15:08:18,6.54
2026-01-28 15:08:19,7.38
2026-01-28 15:08:20,7.38
2026-01-28 15:08:21,7.38
2026-01-28 15:08:22,7.38
2026-01-28 15:08:23,7.38
2026-01-28 15:08:24,8.18
2026-01-28 15:08:25,8.18
2026-01-28 15:08:26,8.18
2026-01-28 15:08:27,8.18
2026-01-28 15:08:28,8.18
2026-01-28 15:08:29,7.04
2026-01-28 15:08:30,7.04
2026-01-28 15:08:31,7.04
2026-01-28 15:08:32,7.04
2026-01-28 15:08:33,7.04
2026-01-28 15:08:34,8.62
2026-01-28 15:08:35,8.62
2026-01-28 15:08:36,8.62
2026-01-28 15:08:37,8.62
2026-01-28 15:08:38,8.62
2026-01-28 15:08:39,8.48
2026-01-28 15:08:40,8.48
2026-01-28 15:08:41,8.48
2026-01-28 15:08:42,8.48
2026-01-28 15:08:43,8.48
2026-01-28 15:08:44,8.87
2026-01-28 15:08:45,8.87
2026-01-28 15:08:46,8.87
2026-01-28 15:08:47,8.87
2026-01-28 15:08:48,8.87
2026-01-28 15:08:49,8.09
2026-01-28 15:08:50,8.09
2026-01-28 15:08:51,8.09
2026-01-28 15:08:52,8.09
2026-01-28 15:08:53,8.09
2026-01-28 15:08:54,9.09
2026-01-28 15:08:55,9.09
2026-01-28 15:08:56,9.09
2026-01-28 15:08:57,9.09
2026-01-28 15:08:58,9.09
2026-01-28 15:08:59,8.29
2026-01-28 15:09:00,8.29
2026-01-28 15:09:01,8.29
2026-01-28 15:09:02,8.29
2026-01-28 15:09:03,8.29
2026-01-28 15:09:04,8.83
2026-01-28 15:09:05,8.83
2026-01-28 15:09:06,8.83
2026-01-28 15:09:07,8.83
2026-01-28 15:09:08,8.83
2026-01-28 15:09:09,8.06
2026-01-28 15:09:10,8.06
2026-01-28 15:09:11,8.06
2026-01-28 15:09:12,8.06
2026-01-28 15:09:13,8.06
2026-01-28 15:09:14,7.53
2026-01-28 15:09:15,7.53
2026-01-28 15:09:16,7.53
2026-01-28 15:09:17,7.53
2026-01-28 15:09:18,7.53
2026-01-28 15:09:19,8.18
2026-01-28 15:09:20,8.18
2026-01-28 15:09:21,8.18
2026-01-28 15:09:22,8.18
2026-01-28 15:09:23,8.18
2026-01-28 15:09:24,8.96
2026-01-28 15:09:25,8.96
2026-01-28 15:09:26,8.96
2026-01-28 15:09:27,8.96
2026-01-28 15:09:28,8.96
2026-01-28 15:09:29,8.27
2026-01-28 15:09:30,8.27
2026-01-28 15:09:31,8.27
2026-01-28 15:09:32,8.27
2026-01-28 15:09:33,8.27
2026-01-28 15:09:34,9.00
2026-01-28 15:09:35,9.00
2026-01-28 15:09:36,9.00
2026-01-28 15:09:37,9.00
2026-01-28 15:09:38,9.00
2026-01-28 15:09:39,7.53
2026-01-28 15:09:40,7.53
2026-01-28 15:09:41,7.53
2026-01-28 15:09:42,7.53
2026-01-28 15:09:43,7.53
2026-01-28 15:09:44,13.4
2026-01-28 15:09:45,13.4
2026-01-28 15:09:46,13.4
2026-01-28 15:09:47,13.4
2026-01-28 15:09:48,13.4
2026-01-28 15:09:49,9.44
2026-01-28 15:09:50,9.44
2026-01-28 15:09:51,9.44
2026-01-28 15:09:52,9.44
2026-01-28 15:09:53,9.44
2026-01-28 15:09:54,8.17
2026-01-28 15:09:55,8.17
2026-01-28 15:09:56,8.17
2026-01-28 15:09:57,8.17
2026-01-28 15:09:58,8.17
2026-01-28 15:09:59,7.25
2026-01-28 15:10:00,7.25
2026-01-28 15:10:01,7.25
2026-01-28 15:10:02,7.25
2026-01-28 15:10:03,7.25
2026-01-28 15:10:04,7.98
2026-01-28 15:10:05,7.98
2026-01-28 15:10:06,7.98
2026-01-28 15:10:07,7.98
2026-01-28 15:10:08,7.98
2026-01-28 15:10:09,7.16
2026-01-28 15:10:10,7.16
2026-01-28 15:10:11,7.16
2026-01-28 15:10:12,7.16
2026-01-28 15:10:13,7.16
2026-01-28 15:10:14,6.55
2026-01-28 15:10:15,6.55
2026-01-28 15:10:16,6.55
2026-01-28 15:10:17,6.55
2026-01-28 15:10:18,6.55
2026-01-28 15:10:19,7.32
2026-01-28 15:10:20,7.32
2026-01-28 15:10:21,7.32
2026-01-28 15:10:22,7.32
2026-01-28 15:10:23,7.32
2026-01-28 15:10:24,7.86
2026-01-28 15:10:25,7.86
2026-01-28 15:10:26,7.86
2026-01-28 15:10:27,7.86
2026-01-28 15:10:28,7.86
2026-01-28 15:10:29,7.24
2026-01-28 15:10:30,7.24
2026-01-28 15:10:31,7.24
2026-01-28 15:10:32,7.24
2026-01-28 15:10:33,7.24
2026-01-28 15:10:34,9.83
2026-01-28 15:10:35,9.83
2026-01-28 15:10:36,9.83
2026-01-28 15:10:37,9.83
2026-01-28 15:10:38,9.83
2026-01-28 15:10:39,7.70
2026-01-28 15:10:40,7.70
2026-01-28 15:10:41,7.70
2026-01-28 15:10:42,7.70
2026-01-28 15:10:43,7.70
2026-01-28 15:10:44,7.31
2026-01-28 15:10:45,7.31
2026-01-28 15:10:46,7.31
2026-01-28 15:10:47,7.31
2026-01-28 15:10:48,7.31
2026-01-28 15:10:49,6.60
2026-01-28 15:10:50,6.60
2026-01-28 15:10:51,6.60
2026-01-28 15:10:52,6.60
2026-01-28 15:10:53,6.60
2026-01-28 15:10:54,7.44
2026-01-28 15:10:55,7.44
2026-01-28 15:10:56,7.44
2026-01-28 15:10:57,7.44
2026-01-28 15:10:58,7.44
2026-01-28 15:10:59,0
2026-01-28 15:11:00,0
2026-01-28 15:11:01,0
2026-01-28 15:11:02,0
2026-01-28 15:11:03,0
2026-01-28 15:11:04,0
2026-01-28 15:11:05,0
2026-01-28 15:11:06,0
2026-01-28 15:11:07,0
2026-01-28 15:11:08,0
2026-01-28 15:11:09,0
2026-01-28 15:11:10,0
2026-01-28 15:11:11,0
2026-01-28 15:11:12,0
2026-01-28 15:11:13,0
2026-01-28 15:11:14,0
2026-01-28 15:11:15,0
2026-01-28 15:11:16,0
2026-01-28 15:11:17,0
2026-01-28 15:11:18,0
2026-01-28 15:11:19,0
2026-01-28 15:11:20,0
2026-01-28 15:11:21,0
2026-01-28 15:11:22,0
2026-01-28 15:11:23,0
2026-01-28 15:11:24,0
2026-01-28 15:11:25,0
2026-01-28 15:11:26,0
2026-01-28 15:11:27,0
2026-01-28 15:11:28,0
2026-01-28 15:11:29,0
2026-01-28 15:11:30,0
2026-01-28 15:11:31,0
2026-01-28 15:11:32,0
2026-01-28 15:11:33,0
2026-01-28 15:11:34,0
2026-01-28 15:11:35,0
2026-01-28 15:11:36,0
2026-01-28 15:11:37,0
2026-01-28 15:11:38,0
2026-01-28 15:11:39,0
2026-01-28 15:11:40,0
2026-01-28 15:11:41,0
2026-01-28 15:11:42,0
2026-01-28 15:11:43,0
2026-01-28 15:11:44,0
2026-01-28 15:11:45,0
2026-01-28 15:11:46,0
2026-01-28 15:11:47,0
2026-01-28 15:11:48,0
2026-01-28 15:11:49,0
2026-01-28 15:11:50,0
2026-01-28 15:11:51,0
2026-01-28 15:11:52,0
2026-01-28 15:11:53,0
2026-01-28 15:11:54,0
2026-01-28 15:11:55,0
2026-01-28 15:11:56,0
2026-01-28 15:11:57,0
2026-01-28 15:11:58,0
2026-01-28 15:11:59,0
2026-01-28 15:12:00,0
2026-01-28 15:12:01,0
2026-01-28 15:12:02,0
2026-01-28 15:12:03,0
2026-01-28 15:12:04,0
2026-01-28 15:12:05,0
2026-01-28 15:12:06,0
2026-01-28 15:12:07,0
2026-01-28 15:12:08,0
2026-01-28 15:12:09,0
2026-01-28 15:12:10,0
2026-01-28 15:12:11,0
2026-01-28 15:12:12,0
2026-01-28 15:12:13,0
2026-01-28 15:12:14,0
2026-01-28 15:12:15,0
2026-01-28 15:12:16,0
2026-01-28 15:12:17,0
2026-01-28 15:12:18,0
2026-01-28 15:12:19,0
2026-01-28 15:12:20,0
2026-01-28 15:12:21,0
2026-01-28 15:12:22,0
2026-01-28 15:12:23,0
2026-01-28 15:12:24,0
2026-01-28 15:12:25,0
2026-01-28 15:12:26,0
2026-01-28 15:12:27,0
2026-01-28 15:12:28,0
2026-01-28 15:12:29,0
2026-01-28 15:12:30,0
2026-01-28 15:12:31,0
2026-01-28 15:12:32,0
2026-01-28 15:12:33,0
2026-01-28 15:16:19,4.22
2026-01-28 15:16:20,4.22
2026-01-28 15:16:21,4.22
2026-01-28 15:16:22,4.22
2026-01-28 15:16:23,4.22
2026-01-28 15:16:24,8.24
2026-01-28 15:16:25,8.24
2026-01-28 15:16:26,8.24
2026-01-28 15:16:27,8.24
2026-01-28 15:16:28,8.24
2026-01-28 15:16:29,8.76
2026-01-28 15:16:30,8.76
2026-01-28 15:16:31,8.76
2026-01-28 15:16:32,8.76
2026-01-28 15:16:33,8.76
2026-01-28 15:16:34,10.4
2026-01-28 15:16:35,10.4
2026-01-28 15:16:36,10.4
2026-01-28 15:16:37,10.4
2026-01-28 15:16:38,10.4
2026-01-28 15:16:39,9.21
2026-01-28 15:16:40,9.21
2026-01-28 15:16:41,9.21
2026-01-28 15:16:42,9.21
2026-01-28 15:16:43,9.21
2026-01-28 15:16:44,9.75
2026-01-28 15:16:45,9.75
2026-01-28 15:16:46,9.75
2026-01-28 15:16:47,9.75
2026-01-28 15:16:48,9.75
2026-01-28 15:16:49,8.60
2026-01-28 15:16:50,8.60
2026-01-28 15:16:51,8.60
2026-01-28 15:16:52,8.60
2026-01-28 15:16:53,8.60
2026-01-28 15:16:54,11.0
2026-01-28 15:16:55,11.0
2026-01-28 15:16:56,11.0
2026-01-28 15:16:57,11.0
2026-01-28 15:16:58,11.0
2026-01-28 15:16:59,8.65
2026-01-28 15:17:00,8.65
2026-01-28 15:17:01,8.65
2026-01-28 15:17:02,8.65
2026-01-28 15:17:03,8.65
2026-01-28 15:17:04,8.62
2026-01-28 15:17:05,8.62
2026-01-28 15:17:06,8.62
2026-01-28 15:17:07,8.62
2026-01-28 15:17:08,8.62
2026-01-28 15:17:09,7.96
2026-01-28 15:17:10,7.96
2026-01-28 15:17:11,7.96
2026-01-28 15:17:12,7.96
2026-01-28 15:17:13,7.96
2026-01-28 15:17:14,8.11
2026-01-28 15:17:15,8.11
2026-01-28 15:17:16,8.11
2026-01-28 15:17:17,8.11
2026-01-28 15:17:18,8.11
2026-01-28 15:17:19,8.28
2026-01-28 15:17:20,8.28
2026-01-28 15:17:21,8.28
2026-01-28 15:17:22,8.28
2026-01-28 15:17:23,8.28
2026-01-28 15:17:24,8.49
2026-01-28 15:17:25,8.49
2026-01-28 15:17:26,8.49
2026-01-28 15:17:27,8.49
2026-01-28 15:17:28,8.49
2026-01-28 15:17:29,7.92
2026-01-28 15:17:30,7.92
2026-01-28 15:17:31,7.92
2026-01-28 15:17:32,7.92
2026-01-28 15:17:33,7.92
2026-01-28 15:17:34,9.98
2026-01-28 15:17:35,9.98
2026-01-28 15:17:36,9.98
2026-01-28 15:17:37,9.98
2026-01-28 15:17:38,9.98
2026-01-28 15:17:39,7.71
2026-01-28 15:17:40,7.71
2026-01-28 15:17:41,7.71
2026-01-28 15:17:42,7.71
2026-01-28 15:17:43,7.71
2026-01-28 15:17:44,7.49
2026-01-28 15:17:45,7.49
2026-01-28 15:17:46,7.49
2026-01-28 15:17:47,7.49
2026-01-28 15:17:48,7.49
2026-01-28 15:17:49,6.98
2026-01-28 15:17:50,6.98
2026-01-28 15:17:51,6.98
2026-01-28 15:17:52,6.98
2026-01-28 15:17:53,6.98
2026-01-28 15:17:54,7.73
2026-01-28 15:17:55,7.73
2026-01-28 15:17:56,7.73
2026-01-28 15:17:57,7.73
2026-01-28 15:17:58,7.73
2026-01-28 15:17:59,6.84
2026-01-28 15:18:00,6.84
2026-01-28 15:18:01,6.84
2026-01-28 15:18:02,6.84
2026-01-28 15:18:03,6.84
2026-01-28 15:18:04,7.55
2026-01-28 15:18:05,7.55
2026-01-28 15:18:06,7.55
2026-01-28 15:18:07,7.55
2026-01-28 15:18:08,7.55
2026-01-28 15:18:09,7.15
2026-01-28 15:18:10,7.15
2026-01-28 15:18:11,7.15
2026-01-28 15:18:12,7.15
2026-01-28 15:18:13,7.15
2026-01-28 15:18:14,5.86
2026-01-28 15:18:15,5.86
2026-01-28 15:18:16,5.86
2026-01-28 15:18:17,5.86
2026-01-28 15:18:18,5.86
2026-01-28 15:18:19,6.11
2026-01-28 15:18:20,6.11
2026-01-28 15:18:21,6.11
2026-01-28 15:18:22,6.11
2026-01-28 15:18:23,6.11
2026-01-28 15:18:24,6.62
2026-01-28 15:18:25,6.62
2026-01-28 15:18:26,6.62
2026-01-28 15:18:27,6.62
2026-01-28 15:18:28,6.62
2026-01-28 15:18:29,6.82
2026-01-28 15:18:30,6.82
2026-01-28 15:18:31,6.82
2026-01-28 15:18:32,6.82
2026-01-28 15:18:33,6.82
2026-01-28 15:18:34,8.38
2026-01-28 15:18:35,8.38
2026-01-28 15:18:36,8.38
2026-01-28 15:18:37,8.38
2026-01-28 15:18:38,8.38
2026-01-28 15:18:39,7.26
2026-01-28 15:18:40,7.26
2026-01-28 15:18:41,7.26
2026-01-28 15:18:42,7.26
2026-01-28 15:18:43,7.26
2026-01-28 15:18:44,7.91
2026-01-28 15:18:45,7.91
2026-01-28 15:18:46,7.91
2026-01-28 15:18:47,7.91
2026-01-28 15:18:48,7.91
2026-01-28 15:18:49,7.28
2026-01-28 15:18:50,7.28
2026-01-28 15:18:51,7.28
2026-01-28 15:18:52,7.28
2026-01-28 15:18:53,7.28
2026-01-28 15:18:54,8.17
2026-01-28 15:18:55,8.17
2026-01-28 15:18:56,8.17
2026-01-28 15:18:57,8.17
2026-01-28 15:18:58,8.17
2026-01-28 15:18:59,7.28
2026-01-28 15:19:00,7.28
2026-01-28 15:19:01,7.28
2026-01-28 15:19:02,7.28
2026-01-28 15:19:03,7.28
2026-01-28 15:19:04,7.85
2026-01-28 15:19:05,7.85
2026-01-28 15:19:06,7.85
2026-01-28 15:19:07,7.85
2026-01-28 15:19:08,7.85
2026-01-28 15:19:09,7.37
2026-01-28 15:19:10,7.37
2026-01-28 15:19:11,7.37
2026-01-28 15:19:12,7.37
2026-01-28 15:19:13,7.37
2026-01-28 15:19:14,6.65
2026-01-28 15:19:15,6.65
2026-01-28 15:19:16,6.65
2026-01-28 15:19:17,6.65
2026-01-28 15:19:18,6.65
2026-01-28 15:19:19,7.90
2026-01-28 15:19:20,7.90
2026-01-28 15:19:21,7.90
2026-01-28 15:19:22,7.90
2026-01-28 15:19:23,7.90
2026-01-28 15:19:24,8.72
2026-01-28 15:19:25,8.72
2026-01-28 15:19:26,8.72
2026-01-28 15:19:27,8.72
2026-01-28 15:19:28,8.72
2026-01-28 15:19:29,7.18
2026-01-28 15:19:30,7.18
2026-01-28 15:19:31,7.18
2026-01-28 15:19:32,7.18
2026-01-28 15:19:33,7.18
2026-01-28 15:19:34,7.96
2026-01-28 15:19:35,7.96
2026-01-28 15:19:36,7.96
2026-01-28 15:19:37,7.96
2026-01-28 15:19:38,7.96
2026-01-28 15:19:39,7.51
2026-01-28 15:19:40,7.51
2026-01-28 15:19:41,7.51
2026-01-28 15:19:42,7.51
2026-01-28 15:19:43,7.51
2026-01-28 15:19:44,7.93
2026-01-28 15:19:45,7.93
2026-01-28 15:19:46,7.93
2026-01-28 15:19:47,7.93
2026-01-28 15:19:48,7.93
2026-01-28 15:19:49,7.41
2026-01-28 15:19:50,7.41
2026-01-28 15:19:51,7.41
2026-01-28 15:19:52,7.41
2026-01-28 15:19:53,7.41
2026-01-28 15:19:54,10.0
2026-01-28 15:19:55,10.0
2026-01-28 15:19:56,10.0
2026-01-28 15:19:57,10.0
2026-01-28 15:19:58,10.0
2026-01-28 15:19:59,7.68
2026-01-28 15:20:00,7.68
2026-01-28 15:20:01,7.68
2026-01-28 15:20:02,7.68
2026-01-28 15:20:03,7.68
2026-01-28 15:20:04,6.39
2026-01-28 15:20:05,6.39
2026-01-28 15:20:06,6.39
2026-01-28 15:20:07,6.39
2026-01-28 15:20:08,6.39
2026-01-28 15:20:09,7.49
2026-01-28 15:20:10,7.49
2026-01-28 15:20:11,7.49
2026-01-28 15:20:12,7.49
2026-01-28 15:20:13,7.49
2026-01-28 15:20:14,6.82
2026-01-28 15:20:15,6.82
2026-01-28 15:20:16,6.82
2026-01-28 15:20:17,6.82
2026-01-28 15:20:18,6.82
2026-01-28 15:20:19,7.86
2026-01-28 15:20:20,7.86
2026-01-28 15:20:21,7.86
2026-01-28 15:20:22,7.86
2026-01-28 15:20:23,7.86
2026-01-28 15:20:24,8.18
2026-01-28 15:20:25,8.18
2026-01-28 15:20:26,8.18
2026-01-28 15:20:27,8.18
2026-01-28 15:20:28,8.18
2026-01-28 15:20:29,7.34
2026-01-28 15:20:30,7.34
2026-01-28 15:20:31,7.34
2026-01-28 15:20:32,7.34
2026-01-28 15:20:33,7.34
2026-01-28 15:20:34,8.11
2026-01-28 15:20:35,8.11
2026-01-28 15:20:36,8.11
2026-01-28 15:20:37,8.11
2026-01-28 15:20:38,8.11
2026-01-28 15:20:39,7.46
2026-01-28 15:20:40,7.46
2026-01-28 15:20:41,7.46
2026-01-28 15:20:42,7.46
2026-01-28 15:20:43,7.46
2026-01-28 15:20:44,9.79
2026-01-28 15:20:45,9.79
2026-01-28 15:20:46,9.79
2026-01-28 15:20:47,9.79
2026-01-28 15:20:48,9.79
2026-01-28 15:20:49,7.48
2026-01-28 15:20:50,7.48
2026-01-28 15:20:51,7.48
2026-01-28 15:20:52,7.48
2026-01-28 15:20:53,7.48
2026-01-28 15:20:54,7.65
2026-01-28 15:20:55,7.65
2026-01-28 15:20:56,7.65
2026-01-28 15:20:57,7.65
2026-01-28 15:20:58,7.65
2026-01-28 15:20:59,6.65
2026-01-28 15:21:00,6.65
2026-01-28 15:21:01,6.65
2026-01-28 15:21:02,6.65
2026-01-28 15:21:03,6.65
2026-01-28 15:21:04,7.27
2026-01-28 15:21:05,7.27
2026-01-28 15:21:06,7.27
2026-01-28 15:21:07,7.27
2026-01-28 15:21:08,7.27
2026-01-28 15:21:09,0
2026-01-28 15:21:10,0
2026-01-28 15:21:11,0
2026-01-28 15:21:12,0
2026-01-28 15:21:13,0
2026-01-28 15:21:14,0
2026-01-28 15:21:15,0
2026-01-28 15:21:16,0
2026-01-28 15:21:17,0
2026-01-28 15:21:18,0
2026-01-28 15:21:19,0
2026-01-28 15:21:20,0
2026-01-28 15:21:21,0
2026-01-28 15:21:22,0
2026-01-28 15:21:23,0
2026-01-28 15:21:24,0
2026-01-28 15:21:25,0
2026-01-28 15:21:26,0
2026-01-28 15:21:27,0
2026-01-28 15:21:28,0
2026-01-28 15:21:29,0
2026-01-28 15:21:30,0
2026-01-28 15:21:31,0
2026-01-28 15:21:32,0
2026-01-28 15:21:33,0
2026-01-28 15:21:34,0
2026-01-28 15:21:35,0
2026-01-28 15:21:36,0
2026-01-28 15:21:37,0
2026-01-28 15:21:38,0
2026-01-28 15:21:39,0
2026-01-28 15:21:40,0
2026-01-28 15:21:41,0
2026-01-28 15:21:42,0
2026-01-28 15:21:43,0
2026-01-28 15:21:44,0
2026-01-28 15:21:45,0
2026-01-28 15:21:46,0
2026-01-28 15:21:47,0
2026-01-28 15:21:48,0
2026-01-28 15:21:49,0
2026-01-28 15:21:50,0
2026-01-28 15:21:51,0
2026-01-28 15:21:52,0
2026-01-28 15:21:53,0
2026-01-28 15:21:54,0
2026-01-28 15:21:55,0
2026-01-28 15:21:56,0
2026-01-28 15:21:57,0
2026-01-28 15:21:58,0
2026-01-28 15:21:59,0
2026-01-28 15:22:00,0
2026-01-28 15:22:01,0
2026-01-28 15:22:02,0
2026-01-28 15:22:03,0
2026-01-28 15:22:04,0
2026-01-28 15:22:05,0
2026-01-28 15:22:06,0
2026-01-28 15:22:07,0
2026-01-28 15:22:08,0
2026-01-28 15:22:09,0
2026-01-28 15:22:10,0
2026-01-28 15:22:11,0
2026-01-28 15:22:12,0
2026-01-28 15:22:13,0
2026-01-28 15:22:14,0
2026-01-28 15:22:15,0
2026-01-28 15:22:16,0
2026-01-28 15:22:17,0
2026-01-28 15:22:18,0
2026-01-28 15:22:19,0
2026-01-28 15:22:20,0
2026-01-28 15:22:21,0
2026-01-28 15:22:22,0
2026-01-28 15:22:23,0
2026-01-28 15:22:24,0
2026-01-28 15:22:25,0
2026-01-28 15:22:26,0
2026-01-28 15:22:27,0
2026-01-28 15:22:28,0
2026-01-28 15:22:29,0
2026-01-28 15:22:30,0
2026-01-28 15:22:31,0
2026-01-28 15:22:32,0
2026-01-28 15:22:33,0
2026-01-28 15:22:34,0
2026-01-28 15:22:35,0
2026-01-28 15:22:36,0
2026-01-28 15:22:37,0
2026-01-28 15:22:38,0
2026-01-28 15:22:39,0
2026-01-28 15:22:40,0
2026-01-28 15:22:41,0
2026-01-28 15:22:42,0
2026-01-28 15:22:43,0
2026-01-28 15:22:54,6.50
2026-01-28 15:22:55,6.50
2026-01-28 15:22:56,6.50
2026-01-28 15:22:57,6.50
2026-01-28 15:22:58,6.50
2026-01-28 15:22:59,7.51
2026-01-28 15:23:00,7.51
2026-01-28 15:23:01,7.51
2026-01-28 15:23:02,7.51
2026-01-28 15:23:03,7.51
2026-01-28 15:23:04,8.28
2026-01-28 15:23:05,8.28
2026-01-28 15:23:06,8.28
2026-01-28 15:23:07,8.28
2026-01-28 15:23:08,8.28
2026-01-28 15:23:09,7.17
2026-01-28 15:23:10,7.17
2026-01-28 15:23:11,7.17
2026-01-28 15:23:12,7.17
2026-01-28 15:23:13,7.17
2026-01-28 15:23:14,6.59
2026-01-28 15:23:15,6.59
2026-01-28 15:23:16,6.59
2026-01-28 15:23:17,6.59
2026-01-28 15:23:18,6.59
2026-01-28 15:23:19,7.44
2026-01-28 15:23:20,7.44
2026-01-28 15:23:21,7.44
2026-01-28 15:23:22,7.44
2026-01-28 15:23:23,7.44
2026-01-28 15:23:24,7.85
2026-01-28 15:23:25,7.85
2026-01-28 15:23:26,7.85
2026-01-28 15:23:27,7.85
2026-01-28 15:23:28,7.85
2026-01-28 15:23:29,7.33
2026-01-28 15:23:30,7.33
2026-01-28 15:23:31,7.33
2026-01-28 15:23:32,7.33
2026-01-28 15:23:33,7.33
2026-01-28 15:23:34,8.13
2026-01-28 15:23:35,8.13
2026-01-28 15:23:36,8.13
2026-01-28 15:23:37,8.13
2026-01-28 15:23:38,8.13
2026-01-28 15:23:39,7.43
2026-01-28 15:23:40,7.43
2026-01-28 15:23:41,7.43
2026-01-28 15:23:42,7.43
2026-01-28 15:23:43,7.43
2026-01-28 15:23:44,7.98
2026-01-28 15:23:45,7.98
2026-01-28 15:23:46,7.98
2026-01-28 15:23:47,7.98
2026-01-28 15:23:48,7.98
2026-01-28 15:23:49,7.39
2026-01-28 15:23:50,7.39
2026-01-28 15:23:51,7.39
2026-01-28 15:23:52,7.39
2026-01-28 15:23:53,7.39
2026-01-28 15:23:54,8.11
2026-01-28 15:23:55,8.11
2026-01-28 15:23:56,8.11
2026-01-28 15:23:57,8.11
2026-01-28 15:23:58,8.11
2026-01-28 15:23:59,7.32
2026-01-28 15:24:00,7.32
2026-01-28 15:24:01,7.32
2026-01-28 15:24:02,7.32
2026-01-28 15:24:03,7.32
2026-01-28 15:24:04,7.91
2026-01-28 15:24:05,7.91
2026-01-28 15:24:06,7.91
2026-01-28 15:24:07,7.91
2026-01-28 15:24:08,7.91
2026-01-28 15:24:09,6.75
2026-01-28 15:24:10,6.75
2026-01-28 15:24:11,6.75
2026-01-28 15:24:12,6.75
2026-01-28 15:24:13,6.75
2026-01-28 15:24:14,7.85
2026-01-28 15:24:15,7.85
2026-01-28 15:24:16,7.85
2026-01-28 15:24:17,7.85
2026-01-28 15:24:18,7.85
2026-01-28 15:24:19,8.32
2026-01-28 15:24:20,8.32
2026-01-28 15:24:21,8.32
2026-01-28 15:24:22,8.32
2026-01-28 15:24:23,8.32
2026-01-28 15:24:24,8.84
2026-01-28 15:24:25,8.84
2026-01-28 15:24:26,8.84
2026-01-28 15:24:27,8.84
2026-01-28 15:24:28,8.84
2026-01-28 15:24:29,8.13
2026-01-28 15:24:30,8.13
2026-01-28 15:24:31,8.13
2026-01-28 15:24:32,8.13
2026-01-28 15:24:33,8.13
2026-01-28 15:24:34,8.84
2026-01-28 15:24:35,8.84
2026-01-28 15:24:36,8.84
2026-01-28 15:24:37,8.84
2026-01-28 15:24:38,8.84
2026-01-28 15:24:39,8.51
2026-01-28 15:24:40,8.51
2026-01-28 15:24:41,8.51
2026-01-28 15:24:42,8.51
2026-01-28 15:24:43,8.51
2026-01-28 15:24:44,8.64
2026-01-28 15:24:45,8.64
2026-01-28 15:24:46,8.64
2026-01-28 15:24:47,8.64
2026-01-28 15:24:48,8.64
2026-01-28 15:24:49,8.41
2026-01-28 15:24:50,8.41
2026-01-28 15:24:51,8.41
2026-01-28 15:24:52,8.41
2026-01-28 15:24:53,8.41
2026-01-28 15:24:54,10.3
2026-01-28 15:24:55,10.3
2026-01-28 15:24:56,10.3
2026-01-28 15:24:57,10.3
2026-01-28 15:24:58,10.3
2026-01-28 15:24:59,9.15
2026-01-28 15:25:00,9.15
2026-01-28 15:25:01,9.15
2026-01-28 15:25:02,9.15
2026-01-28 15:25:03,9.15
2026-01-28 15:25:04,10.0
2026-01-28 15:25:05,10.0
2026-01-28 15:25:06,10.0
2026-01-28 15:25:07,10.0
2026-01-28 15:25:08,10.0
2026-01-28 15:25:09,8.83
2026-01-28 15:25:10,8.83
2026-01-28 15:25:11,8.83
2026-01-28 15:25:12,8.83
2026-01-28 15:25:13,8.83
2026-01-28 15:25:14,8.50
2026-01-28 15:25:15,8.50
2026-01-28 15:25:16,8.50
2026-01-28 15:25:17,8.50
2026-01-28 15:25:18,8.50
2026-01-28 15:25:19,8.94
2026-01-28 15:25:20,8.94
2026-01-28 15:25:21,8.94
2026-01-28 15:25:22,8.94
2026-01-28 15:25:23,8.94
2026-01-28 15:25:24,10.8
2026-01-28 15:25:25,10.8
2026-01-28 15:25:26,10.8
2026-01-28 15:25:27,10.8
2026-01-28 15:25:28,10.8
2026-01-28 15:25:29,8.73
2026-01-28 15:25:30,8.73
2026-01-28 15:25:31,8.73
2026-01-28 15:25:32,8.73
2026-01-28 15:25:33,8.73
2026-01-28 15:25:34,8.70
2026-01-28 15:25:35,8.70
2026-01-28 15:25:36,8.70
2026-01-28 15:25:37,8.70
2026-01-28 15:25:38,8.70
2026-01-28 15:25:39,8.24
2026-01-28 15:25:40,8.24
2026-01-28 15:25:41,8.24
2026-01-28 15:25:42,8.24
2026-01-28 15:25:43,8.24
2026-01-28 15:25:44,8.82
2026-01-28 15:25:45,8.82
2026-01-28 15:25:46,8.82
2026-01-28 15:25:47,8.82
2026-01-28 15:25:48,8.82
2026-01-28 15:25:49,8.31
2026-01-28 15:25:50,8.31
2026-01-28 15:25:51,8.31
2026-01-28 15:25:52,8.31
2026-01-28 15:25:53,8.31
2026-01-28 15:25:54,9.04
2026-01-28 15:25:55,9.04
2026-01-28 15:25:56,9.04
2026-01-28 15:25:57,9.04
2026-01-28 15:25:58,9.04
2026-01-28 15:25:59,8.22
2026-01-28 15:26:00,8.22
2026-01-28 15:26:01,8.22
2026-01-28 15:26:02,8.22
2026-01-28 15:26:03,8.22
2026-01-28 15:26:04,8.77
2026-01-28 15:26:05,8.77
2026-01-28 15:26:06,8.77
2026-01-28 15:26:07,8.77
2026-01-28 15:26:08,8.77
2026-01-28 15:26:09,8.02
2026-01-28 15:26:10,8.02
2026-01-28 15:26:11,8.02
2026-01-28 15:26:12,8.02
2026-01-28 15:26:13,8.02
2026-01-28 15:26:14,7.42
2026-01-28 15:26:15,7.42
2026-01-28 15:26:16,7.42
2026-01-28 15:26:17,7.42
2026-01-28 15:26:18,7.42
2026-01-28 15:26:19,8.21
2026-01-28 15:26:20,8.21
2026-01-28 15:26:21,8.21
2026-01-28 15:26:22,8.21
2026-01-28 15:26:23,8.21
2026-01-28 15:26:24,8.66
2026-01-28 15:26:25,8.66
2026-01-28 15:26:26,8.66
2026-01-28 15:26:27,8.66
2026-01-28 15:26:28,8.66
2026-01-28 15:26:29,7.93
2026-01-28 15:26:30,7.93
2026-01-28 15:26:31,7.93
2026-01-28 15:26:32,7.93
2026-01-28 15:26:33,7.93
2026-01-28 15:26:34,10.3
2026-01-28 15:26:35,10.3
2026-01-28 15:26:36,10.3
2026-01-28 15:26:37,10.3
2026-01-28 15:26:38,10.3
2026-01-28 15:26:39,8.36
2026-01-28 15:26:40,8.36
2026-01-28 15:26:41,8.36
2026-01-28 15:26:42,8.36
2026-01-28 15:26:43,8.36
2026-01-28 15:26:44,7.92
2026-01-28 15:26:45,7.92
2026-01-28 15:26:46,7.92
2026-01-28 15:26:47,7.92
2026-01-28 15:26:48,7.92
2026-01-28 15:26:49,7.52
2026-01-28 15:26:50,7.52
2026-01-28 15:26:51,7.52
2026-01-28 15:26:52,7.52
2026-01-28 15:26:53,7.52
2026-01-28 15:26:54,8.22
2026-01-28 15:26:55,8.22
2026-01-28 15:26:56,8.22
2026-01-28 15:26:57,8.22
2026-01-28 15:26:58,8.22
2026-01-28 15:26:59,7.58
2026-01-28 15:27:00,7.58
2026-01-28 15:27:01,7.58
2026-01-28 15:27:02,7.58
2026-01-28 15:27:03,7.58
2026-01-28 15:27:04,8.23
2026-01-28 15:27:05,8.23
2026-01-28 15:27:06,8.23
2026-01-28 15:27:07,8.23
2026-01-28 15:27:08,8.23
2026-01-28 15:27:09,7.59
2026-01-28 15:27:10,7.59
2026-01-28 15:27:11,7.59
2026-01-28 15:27:12,7.59
2026-01-28 15:27:13,7.59
2026-01-28 15:27:14,6.59
2026-01-28 15:27:15,6.59
2026-01-28 15:27:16,6.59
2026-01-28 15:27:17,6.59
2026-01-28 15:27:18,6.59
2026-01-28 15:27:19,7.37
2026-01-28 15:27:20,7.37
2026-01-28 15:27:21,7.37
2026-01-28 15:27:22,7.37
2026-01-28 15:27:23,7.37
2026-01-28 15:27:24,7.98
2026-01-28 15:27:25,7.98
2026-01-28 15:27:26,7.98
2026-01-28 15:27:27,7.98
2026-01-28 15:27:28,7.98
2026-01-28 15:27:29,7.20
2026-01-28 15:27:30,7.20
2026-01-28 15:27:31,7.20
2026-01-28 15:27:32,7.20
2026-01-28 15:27:33,7.20
2026-01-28 15:27:34,7.88
2026-01-28 15:27:35,7.88
2026-01-28 15:27:36,7.88
2026-01-28 15:27:37,7.88
2026-01-28 15:27:38,7.88
2026-01-28 15:27:39,7.37
2026-01-28 15:27:40,7.37
2026-01-28 15:27:41,7.37
2026-01-28 15:27:42,7.37
2026-01-28 15:27:43,7.37
2026-01-28 15:27:44,0
2026-01-28 15:27:45,0
2026-01-28 15:27:46,0
2026-01-28 15:27:47,0
2026-01-28 15:27:48,0
2026-01-28 15:27:49,0
2026-01-28 15:27:50,0
2026-01-28 15:27:51,0
2026-01-28 15:27:52,0
2026-01-28 15:27:53,0
2026-01-28 15:27:54,0
2026-01-28 15:27:55,0
2026-01-28 15:27:56,0
2026-01-28 15:27:57,0
2026-01-28 15:27:58,0
2026-01-28 15:27:59,0
2026-01-28 15:28:00,0
2026-01-28 15:28:01,0
2026-01-28 15:28:02,0
2026-01-28 15:28:03,0
2026-01-28 15:28:04,0
2026-01-28 15:28:05,0
2026-01-28 15:28:06,0
2026-01-28 15:28:07,0
2026-01-28 15:28:08,0
2026-01-28 15:28:09,0
2026-01-28 15:28:10,0
2026-01-28 15:28:11,0
2026-01-28 15:28:12,0
2026-01-28 15:28:13,0
2026-01-28 15:28:14,0
2026-01-28 15:28:15,0
2026-01-28 15:28:16,0
2026-01-28 15:28:17,0
2026-01-28 15:28:18,0
2026-01-28 15:28:19,0
2026-01-28 15:28:20,0
2026-01-28 15:28:21,0
2026-01-28 15:28:22,0
2026-01-28 15:28:23,0
2026-01-28 15:28:24,0
2026-01-28 15:28:25,0
2026-01-28 15:28:26,0
2026-01-28 15:28:27,0
2026-01-28 15:28:28,0
2026-01-28 15:28:29,0
2026-01-28 15:28:30,0
2026-01-28 15:28:31,0
2026-01-28 15:28:32,0
2026-01-28 15:28:33,0
2026-01-28 15:28:34,0
2026-01-28 15:28:35,0
2026-01-28 15:28:36,0
2026-01-28 15:28:37,0
2026-01-28 15:28:38,0
2026-01-28 15:28:39,0
2026-01-28 15:28:40,0
2026-01-28 15:28:41,0
2026-01-28 15:28:42,0
2026-01-28 15:28:43,0
2026-01-28 15:28:44,0
2026-01-28 15:28:45,0
2026-01-28 15:28:46,0
2026-01-28 15:28:47,0
2026-01-28 15:28:48,0
2026-01-28 15:28:49,0
2026-01-28 15:28:50,0
2026-01-28 15:28:51,0
2026-01-28 15:28:52,0
2026-01-28 15:28:53,0
2026-01-28 15:28:54,0
2026-01-28 15:28:55,0
2026-01-28 15:28:56,0
2026-01-28 15:28:57,0
2026-01-28 15:28:58,0
2026-01-28 15:28:59,0
2026-01-28 15:29:00,0
2026-01-28 15:29:01,0
2026-01-28 15:29:02,0
2026-01-28 15:29:03,0
2026-01-28 15:29:04,0
2026-01-28 15:29:05,0
2026-01-28 15:29:06,0
2026-01-28 15:29:07,0
2026-01-28 15:29:08,0
2026-01-28 15:29:09,0
2026-01-28 15:29:10,0
2026-01-28 15:29:11,0
2026-01-28 15:29:12,0
2026-01-28 15:29:13,0
2026-01-28 15:29:39,5.13
2026-01-28 15:29:40,5.13
2026-01-28 15:29:41,5.13
2026-01-28 15:29:42,5.13
2026-01-28 15:29:43,5.13
2026-01-28 15:29:44,7.28
2026-01-28 15:29:45,7.28
2026-01-28 15:29:46,7.28
2026-01-28 15:29:47,7.28
2026-01-28 15:29:48,7.28
2026-01-28 15:29:49,6.66
2026-01-28 15:29:50,6.66
2026-01-28 15:29:51,6.66
2026-01-28 15:29:52,6.66
2026-01-28 15:29:53,6.66
2026-01-28 15:29:54,7.64
2026-01-28 15:29:55,7.64
2026-01-28 15:29:56,7.64
2026-01-28 15:29:57,7.64
2026-01-28 15:29:58,7.64
2026-01-28 15:29:59,6.61
2026-01-28 15:30:00,6.61
2026-01-28 15:30:01,6.61
2026-01-28 15:30:02,6.61
2026-01-28 15:30:03,6.61
2026-01-28 15:30:04,7.34
2026-01-28 15:30:05,7.34
2026-01-28 15:30:06,7.34
2026-01-28 15:30:07,7.34
2026-01-28 15:30:08,7.34
2026-01-28 15:30:09,6.58
2026-01-28 15:30:10,6.58
2026-01-28 15:30:11,6.58
2026-01-28 15:30:12,6.58
2026-01-28 15:30:13,6.58
2026-01-28 15:30:14,5.72
2026-01-28 15:30:15,5.72
2026-01-28 15:30:16,5.72
2026-01-28 15:30:17,5.72
2026-01-28 15:30:18,5.72
2026-01-28 15:30:19,6.67
2026-01-28 15:30:20,6.67
2026-01-28 15:30:21,6.67
2026-01-28 15:30:22,6.67
2026-01-28 15:30:23,6.67
2026-01-28 15:30:24,7.19
2026-01-28 15:30:25,7.19
2026-01-28 15:30:26,7.19
2026-01-28 15:30:27,7.19
2026-01-28 15:30:28,7.19
2026-01-28 15:30:29,6.40
2026-01-28 15:30:30,6.40
2026-01-28 15:30:31,6.40
2026-01-28 15:30:32,6.40
2026-01-28 15:30:33,6.40
2026-01-28 15:30:34,7.29
2026-01-28 15:30:35,7.29
2026-01-28 15:30:36,7.29
2026-01-28 15:30:37,7.29
2026-01-28 15:30:38,7.29
2026-01-28 15:30:39,6.69
2026-01-28 15:30:40,6.69
2026-01-28 15:30:41,6.69
2026-01-28 15:30:42,6.69
2026-01-28 15:30:43,6.69
2026-01-28 15:30:44,7.61
2026-01-28 15:30:45,7.61
2026-01-28 15:30:46,7.61
2026-01-28 15:30:47,7.61
2026-01-28 15:30:48,7.61
2026-01-28 15:30:49,6.54
2026-01-28 15:30:50,6.54
2026-01-28 15:30:51,6.54
2026-01-28 15:30:52,6.54
2026-01-28 15:30:53,6.54
2026-01-28 15:30:54,7.41
2026-01-28 15:30:55,7.41
2026-01-28 15:30:56,7.41
2026-01-28 15:30:57,7.41
2026-01-28 15:30:58,7.41
2026-01-28 15:30:59,6.79
2026-01-28 15:31:00,6.79
2026-01-28 15:31:01,6.79
2026-01-28 15:31:02,6.79
2026-01-28 15:31:03,6.79
2026-01-28 15:31:04,6.97
2026-01-28 15:31:05,6.97
2026-01-28 15:31:06,6.97
2026-01-28 15:31:07,6.97
2026-01-28 15:31:08,6.97
2026-01-28 15:31:09,7.54
2026-01-28 15:31:10,7.54
2026-01-28 15:31:11,7.54
2026-01-28 15:31:12,7.54
2026-01-28 15:31:13,7.54
2026-01-28 15:31:14,6.57
2026-01-28 15:31:15,6.57
2026-01-28 15:31:16,6.57
2026-01-28 15:31:17,6.57
2026-01-28 15:31:18,6.57
2026-01-28 15:31:19,7.62
2026-01-28 15:31:20,7.62
2026-01-28 15:31:21,7.62
2026-01-28 15:31:22,7.62
2026-01-28 15:31:23,7.62
2026-01-28 15:31:24,8.01
2026-01-28 15:31:25,8.01
2026-01-28 15:31:26,8.01
2026-01-28 15:31:27,8.01
2026-01-28 15:31:28,8.01
2026-01-28 15:31:29,7.25
2026-01-28 15:31:30,7.25
2026-01-28 15:31:31,7.25
2026-01-28 15:31:32,7.25
2026-01-28 15:31:33,7.25
2026-01-28 15:31:34,9.89
2026-01-28 15:31:35,9.89
2026-01-28 15:31:36,9.89
2026-01-28 15:31:37,9.89
2026-01-28 15:31:38,9.89
2026-01-28 15:31:39,7.61
2026-01-28 15:31:40,7.61
2026-01-28 15:31:41,7.61
2026-01-28 15:31:42,7.61
2026-01-28 15:31:43,7.61
2026-01-28 15:31:44,9.74
2026-01-28 15:31:45,9.74
2026-01-28 15:31:46,9.74
2026-01-28 15:31:47,9.74
2026-01-28 15:31:48,9.74
2026-01-28 15:31:49,7.31
2026-01-28 15:31:50,7.31
2026-01-28 15:31:51,7.31
2026-01-28 15:31:52,7.31
2026-01-28 15:31:53,7.31
2026-01-28 15:31:54,6.02
2026-01-28 15:31:55,6.02
2026-01-28 15:31:56,6.02
2026-01-28 15:31:57,6.02
2026-01-28 15:31:58,6.02
2026-01-28 15:31:59,4.64
2026-01-28 15:32:00,4.64
2026-01-28 15:32:01,4.64
2026-01-28 15:32:02,4.64
2026-01-28 15:32:03,4.64
2026-01-28 15:32:04,7.08
2026-01-28 15:32:05,7.08
2026-01-28 15:32:06,7.08
2026-01-28 15:32:07,7.08
2026-01-28 15:32:08,7.08
2026-01-28 15:32:09,6.14
2026-01-28 15:32:10,6.14
2026-01-28 15:32:11,6.14
2026-01-28 15:32:12,6.14
2026-01-28 15:32:13,6.14
2026-01-28 15:32:14,5.55
2026-01-28 15:32:15,5.55
2026-01-28 15:32:16,5.55
2026-01-28 15:32:17,5.55
2026-01-28 15:32:18,5.55
2026-01-28 15:32:19,6.35
2026-01-28 15:32:20,6.35
2026-01-28 15:32:21,6.35
2026-01-28 15:32:22,6.35
2026-01-28 15:32:23,6.35
2026-01-28 15:32:24,6.93
2026-01-28 15:32:25,6.93
2026-01-28 15:32:26,6.93
2026-01-28 15:32:27,6.93
2026-01-28 15:32:28,6.93
2026-01-28 15:32:29,6.12
2026-01-28 15:32:30,6.12
2026-01-28 15:32:31,6.12
2026-01-28 15:32:32,6.12
2026-01-28 15:32:33,6.12
2026-01-28 15:32:34,6.90
2026-01-28 15:32:35,6.90
2026-01-28 15:32:36,6.90
2026-01-28 15:32:37,6.90
2026-01-28 15:32:38,6.90
2026-01-28 15:32:39,6.15
2026-01-28 15:32:40,6.15
2026-01-28 15:32:41,6.15
2026-01-28 15:32:42,6.15
2026-01-28 15:32:43,6.15
2026-01-28 15:32:44,6.79
2026-01-28 15:32:45,6.79
2026-01-28 15:32:46,6.79
2026-01-28 15:32:47,6.79
2026-01-28 15:32:48,6.79
2026-01-28 15:32:49,6.18
2026-01-28 15:32:50,6.18
2026-01-28 15:32:51,6.18
2026-01-28 15:32:52,6.18
2026-01-28 15:32:53,6.18
2026-01-28 15:32:54,7.00
2026-01-28 15:32:55,7.00
2026-01-28 15:32:56,7.00
2026-01-28 15:32:57,7.00
2026-01-28 15:32:58,7.00
2026-01-28 15:32:59,6.07
2026-01-28 15:33:00,6.07
2026-01-28 15:33:01,6.07
2026-01-28 15:33:02,6.07
2026-01-28 15:33:03,6.07
2026-01-28 15:33:04,6.71
2026-01-28 15:33:05,6.71
2026-01-28 15:33:06,6.71
2026-01-28 15:33:07,6.71
2026-01-28 15:33:08,6.71
2026-01-28 15:33:09,6.30
2026-01-28 15:33:10,6.30
2026-01-28 15:33:11,6.30
2026-01-28 15:33:12,6.30
2026-01-28 15:33:13,6.30
2026-01-28 15:33:14,6.88
2026-01-28 15:33:15,6.88
2026-01-28 15:33:16,6.88
2026-01-28 15:33:17,6.88
2026-01-28 15:33:18,6.88
2026-01-28 15:33:19,6.88
2026-01-28 15:33:20,6.88
2026-01-28 15:33:21,6.88
2026-01-28 15:33:22,6.88
2026-01-28 15:33:23,6.88
2026-01-28 15:33:24,9.20
2026-01-28 15:33:25,9.20
2026-01-28 15:33:26,9.20
2026-01-28 15:33:27,9.20
2026-01-28 15:33:28,9.20
2026-01-28 15:33:29,8.09
2026-01-28 15:33:30,8.09
2026-01-28 15:33:31,8.09
2026-01-28 15:33:32,8.09
2026-01-28 15:33:33,8.09
2026-01-28 15:33:34,9.07
2026-01-28 15:33:35,9.07
2026-01-28 15:33:36,9.07
2026-01-28 15:33:37,9.07
2026-01-28 15:33:38,9.07
2026-01-28 15:33:39,8.50
2026-01-28 15:33:40,8.50
2026-01-28 15:33:41,8.50
2026-01-28 15:33:42,8.50
2026-01-28 15:33:43,8.50
2026-01-28 15:33:44,8.97
2026-01-28 15:33:45,8.97
2026-01-28 15:33:46,8.97
2026-01-28 15:33:47,8.97
2026-01-28 15:33:48,8.97
2026-01-28 15:33:49,8.30
2026-01-28 15:33:50,8.30
2026-01-28 15:33:51,8.30
2026-01-28 15:33:52,8.30
2026-01-28 15:33:53,8.30
2026-01-28 15:33:54,9.08
2026-01-28 15:33:55,9.08
2026-01-28 15:33:56,9.08
2026-01-28 15:33:57,9.08
2026-01-28 15:33:58,9.08
2026-01-28 15:33:59,7.96
2026-01-28 15:34:00,7.96
2026-01-28 15:34:01,7.96
2026-01-28 15:34:02,7.96
2026-01-28 15:34:03,7.96
2026-01-28 15:34:04,8.66
2026-01-28 15:34:05,8.66
2026-01-28 15:34:06,8.66
2026-01-28 15:34:07,8.66
2026-01-28 15:34:08,8.66
2026-01-28 15:34:09,8.14
2026-01-28 15:34:10,8.14
2026-01-28 15:34:11,8.14
2026-01-28 15:34:12,8.14
2026-01-28 15:34:13,8.14
2026-01-28 15:34:14,7.51
2026-01-28 15:34:15,7.51
2026-01-28 15:34:16,7.51
2026-01-28 15:34:17,7.51
2026-01-28 15:34:18,7.51
2026-01-28 15:34:19,8.19
2026-01-28 15:34:20,8.19
2026-01-28 15:34:21,8.19
2026-01-28 15:34:22,8.19
2026-01-28 15:34:23,8.19
2026-01-28 15:34:24,0
2026-01-28 15:34:25,0
2026-01-28 15:34:26,0
2026-01-28 15:34:27,0
2026-01-28 15:34:28,0
2026-01-28 15:34:29,0
2026-01-28 15:34:30,0
2026-01-28 15:34:31,0
2026-01-28 15:34:32,0
2026-01-28 15:34:33,0
2026-01-28 15:34:34,0
2026-01-28 15:34:35,0
2026-01-28 15:34:36,0
2026-01-28 15:34:37,0
2026-01-28 15:34:38,0
2026-01-28 15:34:39,0
2026-01-28 15:34:40,0
2026-01-28 15:34:41,0
2026-01-28 15:34:42,0
2026-01-28 15:34:43,0
2026-01-28 15:34:44,0
2026-01-28 15:34:45,0
2026-01-28 15:34:46,0
2026-01-28 15:34:47,0
2026-01-28 15:34:48,0
2026-01-28 15:34:49,0
2026-01-28 15:34:50,0
2026-01-28 15:34:51,0
2026-01-28 15:34:52,0
2026-01-28 15:34:53,0
2026-01-28 15:34:54,0
2026-01-28 15:34:55,0
2026-01-28 15:34:56,0
2026-01-28 15:34:57,0
2026-01-28 15:34:58,0
2026-01-28 15:34:59,0
2026-01-28 15:35:00,0
2026-01-28 15:35:01,0
2026-01-28 15:35:02,0
2026-01-28 15:35:03,0
2026-01-28 15:35:04,0
2026-01-28 15:35:05,0
2026-01-28 15:35:06,0
2026-01-28 15:35:07,0
2026-01-28 15:35:08,0
2026-01-28 15:35:09,0
2026-01-28 15:35:10,0
2026-01-28 15:35:11,0
2026-01-28 15:35:12,0
2026-01-28 15:35:13,0
2026-01-28 15:35:14,0
2026-01-28 15:35:15,0
2026-01-28 15:35:16,0
2026-01-28 15:35:17,0
2026-01-28 15:35:18,0
2026-01-28 15:35:19,0
2026-01-28 15:35:20,0
2026-01-28 15:35:21,0
2026-01-28 15:35:22,0
2026-01-28 15:35:23,0
2026-01-28 15:35:24,0
2026-01-28 15:35:25,0
2026-01-28 15:35:26,0
2026-01-28 15:35:27,0
2026-01-28 15:35:28,0
2026-01-28 15:35:29,0
2026-01-28 15:35:30,0
2026-01-28 15:35:31,0
2026-01-28 15:35:32,0
2026-01-28 15:35:33,0
2026-01-28 15:35:34,0
2026-01-28 15:35:35,0
2026-01-28 15:35:36,0
2026-01-28 15:35:37,0
2026-01-28 15:35:38,0
2026-01-28 15:35:39,0
2026-01-28 15:35:40,0
2026-01-28 15:35:41,0
2026-01-28 15:35:42,0
2026-01-28 15:35:43,0
2026-01-28 15:35:44,0
2026-01-28 15:35:45,0
2026-01-28 15:35:46,0
2026-01-28 15:35:47,0
2026-01-28 15:35:48,0
2026-01-28 15:35:49,0
2026-01-28 15:35:50,0
2026-01-28 15:35:51,0
2026-01-28 15:35:52,0
2026-01-28 15:35:53,0
2026-01-28 15:35:54,0
2026-01-28 15:35:55,0
2026-01-28 15:35:56,0
2026-01-28 15:35:57,0
2026-01-28 15:35:58,0
2026-01-28 15:36:49,1.39
2026-01-28 15:36:50,1.39
2026-01-28 15:36:51,1.39
2026-01-28 15:36:52,1.39
2026-01-28 15:36:53,1.39
2026-01-28 15:36:54,8.14
2026-01-28 15:36:55,8.14
2026-01-28 15:36:56,8.14
2026-01-28 15:36:57,8.14
2026-01-28 15:36:58,8.14
2026-01-28 15:36:59,8.46
2026-01-28 15:37:00,8.46
2026-01-28 15:37:01,8.46
2026-01-28 15:37:02,8.46
2026-01-28 15:37:03,8.46
2026-01-28 15:37:04,9.01
2026-01-28 15:37:05,9.01
2026-01-28 15:37:06,9.01
2026-01-28 15:37:07,9.01
2026-01-28 15:37:08,9.01
2026-01-28 15:37:09,8.33
2026-01-28 15:37:10,8.33
2026-01-28 15:37:11,8.33
2026-01-28 15:37:12,8.33
2026-01-28 15:37:13,8.33
2026-01-28 15:37:14,7.67
2026-01-28 15:37:15,7.67
2026-01-28 15:37:16,7.67
2026-01-28 15:37:17,7.67
2026-01-28 15:37:18,7.67
2026-01-28 15:37:19,8.15
2026-01-28 15:37:20,8.15
2026-01-28 15:37:21,8.15
2026-01-28 15:37:22,8.15
2026-01-28 15:37:23,8.15
2026-01-28 15:37:24,8.85
2026-01-28 15:37:25,8.85
2026-01-28 15:37:26,8.85
2026-01-28 15:37:27,8.85
2026-01-28 15:37:28,8.85
2026-01-28 15:37:29,8.36
2026-01-28 15:37:30,8.36
2026-01-28 15:37:31,8.36
2026-01-28 15:37:32,8.36
2026-01-28 15:37:33,8.36
2026-01-28 15:37:34,8.95
2026-01-28 15:37:35,8.95
2026-01-28 15:37:36,8.95
2026-01-28 15:37:37,8.95
2026-01-28 15:37:38,8.95
2026-01-28 15:37:39,9.55
2026-01-28 15:37:40,9.55
2026-01-28 15:37:41,9.55
2026-01-28 15:37:42,9.55
2026-01-28 15:37:43,9.55
2026-01-28 15:37:44,10.3
2026-01-28 15:37:45,10.3
2026-01-28 15:37:46,10.3
2026-01-28 15:37:47,10.3
2026-01-28 15:37:48,10.3
2026-01-28 15:37:49,7.71
2026-01-28 15:37:50,7.71
2026-01-28 15:37:51,7.71
2026-01-28 15:37:52,7.71
2026-01-28 15:37:53,7.71
2026-01-28 15:37:54,7.46
2026-01-28 15:37:55,7.46
2026-01-28 15:37:56,7.46
2026-01-28 15:37:57,7.46
2026-01-28 15:37:58,7.46
2026-01-28 15:37:59,6.47
2026-01-28 15:38:00,6.47
2026-01-28 15:38:01,6.47
2026-01-28 15:38:02,6.47
2026-01-28 15:38:03,6.47
2026-01-28 15:38:04,7.26
2026-01-28 15:38:05,7.26
2026-01-28 15:38:06,7.26
2026-01-28 15:38:07,7.26
2026-01-28 15:38:08,7.26
2026-01-28 15:38:09,6.55
2026-01-28 15:38:10,6.55
2026-01-28 15:38:11,6.55
2026-01-28 15:38:12,6.55
2026-01-28 15:38:13,6.55
2026-01-28 15:38:14,5.83
2026-01-28 15:38:15,5.83
2026-01-28 15:38:16,5.83
2026-01-28 15:38:17,5.83
2026-01-28 15:38:18,5.83
2026-01-28 15:38:19,6.35
2026-01-28 15:38:20,6.35
2026-01-28 15:38:21,6.35
2026-01-28 15:38:22,6.35
2026-01-28 15:38:23,6.35
2026-01-28 15:38:24,7.15
2026-01-28 15:38:25,7.15
2026-01-28 15:38:26,7.15
2026-01-28 15:38:27,7.15
2026-01-28 15:38:28,7.15
2026-01-28 15:38:29,6.64
2026-01-28 15:38:30,6.64
2026-01-28 15:38:31,6.64
2026-01-28 15:38:32,6.64
2026-01-28 15:38:33,6.64
2026-01-28 15:38:34,7.54
2026-01-28 15:38:35,7.54
2026-01-28 15:38:36,7.54
2026-01-28 15:38:37,7.54
2026-01-28 15:38:38,7.54
2026-01-28 15:38:39,6.50
2026-01-28 15:38:40,6.50
2026-01-28 15:38:41,6.50
2026-01-28 15:38:42,6.50
2026-01-28 15:38:43,6.50
2026-01-28 15:38:44,7.37
2026-01-28 15:38:45,7.37
2026-01-28 15:38:46,7.37
2026-01-28 15:38:47,7.37
2026-01-28 15:38:48,7.37
2026-01-28 15:38:49,6.98
2026-01-28 15:38:50,6.98
2026-01-28 15:38:51,6.98
2026-01-28 15:38:52,6.98
2026-01-28 15:38:53,6.98
2026-01-28 15:38:54,7.59
2026-01-28 15:38:55,7.59
2026-01-28 15:38:56,7.59
2026-01-28 15:38:57,7.59
2026-01-28 15:38:58,7.59
2026-01-28 15:38:59,6.48
2026-01-28 15:39:00,6.48
2026-01-28 15:39:01,6.48
2026-01-28 15:39:02,6.48
2026-01-28 15:39:03,6.48
2026-01-28 15:39:04,7.25
2026-01-28 15:39:05,7.25
2026-01-28 15:39:06,7.25
2026-01-28 15:39:07,7.25
2026-01-28 15:39:08,7.25
2026-01-28 15:39:09,6.53
2026-01-28 15:39:10,6.53
2026-01-28 15:39:11,6.53
2026-01-28 15:39:12,6.53
2026-01-28 15:39:13,6.53
2026-01-28 15:39:14,5.76
2026-01-28 15:39:15,5.76
2026-01-28 15:39:16,5.76
2026-01-28 15:39:17,5.76
2026-01-28 15:39:18,5.76
2026-01-28 15:39:19,6.54
2026-01-28 15:39:20,6.54
2026-01-28 15:39:21,6.54
2026-01-28 15:39:22,6.54
2026-01-28 15:39:23,6.54
2026-01-28 15:39:24,7.13
2026-01-28 15:39:25,7.13
2026-01-28 15:39:26,7.13
2026-01-28 15:39:27,7.13
2026-01-28 15:39:28,7.13
2026-01-28 15:39:29,6.54
2026-01-28 15:39:30,6.54
2026-01-28 15:39:31,6.54
2026-01-28 15:39:32,6.54
2026-01-28 15:39:33,6.54
2026-01-28 15:39:34,7.24
2026-01-28 15:39:35,7.24
2026-01-28 15:39:36,7.24
2026-01-28 15:39:37,7.24
2026-01-28 15:39:38,7.24
2026-01-28 15:39:39,6.43
2026-01-28 15:39:40,6.43
2026-01-28 15:39:41,6.43
2026-01-28 15:39:42,6.43
2026-01-28 15:39:43,6.43
2026-01-28 15:39:44,7.13
2026-01-28 15:39:45,7.13
2026-01-28 15:39:46,7.13
2026-01-28 15:39:47,7.13
2026-01-28 15:39:48,7.13
2026-01-28 15:39:49,6.90
2026-01-28 15:39:50,6.90
2026-01-28 15:39:51,6.90
2026-01-28 15:39:52,6.90
2026-01-28 15:39:53,6.90
2026-01-28 15:39:54,6.99
2026-01-28 15:39:55,6.99
2026-01-28 15:39:56,6.99
2026-01-28 15:39:57,6.99
2026-01-28 15:39:58,6.99
2026-01-28 15:39:59,7.44
2026-01-28 15:40:00,7.44
2026-01-28 15:40:01,7.44
2026-01-28 15:40:02,7.44
2026-01-28 15:40:03,7.44
2026-01-28 15:40:04,8.02
2026-01-28 15:40:05,8.02
2026-01-28 15:40:06,8.02
2026-01-28 15:40:07,8.02
2026-01-28 15:40:08,8.02
2026-01-28 15:40:09,8.39
2026-01-28 15:40:10,8.39
2026-01-28 15:40:11,8.39
2026-01-28 15:40:12,8.39
2026-01-28 15:40:13,8.39
2026-01-28 15:40:14,7.86
2026-01-28 15:40:15,7.86
2026-01-28 15:40:16,7.86
2026-01-28 15:40:17,7.86
2026-01-28 15:40:18,7.86
2026-01-28 15:40:19,8.24
2026-01-28 15:40:20,8.24
2026-01-28 15:40:21,8.24
2026-01-28 15:40:22,8.24
2026-01-28 15:40:23,8.24
2026-01-28 15:40:24,8.85
2026-01-28 15:40:25,8.85
2026-01-28 15:40:26,8.85
2026-01-28 15:40:27,8.85
2026-01-28 15:40:28,8.85
2026-01-28 15:40:29,8.28
2026-01-28 15:40:30,8.28
2026-01-28 15:40:31,8.28
2026-01-28 15:40:32,8.28
2026-01-28 15:40:33,8.28
2026-01-28 15:40:34,8.86
2026-01-28 15:40:35,8.86
2026-01-28 15:40:36,8.86
2026-01-28 15:40:37,8.86
2026-01-28 15:40:38,8.86
2026-01-28 15:40:39,8.14
2026-01-28 15:40:40,8.14
2026-01-28 15:40:41,8.14
2026-01-28 15:40:42,8.14
2026-01-28 15:40:43,8.14
2026-01-28 15:40:44,8.74
2026-01-28 15:40:45,8.74
2026-01-28 15:40:46,8.74
2026-01-28 15:40:47,8.74
2026-01-28 15:40:48,8.74
2026-01-28 15:40:49,8.39
2026-01-28 15:40:50,8.39
2026-01-28 15:40:51,8.39
2026-01-28 15:40:52,8.39
2026-01-28 15:40:53,8.39
2026-01-28 15:40:54,9.23
2026-01-28 15:40:55,9.23
2026-01-28 15:40:56,9.23
2026-01-28 15:40:57,9.23
2026-01-28 15:40:58,9.23
2026-01-28 15:40:59,8.24
2026-01-28 15:41:00,8.24
2026-01-28 15:41:01,8.24
2026-01-28 15:41:02,8.24
2026-01-28 15:41:03,8.24
2026-01-28 15:41:04,11.0
2026-01-28 15:41:05,11.0
2026-01-28 15:41:06,11.0
2026-01-28 15:41:07,11.0
2026-01-28 15:41:08,11.0
2026-01-28 15:41:09,8.93
2026-01-28 15:41:10,8.93
2026-01-28 15:41:11,8.93
2026-01-28 15:41:12,8.93
2026-01-28 15:41:13,8.93
2026-01-28 15:41:14,6.70
2026-01-28 15:41:15,6.70
2026-01-28 15:41:16,6.70
2026-01-28 15:41:17,6.70
2026-01-28 15:41:18,6.70
2026-01-28 15:41:19,7.34
2026-01-28 15:41:20,7.34
2026-01-28 15:41:21,7.34
2026-01-28 15:41:22,7.34
2026-01-28 15:41:23,7.34
2026-01-28 15:41:24,7.92
2026-01-28 15:41:25,7.92
2026-01-28 15:41:26,7.92
2026-01-28 15:41:27,7.92
2026-01-28 15:41:28,7.92
2026-01-28 15:41:29,7.31
2026-01-28 15:41:30,7.31
2026-01-28 15:41:31,7.31
2026-01-28 15:41:32,7.31
2026-01-28 15:41:33,7.31
2026-01-28 15:41:34,7.77
2026-01-28 15:41:35,7.77
2026-01-28 15:41:36,7.77
2026-01-28 15:41:37,7.77
2026-01-28 15:41:38,7.77
2026-01-28 15:41:39,0
2026-01-28 15:41:40,0
2026-01-28 15:41:41,0
2026-01-28 15:41:42,0
2026-01-28 15:41:43,0
2026-01-28 15:41:44,0
2026-01-28 15:41:45,0
2026-01-28 15:41:46,0
2026-01-28 15:41:47,0
2026-01-28 15:41:48,0
2026-01-28 15:41:49,0
2026-01-28 15:41:50,0
2026-01-28 15:41:51,0
2026-01-28 15:41:52,0
2026-01-28 15:41:53,0
2026-01-28 15:41:54,0
2026-01-28 15:41:55,0
2026-01-28 15:41:56,0
2026-01-28 15:41:57,0
2026-01-28 15:41:58,0
2026-01-28 15:41:59,0
2026-01-28 15:42:00,0
2026-01-28 15:42:01,0
2026-01-28 15:42:02,0
2026-01-28 15:42:03,0
2026-01-28 15:42:04,0
2026-01-28 15:42:05,0
2026-01-28 15:42:06,0
2026-01-28 15:42:07,0
2026-01-28 15:42:08,0
2026-01-28 15:42:09,0
2026-01-28 15:42:10,0
2026-01-28 15:42:11,0
2026-01-28 15:42:12,0
2026-01-28 15:42:13,0
2026-01-28 15:42:14,0
2026-01-28 15:42:15,0
2026-01-28 15:42:16,0
2026-01-28 15:42:17,0
2026-01-28 15:42:18,0
2026-01-28 15:42:19,0
2026-01-28 15:42:20,0
2026-01-28 15:42:21,0
2026-01-28 15:42:22,0
2026-01-28 15:42:23,0
2026-01-28 15:42:24,0
2026-01-28 15:42:25,0
2026-01-28 15:42:26,0
2026-01-28 15:42:27,0
2026-01-28 15:42:28,0
2026-01-28 15:42:29,0
2026-01-28 15:42:30,0
2026-01-28 15:42:31,0
2026-01-28 15:42:32,0
2026-01-28 15:42:33,0
2026-01-28 15:42:34,0
2026-01-28 15:42:35,0
2026-01-28 15:42:36,0
2026-01-28 15:42:37,0
2026-01-28 15:42:38,0
2026-01-28 15:42:39,0
2026-01-28 15:42:40,0
2026-01-28 15:42:41,0
2026-01-28 15:42:42,0
2026-01-28 15:42:43,0
2026-01-28 15:42:44,0
2026-01-28 15:42:45,0
2026-01-28 15:42:46,0
2026-01-28 15:42:47,0
2026-01-28 15:42:48,0
2026-01-28 15:42:49,0
2026-01-28 15:42:50,0
2026-01-28 15:42:51,0
2026-01-28 15:42:52,0
2026-01-28 15:42:53,0
2026-01-28 15:42:54,0
2026-01-28 15:42:55,0
2026-01-28 15:42:56,0
2026-01-28 15:42:57,0
2026-01-28 15:42:58,0
2026-01-28 15:42:59,0
2026-01-28 15:43:00,0
2026-01-28 15:43:01,0
2026-01-28 15:43:02,0
2026-01-28 15:43:03,0
2026-01-28 15:43:04,0
2026-01-28 15:43:05,0
2026-01-28 15:43:06,0
2026-01-28 15:43:07,0
2026-01-28 15:43:08,0
2026-01-28 15:43:09,0
2026-01-28 15:43:10,0
2026-01-28 15:43:11,0
2026-01-28 15:43:12,0
2026-01-28 15:43:13,0
2026-01-28 15:44:44,2.64
2026-01-28 15:44:45,2.64
2026-01-28 15:44:46,2.64
2026-01-28 15:44:47,2.64
2026-01-28 15:44:48,2.64
2026-01-28 15:44:49,6.54
2026-01-28 15:44:50,6.54
2026-01-28 15:44:51,6.54
2026-01-28 15:44:52,6.54
2026-01-28 15:44:53,6.54
2026-01-28 15:44:54,8.59
2026-01-28 15:44:55,8.59
2026-01-28 15:44:56,8.59
2026-01-28 15:44:57,8.59
2026-01-28 15:44:58,8.59
2026-01-28 15:44:59,7.58
2026-01-28 15:45:00,7.58
2026-01-28 15:45:01,7.58
2026-01-28 15:45:02,7.58
2026-01-28 15:45:03,7.58
2026-01-28 15:45:04,7.98
2026-01-28 15:45:05,7.98
2026-01-28 15:45:06,7.98
2026-01-28 15:45:07,7.98
2026-01-28 15:45:08,7.98
2026-01-28 15:45:09,7.06
2026-01-28 15:45:10,7.06
2026-01-28 15:45:11,7.06
2026-01-28 15:45:12,7.06
2026-01-28 15:45:13,7.06
2026-01-28 15:45:14,7.82
2026-01-28 15:45:15,7.82
2026-01-28 15:45:16,7.82
2026-01-28 15:45:17,7.82
2026-01-28 15:45:18,7.82
2026-01-28 15:45:19,8.37
2026-01-28 15:45:20,8.37
2026-01-28 15:45:21,8.37
2026-01-28 15:45:22,8.37
2026-01-28 15:45:23,8.37
2026-01-28 15:45:24,8.98
2026-01-28 15:45:25,8.98
2026-01-28 15:45:26,8.98
2026-01-28 15:45:27,8.98
2026-01-28 15:45:28,8.98
2026-01-28 15:45:29,8.29
2026-01-28 15:45:30,8.29
2026-01-28 15:45:31,8.29
2026-01-28 15:45:32,8.29
2026-01-28 15:45:33,8.29
2026-01-28 15:45:34,8.98
2026-01-28 15:45:35,8.98
2026-01-28 15:45:36,8.98
2026-01-28 15:45:37,8.98
2026-01-28 15:45:38,8.98
2026-01-28 15:45:39,8.35
2026-01-28 15:45:40,8.35
2026-01-28 15:45:41,8.35
2026-01-28 15:45:42,8.35
2026-01-28 15:45:43,8.35
2026-01-28 15:45:44,8.88
2026-01-28 15:45:45,8.88
2026-01-28 15:45:46,8.88
2026-01-28 15:45:47,8.88
2026-01-28 15:45:48,8.88
2026-01-28 15:45:49,9.36
2026-01-28 15:45:50,9.36
2026-01-28 15:45:51,9.36
2026-01-28 15:45:52,9.36
2026-01-28 15:45:53,9.36
2026-01-28 15:45:54,8.49
2026-01-28 15:45:55,8.49
2026-01-28 15:45:56,8.49
2026-01-28 15:45:57,8.49
2026-01-28 15:45:58,8.49
2026-01-28 15:45:59,7.29
2026-01-28 15:46:00,7.29
2026-01-28 15:46:01,7.29
2026-01-28 15:46:02,7.29
2026-01-28 15:46:03,7.29
2026-01-28 15:46:04,7.81
2026-01-28 15:46:05,7.81
2026-01-28 15:46:06,7.81
2026-01-28 15:46:07,7.81
2026-01-28 15:46:08,7.81
2026-01-28 15:46:09,7.26
2026-01-28 15:46:10,7.26
2026-01-28 15:46:11,7.26
2026-01-28 15:46:12,7.26
2026-01-28 15:46:13,7.26
2026-01-28 15:46:14,6.76
2026-01-28 15:46:15,6.76
2026-01-28 15:46:16,6.76
2026-01-28 15:46:17,6.76
2026-01-28 15:46:18,6.76
2026-01-28 15:46:19,9.66
2026-01-28 15:46:20,9.66
2026-01-28 15:46:21,9.66
2026-01-28 15:46:22,9.66
2026-01-28 15:46:23,9.66
2026-01-28 15:46:24,8.59
2026-01-28 15:46:25,8.59
2026-01-28 15:46:26,8.59
2026-01-28 15:46:27,8.59
2026-01-28 15:46:28,8.59
2026-01-28 15:46:29,6.27
2026-01-28 15:46:30,6.27
2026-01-28 15:46:31,6.27
2026-01-28 15:46:32,6.27
2026-01-28 15:46:33,6.27
2026-01-28 15:46:34,10.4
2026-01-28 15:46:35,10.4
2026-01-28 15:46:36,10.4
2026-01-28 15:46:37,10.4
2026-01-28 15:46:38,10.4
2026-01-28 15:46:39,7.37
2026-01-28 15:46:40,7.37
2026-01-28 15:46:41,7.37
2026-01-28 15:46:42,7.37
2026-01-28 15:46:43,7.37
2026-01-28 15:46:44,6.27
2026-01-28 15:46:45,6.27
2026-01-28 15:46:46,6.27
2026-01-28 15:46:47,6.27
2026-01-28 15:46:48,6.27
2026-01-28 15:46:49,5.22
2026-01-28 15:46:50,5.22
2026-01-28 15:46:51,5.22
2026-01-28 15:46:52,5.22
2026-01-28 15:46:53,5.22
2026-01-28 15:46:54,6.48
2026-01-28 15:46:55,6.48
2026-01-28 15:46:56,6.48
2026-01-28 15:46:57,6.48
2026-01-28 15:46:58,6.48
2026-01-28 15:46:59,5.22
2026-01-28 15:47:00,5.22
2026-01-28 15:47:01,5.22
2026-01-28 15:47:02,5.22
2026-01-28 15:47:03,5.22
2026-01-28 15:47:04,6.12
2026-01-28 15:47:05,6.12
2026-01-28 15:47:06,6.12
2026-01-28 15:47:07,6.12
2026-01-28 15:47:08,6.12
2026-01-28 15:47:09,5.11
2026-01-28 15:47:10,5.11
2026-01-28 15:47:11,5.11
2026-01-28 15:47:12,5.11
2026-01-28 15:47:13,5.11
2026-01-28 15:47:14,4.61
2026-01-28 15:47:15,4.61
2026-01-28 15:47:16,4.61
2026-01-28 15:47:17,4.61
2026-01-28 15:47:18,4.61
2026-01-28 15:47:19,5.12
2026-01-28 15:47:20,5.12
2026-01-28 15:47:21,5.12
2026-01-28 15:47:22,5.12
2026-01-28 15:47:23,5.12
2026-01-28 15:47:24,6.54
2026-01-28 15:47:25,6.54
2026-01-28 15:47:26,6.54
2026-01-28 15:47:27,6.54
2026-01-28 15:47:28,6.54
2026-01-28 15:47:29,5.29
2026-01-28 15:47:30,5.29
2026-01-28 15:47:31,5.29
2026-01-28 15:47:32,5.29
2026-01-28 15:47:33,5.29
2026-01-28 15:47:34,6.37
2026-01-28 15:47:35,6.37
2026-01-28 15:47:36,6.37
2026-01-28 15:47:37,6.37
2026-01-28 15:47:38,6.37
2026-01-28 15:47:39,5.14
2026-01-28 15:47:40,5.14
2026-01-28 15:47:41,5.14
2026-01-28 15:47:42,5.14
2026-01-28 15:47:43,5.14
2026-01-28 15:47:44,6.20
2026-01-28 15:47:45,6.20
2026-01-28 15:47:46,6.20
2026-01-28 15:47:47,6.20
2026-01-28 15:47:48,6.20
2026-01-28 15:47:49,4.37
2026-01-28 15:47:50,4.37
2026-01-28 15:47:51,4.37
2026-01-28 15:47:52,4.37
2026-01-28 15:47:53,4.37
2026-01-28 15:47:54,6.99
2026-01-28 15:47:55,6.99
2026-01-28 15:47:56,6.99
2026-01-28 15:47:57,6.99
2026-01-28 15:47:58,6.99
2026-01-28 15:47:59,7.82
2026-01-28 15:48:00,7.82
2026-01-28 15:48:01,7.82
2026-01-28 15:48:02,7.82
2026-01-28 15:48:03,7.82
2026-01-28 15:48:04,8.46
2026-01-28 15:48:05,8.46
2026-01-28 15:48:06,8.46
2026-01-28 15:48:07,8.46
2026-01-28 15:48:08,8.46
2026-01-28 15:48:09,7.40
2026-01-28 15:48:10,7.40
2026-01-28 15:48:11,7.40
2026-01-28 15:48:12,7.40
2026-01-28 15:48:13,7.40
2026-01-28 15:48:14,6.82
2026-01-28 15:48:15,6.82
2026-01-28 15:48:16,6.82
2026-01-28 15:48:17,6.82
2026-01-28 15:48:18,6.82
2026-01-28 15:48:19,7.32
2026-01-28 15:48:20,7.32
2026-01-28 15:48:21,7.32
2026-01-28 15:48:22,7.32
2026-01-28 15:48:23,7.32
2026-01-28 15:48:24,8.09
2026-01-28 15:48:25,8.09
2026-01-28 15:48:26,8.09
2026-01-28 15:48:27,8.09
2026-01-28 15:48:28,8.09
2026-01-28 15:48:29,7.78
2026-01-28 15:48:30,7.78
2026-01-28 15:48:31,7.78
2026-01-28 15:48:32,7.78
2026-01-28 15:48:33,7.78
2026-01-28 15:48:34,8.46
2026-01-28 15:48:35,8.46
2026-01-28 15:48:36,8.46
2026-01-28 15:48:37,8.46
2026-01-28 15:48:38,8.46
2026-01-28 15:48:39,7.38
2026-01-28 15:48:40,7.38
2026-01-28 15:48:41,7.38
2026-01-28 15:48:42,7.38
2026-01-28 15:48:43,7.38
2026-01-28 15:48:44,8.14
2026-01-28 15:48:45,8.14
2026-01-28 15:48:46,8.14
2026-01-28 15:48:47,8.14
2026-01-28 15:48:48,8.14
2026-01-28 15:48:49,7.63
2026-01-28 15:48:50,7.63
2026-01-28 15:48:51,7.63
2026-01-28 15:48:52,7.63
2026-01-28 15:48:53,7.63
2026-01-28 15:48:54,8.54
2026-01-28 15:48:55,8.54
2026-01-28 15:48:56,8.54
2026-01-28 15:48:57,8.54
2026-01-28 15:48:58,8.54
2026-01-28 15:48:59,9.61
2026-01-28 15:49:00,9.61
2026-01-28 15:49:01,9.61
2026-01-28 15:49:02,9.61
2026-01-28 15:49:03,9.61
2026-01-28 15:49:04,8.77
2026-01-28 15:49:05,8.77
2026-01-28 15:49:06,8.77
2026-01-28 15:49:07,8.77
2026-01-28 15:49:08,8.77
2026-01-28 15:49:09,6.50
2026-01-28 15:49:10,6.50
2026-01-28 15:49:11,6.50
2026-01-28 15:49:12,6.50
2026-01-28 15:49:13,6.50
2026-01-28 15:49:14,5.83
2026-01-28 15:49:15,5.83
2026-01-28 15:49:16,5.83
2026-01-28 15:49:17,5.83
2026-01-28 15:49:18,5.83
2026-01-28 15:49:19,6.72
2026-01-28 15:49:20,6.72
2026-01-28 15:49:21,6.72
2026-01-28 15:49:22,6.72
2026-01-28 15:49:23,6.72
2026-01-28 15:49:24,7.80
2026-01-28 15:49:25,7.80
2026-01-28 15:49:26,7.80
2026-01-28 15:49:27,7.80
2026-01-28 15:49:28,7.80
2026-01-28 15:49:29,6.10
2026-01-28 15:49:30,6.10
2026-01-28 15:49:31,6.10
2026-01-28 15:49:32,6.10
2026-01-28 15:49:33,6.10
2026-01-28 15:49:34,0
2026-01-28 15:49:35,0
2026-01-28 15:49:36,0
2026-01-28 15:49:37,0
2026-01-28 15:49:38,0
2026-01-28 15:49:39,0
2026-01-28 15:49:40,0
2026-01-28 15:49:41,0
2026-01-28 15:49:42,0
2026-01-28 15:49:43,0
2026-01-28 15:49:44,0
2026-01-28 15:49:45,0
2026-01-28 15:49:46,0
2026-01-28 15:49:47,0
2026-01-28 15:49:48,0
2026-01-28 15:49:49,0
2026-01-28 15:49:50,0
2026-01-28 15:49:51,0
2026-01-28 15:49:52,0
2026-01-28 15:49:53,0
2026-01-28 15:49:54,0
2026-01-28 15:49:55,0
2026-01-28 15:49:56,0
2026-01-28 15:49:57,0
2026-01-28 15:49:58,0
2026-01-28 15:49:59,0
2026-01-28 15:50:00,0
2026-01-28 15:50:01,0
2026-01-28 15:50:02,0
2026-01-28 15:50:03,0
2026-01-28 15:50:04,0
2026-01-28 15:50:05,0
2026-01-28 15:50:06,0
2026-01-28 15:50:07,0
2026-01-28 15:50:08,0
2026-01-28 15:50:09,0
2026-01-28 15:50:10,0
2026-01-28 15:50:11,0
2026-01-28 15:50:12,0
2026-01-28 15:50:13,0
2026-01-28 15:50:14,0
2026-01-28 15:50:15,0
2026-01-28 15:50:16,0
2026-01-28 15:50:17,0
2026-01-28 15:50:18,0
2026-01-28 15:50:19,0
2026-01-28 15:50:20,0
2026-01-28 15:50:21,0
2026-01-28 15:50:22,0
2026-01-28 15:50:23,0
2026-01-28 15:50:24,0
2026-01-28 15:50:25,0
2026-01-28 15:50:26,0
2026-01-28 15:50:27,0
2026-01-28 15:50:28,0
2026-01-28 15:50:29,0
2026-01-28 15:50:30,0
2026-01-28 15:50:31,0
2026-01-28 15:50:32,0
2026-01-28 15:50:33,0
2026-01-28 15:50:34,0
2026-01-28 15:50:35,0
2026-01-28 15:50:36,0
2026-01-28 15:50:37,0
2026-01-28 15:50:38,0
2026-01-28 15:50:39,0
2026-01-28 15:50:40,0
2026-01-28 15:50:41,0
2026-01-28 15:50:42,0
2026-01-28 15:50:43,0
2026-01-28 15:50:44,0
2026-01-28 15:50:45,0
2026-01-28 15:50:46,0
2026-01-28 15:50:47,0
2026-01-28 15:50:48,0
2026-01-28 15:50:49,0
2026-01-28 15:50:50,0
2026-01-28 15:50:51,0
2026-01-28 15:50:52,0
2026-01-28 15:50:53,0
2026-01-28 15:50:54,0
2026-01-28 15:50:55,0
2026-01-28 15:50:56,0
2026-01-28 15:50:57,0
2026-01-28 15:50:58,0
2026-01-28 15:50:59,0
2026-01-28 15:51:00,0
2026-01-28 15:51:01,0
2026-01-28 15:51:02,0
2026-01-28 15:51:03,0
2026-01-28 15:51:04,0
2026-01-28 15:51:05,0
2026-01-28 15:51:06,0
2026-01-28 15:51:07,0
2026-01-28 15:51:08,0
2026-01-28 15:53:49,6.70
2026-01-28 15:53:50,6.70
2026-01-28 15:53:51,6.70
2026-01-28 15:53:52,6.70
2026-01-28 15:53:53,6.70
2026-01-28 15:53:54,9.54
2026-01-28 15:53:55,9.54
2026-01-28 15:53:56,9.54
2026-01-28 15:53:57,9.54
2026-01-28 15:53:58,9.54
2026-01-28 15:53:59,7.61
2026-01-28 15:54:00,7.61
2026-01-28 15:54:01,7.61
2026-01-28 15:54:02,7.61
2026-01-28 15:54:03,7.61
2026-01-28 15:54:04,8.28
2026-01-28 15:54:05,8.28
2026-01-28 15:54:06,8.28
2026-01-28 15:54:07,8.28
2026-01-28 15:54:08,8.28
2026-01-28 15:54:09,7.26
2026-01-28 15:54:10,7.26
2026-01-28 15:54:11,7.26
2026-01-28 15:54:12,7.26
2026-01-28 15:54:13,7.26
2026-01-28 15:54:14,6.66
2026-01-28 15:54:15,6.66
2026-01-28 15:54:16,6.66
2026-01-28 15:54:17,6.66
2026-01-28 15:54:18,6.66
2026-01-28 15:54:19,7.31
2026-01-28 15:54:20,7.31
2026-01-28 15:54:21,7.31
2026-01-28 15:54:22,7.31
2026-01-28 15:54:23,7.31
2026-01-28 15:54:24,7.85
2026-01-28 15:54:25,7.85
2026-01-28 15:54:26,7.85
2026-01-28 15:54:27,7.85
2026-01-28 15:54:28,7.85
2026-01-28 15:54:29,7.44
2026-01-28 15:54:30,7.44
2026-01-28 15:54:31,7.44
2026-01-28 15:54:32,7.44
2026-01-28 15:54:33,7.44
2026-01-28 15:54:34,8.17
2026-01-28 15:54:35,8.17
2026-01-28 15:54:36,8.17
2026-01-28 15:54:37,8.17
2026-01-28 15:54:38,8.17
2026-01-28 15:54:39,7.21
2026-01-28 15:54:40,7.21
2026-01-28 15:54:41,7.21
2026-01-28 15:54:42,7.21
2026-01-28 15:54:43,7.21
2026-01-28 15:54:44,7.76
2026-01-28 15:54:45,7.76
2026-01-28 15:54:46,7.76
2026-01-28 15:54:47,7.76
2026-01-28 15:54:48,7.76
2026-01-28 15:54:49,7.37
2026-01-28 15:54:50,7.37
2026-01-28 15:54:51,7.37
2026-01-28 15:54:52,7.37
2026-01-28 15:54:53,7.37
2026-01-28 15:54:54,8.21
2026-01-28 15:54:55,8.21
2026-01-28 15:54:56,8.21
2026-01-28 15:54:57,8.21
2026-01-28 15:54:58,8.21
2026-01-28 15:54:59,7.54
2026-01-28 15:55:00,7.54
2026-01-28 15:55:01,7.54
2026-01-28 15:55:02,7.54
2026-01-28 15:55:03,7.54
2026-01-28 15:55:04,8.07
2026-01-28 15:55:05,8.07
2026-01-28 15:55:06,8.07
2026-01-28 15:55:07,8.07
2026-01-28 15:55:08,8.07
2026-01-28 15:55:09,7.37
2026-01-28 15:55:10,7.37
2026-01-28 15:55:11,7.37
2026-01-28 15:55:12,7.37
2026-01-28 15:55:13,7.37
2026-01-28 15:55:14,6.62
2026-01-28 15:55:15,6.62
2026-01-28 15:55:16,6.62
2026-01-28 15:55:17,6.62
2026-01-28 15:55:18,6.62
2026-01-28 15:55:19,7.25
2026-01-28 15:55:20,7.25
2026-01-28 15:55:21,7.25
2026-01-28 15:55:22,7.25
2026-01-28 15:55:23,7.25
2026-01-28 15:55:24,9.82
2026-01-28 15:55:25,9.82
2026-01-28 15:55:26,9.82
2026-01-28 15:55:27,9.82
2026-01-28 15:55:28,9.82
2026-01-28 15:55:29,7.79
2026-01-28 15:55:30,7.79
2026-01-28 15:55:31,7.79
2026-01-28 15:55:32,7.79
2026-01-28 15:55:33,7.79
2026-01-28 15:55:34,7.28
2026-01-28 15:55:35,7.28
2026-01-28 15:55:36,7.28
2026-01-28 15:55:37,7.28
2026-01-28 15:55:38,7.28
2026-01-28 15:55:39,6.13
2026-01-28 15:55:40,6.13
2026-01-28 15:55:41,6.13
2026-01-28 15:55:42,6.13
2026-01-28 15:55:43,6.13
2026-01-28 15:55:44,6.84
2026-01-28 15:55:45,6.84
2026-01-28 15:55:46,6.84
2026-01-28 15:55:47,6.84
2026-01-28 15:55:48,6.84
2026-01-28 15:55:49,7.73
2026-01-28 15:55:50,7.73
2026-01-28 15:55:51,7.73
2026-01-28 15:55:52,7.73
2026-01-28 15:55:53,7.73
2026-01-28 15:55:54,8.41
2026-01-28 15:55:55,8.41
2026-01-28 15:55:56,8.41
2026-01-28 15:55:57,8.41
2026-01-28 15:55:58,8.41
2026-01-28 15:55:59,7.30
2026-01-28 15:56:00,7.30
2026-01-28 15:56:01,7.30
2026-01-28 15:56:02,7.30
2026-01-28 15:56:03,7.30
2026-01-28 15:56:04,9.80
2026-01-28 15:56:05,9.80
2026-01-28 15:56:06,9.80
2026-01-28 15:56:07,9.80
2026-01-28 15:56:08,9.80
2026-01-28 15:56:09,7.53
2026-01-28 15:56:10,7.53
2026-01-28 15:56:11,7.53
2026-01-28 15:56:12,7.53
2026-01-28 15:56:13,7.53
2026-01-28 15:56:14,5.95
2026-01-28 15:56:15,5.95
2026-01-28 15:56:16,5.95
2026-01-28 15:56:17,5.95
2026-01-28 15:56:18,5.95
2026-01-28 15:56:19,6.45
2026-01-28 15:56:20,6.45
2026-01-28 15:56:21,6.45
2026-01-28 15:56:22,6.45
2026-01-28 15:56:23,6.45
2026-01-28 15:56:24,7.25
2026-01-28 15:56:25,7.25
2026-01-28 15:56:26,7.25
2026-01-28 15:56:27,7.25
2026-01-28 15:56:28,7.25
2026-01-28 15:56:29,6.66
2026-01-28 15:56:30,6.66
2026-01-28 15:56:31,6.66
2026-01-28 15:56:32,6.66
2026-01-28 15:56:33,6.66
2026-01-28 15:56:34,7.54
2026-01-28 15:56:35,7.54
2026-01-28 15:56:36,7.54
2026-01-28 15:56:37,7.54
2026-01-28 15:56:38,7.54
2026-01-28 15:56:39,6.47
2026-01-28 15:56:40,6.47
2026-01-28 15:56:41,6.47
2026-01-28 15:56:42,6.47
2026-01-28 15:56:43,6.47
2026-01-28 15:56:44,7.33
2026-01-28 15:56:45,7.33
2026-01-28 15:56:46,7.33
2026-01-28 15:56:47,7.33
2026-01-28 15:56:48,7.33
2026-01-28 15:56:49,6.68
2026-01-28 15:56:50,6.68
2026-01-28 15:56:51,6.68
2026-01-28 15:56:52,6.68
2026-01-28 15:56:53,6.68
2026-01-28 15:56:54,9.40
2026-01-28 15:56:55,9.40
2026-01-28 15:56:56,9.40
2026-01-28 15:56:57,9.40
2026-01-28 15:56:58,9.40
2026-01-28 15:56:59,6.33
2026-01-28 15:57:00,6.33
2026-01-28 15:57:01,6.33
2026-01-28 15:57:02,6.33
2026-01-28 15:57:03,6.33
2026-01-28 15:57:04,7.54
2026-01-28 15:57:05,7.54
2026-01-28 15:57:06,7.54
2026-01-28 15:57:07,7.54
2026-01-28 15:57:08,7.54
2026-01-28 15:57:09,6.79
2026-01-28 15:57:10,6.79
2026-01-28 15:57:11,6.79
2026-01-28 15:57:12,6.79
2026-01-28 15:57:13,6.79
2026-01-28 15:57:14,5.79
2026-01-28 15:57:15,5.79
2026-01-28 15:57:16,5.79
2026-01-28 15:57:17,5.79
2026-01-28 15:57:18,5.79
2026-01-28 15:57:19,6.41
2026-01-28 15:57:20,6.41
2026-01-28 15:57:21,6.41
2026-01-28 15:57:22,6.41
2026-01-28 15:57:23,6.41
2026-01-28 15:57:24,7.25
2026-01-28 15:57:25,7.25
2026-01-28 15:57:26,7.25
2026-01-28 15:57:27,7.25
2026-01-28 15:57:28,7.25
2026-01-28 15:57:29,6.54
2026-01-28 15:57:30,6.54
2026-01-28 15:57:31,6.54
2026-01-28 15:57:32,6.54
2026-01-28 15:57:33,6.54
2026-01-28 15:57:34,7.38
2026-01-28 15:57:35,7.38
2026-01-28 15:57:36,7.38
2026-01-28 15:57:37,7.38
2026-01-28 15:57:38,7.38
2026-01-28 15:57:39,6.50
2026-01-28 15:57:40,6.50
2026-01-28 15:57:41,6.50
2026-01-28 15:57:42,6.50
2026-01-28 15:57:43,6.50
2026-01-28 15:57:44,7.16
2026-01-28 15:57:45,7.16
2026-01-28 15:57:46,7.16
2026-01-28 15:57:47,7.16
2026-01-28 15:57:48,7.16
2026-01-28 15:57:49,6.57
2026-01-28 15:57:50,6.57
2026-01-28 15:57:51,6.57
2026-01-28 15:57:52,6.57
2026-01-28 15:57:53,6.57
2026-01-28 15:57:54,7.51
2026-01-28 15:57:55,7.51
2026-01-28 15:57:56,7.51
2026-01-28 15:57:57,7.51
2026-01-28 15:57:58,7.51
2026-01-28 15:57:59,6.33
2026-01-28 15:58:00,6.33
2026-01-28 15:58:01,6.33
2026-01-28 15:58:02,6.33
2026-01-28 15:58:03,6.33
2026-01-28 15:58:04,7.23
2026-01-28 15:58:05,7.23
2026-01-28 15:58:06,7.23
2026-01-28 15:58:07,7.23
2026-01-28 15:58:08,7.23
2026-01-28 15:58:09,6.66
2026-01-28 15:58:10,6.66
2026-01-28 15:58:11,6.66
2026-01-28 15:58:12,6.66
2026-01-28 15:58:13,6.66
2026-01-28 15:58:14,5.93
2026-01-28 15:58:15,5.93
2026-01-28 15:58:16,5.93
2026-01-28 15:58:17,5.93
2026-01-28 15:58:18,5.93
2026-01-28 15:58:19,6.50
2026-01-28 15:58:20,6.50
2026-01-28 15:58:21,6.50
2026-01-28 15:58:22,6.50
2026-01-28 15:58:23,6.50
2026-01-28 15:58:24,7.28
2026-01-28 15:58:25,7.28
2026-01-28 15:58:26,7.28
2026-01-28 15:58:27,7.28
2026-01-28 15:58:28,7.28
2026-01-28 15:58:29,6.59
2026-01-28 15:58:30,6.59
2026-01-28 15:58:31,6.59
2026-01-28 15:58:32,6.59
2026-01-28 15:58:33,6.59
2026-01-28 15:58:34,0
2026-01-28 15:58:35,0
2026-01-28 15:58:36,0
2026-01-28 15:58:37,0
2026-01-28 15:58:38,0
2026-01-28 15:58:39,0
2026-01-28 15:58:40,0
2026-01-28 15:58:41,0
2026-01-28 15:58:42,0
2026-01-28 15:58:43,0
2026-01-28 15:58:44,0
2026-01-28 15:58:45,0
2026-01-28 15:58:46,0
2026-01-28 15:58:47,0
2026-01-28 15:58:48,0
2026-01-28 15:58:49,0
2026-01-28 15:58:50,0
2026-01-28 15:58:51,0
2026-01-28 15:58:52,0
2026-01-28 15:58:53,0
2026-01-28 15:58:54,0
2026-01-28 15:58:55,0
2026-01-28 15:58:56,0
2026-01-28 15:58:57,0
2026-01-28 15:58:58,0
2026-01-28 15:58:59,0
2026-01-28 15:59:00,0
2026-01-28 15:59:01,0
2026-01-28 15:59:02,0
2026-01-28 15:59:03,0
2026-01-28 15:59:04,0
2026-01-28 15:59:05,0
2026-01-28 15:59:06,0
2026-01-28 15:59:07,0
2026-01-28 15:59:08,0
2026-01-28 15:59:09,0
2026-01-28 15:59:10,0
2026-01-28 15:59:11,0
2026-01-28 15:59:12,0
2026-01-28 15:59:13,0
2026-01-28 15:59:14,0
2026-01-28 15:59:15,0
2026-01-28 15:59:16,0
2026-01-28 15:59:17,0
2026-01-28 15:59:18,0
2026-01-28 15:59:19,0
2026-01-28 15:59:20,0
2026-01-28 15:59:21,0
2026-01-28 15:59:22,0
2026-01-28 15:59:23,0
2026-01-28 15:59:24,0
2026-01-28 15:59:25,0
2026-01-28 15:59:26,0
2026-01-28 15:59:27,0
2026-01-28 15:59:28,0
2026-01-28 15:59:29,0
2026-01-28 15:59:30,0
2026-01-28 15:59:31,0
2026-01-28 15:59:32,0
2026-01-28 15:59:33,0
2026-01-28 15:59:34,0
2026-01-28 15:59:35,0
2026-01-28 15:59:36,0
2026-01-28 15:59:37,0
2026-01-28 15:59:38,0
2026-01-28 15:59:39,0
2026-01-28 15:59:40,0
2026-01-28 15:59:41,0
2026-01-28 15:59:42,0
2026-01-28 15:59:43,0
2026-01-28 15:59:44,0
2026-01-28 15:59:45,0
2026-01-28 15:59:46,0
2026-01-28 15:59:47,0
2026-01-28 15:59:48,0
2026-01-28 15:59:49,0
2026-01-28 15:59:50,0
2026-01-28 15:59:51,0
2026-01-28 15:59:52,0
2026-01-28 15:59:53,0
2026-01-28 15:59:54,0
2026-01-28 15:59:55,0
2026-01-28 15:59:56,0
2026-01-28 15:59:57,0
2026-01-28 15:59:58,0
2026-01-28 15:59:59,0
2026-01-28 16:00:00,0
2026-01-28 16:00:01,0
2026-01-28 16:00:02,0
2026-01-28 16:00:03,0
2026-01-28 16:00:04,0
2026-01-28 16:00:05,0
2026-01-28 16:00:06,0
2026-01-28 16:00:07,0
2026-01-28 16:00:08,0
2026-01-28 16:03:49,2.83
2026-01-28 16:03:50,2.83
2026-01-28 16:03:51,2.83
2026-01-28 16:03:52,2.83
2026-01-28 16:03:53,2.83
2026-01-28 16:03:54,8.50
2026-01-28 16:03:55,8.50
2026-01-28 16:03:56,8.50
2026-01-28 16:03:57,8.50
2026-01-28 16:03:58,8.50
2026-01-28 16:03:59,8.37
2026-01-28 16:04:00,8.37
2026-01-28 16:04:01,8.37
2026-01-28 16:04:02,8.37
2026-01-28 16:04:03,8.37
2026-01-28 16:04:04,9.23
2026-01-28 16:04:05,9.23
2026-01-28 16:04:06,9.23
2026-01-28 16:04:07,9.23
2026-01-28 16:04:08,9.23
2026-01-28 16:04:09,8.29
2026-01-28 16:04:10,8.29
2026-01-28 16:04:11,8.29
2026-01-28 16:04:12,8.29
2026-01-28 16:04:13,8.29
2026-01-28 16:04:14,7.67
2026-01-28 16:04:15,7.67
2026-01-28 16:04:16,7.67
2026-01-28 16:04:17,7.67
2026-01-28 16:04:18,7.67
2026-01-28 16:04:19,8.35
2026-01-28 16:04:20,8.35
2026-01-28 16:04:21,8.35
2026-01-28 16:04:22,8.35
2026-01-28 16:04:23,8.35
2026-01-28 16:04:24,9.57
2026-01-28 16:04:25,9.57
2026-01-28 16:04:26,9.57
2026-01-28 16:04:27,9.57
2026-01-28 16:04:28,9.57
2026-01-28 16:04:29,8.34
2026-01-28 16:04:30,8.34
2026-01-28 16:04:31,8.34
2026-01-28 16:04:32,8.34
2026-01-28 16:04:33,8.34
2026-01-28 16:04:34,8.87
2026-01-28 16:04:35,8.87
2026-01-28 16:04:36,8.87
2026-01-28 16:04:37,8.87
2026-01-28 16:04:38,8.87
2026-01-28 16:04:39,10.0
2026-01-28 16:04:40,10.0
2026-01-28 16:04:41,10.0
2026-01-28 16:04:42,10.0
2026-01-28 16:04:43,10.0
2026-01-28 16:04:44,9.42
2026-01-28 16:04:45,9.42
2026-01-28 16:04:46,9.42
2026-01-28 16:04:47,9.42
2026-01-28 16:04:48,9.42
2026-01-28 16:04:49,7.51
2026-01-28 16:04:50,7.51
2026-01-28 16:04:51,7.51
2026-01-28 16:04:52,7.51
2026-01-28 16:04:53,7.51
2026-01-28 16:04:54,8.24
2026-01-28 16:04:55,8.24
2026-01-28 16:04:56,8.24
2026-01-28 16:04:57,8.24
2026-01-28 16:04:58,8.24
2026-01-28 16:04:59,7.14
2026-01-28 16:05:00,7.14
2026-01-28 16:05:01,7.14
2026-01-28 16:05:02,7.14
2026-01-28 16:05:03,7.14
2026-01-28 16:05:04,7.83
2026-01-28 16:05:05,7.83
2026-01-28 16:05:06,7.83
2026-01-28 16:05:07,7.83
2026-01-28 16:05:08,7.83
2026-01-28 16:05:09,7.38
2026-01-28 16:05:10,7.38
2026-01-28 16:05:11,7.38
2026-01-28 16:05:12,7.38
2026-01-28 16:05:13,7.38
2026-01-28 16:05:14,6.62
2026-01-28 16:05:15,6.62
2026-01-28 16:05:16,6.62
2026-01-28 16:05:17,6.62
2026-01-28 16:05:18,6.62
2026-01-28 16:05:19,7.14
2026-01-28 16:05:20,7.14
2026-01-28 16:05:21,7.14
2026-01-28 16:05:22,7.14
2026-01-28 16:05:23,7.14
2026-01-28 16:05:24,7.83
2026-01-28 16:05:25,7.83
2026-01-28 16:05:26,7.83
2026-01-28 16:05:27,7.83
2026-01-28 16:05:28,7.83
2026-01-28 16:05:29,7.26
2026-01-28 16:05:30,7.26
2026-01-28 16:05:31,7.26
2026-01-28 16:05:32,7.26
2026-01-28 16:05:33,7.26
2026-01-28 16:05:34,7.92
2026-01-28 16:05:35,7.92
2026-01-28 16:05:36,7.92
2026-01-28 16:05:37,7.92
2026-01-28 16:05:38,7.92
2026-01-28 16:05:39,7.21
2026-01-28 16:05:40,7.21
2026-01-28 16:05:41,7.21
2026-01-28 16:05:42,7.21
2026-01-28 16:05:43,7.21
2026-01-28 16:05:44,7.95
2026-01-28 16:05:45,7.95
2026-01-28 16:05:46,7.95
2026-01-28 16:05:47,7.95
2026-01-28 16:05:48,7.95
2026-01-28 16:05:49,7.63
2026-01-28 16:05:50,7.63
2026-01-28 16:05:51,7.63
2026-01-28 16:05:52,7.63
2026-01-28 16:05:53,7.63
2026-01-28 16:05:54,8.42
2026-01-28 16:05:55,8.42
2026-01-28 16:05:56,8.42
2026-01-28 16:05:57,8.42
2026-01-28 16:05:58,8.42
2026-01-28 16:05:59,7.38
2026-01-28 16:06:00,7.38
2026-01-28 16:06:01,7.38
2026-01-28 16:06:02,7.38
2026-01-28 16:06:03,7.38
2026-01-28 16:06:04,8.40
2026-01-28 16:06:05,8.40
2026-01-28 16:06:06,8.40
2026-01-28 16:06:07,8.40
2026-01-28 16:06:08,8.40
2026-01-28 16:06:09,8.65
2026-01-28 16:06:10,8.65
2026-01-28 16:06:11,8.65
2026-01-28 16:06:12,8.65
2026-01-28 16:06:13,8.65
2026-01-28 16:06:14,6.00
2026-01-28 16:06:15,6.00
2026-01-28 16:06:16,6.00
2026-01-28 16:06:17,6.00
2026-01-28 16:06:18,6.00
2026-01-28 16:06:19,6.40
2026-01-28 16:06:20,6.40
2026-01-28 16:06:21,6.40
2026-01-28 16:06:22,6.40
2026-01-28 16:06:23,6.40
2026-01-28 16:06:24,7.29
2026-01-28 16:06:25,7.29
2026-01-28 16:06:26,7.29
2026-01-28 16:06:27,7.29
2026-01-28 16:06:28,7.29
2026-01-28 16:06:29,6.49
2026-01-28 16:06:30,6.49
2026-01-28 16:06:31,6.49
2026-01-28 16:06:32,6.49
2026-01-28 16:06:33,6.49
2026-01-28 16:06:34,7.33
2026-01-28 16:06:35,7.33
2026-01-28 16:06:36,7.33
2026-01-28 16:06:37,7.33
2026-01-28 16:06:38,7.33
2026-01-28 16:06:39,6.55
2026-01-28 16:06:40,6.55
2026-01-28 16:06:41,6.55
2026-01-28 16:06:42,6.55
2026-01-28 16:06:43,6.55
2026-01-28 16:06:44,7.35
2026-01-28 16:06:45,7.35
2026-01-28 16:06:46,7.35
2026-01-28 16:06:47,7.35
2026-01-28 16:06:48,7.35
2026-01-28 16:06:49,6.76
2026-01-28 16:06:50,6.76
2026-01-28 16:06:51,6.76
2026-01-28 16:06:52,6.76
2026-01-28 16:06:53,6.76
2026-01-28 16:06:54,7.73
2026-01-28 16:06:55,7.73
2026-01-28 16:06:56,7.73
2026-01-28 16:06:57,7.73
2026-01-28 16:06:58,7.73
2026-01-28 16:06:59,6.51
2026-01-28 16:07:00,6.51
2026-01-28 16:07:01,6.51
2026-01-28 16:07:02,6.51
2026-01-28 16:07:03,6.51
2026-01-28 16:07:04,7.26
2026-01-28 16:07:05,7.26
2026-01-28 16:07:06,7.26
2026-01-28 16:07:07,7.26
2026-01-28 16:07:08,7.26
2026-01-28 16:07:09,8.22
2026-01-28 16:07:10,8.22
2026-01-28 16:07:11,8.22
2026-01-28 16:07:12,8.22
2026-01-28 16:07:13,8.22
2026-01-28 16:07:14,5.97
2026-01-28 16:07:15,5.97
2026-01-28 16:07:16,5.97
2026-01-28 16:07:17,5.97
2026-01-28 16:07:18,5.97
2026-01-28 16:07:19,6.96
2026-01-28 16:07:20,6.96
2026-01-28 16:07:21,6.96
2026-01-28 16:07:22,6.96
2026-01-28 16:07:23,6.96
2026-01-28 16:07:24,7.31
2026-01-28 16:07:25,7.31
2026-01-28 16:07:26,7.31
2026-01-28 16:07:27,7.31
2026-01-28 16:07:28,7.31
2026-01-28 16:07:29,6.43
2026-01-28 16:07:30,6.43
2026-01-28 16:07:31,6.43
2026-01-28 16:07:32,6.43
2026-01-28 16:07:33,6.43
2026-01-28 16:07:34,7.20
2026-01-28 16:07:35,7.20
2026-01-28 16:07:36,7.20
2026-01-28 16:07:37,7.20
2026-01-28 16:07:38,7.20
2026-01-28 16:07:39,6.29
2026-01-28 16:07:40,6.29
2026-01-28 16:07:41,6.29
2026-01-28 16:07:42,6.29
2026-01-28 16:07:43,6.29
2026-01-28 16:07:44,7.17
2026-01-28 16:07:45,7.17
2026-01-28 16:07:46,7.17
2026-01-28 16:07:47,7.17
2026-01-28 16:07:48,7.17
2026-01-28 16:07:49,6.39
2026-01-28 16:07:50,6.39
2026-01-28 16:07:51,6.39
2026-01-28 16:07:52,6.39
2026-01-28 16:07:53,6.39
2026-01-28 16:07:54,7.14
2026-01-28 16:07:55,7.14
2026-01-28 16:07:56,7.14
2026-01-28 16:07:57,7.14
2026-01-28 16:07:58,7.14
2026-01-28 16:07:59,7.65
2026-01-28 16:08:00,7.65
2026-01-28 16:08:01,7.65
2026-01-28 16:08:02,7.65
2026-01-28 16:08:03,7.65
2026-01-28 16:08:04,7.98
2026-01-28 16:08:05,7.98
2026-01-28 16:08:06,7.98
2026-01-28 16:08:07,7.98
2026-01-28 16:08:08,7.98
2026-01-28 16:08:09,7.29
2026-01-28 16:08:10,7.29
2026-01-28 16:08:11,7.29
2026-01-28 16:08:12,7.29
2026-01-28 16:08:13,7.29
2026-01-28 16:08:14,6.56
2026-01-28 16:08:15,6.56
2026-01-28 16:08:16,6.56
2026-01-28 16:08:17,6.56
2026-01-28 16:08:18,6.56
2026-01-28 16:08:19,7.13
2026-01-28 16:08:20,7.13
2026-01-28 16:08:21,7.13
2026-01-28 16:08:22,7.13
2026-01-28 16:08:23,7.13
2026-01-28 16:08:24,7.93
2026-01-28 16:08:25,7.93
2026-01-28 16:08:26,7.93
2026-01-28 16:08:27,7.93
2026-01-28 16:08:28,7.93
2026-01-28 16:08:29,6.94
2026-01-28 16:08:30,6.94
2026-01-28 16:08:31,6.94
2026-01-28 16:08:32,6.94
2026-01-28 16:08:33,6.94
2026-01-28 16:08:34,8.55
2026-01-28 16:08:35,8.55
2026-01-28 16:08:36,8.55
2026-01-28 16:08:37,8.55
2026-01-28 16:08:38,8.55
2026-01-28 16:08:39,0
2026-01-28 16:08:40,0
2026-01-28 16:08:41,0
2026-01-28 16:08:42,0
2026-01-28 16:08:43,0
2026-01-28 16:08:44,0
2026-01-28 16:08:45,0
2026-01-28 16:08:46,0
2026-01-28 16:08:47,0
2026-01-28 16:08:48,0
2026-01-28 16:08:49,0
2026-01-28 16:08:50,0
2026-01-28 16:08:51,0
2026-01-28 16:08:52,0
2026-01-28 16:08:53,0
2026-01-28 16:08:54,0
2026-01-28 16:08:55,0
2026-01-28 16:08:56,0
2026-01-28 16:08:57,0
2026-01-28 16:08:58,0
2026-01-28 16:08:59,0
2026-01-28 16:09:00,0
2026-01-28 16:09:01,0
2026-01-28 16:09:02,0
2026-01-28 16:09:03,0
2026-01-28 16:09:04,0
2026-01-28 16:09:05,0
2026-01-28 16:09:06,0
2026-01-28 16:09:07,0
2026-01-28 16:09:08,0
2026-01-28 16:09:09,0
2026-01-28 16:09:10,0
2026-01-28 16:09:11,0
2026-01-28 16:09:12,0
2026-01-28 16:09:13,0
2026-01-28 16:09:14,0
2026-01-28 16:09:15,0
2026-01-28 16:09:16,0
2026-01-28 16:09:17,0
2026-01-28 16:09:18,0
2026-01-28 16:09:19,0
2026-01-28 16:09:20,0
2026-01-28 16:09:21,0
2026-01-28 16:09:22,0
2026-01-28 16:09:23,0
2026-01-28 16:09:24,0
2026-01-28 16:09:25,0
2026-01-28 16:09:26,0
2026-01-28 16:09:27,0
2026-01-28 16:09:28,0
2026-01-28 16:09:29,0
2026-01-28 16:09:30,0
2026-01-28 16:09:31,0
2026-01-28 16:09:32,0
2026-01-28 16:09:33,0
2026-01-28 16:09:34,0
2026-01-28 16:09:35,0
2026-01-28 16:09:36,0
2026-01-28 16:09:37,0
2026-01-28 16:09:38,0
2026-01-28 16:09:39,0
2026-01-28 16:09:40,0
2026-01-28 16:09:41,0
2026-01-28 16:09:42,0
2026-01-28 16:09:43,0
2026-01-28 16:09:44,0
2026-01-28 16:09:45,0
2026-01-28 16:09:46,0
2026-01-28 16:09:47,0
2026-01-28 16:09:48,0
2026-01-28 16:09:49,0
2026-01-28 16:09:50,0
2026-01-28 16:09:51,0
2026-01-28 16:09:52,0
2026-01-28 16:09:53,0
2026-01-28 16:09:54,0
2026-01-28 16:09:55,0
2026-01-28 16:09:56,0
2026-01-28 16:09:57,0
2026-01-28 16:09:58,0
2026-01-28 16:09:59,0
2026-01-28 16:10:00,0
2026-01-28 16:10:01,0
2026-01-28 16:10:02,0
2026-01-28 16:10:03,0
2026-01-28 16:10:04,0
2026-01-28 16:10:05,0
2026-01-28 16:10:06,0
2026-01-28 16:10:07,0
2026-01-28 16:10:08,0
2026-01-28 16:10:09,0
2026-01-28 16:10:10,0
2026-01-28 16:10:11,0
2026-01-28 16:10:12,0
2026-01-28 16:10:13,0
2026-01-28 16:10:24,6.81
2026-01-28 16:10:25,6.81
2026-01-28 16:10:26,6.81
2026-01-28 16:10:27,6.81
2026-01-28 16:10:28,6.81
2026-01-28 16:10:29,7.83
2026-01-28 16:10:30,7.83
2026-01-28 16:10:31,7.83
2026-01-28 16:10:32,7.83
2026-01-28 16:10:33,7.83
2026-01-28 16:10:34,8.38
2026-01-28 16:10:35,8.38
2026-01-28 16:10:36,8.38
2026-01-28 16:10:37,8.38
2026-01-28 16:10:38,8.38
2026-01-28 16:10:39,7.25
2026-01-28 16:10:40,7.25
2026-01-28 16:10:41,7.25
2026-01-28 16:10:42,7.25
2026-01-28 16:10:43,7.25
2026-01-28 16:10:44,7.84
2026-01-28 16:10:45,7.84
2026-01-28 16:10:46,7.84
2026-01-28 16:10:47,7.84
2026-01-28 16:10:48,7.84
2026-01-28 16:10:49,7.42
2026-01-28 16:10:50,7.42
2026-01-28 16:10:51,7.42
2026-01-28 16:10:52,7.42
2026-01-28 16:10:53,7.42
2026-01-28 16:10:54,8.13
2026-01-28 16:10:55,8.13
2026-01-28 16:10:56,8.13
2026-01-28 16:10:57,8.13
2026-01-28 16:10:58,8.13
2026-01-28 16:10:59,7.19
2026-01-28 16:11:00,7.19
2026-01-28 16:11:01,7.19
2026-01-28 16:11:02,7.19
2026-01-28 16:11:03,7.19
2026-01-28 16:11:04,7.88
2026-01-28 16:11:05,7.88
2026-01-28 16:11:06,7.88
2026-01-28 16:11:07,7.88
2026-01-28 16:11:08,7.88
2026-01-28 16:11:09,7.42
2026-01-28 16:11:10,7.42
2026-01-28 16:11:11,7.42
2026-01-28 16:11:12,7.42
2026-01-28 16:11:13,7.42
2026-01-28 16:11:14,6.72
2026-01-28 16:11:15,6.72
2026-01-28 16:11:16,6.72
2026-01-28 16:11:17,6.72
2026-01-28 16:11:18,6.72
2026-01-28 16:11:19,7.29
2026-01-28 16:11:20,7.29
2026-01-28 16:11:21,7.29
2026-01-28 16:11:22,7.29
2026-01-28 16:11:23,7.29
2026-01-28 16:11:24,7.85
2026-01-28 16:11:25,7.85
2026-01-28 16:11:26,7.85
2026-01-28 16:11:27,7.85
2026-01-28 16:11:28,7.85
2026-01-28 16:11:29,8.51
2026-01-28 16:11:30,8.51
2026-01-28 16:11:31,8.51
2026-01-28 16:11:32,8.51
2026-01-28 16:11:33,8.51
2026-01-28 16:11:34,8.96
2026-01-28 16:11:35,8.96
2026-01-28 16:11:36,8.96
2026-01-28 16:11:37,8.96
2026-01-28 16:11:38,8.96
2026-01-28 16:11:39,8.11
2026-01-28 16:11:40,8.11
2026-01-28 16:11:41,8.11
2026-01-28 16:11:42,8.11
2026-01-28 16:11:43,8.11
2026-01-28 16:11:44,8.94
2026-01-28 16:11:45,8.94
2026-01-28 16:11:46,8.94
2026-01-28 16:11:47,8.94
2026-01-28 16:11:48,8.94
2026-01-28 16:11:49,8.35
2026-01-28 16:11:50,8.35
2026-01-28 16:11:51,8.35
2026-01-28 16:11:52,8.35
2026-01-28 16:11:53,8.35
2026-01-28 16:11:54,9.14
2026-01-28 16:11:55,9.14
2026-01-28 16:11:56,9.14
2026-01-28 16:11:57,9.14
2026-01-28 16:11:58,9.14
2026-01-28 16:11:59,8.08
2026-01-28 16:12:00,8.08
2026-01-28 16:12:01,8.08
2026-01-28 16:12:02,8.08
2026-01-28 16:12:03,8.08
2026-01-28 16:12:04,8.75
2026-01-28 16:12:05,8.75
2026-01-28 16:12:06,8.75
2026-01-28 16:12:07,8.75
2026-01-28 16:12:08,8.75
2026-01-28 16:12:09,8.34
2026-01-28 16:12:10,8.34
2026-01-28 16:12:11,8.34
2026-01-28 16:12:12,8.34
2026-01-28 16:12:13,8.34
2026-01-28 16:12:14,7.80
2026-01-28 16:12:15,7.80
2026-01-28 16:12:16,7.80
2026-01-28 16:12:17,7.80
2026-01-28 16:12:18,7.80
2026-01-28 16:12:19,8.39
2026-01-28 16:12:20,8.39
2026-01-28 16:12:21,8.39
2026-01-28 16:12:22,8.39
2026-01-28 16:12:23,8.39
2026-01-28 16:12:24,9.04
2026-01-28 16:12:25,9.04
2026-01-28 16:12:26,9.04
2026-01-28 16:12:27,9.04
2026-01-28 16:12:28,9.04
2026-01-28 16:12:29,8.27
2026-01-28 16:12:30,8.27
2026-01-28 16:12:31,8.27
2026-01-28 16:12:32,8.27
2026-01-28 16:12:33,8.27
2026-01-28 16:12:34,10.9
2026-01-28 16:12:35,10.9
2026-01-28 16:12:36,10.9
2026-01-28 16:12:37,10.9
2026-01-28 16:12:38,10.9
2026-01-28 16:12:39,8.55
2026-01-28 16:12:40,8.55
2026-01-28 16:12:41,8.55
2026-01-28 16:12:42,8.55
2026-01-28 16:12:43,8.55
2026-01-28 16:12:44,7.88
2026-01-28 16:12:45,7.88
2026-01-28 16:12:46,7.88
2026-01-28 16:12:47,7.88
2026-01-28 16:12:48,7.88
2026-01-28 16:12:49,7.42
2026-01-28 16:12:50,7.42
2026-01-28 16:12:51,7.42
2026-01-28 16:12:52,7.42
2026-01-28 16:12:53,7.42
2026-01-28 16:12:54,8.24
2026-01-28 16:12:55,8.24
2026-01-28 16:12:56,8.24
2026-01-28 16:12:57,8.24
2026-01-28 16:12:58,8.24
2026-01-28 16:12:59,7.25
2026-01-28 16:13:00,7.25
2026-01-28 16:13:01,7.25
2026-01-28 16:13:02,7.25
2026-01-28 16:13:03,7.25
2026-01-28 16:13:04,7.81
2026-01-28 16:13:05,7.81
2026-01-28 16:13:06,7.81
2026-01-28 16:13:07,7.81
2026-01-28 16:13:08,7.81
2026-01-28 16:13:09,7.38
2026-01-28 16:13:10,7.38
2026-01-28 16:13:11,7.38
2026-01-28 16:13:12,7.38
2026-01-28 16:13:13,7.38
2026-01-28 16:13:14,6.64
2026-01-28 16:13:15,6.64
2026-01-28 16:13:16,6.64
2026-01-28 16:13:17,6.64
2026-01-28 16:13:18,6.64
2026-01-28 16:13:19,7.26
2026-01-28 16:13:20,7.26
2026-01-28 16:13:21,7.26
2026-01-28 16:13:22,7.26
2026-01-28 16:13:23,7.26
2026-01-28 16:13:24,8.03
2026-01-28 16:13:25,8.03
2026-01-28 16:13:26,8.03
2026-01-28 16:13:27,8.03
2026-01-28 16:13:28,8.03
2026-01-28 16:13:29,7.38
2026-01-28 16:13:30,7.38
2026-01-28 16:13:31,7.38
2026-01-28 16:13:32,7.38
2026-01-28 16:13:33,7.38
2026-01-28 16:13:34,8.18
2026-01-28 16:13:35,8.18
2026-01-28 16:13:36,8.18
2026-01-28 16:13:37,8.18
2026-01-28 16:13:38,8.18
2026-01-28 16:13:39,7.29
2026-01-28 16:13:40,7.29
2026-01-28 16:13:41,7.29
2026-01-28 16:13:42,7.29
2026-01-28 16:13:43,7.29
2026-01-28 16:13:44,7.95
2026-01-28 16:13:45,7.95
2026-01-28 16:13:46,7.95
2026-01-28 16:13:47,7.95
2026-01-28 16:13:48,7.95
2026-01-28 16:13:49,7.54
2026-01-28 16:13:50,7.54
2026-01-28 16:13:51,7.54
2026-01-28 16:13:52,7.54
2026-01-28 16:13:53,7.54
2026-01-28 16:13:54,8.33
2026-01-28 16:13:55,8.33
2026-01-28 16:13:56,8.33
2026-01-28 16:13:57,8.33
2026-01-28 16:13:58,8.33
2026-01-28 16:13:59,7.16
2026-01-28 16:14:00,7.16
2026-01-28 16:14:01,7.16
2026-01-28 16:14:02,7.16
2026-01-28 16:14:03,7.16
2026-01-28 16:14:04,7.92
2026-01-28 16:14:05,7.92
2026-01-28 16:14:06,7.92
2026-01-28 16:14:07,7.92
2026-01-28 16:14:08,7.92
2026-01-28 16:14:09,7.49
2026-01-28 16:14:10,7.49
2026-01-28 16:14:11,7.49
2026-01-28 16:14:12,7.49
2026-01-28 16:14:13,7.49
2026-01-28 16:14:14,6.62
2026-01-28 16:14:15,6.62
2026-01-28 16:14:16,6.62
2026-01-28 16:14:17,6.62
2026-01-28 16:14:18,6.62
2026-01-28 16:14:19,7.26
2026-01-28 16:14:20,7.26
2026-01-28 16:14:21,7.26
2026-01-28 16:14:22,7.26
2026-01-28 16:14:23,7.26
2026-01-28 16:14:24,10.3
2026-01-28 16:14:25,10.3
2026-01-28 16:14:26,10.3
2026-01-28 16:14:27,10.3
2026-01-28 16:14:28,10.3
2026-01-28 16:14:29,8.76
2026-01-28 16:14:30,8.76
2026-01-28 16:14:31,8.76
2026-01-28 16:14:32,8.76
2026-01-28 16:14:33,8.76
2026-01-28 16:14:34,7.59
2026-01-28 16:14:35,7.59
2026-01-28 16:14:36,7.59
2026-01-28 16:14:37,7.59
2026-01-28 16:14:38,7.59
2026-01-28 16:14:39,6.43
2026-01-28 16:14:40,6.43
2026-01-28 16:14:41,6.43
2026-01-28 16:14:42,6.43
2026-01-28 16:14:43,6.43
2026-01-28 16:14:44,7.29
2026-01-28 16:14:45,7.29
2026-01-28 16:14:46,7.29
2026-01-28 16:14:47,7.29
2026-01-28 16:14:48,7.29
2026-01-28 16:14:49,6.67
2026-01-28 16:14:50,6.67
2026-01-28 16:14:51,6.67
2026-01-28 16:14:52,6.67
2026-01-28 16:14:53,6.67
2026-01-28 16:14:54,7.59
2026-01-28 16:14:55,7.59
2026-01-28 16:14:56,7.59
2026-01-28 16:14:57,7.59
2026-01-28 16:14:58,7.59
2026-01-28 16:14:59,6.46
2026-01-28 16:15:00,6.46
2026-01-28 16:15:01,6.46
2026-01-28 16:15:02,6.46
2026-01-28 16:15:03,6.46
2026-01-28 16:15:04,7.20
2026-01-28 16:15:05,7.20
2026-01-28 16:15:06,7.20
2026-01-28 16:15:07,7.20
2026-01-28 16:15:08,7.20
2026-01-28 16:15:09,0
2026-01-28 16:15:10,0
2026-01-28 16:15:11,0
2026-01-28 16:15:12,0
2026-01-28 16:15:13,0
2026-01-28 16:15:14,0
2026-01-28 16:15:15,0
2026-01-28 16:15:16,0
2026-01-28 16:15:17,0
2026-01-28 16:15:18,0
2026-01-28 16:15:19,0
2026-01-28 16:15:20,0
2026-01-28 16:15:21,0
2026-01-28 16:15:22,0
2026-01-28 16:15:23,0
2026-01-28 16:15:24,0
2026-01-28 16:15:25,0
2026-01-28 16:15:26,0
2026-01-28 16:15:27,0
2026-01-28 16:15:28,0
2026-01-28 16:15:29,0
2026-01-28 16:15:30,0
2026-01-28 16:15:31,0
2026-01-28 16:15:32,0
2026-01-28 16:15:33,0
2026-01-28 16:15:34,0
2026-01-28 16:15:35,0
2026-01-28 16:15:36,0
2026-01-28 16:15:37,0
2026-01-28 16:15:38,0
2026-01-28 16:15:39,0
2026-01-28 16:15:40,0
2026-01-28 16:15:41,0
2026-01-28 16:15:42,0
2026-01-28 16:15:43,0
2026-01-28 16:15:44,0
2026-01-28 16:15:45,0
2026-01-28 16:15:46,0
2026-01-28 16:15:47,0
2026-01-28 16:15:48,0
2026-01-28 16:15:49,0
2026-01-28 16:15:50,0
2026-01-28 16:15:51,0
2026-01-28 16:15:52,0
2026-01-28 16:15:53,0
2026-01-28 16:15:54,0
2026-01-28 16:15:55,0
2026-01-28 16:15:56,0
2026-01-28 16:15:57,0
2026-01-28 16:15:58,0
2026-01-28 16:15:59,0
2026-01-28 16:16:00,0
2026-01-28 16:16:01,0
2026-01-28 16:16:02,0
2026-01-28 16:16:03,0
2026-01-28 16:16:04,0
2026-01-28 16:16:05,0
2026-01-28 16:16:06,0
2026-01-28 16:16:07,0
2026-01-28 16:16:08,0
2026-01-28 16:16:09,0
2026-01-28 16:16:10,0
2026-01-28 16:16:11,0
2026-01-28 16:16:12,0
2026-01-28 16:16:13,0
2026-01-28 16:16:14,0
2026-01-28 16:16:15,0
2026-01-28 16:16:16,0
2026-01-28 16:16:17,0
2026-01-28 16:16:18,0
2026-01-28 16:16:19,0
2026-01-28 16:16:20,0
2026-01-28 16:16:21,0
2026-01-28 16:16:22,0
2026-01-28 16:16:23,0
2026-01-28 16:16:24,0
2026-01-28 16:16:25,0
2026-01-28 16:16:26,0
2026-01-28 16:16:27,0
2026-01-28 16:16:28,0
2026-01-28 16:16:29,0
2026-01-28 16:16:30,0
2026-01-28 16:16:31,0
2026-01-28 16:16:32,0
2026-01-28 16:16:33,0
2026-01-28 16:16:34,0
2026-01-28 16:16:35,0
2026-01-28 16:16:36,0
2026-01-28 16:16:37,0
2026-01-28 16:16:38,0
2026-01-28 16:16:39,0
2026-01-28 16:16:40,0
2026-01-28 16:16:41,0
2026-01-28 16:16:42,0
2026-01-28 16:16:43,0
2026-01-28 16:17:09,6.33
2026-01-28 16:17:10,6.33
2026-01-28 16:17:11,6.33
2026-01-28 16:17:12,6.33
2026-01-28 16:17:13,6.33
2026-01-28 16:17:14,7.52
2026-01-28 16:17:15,7.52
2026-01-28 16:17:16,7.52
2026-01-28 16:17:17,7.52
2026-01-28 16:17:18,7.52
2026-01-28 16:17:19,7.80
2026-01-28 16:17:20,7.80
2026-01-28 16:17:21,7.80
2026-01-28 16:17:22,7.80
2026-01-28 16:17:23,7.80
2026-01-28 16:17:24,11.5
2026-01-28 16:17:25,11.5
2026-01-28 16:17:26,11.5
2026-01-28 16:17:27,11.5
2026-01-28 16:17:28,11.5
2026-01-28 16:17:29,9.09
2026-01-28 16:17:30,9.09
2026-01-28 16:17:31,9.09
2026-01-28 16:17:32,9.09
2026-01-28 16:17:33,9.09
2026-01-28 16:17:34,9.02
2026-01-28 16:17:35,9.02
2026-01-28 16:17:36,9.02
2026-01-28 16:17:37,9.02
2026-01-28 16:17:38,9.02
2026-01-28 16:17:39,8.21
2026-01-28 16:17:40,8.21
2026-01-28 16:17:41,8.21
2026-01-28 16:17:42,8.21
2026-01-28 16:17:43,8.21
2026-01-28 16:17:44,8.94
2026-01-28 16:17:45,8.94
2026-01-28 16:17:46,8.94
2026-01-28 16:17:47,8.94
2026-01-28 16:17:48,8.94
2026-01-28 16:17:49,8.34
2026-01-28 16:17:50,8.34
2026-01-28 16:17:51,8.34
2026-01-28 16:17:52,8.34
2026-01-28 16:17:53,8.34
2026-01-28 16:17:54,9.18
2026-01-28 16:17:55,9.18
2026-01-28 16:17:56,9.18
2026-01-28 16:17:57,9.18
2026-01-28 16:17:58,9.18
2026-01-28 16:17:59,8.28
2026-01-28 16:18:00,8.28
2026-01-28 16:18:01,8.28
2026-01-28 16:18:02,8.28
2026-01-28 16:18:03,8.28
2026-01-28 16:18:04,8.94
2026-01-28 16:18:05,8.94
2026-01-28 16:18:06,8.94
2026-01-28 16:18:07,8.94
2026-01-28 16:18:08,8.94
2026-01-28 16:18:09,9.57
2026-01-28 16:18:10,9.57
2026-01-28 16:18:11,9.57
2026-01-28 16:18:12,9.57
2026-01-28 16:18:13,9.57
2026-01-28 16:18:14,6.52
2026-01-28 16:18:15,6.52
2026-01-28 16:18:16,6.52
2026-01-28 16:18:17,6.52
2026-01-28 16:18:18,6.52
2026-01-28 16:18:19,7.48
2026-01-28 16:18:20,7.48
2026-01-28 16:18:21,7.48
2026-01-28 16:18:22,7.48
2026-01-28 16:18:23,7.48
2026-01-28 16:18:24,7.86
2026-01-28 16:18:25,7.86
2026-01-28 16:18:26,7.86
2026-01-28 16:18:27,7.86
2026-01-28 16:18:28,7.86
2026-01-28 16:18:29,7.19
2026-01-28 16:18:30,7.19
2026-01-28 16:18:31,7.19
2026-01-28 16:18:32,7.19
2026-01-28 16:18:33,7.19
2026-01-28 16:18:34,7.91
2026-01-28 16:18:35,7.91
2026-01-28 16:18:36,7.91
2026-01-28 16:18:37,7.91
2026-01-28 16:18:38,7.91
2026-01-28 16:18:39,7.40
2026-01-28 16:18:40,7.40
2026-01-28 16:18:41,7.40
2026-01-28 16:18:42,7.40
2026-01-28 16:18:43,7.40
2026-01-28 16:18:44,7.89
2026-01-28 16:18:45,7.89
2026-01-28 16:18:46,7.89
2026-01-28 16:18:47,7.89
2026-01-28 16:18:48,7.89
2026-01-28 16:18:49,7.54
2026-01-28 16:18:50,7.54
2026-01-28 16:18:51,7.54
2026-01-28 16:18:52,7.54
2026-01-28 16:18:53,7.54
2026-01-28 16:18:54,8.23
2026-01-28 16:18:55,8.23
2026-01-28 16:18:56,8.23
2026-01-28 16:18:57,8.23
2026-01-28 16:18:58,8.23
2026-01-28 16:18:59,9.35
2026-01-28 16:19:00,9.35
2026-01-28 16:19:01,9.35
2026-01-28 16:19:02,9.35
2026-01-28 16:19:03,9.35
2026-01-28 16:19:04,8.29
2026-01-28 16:19:05,8.29
2026-01-28 16:19:06,8.29
2026-01-28 16:19:07,8.29
2026-01-28 16:19:08,8.29
2026-01-28 16:19:09,6.45
2026-01-28 16:19:10,6.45
2026-01-28 16:19:11,6.45
2026-01-28 16:19:12,6.45
2026-01-28 16:19:13,6.45
2026-01-28 16:19:14,5.48
2026-01-28 16:19:15,5.48
2026-01-28 16:19:16,5.48
2026-01-28 16:19:17,5.48
2026-01-28 16:19:18,5.48
2026-01-28 16:19:19,7.23
2026-01-28 16:19:20,7.23
2026-01-28 16:19:21,7.23
2026-01-28 16:19:22,7.23
2026-01-28 16:19:23,7.23
2026-01-28 16:19:24,9.13
2026-01-28 16:19:25,9.13
2026-01-28 16:19:26,9.13
2026-01-28 16:19:27,9.13
2026-01-28 16:19:28,9.13
2026-01-28 16:19:29,7.45
2026-01-28 16:19:30,7.45
2026-01-28 16:19:31,7.45
2026-01-28 16:19:32,7.45
2026-01-28 16:19:33,7.45
2026-01-28 16:19:34,8.01
2026-01-28 16:19:35,8.01
2026-01-28 16:19:36,8.01
2026-01-28 16:19:37,8.01
2026-01-28 16:19:38,8.01
2026-01-28 16:19:39,7.42
2026-01-28 16:19:40,7.42
2026-01-28 16:19:41,7.42
2026-01-28 16:19:42,7.42
2026-01-28 16:19:43,7.42
2026-01-28 16:19:44,8.08
2026-01-28 16:19:45,8.08
2026-01-28 16:19:46,8.08
2026-01-28 16:19:47,8.08
2026-01-28 16:19:48,8.08
2026-01-28 16:19:49,7.45
2026-01-28 16:19:50,7.45
2026-01-28 16:19:51,7.45
2026-01-28 16:19:52,7.45
2026-01-28 16:19:53,7.45
2026-01-28 16:19:54,8.35
2026-01-28 16:19:55,8.35
2026-01-28 16:19:56,8.35
2026-01-28 16:19:57,8.35
2026-01-28 16:19:58,8.35
2026-01-28 16:19:59,7.54
2026-01-28 16:20:00,7.54
2026-01-28 16:20:01,7.54
2026-01-28 16:20:02,7.54
2026-01-28 16:20:03,7.54
2026-01-28 16:20:04,8.16
2026-01-28 16:20:05,8.16
2026-01-28 16:20:06,8.16
2026-01-28 16:20:07,8.16
2026-01-28 16:20:08,8.16
2026-01-28 16:20:09,7.41
2026-01-28 16:20:10,7.41
2026-01-28 16:20:11,7.41
2026-01-28 16:20:12,7.41
2026-01-28 16:20:13,7.41
2026-01-28 16:20:14,6.59
2026-01-28 16:20:15,6.59
2026-01-28 16:20:16,6.59
2026-01-28 16:20:17,6.59
2026-01-28 16:20:18,6.59
2026-01-28 16:20:19,7.44
2026-01-28 16:20:20,7.44
2026-01-28 16:20:21,7.44
2026-01-28 16:20:22,7.44
2026-01-28 16:20:23,7.44
2026-01-28 16:20:24,6.96
2026-01-28 16:20:25,6.96
2026-01-28 16:20:26,6.96
2026-01-28 16:20:27,6.96
2026-01-28 16:20:28,6.96
2026-01-28 16:20:29,8.39
2026-01-28 16:20:30,8.39
2026-01-28 16:20:31,8.39
2026-01-28 16:20:32,8.39
2026-01-28 16:20:33,8.39
2026-01-28 16:20:34,7.35
2026-01-28 16:20:35,7.35
2026-01-28 16:20:36,7.35
2026-01-28 16:20:37,7.35
2026-01-28 16:20:38,7.35
2026-01-28 16:20:39,7.38
2026-01-28 16:20:40,7.38
2026-01-28 16:20:41,7.38
2026-01-28 16:20:42,7.38
2026-01-28 16:20:43,7.38
2026-01-28 16:20:44,7.02
2026-01-28 16:20:45,7.02
2026-01-28 16:20:46,7.02
2026-01-28 16:20:47,7.02
2026-01-28 16:20:48,7.02
2026-01-28 16:20:49,7.44
2026-01-28 16:20:50,7.44
2026-01-28 16:20:51,7.44
2026-01-28 16:20:52,7.44
2026-01-28 16:20:53,7.44
2026-01-28 16:20:54,6.88
2026-01-28 16:20:55,6.88
2026-01-28 16:20:56,6.88
2026-01-28 16:20:57,6.88
2026-01-28 16:20:58,6.88
2026-01-28 16:20:59,7.38
2026-01-28 16:21:00,7.38
2026-01-28 16:21:01,7.38
2026-01-28 16:21:02,7.38
2026-01-28 16:21:03,7.38
2026-01-28 16:21:04,6.70
2026-01-28 16:21:05,6.70
2026-01-28 16:21:06,6.70
2026-01-28 16:21:07,6.70
2026-01-28 16:21:08,6.70
2026-01-28 16:21:09,7.31
2026-01-28 16:21:10,7.31
2026-01-28 16:21:11,7.31
2026-01-28 16:21:12,7.31
2026-01-28 16:21:13,7.31
2026-01-28 16:21:14,6.55
2026-01-28 16:21:15,6.55
2026-01-28 16:21:16,6.55
2026-01-28 16:21:17,6.55
2026-01-28 16:21:18,6.55
2026-01-28 16:21:19,7.43
2026-01-28 16:21:20,7.43
2026-01-28 16:21:21,7.43
2026-01-28 16:21:22,7.43
2026-01-28 16:21:23,7.43
2026-01-28 16:21:24,6.66
2026-01-28 16:21:25,6.66
2026-01-28 16:21:26,6.66
2026-01-28 16:21:27,6.66
2026-01-28 16:21:28,6.66
2026-01-28 16:21:29,7.32
2026-01-28 16:21:30,7.32
2026-01-28 16:21:31,7.32
2026-01-28 16:21:32,7.32
2026-01-28 16:21:33,7.32
2026-01-28 16:21:34,6.67
2026-01-28 16:21:35,6.67
2026-01-28 16:21:36,6.67
2026-01-28 16:21:37,6.67
2026-01-28 16:21:38,6.67
2026-01-28 16:21:39,7.30
2026-01-28 16:21:40,7.30
2026-01-28 16:21:41,7.30
2026-01-28 16:21:42,7.30
2026-01-28 16:21:43,7.30
2026-01-28 16:21:44,6.61
2026-01-28 16:21:45,6.61
2026-01-28 16:21:46,6.61
2026-01-28 16:21:47,6.61
2026-01-28 16:21:48,6.61
2026-01-28 16:21:49,7.72
2026-01-28 16:21:50,7.72
2026-01-28 16:21:51,7.72
2026-01-28 16:21:52,7.72
2026-01-28 16:21:53,7.72
2026-01-28 16:21:54,0
2026-01-28 16:21:55,0
2026-01-28 16:21:56,0
2026-01-28 16:21:57,0
2026-01-28 16:21:58,0
2026-01-28 16:21:59,0
2026-01-28 16:22:00,0
2026-01-28 16:22:01,0
2026-01-28 16:22:02,0
2026-01-28 16:22:03,0
2026-01-28 16:22:04,0
2026-01-28 16:22:05,0
2026-01-28 16:22:06,0
2026-01-28 16:22:07,0
2026-01-28 16:22:08,0
2026-01-28 16:22:09,0
2026-01-28 16:22:10,0
2026-01-28 16:22:11,0
2026-01-28 16:22:12,0
2026-01-28 16:22:13,0
2026-01-28 16:22:14,0
2026-01-28 16:22:15,0
2026-01-28 16:22:16,0
2026-01-28 16:22:17,0
2026-01-28 16:22:18,0
2026-01-28 16:22:19,0
2026-01-28 16:22:20,0
2026-01-28 16:22:21,0
2026-01-28 16:22:22,0
2026-01-28 16:22:23,0
2026-01-28 16:22:24,0
2026-01-28 16:22:25,0
2026-01-28 16:22:26,0
2026-01-28 16:22:27,0
2026-01-28 16:22:28,0
2026-01-28 16:22:29,0
2026-01-28 16:22:30,0
2026-01-28 16:22:31,0
2026-01-28 16:22:32,0
2026-01-28 16:22:33,0
2026-01-28 16:22:34,0
2026-01-28 16:22:35,0
2026-01-28 16:22:36,0
2026-01-28 16:22:37,0
2026-01-28 16:22:38,0
2026-01-28 16:22:39,0
2026-01-28 16:22:40,0
2026-01-28 16:22:41,0
2026-01-28 16:22:42,0
2026-01-28 16:22:43,0
2026-01-28 16:22:44,0
2026-01-28 16:22:45,0
2026-01-28 16:22:46,0
2026-01-28 16:22:47,0
2026-01-28 16:22:48,0
2026-01-28 16:22:49,0
2026-01-28 16:22:50,0
2026-01-28 16:22:51,0
2026-01-28 16:22:52,0
2026-01-28 16:22:53,0
2026-01-28 16:22:54,0
2026-01-28 16:22:55,0
2026-01-28 16:22:56,0
2026-01-28 16:22:57,0
2026-01-28 16:22:58,0
2026-01-28 16:22:59,0
2026-01-28 16:23:00,0
2026-01-28 16:23:01,0
2026-01-28 16:23:02,0
2026-01-28 16:23:03,0
2026-01-28 16:23:04,0
2026-01-28 16:23:05,0
2026-01-28 16:23:06,0
2026-01-28 16:23:07,0
2026-01-28 16:23:08,0
2026-01-28 16:23:09,0
2026-01-28 16:23:10,0
2026-01-28 16:23:11,0
2026-01-28 16:23:12,0
2026-01-28 16:23:13,0
2026-01-28 16:23:14,0
2026-01-28 16:23:15,0
2026-01-28 16:23:16,0
2026-01-28 16:23:17,0
2026-01-28 16:23:18,0
2026-01-28 16:23:19,0
2026-01-28 16:23:20,0
2026-01-28 16:23:21,0
2026-01-28 16:23:22,0
2026-01-28 16:23:23,0
2026-01-28 16:23:24,0
2026-01-28 16:23:25,0
2026-01-28 16:23:26,0
2026-01-28 16:23:27,0
2026-01-28 16:23:28,0
2026-01-28 16:24:09,7.33
2026-01-28 16:24:10,7.33
2026-01-28 16:24:11,7.33
2026-01-28 16:24:12,7.33
2026-01-28 16:24:13,7.33
2026-01-28 16:24:14,8.07
2026-01-28 16:24:15,8.07
2026-01-28 16:24:16,8.07
2026-01-28 16:24:17,8.07
2026-01-28 16:24:18,8.07
2026-01-28 16:24:19,7.38
2026-01-28 16:24:20,7.38
2026-01-28 16:24:21,7.38
2026-01-28 16:24:22,7.38
2026-01-28 16:24:23,7.38
2026-01-28 16:24:24,6.86
2026-01-28 16:24:25,6.86
2026-01-28 16:24:26,6.86
2026-01-28 16:24:27,6.86
2026-01-28 16:24:28,6.86
2026-01-28 16:24:29,7.23
2026-01-28 16:24:30,7.23
2026-01-28 16:24:31,7.23
2026-01-28 16:24:32,7.23
2026-01-28 16:24:33,7.23
2026-01-28 16:24:34,6.83
2026-01-28 16:24:35,6.83
2026-01-28 16:24:36,6.83
2026-01-28 16:24:37,6.83
2026-01-28 16:24:38,6.83
2026-01-28 16:24:39,7.36
2026-01-28 16:24:40,7.36
2026-01-28 16:24:41,7.36
2026-01-28 16:24:42,7.36
2026-01-28 16:24:43,7.36
2026-01-28 16:24:44,6.61
2026-01-28 16:24:45,6.61
2026-01-28 16:24:46,6.61
2026-01-28 16:24:47,6.61
2026-01-28 16:24:48,6.61
2026-01-28 16:24:49,6.84
2026-01-28 16:24:50,6.84
2026-01-28 16:24:51,6.84
2026-01-28 16:24:52,6.84
2026-01-28 16:24:53,6.84
2026-01-28 16:24:54,7.85
2026-01-28 16:24:55,7.85
2026-01-28 16:24:56,7.85
2026-01-28 16:24:57,7.85
2026-01-28 16:24:58,7.85
2026-01-28 16:24:59,8.41
2026-01-28 16:25:00,8.41
2026-01-28 16:25:01,8.41
2026-01-28 16:25:02,8.41
2026-01-28 16:25:03,8.41
2026-01-28 16:25:04,7.74
2026-01-28 16:25:05,7.74
2026-01-28 16:25:06,7.74
2026-01-28 16:25:07,7.74
2026-01-28 16:25:08,7.74
2026-01-28 16:25:09,8.05
2026-01-28 16:25:10,8.05
2026-01-28 16:25:11,8.05
2026-01-28 16:25:12,8.05
2026-01-28 16:25:13,8.05
2026-01-28 16:25:14,8.58
2026-01-28 16:25:15,8.58
2026-01-28 16:25:16,8.58
2026-01-28 16:25:17,8.58
2026-01-28 16:25:18,8.58
2026-01-28 16:25:19,10.1
2026-01-28 16:25:20,10.1
2026-01-28 16:25:21,10.1
2026-01-28 16:25:22,10.1
2026-01-28 16:25:23,10.1
2026-01-28 16:25:24,8.72
2026-01-28 16:25:25,8.72
2026-01-28 16:25:26,8.72
2026-01-28 16:25:27,8.72
2026-01-28 16:25:28,8.72
2026-01-28 16:25:29,8.99
2026-01-28 16:25:30,8.99
2026-01-28 16:25:31,8.99
2026-01-28 16:25:32,8.99
2026-01-28 16:25:33,8.99
2026-01-28 16:25:34,8.43
2026-01-28 16:25:35,8.43
2026-01-28 16:25:36,8.43
2026-01-28 16:25:37,8.43
2026-01-28 16:25:38,8.43
2026-01-28 16:25:39,8.96
2026-01-28 16:25:40,8.96
2026-01-28 16:25:41,8.96
2026-01-28 16:25:42,8.96
2026-01-28 16:25:43,8.96
2026-01-28 16:25:44,8.47
2026-01-28 16:25:45,8.47
2026-01-28 16:25:46,8.47
2026-01-28 16:25:47,8.47
2026-01-28 16:25:48,8.47
2026-01-28 16:25:49,8.88
2026-01-28 16:25:50,8.88
2026-01-28 16:25:51,8.88
2026-01-28 16:25:52,8.88
2026-01-28 16:25:53,8.88
2026-01-28 16:25:54,9.88
2026-01-28 16:25:55,9.88
2026-01-28 16:25:56,9.88
2026-01-28 16:25:57,9.88
2026-01-28 16:25:58,9.88
2026-01-28 16:25:59,8.27
2026-01-28 16:26:00,8.27
2026-01-28 16:26:01,8.27
2026-01-28 16:26:02,8.27
2026-01-28 16:26:03,8.27
2026-01-28 16:26:04,7.70
2026-01-28 16:26:05,7.70
2026-01-28 16:26:06,7.70
2026-01-28 16:26:07,7.70
2026-01-28 16:26:08,7.70
2026-01-28 16:26:09,8.46
2026-01-28 16:26:10,8.46
2026-01-28 16:26:11,8.46
2026-01-28 16:26:12,8.46
2026-01-28 16:26:13,8.46
2026-01-28 16:26:14,7.68
2026-01-28 16:26:15,7.68
2026-01-28 16:26:16,7.68
2026-01-28 16:26:17,7.68
2026-01-28 16:26:18,7.68
2026-01-28 16:26:19,9.66
2026-01-28 16:26:20,9.66
2026-01-28 16:26:21,9.66
2026-01-28 16:26:22,9.66
2026-01-28 16:26:23,9.66
2026-01-28 16:26:24,7.59
2026-01-28 16:26:25,7.59
2026-01-28 16:26:26,7.59
2026-01-28 16:26:27,7.59
2026-01-28 16:26:28,7.59
2026-01-28 16:26:29,7.30
2026-01-28 16:26:30,7.30
2026-01-28 16:26:31,7.30
2026-01-28 16:26:32,7.30
2026-01-28 16:26:33,7.30
2026-01-28 16:26:34,6.67
2026-01-28 16:26:35,6.67
2026-01-28 16:26:36,6.67
2026-01-28 16:26:37,6.67
2026-01-28 16:26:38,6.67
2026-01-28 16:26:39,7.29
2026-01-28 16:26:40,7.29
2026-01-28 16:26:41,7.29
2026-01-28 16:26:42,7.29
2026-01-28 16:26:43,7.29
2026-01-28 16:26:44,6.67
2026-01-28 16:26:45,6.67
2026-01-28 16:26:46,6.67
2026-01-28 16:26:47,6.67
2026-01-28 16:26:48,6.67
2026-01-28 16:26:49,7.43
2026-01-28 16:26:50,7.43
2026-01-28 16:26:51,7.43
2026-01-28 16:26:52,7.43
2026-01-28 16:26:53,7.43
2026-01-28 16:26:54,6.67
2026-01-28 16:26:55,6.67
2026-01-28 16:26:56,6.67
2026-01-28 16:26:57,6.67
2026-01-28 16:26:58,6.67
2026-01-28 16:26:59,7.03
2026-01-28 16:27:00,7.03
2026-01-28 16:27:01,7.03
2026-01-28 16:27:02,7.03
2026-01-28 16:27:03,7.03
2026-01-28 16:27:04,7.95
2026-01-28 16:27:05,7.95
2026-01-28 16:27:06,7.95
2026-01-28 16:27:07,7.95
2026-01-28 16:27:08,7.95
2026-01-28 16:27:09,8.37
2026-01-28 16:27:10,8.37
2026-01-28 16:27:11,8.37
2026-01-28 16:27:12,8.37
2026-01-28 16:27:13,8.37
2026-01-28 16:27:14,7.65
2026-01-28 16:27:15,7.65
2026-01-28 16:27:16,7.65
2026-01-28 16:27:17,7.65
2026-01-28 16:27:18,7.65
2026-01-28 16:27:19,8.14
2026-01-28 16:27:20,8.14
2026-01-28 16:27:21,8.14
2026-01-28 16:27:22,8.14
2026-01-28 16:27:23,8.14
2026-01-28 16:27:24,7.91
2026-01-28 16:27:25,7.91
2026-01-28 16:27:26,7.91
2026-01-28 16:27:27,7.91
2026-01-28 16:27:28,7.91
2026-01-28 16:27:29,8.46
2026-01-28 16:27:30,8.46
2026-01-28 16:27:31,8.46
2026-01-28 16:27:32,8.46
2026-01-28 16:27:33,8.46
2026-01-28 16:27:34,7.51
2026-01-28 16:27:35,7.51
2026-01-28 16:27:36,7.51
2026-01-28 16:27:37,7.51
2026-01-28 16:27:38,7.51
2026-01-28 16:27:39,8.31
2026-01-28 16:27:40,8.31
2026-01-28 16:27:41,8.31
2026-01-28 16:27:42,8.31
2026-01-28 16:27:43,8.31
2026-01-28 16:27:44,7.54
2026-01-28 16:27:45,7.54
2026-01-28 16:27:46,7.54
2026-01-28 16:27:47,7.54
2026-01-28 16:27:48,7.54
2026-01-28 16:27:49,8.30
2026-01-28 16:27:50,8.30
2026-01-28 16:27:51,8.30
2026-01-28 16:27:52,8.30
2026-01-28 16:27:53,8.30
2026-01-28 16:27:54,7.54
2026-01-28 16:27:55,7.54
2026-01-28 16:27:56,7.54
2026-01-28 16:27:57,7.54
2026-01-28 16:27:58,7.54
2026-01-28 16:27:59,8.22
2026-01-28 16:28:00,8.22
2026-01-28 16:28:01,8.22
2026-01-28 16:28:02,8.22
2026-01-28 16:28:03,8.22
2026-01-28 16:28:04,7.54
2026-01-28 16:28:05,7.54
2026-01-28 16:28:06,7.54
2026-01-28 16:28:07,7.54
2026-01-28 16:28:08,7.54
2026-01-28 16:28:09,8.59
2026-01-28 16:28:10,8.59
2026-01-28 16:28:11,8.59
2026-01-28 16:28:12,8.59
2026-01-28 16:28:13,8.59
2026-01-28 16:28:14,8.48
2026-01-28 16:28:15,8.48
2026-01-28 16:28:16,8.48
2026-01-28 16:28:17,8.48
2026-01-28 16:28:18,8.48
2026-01-28 16:28:19,7.44
2026-01-28 16:28:20,7.44
2026-01-28 16:28:21,7.44
2026-01-28 16:28:22,7.44
2026-01-28 16:28:23,7.44
2026-01-28 16:28:24,7.01
2026-01-28 16:28:25,7.01
2026-01-28 16:28:26,7.01
2026-01-28 16:28:27,7.01
2026-01-28 16:28:28,7.01
2026-01-28 16:28:29,7.63
2026-01-28 16:28:30,7.63
2026-01-28 16:28:31,7.63
2026-01-28 16:28:32,7.63
2026-01-28 16:28:33,7.63
2026-01-28 16:28:34,6.65
2026-01-28 16:28:35,6.65
2026-01-28 16:28:36,6.65
2026-01-28 16:28:37,6.65
2026-01-28 16:28:38,6.65
2026-01-28 16:28:39,7.63
2026-01-28 16:28:40,7.63
2026-01-28 16:28:41,7.63
2026-01-28 16:28:42,7.63
2026-01-28 16:28:43,7.63
2026-01-28 16:28:44,6.58
2026-01-28 16:28:45,6.58
2026-01-28 16:28:46,6.58
2026-01-28 16:28:47,6.58
2026-01-28 16:28:48,6.58
2026-01-28 16:28:49,7.76
2026-01-28 16:28:50,7.76
2026-01-28 16:28:51,7.76
2026-01-28 16:28:52,7.76
2026-01-28 16:28:53,7.76
2026-01-28 16:28:54,6.66
2026-01-28 16:28:55,6.66
2026-01-28 16:28:56,6.66
2026-01-28 16:28:57,6.66
2026-01-28 16:28:58,6.66
2026-01-28 16:28:59,0
2026-01-28 16:29:00,0
2026-01-28 16:29:01,0
2026-01-28 16:29:02,0
2026-01-28 16:29:03,0
2026-01-28 16:29:04,0
2026-01-28 16:29:05,0
2026-01-28 16:29:06,0
2026-01-28 16:29:07,0
2026-01-28 16:29:08,0
2026-01-28 16:29:09,0
2026-01-28 16:29:10,0
2026-01-28 16:29:11,0
2026-01-28 16:29:12,0
2026-01-28 16:29:13,0
2026-01-28 16:29:14,0
2026-01-28 16:29:15,0
2026-01-28 16:29:16,0
2026-01-28 16:29:17,0
2026-01-28 16:29:18,0
2026-01-28 16:29:19,0
2026-01-28 16:29:20,0
2026-01-28 16:29:21,0
2026-01-28 16:29:22,0
2026-01-28 16:29:23,0
2026-01-28 16:29:24,0
2026-01-28 16:29:25,0
2026-01-28 16:29:26,0
2026-01-28 16:29:27,0
2026-01-28 16:29:28,0
2026-01-28 16:29:29,0
2026-01-28 16:29:30,0
2026-01-28 16:29:31,0
2026-01-28 16:29:32,0
2026-01-28 16:29:33,0
2026-01-28 16:29:34,0
2026-01-28 16:29:35,0
2026-01-28 16:29:36,0
2026-01-28 16:29:37,0
2026-01-28 16:29:38,0
2026-01-28 16:29:39,0
2026-01-28 16:29:40,0
2026-01-28 16:29:41,0
2026-01-28 16:29:42,0
2026-01-28 16:29:43,0
2026-01-28 16:29:44,0
2026-01-28 16:29:45,0
2026-01-28 16:29:46,0
2026-01-28 16:29:47,0
2026-01-28 16:29:48,0
2026-01-28 16:29:49,0
2026-01-28 16:29:50,0
2026-01-28 16:29:51,0
2026-01-28 16:29:52,0
2026-01-28 16:29:53,0
2026-01-28 16:29:54,0
2026-01-28 16:29:55,0
2026-01-28 16:29:56,0
2026-01-28 16:29:57,0
2026-01-28 16:29:58,0
2026-01-28 16:29:59,0
2026-01-28 16:30:00,0
2026-01-28 16:30:01,0
2026-01-28 16:30:02,0
2026-01-28 16:30:03,0
2026-01-28 16:30:04,0
2026-01-28 16:30:05,0
2026-01-28 16:30:06,0
2026-01-28 16:30:07,0
2026-01-28 16:30:08,0
2026-01-28 16:30:09,0
2026-01-28 16:30:10,0
2026-01-28 16:30:11,0
2026-01-28 16:30:12,0
2026-01-28 16:30:13,0
2026-01-28 16:30:14,0
2026-01-28 16:30:15,0
2026-01-28 16:30:16,0
2026-01-28 16:30:17,0
2026-01-28 16:30:18,0
2026-01-28 16:30:19,0
2026-01-28 16:30:20,0
2026-01-28 16:30:21,0
2026-01-28 16:30:22,0
2026-01-28 16:30:23,0
2026-01-28 16:30:24,0
2026-01-28 16:30:25,0
2026-01-28 16:30:26,0
2026-01-28 16:30:27,0
2026-01-28 16:30:28,0
2026-01-28 16:30:29,0
2026-01-28 16:30:30,0
2026-01-28 16:30:31,0
2026-01-28 16:30:32,0
2026-01-28 16:30:33,0
2026-01-28 16:31:49,4.19
2026-01-28 16:31:50,4.19
2026-01-28 16:31:51,4.19
2026-01-28 16:31:52,4.19
2026-01-28 16:31:53,4.19
2026-01-28 16:31:54,3.53
2026-01-28 16:31:55,3.53
2026-01-28 16:31:56,3.53
2026-01-28 16:31:57,3.53
2026-01-28 16:31:58,3.53
2026-01-28 16:31:59,5.70
2026-01-28 16:32:00,5.70
2026-01-28 16:32:01,5.70
2026-01-28 16:32:02,5.70
2026-01-28 16:32:03,5.70
2026-01-28 16:32:04,5.26
2026-01-28 16:32:05,5.26
2026-01-28 16:32:06,5.26
2026-01-28 16:32:07,5.26
2026-01-28 16:32:08,5.26
2026-01-28 16:32:09,7.50
2026-01-28 16:32:10,7.50
2026-01-28 16:32:11,7.50
2026-01-28 16:32:12,7.50
2026-01-28 16:32:13,7.50
2026-01-28 16:32:14,4.90
2026-01-28 16:32:15,4.90
2026-01-28 16:32:16,4.90
2026-01-28 16:32:17,4.90
2026-01-28 16:32:18,4.90
2026-01-28 16:32:19,7.15
2026-01-28 16:32:20,7.15
2026-01-28 16:32:21,7.15
2026-01-28 16:32:22,7.15
2026-01-28 16:32:23,7.15
2026-01-28 16:32:24,7.35
2026-01-28 16:32:25,7.35
2026-01-28 16:32:26,7.35
2026-01-28 16:32:27,7.35
2026-01-28 16:32:28,7.35
2026-01-28 16:32:29,7.43
2026-01-28 16:32:30,7.43
2026-01-28 16:32:31,7.43
2026-01-28 16:32:32,7.43
2026-01-28 16:32:33,7.43
2026-01-28 16:32:34,7.08
2026-01-28 16:32:35,7.08
2026-01-28 16:32:36,7.08
2026-01-28 16:32:37,7.08
2026-01-28 16:32:38,7.08
2026-01-28 16:32:39,8.52
2026-01-28 16:32:40,8.52
2026-01-28 16:32:41,8.52
2026-01-28 16:32:42,8.52
2026-01-28 16:32:43,8.52
2026-01-28 16:32:44,6.73
2026-01-28 16:32:45,6.73
2026-01-28 16:32:46,6.73
2026-01-28 16:32:47,6.73
2026-01-28 16:32:48,6.73
2026-01-28 16:32:49,8.78
2026-01-28 16:32:50,8.78
2026-01-28 16:32:51,8.78
2026-01-28 16:32:52,8.78
2026-01-28 16:32:53,8.78
2026-01-28 16:32:54,6.35
2026-01-28 16:32:55,6.35
2026-01-28 16:32:56,6.35
2026-01-28 16:32:57,6.35
2026-01-28 16:32:58,6.35
2026-01-28 16:32:59,9.34
2026-01-28 16:33:00,9.34
2026-01-28 16:33:01,9.34
2026-01-28 16:33:02,9.34
2026-01-28 16:33:03,9.34
2026-01-28 16:33:04,7.88
2026-01-28 16:33:05,7.88
2026-01-28 16:33:06,7.88
2026-01-28 16:33:07,7.88
2026-01-28 16:33:08,7.88
2026-01-28 16:33:09,9.97
2026-01-28 16:33:10,9.97
2026-01-28 16:33:11,9.97
2026-01-28 16:33:12,9.97
2026-01-28 16:33:13,9.97
2026-01-28 16:33:14,8.57
2026-01-28 16:33:15,8.57
2026-01-28 16:33:16,8.57
2026-01-28 16:33:17,8.57
2026-01-28 16:33:18,8.57
2026-01-28 16:33:19,10.3
2026-01-28 16:33:20,10.3
2026-01-28 16:33:21,10.3
2026-01-28 16:33:22,10.3
2026-01-28 16:33:23,10.3
2026-01-28 16:33:24,8.19
2026-01-28 16:33:25,8.19
2026-01-28 16:33:26,8.19
2026-01-28 16:33:27,8.19
2026-01-28 16:33:28,8.19
2026-01-28 16:33:29,10.0
2026-01-28 16:33:30,10.0
2026-01-28 16:33:31,10.0
2026-01-28 16:33:32,10.0
2026-01-28 16:33:33,10.0
2026-01-28 16:33:34,8.05
2026-01-28 16:33:35,8.05
2026-01-28 16:33:36,8.05
2026-01-28 16:33:37,8.05
2026-01-28 16:33:38,8.05
2026-01-28 16:33:39,9.40
2026-01-28 16:33:40,9.40
2026-01-28 16:33:41,9.40
2026-01-28 16:33:42,9.40
2026-01-28 16:33:43,9.40
2026-01-28 16:33:44,7.76
2026-01-28 16:33:45,7.76
2026-01-28 16:33:46,7.76
2026-01-28 16:33:47,7.76
2026-01-28 16:33:48,7.76
2026-01-28 16:33:49,9.52
2026-01-28 16:33:50,9.52
2026-01-28 16:33:51,9.52
2026-01-28 16:33:52,9.52
2026-01-28 16:33:53,9.52
2026-01-28 16:33:54,7.77
2026-01-28 16:33:55,7.77
2026-01-28 16:33:56,7.77
2026-01-28 16:33:57,7.77
2026-01-28 16:33:58,7.77
2026-01-28 16:33:59,9.82
2026-01-28 16:34:00,9.82
2026-01-28 16:34:01,9.82
2026-01-28 16:34:02,9.82
2026-01-28 16:34:03,9.82
2026-01-28 16:34:04,7.79
2026-01-28 16:34:05,7.79
2026-01-28 16:34:06,7.79
2026-01-28 16:34:07,7.79
2026-01-28 16:34:08,7.79
2026-01-28 16:34:09,9.74
2026-01-28 16:34:10,9.74
2026-01-28 16:34:11,9.74
2026-01-28 16:34:12,9.74
2026-01-28 16:34:13,9.74
2026-01-28 16:34:14,7.67
2026-01-28 16:34:15,7.67
2026-01-28 16:34:16,7.67
2026-01-28 16:34:17,7.67
2026-01-28 16:34:18,7.67
2026-01-28 16:34:19,12.1
2026-01-28 16:34:20,12.1
2026-01-28 16:34:21,12.1
2026-01-28 16:34:22,12.1
2026-01-28 16:34:23,12.1
2026-01-28 16:34:24,9.14
2026-01-28 16:34:25,9.14
2026-01-28 16:34:26,9.14
2026-01-28 16:34:27,9.14
2026-01-28 16:34:28,9.14
2026-01-28 16:34:29,8.38
2026-01-28 16:34:30,8.38
2026-01-28 16:34:31,8.38
2026-01-28 16:34:32,8.38
2026-01-28 16:34:33,8.38
2026-01-28 16:34:34,5.53
2026-01-28 16:34:35,5.53
2026-01-28 16:34:36,5.53
2026-01-28 16:34:37,5.53
2026-01-28 16:34:38,5.53
2026-01-28 16:34:39,8.46
2026-01-28 16:34:40,8.46
2026-01-28 16:34:41,8.46
2026-01-28 16:34:42,8.46
2026-01-28 16:34:43,8.46
2026-01-28 16:34:44,7.03
2026-01-28 16:34:45,7.03
2026-01-28 16:34:46,7.03
2026-01-28 16:34:47,7.03
2026-01-28 16:34:48,7.03
2026-01-28 16:34:49,8.87
2026-01-28 16:34:50,8.87
2026-01-28 16:34:51,8.87
2026-01-28 16:34:52,8.87
2026-01-28 16:34:53,8.87
2026-01-28 16:34:54,6.57
2026-01-28 16:34:55,6.57
2026-01-28 16:34:56,6.57
2026-01-28 16:34:57,6.57
2026-01-28 16:34:58,6.57
2026-01-28 16:34:59,9.55
2026-01-28 16:35:00,9.55
2026-01-28 16:35:01,9.55
2026-01-28 16:35:02,9.55
2026-01-28 16:35:03,9.55
2026-01-28 16:35:04,8.22
2026-01-28 16:35:05,8.22
2026-01-28 16:35:06,8.22
2026-01-28 16:35:07,8.22
2026-01-28 16:35:08,8.22
2026-01-28 16:35:09,9.94
2026-01-28 16:35:10,9.94
2026-01-28 16:35:11,9.94
2026-01-28 16:35:12,9.94
2026-01-28 16:35:13,9.94
2026-01-28 16:35:14,7.57
2026-01-28 16:35:15,7.57
2026-01-28 16:35:16,7.57
2026-01-28 16:35:17,7.57
2026-01-28 16:35:18,7.57
2026-01-28 16:35:19,9.55
2026-01-28 16:35:20,9.55
2026-01-28 16:35:21,9.55
2026-01-28 16:35:22,9.55
2026-01-28 16:35:23,9.55
2026-01-28 16:35:24,7.81
2026-01-28 16:35:25,7.81
2026-01-28 16:35:26,7.81
2026-01-28 16:35:27,7.81
2026-01-28 16:35:28,7.81
2026-01-28 16:35:29,9.51
2026-01-28 16:35:30,9.51
2026-01-28 16:35:31,9.51
2026-01-28 16:35:32,9.51
2026-01-28 16:35:33,9.51
2026-01-28 16:35:34,7.62
2026-01-28 16:35:35,7.62
2026-01-28 16:35:36,7.62
2026-01-28 16:35:37,7.62
2026-01-28 16:35:38,7.62
2026-01-28 16:35:39,9.38
2026-01-28 16:35:40,9.38
2026-01-28 16:35:41,9.38
2026-01-28 16:35:42,9.38
2026-01-28 16:35:43,9.38
2026-01-28 16:35:44,7.72
2026-01-28 16:35:45,7.72
2026-01-28 16:35:46,7.72
2026-01-28 16:35:47,7.72
2026-01-28 16:35:48,7.72
2026-01-28 16:35:49,9.33
2026-01-28 16:35:50,9.33
2026-01-28 16:35:51,9.33
2026-01-28 16:35:52,9.33
2026-01-28 16:35:53,9.33
2026-01-28 16:35:54,8.59
2026-01-28 16:35:55,8.59
2026-01-28 16:35:56,8.59
2026-01-28 16:35:57,8.59
2026-01-28 16:35:58,8.59
2026-01-28 16:35:59,9.55
2026-01-28 16:36:00,9.55
2026-01-28 16:36:01,9.55
2026-01-28 16:36:02,9.55
2026-01-28 16:36:03,9.55
2026-01-28 16:36:04,7.74
2026-01-28 16:36:05,7.74
2026-01-28 16:36:06,7.74
2026-01-28 16:36:07,7.74
2026-01-28 16:36:08,7.74
2026-01-28 16:36:09,11.1
2026-01-28 16:36:10,11.1
2026-01-28 16:36:11,11.1
2026-01-28 16:36:12,11.1
2026-01-28 16:36:13,11.1
2026-01-28 16:36:14,6.56
2026-01-28 16:36:15,6.56
2026-01-28 16:36:16,6.56
2026-01-28 16:36:17,6.56
2026-01-28 16:36:18,6.56
2026-01-28 16:36:19,8.93
2026-01-28 16:36:20,8.93
2026-01-28 16:36:21,8.93
2026-01-28 16:36:22,8.93
2026-01-28 16:36:23,8.93
2026-01-28 16:36:24,6.75
2026-01-28 16:36:25,6.75
2026-01-28 16:36:26,6.75
2026-01-28 16:36:27,6.75
2026-01-28 16:36:28,6.75
2026-01-28 16:36:29,8.77
2026-01-28 16:36:30,8.77
2026-01-28 16:36:31,8.77
2026-01-28 16:36:32,8.77
2026-01-28 16:36:33,8.77
2026-01-28 16:36:34,6.59
2026-01-28 16:36:35,6.59
2026-01-28 16:36:36,6.59
2026-01-28 16:36:37,6.59
2026-01-28 16:36:38,6.59
2026-01-28 16:36:39,0
2026-01-28 16:36:40,0
2026-01-28 16:36:41,0
2026-01-28 16:36:42,0
2026-01-28 16:36:43,0
2026-01-28 16:36:44,0
2026-01-28 16:36:45,0
2026-01-28 16:36:46,0
2026-01-28 16:36:47,0
2026-01-28 16:36:48,0
2026-01-28 16:36:49,0
2026-01-28 16:36:50,0
2026-01-28 16:36:51,0
2026-01-28 16:36:52,0
2026-01-28 16:36:53,0
2026-01-28 16:36:54,0
2026-01-28 16:36:55,0
2026-01-28 16:36:56,0
2026-01-28 16:36:57,0
2026-01-28 16:36:58,0
2026-01-28 16:36:59,0
2026-01-28 16:37:00,0
2026-01-28 16:37:01,0
2026-01-28 16:37:02,0
2026-01-28 16:37:03,0
2026-01-28 16:37:04,0
2026-01-28 16:37:05,0
2026-01-28 16:37:06,0
2026-01-28 16:37:07,0
2026-01-28 16:37:08,0
2026-01-28 16:37:09,0
2026-01-28 16:37:10,0
2026-01-28 16:37:11,0
2026-01-28 16:37:12,0
2026-01-28 16:37:13,0
2026-01-28 16:37:14,0
2026-01-28 16:37:15,0
2026-01-28 16:37:16,0
2026-01-28 16:37:17,0
2026-01-28 16:37:18,0
2026-01-28 16:37:19,0
2026-01-28 16:37:20,0
2026-01-28 16:37:21,0
2026-01-28 16:37:22,0
2026-01-28 16:37:23,0
2026-01-28 16:37:24,0
2026-01-28 16:37:25,0
2026-01-28 16:37:26,0
2026-01-28 16:37:27,0
2026-01-28 16:37:28,0
2026-01-28 16:37:29,0
2026-01-28 16:37:30,0
2026-01-28 16:37:31,0
2026-01-28 16:37:32,0
2026-01-28 16:37:33,0
2026-01-28 16:37:34,0
2026-01-28 16:37:35,0
2026-01-28 16:37:36,0
2026-01-28 16:37:37,0
2026-01-28 16:37:38,0
2026-01-28 16:37:39,0
2026-01-28 16:37:40,0
2026-01-28 16:37:41,0
2026-01-28 16:37:42,0
2026-01-28 16:37:43,0
2026-01-28 16:37:44,0
2026-01-28 16:37:45,0
2026-01-28 16:37:46,0
2026-01-28 16:37:47,0
2026-01-28 16:37:48,0
2026-01-28 16:37:49,0
2026-01-28 16:37:50,0
2026-01-28 16:37:51,0
2026-01-28 16:37:52,0
2026-01-28 16:37:53,0
2026-01-28 16:37:54,0
2026-01-28 16:37:55,0
2026-01-28 16:37:56,0
2026-01-28 16:37:57,0
2026-01-28 16:37:58,0
2026-01-28 16:37:59,0
2026-01-28 16:38:00,0
2026-01-28 16:38:01,0
2026-01-28 16:38:02,0
2026-01-28 16:38:03,0
2026-01-28 16:38:04,0
2026-01-28 16:38:05,0
2026-01-28 16:38:06,0
2026-01-28 16:38:07,0
2026-01-28 16:38:08,0
2026-01-28 16:38:09,0
2026-01-28 16:38:10,0
2026-01-28 16:38:11,0
2026-01-28 16:38:12,0
2026-01-28 16:38:13,0
2026-01-28 16:40:54,6.56
2026-01-28 16:40:55,6.56
2026-01-28 16:40:56,6.56
2026-01-28 16:40:57,6.56
2026-01-28 16:40:58,6.56
2026-01-28 16:40:59,8.84
2026-01-28 16:41:00,8.84
2026-01-28 16:41:01,8.84
2026-01-28 16:41:02,8.84
2026-01-28 16:41:03,8.84
2026-01-28 16:41:04,7.05
2026-01-28 16:41:05,7.05
2026-01-28 16:41:06,7.05
2026-01-28 16:41:07,7.05
2026-01-28 16:41:08,7.05
2026-01-28 16:41:09,10.9
2026-01-28 16:41:10,10.9
2026-01-28 16:41:11,10.9
2026-01-28 16:41:12,10.9
2026-01-28 16:41:13,10.9
2026-01-28 16:41:14,8.34
2026-01-28 16:41:15,8.34
2026-01-28 16:41:16,8.34
2026-01-28 16:41:17,8.34
2026-01-28 16:41:18,8.34
2026-01-28 16:41:19,10.1
2026-01-28 16:41:20,10.1
2026-01-28 16:41:21,10.1
2026-01-28 16:41:22,10.1
2026-01-28 16:41:23,10.1
2026-01-28 16:41:24,8.69
2026-01-28 16:41:25,8.69
2026-01-28 16:41:26,8.69
2026-01-28 16:41:27,8.69
2026-01-28 16:41:28,8.69
2026-01-28 16:41:29,11.6
2026-01-28 16:41:30,11.6
2026-01-28 16:41:31,11.6
2026-01-28 16:41:32,11.6
2026-01-28 16:41:33,11.6
2026-01-28 16:41:34,7.60
2026-01-28 16:41:35,7.60
2026-01-28 16:41:36,7.60
2026-01-28 16:41:37,7.60
2026-01-28 16:41:38,7.60
2026-01-28 16:41:39,9.60
2026-01-28 16:41:40,9.60
2026-01-28 16:41:41,9.60
2026-01-28 16:41:42,9.60
2026-01-28 16:41:43,9.60
2026-01-28 16:41:44,7.69
2026-01-28 16:41:45,7.69
2026-01-28 16:41:46,7.69
2026-01-28 16:41:47,7.69
2026-01-28 16:41:48,7.69
2026-01-28 16:41:49,9.73
2026-01-28 16:41:50,9.73
2026-01-28 16:41:51,9.73
2026-01-28 16:41:52,9.73
2026-01-28 16:41:53,9.73
2026-01-28 16:41:54,8.14
2026-01-28 16:41:55,8.14
2026-01-28 16:41:56,8.14
2026-01-28 16:41:57,8.14
2026-01-28 16:41:58,8.14
2026-01-28 16:41:59,9.46
2026-01-28 16:42:00,9.46
2026-01-28 16:42:01,9.46
2026-01-28 16:42:02,9.46
2026-01-28 16:42:03,9.46
2026-01-28 16:42:04,7.69
2026-01-28 16:42:05,7.69
2026-01-28 16:42:06,7.69
2026-01-28 16:42:07,7.69
2026-01-28 16:42:08,7.69
2026-01-28 16:42:09,9.78
2026-01-28 16:42:10,9.78
2026-01-28 16:42:11,9.78
2026-01-28 16:42:12,9.78
2026-01-28 16:42:13,9.78
2026-01-28 16:42:14,7.63
2026-01-28 16:42:15,7.63
2026-01-28 16:42:16,7.63
2026-01-28 16:42:17,7.63
2026-01-28 16:42:18,7.63
2026-01-28 16:42:19,9.56
2026-01-28 16:42:20,9.56
2026-01-28 16:42:21,9.56
2026-01-28 16:42:22,9.56
2026-01-28 16:42:23,9.56
2026-01-28 16:42:24,7.72
2026-01-28 16:42:25,7.72
2026-01-28 16:42:26,7.72
2026-01-28 16:42:27,7.72
2026-01-28 16:42:28,7.72
2026-01-28 16:42:29,9.61
2026-01-28 16:42:30,9.61
2026-01-28 16:42:31,9.61
2026-01-28 16:42:32,9.61
2026-01-28 16:42:33,9.61
2026-01-28 16:42:34,8.36
2026-01-28 16:42:35,8.36
2026-01-28 16:42:36,8.36
2026-01-28 16:42:37,8.36
2026-01-28 16:42:38,8.36
2026-01-28 16:42:39,11.2
2026-01-28 16:42:40,11.2
2026-01-28 16:42:41,11.2
2026-01-28 16:42:42,11.2
2026-01-28 16:42:43,11.2
2026-01-28 16:42:44,5.81
2026-01-28 16:42:45,5.81
2026-01-28 16:42:46,5.81
2026-01-28 16:42:47,5.81
2026-01-28 16:42:48,5.81
2026-01-28 16:42:49,7.98
2026-01-28 16:42:50,7.98
2026-01-28 16:42:51,7.98
2026-01-28 16:42:52,7.98
2026-01-28 16:42:53,7.98
2026-01-28 16:42:54,7.78
2026-01-28 16:42:55,7.78
2026-01-28 16:42:56,7.78
2026-01-28 16:42:57,7.78
2026-01-28 16:42:58,7.78
2026-01-28 16:42:59,8.10
2026-01-28 16:43:00,8.10
2026-01-28 16:43:01,8.10
2026-01-28 16:43:02,8.10
2026-01-28 16:43:03,8.10
2026-01-28 16:43:04,6.57
2026-01-28 16:43:05,6.57
2026-01-28 16:43:06,6.57
2026-01-28 16:43:07,6.57
2026-01-28 16:43:08,6.57
2026-01-28 16:43:09,8.29
2026-01-28 16:43:10,8.29
2026-01-28 16:43:11,8.29
2026-01-28 16:43:12,8.29
2026-01-28 16:43:13,8.29
2026-01-28 16:43:14,5.71
2026-01-28 16:43:15,5.71
2026-01-28 16:43:16,5.71
2026-01-28 16:43:17,5.71
2026-01-28 16:43:18,5.71
2026-01-28 16:43:19,8.13
2026-01-28 16:43:20,8.13
2026-01-28 16:43:21,8.13
2026-01-28 16:43:22,8.13
2026-01-28 16:43:23,8.13
2026-01-28 16:43:24,5.95
2026-01-28 16:43:25,5.95
2026-01-28 16:43:26,5.95
2026-01-28 16:43:27,5.95
2026-01-28 16:43:28,5.95
2026-01-28 16:43:29,8.04
2026-01-28 16:43:30,8.04
2026-01-28 16:43:31,8.04
2026-01-28 16:43:32,8.04
2026-01-28 16:43:33,8.04
2026-01-28 16:43:34,5.84
2026-01-28 16:43:35,5.84
2026-01-28 16:43:36,5.84
2026-01-28 16:43:37,5.84
2026-01-28 16:43:38,5.84
2026-01-28 16:43:39,8.07
2026-01-28 16:43:40,8.07
2026-01-28 16:43:41,8.07
2026-01-28 16:43:42,8.07
2026-01-28 16:43:43,8.07
2026-01-28 16:43:44,5.84
2026-01-28 16:43:45,5.84
2026-01-28 16:43:46,5.84
2026-01-28 16:43:47,5.84
2026-01-28 16:43:48,5.84
2026-01-28 16:43:49,8.25
2026-01-28 16:43:50,8.25
2026-01-28 16:43:51,8.25
2026-01-28 16:43:52,8.25
2026-01-28 16:43:53,8.25
2026-01-28 16:43:54,6.39
2026-01-28 16:43:55,6.39
2026-01-28 16:43:56,6.39
2026-01-28 16:43:57,6.39
2026-01-28 16:43:58,6.39
2026-01-28 16:43:59,8.48
2026-01-28 16:44:00,8.48
2026-01-28 16:44:01,8.48
2026-01-28 16:44:02,8.48
2026-01-28 16:44:03,8.48
2026-01-28 16:44:04,7.38
2026-01-28 16:44:05,7.38
2026-01-28 16:44:06,7.38
2026-01-28 16:44:07,7.38
2026-01-28 16:44:08,7.38
2026-01-28 16:44:09,7.61
2026-01-28 16:44:10,7.61
2026-01-28 16:44:11,7.61
2026-01-28 16:44:12,7.61
2026-01-28 16:44:13,7.61
2026-01-28 16:44:14,5.80
2026-01-28 16:44:15,5.80
2026-01-28 16:44:16,5.80
2026-01-28 16:44:17,5.80
2026-01-28 16:44:18,5.80
2026-01-28 16:44:19,8.15
2026-01-28 16:44:20,8.15
2026-01-28 16:44:21,8.15
2026-01-28 16:44:22,8.15
2026-01-28 16:44:23,8.15
2026-01-28 16:44:24,6.04
2026-01-28 16:44:25,6.04
2026-01-28 16:44:26,6.04
2026-01-28 16:44:27,6.04
2026-01-28 16:44:28,6.04
2026-01-28 16:44:29,8.13
2026-01-28 16:44:30,8.13
2026-01-28 16:44:31,8.13
2026-01-28 16:44:32,8.13
2026-01-28 16:44:33,8.13
2026-01-28 16:44:34,5.64
2026-01-28 16:44:35,5.64
2026-01-28 16:44:36,5.64
2026-01-28 16:44:37,5.64
2026-01-28 16:44:38,5.64
2026-01-28 16:44:39,7.98
2026-01-28 16:44:40,7.98
2026-01-28 16:44:41,7.98
2026-01-28 16:44:42,7.98
2026-01-28 16:44:43,7.98
2026-01-28 16:44:44,5.71
2026-01-28 16:44:45,5.71
2026-01-28 16:44:46,5.71
2026-01-28 16:44:47,5.71
2026-01-28 16:44:48,5.71
2026-01-28 16:44:49,7.20
2026-01-28 16:44:50,7.20
2026-01-28 16:44:51,7.20
2026-01-28 16:44:52,7.20
2026-01-28 16:44:53,7.20
2026-01-28 16:44:54,7.02
2026-01-28 16:44:55,7.02
2026-01-28 16:44:56,7.02
2026-01-28 16:44:57,7.02
2026-01-28 16:44:58,7.02
2026-01-28 16:44:59,9.29
2026-01-28 16:45:00,9.29
2026-01-28 16:45:01,9.29
2026-01-28 16:45:02,9.29
2026-01-28 16:45:03,9.29
2026-01-28 16:45:04,6.95
2026-01-28 16:45:05,6.95
2026-01-28 16:45:06,6.95
2026-01-28 16:45:07,6.95
2026-01-28 16:45:08,6.95
2026-01-28 16:45:09,8.73
2026-01-28 16:45:10,8.73
2026-01-28 16:45:11,8.73
2026-01-28 16:45:12,8.73
2026-01-28 16:45:13,8.73
2026-01-28 16:45:14,8.39
2026-01-28 16:45:15,8.39
2026-01-28 16:45:16,8.39
2026-01-28 16:45:17,8.39
2026-01-28 16:45:18,8.39
2026-01-28 16:45:19,7.68
2026-01-28 16:45:20,7.68
2026-01-28 16:45:21,7.68
2026-01-28 16:45:22,7.68
2026-01-28 16:45:23,7.68
2026-01-28 16:45:24,5.42
2026-01-28 16:45:25,5.42
2026-01-28 16:45:26,5.42
2026-01-28 16:45:27,5.42
2026-01-28 16:45:28,5.42
2026-01-28 16:45:29,7.60
2026-01-28 16:45:30,7.60
2026-01-28 16:45:31,7.60
2026-01-28 16:45:32,7.60
2026-01-28 16:45:33,7.60
2026-01-28 16:45:34,5.46
2026-01-28 16:45:35,5.46
2026-01-28 16:45:36,5.46
2026-01-28 16:45:37,5.46
2026-01-28 16:45:38,5.46
2026-01-28 16:45:39,7.54
2026-01-28 16:45:40,7.54
2026-01-28 16:45:41,7.54
2026-01-28 16:45:42,7.54
2026-01-28 16:45:43,7.54
2026-01-28 16:45:44,0
2026-01-28 16:45:45,0
2026-01-28 16:45:46,0
2026-01-28 16:45:47,0
2026-01-28 16:45:48,0
2026-01-28 16:45:49,0
2026-01-28 16:45:50,0
2026-01-28 16:45:51,0
2026-01-28 16:45:52,0
2026-01-28 16:45:53,0
2026-01-28 16:45:54,0
2026-01-28 16:45:55,0
2026-01-28 16:45:56,0
2026-01-28 16:45:57,0
2026-01-28 16:45:58,0
2026-01-28 16:45:59,0
2026-01-28 16:46:00,0
2026-01-28 16:46:01,0
2026-01-28 16:46:02,0
2026-01-28 16:46:03,0
2026-01-28 16:46:04,0
2026-01-28 16:46:05,0
2026-01-28 16:46:06,0
2026-01-28 16:46:07,0
2026-01-28 16:46:08,0
2026-01-28 16:46:09,0
2026-01-28 16:46:10,0
2026-01-28 16:46:11,0
2026-01-28 16:46:12,0
2026-01-28 16:46:13,0
2026-01-28 16:46:14,0
2026-01-28 16:46:15,0
2026-01-28 16:46:16,0
2026-01-28 16:46:17,0
2026-01-28 16:46:18,0
2026-01-28 16:46:19,0
2026-01-28 16:46:20,0
2026-01-28 16:46:21,0
2026-01-28 16:46:22,0
2026-01-28 16:46:23,0
2026-01-28 16:46:24,0
2026-01-28 16:46:25,0
2026-01-28 16:46:26,0
2026-01-28 16:46:27,0
2026-01-28 16:46:28,0
2026-01-28 16:46:29,0
2026-01-28 16:46:30,0
2026-01-28 16:46:31,0
2026-01-28 16:46:32,0
2026-01-28 16:46:33,0
2026-01-28 16:46:34,0
2026-01-28 16:46:35,0
2026-01-28 16:46:36,0
2026-01-28 16:46:37,0
2026-01-28 16:46:38,0
2026-01-28 16:46:39,0
2026-01-28 16:46:40,0
2026-01-28 16:46:41,0
2026-01-28 16:46:42,0
2026-01-28 16:46:43,0
2026-01-28 16:46:44,0
2026-01-28 16:46:45,0
2026-01-28 16:46:46,0
2026-01-28 16:46:47,0
2026-01-28 16:46:48,0
2026-01-28 16:46:49,0
2026-01-28 16:46:50,0
2026-01-28 16:46:51,0
2026-01-28 16:46:52,0
2026-01-28 16:46:53,0
2026-01-28 16:46:54,0
2026-01-28 16:46:55,0
2026-01-28 16:46:56,0
2026-01-28 16:46:57,0
2026-01-28 16:46:58,0
2026-01-28 16:46:59,0
2026-01-28 16:47:00,0
2026-01-28 16:47:01,0
2026-01-28 16:47:02,0
2026-01-28 16:47:03,0
2026-01-28 16:47:04,0
2026-01-28 16:47:05,0
2026-01-28 16:47:06,0
2026-01-28 16:47:07,0
2026-01-28 16:47:08,0
2026-01-28 16:47:09,0
2026-01-28 16:47:10,0
2026-01-28 16:47:11,0
2026-01-28 16:47:12,0
2026-01-28 16:47:13,0
2026-01-28 16:50:59,3.35
2026-01-28 16:51:00,3.35
2026-01-28 16:51:01,3.35
2026-01-28 16:51:02,3.35
2026-01-28 16:51:03,3.35
2026-01-28 16:51:04,8.30
2026-01-28 16:51:05,8.30
2026-01-28 16:51:06,8.30
2026-01-28 16:51:07,8.30
2026-01-28 16:51:08,8.30
2026-01-28 16:51:09,10.9
2026-01-28 16:51:10,10.9
2026-01-28 16:51:11,10.9
2026-01-28 16:51:12,10.9
2026-01-28 16:51:13,10.9
2026-01-28 16:51:14,8.60
2026-01-28 16:51:15,8.60
2026-01-28 16:51:16,8.60
2026-01-28 16:51:17,8.60
2026-01-28 16:51:18,8.60
2026-01-28 16:51:19,10.3
2026-01-28 16:51:20,10.3
2026-01-28 16:51:21,10.3
2026-01-28 16:51:22,10.3
2026-01-28 16:51:23,10.3
2026-01-28 16:51:24,10.7
2026-01-28 16:51:25,10.7
2026-01-28 16:51:26,10.7
2026-01-28 16:51:27,10.7
2026-01-28 16:51:28,10.7
2026-01-28 16:51:29,9.41
2026-01-28 16:51:30,9.41
2026-01-28 16:51:31,9.41
2026-01-28 16:51:32,9.41
2026-01-28 16:51:33,9.41
2026-01-28 16:51:34,6.87
2026-01-28 16:51:35,6.87
2026-01-28 16:51:36,6.87
2026-01-28 16:51:37,6.87
2026-01-28 16:51:38,6.87
2026-01-28 16:51:39,8.84
2026-01-28 16:51:40,8.84
2026-01-28 16:51:41,8.84
2026-01-28 16:51:42,8.84
2026-01-28 16:51:43,8.84
2026-01-28 16:51:44,6.65
2026-01-28 16:51:45,6.65
2026-01-28 16:51:46,6.65
2026-01-28 16:51:47,6.65
2026-01-28 16:51:48,6.65
2026-01-28 16:51:49,8.90
2026-01-28 16:51:50,8.90
2026-01-28 16:51:51,8.90
2026-01-28 16:51:52,8.90
2026-01-28 16:51:53,8.90
2026-01-28 16:51:54,6.75
2026-01-28 16:51:55,6.75
2026-01-28 16:51:56,6.75
2026-01-28 16:51:57,6.75
2026-01-28 16:51:58,6.75
2026-01-28 16:51:59,7.96
2026-01-28 16:52:00,7.96
2026-01-28 16:52:01,7.96
2026-01-28 16:52:02,7.96
2026-01-28 16:52:03,7.96
2026-01-28 16:52:04,5.73
2026-01-28 16:52:05,5.73
2026-01-28 16:52:06,5.73
2026-01-28 16:52:07,5.73
2026-01-28 16:52:08,5.73
2026-01-28 16:52:09,8.39
2026-01-28 16:52:10,8.39
2026-01-28 16:52:11,8.39
2026-01-28 16:52:12,8.39
2026-01-28 16:52:13,8.39
2026-01-28 16:52:14,6.03
2026-01-28 16:52:15,6.03
2026-01-28 16:52:16,6.03
2026-01-28 16:52:17,6.03
2026-01-28 16:52:18,6.03
2026-01-28 16:52:19,8.06
2026-01-28 16:52:20,8.06
2026-01-28 16:52:21,8.06
2026-01-28 16:52:22,8.06
2026-01-28 16:52:23,8.06
2026-01-28 16:52:24,5.72
2026-01-28 16:52:25,5.72
2026-01-28 16:52:26,5.72
2026-01-28 16:52:27,5.72
2026-01-28 16:52:28,5.72
2026-01-28 16:52:29,8.39
2026-01-28 16:52:30,8.39
2026-01-28 16:52:31,8.39
2026-01-28 16:52:32,8.39
2026-01-28 16:52:33,8.39
2026-01-28 16:52:34,5.95
2026-01-28 16:52:35,5.95
2026-01-28 16:52:36,5.95
2026-01-28 16:52:37,5.95
2026-01-28 16:52:38,5.95
2026-01-28 16:52:39,8.24
2026-01-28 16:52:40,8.24
2026-01-28 16:52:41,8.24
2026-01-28 16:52:42,8.24
2026-01-28 16:52:43,8.24
2026-01-28 16:52:44,5.72
2026-01-28 16:52:45,5.72
2026-01-28 16:52:46,5.72
2026-01-28 16:52:47,5.72
2026-01-28 16:52:48,5.72
2026-01-28 16:52:49,8.10
2026-01-28 16:52:50,8.10
2026-01-28 16:52:51,8.10
2026-01-28 16:52:52,8.10
2026-01-28 16:52:53,8.10
2026-01-28 16:52:54,6.12
2026-01-28 16:52:55,6.12
2026-01-28 16:52:56,6.12
2026-01-28 16:52:57,6.12
2026-01-28 16:52:58,6.12
2026-01-28 16:52:59,8.40
2026-01-28 16:53:00,8.40
2026-01-28 16:53:01,8.40
2026-01-28 16:53:02,8.40
2026-01-28 16:53:03,8.40
2026-01-28 16:53:04,5.71
2026-01-28 16:53:05,5.71
2026-01-28 16:53:06,5.71
2026-01-28 16:53:07,5.71
2026-01-28 16:53:08,5.71
2026-01-28 16:53:09,8.82
2026-01-28 16:53:10,8.82
2026-01-28 16:53:11,8.82
2026-01-28 16:53:12,8.82
2026-01-28 16:53:13,8.82
2026-01-28 16:53:14,6.64
2026-01-28 16:53:15,6.64
2026-01-28 16:53:16,6.64
2026-01-28 16:53:17,6.64
2026-01-28 16:53:18,6.64
2026-01-28 16:53:19,8.59
2026-01-28 16:53:20,8.59
2026-01-28 16:53:21,8.59
2026-01-28 16:53:22,8.59
2026-01-28 16:53:23,8.59
2026-01-28 16:53:24,6.58
2026-01-28 16:53:25,6.58
2026-01-28 16:53:26,6.58
2026-01-28 16:53:27,6.58
2026-01-28 16:53:28,6.58
2026-01-28 16:53:29,8.70
2026-01-28 16:53:30,8.70
2026-01-28 16:53:31,8.70
2026-01-28 16:53:32,8.70
2026-01-28 16:53:33,8.70
2026-01-28 16:53:34,6.80
2026-01-28 16:53:35,6.80
2026-01-28 16:53:36,6.80
2026-01-28 16:53:37,6.80
2026-01-28 16:53:38,6.80
2026-01-28 16:53:39,8.98
2026-01-28 16:53:40,8.98
2026-01-28 16:53:41,8.98
2026-01-28 16:53:42,8.98
2026-01-28 16:53:43,8.98
2026-01-28 16:53:44,6.44
2026-01-28 16:53:45,6.44
2026-01-28 16:53:46,6.44
2026-01-28 16:53:47,6.44
2026-01-28 16:53:48,6.44
2026-01-28 16:53:49,8.67
2026-01-28 16:53:50,8.67
2026-01-28 16:53:51,8.67
2026-01-28 16:53:52,8.67
2026-01-28 16:53:53,8.67
2026-01-28 16:53:54,6.91
2026-01-28 16:53:55,6.91
2026-01-28 16:53:56,6.91
2026-01-28 16:53:57,6.91
2026-01-28 16:53:58,6.91
2026-01-28 16:53:59,8.80
2026-01-28 16:54:00,8.80
2026-01-28 16:54:01,8.80
2026-01-28 16:54:02,8.80
2026-01-28 16:54:03,8.80
2026-01-28 16:54:04,6.54
2026-01-28 16:54:05,6.54
2026-01-28 16:54:06,6.54
2026-01-28 16:54:07,6.54
2026-01-28 16:54:08,6.54
2026-01-28 16:54:09,8.73
2026-01-28 16:54:10,8.73
2026-01-28 16:54:11,8.73
2026-01-28 16:54:12,8.73
2026-01-28 16:54:13,8.73
2026-01-28 16:54:14,6.65
2026-01-28 16:54:15,6.65
2026-01-28 16:54:16,6.65
2026-01-28 16:54:17,6.65
2026-01-28 16:54:18,6.65
2026-01-28 16:54:19,8.59
2026-01-28 16:54:20,8.59
2026-01-28 16:54:21,8.59
2026-01-28 16:54:22,8.59
2026-01-28 16:54:23,8.59
2026-01-28 16:54:24,6.51
2026-01-28 16:54:25,6.51
2026-01-28 16:54:26,6.51
2026-01-28 16:54:27,6.51
2026-01-28 16:54:28,6.51
2026-01-28 16:54:29,9.90
2026-01-28 16:54:30,9.90
2026-01-28 16:54:31,9.90
2026-01-28 16:54:32,9.90
2026-01-28 16:54:33,9.90
2026-01-28 16:54:34,6.44
2026-01-28 16:54:35,6.44
2026-01-28 16:54:36,6.44
2026-01-28 16:54:37,6.44
2026-01-28 16:54:38,6.44
2026-01-28 16:54:39,7.99
2026-01-28 16:54:40,7.99
2026-01-28 16:54:41,7.99
2026-01-28 16:54:42,7.99
2026-01-28 16:54:43,7.99
2026-01-28 16:54:44,5.61
2026-01-28 16:54:45,5.61
2026-01-28 16:54:46,5.61
2026-01-28 16:54:47,5.61
2026-01-28 16:54:48,5.61
2026-01-28 16:54:49,8.12
2026-01-28 16:54:50,8.12
2026-01-28 16:54:51,8.12
2026-01-28 16:54:52,8.12
2026-01-28 16:54:53,8.12
2026-01-28 16:54:54,5.89
2026-01-28 16:54:55,5.89
2026-01-28 16:54:56,5.89
2026-01-28 16:54:57,5.89
2026-01-28 16:54:58,5.89
2026-01-28 16:54:59,7.74
2026-01-28 16:55:00,7.74
2026-01-28 16:55:01,7.74
2026-01-28 16:55:02,7.74
2026-01-28 16:55:03,7.74
2026-01-28 16:55:04,5.57
2026-01-28 16:55:05,5.57
2026-01-28 16:55:06,5.57
2026-01-28 16:55:07,5.57
2026-01-28 16:55:08,5.57
2026-01-28 16:55:09,7.97
2026-01-28 16:55:10,7.97
2026-01-28 16:55:11,7.97
2026-01-28 16:55:12,7.97
2026-01-28 16:55:13,7.97
2026-01-28 16:55:14,5.70
2026-01-28 16:55:15,5.70
2026-01-28 16:55:16,5.70
2026-01-28 16:55:17,5.70
2026-01-28 16:55:18,5.70
2026-01-28 16:55:19,7.95
2026-01-28 16:55:20,7.95
2026-01-28 16:55:21,7.95
2026-01-28 16:55:22,7.95
2026-01-28 16:55:23,7.95
2026-01-28 16:55:24,5.59
2026-01-28 16:55:25,5.59
2026-01-28 16:55:26,5.59
2026-01-28 16:55:27,5.59
2026-01-28 16:55:28,5.59
2026-01-28 16:55:29,7.83
2026-01-28 16:55:30,7.83
2026-01-28 16:55:31,7.83
2026-01-28 16:55:32,7.83
2026-01-28 16:55:33,7.83
2026-01-28 16:55:34,5.69
2026-01-28 16:55:35,5.69
2026-01-28 16:55:36,5.69
2026-01-28 16:55:37,5.69
2026-01-28 16:55:38,5.69
2026-01-28 16:55:39,7.60
2026-01-28 16:55:40,7.60
2026-01-28 16:55:41,7.60
2026-01-28 16:55:42,7.60
2026-01-28 16:55:43,7.60
2026-01-28 16:55:44,5.70
2026-01-28 16:55:45,5.70
2026-01-28 16:55:46,5.70
2026-01-28 16:55:47,5.70
2026-01-28 16:55:48,5.70
2026-01-28 16:55:49,0
2026-01-28 16:55:50,0
2026-01-28 16:55:51,0
2026-01-28 16:55:52,0
2026-01-28 16:55:53,0
2026-01-28 16:55:54,0
2026-01-28 16:55:55,0
2026-01-28 16:55:56,0
2026-01-28 16:55:57,0
2026-01-28 16:55:58,0
2026-01-28 16:55:59,0
2026-01-28 16:56:00,0
2026-01-28 16:56:01,0
2026-01-28 16:56:02,0
2026-01-28 16:56:03,0
2026-01-28 16:56:04,0
2026-01-28 16:56:05,0
2026-01-28 16:56:06,0
2026-01-28 16:56:07,0
2026-01-28 16:56:08,0
2026-01-28 16:56:09,0
2026-01-28 16:56:10,0
2026-01-28 16:56:11,0
2026-01-28 16:56:12,0
2026-01-28 16:56:13,0
2026-01-28 16:56:14,0
2026-01-28 16:56:15,0
2026-01-28 16:56:16,0
2026-01-28 16:56:17,0
2026-01-28 16:56:18,0
2026-01-28 16:56:19,0
2026-01-28 16:56:20,0
2026-01-28 16:56:21,0
2026-01-28 16:56:22,0
2026-01-28 16:56:23,0
2026-01-28 16:56:24,0
2026-01-28 16:56:25,0
2026-01-28 16:56:26,0
2026-01-28 16:56:27,0
2026-01-28 16:56:28,0
2026-01-28 16:56:29,0
2026-01-28 16:56:30,0
2026-01-28 16:56:31,0
2026-01-28 16:56:32,0
2026-01-28 16:56:33,0
2026-01-28 16:56:34,0
2026-01-28 16:56:35,0
2026-01-28 16:56:36,0
2026-01-28 16:56:37,0
2026-01-28 16:56:38,0
2026-01-28 16:56:39,0
2026-01-28 16:56:40,0
2026-01-28 16:56:41,0
2026-01-28 16:56:42,0
2026-01-28 16:56:43,0
2026-01-28 16:56:44,0
2026-01-28 16:56:45,0
2026-01-28 16:56:46,0
2026-01-28 16:56:47,0
2026-01-28 16:56:48,0
2026-01-28 16:56:49,0
2026-01-28 16:56:50,0
2026-01-28 16:56:51,0
2026-01-28 16:56:52,0
2026-01-28 16:56:53,0
2026-01-28 16:56:54,0
2026-01-28 16:56:55,0
2026-01-28 16:56:56,0
2026-01-28 16:56:57,0
2026-01-28 16:56:58,0
2026-01-28 16:56:59,0
2026-01-28 16:57:00,0
2026-01-28 16:57:01,0
2026-01-28 16:57:02,0
2026-01-28 16:57:03,0
2026-01-28 16:57:04,0
2026-01-28 16:57:05,0
2026-01-28 16:57:06,0
2026-01-28 16:57:07,0
2026-01-28 16:57:08,0
2026-01-28 16:57:09,0
2026-01-28 16:57:10,0
2026-01-28 16:57:11,0
2026-01-28 16:57:12,0
2026-01-28 16:57:13,0
2026-01-28 16:57:14,0
2026-01-28 16:57:15,0
2026-01-28 16:57:16,0
2026-01-28 16:57:17,0
2026-01-28 16:57:18,0
2026-01-28 16:57:19,0
2026-01-28 16:57:20,0
2026-01-28 16:57:21,0
2026-01-28 16:57:22,0
2026-01-28 16:57:23,0
2026-01-28 16:57:34,7.70
2026-01-28 16:57:35,7.70
2026-01-28 16:57:36,7.70
2026-01-28 16:57:37,7.70
2026-01-28 16:57:38,7.70
2026-01-28 16:57:39,9.38
2026-01-28 16:57:40,9.38
2026-01-28 16:57:41,9.38
2026-01-28 16:57:42,9.38
2026-01-28 16:57:43,9.38
2026-01-28 16:57:44,7.82
2026-01-28 16:57:45,7.82
2026-01-28 16:57:46,7.82
2026-01-28 16:57:47,7.82
2026-01-28 16:57:48,7.82
2026-01-28 16:57:49,9.49
2026-01-28 16:57:50,9.49
2026-01-28 16:57:51,9.49
2026-01-28 16:57:52,9.49
2026-01-28 16:57:53,9.49
2026-01-28 16:57:54,7.74
2026-01-28 16:57:55,7.74
2026-01-28 16:57:56,7.74
2026-01-28 16:57:57,7.74
2026-01-28 16:57:58,7.74
2026-01-28 16:57:59,9.75
2026-01-28 16:58:00,9.75
2026-01-28 16:58:01,9.75
2026-01-28 16:58:02,9.75
2026-01-28 16:58:03,9.75
2026-01-28 16:58:04,8.60
2026-01-28 16:58:05,8.60
2026-01-28 16:58:06,8.60
2026-01-28 16:58:07,8.60
2026-01-28 16:58:08,8.60
2026-01-28 16:58:09,10.1
2026-01-28 16:58:10,10.1
2026-01-28 16:58:11,10.1
2026-01-28 16:58:12,10.1
2026-01-28 16:58:13,10.1
2026-01-28 16:58:14,8.59
2026-01-28 16:58:15,8.59
2026-01-28 16:58:16,8.59
2026-01-28 16:58:17,8.59
2026-01-28 16:58:18,8.59
2026-01-28 16:58:19,10.4
2026-01-28 16:58:20,10.4
2026-01-28 16:58:21,10.4
2026-01-28 16:58:22,10.4
2026-01-28 16:58:23,10.4
2026-01-28 16:58:24,8.32
2026-01-28 16:58:25,8.32
2026-01-28 16:58:26,8.32
2026-01-28 16:58:27,8.32
2026-01-28 16:58:28,8.32
2026-01-28 16:58:29,10.5
2026-01-28 16:58:30,10.5
2026-01-28 16:58:31,10.5
2026-01-28 16:58:32,10.5
2026-01-28 16:58:33,10.5
2026-01-28 16:58:34,8.84
2026-01-28 16:58:35,8.84
2026-01-28 16:58:36,8.84
2026-01-28 16:58:37,8.84
2026-01-28 16:58:38,8.84
2026-01-28 16:58:39,10.6
2026-01-28 16:58:40,10.6
2026-01-28 16:58:41,10.6
2026-01-28 16:58:42,10.6
2026-01-28 16:58:43,10.6
2026-01-28 16:58:44,8.70
2026-01-28 16:58:45,8.70
2026-01-28 16:58:46,8.70
2026-01-28 16:58:47,8.70
2026-01-28 16:58:48,8.70
2026-01-28 16:58:49,10.6
2026-01-28 16:58:50,10.6
2026-01-28 16:58:51,10.6
2026-01-28 16:58:52,10.6
2026-01-28 16:58:53,10.6
2026-01-28 16:58:54,10.00
2026-01-28 16:58:55,10.00
2026-01-28 16:58:56,10.00
2026-01-28 16:58:57,10.00
2026-01-28 16:58:58,10.00
2026-01-28 16:58:59,10.6
2026-01-28 16:59:00,10.6
2026-01-28 16:59:01,10.6
2026-01-28 16:59:02,10.6
2026-01-28 16:59:03,10.6
2026-01-28 16:59:04,8.28
2026-01-28 16:59:05,8.28
2026-01-28 16:59:06,8.28
2026-01-28 16:59:07,8.28
2026-01-28 16:59:08,8.28
2026-01-28 16:59:09,10.4
2026-01-28 16:59:10,10.4
2026-01-28 16:59:11,10.4
2026-01-28 16:59:12,10.4
2026-01-28 16:59:13,10.4
2026-01-28 16:59:14,8.40
2026-01-28 16:59:15,8.40
2026-01-28 16:59:16,8.40
2026-01-28 16:59:17,8.40
2026-01-28 16:59:18,8.40
2026-01-28 16:59:19,10.4
2026-01-28 16:59:20,10.4
2026-01-28 16:59:21,10.4
2026-01-28 16:59:22,10.4
2026-01-28 16:59:23,10.4
2026-01-28 16:59:24,8.35
2026-01-28 16:59:25,8.35
2026-01-28 16:59:26,8.35
2026-01-28 16:59:27,8.35
2026-01-28 16:59:28,8.35
2026-01-28 16:59:29,10.4
2026-01-28 16:59:30,10.4
2026-01-28 16:59:31,10.4
2026-01-28 16:59:32,10.4
2026-01-28 16:59:33,10.4
2026-01-28 16:59:34,8.55
2026-01-28 16:59:35,8.55
2026-01-28 16:59:36,8.55
2026-01-28 16:59:37,8.55
2026-01-28 16:59:38,8.55
2026-01-28 16:59:39,10.4
2026-01-28 16:59:40,10.4
2026-01-28 16:59:41,10.4
2026-01-28 16:59:42,10.4
2026-01-28 16:59:43,10.4
2026-01-28 16:59:44,8.34
2026-01-28 16:59:45,8.34
2026-01-28 16:59:46,8.34
2026-01-28 16:59:47,8.34
2026-01-28 16:59:48,8.34
2026-01-28 16:59:49,9.39
2026-01-28 16:59:50,9.39
2026-01-28 16:59:51,9.39
2026-01-28 16:59:52,9.39
2026-01-28 16:59:53,9.39
2026-01-28 16:59:54,7.36
2026-01-28 16:59:55,7.36
2026-01-28 16:59:56,7.36
2026-01-28 16:59:57,7.36
2026-01-28 16:59:58,7.36
2026-01-28 16:59:59,8.29
2026-01-28 17:00:00,8.29
2026-01-28 17:00:01,8.29
2026-01-28 17:00:02,8.29
2026-01-28 17:00:03,8.29
2026-01-28 17:00:04,5.98
2026-01-28 17:00:05,5.98
2026-01-28 17:00:06,5.98
2026-01-28 17:00:07,5.98
2026-01-28 17:00:08,5.98
2026-01-28 17:00:09,9.71
2026-01-28 17:00:10,9.71
2026-01-28 17:00:11,9.71
2026-01-28 17:00:12,9.71
2026-01-28 17:00:13,9.71
2026-01-28 17:00:14,4.53
2026-01-28 17:00:15,4.53
2026-01-28 17:00:16,4.53
2026-01-28 17:00:17,4.53
2026-01-28 17:00:18,4.53
2026-01-28 17:00:19,6.86
2026-01-28 17:00:20,6.86
2026-01-28 17:00:21,6.86
2026-01-28 17:00:22,6.86
2026-01-28 17:00:23,6.86
2026-01-28 17:00:24,4.42
2026-01-28 17:00:25,4.42
2026-01-28 17:00:26,4.42
2026-01-28 17:00:27,4.42
2026-01-28 17:00:28,4.42
2026-01-28 17:00:29,7.25
2026-01-28 17:00:30,7.25
2026-01-28 17:00:31,7.25
2026-01-28 17:00:32,7.25
2026-01-28 17:00:33,7.25
2026-01-28 17:00:34,4.55
2026-01-28 17:00:35,4.55
2026-01-28 17:00:36,4.55
2026-01-28 17:00:37,4.55
2026-01-28 17:00:38,4.55
2026-01-28 17:00:39,6.76
2026-01-28 17:00:40,6.76
2026-01-28 17:00:41,6.76
2026-01-28 17:00:42,6.76
2026-01-28 17:00:43,6.76
2026-01-28 17:00:44,4.53
2026-01-28 17:00:45,4.53
2026-01-28 17:00:46,4.53
2026-01-28 17:00:47,4.53
2026-01-28 17:00:48,4.53
2026-01-28 17:00:49,6.81
2026-01-28 17:00:50,6.81
2026-01-28 17:00:51,6.81
2026-01-28 17:00:52,6.81
2026-01-28 17:00:53,6.81
2026-01-28 17:00:54,4.41
2026-01-28 17:00:55,4.41
2026-01-28 17:00:56,4.41
2026-01-28 17:00:57,4.41
2026-01-28 17:00:58,4.41
2026-01-28 17:00:59,7.11
2026-01-28 17:01:00,7.11
2026-01-28 17:01:01,7.11
2026-01-28 17:01:02,7.11
2026-01-28 17:01:03,7.11
2026-01-28 17:01:04,4.67
2026-01-28 17:01:05,4.67
2026-01-28 17:01:06,4.67
2026-01-28 17:01:07,4.67
2026-01-28 17:01:08,4.67
2026-01-28 17:01:09,7.11
2026-01-28 17:01:10,7.11
2026-01-28 17:01:11,7.11
2026-01-28 17:01:12,7.11
2026-01-28 17:01:13,7.11
2026-01-28 17:01:14,5.14
2026-01-28 17:01:15,5.14
2026-01-28 17:01:16,5.14
2026-01-28 17:01:17,5.14
2026-01-28 17:01:18,5.14
2026-01-28 17:01:19,6.88
2026-01-28 17:01:20,6.88
2026-01-28 17:01:21,6.88
2026-01-28 17:01:22,6.88
2026-01-28 17:01:23,6.88
2026-01-28 17:01:24,4.75
2026-01-28 17:01:25,4.75
2026-01-28 17:01:26,4.75
2026-01-28 17:01:27,4.75
2026-01-28 17:01:28,4.75
2026-01-28 17:01:29,6.90
2026-01-28 17:01:30,6.90
2026-01-28 17:01:31,6.90
2026-01-28 17:01:32,6.90
2026-01-28 17:01:33,6.90
2026-01-28 17:01:34,4.60
2026-01-28 17:01:35,4.60
2026-01-28 17:01:36,4.60
2026-01-28 17:01:37,4.60
2026-01-28 17:01:38,4.60
2026-01-28 17:01:39,6.20
2026-01-28 17:01:40,6.20
2026-01-28 17:01:41,6.20
2026-01-28 17:01:42,6.20
2026-01-28 17:01:43,6.20
2026-01-28 17:01:44,7.39
2026-01-28 17:01:45,7.39
2026-01-28 17:01:46,7.39
2026-01-28 17:01:47,7.39
2026-01-28 17:01:48,7.39
2026-01-28 17:01:49,8.44
2026-01-28 17:01:50,8.44
2026-01-28 17:01:51,8.44
2026-01-28 17:01:52,8.44
2026-01-28 17:01:53,8.44
2026-01-28 17:01:54,6.65
2026-01-28 17:01:55,6.65
2026-01-28 17:01:56,6.65
2026-01-28 17:01:57,6.65
2026-01-28 17:01:58,6.65
2026-01-28 17:01:59,8.71
2026-01-28 17:02:00,8.71
2026-01-28 17:02:01,8.71
2026-01-28 17:02:02,8.71
2026-01-28 17:02:03,8.71
2026-01-28 17:02:04,6.75
2026-01-28 17:02:05,6.75
2026-01-28 17:02:06,6.75
2026-01-28 17:02:07,6.75
2026-01-28 17:02:08,6.75
2026-01-28 17:02:09,8.36
2026-01-28 17:02:10,8.36
2026-01-28 17:02:11,8.36
2026-01-28 17:02:12,8.36
2026-01-28 17:02:13,8.36
2026-01-28 17:02:14,6.83
2026-01-28 17:02:15,6.83
2026-01-28 17:02:16,6.83
2026-01-28 17:02:17,6.83
2026-01-28 17:02:18,6.83
2026-01-28 17:02:19,8.72
2026-01-28 17:02:20,8.72
2026-01-28 17:02:21,8.72
2026-01-28 17:02:22,8.72
2026-01-28 17:02:23,8.72
2026-01-28 17:02:24,6.56
2026-01-28 17:02:25,6.56
2026-01-28 17:02:26,6.56
2026-01-28 17:02:27,6.56
2026-01-28 17:02:28,6.56
2026-01-28 17:02:29,0
2026-01-28 17:02:30,0
2026-01-28 17:02:31,0
2026-01-28 17:02:32,0
2026-01-28 17:02:33,0
2026-01-28 17:02:34,0
2026-01-28 17:02:35,0
2026-01-28 17:02:36,0
2026-01-28 17:02:37,0
2026-01-28 17:02:38,0
2026-01-28 17:02:39,0
2026-01-28 17:02:40,0
2026-01-28 17:02:41,0
2026-01-28 17:02:42,0
2026-01-28 17:02:43,0
2026-01-28 17:02:44,0
2026-01-28 17:02:45,0
2026-01-28 17:02:46,0
2026-01-28 17:02:47,0
2026-01-28 17:02:48,0
2026-01-28 17:02:49,0
2026-01-28 17:02:50,0
2026-01-28 17:02:51,0
2026-01-28 17:02:52,0
2026-01-28 17:02:53,0
2026-01-28 17:02:54,0
2026-01-28 17:02:55,0
2026-01-28 17:02:56,0
2026-01-28 17:02:57,0
2026-01-28 17:02:58,0
2026-01-28 17:02:59,0
2026-01-28 17:03:00,0
2026-01-28 17:03:01,0
2026-01-28 17:03:02,0
2026-01-28 17:03:03,0
2026-01-28 17:03:04,0
2026-01-28 17:03:05,0
2026-01-28 17:03:06,0
2026-01-28 17:03:07,0
2026-01-28 17:03:08,0
2026-01-28 17:03:09,0
2026-01-28 17:03:10,0
2026-01-28 17:03:11,0
2026-01-28 17:03:12,0
2026-01-28 17:03:13,0
2026-01-28 17:03:14,0
2026-01-28 17:03:15,0
2026-01-28 17:03:16,0
2026-01-28 17:03:17,0
2026-01-28 17:03:18,0
2026-01-28 17:03:19,0
2026-01-28 17:03:20,0
2026-01-28 17:03:21,0
2026-01-28 17:03:22,0
2026-01-28 17:03:23,0
2026-01-28 17:03:24,0
2026-01-28 17:03:25,0
2026-01-28 17:03:26,0
2026-01-28 17:03:27,0
2026-01-28 17:03:28,0
2026-01-28 17:03:29,0
2026-01-28 17:03:30,0
2026-01-28 17:03:31,0
2026-01-28 17:03:32,0
2026-01-28 17:03:33,0
2026-01-28 17:03:34,0
2026-01-28 17:03:35,0
2026-01-28 17:03:36,0
2026-01-28 17:03:37,0
2026-01-28 17:03:38,0
2026-01-28 17:03:39,0
2026-01-28 17:03:40,0
2026-01-28 17:03:41,0
2026-01-28 17:03:42,0
2026-01-28 17:03:43,0
2026-01-28 17:03:44,0
2026-01-28 17:03:45,0
2026-01-28 17:03:46,0
2026-01-28 17:03:47,0
2026-01-28 17:03:48,0
2026-01-28 17:03:49,0
2026-01-28 17:03:50,0
2026-01-28 17:03:51,0
2026-01-28 17:03:52,0
2026-01-28 17:03:53,0
2026-01-28 17:03:54,0
2026-01-28 17:03:55,0
2026-01-28 17:03:56,0
2026-01-28 17:03:57,0
2026-01-28 17:03:58,0
2026-01-28 17:03:59,0
2026-01-28 17:04:00,0
2026-01-28 17:04:01,0
2026-01-28 17:04:02,0
2026-01-28 17:04:03,0
2026-01-28 17:04:29,8.66
2026-01-28 17:04:30,8.66
2026-01-28 17:04:31,8.66
2026-01-28 17:04:32,8.66
2026-01-28 17:04:33,8.66
2026-01-28 17:04:34,7.80
2026-01-28 17:04:35,7.80
2026-01-28 17:04:36,7.80
2026-01-28 17:04:37,7.80
2026-01-28 17:04:38,7.80
2026-01-28 17:04:39,8.23
2026-01-28 17:04:40,8.23
2026-01-28 17:04:41,8.23
2026-01-28 17:04:42,8.23
2026-01-28 17:04:43,8.23
2026-01-28 17:04:44,6.73
2026-01-28 17:04:45,6.73
2026-01-28 17:04:46,6.73
2026-01-28 17:04:47,6.73
2026-01-28 17:04:48,6.73
2026-01-28 17:04:49,8.18
2026-01-28 17:04:50,8.18
2026-01-28 17:04:51,8.18
2026-01-28 17:04:52,8.18
2026-01-28 17:04:53,8.18
2026-01-28 17:04:54,6.39
2026-01-28 17:04:55,6.39
2026-01-28 17:04:56,6.39
2026-01-28 17:04:57,6.39
2026-01-28 17:04:58,6.39
2026-01-28 17:04:59,8.64
2026-01-28 17:05:00,8.64
2026-01-28 17:05:01,8.64
2026-01-28 17:05:02,8.64
2026-01-28 17:05:03,8.64
2026-01-28 17:05:04,6.66
2026-01-28 17:05:05,6.66
2026-01-28 17:05:06,6.66
2026-01-28 17:05:07,6.66
2026-01-28 17:05:08,6.66
2026-01-28 17:05:09,8.26
2026-01-28 17:05:10,8.26
2026-01-28 17:05:11,8.26
2026-01-28 17:05:12,8.26
2026-01-28 17:05:13,8.26
2026-01-28 17:05:14,6.46
2026-01-28 17:05:15,6.46
2026-01-28 17:05:16,6.46
2026-01-28 17:05:17,6.46
2026-01-28 17:05:18,6.46
2026-01-28 17:05:19,8.23
2026-01-28 17:05:20,8.23
2026-01-28 17:05:21,8.23
2026-01-28 17:05:22,8.23
2026-01-28 17:05:23,8.23
2026-01-28 17:05:24,6.58
2026-01-28 17:05:25,6.58
2026-01-28 17:05:26,6.58
2026-01-28 17:05:27,6.58
2026-01-28 17:05:28,6.58
2026-01-28 17:05:29,9.64
2026-01-28 17:05:30,9.64
2026-01-28 17:05:31,9.64
2026-01-28 17:05:32,9.64
2026-01-28 17:05:33,9.64
2026-01-28 17:05:34,7.73
2026-01-28 17:05:35,7.73
2026-01-28 17:05:36,7.73
2026-01-28 17:05:37,7.73
2026-01-28 17:05:38,7.73
2026-01-28 17:05:39,9.60
2026-01-28 17:05:40,9.60
2026-01-28 17:05:41,9.60
2026-01-28 17:05:42,9.60
2026-01-28 17:05:43,9.60
2026-01-28 17:05:44,7.78
2026-01-28 17:05:45,7.78
2026-01-28 17:05:46,7.78
2026-01-28 17:05:47,7.78
2026-01-28 17:05:48,7.78
2026-01-28 17:05:49,9.23
2026-01-28 17:05:50,9.23
2026-01-28 17:05:51,9.23
2026-01-28 17:05:52,9.23
2026-01-28 17:05:53,9.23
2026-01-28 17:05:54,7.39
2026-01-28 17:05:55,7.39
2026-01-28 17:05:56,7.39
2026-01-28 17:05:57,7.39
2026-01-28 17:05:58,7.39
2026-01-28 17:05:59,9.85
2026-01-28 17:06:00,9.85
2026-01-28 17:06:01,9.85
2026-01-28 17:06:02,9.85
2026-01-28 17:06:03,9.85
2026-01-28 17:06:04,7.76
2026-01-28 17:06:05,7.76
2026-01-28 17:06:06,7.76
2026-01-28 17:06:07,7.76
2026-01-28 17:06:08,7.76
2026-01-28 17:06:09,9.22
2026-01-28 17:06:10,9.22
2026-01-28 17:06:11,9.22
2026-01-28 17:06:12,9.22
2026-01-28 17:06:13,9.22
2026-01-28 17:06:14,7.51
2026-01-28 17:06:15,7.51
2026-01-28 17:06:16,7.51
2026-01-28 17:06:17,7.51
2026-01-28 17:06:18,7.51
2026-01-28 17:06:19,11.2
2026-01-28 17:06:20,11.2
2026-01-28 17:06:21,11.2
2026-01-28 17:06:22,11.2
2026-01-28 17:06:23,11.2
2026-01-28 17:06:24,6.69
2026-01-28 17:06:25,6.69
2026-01-28 17:06:26,6.69
2026-01-28 17:06:27,6.69
2026-01-28 17:06:28,6.69
2026-01-28 17:06:29,10.5
2026-01-28 17:06:30,10.5
2026-01-28 17:06:31,10.5
2026-01-28 17:06:32,10.5
2026-01-28 17:06:33,10.5
2026-01-28 17:06:34,8.97
2026-01-28 17:06:35,8.97
2026-01-28 17:06:36,8.97
2026-01-28 17:06:37,8.97
2026-01-28 17:06:38,8.97
2026-01-28 17:06:39,10.4
2026-01-28 17:06:40,10.4
2026-01-28 17:06:41,10.4
2026-01-28 17:06:42,10.4
2026-01-28 17:06:43,10.4
2026-01-28 17:06:44,8.35
2026-01-28 17:06:45,8.35
2026-01-28 17:06:46,8.35
2026-01-28 17:06:47,8.35
2026-01-28 17:06:48,8.35
2026-01-28 17:06:49,10.4
2026-01-28 17:06:50,10.4
2026-01-28 17:06:51,10.4
2026-01-28 17:06:52,10.4
2026-01-28 17:06:53,10.4
2026-01-28 17:06:54,8.26
2026-01-28 17:06:55,8.26
2026-01-28 17:06:56,8.26
2026-01-28 17:06:57,8.26
2026-01-28 17:06:58,8.26
2026-01-28 17:06:59,10.2
2026-01-28 17:07:00,10.2
2026-01-28 17:07:01,10.2
2026-01-28 17:07:02,10.2
2026-01-28 17:07:03,10.2
2026-01-28 17:07:04,8.09
2026-01-28 17:07:05,8.09
2026-01-28 17:07:06,8.09
2026-01-28 17:07:07,8.09
2026-01-28 17:07:08,8.09
2026-01-28 17:07:09,9.04
2026-01-28 17:07:10,9.04
2026-01-28 17:07:11,9.04
2026-01-28 17:07:12,9.04
2026-01-28 17:07:13,9.04
2026-01-28 17:07:14,7.47
2026-01-28 17:07:15,7.47
2026-01-28 17:07:16,7.47
2026-01-28 17:07:17,7.47
2026-01-28 17:07:18,7.47
2026-01-28 17:07:19,9.02
2026-01-28 17:07:20,9.02
2026-01-28 17:07:21,9.02
2026-01-28 17:07:22,9.02
2026-01-28 17:07:23,9.02
2026-01-28 17:07:24,7.64
2026-01-28 17:07:25,7.64
2026-01-28 17:07:26,7.64
2026-01-28 17:07:27,7.64
2026-01-28 17:07:28,7.64
2026-01-28 17:07:29,9.07
2026-01-28 17:07:30,9.07
2026-01-28 17:07:31,9.07
2026-01-28 17:07:32,9.07
2026-01-28 17:07:33,9.07
2026-01-28 17:07:34,7.53
2026-01-28 17:07:35,7.53
2026-01-28 17:07:36,7.53
2026-01-28 17:07:37,7.53
2026-01-28 17:07:38,7.53
2026-01-28 17:07:39,9.29
2026-01-28 17:07:40,9.29
2026-01-28 17:07:41,9.29
2026-01-28 17:07:42,9.29
2026-01-28 17:07:43,9.29
2026-01-28 17:07:44,7.15
2026-01-28 17:07:45,7.15
2026-01-28 17:07:46,7.15
2026-01-28 17:07:47,7.15
2026-01-28 17:07:48,7.15
2026-01-28 17:07:49,8.19
2026-01-28 17:07:50,8.19
2026-01-28 17:07:51,8.19
2026-01-28 17:07:52,8.19
2026-01-28 17:07:53,8.19
2026-01-28 17:07:54,7.54
2026-01-28 17:07:55,7.54
2026-01-28 17:07:56,7.54
2026-01-28 17:07:57,7.54
2026-01-28 17:07:58,7.54
2026-01-28 17:07:59,9.45
2026-01-28 17:08:00,9.45
2026-01-28 17:08:01,9.45
2026-01-28 17:08:02,9.45
2026-01-28 17:08:03,9.45
2026-01-28 17:08:04,7.62
2026-01-28 17:08:05,7.62
2026-01-28 17:08:06,7.62
2026-01-28 17:08:07,7.62
2026-01-28 17:08:08,7.62
2026-01-28 17:08:09,9.28
2026-01-28 17:08:10,9.28
2026-01-28 17:08:11,9.28
2026-01-28 17:08:12,9.28
2026-01-28 17:08:13,9.28
2026-01-28 17:08:14,7.46
2026-01-28 17:08:15,7.46
2026-01-28 17:08:16,7.46
2026-01-28 17:08:17,7.46
2026-01-28 17:08:18,7.46
2026-01-28 17:08:19,8.21
2026-01-28 17:08:20,8.21
2026-01-28 17:08:21,8.21
2026-01-28 17:08:22,8.21
2026-01-28 17:08:23,8.21
2026-01-28 17:08:24,5.86
2026-01-28 17:08:25,5.86
2026-01-28 17:08:26,5.86
2026-01-28 17:08:27,5.86
2026-01-28 17:08:28,5.86
2026-01-28 17:08:29,7.63
2026-01-28 17:08:30,7.63
2026-01-28 17:08:31,7.63
2026-01-28 17:08:32,7.63
2026-01-28 17:08:33,7.63
2026-01-28 17:08:34,5.68
2026-01-28 17:08:35,5.68
2026-01-28 17:08:36,5.68
2026-01-28 17:08:37,5.68
2026-01-28 17:08:38,5.68
2026-01-28 17:08:39,7.56
2026-01-28 17:08:40,7.56
2026-01-28 17:08:41,7.56
2026-01-28 17:08:42,7.56
2026-01-28 17:08:43,7.56
2026-01-28 17:08:44,6.03
2026-01-28 17:08:45,6.03
2026-01-28 17:08:46,6.03
2026-01-28 17:08:47,6.03
2026-01-28 17:08:48,6.03
2026-01-28 17:08:49,7.73
2026-01-28 17:08:50,7.73
2026-01-28 17:08:51,7.73
2026-01-28 17:08:52,7.73
2026-01-28 17:08:53,7.73
2026-01-28 17:08:54,5.41
2026-01-28 17:08:55,5.41
2026-01-28 17:08:56,5.41
2026-01-28 17:08:57,5.41
2026-01-28 17:08:58,5.41
2026-01-28 17:08:59,7.92
2026-01-28 17:09:00,7.92
2026-01-28 17:09:01,7.92
2026-01-28 17:09:02,7.92
2026-01-28 17:09:03,7.92
2026-01-28 17:09:04,5.87
2026-01-28 17:09:05,5.87
2026-01-28 17:09:06,5.87
2026-01-28 17:09:07,5.87
2026-01-28 17:09:08,5.87
2026-01-28 17:09:09,7.56
2026-01-28 17:09:10,7.56
2026-01-28 17:09:11,7.56
2026-01-28 17:09:12,7.56
2026-01-28 17:09:13,7.56
2026-01-28 17:09:14,6.01
2026-01-28 17:09:15,6.01
2026-01-28 17:09:16,6.01
2026-01-28 17:09:17,6.01
2026-01-28 17:09:18,6.01
2026-01-28 17:09:19,0
2026-01-28 17:09:20,0
2026-01-28 17:09:21,0
2026-01-28 17:09:22,0
2026-01-28 17:09:23,0
2026-01-28 17:09:24,0
2026-01-28 17:09:25,0
2026-01-28 17:09:26,0
2026-01-28 17:09:27,0
2026-01-28 17:09:28,0
2026-01-28 17:09:29,0
2026-01-28 17:09:30,0
2026-01-28 17:09:31,0
2026-01-28 17:09:32,0
2026-01-28 17:09:33,0
2026-01-28 17:09:34,0
2026-01-28 17:09:35,0
2026-01-28 17:09:36,0
2026-01-28 17:09:37,0
2026-01-28 17:09:38,0
2026-01-28 17:09:39,0
2026-01-28 17:09:40,0
2026-01-28 17:09:41,0
2026-01-28 17:09:42,0
2026-01-28 17:09:43,0
2026-01-28 17:09:44,0
2026-01-28 17:09:45,0
2026-01-28 17:09:46,0
2026-01-28 17:09:47,0
2026-01-28 17:09:48,0
2026-01-28 17:09:49,0
2026-01-28 17:09:50,0
2026-01-28 17:09:51,0
2026-01-28 17:09:52,0
2026-01-28 17:09:53,0
2026-01-28 17:09:54,0
2026-01-28 17:09:55,0
2026-01-28 17:09:56,0
2026-01-28 17:09:57,0
2026-01-28 17:09:58,0
2026-01-28 17:09:59,0
2026-01-28 17:10:00,0
2026-01-28 17:10:01,0
2026-01-28 17:10:02,0
2026-01-28 17:10:03,0
2026-01-28 17:10:04,0
2026-01-28 17:10:05,0
2026-01-28 17:10:06,0
2026-01-28 17:10:07,0
2026-01-28 17:10:08,0
2026-01-28 17:10:09,0
2026-01-28 17:10:10,0
2026-01-28 17:10:11,0
2026-01-28 17:10:12,0
2026-01-28 17:10:13,0
2026-01-28 17:10:14,0
2026-01-28 17:10:15,0
2026-01-28 17:10:16,0
2026-01-28 17:10:17,0
2026-01-28 17:10:18,0
2026-01-28 17:10:19,0
2026-01-28 17:10:20,0
2026-01-28 17:10:21,0
2026-01-28 17:10:22,0
2026-01-28 17:10:23,0
2026-01-28 17:10:24,0
2026-01-28 17:10:25,0
2026-01-28 17:10:26,0
2026-01-28 17:10:27,0
2026-01-28 17:10:28,0
2026-01-28 17:10:29,0
2026-01-28 17:10:30,0
2026-01-28 17:10:31,0
2026-01-28 17:10:32,0
2026-01-28 17:10:33,0
2026-01-28 17:10:34,0
2026-01-28 17:10:35,0
2026-01-28 17:10:36,0
2026-01-28 17:10:37,0
2026-01-28 17:10:38,0
2026-01-28 17:10:39,0
2026-01-28 17:10:40,0
2026-01-28 17:10:41,0
2026-01-28 17:10:42,0
2026-01-28 17:10:43,0
2026-01-28 17:10:44,0
2026-01-28 17:10:45,0
2026-01-28 17:10:46,0
2026-01-28 17:10:47,0
2026-01-28 17:10:48,0
2026-01-28 17:10:49,0
2026-01-28 17:10:50,0
2026-01-28 17:10:51,0
2026-01-28 17:10:52,0
2026-01-28 17:10:53,0
2026-01-28 17:11:34,6.11
2026-01-28 17:11:35,6.11
2026-01-28 17:11:36,6.11
2026-01-28 17:11:37,6.11
2026-01-28 17:11:38,6.11
2026-01-28 17:11:39,8.27
2026-01-28 17:11:40,8.27
2026-01-28 17:11:41,8.27
2026-01-28 17:11:42,8.27
2026-01-28 17:11:43,8.27
2026-01-28 17:11:44,6.94
2026-01-28 17:11:45,6.94
2026-01-28 17:11:46,6.94
2026-01-28 17:11:47,6.94
2026-01-28 17:11:48,6.94
2026-01-28 17:11:49,8.03
2026-01-28 17:11:50,8.03
2026-01-28 17:11:51,8.03
2026-01-28 17:11:52,8.03
2026-01-28 17:11:53,8.03
2026-01-28 17:11:54,6.33
2026-01-28 17:11:55,6.33
2026-01-28 17:11:56,6.33
2026-01-28 17:11:57,6.33
2026-01-28 17:11:58,6.33
2026-01-28 17:11:59,8.51
2026-01-28 17:12:00,8.51
2026-01-28 17:12:01,8.51
2026-01-28 17:12:02,8.51
2026-01-28 17:12:03,8.51
2026-01-28 17:12:04,6.68
2026-01-28 17:12:05,6.68
2026-01-28 17:12:06,6.68
2026-01-28 17:12:07,6.68
2026-01-28 17:12:08,6.68
2026-01-28 17:12:09,8.18
2026-01-28 17:12:10,8.18
2026-01-28 17:12:11,8.18
2026-01-28 17:12:12,8.18
2026-01-28 17:12:13,8.18
2026-01-28 17:12:14,6.51
2026-01-28 17:12:15,6.51
2026-01-28 17:12:16,6.51
2026-01-28 17:12:17,6.51
2026-01-28 17:12:18,6.51
2026-01-28 17:12:19,7.95
2026-01-28 17:12:20,7.95
2026-01-28 17:12:21,7.95
2026-01-28 17:12:22,7.95
2026-01-28 17:12:23,7.95
2026-01-28 17:12:24,6.63
2026-01-28 17:12:25,6.63
2026-01-28 17:12:26,6.63
2026-01-28 17:12:27,6.63
2026-01-28 17:12:28,6.63
2026-01-28 17:12:29,8.16
2026-01-28 17:12:30,8.16
2026-01-28 17:12:31,8.16
2026-01-28 17:12:32,8.16
2026-01-28 17:12:33,8.16
2026-01-28 17:12:34,6.39
2026-01-28 17:12:35,6.39
2026-01-28 17:12:36,6.39
2026-01-28 17:12:37,6.39
2026-01-28 17:12:38,6.39
2026-01-28 17:12:39,7.76
2026-01-28 17:12:40,7.76
2026-01-28 17:12:41,7.76
2026-01-28 17:12:42,7.76
2026-01-28 17:12:43,7.76
2026-01-28 17:12:44,6.58
2026-01-28 17:12:45,6.58
2026-01-28 17:12:46,6.58
2026-01-28 17:12:47,6.58
2026-01-28 17:12:48,6.58
2026-01-28 17:12:49,7.90
2026-01-28 17:12:50,7.90
2026-01-28 17:12:51,7.90
2026-01-28 17:12:52,7.90
2026-01-28 17:12:53,7.90
2026-01-28 17:12:54,6.26
2026-01-28 17:12:55,6.26
2026-01-28 17:12:56,6.26
2026-01-28 17:12:57,6.26
2026-01-28 17:12:58,6.26
2026-01-28 17:12:59,8.11
2026-01-28 17:13:00,8.11
2026-01-28 17:13:01,8.11
2026-01-28 17:13:02,8.11
2026-01-28 17:13:03,8.11
2026-01-28 17:13:04,6.70
2026-01-28 17:13:05,6.70
2026-01-28 17:13:06,6.70
2026-01-28 17:13:07,6.70
2026-01-28 17:13:08,6.70
2026-01-28 17:13:09,8.31
2026-01-28 17:13:10,8.31
2026-01-28 17:13:11,8.31
2026-01-28 17:13:12,8.31
2026-01-28 17:13:13,8.31
2026-01-28 17:13:14,6.37
2026-01-28 17:13:15,6.37
2026-01-28 17:13:16,6.37
2026-01-28 17:13:17,6.37
2026-01-28 17:13:18,6.37
2026-01-28 17:13:19,9.52
2026-01-28 17:13:20,9.52
2026-01-28 17:13:21,9.52
2026-01-28 17:13:22,9.52
2026-01-28 17:13:23,9.52
2026-01-28 17:13:24,6.61
2026-01-28 17:13:25,6.61
2026-01-28 17:13:26,6.61
2026-01-28 17:13:27,6.61
2026-01-28 17:13:28,6.61
2026-01-28 17:13:29,8.02
2026-01-28 17:13:30,8.02
2026-01-28 17:13:31,8.02
2026-01-28 17:13:32,8.02
2026-01-28 17:13:33,8.02
2026-01-28 17:13:34,6.42
2026-01-28 17:13:35,6.42
2026-01-28 17:13:36,6.42
2026-01-28 17:13:37,6.42
2026-01-28 17:13:38,6.42
2026-01-28 17:13:39,8.78
2026-01-28 17:13:40,8.78
2026-01-28 17:13:41,8.78
2026-01-28 17:13:42,8.78
2026-01-28 17:13:43,8.78
2026-01-28 17:13:44,7.47
2026-01-28 17:13:45,7.47
2026-01-28 17:13:46,7.47
2026-01-28 17:13:47,7.47
2026-01-28 17:13:48,7.47
2026-01-28 17:13:49,9.88
2026-01-28 17:13:50,9.88
2026-01-28 17:13:51,9.88
2026-01-28 17:13:52,9.88
2026-01-28 17:13:53,9.88
2026-01-28 17:13:54,7.45
2026-01-28 17:13:55,7.45
2026-01-28 17:13:56,7.45
2026-01-28 17:13:57,7.45
2026-01-28 17:13:58,7.45
2026-01-28 17:13:59,9.31
2026-01-28 17:14:00,9.31
2026-01-28 17:14:01,9.31
2026-01-28 17:14:02,9.31
2026-01-28 17:14:03,9.31
2026-01-28 17:14:04,7.67
2026-01-28 17:14:05,7.67
2026-01-28 17:14:06,7.67
2026-01-28 17:14:07,7.67
2026-01-28 17:14:08,7.67
2026-01-28 17:14:09,9.17
2026-01-28 17:14:10,9.17
2026-01-28 17:14:11,9.17
2026-01-28 17:14:12,9.17
2026-01-28 17:14:13,9.17
2026-01-28 17:14:14,7.43
2026-01-28 17:14:15,7.43
2026-01-28 17:14:16,7.43
2026-01-28 17:14:17,7.43
2026-01-28 17:14:18,7.43
2026-01-28 17:14:19,9.40
2026-01-28 17:14:20,9.40
2026-01-28 17:14:21,9.40
2026-01-28 17:14:22,9.40
2026-01-28 17:14:23,9.40
2026-01-28 17:14:24,8.56
2026-01-28 17:14:25,8.56
2026-01-28 17:14:26,8.56
2026-01-28 17:14:27,8.56
2026-01-28 17:14:28,8.56
2026-01-28 17:14:29,10.3
2026-01-28 17:14:30,10.3
2026-01-28 17:14:31,10.3
2026-01-28 17:14:32,10.3
2026-01-28 17:14:33,10.3
2026-01-28 17:14:34,8.08
2026-01-28 17:14:35,8.08
2026-01-28 17:14:36,8.08
2026-01-28 17:14:37,8.08
2026-01-28 17:14:38,8.08
2026-01-28 17:14:39,10.4
2026-01-28 17:14:40,10.4
2026-01-28 17:14:41,10.4
2026-01-28 17:14:42,10.4
2026-01-28 17:14:43,10.4
2026-01-28 17:14:44,8.61
2026-01-28 17:14:45,8.61
2026-01-28 17:14:46,8.61
2026-01-28 17:14:47,8.61
2026-01-28 17:14:48,8.61
2026-01-28 17:14:49,10.00
2026-01-28 17:14:50,10.00
2026-01-28 17:14:51,10.00
2026-01-28 17:14:52,10.00
2026-01-28 17:14:53,10.00
2026-01-28 17:14:54,7.42
2026-01-28 17:14:55,7.42
2026-01-28 17:14:56,7.42
2026-01-28 17:14:57,7.42
2026-01-28 17:14:58,7.42
2026-01-28 17:14:59,9.99
2026-01-28 17:15:00,9.99
2026-01-28 17:15:01,9.99
2026-01-28 17:15:02,9.99
2026-01-28 17:15:03,9.99
2026-01-28 17:15:04,8.57
2026-01-28 17:15:05,8.57
2026-01-28 17:15:06,8.57
2026-01-28 17:15:07,8.57
2026-01-28 17:15:08,8.57
2026-01-28 17:15:09,9.68
2026-01-28 17:15:10,9.68
2026-01-28 17:15:11,9.68
2026-01-28 17:15:12,9.68
2026-01-28 17:15:13,9.68
2026-01-28 17:15:14,7.57
2026-01-28 17:15:15,7.57
2026-01-28 17:15:16,7.57
2026-01-28 17:15:17,7.57
2026-01-28 17:15:18,7.57
2026-01-28 17:15:19,8.65
2026-01-28 17:15:20,8.65
2026-01-28 17:15:21,8.65
2026-01-28 17:15:22,8.65
2026-01-28 17:15:23,8.65
2026-01-28 17:15:24,7.19
2026-01-28 17:15:25,7.19
2026-01-28 17:15:26,7.19
2026-01-28 17:15:27,7.19
2026-01-28 17:15:28,7.19
2026-01-28 17:15:29,8.31
2026-01-28 17:15:30,8.31
2026-01-28 17:15:31,8.31
2026-01-28 17:15:32,8.31
2026-01-28 17:15:33,8.31
2026-01-28 17:15:34,7.45
2026-01-28 17:15:35,7.45
2026-01-28 17:15:36,7.45
2026-01-28 17:15:37,7.45
2026-01-28 17:15:38,7.45
2026-01-28 17:15:39,7.30
2026-01-28 17:15:40,7.30
2026-01-28 17:15:41,7.30
2026-01-28 17:15:42,7.30
2026-01-28 17:15:43,7.30
2026-01-28 17:15:44,6.35
2026-01-28 17:15:45,6.35
2026-01-28 17:15:46,6.35
2026-01-28 17:15:47,6.35
2026-01-28 17:15:48,6.35
2026-01-28 17:15:49,7.60
2026-01-28 17:15:50,7.60
2026-01-28 17:15:51,7.60
2026-01-28 17:15:52,7.60
2026-01-28 17:15:53,7.60
2026-01-28 17:15:54,6.34
2026-01-28 17:15:55,6.34
2026-01-28 17:15:56,6.34
2026-01-28 17:15:57,6.34
2026-01-28 17:15:58,6.34
2026-01-28 17:15:59,7.68
2026-01-28 17:16:00,7.68
2026-01-28 17:16:01,7.68
2026-01-28 17:16:02,7.68
2026-01-28 17:16:03,7.68
2026-01-28 17:16:04,6.37
2026-01-28 17:16:05,6.37
2026-01-28 17:16:06,6.37
2026-01-28 17:16:07,6.37
2026-01-28 17:16:08,6.37
2026-01-28 17:16:09,7.69
2026-01-28 17:16:10,7.69
2026-01-28 17:16:11,7.69
2026-01-28 17:16:12,7.69
2026-01-28 17:16:13,7.69
2026-01-28 17:16:14,6.22
2026-01-28 17:16:15,6.22
2026-01-28 17:16:16,6.22
2026-01-28 17:16:17,6.22
2026-01-28 17:16:18,6.22
2026-01-28 17:16:19,7.57
2026-01-28 17:16:20,7.57
2026-01-28 17:16:21,7.57
2026-01-28 17:16:22,7.57
2026-01-28 17:16:23,7.57
2026-01-28 17:16:24,0
2026-01-28 17:16:25,0
2026-01-28 17:16:26,0
2026-01-28 17:16:27,0
2026-01-28 17:16:28,0
2026-01-28 17:16:29,0
2026-01-28 17:16:30,0
2026-01-28 17:16:31,0
2026-01-28 17:16:32,0
2026-01-28 17:16:33,0
2026-01-28 17:16:34,0
2026-01-28 17:16:35,0
2026-01-28 17:16:36,0
2026-01-28 17:16:37,0
2026-01-28 17:16:38,0
2026-01-28 17:16:39,0
2026-01-28 17:16:40,0
2026-01-28 17:16:41,0
2026-01-28 17:16:42,0
2026-01-28 17:16:43,0
2026-01-28 17:16:44,0
2026-01-28 17:16:45,0
2026-01-28 17:16:46,0
2026-01-28 17:16:47,0
2026-01-28 17:16:48,0
2026-01-28 17:16:49,0
2026-01-28 17:16:50,0
2026-01-28 17:16:51,0
2026-01-28 17:16:52,0
2026-01-28 17:16:53,0
2026-01-28 17:16:54,0
2026-01-28 17:16:55,0
2026-01-28 17:16:56,0
2026-01-28 17:16:57,0
2026-01-28 17:16:58,0
2026-01-28 17:16:59,0
2026-01-28 17:17:00,0
2026-01-28 17:17:01,0
2026-01-28 17:17:02,0
2026-01-28 17:17:03,0
2026-01-28 17:17:04,0
2026-01-28 17:17:05,0
2026-01-28 17:17:06,0
2026-01-28 17:17:07,0
2026-01-28 17:17:08,0
2026-01-28 17:17:09,0
2026-01-28 17:17:10,0
2026-01-28 17:17:11,0
2026-01-28 17:17:12,0
2026-01-28 17:17:13,0
2026-01-28 17:17:14,0
2026-01-28 17:17:15,0
2026-01-28 17:17:16,0
2026-01-28 17:17:17,0
2026-01-28 17:17:18,0
2026-01-28 17:17:19,0
2026-01-28 17:17:20,0
2026-01-28 17:17:21,0
2026-01-28 17:17:22,0
2026-01-28 17:17:23,0
2026-01-28 17:17:24,0
2026-01-28 17:17:25,0
2026-01-28 17:17:26,0
2026-01-28 17:17:27,0
2026-01-28 17:17:28,0
2026-01-28 17:17:29,0
2026-01-28 17:17:30,0
2026-01-28 17:17:31,0
2026-01-28 17:17:32,0
2026-01-28 17:17:33,0
2026-01-28 17:17:34,0
2026-01-28 17:17:35,0
2026-01-28 17:17:36,0
2026-01-28 17:17:37,0
2026-01-28 17:17:38,0
2026-01-28 17:17:39,0
2026-01-28 17:17:40,0
2026-01-28 17:17:41,0
2026-01-28 17:17:42,0
2026-01-28 17:17:43,0
2026-01-28 17:17:44,0
2026-01-28 17:17:45,0
2026-01-28 17:17:46,0
2026-01-28 17:17:47,0
2026-01-28 17:17:48,0
2026-01-28 17:17:49,0
2026-01-28 17:17:50,0
2026-01-28 17:17:51,0
2026-01-28 17:17:52,0
2026-01-28 17:17:53,0
2026-01-28 17:17:54,0
2026-01-28 17:17:55,0
2026-01-28 17:17:56,0
2026-01-28 17:17:57,0
2026-01-28 17:17:58,0
2026-01-28 17:19:14,1.65
2026-01-28 17:19:15,1.65
2026-01-28 17:19:16,1.65
2026-01-28 17:19:17,1.65
2026-01-28 17:19:18,1.65
2026-01-28 17:19:19,4.37
2026-01-28 17:19:20,4.37
2026-01-28 17:19:21,4.37
2026-01-28 17:19:22,4.37
2026-01-28 17:19:23,4.37
2026-01-28 17:19:24,6.79
2026-01-28 17:19:25,6.79
2026-01-28 17:19:26,6.79
2026-01-28 17:19:27,6.79
2026-01-28 17:19:28,6.79
2026-01-28 17:19:29,5.55
2026-01-28 17:19:30,5.55
2026-01-28 17:19:31,5.55
2026-01-28 17:19:32,5.55
2026-01-28 17:19:33,5.55
2026-01-28 17:19:34,7.22
2026-01-28 17:19:35,7.22
2026-01-28 17:19:36,7.22
2026-01-28 17:19:37,7.22
2026-01-28 17:19:38,7.22
2026-01-28 17:19:39,6.30
2026-01-28 17:19:40,6.30
2026-01-28 17:19:41,6.30
2026-01-28 17:19:42,6.30
2026-01-28 17:19:43,6.30
2026-01-28 17:19:44,5.70
2026-01-28 17:19:45,5.70
2026-01-28 17:19:46,5.70
2026-01-28 17:19:47,5.70
2026-01-28 17:19:48,5.70
2026-01-28 17:19:49,6.67
2026-01-28 17:19:50,6.67
2026-01-28 17:19:51,6.67
2026-01-28 17:19:52,6.67
2026-01-28 17:19:53,6.67
2026-01-28 17:19:54,6.97
2026-01-28 17:19:55,6.97
2026-01-28 17:19:56,6.97
2026-01-28 17:19:57,6.97
2026-01-28 17:19:58,6.97
2026-01-28 17:19:59,6.33
2026-01-28 17:20:00,6.33
2026-01-28 17:20:01,6.33
2026-01-28 17:20:02,6.33
2026-01-28 17:20:03,6.33
2026-01-28 17:20:04,7.26
2026-01-28 17:20:05,7.26
2026-01-28 17:20:06,7.26
2026-01-28 17:20:07,7.26
2026-01-28 17:20:08,7.26
2026-01-28 17:20:09,5.61
2026-01-28 17:20:10,5.61
2026-01-28 17:20:11,5.61
2026-01-28 17:20:12,5.61
2026-01-28 17:20:13,5.61
2026-01-28 17:20:14,6.77
2026-01-28 17:20:15,6.77
2026-01-28 17:20:16,6.77
2026-01-28 17:20:17,6.77
2026-01-28 17:20:18,6.77
2026-01-28 17:20:19,7.34
2026-01-28 17:20:20,7.34
2026-01-28 17:20:21,7.34
2026-01-28 17:20:22,7.34
2026-01-28 17:20:23,7.34
2026-01-28 17:20:24,7.92
2026-01-28 17:20:25,7.92
2026-01-28 17:20:26,7.92
2026-01-28 17:20:27,7.92
2026-01-28 17:20:28,7.92
2026-01-28 17:20:29,7.03
2026-01-28 17:20:30,7.03
2026-01-28 17:20:31,7.03
2026-01-28 17:20:32,7.03
2026-01-28 17:20:33,7.03
2026-01-28 17:20:34,7.70
2026-01-28 17:20:35,7.70
2026-01-28 17:20:36,7.70
2026-01-28 17:20:37,7.70
2026-01-28 17:20:38,7.70
2026-01-28 17:20:39,7.13
2026-01-28 17:20:40,7.13
2026-01-28 17:20:41,7.13
2026-01-28 17:20:42,7.13
2026-01-28 17:20:43,7.13
2026-01-28 17:20:44,7.87
2026-01-28 17:20:45,7.87
2026-01-28 17:20:46,7.87
2026-01-28 17:20:47,7.87
2026-01-28 17:20:48,7.87
2026-01-28 17:20:49,7.16
2026-01-28 17:20:50,7.16
2026-01-28 17:20:51,7.16
2026-01-28 17:20:52,7.16
2026-01-28 17:20:53,7.16
2026-01-28 17:20:54,7.75
2026-01-28 17:20:55,7.75
2026-01-28 17:20:56,7.75
2026-01-28 17:20:57,7.75
2026-01-28 17:20:58,7.75
2026-01-28 17:20:59,7.26
2026-01-28 17:21:00,7.26
2026-01-28 17:21:01,7.26
2026-01-28 17:21:02,7.26
2026-01-28 17:21:03,7.26
2026-01-28 17:21:04,8.34
2026-01-28 17:21:05,8.34
2026-01-28 17:21:06,8.34
2026-01-28 17:21:07,8.34
2026-01-28 17:21:08,8.34
2026-01-28 17:21:09,7.32
2026-01-28 17:21:10,7.32
2026-01-28 17:21:11,7.32
2026-01-28 17:21:12,7.32
2026-01-28 17:21:13,7.32
2026-01-28 17:21:14,6.63
2026-01-28 17:21:15,6.63
2026-01-28 17:21:16,6.63
2026-01-28 17:21:17,6.63
2026-01-28 17:21:18,6.63
2026-01-28 17:21:19,7.18
2026-01-28 17:21:20,7.18
2026-01-28 17:21:21,7.18
2026-01-28 17:21:22,7.18
2026-01-28 17:21:23,7.18
2026-01-28 17:21:24,7.71
2026-01-28 17:21:25,7.71
2026-01-28 17:21:26,7.71
2026-01-28 17:21:27,7.71
2026-01-28 17:21:28,7.71
2026-01-28 17:21:29,7.04
2026-01-28 17:21:30,7.04
2026-01-28 17:21:31,7.04
2026-01-28 17:21:32,7.04
2026-01-28 17:21:33,7.04
2026-01-28 17:21:34,7.68
2026-01-28 17:21:35,7.68
2026-01-28 17:21:36,7.68
2026-01-28 17:21:37,7.68
2026-01-28 17:21:38,7.68
2026-01-28 17:21:39,7.05
2026-01-28 17:21:40,7.05
2026-01-28 17:21:41,7.05
2026-01-28 17:21:42,7.05
2026-01-28 17:21:43,7.05
2026-01-28 17:21:44,7.44
2026-01-28 17:21:45,7.44
2026-01-28 17:21:46,7.44
2026-01-28 17:21:47,7.44
2026-01-28 17:21:48,7.44
2026-01-28 17:21:49,8.42
2026-01-28 17:21:50,8.42
2026-01-28 17:21:51,8.42
2026-01-28 17:21:52,8.42
2026-01-28 17:21:53,8.42
2026-01-28 17:21:54,9.13
2026-01-28 17:21:55,9.13
2026-01-28 17:21:56,9.13
2026-01-28 17:21:57,9.13
2026-01-28 17:21:58,9.13
2026-01-28 17:21:59,8.19
2026-01-28 17:22:00,8.19
2026-01-28 17:22:01,8.19
2026-01-28 17:22:02,8.19
2026-01-28 17:22:03,8.19
2026-01-28 17:22:04,9.05
2026-01-28 17:22:05,9.05
2026-01-28 17:22:06,9.05
2026-01-28 17:22:07,9.05
2026-01-28 17:22:08,9.05
2026-01-28 17:22:09,8.08
2026-01-28 17:22:10,8.08
2026-01-28 17:22:11,8.08
2026-01-28 17:22:12,8.08
2026-01-28 17:22:13,8.08
2026-01-28 17:22:14,8.61
2026-01-28 17:22:15,8.61
2026-01-28 17:22:16,8.61
2026-01-28 17:22:17,8.61
2026-01-28 17:22:18,8.61
2026-01-28 17:22:19,8.95
2026-01-28 17:22:20,8.95
2026-01-28 17:22:21,8.95
2026-01-28 17:22:22,8.95
2026-01-28 17:22:23,8.95
2026-01-28 17:22:24,10.1
2026-01-28 17:22:25,10.1
2026-01-28 17:22:26,10.1
2026-01-28 17:22:27,10.1
2026-01-28 17:22:28,10.1
2026-01-28 17:22:29,9.08
2026-01-28 17:22:30,9.08
2026-01-28 17:22:31,9.08
2026-01-28 17:22:32,9.08
2026-01-28 17:22:33,9.08
2026-01-28 17:22:34,9.84
2026-01-28 17:22:35,9.84
2026-01-28 17:22:36,9.84
2026-01-28 17:22:37,9.84
2026-01-28 17:22:38,9.84
2026-01-28 17:22:39,8.87
2026-01-28 17:22:40,8.87
2026-01-28 17:22:41,8.87
2026-01-28 17:22:42,8.87
2026-01-28 17:22:43,8.87
2026-01-28 17:22:44,9.84
2026-01-28 17:22:45,9.84
2026-01-28 17:22:46,9.84
2026-01-28 17:22:47,9.84
2026-01-28 17:22:48,9.84
2026-01-28 17:22:49,8.85
2026-01-28 17:22:50,8.85
2026-01-28 17:22:51,8.85
2026-01-28 17:22:52,8.85
2026-01-28 17:22:53,8.85
2026-01-28 17:22:54,9.88
2026-01-28 17:22:55,9.88
2026-01-28 17:22:56,9.88
2026-01-28 17:22:57,9.88
2026-01-28 17:22:58,9.88
2026-01-28 17:22:59,8.95
2026-01-28 17:23:00,8.95
2026-01-28 17:23:01,8.95
2026-01-28 17:23:02,8.95
2026-01-28 17:23:03,8.95
2026-01-28 17:23:04,10.1
2026-01-28 17:23:05,10.1
2026-01-28 17:23:06,10.1
2026-01-28 17:23:07,10.1
2026-01-28 17:23:08,10.1
2026-01-28 17:23:09,8.88
2026-01-28 17:23:10,8.88
2026-01-28 17:23:11,8.88
2026-01-28 17:23:12,8.88
2026-01-28 17:23:13,8.88
2026-01-28 17:23:14,8.53
2026-01-28 17:23:15,8.53
2026-01-28 17:23:16,8.53
2026-01-28 17:23:17,8.53
2026-01-28 17:23:18,8.53
2026-01-28 17:23:19,7.54
2026-01-28 17:23:20,7.54
2026-01-28 17:23:21,7.54
2026-01-28 17:23:22,7.54
2026-01-28 17:23:23,7.54
2026-01-28 17:23:24,9.79
2026-01-28 17:23:25,9.79
2026-01-28 17:23:26,9.79
2026-01-28 17:23:27,9.79
2026-01-28 17:23:28,9.79
2026-01-28 17:23:29,10.4
2026-01-28 17:23:30,10.4
2026-01-28 17:23:31,10.4
2026-01-28 17:23:32,10.4
2026-01-28 17:23:33,10.4
2026-01-28 17:23:34,9.66
2026-01-28 17:23:35,9.66
2026-01-28 17:23:36,9.66
2026-01-28 17:23:37,9.66
2026-01-28 17:23:38,9.66
2026-01-28 17:23:39,7.99
2026-01-28 17:23:40,7.99
2026-01-28 17:23:41,7.99
2026-01-28 17:23:42,7.99
2026-01-28 17:23:43,7.99
2026-01-28 17:23:44,8.59
2026-01-28 17:23:45,8.59
2026-01-28 17:23:46,8.59
2026-01-28 17:23:47,8.59
2026-01-28 17:23:48,8.59
2026-01-28 17:23:49,7.86
2026-01-28 17:23:50,7.86
2026-01-28 17:23:51,7.86
2026-01-28 17:23:52,7.86
2026-01-28 17:23:53,7.86
2026-01-28 17:23:54,8.54
2026-01-28 17:23:55,8.54
2026-01-28 17:23:56,8.54
2026-01-28 17:23:57,8.54
2026-01-28 17:23:58,8.54
2026-01-28 17:23:59,8.24
2026-01-28 17:24:00,8.24
2026-01-28 17:24:01,8.24
2026-01-28 17:24:02,8.24
2026-01-28 17:24:03,8.24
2026-01-28 17:24:04,0
2026-01-28 17:24:05,0
2026-01-28 17:24:06,0
2026-01-28 17:24:07,0
2026-01-28 17:24:08,0
2026-01-28 17:24:09,0
2026-01-28 17:24:10,0
2026-01-28 17:24:11,0
2026-01-28 17:24:12,0
2026-01-28 17:24:13,0
2026-01-28 17:24:14,0
2026-01-28 17:24:15,0
2026-01-28 17:24:16,0
2026-01-28 17:24:17,0
2026-01-28 17:24:18,0
2026-01-28 17:24:19,0
2026-01-28 17:24:20,0
2026-01-28 17:24:21,0
2026-01-28 17:24:22,0
2026-01-28 17:24:23,0
2026-01-28 17:24:24,0
2026-01-28 17:24:25,0
2026-01-28 17:24:26,0
2026-01-28 17:24:27,0
2026-01-28 17:24:28,0
2026-01-28 17:24:29,0
2026-01-28 17:24:30,0
2026-01-28 17:24:31,0
2026-01-28 17:24:32,0
2026-01-28 17:24:33,0
2026-01-28 17:24:34,0
2026-01-28 17:24:35,0
2026-01-28 17:24:36,0
2026-01-28 17:24:37,0
2026-01-28 17:24:38,0
2026-01-28 17:24:39,0
2026-01-28 17:24:40,0
2026-01-28 17:24:41,0
2026-01-28 17:24:42,0
2026-01-28 17:24:43,0
2026-01-28 17:24:44,0
2026-01-28 17:24:45,0
2026-01-28 17:24:46,0
2026-01-28 17:24:47,0
2026-01-28 17:24:48,0
2026-01-28 17:24:49,0
2026-01-28 17:24:50,0
2026-01-28 17:24:51,0
2026-01-28 17:24:52,0
2026-01-28 17:24:53,0
2026-01-28 17:24:54,0
2026-01-28 17:24:55,0
2026-01-28 17:24:56,0
2026-01-28 17:24:57,0
2026-01-28 17:24:58,0
2026-01-28 17:24:59,0
2026-01-28 17:25:00,0
2026-01-28 17:25:01,0
2026-01-28 17:25:02,0
2026-01-28 17:25:03,0
2026-01-28 17:25:04,0
2026-01-28 17:25:05,0
2026-01-28 17:25:06,0
2026-01-28 17:25:07,0
2026-01-28 17:25:08,0
2026-01-28 17:25:09,0
2026-01-28 17:25:10,0
2026-01-28 17:25:11,0
2026-01-28 17:25:12,0
2026-01-28 17:25:13,0
2026-01-28 17:25:14,0
2026-01-28 17:25:15,0
2026-01-28 17:25:16,0
2026-01-28 17:25:17,0
2026-01-28 17:25:18,0
2026-01-28 17:25:19,0
2026-01-28 17:25:20,0
2026-01-28 17:25:21,0
2026-01-28 17:25:22,0
2026-01-28 17:25:23,0
2026-01-28 17:25:24,0
2026-01-28 17:25:25,0
2026-01-28 17:25:26,0
2026-01-28 17:25:27,0
2026-01-28 17:25:28,0
2026-01-28 17:25:29,0
2026-01-28 17:25:30,0
2026-01-28 17:25:31,0
2026-01-28 17:25:32,0
2026-01-28 17:25:33,0
2026-01-28 17:25:34,0
2026-01-28 17:25:35,0
2026-01-28 17:25:36,0
2026-01-28 17:25:37,0
2026-01-28 17:25:38,0
2026-01-28 17:28:29,4.34
2026-01-28 17:28:30,4.34
2026-01-28 17:28:31,4.34
2026-01-28 17:28:32,4.34
2026-01-28 17:28:33,4.34
2026-01-28 17:28:34,7.17
2026-01-28 17:28:35,7.17
2026-01-28 17:28:36,7.17
2026-01-28 17:28:37,7.17
2026-01-28 17:28:38,7.17
2026-01-28 17:28:39,6.71
2026-01-28 17:28:40,6.71
2026-01-28 17:28:41,6.71
2026-01-28 17:28:42,6.71
2026-01-28 17:28:43,6.71
2026-01-28 17:28:44,7.16
2026-01-28 17:28:45,7.16
2026-01-28 17:28:46,7.16
2026-01-28 17:28:47,7.16
2026-01-28 17:28:48,7.16
2026-01-28 17:28:49,6.25
2026-01-28 17:28:50,6.25
2026-01-28 17:28:51,6.25
2026-01-28 17:28:52,6.25
2026-01-28 17:28:53,6.25
2026-01-28 17:28:54,6.95
2026-01-28 17:28:55,6.95
2026-01-28 17:28:56,6.95
2026-01-28 17:28:57,6.95
2026-01-28 17:28:58,6.95
2026-01-28 17:28:59,6.47
2026-01-28 17:29:00,6.47
2026-01-28 17:29:01,6.47
2026-01-28 17:29:02,6.47
2026-01-28 17:29:03,6.47
2026-01-28 17:29:04,7.19
2026-01-28 17:29:05,7.19
2026-01-28 17:29:06,7.19
2026-01-28 17:29:07,7.19
2026-01-28 17:29:08,7.19
2026-01-28 17:29:09,6.27
2026-01-28 17:29:10,6.27
2026-01-28 17:29:11,6.27
2026-01-28 17:29:12,6.27
2026-01-28 17:29:13,6.27
2026-01-28 17:29:14,5.70
2026-01-28 17:29:15,5.70
2026-01-28 17:29:16,5.70
2026-01-28 17:29:17,5.70
2026-01-28 17:29:18,5.70
2026-01-28 17:29:19,6.52
2026-01-28 17:29:20,6.52
2026-01-28 17:29:21,6.52
2026-01-28 17:29:22,6.52
2026-01-28 17:29:23,6.52
2026-01-28 17:29:24,7.15
2026-01-28 17:29:25,7.15
2026-01-28 17:29:26,7.15
2026-01-28 17:29:27,7.15
2026-01-28 17:29:28,7.15
2026-01-28 17:29:29,8.70
2026-01-28 17:29:30,8.70
2026-01-28 17:29:31,8.70
2026-01-28 17:29:32,8.70
2026-01-28 17:29:33,8.70
2026-01-28 17:29:34,7.73
2026-01-28 17:29:35,7.73
2026-01-28 17:29:36,7.73
2026-01-28 17:29:37,7.73
2026-01-28 17:29:38,7.73
2026-01-28 17:29:39,5.21
2026-01-28 17:29:40,5.21
2026-01-28 17:29:41,5.21
2026-01-28 17:29:42,5.21
2026-01-28 17:29:43,5.21
2026-01-28 17:29:44,5.89
2026-01-28 17:29:45,5.89
2026-01-28 17:29:46,5.89
2026-01-28 17:29:47,5.89
2026-01-28 17:29:48,5.89
2026-01-28 17:29:49,5.22
2026-01-28 17:29:50,5.22
2026-01-28 17:29:51,5.22
2026-01-28 17:29:52,5.22
2026-01-28 17:29:53,5.22
2026-01-28 17:29:54,5.26
2026-01-28 17:29:55,5.26
2026-01-28 17:29:56,5.26
2026-01-28 17:29:57,5.26
2026-01-28 17:29:58,5.26
2026-01-28 17:29:59,8.02
2026-01-28 17:30:00,8.02