"Time","ue-ch-est"
2026-01-29 18:59:17,7.54
2026-01-29 18:59:18,7.54
2026-01-29 18:59:19,7.59
2026-01-29 18:59:20,7.59
2026-01-29 18:59:21,7.59
2026-01-29 18:59:22,7.59
2026-01-29 18:59:23,7.59
2026-01-29 18:59:24,7.66
2026-01-29 18:59:25,7.66
2026-01-29 18:59:26,7.66
2026-01-29 18:59:27,7.66
2026-01-29 18:59:28,7.66
2026-01-29 18:59:29,7.51
2026-01-29 18:59:30,7.51
2026-01-29 18:59:31,7.51
2026-01-29 18:59:32,7.51
2026-01-29 18:59:33,7.51
2026-01-29 18:59:34,6.28
2026-01-29 18:59:35,6.28
2026-01-29 18:59:36,6.28
2026-01-29 18:59:37,6.28
2026-01-29 18:59:38,6.28
2026-01-29 18:59:39,7.69
2026-01-29 18:59:40,7.69
2026-01-29 18:59:41,7.69
2026-01-29 18:59:42,7.69
2026-01-29 18:59:43,7.69
2026-01-29 18:59:44,10.1
2026-01-29 18:59:45,10.1
2026-01-29 18:59:46,10.1
2026-01-29 18:59:47,10.1
2026-01-29 18:59:48,10.1
2026-01-29 18:59:49,11.9
2026-01-29 18:59:50,11.9
2026-01-29 18:59:51,11.9
2026-01-29 18:59:52,11.9
2026-01-29 18:59:53,11.9
2026-01-29 18:59:54,10.3
2026-01-29 18:59:55,10.3
2026-01-29 18:59:56,10.3
2026-01-29 18:59:57,10.3
2026-01-29 18:59:58,10.3
2026-01-29 18:59:59,0
2026-01-29 19:00:00,0
2026-01-29 19:00:01,0
2026-01-29 19:00:02,0
2026-01-29 19:00:03,0
2026-01-29 19:00:04,0
2026-01-29 19:00:05,0
2026-01-29 19:00:06,0
2026-01-29 19:00:07,0
2026-01-29 19:00:08,0
2026-01-29 19:00:09,0
2026-01-29 19:00:10,0
2026-01-29 19:00:11,0
2026-01-29 19:00:12,0
2026-01-29 19:00:13,0
2026-01-29 19:00:14,0
2026-01-29 19:00:15,0
2026-01-29 19:00:16,0
2026-01-29 19:00:17,0
2026-01-29 19:00:18,0
2026-01-29 19:00:19,0
2026-01-29 19:00:20,0
2026-01-29 19:00:21,0
2026-01-29 19:00:22,0
2026-01-29 19:00:23,0
2026-01-29 19:00:24,0
2026-01-29 19:00:25,0
2026-01-29 19:00:26,0
2026-01-29 19:00:27,0
2026-01-29 19:00:28,0
2026-01-29 19:00:29,0
2026-01-29 19:00:30,0
2026-01-29 19:00:31,0
2026-01-29 19:00:32,0
2026-01-29 19:00:33,0
2026-01-29 19:00:34,0
2026-01-29 19:00:35,0
2026-01-29 19:00:36,0
2026-01-29 19:00:37,0
2026-01-29 19:00:38,0
2026-01-29 19:00:39,0
2026-01-29 19:00:40,0
2026-01-29 19:00:41,0
2026-01-29 19:00:42,0
2026-01-29 19:00:43,0
2026-01-29 19:00:44,0
2026-01-29 19:00:45,0
2026-01-29 19:00:46,0
2026-01-29 19:00:47,0
2026-01-29 19:00:48,0
2026-01-29 19:00:49,0
2026-01-29 19:00:50,0
2026-01-29 19:00:51,0
2026-01-29 19:00:52,0
2026-01-29 19:00:53,0
2026-01-29 19:00:54,0
2026-01-29 19:00:55,0
2026-01-29 19:00:56,0
2026-01-29 19:00:57,0
2026-01-29 19:00:58,0
2026-01-29 19:00:59,0
2026-01-29 19:01:00,0
2026-01-29 19:01:01,0
2026-01-29 19:01:02,0
2026-01-29 19:01:03,0
2026-01-29 19:01:04,0
2026-01-29 19:01:05,0
2026-01-29 19:01:06,0
2026-01-29 19:01:07,0
2026-01-29 19:01:08,0
2026-01-29 19:01:09,0
2026-01-29 19:01:10,0
2026-01-29 19:01:11,0
2026-01-29 19:01:12,0
2026-01-29 19:01:13,0
2026-01-29 19:01:14,0
2026-01-29 19:01:15,0
2026-01-29 19:01:16,0
2026-01-29 19:01:17,0
2026-01-29 19:01:18,0
2026-01-29 19:01:19,0
2026-01-29 19:01:20,0
2026-01-29 19:01:21,0
2026-01-29 19:01:22,0
2026-01-29 19:01:23,0
2026-01-29 19:01:24,0
2026-01-29 19:01:25,0
2026-01-29 19:01:26,0
2026-01-29 19:01:27,0
2026-01-29 19:01:28,0
2026-01-29 19:01:29,0
2026-01-29 19:01:30,0
2026-01-29 19:01:31,0
2026-01-29 19:01:32,0
2026-01-29 19:01:33,0
2026-01-29 19:02:59,1.24
2026-01-29 19:03:00,1.24
2026-01-29 19:03:01,1.24
2026-01-29 19:03:02,1.24
2026-01-29 19:03:03,1.24
2026-01-29 19:03:04,6.79
2026-01-29 19:03:05,6.79
2026-01-29 19:03:06,6.79
2026-01-29 19:03:07,6.79
2026-01-29 19:03:08,6.79
2026-01-29 19:03:09,7.94
2026-01-29 19:03:10,7.94
2026-01-29 19:03:11,7.94
2026-01-29 19:03:12,7.94
2026-01-29 19:03:13,7.94
2026-01-29 19:03:14,8.32
2026-01-29 19:03:15,8.32
2026-01-29 19:03:16,8.32
2026-01-29 19:03:17,8.32
2026-01-29 19:03:18,8.32
2026-01-29 19:03:19,7.80
2026-01-29 19:03:20,7.80
2026-01-29 19:03:21,7.80
2026-01-29 19:03:22,7.80
2026-01-29 19:03:23,7.80
2026-01-29 19:03:24,7.82
2026-01-29 19:03:25,7.82
2026-01-29 19:03:26,7.82
2026-01-29 19:03:27,7.82
2026-01-29 19:03:28,7.82
2026-01-29 19:03:29,7.81
2026-01-29 19:03:30,7.81
2026-01-29 19:03:31,7.81
2026-01-29 19:03:32,7.81
2026-01-29 19:03:33,7.81
2026-01-29 19:03:34,7.78
2026-01-29 19:03:35,7.78
2026-01-29 19:03:36,7.78
2026-01-29 19:03:37,7.78
2026-01-29 19:03:38,7.78
2026-01-29 19:03:39,7.51
2026-01-29 19:03:40,7.51
2026-01-29 19:03:41,7.51
2026-01-29 19:03:42,7.51
2026-01-29 19:03:43,7.51
2026-01-29 19:03:44,7.92
2026-01-29 19:03:45,7.92
2026-01-29 19:03:46,7.92
2026-01-29 19:03:47,7.92
2026-01-29 19:03:48,7.92
2026-01-29 19:03:49,10.6
2026-01-29 19:03:50,10.6
2026-01-29 19:03:51,10.6
2026-01-29 19:03:52,10.6
2026-01-29 19:03:53,10.6
2026-01-29 19:03:54,10.3
2026-01-29 19:03:55,10.3
2026-01-29 19:03:56,10.3
2026-01-29 19:03:57,10.3
2026-01-29 19:03:58,10.3
2026-01-29 19:03:59,9.90
2026-01-29 19:04:00,9.90
2026-01-29 19:04:01,9.90
2026-01-29 19:04:02,9.90
2026-01-29 19:04:03,9.90
2026-01-29 19:04:04,9.98
2026-01-29 19:04:05,9.98
2026-01-29 19:04:06,9.98
2026-01-29 19:04:07,9.98
2026-01-29 19:04:08,9.98
2026-01-29 19:04:09,10.00
2026-01-29 19:04:10,10.00
2026-01-29 19:04:11,10.00
2026-01-29 19:04:12,10.00
2026-01-29 19:04:13,10.00
2026-01-29 19:04:14,10.1
2026-01-29 19:04:15,10.1
2026-01-29 19:04:16,10.1
2026-01-29 19:04:17,10.1
2026-01-29 19:04:18,10.1
2026-01-29 19:04:19,9.81
2026-01-29 19:04:20,9.81
2026-01-29 19:04:21,9.81
2026-01-29 19:04:22,9.81
2026-01-29 19:04:23,9.81
2026-01-29 19:04:24,10.1
2026-01-29 19:04:25,10.1
2026-01-29 19:04:26,10.1
2026-01-29 19:04:27,10.1
2026-01-29 19:04:28,10.1
2026-01-29 19:04:29,9.94
2026-01-29 19:04:30,9.94
2026-01-29 19:04:31,9.94
2026-01-29 19:04:32,9.94
2026-01-29 19:04:33,9.94
2026-01-29 19:04:34,10.0
2026-01-29 19:04:35,10.0
2026-01-29 19:04:36,10.0
2026-01-29 19:04:37,10.0
2026-01-29 19:04:38,10.0
2026-01-29 19:04:39,11.1
2026-01-29 19:04:40,11.1
2026-01-29 19:04:41,11.1
2026-01-29 19:04:42,11.1
2026-01-29 19:04:43,11.1
2026-01-29 19:04:44,9.51
2026-01-29 19:04:45,9.51
2026-01-29 19:04:46,9.51
2026-01-29 19:04:47,9.51
2026-01-29 19:04:48,9.51
2026-01-29 19:04:49,9.05
2026-01-29 19:04:50,9.05
2026-01-29 19:04:51,9.05
2026-01-29 19:04:52,9.05
2026-01-29 19:04:53,9.05
2026-01-29 19:04:54,8.92
2026-01-29 19:04:55,8.92
2026-01-29 19:04:56,8.92
2026-01-29 19:04:57,8.92
2026-01-29 19:04:58,8.92
2026-01-29 19:04:59,8.93
2026-01-29 19:05:00,8.93
2026-01-29 19:05:01,8.93
2026-01-29 19:05:02,8.93
2026-01-29 19:05:03,8.93
2026-01-29 19:05:04,8.89
2026-01-29 19:05:05,8.89
2026-01-29 19:05:06,8.89
2026-01-29 19:05:07,8.89
2026-01-29 19:05:08,8.89
2026-01-29 19:05:09,8.90
2026-01-29 19:05:10,8.90
2026-01-29 19:05:11,8.90
2026-01-29 19:05:12,8.90
2026-01-29 19:05:13,8.90
2026-01-29 19:05:14,8.91
2026-01-29 19:05:15,8.91
2026-01-29 19:05:16,8.91
2026-01-29 19:05:17,8.91
2026-01-29 19:05:18,8.91
2026-01-29 19:05:19,8.87
2026-01-29 19:05:20,8.87
2026-01-29 19:05:21,8.87
2026-01-29 19:05:22,8.87
2026-01-29 19:05:23,8.87
2026-01-29 19:05:24,8.91
2026-01-29 19:05:25,8.91
2026-01-29 19:05:26,8.91
2026-01-29 19:05:27,8.91
2026-01-29 19:05:28,8.91
2026-01-29 19:05:29,8.87
2026-01-29 19:05:30,8.87
2026-01-29 19:05:31,8.87
2026-01-29 19:05:32,8.87
2026-01-29 19:05:33,8.87
2026-01-29 19:05:34,8.85
2026-01-29 19:05:35,8.85
2026-01-29 19:05:36,8.85
2026-01-29 19:05:37,8.85
2026-01-29 19:05:38,8.85
2026-01-29 19:05:39,8.96
2026-01-29 19:05:40,8.96
2026-01-29 19:05:41,8.96
2026-01-29 19:05:42,8.96
2026-01-29 19:05:43,8.96
2026-01-29 19:05:44,8.98
2026-01-29 19:05:45,8.98
2026-01-29 19:05:46,8.98
2026-01-29 19:05:47,8.98
2026-01-29 19:05:48,8.98
2026-01-29 19:05:49,9.08
2026-01-29 19:05:50,9.08
2026-01-29 19:05:51,9.08
2026-01-29 19:05:52,9.08
2026-01-29 19:05:53,9.08
2026-01-29 19:05:54,8.88
2026-01-29 19:05:55,8.88
2026-01-29 19:05:56,8.88
2026-01-29 19:05:57,8.88
2026-01-29 19:05:58,8.88
2026-01-29 19:05:59,8.88
2026-01-29 19:06:00,8.88
2026-01-29 19:06:01,8.88
2026-01-29 19:06:02,8.88
2026-01-29 19:06:03,8.88
2026-01-29 19:06:04,8.95
2026-01-29 19:06:05,8.95
2026-01-29 19:06:06,8.95
2026-01-29 19:06:07,8.95
2026-01-29 19:06:08,8.95
2026-01-29 19:06:09,0
2026-01-29 19:06:10,0
2026-01-29 19:06:11,0
2026-01-29 19:06:12,0
2026-01-29 19:06:13,0
2026-01-29 19:06:14,0
2026-01-29 19:06:15,0
2026-01-29 19:06:16,0
2026-01-29 19:06:17,0
2026-01-29 19:06:18,0
2026-01-29 19:06:19,0
2026-01-29 19:06:20,0
2026-01-29 19:06:21,0
2026-01-29 19:06:22,0
2026-01-29 19:06:23,0
2026-01-29 19:06:24,0
2026-01-29 19:06:25,0
2026-01-29 19:06:26,0
2026-01-29 19:06:27,0
2026-01-29 19:06:28,0
2026-01-29 19:06:29,0
2026-01-29 19:06:30,0
2026-01-29 19:06:31,0
2026-01-29 19:06:32,0
2026-01-29 19:06:33,0
2026-01-29 19:06:34,0
2026-01-29 19:06:35,0
2026-01-29 19:06:36,0
2026-01-29 19:06:37,0
2026-01-29 19:06:38,0
2026-01-29 19:06:39,0
2026-01-29 19:06:40,0
2026-01-29 19:06:41,0
2026-01-29 19:06:42,0
2026-01-29 19:06:43,0
2026-01-29 19:06:44,0
2026-01-29 19:06:45,0
2026-01-29 19:06:46,0
2026-01-29 19:06:47,0
2026-01-29 19:06:48,0
2026-01-29 19:06:49,0
2026-01-29 19:06:50,0
2026-01-29 19:06:51,0
2026-01-29 19:06:52,0
2026-01-29 19:06:53,0
2026-01-29 19:06:54,0
2026-01-29 19:06:55,0
2026-01-29 19:06:56,0
2026-01-29 19:06:57,0
2026-01-29 19:06:58,0
2026-01-29 19:06:59,0
2026-01-29 19:07:00,0
2026-01-29 19:07:01,0
2026-01-29 19:07:02,0
2026-01-29 19:07:03,0
2026-01-29 19:07:04,0
2026-01-29 19:07:05,0
2026-01-29 19:07:06,0
2026-01-29 19:07:07,0
2026-01-29 19:07:08,0
2026-01-29 19:07:09,0
2026-01-29 19:07:10,0
2026-01-29 19:07:11,0
2026-01-29 19:07:12,0
2026-01-29 19:07:13,0
2026-01-29 19:07:14,0
2026-01-29 19:07:15,0
2026-01-29 19:07:16,0
2026-01-29 19:07:17,0
2026-01-29 19:07:18,0
2026-01-29 19:07:19,0
2026-01-29 19:07:20,0
2026-01-29 19:07:21,0
2026-01-29 19:07:22,0
2026-01-29 19:07:23,0
2026-01-29 19:07:24,0
2026-01-29 19:07:25,0
2026-01-29 19:07:26,0
2026-01-29 19:07:27,0
2026-01-29 19:07:28,0
2026-01-29 19:07:29,0
2026-01-29 19:07:30,0
2026-01-29 19:07:31,0
2026-01-29 19:07:32,0
2026-01-29 19:07:33,0
2026-01-29 19:07:34,0
2026-01-29 19:07:35,0
2026-01-29 19:07:36,0
2026-01-29 19:07:37,0
2026-01-29 19:07:38,0
2026-01-29 19:07:39,0
2026-01-29 19:07:40,0
2026-01-29 19:07:41,0
2026-01-29 19:07:42,0
2026-01-29 19:07:43,0
2026-01-29 19:10:34,4.53
2026-01-29 19:10:35,4.53
2026-01-29 19:10:36,4.53
2026-01-29 19:10:37,4.53
2026-01-29 19:10:38,4.53
2026-01-29 19:10:39,6.62
2026-01-29 19:10:40,6.62
2026-01-29 19:10:41,6.62
2026-01-29 19:10:42,6.62
2026-01-29 19:10:43,6.62
2026-01-29 19:10:44,8.51
2026-01-29 19:10:45,8.51
2026-01-29 19:10:46,8.51
2026-01-29 19:10:47,8.51
2026-01-29 19:10:48,8.51
2026-01-29 19:10:49,6.07
2026-01-29 19:10:50,6.07
2026-01-29 19:10:51,6.07
2026-01-29 19:10:52,6.07
2026-01-29 19:10:53,6.07
2026-01-29 19:10:54,5.62
2026-01-29 19:10:55,5.62
2026-01-29 19:10:56,5.62
2026-01-29 19:10:57,5.62
2026-01-29 19:10:58,5.62
2026-01-29 19:10:59,4.83
2026-01-29 19:11:00,4.83
2026-01-29 19:11:01,4.83
2026-01-29 19:11:02,4.83
2026-01-29 19:11:03,4.83
2026-01-29 19:11:04,6.64
2026-01-29 19:11:05,6.64
2026-01-29 19:11:06,6.64
2026-01-29 19:11:07,6.64
2026-01-29 19:11:08,6.64
2026-01-29 19:11:09,6.75
2026-01-29 19:11:10,6.75
2026-01-29 19:11:11,6.75
2026-01-29 19:11:12,6.75
2026-01-29 19:11:13,6.75
2026-01-29 19:11:14,6.26
2026-01-29 19:11:15,6.26
2026-01-29 19:11:16,6.26
2026-01-29 19:11:17,6.26
2026-01-29 19:11:18,6.26
2026-01-29 19:11:19,6.69
2026-01-29 19:11:20,6.69
2026-01-29 19:11:21,6.69
2026-01-29 19:11:22,6.69
2026-01-29 19:11:23,6.69
2026-01-29 19:11:24,8.81
2026-01-29 19:11:25,8.81
2026-01-29 19:11:26,8.81
2026-01-29 19:11:27,8.81
2026-01-29 19:11:28,8.81
2026-01-29 19:11:29,9.11
2026-01-29 19:11:30,9.11
2026-01-29 19:11:31,9.11
2026-01-29 19:11:32,9.11
2026-01-29 19:11:33,9.11
2026-01-29 19:11:34,9.06
2026-01-29 19:11:35,9.06
2026-01-29 19:11:36,9.06
2026-01-29 19:11:37,9.06
2026-01-29 19:11:38,9.06
2026-01-29 19:11:39,8.93
2026-01-29 19:11:40,8.93
2026-01-29 19:11:41,8.93
2026-01-29 19:11:42,8.93
2026-01-29 19:11:43,8.93
2026-01-29 19:11:44,8.88
2026-01-29 19:11:45,8.88
2026-01-29 19:11:46,8.88
2026-01-29 19:11:47,8.88
2026-01-29 19:11:48,8.88
2026-01-29 19:11:49,8.90
2026-01-29 19:11:50,8.90
2026-01-29 19:11:51,8.90
2026-01-29 19:11:52,8.90
2026-01-29 19:11:53,8.90
2026-01-29 19:11:54,9.08
2026-01-29 19:11:55,9.08
2026-01-29 19:11:56,9.08
2026-01-29 19:11:57,9.08
2026-01-29 19:11:58,9.08
2026-01-29 19:11:59,8.86
2026-01-29 19:12:00,8.86
2026-01-29 19:12:01,8.86
2026-01-29 19:12:02,8.86
2026-01-29 19:12:03,8.86
2026-01-29 19:12:04,8.91
2026-01-29 19:12:05,8.91
2026-01-29 19:12:06,8.91
2026-01-29 19:12:07,8.91
2026-01-29 19:12:08,8.91
2026-01-29 19:12:09,9.00
2026-01-29 19:12:10,9.00
2026-01-29 19:12:11,9.00
2026-01-29 19:12:12,9.00
2026-01-29 19:12:13,9.00
2026-01-29 19:12:14,9.14
2026-01-29 19:12:15,9.14
2026-01-29 19:12:16,9.14
2026-01-29 19:12:17,9.14
2026-01-29 19:12:18,9.14
2026-01-29 19:12:19,8.91
2026-01-29 19:12:20,8.91
2026-01-29 19:12:21,8.91
2026-01-29 19:12:22,8.91
2026-01-29 19:12:23,8.91
2026-01-29 19:12:24,10.6
2026-01-29 19:12:25,10.6
2026-01-29 19:12:26,10.6
2026-01-29 19:12:27,10.6
2026-01-29 19:12:28,10.6
2026-01-29 19:12:29,8.89
2026-01-29 19:12:30,8.89
2026-01-29 19:12:31,8.89
2026-01-29 19:12:32,8.89
2026-01-29 19:12:33,8.89
2026-01-29 19:12:34,7.85
2026-01-29 19:12:35,7.85
2026-01-29 19:12:36,7.85
2026-01-29 19:12:37,7.85
2026-01-29 19:12:38,7.85
2026-01-29 19:12:39,7.86
2026-01-29 19:12:40,7.86
2026-01-29 19:12:41,7.86
2026-01-29 19:12:42,7.86
2026-01-29 19:12:43,7.86
2026-01-29 19:12:44,7.89
2026-01-29 19:12:45,7.89
2026-01-29 19:12:46,7.89
2026-01-29 19:12:47,7.89
2026-01-29 19:12:48,7.89
2026-01-29 19:12:49,7.88
2026-01-29 19:12:50,7.88
2026-01-29 19:12:51,7.88
2026-01-29 19:12:52,7.88
2026-01-29 19:12:53,7.88
2026-01-29 19:12:54,8.03
2026-01-29 19:12:55,8.03
2026-01-29 19:12:56,8.03
2026-01-29 19:12:57,8.03
2026-01-29 19:12:58,8.03
2026-01-29 19:12:59,7.77
2026-01-29 19:13:00,7.77
2026-01-29 19:13:01,7.77
2026-01-29 19:13:02,7.77
2026-01-29 19:13:03,7.77
2026-01-29 19:13:04,8.55
2026-01-29 19:13:05,8.55
2026-01-29 19:13:06,8.55
2026-01-29 19:13:07,8.55
2026-01-29 19:13:08,8.55
2026-01-29 19:13:09,7.48
2026-01-29 19:13:10,7.48
2026-01-29 19:13:11,7.48
2026-01-29 19:13:12,7.48
2026-01-29 19:13:13,7.48
2026-01-29 19:13:14,8.35
2026-01-29 19:13:15,8.35
2026-01-29 19:13:16,8.35
2026-01-29 19:13:17,8.35
2026-01-29 19:13:18,8.35
2026-01-29 19:13:19,8.29
2026-01-29 19:13:20,8.29
2026-01-29 19:13:21,8.29
2026-01-29 19:13:22,8.29
2026-01-29 19:13:23,8.29
2026-01-29 19:13:24,10.2
2026-01-29 19:13:25,10.2
2026-01-29 19:13:26,10.2
2026-01-29 19:13:27,10.2
2026-01-29 19:13:28,10.2
2026-01-29 19:13:29,8.59
2026-01-29 19:13:30,8.59
2026-01-29 19:13:31,8.59
2026-01-29 19:13:32,8.59
2026-01-29 19:13:33,8.59
2026-01-29 19:13:34,0
2026-01-29 19:13:35,0
2026-01-29 19:13:36,0
2026-01-29 19:13:37,0
2026-01-29 19:13:38,0
2026-01-29 19:13:39,0
2026-01-29 19:13:40,0
2026-01-29 19:13:41,0
2026-01-29 19:13:42,0
2026-01-29 19:13:43,0
2026-01-29 19:13:44,0
2026-01-29 19:13:45,0
2026-01-29 19:13:46,0
2026-01-29 19:13:47,0
2026-01-29 19:13:48,0
2026-01-29 19:13:49,0
2026-01-29 19:13:50,0
2026-01-29 19:13:51,0
2026-01-29 19:13:52,0
2026-01-29 19:13:53,0
2026-01-29 19:13:54,0
2026-01-29 19:13:55,0
2026-01-29 19:13:56,0
2026-01-29 19:13:57,0
2026-01-29 19:13:58,0
2026-01-29 19:13:59,0
2026-01-29 19:14:00,0
2026-01-29 19:14:01,0
2026-01-29 19:14:02,0
2026-01-29 19:14:03,0
2026-01-29 19:14:04,0
2026-01-29 19:14:05,0
2026-01-29 19:14:06,0
2026-01-29 19:14:07,0
2026-01-29 19:14:08,0
2026-01-29 19:14:09,0
2026-01-29 19:14:10,0
2026-01-29 19:14:11,0
2026-01-29 19:14:12,0
2026-01-29 19:14:13,0
2026-01-29 19:14:14,0
2026-01-29 19:14:15,0
2026-01-29 19:14:16,0
2026-01-29 19:14:17,0
2026-01-29 19:14:18,0
2026-01-29 19:14:19,0
2026-01-29 19:14:20,0
2026-01-29 19:14:21,0
2026-01-29 19:14:22,0
2026-01-29 19:14:23,0
2026-01-29 19:14:24,0
2026-01-29 19:14:25,0
2026-01-29 19:14:26,0
2026-01-29 19:14:27,0
2026-01-29 19:14:28,0
2026-01-29 19:14:29,0
2026-01-29 19:14:30,0
2026-01-29 19:14:31,0
2026-01-29 19:14:32,0
2026-01-29 19:14:33,0
2026-01-29 19:14:34,0
2026-01-29 19:14:35,0
2026-01-29 19:14:36,0
2026-01-29 19:14:37,0
2026-01-29 19:14:38,0
2026-01-29 19:14:39,0
2026-01-29 19:14:40,0
2026-01-29 19:14:41,0
2026-01-29 19:14:42,0
2026-01-29 19:14:43,0
2026-01-29 19:14:44,0
2026-01-29 19:14:45,0
2026-01-29 19:14:46,0
2026-01-29 19:14:47,0
2026-01-29 19:14:48,0
2026-01-29 19:14:49,0
2026-01-29 19:14:50,0
2026-01-29 19:14:51,0
2026-01-29 19:14:52,0
2026-01-29 19:14:53,0
2026-01-29 19:14:54,0
2026-01-29 19:14:55,0
2026-01-29 19:14:56,0
2026-01-29 19:14:57,0
2026-01-29 19:14:58,0
2026-01-29 19:14:59,0
2026-01-29 19:15:00,0
2026-01-29 19:15:01,0
2026-01-29 19:15:02,0
2026-01-29 19:15:03,0
2026-01-29 19:15:04,0
2026-01-29 19:15:05,0
2026-01-29 19:15:06,0
2026-01-29 19:15:07,0
2026-01-29 19:15:08,0
2026-01-29 19:20:14,3.75
2026-01-29 19:20:15,3.75
2026-01-29 19:20:16,3.75
2026-01-29 19:20:17,3.75
2026-01-29 19:20:18,3.75
2026-01-29 19:20:19,7.27
2026-01-29 19:20:20,7.27
2026-01-29 19:20:21,7.27
2026-01-29 19:20:22,7.27
2026-01-29 19:20:23,7.27
2026-01-29 19:20:24,8.21
2026-01-29 19:20:25,8.21
2026-01-29 19:20:26,8.21
2026-01-29 19:20:27,8.21
2026-01-29 19:20:28,8.21
2026-01-29 19:20:29,7.84
2026-01-29 19:20:30,7.84
2026-01-29 19:20:31,7.84
2026-01-29 19:20:32,7.84
2026-01-29 19:20:33,7.84
2026-01-29 19:20:34,7.83
2026-01-29 19:20:35,7.83
2026-01-29 19:20:36,7.83
2026-01-29 19:20:37,7.83
2026-01-29 19:20:38,7.83
2026-01-29 19:20:39,7.84
2026-01-29 19:20:40,7.84
2026-01-29 19:20:41,7.84
2026-01-29 19:20:42,7.84
2026-01-29 19:20:43,7.84
2026-01-29 19:20:44,9.75
2026-01-29 19:20:45,9.75
2026-01-29 19:20:46,9.75
2026-01-29 19:20:47,9.75
2026-01-29 19:20:48,9.75
2026-01-29 19:20:49,7.92
2026-01-29 19:20:50,7.92
2026-01-29 19:20:51,7.92
2026-01-29 19:20:52,7.92
2026-01-29 19:20:53,7.92
2026-01-29 19:20:54,6.73
2026-01-29 19:20:55,6.73
2026-01-29 19:20:56,6.73
2026-01-29 19:20:57,6.73
2026-01-29 19:20:58,6.73
2026-01-29 19:20:59,6.45
2026-01-29 19:21:00,6.45
2026-01-29 19:21:01,6.45
2026-01-29 19:21:02,6.45
2026-01-29 19:21:03,6.45
2026-01-29 19:21:04,6.61
2026-01-29 19:21:05,6.61
2026-01-29 19:21:06,6.61
2026-01-29 19:21:07,6.61
2026-01-29 19:21:08,6.61
2026-01-29 19:21:09,6.46
2026-01-29 19:21:10,6.46
2026-01-29 19:21:11,6.46
2026-01-29 19:21:12,6.46
2026-01-29 19:21:13,6.46
2026-01-29 19:21:14,7.98
2026-01-29 19:21:15,7.98
2026-01-29 19:21:16,7.98
2026-01-29 19:21:17,7.98
2026-01-29 19:21:18,7.98
2026-01-29 19:21:19,7.85
2026-01-29 19:21:20,7.85
2026-01-29 19:21:21,7.85
2026-01-29 19:21:22,7.85
2026-01-29 19:21:23,7.85
2026-01-29 19:21:24,7.66
2026-01-29 19:21:25,7.66
2026-01-29 19:21:26,7.66
2026-01-29 19:21:27,7.66
2026-01-29 19:21:28,7.66
2026-01-29 19:21:29,8.72
2026-01-29 19:21:30,8.72
2026-01-29 19:21:31,8.72
2026-01-29 19:21:32,8.72
2026-01-29 19:21:33,8.72
2026-01-29 19:21:34,6.86
2026-01-29 19:21:35,6.86
2026-01-29 19:21:36,6.86
2026-01-29 19:21:37,6.86
2026-01-29 19:21:38,6.86
2026-01-29 19:21:39,6.53
2026-01-29 19:21:40,6.53
2026-01-29 19:21:41,6.53
2026-01-29 19:21:42,6.53
2026-01-29 19:21:43,6.53
2026-01-29 19:21:44,6.49
2026-01-29 19:21:45,6.49
2026-01-29 19:21:46,6.49
2026-01-29 19:21:47,6.49
2026-01-29 19:21:48,6.49
2026-01-29 19:21:49,6.65
2026-01-29 19:21:50,6.65
2026-01-29 19:21:51,6.65
2026-01-29 19:21:52,6.65
2026-01-29 19:21:53,6.65
2026-01-29 19:21:54,6.70
2026-01-29 19:21:55,6.70
2026-01-29 19:21:56,6.70
2026-01-29 19:21:57,6.70
2026-01-29 19:21:58,6.70
2026-01-29 19:21:59,6.49
2026-01-29 19:22:00,6.49
2026-01-29 19:22:01,6.49
2026-01-29 19:22:02,6.49
2026-01-29 19:22:03,6.49
2026-01-29 19:22:04,6.52
2026-01-29 19:22:05,6.52
2026-01-29 19:22:06,6.52
2026-01-29 19:22:07,6.52
2026-01-29 19:22:08,6.52
2026-01-29 19:22:09,6.50
2026-01-29 19:22:10,6.50
2026-01-29 19:22:11,6.50
2026-01-29 19:22:12,6.50
2026-01-29 19:22:13,6.50
2026-01-29 19:22:14,6.26
2026-01-29 19:22:15,6.26
2026-01-29 19:22:16,6.26
2026-01-29 19:22:17,6.26
2026-01-29 19:22:18,6.26
2026-01-29 19:22:19,7.02
2026-01-29 19:22:20,7.02
2026-01-29 19:22:21,7.02
2026-01-29 19:22:22,7.02
2026-01-29 19:22:23,7.02
2026-01-29 19:22:24,8.07
2026-01-29 19:22:25,8.07
2026-01-29 19:22:26,8.07
2026-01-29 19:22:27,8.07
2026-01-29 19:22:28,8.07
2026-01-29 19:22:29,7.79
2026-01-29 19:22:30,7.79
2026-01-29 19:22:31,7.79
2026-01-29 19:22:32,7.79
2026-01-29 19:22:33,7.79
2026-01-29 19:22:34,7.84
2026-01-29 19:22:35,7.84
2026-01-29 19:22:36,7.84
2026-01-29 19:22:37,7.84
2026-01-29 19:22:38,7.84
2026-01-29 19:22:39,7.83
2026-01-29 19:22:40,7.83
2026-01-29 19:22:41,7.83
2026-01-29 19:22:42,7.83
2026-01-29 19:22:43,7.83
2026-01-29 19:22:44,7.86
2026-01-29 19:22:45,7.86
2026-01-29 19:22:46,7.86
2026-01-29 19:22:47,7.86
2026-01-29 19:22:48,7.86
2026-01-29 19:22:49,7.76
2026-01-29 19:22:50,7.76
2026-01-29 19:22:51,7.76
2026-01-29 19:22:52,7.76
2026-01-29 19:22:53,7.76
2026-01-29 19:22:54,8.37
2026-01-29 19:22:55,8.37
2026-01-29 19:22:56,8.37
2026-01-29 19:22:57,8.37
2026-01-29 19:22:58,8.37
2026-01-29 19:22:59,8.94
2026-01-29 19:23:00,8.94
2026-01-29 19:23:01,8.94
2026-01-29 19:23:02,8.94
2026-01-29 19:23:03,8.94
2026-01-29 19:23:04,8.93
2026-01-29 19:23:05,8.93
2026-01-29 19:23:06,8.93
2026-01-29 19:23:07,8.93
2026-01-29 19:23:08,8.93
2026-01-29 19:23:09,8.94
2026-01-29 19:23:10,8.94
2026-01-29 19:23:11,8.94
2026-01-29 19:23:12,8.94
2026-01-29 19:23:13,8.94
2026-01-29 19:23:14,8.87
2026-01-29 19:23:15,8.87
2026-01-29 19:23:16,8.87
2026-01-29 19:23:17,8.87
2026-01-29 19:23:18,8.87
2026-01-29 19:23:19,0
2026-01-29 19:23:20,0
2026-01-29 19:23:21,0
2026-01-29 19:23:22,0
2026-01-29 19:23:23,0
2026-01-29 19:23:24,0
2026-01-29 19:23:25,0
2026-01-29 19:23:26,0
2026-01-29 19:23:27,0
2026-01-29 19:23:28,0
2026-01-29 19:23:29,0
2026-01-29 19:23:30,0
2026-01-29 19:23:31,0
2026-01-29 19:23:32,0
2026-01-29 19:23:33,0
2026-01-29 19:23:34,0
2026-01-29 19:23:35,0
2026-01-29 19:23:36,0
2026-01-29 19:23:37,0
2026-01-29 19:23:38,0
2026-01-29 19:23:39,0
2026-01-29 19:23:40,0
2026-01-29 19:23:41,0
2026-01-29 19:23:42,0
2026-01-29 19:23:43,0
2026-01-29 19:23:44,0
2026-01-29 19:23:45,0
2026-01-29 19:23:46,0
2026-01-29 19:23:47,0
2026-01-29 19:23:48,0
2026-01-29 19:23:49,0
2026-01-29 19:23:50,0
2026-01-29 19:23:51,0
2026-01-29 19:23:52,0
2026-01-29 19:23:53,0
2026-01-29 19:23:54,0
2026-01-29 19:23:55,0
2026-01-29 19:23:56,0
2026-01-29 19:23:57,0
2026-01-29 19:23:58,0
2026-01-29 19:23:59,0
2026-01-29 19:24:00,0
2026-01-29 19:24:01,0
2026-01-29 19:24:02,0
2026-01-29 19:24:03,0
2026-01-29 19:24:04,0
2026-01-29 19:24:05,0
2026-01-29 19:24:06,0
2026-01-29 19:24:07,0
2026-01-29 19:24:08,0
2026-01-29 19:24:09,0
2026-01-29 19:24:10,0
2026-01-29 19:24:11,0
2026-01-29 19:24:12,0
2026-01-29 19:24:13,0
2026-01-29 19:24:14,0
2026-01-29 19:24:15,0
2026-01-29 19:24:16,0
2026-01-29 19:24:17,0
2026-01-29 19:24:18,0
2026-01-29 19:24:19,0
2026-01-29 19:24:20,0
2026-01-29 19:24:21,0
2026-01-29 19:24:22,0
2026-01-29 19:24:23,0
2026-01-29 19:24:24,0
2026-01-29 19:24:25,0
2026-01-29 19:24:26,0
2026-01-29 19:24:27,0
2026-01-29 19:24:28,0
2026-01-29 19:24:29,0
2026-01-29 19:24:30,0
2026-01-29 19:24:31,0
2026-01-29 19:24:32,0
2026-01-29 19:24:33,0
2026-01-29 19:24:34,0
2026-01-29 19:24:35,0
2026-01-29 19:24:36,0
2026-01-29 19:24:37,0
2026-01-29 19:24:38,0
2026-01-29 19:24:39,0
2026-01-29 19:24:40,0
2026-01-29 19:24:41,0
2026-01-29 19:24:42,0
2026-01-29 19:24:43,0
2026-01-29 19:24:44,0
2026-01-29 19:24:45,0
2026-01-29 19:24:46,0
2026-01-29 19:24:47,0
2026-01-29 19:24:48,0
2026-01-29 19:24:49,0
2026-01-29 19:24:50,0
2026-01-29 19:24:51,0
2026-01-29 19:24:52,0
2026-01-29 19:24:53,0
2026-01-29 19:29:54,7.34
2026-01-29 19:29:55,7.34
2026-01-29 19:29:56,7.34
2026-01-29 19:29:57,7.34
2026-01-29 19:29:58,7.34
2026-01-29 19:29:59,6.77
2026-01-29 19:30:00,6.77
2026-01-29 19:30:01,6.77
2026-01-29 19:30:02,6.77
2026-01-29 19:30:03,6.77
2026-01-29 19:30:04,7.06
2026-01-29 19:30:05,7.06
2026-01-29 19:30:06,7.06
2026-01-29 19:30:07,7.06
2026-01-29 19:30:08,7.06
2026-01-29 19:30:09,6.82
2026-01-29 19:30:10,6.82
2026-01-29 19:30:11,6.82
2026-01-29 19:30:12,6.82
2026-01-29 19:30:13,6.82
2026-01-29 19:30:14,6.65
2026-01-29 19:30:15,6.65
2026-01-29 19:30:16,6.65
2026-01-29 19:30:17,6.65
2026-01-29 19:30:18,6.65
2026-01-29 19:30:19,8.89
2026-01-29 19:30:20,8.89
2026-01-29 19:30:21,8.89
2026-01-29 19:30:22,8.89
2026-01-29 19:30:23,8.89
2026-01-29 19:30:24,5.70
2026-01-29 19:30:25,5.70
2026-01-29 19:30:26,5.70
2026-01-29 19:30:27,5.70
2026-01-29 19:30:28,5.70
2026-01-29 19:30:29,5.54
2026-01-29 19:30:30,5.54
2026-01-29 19:30:31,5.54
2026-01-29 19:30:32,5.54
2026-01-29 19:30:33,5.54
2026-01-29 19:30:34,5.44
2026-01-29 19:30:35,5.44
2026-01-29 19:30:36,5.44
2026-01-29 19:30:37,5.44
2026-01-29 19:30:38,5.44
2026-01-29 19:30:39,5.85
2026-01-29 19:30:40,5.85
2026-01-29 19:30:41,5.85
2026-01-29 19:30:42,5.85
2026-01-29 19:30:43,5.85
2026-01-29 19:30:44,5.62
2026-01-29 19:30:45,5.62
2026-01-29 19:30:46,5.62
2026-01-29 19:30:47,5.62
2026-01-29 19:30:48,5.62
2026-01-29 19:30:49,5.49
2026-01-29 19:30:50,5.49
2026-01-29 19:30:51,5.49
2026-01-29 19:30:52,5.49
2026-01-29 19:30:53,5.49
2026-01-29 19:30:54,6.67
2026-01-29 19:30:55,6.67
2026-01-29 19:30:56,6.67
2026-01-29 19:30:57,6.67
2026-01-29 19:30:58,6.67
2026-01-29 19:30:59,5.50
2026-01-29 19:31:00,5.50
2026-01-29 19:31:01,5.50
2026-01-29 19:31:02,5.50
2026-01-29 19:31:03,5.50
2026-01-29 19:31:04,4.92
2026-01-29 19:31:05,4.92
2026-01-29 19:31:06,4.92
2026-01-29 19:31:07,4.92
2026-01-29 19:31:08,4.92
2026-01-29 19:31:09,6.84
2026-01-29 19:31:10,6.84
2026-01-29 19:31:11,6.84
2026-01-29 19:31:12,6.84
2026-01-29 19:31:13,6.84
2026-01-29 19:31:14,7.18
2026-01-29 19:31:15,7.18
2026-01-29 19:31:16,7.18
2026-01-29 19:31:17,7.18
2026-01-29 19:31:18,7.18
2026-01-29 19:31:19,6.67
2026-01-29 19:31:20,6.67
2026-01-29 19:31:21,6.67
2026-01-29 19:31:22,6.67
2026-01-29 19:31:23,6.67
2026-01-29 19:31:24,6.77
2026-01-29 19:31:25,6.77
2026-01-29 19:31:26,6.77
2026-01-29 19:31:27,6.77
2026-01-29 19:31:28,6.77
2026-01-29 19:31:29,6.59
2026-01-29 19:31:30,6.59
2026-01-29 19:31:31,6.59
2026-01-29 19:31:32,6.59
2026-01-29 19:31:33,6.59
2026-01-29 19:31:34,5.84
2026-01-29 19:31:35,5.84
2026-01-29 19:31:36,5.84
2026-01-29 19:31:37,5.84
2026-01-29 19:31:38,5.84
2026-01-29 19:31:39,8.18
2026-01-29 19:31:40,8.18
2026-01-29 19:31:41,8.18
2026-01-29 19:31:42,8.18
2026-01-29 19:31:43,8.18
2026-01-29 19:31:44,7.66
2026-01-29 19:31:45,7.66
2026-01-29 19:31:46,7.66
2026-01-29 19:31:47,7.66
2026-01-29 19:31:48,7.66
2026-01-29 19:31:49,7.49
2026-01-29 19:31:50,7.49
2026-01-29 19:31:51,7.49
2026-01-29 19:31:52,7.49
2026-01-29 19:31:53,7.49
2026-01-29 19:31:54,9.78
2026-01-29 19:31:55,9.78
2026-01-29 19:31:56,9.78
2026-01-29 19:31:57,9.78
2026-01-29 19:31:58,9.78
2026-01-29 19:31:59,8.70
2026-01-29 19:32:00,8.70
2026-01-29 19:32:01,8.70
2026-01-29 19:32:02,8.70
2026-01-29 19:32:03,8.70
2026-01-29 19:32:04,9.71
2026-01-29 19:32:05,9.71
2026-01-29 19:32:06,9.71
2026-01-29 19:32:07,9.71
2026-01-29 19:32:08,9.71
2026-01-29 19:32:09,8.53
2026-01-29 19:32:10,8.53
2026-01-29 19:32:11,8.53
2026-01-29 19:32:12,8.53
2026-01-29 19:32:13,8.53
2026-01-29 19:32:14,7.42
2026-01-29 19:32:15,7.42
2026-01-29 19:32:16,7.42
2026-01-29 19:32:17,7.42
2026-01-29 19:32:18,7.42
2026-01-29 19:32:19,7.39
2026-01-29 19:32:20,7.39
2026-01-29 19:32:21,7.39
2026-01-29 19:32:22,7.39
2026-01-29 19:32:23,7.39
2026-01-29 19:32:24,7.59
2026-01-29 19:32:25,7.59
2026-01-29 19:32:26,7.59
2026-01-29 19:32:27,7.59
2026-01-29 19:32:28,7.59
2026-01-29 19:32:29,7.47
2026-01-29 19:32:30,7.47
2026-01-29 19:32:31,7.47
2026-01-29 19:32:32,7.47
2026-01-29 19:32:33,7.47
2026-01-29 19:32:34,7.43
2026-01-29 19:32:35,7.43
2026-01-29 19:32:36,7.43
2026-01-29 19:32:37,7.43
2026-01-29 19:32:38,7.43
2026-01-29 19:32:39,7.54
2026-01-29 19:32:40,7.54
2026-01-29 19:32:41,7.54
2026-01-29 19:32:42,7.54
2026-01-29 19:32:43,7.54
2026-01-29 19:32:44,7.46
2026-01-29 19:32:45,7.46
2026-01-29 19:32:46,7.46
2026-01-29 19:32:47,7.46
2026-01-29 19:32:48,7.46
2026-01-29 19:32:49,7.74
2026-01-29 19:32:50,7.74
2026-01-29 19:32:51,7.74
2026-01-29 19:32:52,7.74
2026-01-29 19:32:53,7.74
2026-01-29 19:32:54,0
2026-01-29 19:32:55,0
2026-01-29 19:32:56,0
2026-01-29 19:32:57,0
2026-01-29 19:32:58,0
2026-01-29 19:32:59,0
2026-01-29 19:33:00,0
2026-01-29 19:33:01,0
2026-01-29 19:33:02,0
2026-01-29 19:33:03,0
2026-01-29 19:33:04,0
2026-01-29 19:33:05,0
2026-01-29 19:33:06,0
2026-01-29 19:33:07,0
2026-01-29 19:33:08,0
2026-01-29 19:33:09,0
2026-01-29 19:33:10,0
2026-01-29 19:33:11,0
2026-01-29 19:33:12,0
2026-01-29 19:33:13,0
2026-01-29 19:33:14,0
2026-01-29 19:33:15,0
2026-01-29 19:33:16,0
2026-01-29 19:33:17,0
2026-01-29 19:33:18,0
2026-01-29 19:33:19,0
2026-01-29 19:33:20,0
2026-01-29 19:33:21,0
2026-01-29 19:33:22,0
2026-01-29 19:33:23,0
2026-01-29 19:33:24,0
2026-01-29 19:33:25,0
2026-01-29 19:33:26,0
2026-01-29 19:33:27,0
2026-01-29 19:33:28,0
2026-01-29 19:33:29,0
2026-01-29 19:33:30,0
2026-01-29 19:33:31,0
2026-01-29 19:33:32,0
2026-01-29 19:33:33,0
2026-01-29 19:33:34,0
2026-01-29 19:33:35,0
2026-01-29 19:33:36,0
2026-01-29 19:33:37,0
2026-01-29 19:33:38,0
2026-01-29 19:33:39,0
2026-01-29 19:33:40,0
2026-01-29 19:33:41,0
2026-01-29 19:33:42,0
2026-01-29 19:33:43,0
2026-01-29 19:33:44,0
2026-01-29 19:33:45,0
2026-01-29 19:33:46,0
2026-01-29 19:33:47,0
2026-01-29 19:33:48,0
2026-01-29 19:33:49,0
2026-01-29 19:33:50,0
2026-01-29 19:33:51,0
2026-01-29 19:33:52,0
2026-01-29 19:33:53,0
2026-01-29 19:33:54,0
2026-01-29 19:33:55,0
2026-01-29 19:33:56,0
2026-01-29 19:33:57,0
2026-01-29 19:33:58,0
2026-01-29 19:33:59,0
2026-01-29 19:34:00,0
2026-01-29 19:34:01,0
2026-01-29 19:34:02,0
2026-01-29 19:34:03,0
2026-01-29 19:34:04,0
2026-01-29 19:34:05,0
2026-01-29 19:34:06,0
2026-01-29 19:34:07,0
2026-01-29 19:34:08,0
2026-01-29 19:34:09,0
2026-01-29 19:34:10,0
2026-01-29 19:34:11,0
2026-01-29 19:34:12,0
2026-01-29 19:34:13,0
2026-01-29 19:34:14,0
2026-01-29 19:34:15,0
2026-01-29 19:34:16,0
2026-01-29 19:34:17,0
2026-01-29 19:34:18,0
2026-01-29 19:34:19,0
2026-01-29 19:34:20,0
2026-01-29 19:34:21,0
2026-01-29 19:34:22,0
2026-01-29 19:34:23,0
2026-01-29 19:34:24,0
2026-01-29 19:34:25,0
2026-01-29 19:34:26,0
2026-01-29 19:34:27,0
2026-01-29 19:34:28,0
2026-01-29 19:39:29,6.01
2026-01-29 19:39:30,6.01
2026-01-29 19:39:31,6.01
2026-01-29 19:39:32,6.01
2026-01-29 19:39:33,6.01
2026-01-29 19:39:34,8.93
2026-01-29 19:39:35,8.93
2026-01-29 19:39:36,8.93
2026-01-29 19:39:37,8.93
2026-01-29 19:39:38,8.93
2026-01-29 19:39:39,8.74
2026-01-29 19:39:40,8.74
2026-01-29 19:39:41,8.74
2026-01-29 19:39:42,8.74
2026-01-29 19:39:43,8.74
2026-01-29 19:39:44,8.66
2026-01-29 19:39:45,8.66
2026-01-29 19:39:46,8.66
2026-01-29 19:39:47,8.66
2026-01-29 19:39:48,8.66
2026-01-29 19:39:49,8.67
2026-01-29 19:39:50,8.67
2026-01-29 19:39:51,8.67
2026-01-29 19:39:52,8.67
2026-01-29 19:39:53,8.67
2026-01-29 19:39:54,9.12
2026-01-29 19:39:55,9.12
2026-01-29 19:39:56,9.12
2026-01-29 19:39:57,9.12
2026-01-29 19:39:58,9.12
2026-01-29 19:39:59,10.5
2026-01-29 19:40:00,10.5
2026-01-29 19:40:01,10.5
2026-01-29 19:40:02,10.5
2026-01-29 19:40:03,10.5
2026-01-29 19:40:04,7.77
2026-01-29 19:40:05,7.77
2026-01-29 19:40:06,7.77
2026-01-29 19:40:07,7.77
2026-01-29 19:40:08,7.77
2026-01-29 19:40:09,7.85
2026-01-29 19:40:10,7.85
2026-01-29 19:40:11,7.85
2026-01-29 19:40:12,7.85
2026-01-29 19:40:13,7.85
2026-01-29 19:40:14,7.64
2026-01-29 19:40:15,7.64
2026-01-29 19:40:16,7.64
2026-01-29 19:40:17,7.64
2026-01-29 19:40:18,7.64
2026-01-29 19:40:19,7.68
2026-01-29 19:40:20,7.68
2026-01-29 19:40:21,7.68
2026-01-29 19:40:22,7.68
2026-01-29 19:40:23,7.68
2026-01-29 19:40:24,7.63
2026-01-29 19:40:25,7.63
2026-01-29 19:40:26,7.63
2026-01-29 19:40:27,7.63
2026-01-29 19:40:28,7.63
2026-01-29 19:40:29,7.66
2026-01-29 19:40:30,7.66
2026-01-29 19:40:31,7.66
2026-01-29 19:40:32,7.66
2026-01-29 19:40:33,7.66
2026-01-29 19:40:34,6.94
2026-01-29 19:40:35,6.94
2026-01-29 19:40:36,6.94
2026-01-29 19:40:37,6.94
2026-01-29 19:40:38,6.94
2026-01-29 19:40:39,8.27
2026-01-29 19:40:40,8.27
2026-01-29 19:40:41,8.27
2026-01-29 19:40:42,8.27
2026-01-29 19:40:43,8.27
2026-01-29 19:40:44,9.86
2026-01-29 19:40:45,9.86
2026-01-29 19:40:46,9.86
2026-01-29 19:40:47,9.86
2026-01-29 19:40:48,9.86
2026-01-29 19:40:49,9.61
2026-01-29 19:40:50,9.61
2026-01-29 19:40:51,9.61
2026-01-29 19:40:52,9.61
2026-01-29 19:40:53,9.61
2026-01-29 19:40:54,6.30
2026-01-29 19:40:55,6.30
2026-01-29 19:40:56,6.30
2026-01-29 19:40:57,6.30
2026-01-29 19:40:58,6.30
2026-01-29 19:40:59,8.01
2026-01-29 19:41:00,8.01
2026-01-29 19:41:01,8.01
2026-01-29 19:41:02,8.01
2026-01-29 19:41:03,8.01
2026-01-29 19:41:04,8.63
2026-01-29 19:41:05,8.63
2026-01-29 19:41:06,8.63
2026-01-29 19:41:07,8.63
2026-01-29 19:41:08,8.63
2026-01-29 19:41:09,8.13
2026-01-29 19:41:10,8.13
2026-01-29 19:41:11,8.13
2026-01-29 19:41:12,8.13
2026-01-29 19:41:13,8.13
2026-01-29 19:41:14,7.74
2026-01-29 19:41:15,7.74
2026-01-29 19:41:16,7.74
2026-01-29 19:41:17,7.74
2026-01-29 19:41:18,7.74
2026-01-29 19:41:19,7.98
2026-01-29 19:41:20,7.98
2026-01-29 19:41:21,7.98
2026-01-29 19:41:22,7.98
2026-01-29 19:41:23,7.98
2026-01-29 19:41:24,7.89
2026-01-29 19:41:25,7.89
2026-01-29 19:41:26,7.89
2026-01-29 19:41:27,7.89
2026-01-29 19:41:28,7.89
2026-01-29 19:41:29,7.90
2026-01-29 19:41:30,7.90
2026-01-29 19:41:31,7.90
2026-01-29 19:41:32,7.90
2026-01-29 19:41:33,7.90
2026-01-29 19:41:34,7.90
2026-01-29 19:41:35,7.90
2026-01-29 19:41:36,7.90
2026-01-29 19:41:37,7.90
2026-01-29 19:41:38,7.90
2026-01-29 19:41:39,7.80
2026-01-29 19:41:40,7.80
2026-01-29 19:41:41,7.80
2026-01-29 19:41:42,7.80
2026-01-29 19:41:43,7.80
2026-01-29 19:41:44,7.46
2026-01-29 19:41:45,7.46
2026-01-29 19:41:46,7.46
2026-01-29 19:41:47,7.46
2026-01-29 19:41:48,7.46
2026-01-29 19:41:49,8.82
2026-01-29 19:41:50,8.82
2026-01-29 19:41:51,8.82
2026-01-29 19:41:52,8.82
2026-01-29 19:41:53,8.82
2026-01-29 19:41:54,9.01
2026-01-29 19:41:55,9.01
2026-01-29 19:41:56,9.01
2026-01-29 19:41:57,9.01
2026-01-29 19:41:58,9.01
2026-01-29 19:41:59,8.95
2026-01-29 19:42:00,8.95
2026-01-29 19:42:01,8.95
2026-01-29 19:42:02,8.95
2026-01-29 19:42:03,8.95
2026-01-29 19:42:04,8.89
2026-01-29 19:42:05,8.89
2026-01-29 19:42:06,8.89
2026-01-29 19:42:07,8.89
2026-01-29 19:42:08,8.89
2026-01-29 19:42:09,8.93
2026-01-29 19:42:10,8.93
2026-01-29 19:42:11,8.93
2026-01-29 19:42:12,8.93
2026-01-29 19:42:13,8.93
2026-01-29 19:42:14,8.78
2026-01-29 19:42:15,8.78
2026-01-29 19:42:16,8.78
2026-01-29 19:42:17,8.78
2026-01-29 19:42:18,8.78
2026-01-29 19:42:19,9.00
2026-01-29 19:42:20,9.00
2026-01-29 19:42:21,9.00
2026-01-29 19:42:22,9.00
2026-01-29 19:42:23,9.00
2026-01-29 19:42:24,9.15
2026-01-29 19:42:25,9.15
2026-01-29 19:42:26,9.15
2026-01-29 19:42:27,9.15
2026-01-29 19:42:28,9.15
2026-01-29 19:42:29,8.80
2026-01-29 19:42:30,8.80
2026-01-29 19:42:31,8.80
2026-01-29 19:42:32,8.80
2026-01-29 19:42:33,8.80
2026-01-29 19:42:34,0
2026-01-29 19:42:35,0
2026-01-29 19:42:36,0
2026-01-29 19:42:37,0
2026-01-29 19:42:38,0
2026-01-29 19:42:39,0
2026-01-29 19:42:40,0
2026-01-29 19:42:41,0
2026-01-29 19:42:42,0
2026-01-29 19:42:43,0
2026-01-29 19:42:44,0
2026-01-29 19:42:45,0
2026-01-29 19:42:46,0
2026-01-29 19:42:47,0
2026-01-29 19:42:48,0
2026-01-29 19:42:49,0
2026-01-29 19:42:50,0
2026-01-29 19:42:51,0
2026-01-29 19:42:52,0
2026-01-29 19:42:53,0
2026-01-29 19:42:54,0
2026-01-29 19:42:55,0
2026-01-29 19:42:56,0
2026-01-29 19:42:57,0
2026-01-29 19:42:58,0
2026-01-29 19:42:59,0
2026-01-29 19:43:00,0
2026-01-29 19:43:01,0
2026-01-29 19:43:02,0
2026-01-29 19:43:03,0
2026-01-29 19:43:04,0
2026-01-29 19:43:05,0
2026-01-29 19:43:06,0
2026-01-29 19:43:07,0
2026-01-29 19:43:08,0
2026-01-29 19:43:09,0
2026-01-29 19:43:10,0
2026-01-29 19:43:11,0
2026-01-29 19:43:12,0
2026-01-29 19:43:13,0
2026-01-29 19:43:14,0
2026-01-29 19:43:15,0
2026-01-29 19:43:16,0
2026-01-29 19:43:17,0
2026-01-29 19:43:18,0
2026-01-29 19:43:19,0
2026-01-29 19:43:20,0
2026-01-29 19:43:21,0
2026-01-29 19:43:22,0
2026-01-29 19:43:23,0
2026-01-29 19:43:24,0
2026-01-29 19:43:25,0
2026-01-29 19:43:26,0
2026-01-29 19:43:27,0
2026-01-29 19:43:28,0
2026-01-29 19:43:29,0
2026-01-29 19:43:30,0
2026-01-29 19:43:31,0
2026-01-29 19:43:32,0
2026-01-29 19:43:33,0
2026-01-29 19:43:34,0
2026-01-29 19:43:35,0
2026-01-29 19:43:36,0
2026-01-29 19:43:37,0
2026-01-29 19:43:38,0
2026-01-29 19:43:39,0
2026-01-29 19:43:40,0
2026-01-29 19:43:41,0
2026-01-29 19:43:42,0
2026-01-29 19:43:43,0
2026-01-29 19:43:44,0
2026-01-29 19:43:45,0
2026-01-29 19:43:46,0
2026-01-29 19:43:47,0
2026-01-29 19:43:48,0
2026-01-29 19:43:49,0
2026-01-29 19:43:50,0
2026-01-29 19:43:51,0
2026-01-29 19:43:52,0
2026-01-29 19:43:53,0
2026-01-29 19:43:54,0
2026-01-29 19:43:55,0
2026-01-29 19:43:56,0
2026-01-29 19:43:57,0
2026-01-29 19:43:58,0
2026-01-29 19:43:59,0
2026-01-29 19:44:00,0
2026-01-29 19:44:01,0
2026-01-29 19:44:02,0
2026-01-29 19:44:03,0
2026-01-29 19:44:04,0
2026-01-29 19:44:05,0
2026-01-29 19:44:06,0
2026-01-29 19:44:07,0
2026-01-29 19:44:08,0
2026-01-29 19:49:09,4.96
2026-01-29 19:49:10,4.96
2026-01-29 19:49:11,4.96
2026-01-29 19:49:12,4.96
2026-01-29 19:49:13,4.96
2026-01-29 19:49:14,5.52
2026-01-29 19:49:15,5.52
2026-01-29 19:49:16,5.52
2026-01-29 19:49:17,5.52
2026-01-29 19:49:18,5.52
2026-01-29 19:49:19,5.82
2026-01-29 19:49:20,5.82
2026-01-29 19:49:21,5.82
2026-01-29 19:49:22,5.82
2026-01-29 19:49:23,5.82
2026-01-29 19:49:24,5.59
2026-01-29 19:49:25,5.59
2026-01-29 19:49:26,5.59
2026-01-29 19:49:27,5.59
2026-01-29 19:49:28,5.59
2026-01-29 19:49:29,5.60
2026-01-29 19:49:30,5.60
2026-01-29 19:49:31,5.60
2026-01-29 19:49:32,5.60
2026-01-29 19:49:33,5.60
2026-01-29 19:49:34,5.48
2026-01-29 19:49:35,5.48
2026-01-29 19:49:36,5.48
2026-01-29 19:49:37,5.48
2026-01-29 19:49:38,5.48
2026-01-29 19:49:39,5.43
2026-01-29 19:49:40,5.43
2026-01-29 19:49:41,5.43
2026-01-29 19:49:42,5.43
2026-01-29 19:49:43,5.43
2026-01-29 19:49:44,4.98
2026-01-29 19:49:45,4.98
2026-01-29 19:49:46,4.98
2026-01-29 19:49:47,4.98
2026-01-29 19:49:48,4.98
2026-01-29 19:49:49,7.20
2026-01-29 19:49:50,7.20
2026-01-29 19:49:51,7.20
2026-01-29 19:49:52,7.20
2026-01-29 19:49:53,7.20
2026-01-29 19:49:54,6.58
2026-01-29 19:49:55,6.58
2026-01-29 19:49:56,6.58
2026-01-29 19:49:57,6.58
2026-01-29 19:49:58,6.58
2026-01-29 19:49:59,7.11
2026-01-29 19:50:00,7.11
2026-01-29 19:50:01,7.11
2026-01-29 19:50:02,7.11
2026-01-29 19:50:03,7.11
2026-01-29 19:50:04,6.76
2026-01-29 19:50:05,6.76
2026-01-29 19:50:06,6.76
2026-01-29 19:50:07,6.76
2026-01-29 19:50:08,6.76
2026-01-29 19:50:09,6.69
2026-01-29 19:50:10,6.69
2026-01-29 19:50:11,6.69
2026-01-29 19:50:12,6.69
2026-01-29 19:50:13,6.69
2026-01-29 19:50:14,6.63
2026-01-29 19:50:15,6.63
2026-01-29 19:50:16,6.63
2026-01-29 19:50:17,6.63
2026-01-29 19:50:18,6.63
2026-01-29 19:50:19,6.72
2026-01-29 19:50:20,6.72
2026-01-29 19:50:21,6.72
2026-01-29 19:50:22,6.72
2026-01-29 19:50:23,6.72
2026-01-29 19:50:24,6.62
2026-01-29 19:50:25,6.62
2026-01-29 19:50:26,6.62
2026-01-29 19:50:27,6.62
2026-01-29 19:50:28,6.62
2026-01-29 19:50:29,6.58
2026-01-29 19:50:30,6.58
2026-01-29 19:50:31,6.58
2026-01-29 19:50:32,6.58
2026-01-29 19:50:33,6.58
2026-01-29 19:50:34,6.61
2026-01-29 19:50:35,6.61
2026-01-29 19:50:36,6.61
2026-01-29 19:50:37,6.61
2026-01-29 19:50:38,6.61
2026-01-29 19:50:39,6.61
2026-01-29 19:50:40,6.61
2026-01-29 19:50:41,6.61
2026-01-29 19:50:42,6.61
2026-01-29 19:50:43,6.61
2026-01-29 19:50:44,7.01
2026-01-29 19:50:45,7.01
2026-01-29 19:50:46,7.01
2026-01-29 19:50:47,7.01
2026-01-29 19:50:48,7.01
2026-01-29 19:50:49,8.17
2026-01-29 19:50:50,8.17
2026-01-29 19:50:51,8.17
2026-01-29 19:50:52,8.17
2026-01-29 19:50:53,8.17
2026-01-29 19:50:54,9.49
2026-01-29 19:50:55,9.49
2026-01-29 19:50:56,9.49
2026-01-29 19:50:57,9.49
2026-01-29 19:50:58,9.49
2026-01-29 19:50:59,9.35
2026-01-29 19:51:00,9.35
2026-01-29 19:51:01,9.35
2026-01-29 19:51:02,9.35
2026-01-29 19:51:03,9.35
2026-01-29 19:51:04,9.06
2026-01-29 19:51:05,9.06
2026-01-29 19:51:06,9.06
2026-01-29 19:51:07,9.06
2026-01-29 19:51:08,9.06
2026-01-29 19:51:09,9.97
2026-01-29 19:51:10,9.97
2026-01-29 19:51:11,9.97
2026-01-29 19:51:12,9.97
2026-01-29 19:51:13,9.97
2026-01-29 19:51:14,12.2
2026-01-29 19:51:15,12.2
2026-01-29 19:51:16,12.2
2026-01-29 19:51:17,12.2
2026-01-29 19:51:18,12.2
2026-01-29 19:51:19,9.00
2026-01-29 19:51:20,9.00
2026-01-29 19:51:21,9.00
2026-01-29 19:51:22,9.00
2026-01-29 19:51:23,9.00
2026-01-29 19:51:24,8.94
2026-01-29 19:51:25,8.94
2026-01-29 19:51:26,8.94
2026-01-29 19:51:27,8.94
2026-01-29 19:51:28,8.94
2026-01-29 19:51:29,8.95
2026-01-29 19:51:30,8.95
2026-01-29 19:51:31,8.95
2026-01-29 19:51:32,8.95
2026-01-29 19:51:33,8.95
2026-01-29 19:51:34,9.22
2026-01-29 19:51:35,9.22
2026-01-29 19:51:36,9.22
2026-01-29 19:51:37,9.22
2026-01-29 19:51:38,9.22
2026-01-29 19:51:39,10.4
2026-01-29 19:51:40,10.4
2026-01-29 19:51:41,10.4
2026-01-29 19:51:42,10.4
2026-01-29 19:51:43,10.4
2026-01-29 19:51:44,8.92
2026-01-29 19:51:45,8.92
2026-01-29 19:51:46,8.92
2026-01-29 19:51:47,8.92
2026-01-29 19:51:48,8.92
2026-01-29 19:51:49,8.94
2026-01-29 19:51:50,8.94
2026-01-29 19:51:51,8.94
2026-01-29 19:51:52,8.94
2026-01-29 19:51:53,8.94
2026-01-29 19:51:54,8.85
2026-01-29 19:51:55,8.85
2026-01-29 19:51:56,8.85
2026-01-29 19:51:57,8.85
2026-01-29 19:51:58,8.85
2026-01-29 19:51:59,9.35
2026-01-29 19:52:00,9.35
2026-01-29 19:52:01,9.35
2026-01-29 19:52:02,9.35
2026-01-29 19:52:03,9.35
2026-01-29 19:52:04,8.99
2026-01-29 19:52:05,8.99
2026-01-29 19:52:06,8.99
2026-01-29 19:52:07,8.99
2026-01-29 19:52:08,8.99
2026-01-29 19:52:09,9.03
2026-01-29 19:52:10,9.03
2026-01-29 19:52:11,9.03
2026-01-29 19:52:12,9.03
2026-01-29 19:52:13,9.03
2026-01-29 19:52:14,0
2026-01-29 19:52:15,0
2026-01-29 19:52:16,0
2026-01-29 19:52:17,0
2026-01-29 19:52:18,0
2026-01-29 19:52:19,0
2026-01-29 19:52:20,0
2026-01-29 19:52:21,0
2026-01-29 19:52:22,0
2026-01-29 19:52:23,0
2026-01-29 19:52:24,0
2026-01-29 19:52:25,0
2026-01-29 19:52:26,0
2026-01-29 19:52:27,0
2026-01-29 19:52:28,0
2026-01-29 19:52:29,0
2026-01-29 19:52:30,0
2026-01-29 19:52:31,0
2026-01-29 19:52:32,0
2026-01-29 19:52:33,0
2026-01-29 19:52:34,0
2026-01-29 19:52:35,0
2026-01-29 19:52:36,0
2026-01-29 19:52:37,0
2026-01-29 19:52:38,0
2026-01-29 19:52:39,0
2026-01-29 19:52:40,0
2026-01-29 19:52:41,0
2026-01-29 19:52:42,0
2026-01-29 19:52:43,0
2026-01-29 19:52:44,0
2026-01-29 19:52:45,0
2026-01-29 19:52:46,0
2026-01-29 19:52:47,0
2026-01-29 19:52:48,0
2026-01-29 19:52:49,0
2026-01-29 19:52:50,0
2026-01-29 19:52:51,0
2026-01-29 19:52:52,0
2026-01-29 19:52:53,0
2026-01-29 19:52:54,0
2026-01-29 19:52:55,0
2026-01-29 19:52:56,0
2026-01-29 19:52:57,0
2026-01-29 19:52:58,0
2026-01-29 19:52:59,0
2026-01-29 19:53:00,0
2026-01-29 19:53:01,0
2026-01-29 19:53:02,0
2026-01-29 19:53:03,0
2026-01-29 19:53:04,0
2026-01-29 19:53:05,0
2026-01-29 19:53:06,0
2026-01-29 19:53:07,0
2026-01-29 19:53:08,0
2026-01-29 19:53:09,0
2026-01-29 19:53:10,0
2026-01-29 19:53:11,0
2026-01-29 19:53:12,0
2026-01-29 19:53:13,0
2026-01-29 19:53:14,0
2026-01-29 19:53:15,0
2026-01-29 19:53:16,0
2026-01-29 19:53:17,0
2026-01-29 19:53:18,0
2026-01-29 19:53:19,0
2026-01-29 19:53:20,0
2026-01-29 19:53:21,0
2026-01-29 19:53:22,0
2026-01-29 19:53:23,0
2026-01-29 19:53:24,0
2026-01-29 19:53:25,0
2026-01-29 19:53:26,0
2026-01-29 19:53:27,0
2026-01-29 19:53:28,0
2026-01-29 19:53:29,0
2026-01-29 19:53:30,0
2026-01-29 19:53:31,0
2026-01-29 19:53:32,0
2026-01-29 19:53:33,0
2026-01-29 19:53:34,0
2026-01-29 19:53:35,0
2026-01-29 19:53:36,0
2026-01-29 19:53:37,0
2026-01-29 19:53:38,0
2026-01-29 19:53:39,0
2026-01-29 19:53:40,0
2026-01-29 19:53:41,0
2026-01-29 19:53:42,0
2026-01-29 19:53:43,0
2026-01-29 19:53:44,0
2026-01-29 19:53:45,0
2026-01-29 19:53:46,0
2026-01-29 19:53:47,0
2026-01-29 19:53:48,0
2026-01-29 19:58:49,6.69
2026-01-29 19:58:50,6.69
2026-01-29 19:58:51,6.69
2026-01-29 19:58:52,6.69
2026-01-29 19:58:53,6.69
2026-01-29 19:58:54,6.70
2026-01-29 19:58:55,6.70
2026-01-29 19:58:56,6.70
2026-01-29 19:58:57,6.70
2026-01-29 19:58:58,6.70
2026-01-29 19:58:59,7.36
2026-01-29 19:59:00,7.36
2026-01-29 19:59:01,7.36
2026-01-29 19:59:02,7.36
2026-01-29 19:59:03,7.36
2026-01-29 19:59:04,6.71
2026-01-29 19:59:05,6.71
2026-01-29 19:59:06,6.71
2026-01-29 19:59:07,6.71
2026-01-29 19:59:08,6.71
2026-01-29 19:59:09,6.69
2026-01-29 19:59:10,6.69
2026-01-29 19:59:11,6.69
2026-01-29 19:59:12,6.69
2026-01-29 19:59:13,6.69
2026-01-29 19:59:14,6.63
2026-01-29 19:59:15,6.63
2026-01-29 19:59:16,6.63
2026-01-29 19:59:17,6.63
2026-01-29 19:59:18,6.63
2026-01-29 19:59:19,6.98
2026-01-29 19:59:20,6.98
2026-01-29 19:59:21,6.98
2026-01-29 19:59:22,6.98
2026-01-29 19:59:23,6.98
2026-01-29 19:59:24,6.67
2026-01-29 19:59:25,6.67
2026-01-29 19:59:26,6.67
2026-01-29 19:59:27,6.67
2026-01-29 19:59:28,6.67
2026-01-29 19:59:29,6.83
2026-01-29 19:59:30,6.83
2026-01-29 19:59:31,6.83
2026-01-29 19:59:32,6.83
2026-01-29 19:59:33,6.83
2026-01-29 19:59:34,6.54
2026-01-29 19:59:35,6.54
2026-01-29 19:59:36,6.54
2026-01-29 19:59:37,6.54
2026-01-29 19:59:38,6.54
2026-01-29 19:59:39,6.60
2026-01-29 19:59:40,6.60
2026-01-29 19:59:41,6.60
2026-01-29 19:59:42,6.60
2026-01-29 19:59:43,6.60
2026-01-29 19:59:44,6.60
2026-01-29 19:59:45,6.60
2026-01-29 19:59:46,6.60
2026-01-29 19:59:47,6.60
2026-01-29 19:59:48,6.60
2026-01-29 19:59:49,6.68
2026-01-29 19:59:50,6.68
2026-01-29 19:59:51,6.68
2026-01-29 19:59:52,6.68
2026-01-29 19:59:53,6.68
2026-01-29 19:59:54,6.56
2026-01-29 19:59:55,6.56
2026-01-29 19:59:56,6.56
2026-01-29 19:59:57,6.56
2026-01-29 19:59:58,6.56
2026-01-29 19:59:59,6.35
2026-01-29 20:00:00,6.35
2026-01-29 20:00:01,6.35
2026-01-29 20:00:02,6.35
2026-01-29 20:00:03,6.35
2026-01-29 20:00:04,7.86
2026-01-29 20:00:05,7.86
2026-01-29 20:00:06,7.86
2026-01-29 20:00:07,7.86
2026-01-29 20:00:08,7.86
2026-01-29 20:00:09,8.39
2026-01-29 20:00:10,8.39
2026-01-29 20:00:11,8.39
2026-01-29 20:00:12,8.39
2026-01-29 20:00:13,8.39
2026-01-29 20:00:14,7.98
2026-01-29 20:00:15,7.98
2026-01-29 20:00:16,7.98
2026-01-29 20:00:17,7.98
2026-01-29 20:00:18,7.98
2026-01-29 20:00:19,7.64
2026-01-29 20:00:20,7.64
2026-01-29 20:00:21,7.64
2026-01-29 20:00:22,7.64
2026-01-29 20:00:23,7.64
2026-01-29 20:00:24,7.76
2026-01-29 20:00:25,7.76
2026-01-29 20:00:26,7.76
2026-01-29 20:00:27,7.76
2026-01-29 20:00:28,7.76
2026-01-29 20:00:29,7.74
2026-01-29 20:00:30,7.74
2026-01-29 20:00:31,7.74
2026-01-29 20:00:32,7.74
2026-01-29 20:00:33,7.74
2026-01-29 20:00:34,7.64
2026-01-29 20:00:35,7.64
2026-01-29 20:00:36,7.64
2026-01-29 20:00:37,7.64
2026-01-29 20:00:38,7.64
2026-01-29 20:00:39,8.84
2026-01-29 20:00:40,8.84
2026-01-29 20:00:41,8.84
2026-01-29 20:00:42,8.84
2026-01-29 20:00:43,8.84
2026-01-29 20:00:44,9.32
2026-01-29 20:00:45,9.32
2026-01-29 20:00:46,9.32
2026-01-29 20:00:47,9.32
2026-01-29 20:00:48,9.32
2026-01-29 20:00:49,8.77
2026-01-29 20:00:50,8.77
2026-01-29 20:00:51,8.77
2026-01-29 20:00:52,8.77
2026-01-29 20:00:53,8.77
2026-01-29 20:00:54,8.76
2026-01-29 20:00:55,8.76
2026-01-29 20:00:56,8.76
2026-01-29 20:00:57,8.76
2026-01-29 20:00:58,8.76
2026-01-29 20:00:59,8.96
2026-01-29 20:01:00,8.96
2026-01-29 20:01:01,8.96
2026-01-29 20:01:02,8.96
2026-01-29 20:01:03,8.96
2026-01-29 20:01:04,9.17
2026-01-29 20:01:05,9.17
2026-01-29 20:01:06,9.17
2026-01-29 20:01:07,9.17
2026-01-29 20:01:08,9.17
2026-01-29 20:01:09,9.04
2026-01-29 20:01:10,9.04
2026-01-29 20:01:11,9.04
2026-01-29 20:01:12,9.04
2026-01-29 20:01:13,9.04
2026-01-29 20:01:14,8.81
2026-01-29 20:01:15,8.81
2026-01-29 20:01:16,8.81
2026-01-29 20:01:17,8.81
2026-01-29 20:01:18,8.81
2026-01-29 20:01:19,8.88
2026-01-29 20:01:20,8.88
2026-01-29 20:01:21,8.88
2026-01-29 20:01:22,8.88
2026-01-29 20:01:23,8.88
2026-01-29 20:01:24,9.84
2026-01-29 20:01:25,9.84
2026-01-29 20:01:26,9.84
2026-01-29 20:01:27,9.84
2026-01-29 20:01:28,9.84
2026-01-29 20:01:29,9.41
2026-01-29 20:01:30,9.41
2026-01-29 20:01:31,9.41
2026-01-29 20:01:32,9.41
2026-01-29 20:01:33,9.41
2026-01-29 20:01:34,10.4
2026-01-29 20:01:35,10.4
2026-01-29 20:01:36,10.4
2026-01-29 20:01:37,10.4
2026-01-29 20:01:38,10.4
2026-01-29 20:01:39,8.88
2026-01-29 20:01:40,8.88
2026-01-29 20:01:41,8.88
2026-01-29 20:01:42,8.88
2026-01-29 20:01:43,8.88
2026-01-29 20:01:44,8.82
2026-01-29 20:01:45,8.82
2026-01-29 20:01:46,8.82
2026-01-29 20:01:47,8.82
2026-01-29 20:01:48,8.82
2026-01-29 20:01:49,0
2026-01-29 20:01:50,0
2026-01-29 20:01:51,0
2026-01-29 20:01:52,0
2026-01-29 20:01:53,0
2026-01-29 20:01:54,0
2026-01-29 20:01:55,0
2026-01-29 20:01:56,0
2026-01-29 20:01:57,0
2026-01-29 20:01:58,0
2026-01-29 20:01:59,0
2026-01-29 20:02:00,0
2026-01-29 20:02:01,0
2026-01-29 20:02:02,0
2026-01-29 20:02:03,0
2026-01-29 20:02:04,0
2026-01-29 20:02:05,0
2026-01-29 20:02:06,0
2026-01-29 20:02:07,0
2026-01-29 20:02:08,0
2026-01-29 20:02:09,0
2026-01-29 20:02:10,0
2026-01-29 20:02:11,0
2026-01-29 20:02:12,0
2026-01-29 20:02:13,0
2026-01-29 20:02:14,0
2026-01-29 20:02:15,0
2026-01-29 20:02:16,0
2026-01-29 20:02:17,0
2026-01-29 20:02:18,0
2026-01-29 20:02:19,0
2026-01-29 20:02:20,0
2026-01-29 20:02:21,0
2026-01-29 20:02:22,0
2026-01-29 20:02:23,0
2026-01-29 20:02:24,0
2026-01-29 20:02:25,0
2026-01-29 20:02:26,0
2026-01-29 20:02:27,0
2026-01-29 20:02:28,0
2026-01-29 20:02:29,0
2026-01-29 20:02:30,0
2026-01-29 20:02:31,0
2026-01-29 20:02:32,0
2026-01-29 20:02:33,0
2026-01-29 20:02:34,0
2026-01-29 20:02:35,0
2026-01-29 20:02:36,0
2026-01-29 20:02:37,0
2026-01-29 20:02:38,0
2026-01-29 20:02:39,0
2026-01-29 20:02:40,0
2026-01-29 20:02:41,0
2026-01-29 20:02:42,0
2026-01-29 20:02:43,0
2026-01-29 20:02:44,0
2026-01-29 20:02:45,0
2026-01-29 20:02:46,0
2026-01-29 20:02:47,0
2026-01-29 20:02:48,0
2026-01-29 20:02:49,0
2026-01-29 20:02:50,0
2026-01-29 20:02:51,0
2026-01-29 20:02:52,0
2026-01-29 20:02:53,0
2026-01-29 20:02:54,0
2026-01-29 20:02:55,0
2026-01-29 20:02:56,0
2026-01-29 20:02:57,0
2026-01-29 20:02:58,0
2026-01-29 20:02:59,0
2026-01-29 20:03:00,0
2026-01-29 20:03:01,0
2026-01-29 20:03:02,0
2026-01-29 20:03:03,0
2026-01-29 20:03:04,0
2026-01-29 20:03:05,0
2026-01-29 20:03:06,0
2026-01-29 20:03:07,0
2026-01-29 20:03:08,0
2026-01-29 20:03:09,0
2026-01-29 20:03:10,0
2026-01-29 20:03:11,0
2026-01-29 20:03:12,0
2026-01-29 20:03:13,0
2026-01-29 20:03:14,0
2026-01-29 20:03:15,0
2026-01-29 20:03:16,0
2026-01-29 20:03:17,0
2026-01-29 20:03:18,0
2026-01-29 20:03:19,0
2026-01-29 20:03:20,0
2026-01-29 20:03:21,0
2026-01-29 20:03:22,0
2026-01-29 20:03:23,0
2026-01-29 20:08:29,5.58
2026-01-29 20:08:30,5.58
2026-01-29 20:08:31,5.58
2026-01-29 20:08:32,5.58
2026-01-29 20:08:33,5.58
2026-01-29 20:08:34,8.23
2026-01-29 20:08:35,8.23
2026-01-29 20:08:36,8.23
2026-01-29 20:08:37,8.23
2026-01-29 20:08:38,8.23
2026-01-29 20:08:39,6.90
2026-01-29 20:08:40,6.90
2026-01-29 20:08:41,6.90
2026-01-29 20:08:42,6.90
2026-01-29 20:08:43,6.90
2026-01-29 20:08:44,6.62
2026-01-29 20:08:45,6.62
2026-01-29 20:08:46,6.62
2026-01-29 20:08:47,6.62
2026-01-29 20:08:48,6.62
2026-01-29 20:08:49,6.69
2026-01-29 20:08:50,6.69
2026-01-29 20:08:51,6.69
2026-01-29 20:08:52,6.69
2026-01-29 20:08:53,6.69
2026-01-29 20:08:54,6.62
2026-01-29 20:08:55,6.62
2026-01-29 20:08:56,6.62
2026-01-29 20:08:57,6.62
2026-01-29 20:08:58,6.62
2026-01-29 20:08:59,6.61
2026-01-29 20:09:00,6.61
2026-01-29 20:09:01,6.61
2026-01-29 20:09:02,6.61
2026-01-29 20:09:03,6.61
2026-01-29 20:09:04,6.96
2026-01-29 20:09:05,6.96
2026-01-29 20:09:06,6.96
2026-01-29 20:09:07,6.96
2026-01-29 20:09:08,6.96
2026-01-29 20:09:09,6.83
2026-01-29 20:09:10,6.83
2026-01-29 20:09:11,6.83
2026-01-29 20:09:12,6.83
2026-01-29 20:09:13,6.83
2026-01-29 20:09:14,6.60
2026-01-29 20:09:15,6.60
2026-01-29 20:09:16,6.60
2026-01-29 20:09:17,6.60
2026-01-29 20:09:18,6.60
2026-01-29 20:09:19,6.74
2026-01-29 20:09:20,6.74
2026-01-29 20:09:21,6.74
2026-01-29 20:09:22,6.74
2026-01-29 20:09:23,6.74
2026-01-29 20:09:24,6.60
2026-01-29 20:09:25,6.60
2026-01-29 20:09:26,6.60
2026-01-29 20:09:27,6.60
2026-01-29 20:09:28,6.60
2026-01-29 20:09:29,6.67
2026-01-29 20:09:30,6.67
2026-01-29 20:09:31,6.67
2026-01-29 20:09:32,6.67
2026-01-29 20:09:33,6.67
2026-01-29 20:09:34,6.64
2026-01-29 20:09:35,6.64
2026-01-29 20:09:36,6.64
2026-01-29 20:09:37,6.64
2026-01-29 20:09:38,6.64
2026-01-29 20:09:39,6.64
2026-01-29 20:09:40,6.64
2026-01-29 20:09:41,6.64
2026-01-29 20:09:42,6.64
2026-01-29 20:09:43,6.64
2026-01-29 20:09:44,6.64
2026-01-29 20:09:45,6.64
2026-01-29 20:09:46,6.64
2026-01-29 20:09:47,6.64
2026-01-29 20:09:48,6.64
2026-01-29 20:09:49,6.74
2026-01-29 20:09:50,6.74
2026-01-29 20:09:51,6.74
2026-01-29 20:09:52,6.74
2026-01-29 20:09:53,6.74
2026-01-29 20:09:54,6.74
2026-01-29 20:09:55,6.74
2026-01-29 20:09:56,6.74
2026-01-29 20:09:57,6.74
2026-01-29 20:09:58,6.74
2026-01-29 20:09:59,6.56
2026-01-29 20:10:00,6.56
2026-01-29 20:10:01,6.56
2026-01-29 20:10:02,6.56
2026-01-29 20:10:03,6.56
2026-01-29 20:10:04,6.21
2026-01-29 20:10:05,6.21
2026-01-29 20:10:06,6.21
2026-01-29 20:10:07,6.21
2026-01-29 20:10:08,6.21
2026-01-29 20:10:09,9.99
2026-01-29 20:10:10,9.99
2026-01-29 20:10:11,9.99
2026-01-29 20:10:12,9.99
2026-01-29 20:10:13,9.99
2026-01-29 20:10:14,8.87
2026-01-29 20:10:15,8.87
2026-01-29 20:10:16,8.87
2026-01-29 20:10:17,8.87
2026-01-29 20:10:18,8.87
2026-01-29 20:10:19,8.91
2026-01-29 20:10:20,8.91
2026-01-29 20:10:21,8.91
2026-01-29 20:10:22,8.91
2026-01-29 20:10:23,8.91
2026-01-29 20:10:24,8.90
2026-01-29 20:10:25,8.90
2026-01-29 20:10:26,8.90
2026-01-29 20:10:27,8.90
2026-01-29 20:10:28,8.90
2026-01-29 20:10:29,8.86
2026-01-29 20:10:30,8.86
2026-01-29 20:10:31,8.86
2026-01-29 20:10:32,8.86
2026-01-29 20:10:33,8.86
2026-01-29 20:10:34,9.98
2026-01-29 20:10:35,9.98
2026-01-29 20:10:36,9.98
2026-01-29 20:10:37,9.98
2026-01-29 20:10:38,9.98
2026-01-29 20:10:39,10.2
2026-01-29 20:10:40,10.2
2026-01-29 20:10:41,10.2
2026-01-29 20:10:42,10.2
2026-01-29 20:10:43,10.2
2026-01-29 20:10:44,9.83
2026-01-29 20:10:45,9.83
2026-01-29 20:10:46,9.83
2026-01-29 20:10:47,9.83
2026-01-29 20:10:48,9.83
2026-01-29 20:10:49,9.93
2026-01-29 20:10:50,9.93
2026-01-29 20:10:51,9.93
2026-01-29 20:10:52,9.93
2026-01-29 20:10:53,9.93
2026-01-29 20:10:54,9.89
2026-01-29 20:10:55,9.89
2026-01-29 20:10:56,9.89
2026-01-29 20:10:57,9.89
2026-01-29 20:10:58,9.89
2026-01-29 20:10:59,9.98
2026-01-29 20:11:00,9.98
2026-01-29 20:11:01,9.98
2026-01-29 20:11:02,9.98
2026-01-29 20:11:03,9.98
2026-01-29 20:11:04,10.4
2026-01-29 20:11:05,10.4
2026-01-29 20:11:06,10.4
2026-01-29 20:11:07,10.4
2026-01-29 20:11:08,10.4
2026-01-29 20:11:09,10.3
2026-01-29 20:11:10,10.3
2026-01-29 20:11:11,10.3
2026-01-29 20:11:12,10.3
2026-01-29 20:11:13,10.3
2026-01-29 20:11:14,10.1
2026-01-29 20:11:15,10.1
2026-01-29 20:11:16,10.1
2026-01-29 20:11:17,10.1
2026-01-29 20:11:18,10.1
2026-01-29 20:11:19,9.04
2026-01-29 20:11:20,9.04
2026-01-29 20:11:21,9.04
2026-01-29 20:11:22,9.04
2026-01-29 20:11:23,9.04
2026-01-29 20:11:24,10.2
2026-01-29 20:11:25,10.2
2026-01-29 20:11:26,10.2
2026-01-29 20:11:27,10.2
2026-01-29 20:11:28,10.2
2026-01-29 20:11:29,10.7
2026-01-29 20:11:30,10.7
2026-01-29 20:11:31,10.7
2026-01-29 20:11:32,10.7
2026-01-29 20:11:33,10.7
2026-01-29 20:11:34,10.4
2026-01-29 20:11:35,10.4
2026-01-29 20:11:36,10.4
2026-01-29 20:11:37,10.4
2026-01-29 20:11:38,10.4
2026-01-29 20:11:39,0
2026-01-29 20:11:40,0
2026-01-29 20:11:41,0
2026-01-29 20:11:42,0
2026-01-29 20:11:43,0
2026-01-29 20:11:44,0
2026-01-29 20:11:45,0
2026-01-29 20:11:46,0
2026-01-29 20:11:47,0
2026-01-29 20:11:48,0
2026-01-29 20:11:49,0
2026-01-29 20:11:50,0
2026-01-29 20:11:51,0
2026-01-29 20:11:52,0
2026-01-29 20:11:53,0
2026-01-29 20:11:54,0
2026-01-29 20:11:55,0
2026-01-29 20:11:56,0
2026-01-29 20:11:57,0
2026-01-29 20:11:58,0
2026-01-29 20:11:59,0
2026-01-29 20:12:00,0
2026-01-29 20:12:01,0
2026-01-29 20:12:02,0
2026-01-29 20:12:03,0
2026-01-29 20:12:04,0
2026-01-29 20:12:05,0
2026-01-29 20:12:06,0
2026-01-29 20:12:07,0
2026-01-29 20:12:08,0
2026-01-29 20:12:09,0
2026-01-29 20:12:10,0
2026-01-29 20:12:11,0
2026-01-29 20:12:12,0
2026-01-29 20:12:13,0
2026-01-29 20:12:14,0
2026-01-29 20:12:15,0
2026-01-29 20:12:16,0
2026-01-29 20:12:17,0
2026-01-29 20:12:18,0
2026-01-29 20:12:19,0
2026-01-29 20:12:20,0
2026-01-29 20:12:21,0
2026-01-29 20:12:22,0
2026-01-29 20:12:23,0
2026-01-29 20:12:24,0
2026-01-29 20:12:25,0
2026-01-29 20:12:26,0
2026-01-29 20:12:27,0
2026-01-29 20:12:28,0
2026-01-29 20:12:29,0
2026-01-29 20:12:30,0
2026-01-29 20:12:31,0
2026-01-29 20:12:32,0
2026-01-29 20:12:33,0
2026-01-29 20:12:34,0
2026-01-29 20:12:35,0
2026-01-29 20:12:36,0
2026-01-29 20:12:37,0
2026-01-29 20:12:38,0
2026-01-29 20:12:39,0
2026-01-29 20:12:40,0
2026-01-29 20:12:41,0
2026-01-29 20:12:42,0
2026-01-29 20:12:43,0
2026-01-29 20:12:44,0
2026-01-29 20:12:45,0
2026-01-29 20:12:46,0
2026-01-29 20:12:47,0
2026-01-29 20:12:48,0
2026-01-29 20:12:49,0
2026-01-29 20:12:50,0
2026-01-29 20:12:51,0
2026-01-29 20:12:52,0
2026-01-29 20:12:53,0
2026-01-29 20:12:54,0
2026-01-29 20:12:55,0
2026-01-29 20:12:56,0
2026-01-29 20:12:57,0
2026-01-29 20:12:58,0
2026-01-29 20:12:59,0
2026-01-29 20:13:00,0
2026-01-29 20:13:01,0
2026-01-29 20:13:02,0
2026-01-29 20:13:03,0
2026-01-29 20:13:04,0
2026-01-29 20:13:05,0
2026-01-29 20:13:06,0
2026-01-29 20:13:07,0
2026-01-29 20:13:08,0
2026-01-29 20:13:09,0
2026-01-29 20:13:10,0
2026-01-29 20:13:11,0
2026-01-29 20:13:12,0
2026-01-29 20:13:13,0
2026-01-29 20:18:14,3.29
2026-01-29 20:18:15,3.29
2026-01-29 20:18:16,3.29
2026-01-29 20:18:17,3.29
2026-01-29 20:18:18,3.29
2026-01-29 20:18:19,5.60
2026-01-29 20:18:20,5.60
2026-01-29 20:18:21,5.60
2026-01-29 20:18:22,5.60
2026-01-29 20:18:23,5.60
2026-01-29 20:18:24,5.45
2026-01-29 20:18:25,5.45
2026-01-29 20:18:26,5.45
2026-01-29 20:18:27,5.45
2026-01-29 20:18:28,5.45
2026-01-29 20:18:29,5.23
2026-01-29 20:18:30,5.23
2026-01-29 20:18:31,5.23
2026-01-29 20:18:32,5.23
2026-01-29 20:18:33,5.23
2026-01-29 20:18:34,6.62
2026-01-29 20:18:35,6.62
2026-01-29 20:18:36,6.62
2026-01-29 20:18:37,6.62
2026-01-29 20:18:38,6.62
2026-01-29 20:18:39,8.07
2026-01-29 20:18:40,8.07
2026-01-29 20:18:41,8.07
2026-01-29 20:18:42,8.07
2026-01-29 20:18:43,8.07
2026-01-29 20:18:44,8.11
2026-01-29 20:18:45,8.11
2026-01-29 20:18:46,8.11
2026-01-29 20:18:47,8.11
2026-01-29 20:18:48,8.11
2026-01-29 20:18:49,7.88
2026-01-29 20:18:50,7.88
2026-01-29 20:18:51,7.88
2026-01-29 20:18:52,7.88
2026-01-29 20:18:53,7.88
2026-01-29 20:18:54,9.77
2026-01-29 20:18:55,9.77
2026-01-29 20:18:56,9.77
2026-01-29 20:18:57,9.77
2026-01-29 20:18:58,9.77
2026-01-29 20:18:59,8.85
2026-01-29 20:19:00,8.85
2026-01-29 20:19:01,8.85
2026-01-29 20:19:02,8.85
2026-01-29 20:19:03,8.85
2026-01-29 20:19:04,9.32
2026-01-29 20:19:05,9.32
2026-01-29 20:19:06,9.32
2026-01-29 20:19:07,9.32
2026-01-29 20:19:08,9.32
2026-01-29 20:19:09,9.24
2026-01-29 20:19:10,9.24
2026-01-29 20:19:11,9.24
2026-01-29 20:19:12,9.24
2026-01-29 20:19:13,9.24
2026-01-29 20:19:14,8.82
2026-01-29 20:19:15,8.82
2026-01-29 20:19:16,8.82
2026-01-29 20:19:17,8.82
2026-01-29 20:19:18,8.82
2026-01-29 20:19:19,8.85
2026-01-29 20:19:20,8.85
2026-01-29 20:19:21,8.85
2026-01-29 20:19:22,8.85
2026-01-29 20:19:23,8.85
2026-01-29 20:19:24,8.79
2026-01-29 20:19:25,8.79
2026-01-29 20:19:26,8.79
2026-01-29 20:19:27,8.79
2026-01-29 20:19:28,8.79
2026-01-29 20:19:29,8.76
2026-01-29 20:19:30,8.76
2026-01-29 20:19:31,8.76
2026-01-29 20:19:32,8.76
2026-01-29 20:19:33,8.76
2026-01-29 20:19:34,10.3
2026-01-29 20:19:35,10.3
2026-01-29 20:19:36,10.3
2026-01-29 20:19:37,10.3
2026-01-29 20:19:38,10.3
2026-01-29 20:19:39,10.1
2026-01-29 20:19:40,10.1
2026-01-29 20:19:41,10.1
2026-01-29 20:19:42,10.1
2026-01-29 20:19:43,10.1
2026-01-29 20:19:44,9.68
2026-01-29 20:19:45,9.68
2026-01-29 20:19:46,9.68
2026-01-29 20:19:47,9.68
2026-01-29 20:19:48,9.68
2026-01-29 20:19:49,9.80
2026-01-29 20:19:50,9.80
2026-01-29 20:19:51,9.80
2026-01-29 20:19:52,9.80
2026-01-29 20:19:53,9.80
2026-01-29 20:19:54,9.66
2026-01-29 20:19:55,9.66
2026-01-29 20:19:56,9.66
2026-01-29 20:19:57,9.66
2026-01-29 20:19:58,9.66
2026-01-29 20:19:59,9.71
2026-01-29 20:20:00,9.71
2026-01-29 20:20:01,9.71
2026-01-29 20:20:02,9.71
2026-01-29 20:20:03,9.71
2026-01-29 20:20:04,9.86
2026-01-29 20:20:05,9.86
2026-01-29 20:20:06,9.86
2026-01-29 20:20:07,9.86
2026-01-29 20:20:08,9.86
2026-01-29 20:20:09,10.3
2026-01-29 20:20:10,10.3
2026-01-29 20:20:11,10.3
2026-01-29 20:20:12,10.3
2026-01-29 20:20:13,10.3
2026-01-29 20:20:14,9.86
2026-01-29 20:20:15,9.86
2026-01-29 20:20:16,9.86
2026-01-29 20:20:17,9.86
2026-01-29 20:20:18,9.86
2026-01-29 20:20:19,9.33
2026-01-29 20:20:20,9.33
2026-01-29 20:20:21,9.33
2026-01-29 20:20:22,9.33
2026-01-29 20:20:23,9.33
2026-01-29 20:20:24,10.1
2026-01-29 20:20:25,10.1
2026-01-29 20:20:26,10.1
2026-01-29 20:20:27,10.1
2026-01-29 20:20:28,10.1
2026-01-29 20:20:29,10.3
2026-01-29 20:20:30,10.3
2026-01-29 20:20:31,10.3
2026-01-29 20:20:32,10.3
2026-01-29 20:20:33,10.3
2026-01-29 20:20:34,9.75
2026-01-29 20:20:35,9.75
2026-01-29 20:20:36,9.75
2026-01-29 20:20:37,9.75
2026-01-29 20:20:38,9.75
2026-01-29 20:20:39,9.88
2026-01-29 20:20:40,9.88
2026-01-29 20:20:41,9.88
2026-01-29 20:20:42,9.88
2026-01-29 20:20:43,9.88
2026-01-29 20:20:44,9.77
2026-01-29 20:20:45,9.77
2026-01-29 20:20:46,9.77
2026-01-29 20:20:47,9.77
2026-01-29 20:20:48,9.77
2026-01-29 20:20:49,9.75
2026-01-29 20:20:50,9.75
2026-01-29 20:20:51,9.75
2026-01-29 20:20:52,9.75
2026-01-29 20:20:53,9.75
2026-01-29 20:20:54,9.29
2026-01-29 20:20:55,9.29
2026-01-29 20:20:56,9.29
2026-01-29 20:20:57,9.29
2026-01-29 20:20:58,9.29
2026-01-29 20:20:59,8.86
2026-01-29 20:21:00,8.86
2026-01-29 20:21:01,8.86
2026-01-29 20:21:02,8.86
2026-01-29 20:21:03,8.86
2026-01-29 20:21:04,8.98
2026-01-29 20:21:05,8.98
2026-01-29 20:21:06,8.98
2026-01-29 20:21:07,8.98
2026-01-29 20:21:08,8.98
2026-01-29 20:21:09,9.24
2026-01-29 20:21:10,9.24
2026-01-29 20:21:11,9.24
2026-01-29 20:21:12,9.24
2026-01-29 20:21:13,9.24
2026-01-29 20:21:14,8.89
2026-01-29 20:21:15,8.89
2026-01-29 20:21:16,8.89
2026-01-29 20:21:17,8.89
2026-01-29 20:21:18,8.89
2026-01-29 20:21:19,8.74
2026-01-29 20:21:20,8.74
2026-01-29 20:21:21,8.74
2026-01-29 20:21:22,8.74
2026-01-29 20:21:23,8.74
2026-01-29 20:21:24,0
2026-01-29 20:21:25,0
2026-01-29 20:21:26,0
2026-01-29 20:21:27,0
2026-01-29 20:21:28,0
2026-01-29 20:21:29,0
2026-01-29 20:21:30,0
2026-01-29 20:21:31,0
2026-01-29 20:21:32,0
2026-01-29 20:21:33,0
2026-01-29 20:21:34,0
2026-01-29 20:21:35,0
2026-01-29 20:21:36,0
2026-01-29 20:21:37,0
2026-01-29 20:21:38,0
2026-01-29 20:21:39,0
2026-01-29 20:21:40,0
2026-01-29 20:21:41,0
2026-01-29 20:21:42,0
2026-01-29 20:21:43,0
2026-01-29 20:21:44,0
2026-01-29 20:21:45,0
2026-01-29 20:21:46,0
2026-01-29 20:21:47,0
2026-01-29 20:21:48,0
2026-01-29 20:21:49,0
2026-01-29 20:21:50,0
2026-01-29 20:21:51,0
2026-01-29 20:21:52,0
2026-01-29 20:21:53,0
2026-01-29 20:21:54,0
2026-01-29 20:21:55,0
2026-01-29 20:21:56,0
2026-01-29 20:21:57,0
2026-01-29 20:21:58,0
2026-01-29 20:21:59,0
2026-01-29 20:22:00,0
2026-01-29 20:22:01,0
2026-01-29 20:22:02,0
2026-01-29 20:22:03,0
2026-01-29 20:22:04,0
2026-01-29 20:22:05,0
2026-01-29 20:22:06,0
2026-01-29 20:22:07,0
2026-01-29 20:22:08,0
2026-01-29 20:22:09,0
2026-01-29 20:22:10,0
2026-01-29 20:22:11,0
2026-01-29 20:22:12,0
2026-01-29 20:22:13,0
2026-01-29 20:22:14,0
2026-01-29 20:22:15,0
2026-01-29 20:22:16,0
2026-01-29 20:22:17,0
2026-01-29 20:22:18,0
2026-01-29 20:22:19,0
2026-01-29 20:22:20,0
2026-01-29 20:22:21,0
2026-01-29 20:22:22,0
2026-01-29 20:22:23,0
2026-01-29 20:22:24,0
2026-01-29 20:22:25,0
2026-01-29 20:22:26,0
2026-01-29 20:22:27,0
2026-01-29 20:22:28,0
2026-01-29 20:22:29,0
2026-01-29 20:22:30,0
2026-01-29 20:22:31,0
2026-01-29 20:22:32,0
2026-01-29 20:22:33,0
2026-01-29 20:22:34,0
2026-01-29 20:22:35,0
2026-01-29 20:22:36,0
2026-01-29 20:22:37,0
2026-01-29 20:22:38,0
2026-01-29 20:22:39,0
2026-01-29 20:22:40,0
2026-01-29 20:22:41,0
2026-01-29 20:22:42,0
2026-01-29 20:22:43,0
2026-01-29 20:22:44,0
2026-01-29 20:22:45,0
2026-01-29 20:22:46,0
2026-01-29 20:22:47,0
2026-01-29 20:22:48,0
2026-01-29 20:22:49,0
2026-01-29 20:22:50,0
2026-01-29 20:22:51,0
2026-01-29 20:22:52,0
2026-01-29 20:22:53,0
2026-01-29 20:22:54,0
2026-01-29 20:22:55,0
2026-01-29 20:22:56,0
2026-01-29 20:22:57,0
2026-01-29 20:22:58,0
2026-01-29 20:27:54,1.30
2026-01-29 20:27:55,1.30
2026-01-29 20:27:56,1.30
2026-01-29 20:27:57,1.30
2026-01-29 20:27:58,1.30
2026-01-29 20:27:59,8.16
2026-01-29 20:28:00,8.16
2026-01-29 20:28:01,8.16
2026-01-29 20:28:02,8.16
2026-01-29 20:28:03,8.16
2026-01-29 20:28:04,9.88
2026-01-29 20:28:05,9.88
2026-01-29 20:28:06,9.88
2026-01-29 20:28:07,9.88
2026-01-29 20:28:08,9.88
2026-01-29 20:28:09,10.4
2026-01-29 20:28:10,10.4
2026-01-29 20:28:11,10.4
2026-01-29 20:28:12,10.4
2026-01-29 20:28:13,10.4
2026-01-29 20:28:14,9.65
2026-01-29 20:28:15,9.65
2026-01-29 20:28:16,9.65
2026-01-29 20:28:17,9.65
2026-01-29 20:28:18,9.65
2026-01-29 20:28:19,9.73
2026-01-29 20:28:20,9.73
2026-01-29 20:28:21,9.73
2026-01-29 20:28:22,9.73
2026-01-29 20:28:23,9.73
2026-01-29 20:28:24,9.74
2026-01-29 20:28:25,9.74
2026-01-29 20:28:26,9.74
2026-01-29 20:28:27,9.74
2026-01-29 20:28:28,9.74
2026-01-29 20:28:29,11.1
2026-01-29 20:28:30,11.1
2026-01-29 20:28:31,11.1
2026-01-29 20:28:32,11.1
2026-01-29 20:28:33,11.1
2026-01-29 20:28:34,9.71
2026-01-29 20:28:35,9.71
2026-01-29 20:28:36,9.71
2026-01-29 20:28:37,9.71
2026-01-29 20:28:38,9.71
2026-01-29 20:28:39,8.53
2026-01-29 20:28:40,8.53
2026-01-29 20:28:41,8.53
2026-01-29 20:28:42,8.53
2026-01-29 20:28:43,8.53
2026-01-29 20:28:44,9.87
2026-01-29 20:28:45,9.87
2026-01-29 20:28:46,9.87
2026-01-29 20:28:47,9.87
2026-01-29 20:28:48,9.87
2026-01-29 20:28:49,10.3
2026-01-29 20:28:50,10.3
2026-01-29 20:28:51,10.3
2026-01-29 20:28:52,10.3
2026-01-29 20:28:53,10.3
2026-01-29 20:28:54,6.28
2026-01-29 20:28:55,6.28
2026-01-29 20:28:56,6.28
2026-01-29 20:28:57,6.28
2026-01-29 20:28:58,6.28
2026-01-29 20:28:59,7.25
2026-01-29 20:29:00,7.25
2026-01-29 20:29:01,7.25
2026-01-29 20:29:02,7.25
2026-01-29 20:29:03,7.25
2026-01-29 20:29:04,6.96
2026-01-29 20:29:05,6.96
2026-01-29 20:29:06,6.96
2026-01-29 20:29:07,6.96
2026-01-29 20:29:08,6.96
2026-01-29 20:29:09,8.90
2026-01-29 20:29:10,8.90
2026-01-29 20:29:11,8.90
2026-01-29 20:29:12,8.90
2026-01-29 20:29:13,8.90
2026-01-29 20:29:14,6.45
2026-01-29 20:29:15,6.45
2026-01-29 20:29:16,6.45
2026-01-29 20:29:17,6.45
2026-01-29 20:29:18,6.45
2026-01-29 20:29:19,6.54
2026-01-29 20:29:20,6.54
2026-01-29 20:29:21,6.54
2026-01-29 20:29:22,6.54
2026-01-29 20:29:23,6.54
2026-01-29 20:29:24,6.52
2026-01-29 20:29:25,6.52
2026-01-29 20:29:26,6.52
2026-01-29 20:29:27,6.52
2026-01-29 20:29:28,6.52
2026-01-29 20:29:29,6.47
2026-01-29 20:29:30,6.47
2026-01-29 20:29:31,6.47
2026-01-29 20:29:32,6.47
2026-01-29 20:29:33,6.47
2026-01-29 20:29:34,6.53
2026-01-29 20:29:35,6.53
2026-01-29 20:29:36,6.53
2026-01-29 20:29:37,6.53
2026-01-29 20:29:38,6.53
2026-01-29 20:29:39,6.60
2026-01-29 20:29:40,6.60
2026-01-29 20:29:41,6.60
2026-01-29 20:29:42,6.60
2026-01-29 20:29:43,6.60
2026-01-29 20:29:44,6.46
2026-01-29 20:29:45,6.46
2026-01-29 20:29:46,6.46
2026-01-29 20:29:47,6.46
2026-01-29 20:29:48,6.46
2026-01-29 20:29:49,6.46
2026-01-29 20:29:50,6.46
2026-01-29 20:29:51,6.46
2026-01-29 20:29:52,6.46
2026-01-29 20:29:53,6.46
2026-01-29 20:29:54,6.48
2026-01-29 20:29:55,6.48
2026-01-29 20:29:56,6.48
2026-01-29 20:29:57,6.48
2026-01-29 20:29:58,6.48
2026-01-29 20:29:59,6.28
2026-01-29 20:30:00,6.28
2026-01-29 20:30:01,6.28
2026-01-29 20:30:02,6.28
2026-01-29 20:30:03,6.28
2026-01-29 20:30:04,6.53
2026-01-29 20:30:05,6.53
2026-01-29 20:30:06,6.53
2026-01-29 20:30:07,6.53
2026-01-29 20:30:08,6.53
2026-01-29 20:30:09,7.82
2026-01-29 20:30:10,7.82
2026-01-29 20:30:11,7.82
2026-01-29 20:30:12,7.82
2026-01-29 20:30:13,7.82
2026-01-29 20:30:14,9.16
2026-01-29 20:30:15,9.16
2026-01-29 20:30:16,9.16
2026-01-29 20:30:17,9.16
2026-01-29 20:30:18,9.16
2026-01-29 20:30:19,9.34
2026-01-29 20:30:20,9.34
2026-01-29 20:30:21,9.34
2026-01-29 20:30:22,9.34
2026-01-29 20:30:23,9.34
2026-01-29 20:30:24,8.92
2026-01-29 20:30:25,8.92
2026-01-29 20:30:26,8.92
2026-01-29 20:30:27,8.92
2026-01-29 20:30:28,8.92
2026-01-29 20:30:29,8.80
2026-01-29 20:30:30,8.80
2026-01-29 20:30:31,8.80
2026-01-29 20:30:32,8.80
2026-01-29 20:30:33,8.80
2026-01-29 20:30:34,8.87
2026-01-29 20:30:35,8.87
2026-01-29 20:30:36,8.87
2026-01-29 20:30:37,8.87
2026-01-29 20:30:38,8.87
2026-01-29 20:30:39,8.98
2026-01-29 20:30:40,8.98
2026-01-29 20:30:41,8.98
2026-01-29 20:30:42,8.98
2026-01-29 20:30:43,8.98
2026-01-29 20:30:44,8.90
2026-01-29 20:30:45,8.90
2026-01-29 20:30:46,8.90
2026-01-29 20:30:47,8.90
2026-01-29 20:30:48,8.90
2026-01-29 20:30:49,8.83
2026-01-29 20:30:50,8.83
2026-01-29 20:30:51,8.83
2026-01-29 20:30:52,8.83
2026-01-29 20:30:53,8.83
2026-01-29 20:30:54,8.87
2026-01-29 20:30:55,8.87
2026-01-29 20:30:56,8.87
2026-01-29 20:30:57,8.87
2026-01-29 20:30:58,8.87
2026-01-29 20:30:59,0
2026-01-29 20:31:00,0
2026-01-29 20:31:01,0
2026-01-29 20:31:02,0
2026-01-29 20:31:03,0
2026-01-29 20:31:04,0
2026-01-29 20:31:05,0
2026-01-29 20:31:06,0
2026-01-29 20:31:07,0
2026-01-29 20:31:08,0
2026-01-29 20:31:09,0
2026-01-29 20:31:10,0
2026-01-29 20:31:11,0
2026-01-29 20:31:12,0
2026-01-29 20:31:13,0
2026-01-29 20:31:14,0
2026-01-29 20:31:15,0
2026-01-29 20:31:16,0
2026-01-29 20:31:17,0
2026-01-29 20:31:18,0
2026-01-29 20:31:19,0
2026-01-29 20:31:20,0
2026-01-29 20:31:21,0
2026-01-29 20:31:22,0
2026-01-29 20:31:23,0
2026-01-29 20:31:24,0
2026-01-29 20:31:25,0
2026-01-29 20:31:26,0
2026-01-29 20:31:27,0
2026-01-29 20:31:28,0
2026-01-29 20:31:29,0
2026-01-29 20:31:30,0
2026-01-29 20:31:31,0
2026-01-29 20:31:32,0
2026-01-29 20:31:33,0
2026-01-29 20:31:34,0
2026-01-29 20:31:35,0
2026-01-29 20:31:36,0
2026-01-29 20:31:37,0
2026-01-29 20:31:38,0
2026-01-29 20:31:39,0
2026-01-29 20:31:40,0
2026-01-29 20:31:41,0
2026-01-29 20:31:42,0
2026-01-29 20:31:43,0
2026-01-29 20:31:44,0
2026-01-29 20:31:45,0
2026-01-29 20:31:46,0
2026-01-29 20:31:47,0
2026-01-29 20:31:48,0
2026-01-29 20:31:49,0
2026-01-29 20:31:50,0
2026-01-29 20:31:51,0
2026-01-29 20:31:52,0
2026-01-29 20:31:53,0
2026-01-29 20:31:54,0
2026-01-29 20:31:55,0
2026-01-29 20:31:56,0
2026-01-29 20:31:57,0
2026-01-29 20:31:58,0
2026-01-29 20:31:59,0
2026-01-29 20:32:00,0
2026-01-29 20:32:01,0
2026-01-29 20:32:02,0
2026-01-29 20:32:03,0
2026-01-29 20:32:04,0
2026-01-29 20:32:05,0
2026-01-29 20:32:06,0
2026-01-29 20:32:07,0
2026-01-29 20:32:08,0
2026-01-29 20:32:09,0
2026-01-29 20:32:10,0
2026-01-29 20:32:11,0
2026-01-29 20:32:12,0
2026-01-29 20:32:13,0
2026-01-29 20:32:14,0
2026-01-29 20:32:15,0
2026-01-29 20:32:16,0
2026-01-29 20:32:17,0
2026-01-29 20:32:18,0
2026-01-29 20:32:19,0
2026-01-29 20:32:20,0
2026-01-29 20:32:21,0
2026-01-29 20:32:22,0
2026-01-29 20:32:23,0
2026-01-29 20:32:24,0
2026-01-29 20:32:25,0
2026-01-29 20:32:26,0
2026-01-29 20:32:27,0
2026-01-29 20:32:28,0
2026-01-29 20:32:29,0
2026-01-29 20:32:30,0
2026-01-29 20:32:31,0
2026-01-29 20:32:32,0
2026-01-29 20:32:33,0
2026-01-29 20:37:34,1.20
2026-01-29 20:37:35,1.20
2026-01-29 20:37:36,1.20
2026-01-29 20:37:37,1.20
2026-01-29 20:37:38,1.20
2026-01-29 20:37:39,6.67
2026-01-29 20:37:40,6.67
2026-01-29 20:37:41,6.67
2026-01-29 20:37:42,6.67
2026-01-29 20:37:43,6.67
2026-01-29 20:37:44,8.06
2026-01-29 20:37:45,8.06
2026-01-29 20:37:46,8.06
2026-01-29 20:37:47,8.06
2026-01-29 20:37:48,8.06
2026-01-29 20:37:49,7.71
2026-01-29 20:37:50,7.71
2026-01-29 20:37:51,7.71
2026-01-29 20:37:52,7.71
2026-01-29 20:37:53,7.71
2026-01-29 20:37:54,7.85
2026-01-29 20:37:55,7.85
2026-01-29 20:37:56,7.85
2026-01-29 20:37:57,7.85
2026-01-29 20:37:58,7.85
2026-01-29 20:37:59,7.73
2026-01-29 20:38:00,7.73
2026-01-29 20:38:01,7.73
2026-01-29 20:38:02,7.73
2026-01-29 20:38:03,7.73
2026-01-29 20:38:04,7.77
2026-01-29 20:38:05,7.77
2026-01-29 20:38:06,7.77
2026-01-29 20:38:07,7.77
2026-01-29 20:38:08,7.77
2026-01-29 20:38:09,7.84
2026-01-29 20:38:10,7.84
2026-01-29 20:38:11,7.84
2026-01-29 20:38:12,7.84
2026-01-29 20:38:13,7.84
2026-01-29 20:38:14,8.54
2026-01-29 20:38:15,8.54
2026-01-29 20:38:16,8.54
2026-01-29 20:38:17,8.54
2026-01-29 20:38:18,8.54
2026-01-29 20:38:19,7.73
2026-01-29 20:38:20,7.73
2026-01-29 20:38:21,7.73
2026-01-29 20:38:22,7.73
2026-01-29 20:38:23,7.73
2026-01-29 20:38:24,7.77
2026-01-29 20:38:25,7.77
2026-01-29 20:38:26,7.77
2026-01-29 20:38:27,7.77
2026-01-29 20:38:28,7.77
2026-01-29 20:38:29,7.72
2026-01-29 20:38:30,7.72
2026-01-29 20:38:31,7.72
2026-01-29 20:38:32,7.72
2026-01-29 20:38:33,7.72
2026-01-29 20:38:34,8.03
2026-01-29 20:38:35,8.03
2026-01-29 20:38:36,8.03
2026-01-29 20:38:37,8.03
2026-01-29 20:38:38,8.03
2026-01-29 20:38:39,8.37
2026-01-29 20:38:40,8.37
2026-01-29 20:38:41,8.37
2026-01-29 20:38:42,8.37
2026-01-29 20:38:43,8.37
2026-01-29 20:38:44,7.82
2026-01-29 20:38:45,7.82
2026-01-29 20:38:46,7.82
2026-01-29 20:38:47,7.82
2026-01-29 20:38:48,7.82
2026-01-29 20:38:49,7.83
2026-01-29 20:38:50,7.83
2026-01-29 20:38:51,7.83
2026-01-29 20:38:52,7.83
2026-01-29 20:38:53,7.83
2026-01-29 20:38:54,7.84
2026-01-29 20:38:55,7.84
2026-01-29 20:38:56,7.84
2026-01-29 20:38:57,7.84
2026-01-29 20:38:58,7.84
2026-01-29 20:38:59,7.73
2026-01-29 20:39:00,7.73
2026-01-29 20:39:01,7.73
2026-01-29 20:39:02,7.73
2026-01-29 20:39:03,7.73
2026-01-29 20:39:04,7.82
2026-01-29 20:39:05,7.82
2026-01-29 20:39:06,7.82
2026-01-29 20:39:07,7.82
2026-01-29 20:39:08,7.82
2026-01-29 20:39:09,7.93
2026-01-29 20:39:10,7.93
2026-01-29 20:39:11,7.93
2026-01-29 20:39:12,7.93
2026-01-29 20:39:13,7.93
2026-01-29 20:39:14,8.40
2026-01-29 20:39:15,8.40
2026-01-29 20:39:16,8.40
2026-01-29 20:39:17,8.40
2026-01-29 20:39:18,8.40
2026-01-29 20:39:19,7.74
2026-01-29 20:39:20,7.74
2026-01-29 20:39:21,7.74
2026-01-29 20:39:22,7.74
2026-01-29 20:39:23,7.74
2026-01-29 20:39:24,7.87
2026-01-29 20:39:25,7.87
2026-01-29 20:39:26,7.87
2026-01-29 20:39:27,7.87
2026-01-29 20:39:28,7.87
2026-01-29 20:39:29,7.76
2026-01-29 20:39:30,7.76
2026-01-29 20:39:31,7.76
2026-01-29 20:39:32,7.76
2026-01-29 20:39:33,7.76
2026-01-29 20:39:34,7.85
2026-01-29 20:39:35,7.85
2026-01-29 20:39:36,7.85
2026-01-29 20:39:37,7.85
2026-01-29 20:39:38,7.85
2026-01-29 20:39:39,7.89
2026-01-29 20:39:40,7.89
2026-01-29 20:39:41,7.89
2026-01-29 20:39:42,7.89
2026-01-29 20:39:43,7.89
2026-01-29 20:39:44,7.80
2026-01-29 20:39:45,7.80
2026-01-29 20:39:46,7.80
2026-01-29 20:39:47,7.80
2026-01-29 20:39:48,7.80
2026-01-29 20:39:49,9.90
2026-01-29 20:39:50,9.90
2026-01-29 20:39:51,9.90
2026-01-29 20:39:52,9.90
2026-01-29 20:39:53,9.90
2026-01-29 20:39:54,8.09
2026-01-29 20:39:55,8.09
2026-01-29 20:39:56,8.09
2026-01-29 20:39:57,8.09
2026-01-29 20:39:58,8.09
2026-01-29 20:39:59,5.84
2026-01-29 20:40:00,5.84
2026-01-29 20:40:01,5.84
2026-01-29 20:40:02,5.84
2026-01-29 20:40:03,5.84
2026-01-29 20:40:04,7.92
2026-01-29 20:40:05,7.92
2026-01-29 20:40:06,7.92
2026-01-29 20:40:07,7.92
2026-01-29 20:40:08,7.92
2026-01-29 20:40:09,7.82
2026-01-29 20:40:10,7.82
2026-01-29 20:40:11,7.82
2026-01-29 20:40:12,7.82
2026-01-29 20:40:13,7.82
2026-01-29 20:40:14,8.30
2026-01-29 20:40:15,8.30
2026-01-29 20:40:16,8.30
2026-01-29 20:40:17,8.30
2026-01-29 20:40:18,8.30
2026-01-29 20:40:19,7.51
2026-01-29 20:40:20,7.51
2026-01-29 20:40:21,7.51
2026-01-29 20:40:22,7.51
2026-01-29 20:40:23,7.51
2026-01-29 20:40:24,7.66
2026-01-29 20:40:25,7.66
2026-01-29 20:40:26,7.66
2026-01-29 20:40:27,7.66
2026-01-29 20:40:28,7.66
2026-01-29 20:40:29,7.51
2026-01-29 20:40:30,7.51
2026-01-29 20:40:31,7.51
2026-01-29 20:40:32,7.51
2026-01-29 20:40:33,7.51
2026-01-29 20:40:34,7.66
2026-01-29 20:40:35,7.66
2026-01-29 20:40:36,7.66
2026-01-29 20:40:37,7.66
2026-01-29 20:40:38,7.66
2026-01-29 20:40:39,0
2026-01-29 20:40:40,0
2026-01-29 20:40:41,0
2026-01-29 20:40:42,0
2026-01-29 20:40:43,0
2026-01-29 20:40:44,0
2026-01-29 20:40:45,0
2026-01-29 20:40:46,0
2026-01-29 20:40:47,0
2026-01-29 20:40:48,0
2026-01-29 20:40:49,0
2026-01-29 20:40:50,0
2026-01-29 20:40:51,0
2026-01-29 20:40:52,0
2026-01-29 20:40:53,0
2026-01-29 20:40:54,0
2026-01-29 20:40:55,0
2026-01-29 20:40:56,0
2026-01-29 20:40:57,0
2026-01-29 20:40:58,0
2026-01-29 20:40:59,0
2026-01-29 20:41:00,0
2026-01-29 20:41:01,0
2026-01-29 20:41:02,0
2026-01-29 20:41:03,0
2026-01-29 20:41:04,0
2026-01-29 20:41:05,0
2026-01-29 20:41:06,0
2026-01-29 20:41:07,0
2026-01-29 20:41:08,0
2026-01-29 20:41:09,0
2026-01-29 20:41:10,0
2026-01-29 20:41:11,0
2026-01-29 20:41:12,0
2026-01-29 20:41:13,0
2026-01-29 20:41:14,0
2026-01-29 20:41:15,0
2026-01-29 20:41:16,0
2026-01-29 20:41:17,0
2026-01-29 20:41:18,0
2026-01-29 20:41:19,0
2026-01-29 20:41:20,0
2026-01-29 20:41:21,0
2026-01-29 20:41:22,0
2026-01-29 20:41:23,0
2026-01-29 20:41:24,0
2026-01-29 20:41:25,0
2026-01-29 20:41:26,0
2026-01-29 20:41:27,0
2026-01-29 20:41:28,0
2026-01-29 20:41:29,0
2026-01-29 20:41:30,0
2026-01-29 20:41:31,0
2026-01-29 20:41:32,0
2026-01-29 20:41:33,0
2026-01-29 20:41:34,0
2026-01-29 20:41:35,0
2026-01-29 20:41:36,0
2026-01-29 20:41:37,0
2026-01-29 20:41:38,0
2026-01-29 20:41:39,0
2026-01-29 20:41:40,0
2026-01-29 20:41:41,0
2026-01-29 20:41:42,0
2026-01-29 20:41:43,0
2026-01-29 20:41:44,0
2026-01-29 20:41:45,0
2026-01-29 20:41:46,0
2026-01-29 20:41:47,0
2026-01-29 20:41:48,0
2026-01-29 20:41:49,0
2026-01-29 20:41:50,0
2026-01-29 20:41:51,0
2026-01-29 20:41:52,0
2026-01-29 20:41:53,0
2026-01-29 20:41:54,0
2026-01-29 20:41:55,0
2026-01-29 20:41:56,0
2026-01-29 20:41:57,0
2026-01-29 20:41:58,0
2026-01-29 20:41:59,0
2026-01-29 20:42:00,0
2026-01-29 20:42:01,0
2026-01-29 20:42:02,0
2026-01-29 20:42:03,0
2026-01-29 20:42:04,0
2026-01-29 20:42:05,0
2026-01-29 20:42:06,0
2026-01-29 20:42:07,0
2026-01-29 20:42:08,0
2026-01-29 20:42:09,0
2026-01-29 20:42:10,0
2026-01-29 20:42:11,0
2026-01-29 20:42:12,0
2026-01-29 20:42:13,0
2026-01-29 20:47:09,2.61
2026-01-29 20:47:10,2.61
2026-01-29 20:47:11,2.61
2026-01-29 20:47:12,2.61
2026-01-29 20:47:13,2.61
2026-01-29 20:47:14,8.27
2026-01-29 20:47:15,8.27
2026-01-29 20:47:16,8.27
2026-01-29 20:47:17,8.27
2026-01-29 20:47:18,8.27
2026-01-29 20:47:19,8.18
2026-01-29 20:47:20,8.18
2026-01-29 20:47:21,8.18
2026-01-29 20:47:22,8.18
2026-01-29 20:47:23,8.18
2026-01-29 20:47:24,8.11
2026-01-29 20:47:25,8.11
2026-01-29 20:47:26,8.11
2026-01-29 20:47:27,8.11
2026-01-29 20:47:28,8.11
2026-01-29 20:47:29,7.71
2026-01-29 20:47:30,7.71
2026-01-29 20:47:31,7.71
2026-01-29 20:47:32,7.71
2026-01-29 20:47:33,7.71
2026-01-29 20:47:34,7.72
2026-01-29 20:47:35,7.72
2026-01-29 20:47:36,7.72
2026-01-29 20:47:37,7.72
2026-01-29 20:47:38,7.72
2026-01-29 20:47:39,7.81
2026-01-29 20:47:40,7.81
2026-01-29 20:47:41,7.81
2026-01-29 20:47:42,7.81
2026-01-29 20:47:43,7.81
2026-01-29 20:47:44,7.78
2026-01-29 20:47:45,7.78
2026-01-29 20:47:46,7.78
2026-01-29 20:47:47,7.78
2026-01-29 20:47:48,7.78
2026-01-29 20:47:49,7.72
2026-01-29 20:47:50,7.72
2026-01-29 20:47:51,7.72
2026-01-29 20:47:52,7.72
2026-01-29 20:47:53,7.72
2026-01-29 20:47:54,7.82
2026-01-29 20:47:55,7.82
2026-01-29 20:47:56,7.82
2026-01-29 20:47:57,7.82
2026-01-29 20:47:58,7.82
2026-01-29 20:47:59,7.75
2026-01-29 20:48:00,7.75
2026-01-29 20:48:01,7.75
2026-01-29 20:48:02,7.75
2026-01-29 20:48:03,7.75
2026-01-29 20:48:04,7.78
2026-01-29 20:48:05,7.78
2026-01-29 20:48:06,7.78
2026-01-29 20:48:07,7.78
2026-01-29 20:48:08,7.78
2026-01-29 20:48:09,7.79
2026-01-29 20:48:10,7.79
2026-01-29 20:48:11,7.79
2026-01-29 20:48:12,7.79
2026-01-29 20:48:13,7.79
2026-01-29 20:48:14,7.91
2026-01-29 20:48:15,7.91
2026-01-29 20:48:16,7.91
2026-01-29 20:48:17,7.91
2026-01-29 20:48:18,7.91
2026-01-29 20:48:19,8.00
2026-01-29 20:48:20,8.00
2026-01-29 20:48:21,8.00
2026-01-29 20:48:22,8.00
2026-01-29 20:48:23,8.00
2026-01-29 20:48:24,7.80
2026-01-29 20:48:25,7.80
2026-01-29 20:48:26,7.80
2026-01-29 20:48:27,7.80
2026-01-29 20:48:28,7.80
2026-01-29 20:48:29,7.77
2026-01-29 20:48:30,7.77
2026-01-29 20:48:31,7.77
2026-01-29 20:48:32,7.77
2026-01-29 20:48:33,7.77
2026-01-29 20:48:34,7.85
2026-01-29 20:48:35,7.85
2026-01-29 20:48:36,7.85
2026-01-29 20:48:37,7.85
2026-01-29 20:48:38,7.85
2026-01-29 20:48:39,7.79
2026-01-29 20:48:40,7.79
2026-01-29 20:48:41,7.79
2026-01-29 20:48:42,7.79
2026-01-29 20:48:43,7.79
2026-01-29 20:48:44,7.79
2026-01-29 20:48:45,7.79
2026-01-29 20:48:46,7.79
2026-01-29 20:48:47,7.79
2026-01-29 20:48:48,7.79
2026-01-29 20:48:49,7.67
2026-01-29 20:48:50,7.67
2026-01-29 20:48:51,7.67
2026-01-29 20:48:52,7.67
2026-01-29 20:48:53,7.67
2026-01-29 20:48:54,7.84
2026-01-29 20:48:55,7.84
2026-01-29 20:48:56,7.84
2026-01-29 20:48:57,7.84
2026-01-29 20:48:58,7.84
2026-01-29 20:48:59,7.71
2026-01-29 20:49:00,7.71
2026-01-29 20:49:01,7.71
2026-01-29 20:49:02,7.71
2026-01-29 20:49:03,7.71
2026-01-29 20:49:04,7.80
2026-01-29 20:49:05,7.80
2026-01-29 20:49:06,7.80
2026-01-29 20:49:07,7.80
2026-01-29 20:49:08,7.80
2026-01-29 20:49:09,7.99
2026-01-29 20:49:10,7.99
2026-01-29 20:49:11,7.99
2026-01-29 20:49:12,7.99
2026-01-29 20:49:13,7.99
2026-01-29 20:49:14,7.93
2026-01-29 20:49:15,7.93
2026-01-29 20:49:16,7.93
2026-01-29 20:49:17,7.93
2026-01-29 20:49:18,7.93
2026-01-29 20:49:19,8.06
2026-01-29 20:49:20,8.06
2026-01-29 20:49:21,8.06
2026-01-29 20:49:22,8.06
2026-01-29 20:49:23,8.06
2026-01-29 20:49:24,7.84
2026-01-29 20:49:25,7.84
2026-01-29 20:49:26,7.84
2026-01-29 20:49:27,7.84
2026-01-29 20:49:28,7.84
2026-01-29 20:49:29,7.73
2026-01-29 20:49:30,7.73
2026-01-29 20:49:31,7.73
2026-01-29 20:49:32,7.73
2026-01-29 20:49:33,7.73
2026-01-29 20:49:34,7.74
2026-01-29 20:49:35,7.74
2026-01-29 20:49:36,7.74
2026-01-29 20:49:37,7.74
2026-01-29 20:49:38,7.74
2026-01-29 20:49:39,7.70
2026-01-29 20:49:40,7.70
2026-01-29 20:49:41,7.70
2026-01-29 20:49:42,7.70
2026-01-29 20:49:43,7.70
2026-01-29 20:49:44,6.63
2026-01-29 20:49:45,6.63
2026-01-29 20:49:46,6.63
2026-01-29 20:49:47,6.63
2026-01-29 20:49:48,6.63
2026-01-29 20:49:49,9.26
2026-01-29 20:49:50,9.26
2026-01-29 20:49:51,9.26
2026-01-29 20:49:52,9.26
2026-01-29 20:49:53,9.26
2026-01-29 20:49:54,9.59
2026-01-29 20:49:55,9.59
2026-01-29 20:49:56,9.59
2026-01-29 20:49:57,9.59
2026-01-29 20:49:58,9.59
2026-01-29 20:49:59,11.3
2026-01-29 20:50:00,11.3
2026-01-29 20:50:01,11.3
2026-01-29 20:50:02,11.3
2026-01-29 20:50:03,11.3
2026-01-29 20:50:04,9.29
2026-01-29 20:50:05,9.29
2026-01-29 20:50:06,9.29
2026-01-29 20:50:07,9.29
2026-01-29 20:50:08,9.29
2026-01-29 20:50:09,8.88
2026-01-29 20:50:10,8.88
2026-01-29 20:50:11,8.88
2026-01-29 20:50:12,8.88
2026-01-29 20:50:13,8.88
2026-01-29 20:50:14,0
2026-01-29 20:50:15,0
2026-01-29 20:50:16,0
2026-01-29 20:50:17,0
2026-01-29 20:50:18,0
2026-01-29 20:50:19,0
2026-01-29 20:50:20,0
2026-01-29 20:50:21,0
2026-01-29 20:50:22,0
2026-01-29 20:50:23,0
2026-01-29 20:50:24,0
2026-01-29 20:50:25,0
2026-01-29 20:50:26,0
2026-01-29 20:50:27,0
2026-01-29 20:50:28,0
2026-01-29 20:50:29,0
2026-01-29 20:50:30,0
2026-01-29 20:50:31,0
2026-01-29 20:50:32,0
2026-01-29 20:50:33,0
2026-01-29 20:50:34,0
2026-01-29 20:50:35,0
2026-01-29 20:50:36,0
2026-01-29 20:50:37,0
2026-01-29 20:50:38,0
2026-01-29 20:50:39,0
2026-01-29 20:50:40,0
2026-01-29 20:50:41,0
2026-01-29 20:50:42,0
2026-01-29 20:50:43,0
2026-01-29 20:50:44,0
2026-01-29 20:50:45,0
2026-01-29 20:50:46,0
2026-01-29 20:50:47,0
2026-01-29 20:50:48,0
2026-01-29 20:50:49,0
2026-01-29 20:50:50,0
2026-01-29 20:50:51,0
2026-01-29 20:50:52,0
2026-01-29 20:50:53,0
2026-01-29 20:50:54,0
2026-01-29 20:50:55,0
2026-01-29 20:50:56,0
2026-01-29 20:50:57,0
2026-01-29 20:50:58,0
2026-01-29 20:50:59,0
2026-01-29 20:51:00,0
2026-01-29 20:51:01,0
2026-01-29 20:51:02,0
2026-01-29 20:51:03,0
2026-01-29 20:51:04,0
2026-01-29 20:51:05,0
2026-01-29 20:51:06,0
2026-01-29 20:51:07,0
2026-01-29 20:51:08,0
2026-01-29 20:51:09,0
2026-01-29 20:51:10,0
2026-01-29 20:51:11,0
2026-01-29 20:51:12,0
2026-01-29 20:51:13,0
2026-01-29 20:51:14,0
2026-01-29 20:51:15,0
2026-01-29 20:51:16,0
2026-01-29 20:51:17,0
2026-01-29 20:51:18,0
2026-01-29 20:51:19,0
2026-01-29 20:51:20,0
2026-01-29 20:51:21,0
2026-01-29 20:51:22,0
2026-01-29 20:51:23,0
2026-01-29 20:51:24,0
2026-01-29 20:51:25,0
2026-01-29 20:51:26,0
2026-01-29 20:51:27,0
2026-01-29 20:51:28,0
2026-01-29 20:51:29,0
2026-01-29 20:51:30,0
2026-01-29 20:51:31,0
2026-01-29 20:51:32,0
2026-01-29 20:51:33,0
2026-01-29 20:51:34,0
2026-01-29 20:51:35,0
2026-01-29 20:51:36,0
2026-01-29 20:51:37,0
2026-01-29 20:51:38,0
2026-01-29 20:51:39,0
2026-01-29 20:51:40,0
2026-01-29 20:51:41,0
2026-01-29 20:51:42,0
2026-01-29 20:51:43,0
2026-01-29 20:51:44,0
2026-01-29 20:51:45,0
2026-01-29 20:51:46,0
2026-01-29 20:51:47,0
2026-01-29 20:51:48,0
2026-01-29 20:56:49,1.12
2026-01-29 20:56:50,1.12
2026-01-29 20:56:51,1.12
2026-01-29 20:56:52,1.12
2026-01-29 20:56:53,1.12
2026-01-29 20:56:54,7.93
2026-01-29 20:56:55,7.93
2026-01-29 20:56:56,7.93
2026-01-29 20:56:57,7.93
2026-01-29 20:56:58,7.93
2026-01-29 20:56:59,8.16
2026-01-29 20:57:00,8.16
2026-01-29 20:57:01,8.16
2026-01-29 20:57:02,8.16
2026-01-29 20:57:03,8.16
2026-01-29 20:57:04,6.80
2026-01-29 20:57:05,6.80
2026-01-29 20:57:06,6.80
2026-01-29 20:57:07,6.80
2026-01-29 20:57:08,6.80
2026-01-29 20:57:09,6.53
2026-01-29 20:57:10,6.53
2026-01-29 20:57:11,6.53
2026-01-29 20:57:12,6.53
2026-01-29 20:57:13,6.53
2026-01-29 20:57:14,7.90
2026-01-29 20:57:15,7.90
2026-01-29 20:57:16,7.90
2026-01-29 20:57:17,7.90
2026-01-29 20:57:18,7.90
2026-01-29 20:57:19,8.46
2026-01-29 20:57:20,8.46
2026-01-29 20:57:21,8.46
2026-01-29 20:57:22,8.46
2026-01-29 20:57:23,8.46
2026-01-29 20:57:24,8.00
2026-01-29 20:57:25,8.00
2026-01-29 20:57:26,8.00
2026-01-29 20:57:27,8.00
2026-01-29 20:57:28,8.00
2026-01-29 20:57:29,7.73
2026-01-29 20:57:30,7.73
2026-01-29 20:57:31,7.73
2026-01-29 20:57:32,7.73
2026-01-29 20:57:33,7.73
2026-01-29 20:57:34,7.72
2026-01-29 20:57:35,7.72
2026-01-29 20:57:36,7.72
2026-01-29 20:57:37,7.72
2026-01-29 20:57:38,7.72
2026-01-29 20:57:39,7.81
2026-01-29 20:57:40,7.81
2026-01-29 20:57:41,7.81
2026-01-29 20:57:42,7.81
2026-01-29 20:57:43,7.81
2026-01-29 20:57:44,7.77
2026-01-29 20:57:45,7.77
2026-01-29 20:57:46,7.77
2026-01-29 20:57:47,7.77
2026-01-29 20:57:48,7.77
2026-01-29 20:57:49,7.67
2026-01-29 20:57:50,7.67
2026-01-29 20:57:51,7.67
2026-01-29 20:57:52,7.67
2026-01-29 20:57:53,7.67
2026-01-29 20:57:54,7.84
2026-01-29 20:57:55,7.84
2026-01-29 20:57:56,7.84
2026-01-29 20:57:57,7.84
2026-01-29 20:57:58,7.84
2026-01-29 20:57:59,7.71
2026-01-29 20:58:00,7.71
2026-01-29 20:58:01,7.71
2026-01-29 20:58:02,7.71
2026-01-29 20:58:03,7.71
2026-01-29 20:58:04,7.75
2026-01-29 20:58:05,7.75
2026-01-29 20:58:06,7.75
2026-01-29 20:58:07,7.75
2026-01-29 20:58:08,7.75
2026-01-29 20:58:09,7.73
2026-01-29 20:58:10,7.73
2026-01-29 20:58:11,7.73
2026-01-29 20:58:12,7.73
2026-01-29 20:58:13,7.73
2026-01-29 20:58:14,7.86
2026-01-29 20:58:15,7.86
2026-01-29 20:58:16,7.86
2026-01-29 20:58:17,7.86
2026-01-29 20:58:18,7.86
2026-01-29 20:58:19,8.07
2026-01-29 20:58:20,8.07
2026-01-29 20:58:21,8.07
2026-01-29 20:58:22,8.07
2026-01-29 20:58:23,8.07
2026-01-29 20:58:24,7.75
2026-01-29 20:58:25,7.75
2026-01-29 20:58:26,7.75
2026-01-29 20:58:27,7.75
2026-01-29 20:58:28,7.75
2026-01-29 20:58:29,7.79
2026-01-29 20:58:30,7.79
2026-01-29 20:58:31,7.79
2026-01-29 20:58:32,7.79
2026-01-29 20:58:33,7.79
2026-01-29 20:58:34,7.79
2026-01-29 20:58:35,7.79
2026-01-29 20:58:36,7.79
2026-01-29 20:58:37,7.79
2026-01-29 20:58:38,7.79
2026-01-29 20:58:39,7.77
2026-01-29 20:58:40,7.77
2026-01-29 20:58:41,7.77
2026-01-29 20:58:42,7.77
2026-01-29 20:58:43,7.77
2026-01-29 20:58:44,7.70
2026-01-29 20:58:45,7.70
2026-01-29 20:58:46,7.70
2026-01-29 20:58:47,7.70
2026-01-29 20:58:48,7.70
2026-01-29 20:58:49,7.69
2026-01-29 20:58:50,7.69
2026-01-29 20:58:51,7.69
2026-01-29 20:58:52,7.69
2026-01-29 20:58:53,7.69
2026-01-29 20:58:54,7.78
2026-01-29 20:58:55,7.78
2026-01-29 20:58:56,7.78
2026-01-29 20:58:57,7.78
2026-01-29 20:58:58,7.78
2026-01-29 20:58:59,7.70
2026-01-29 20:59:00,7.70
2026-01-29 20:59:01,7.70
2026-01-29 20:59:02,7.70
2026-01-29 20:59:03,7.70
2026-01-29 20:59:04,7.79
2026-01-29 20:59:05,7.79
2026-01-29 20:59:06,7.79
2026-01-29 20:59:07,7.79
2026-01-29 20:59:08,7.79
2026-01-29 20:59:09,7.99
2026-01-29 20:59:10,7.99
2026-01-29 20:59:11,7.99
2026-01-29 20:59:12,7.99
2026-01-29 20:59:13,7.99
2026-01-29 20:59:14,7.88
2026-01-29 20:59:15,7.88
2026-01-29 20:59:16,7.88
2026-01-29 20:59:17,7.88
2026-01-29 20:59:18,7.88
2026-01-29 20:59:19,7.42
2026-01-29 20:59:20,7.42
2026-01-29 20:59:21,7.42
2026-01-29 20:59:22,7.42
2026-01-29 20:59:23,7.42
2026-01-29 20:59:24,9.03
2026-01-29 20:59:25,9.03
2026-01-29 20:59:26,9.03
2026-01-29 20:59:27,9.03
2026-01-29 20:59:28,9.03
2026-01-29 20:59:29,8.58
2026-01-29 20:59:30,8.58
2026-01-29 20:59:31,8.58
2026-01-29 20:59:32,8.58
2026-01-29 20:59:33,8.58
2026-01-29 20:59:34,8.55
2026-01-29 20:59:35,8.55
2026-01-29 20:59:36,8.55
2026-01-29 20:59:37,8.55
2026-01-29 20:59:38,8.55
2026-01-29 20:59:39,8.70
2026-01-29 20:59:40,8.70
2026-01-29 20:59:41,8.70
2026-01-29 20:59:42,8.70
2026-01-29 20:59:43,8.70
2026-01-29 20:59:44,9.94
2026-01-29 20:59:45,9.94
2026-01-29 20:59:46,9.94
2026-01-29 20:59:47,9.94
2026-01-29 20:59:48,9.94
2026-01-29 20:59:49,9.92
2026-01-29 20:59:50,9.92
2026-01-29 20:59:51,9.92
2026-01-29 20:59:52,9.92
2026-01-29 20:59:53,9.92
2026-01-29 20:59:54,0
2026-01-29 20:59:55,0
2026-01-29 20:59:56,0
2026-01-29 20:59:57,0
2026-01-29 20:59:58,0
2026-01-29 20:59:59,0
2026-01-29 21:00:00,0
2026-01-29 21:00:01,0
2026-01-29 21:00:02,0
2026-01-29 21:00:03,0
2026-01-29 21:00:04,0
2026-01-29 21:00:05,0
2026-01-29 21:00:06,0
2026-01-29 21:00:07,0
2026-01-29 21:00:08,0
2026-01-29 21:00:09,0
2026-01-29 21:00:10,0
2026-01-29 21:00:11,0
2026-01-29 21:00:12,0
2026-01-29 21:00:13,0
2026-01-29 21:00:14,0
2026-01-29 21:00:15,0
2026-01-29 21:00:16,0
2026-01-29 21:00:17,0
2026-01-29 21:00:18,0
2026-01-29 21:00:19,0
2026-01-29 21:00:20,0
2026-01-29 21:00:21,0
2026-01-29 21:00:22,0
2026-01-29 21:00:23,0
2026-01-29 21:00:24,0
2026-01-29 21:00:25,0
2026-01-29 21:00:26,0
2026-01-29 21:00:27,0
2026-01-29 21:00:28,0
2026-01-29 21:00:29,0
2026-01-29 21:00:30,0
2026-01-29 21:00:31,0
2026-01-29 21:00:32,0
2026-01-29 21:00:33,0
2026-01-29 21:00:34,0
2026-01-29 21:00:35,0
2026-01-29 21:00:36,0
2026-01-29 21:00:37,0
2026-01-29 21:00:38,0
2026-01-29 21:00:39,0
2026-01-29 21:00:40,0
2026-01-29 21:00:41,0
2026-01-29 21:00:42,0
2026-01-29 21:00:43,0
2026-01-29 21:00:44,0
2026-01-29 21:00:45,0
2026-01-29 21:00:46,0
2026-01-29 21:00:47,0
2026-01-29 21:00:48,0
2026-01-29 21:00:49,0
2026-01-29 21:00:50,0
2026-01-29 21:00:51,0
2026-01-29 21:00:52,0
2026-01-29 21:00:53,0
2026-01-29 21:00:54,0
2026-01-29 21:00:55,0
2026-01-29 21:00:56,0
2026-01-29 21:00:57,0
2026-01-29 21:00:58,0
2026-01-29 21:00:59,0
2026-01-29 21:01:00,0
2026-01-29 21:01:01,0
2026-01-29 21:01:02,0
2026-01-29 21:01:03,0
2026-01-29 21:01:04,0
2026-01-29 21:01:05,0
2026-01-29 21:01:06,0
2026-01-29 21:01:07,0
2026-01-29 21:01:08,0
2026-01-29 21:01:09,0
2026-01-29 21:01:10,0
2026-01-29 21:01:11,0
2026-01-29 21:01:12,0
2026-01-29 21:01:13,0
2026-01-29 21:01:14,0
2026-01-29 21:01:15,0
2026-01-29 21:01:16,0
2026-01-29 21:01:17,0
2026-01-29 21:01:18,0
2026-01-29 21:01:19,0
2026-01-29 21:01:20,0
2026-01-29 21:01:21,0
2026-01-29 21:01:22,0
2026-01-29 21:01:23,0
2026-01-29 21:01:24,0
2026-01-29 21:01:25,0
2026-01-29 21:01:26,0
2026-01-29 21:01:27,0
2026-01-29 21:01:28,0
2026-01-29 21:06:39,6.00
2026-01-29 21:06:40,6.00
2026-01-29 21:06:41,6.00
2026-01-29 21:06:42,6.00
2026-01-29 21:06:43,6.00
2026-01-29 21:06:44,8.14
2026-01-29 21:06:45,8.14
2026-01-29 21:06:46,8.14
2026-01-29 21:06:47,8.14
2026-01-29 21:06:48,8.14
2026-01-29 21:06:49,7.75
2026-01-29 21:06:50,7.75
2026-01-29 21:06:51,7.75
2026-01-29 21:06:52,7.75
2026-01-29 21:06:53,7.75
2026-01-29 21:06:54,7.80
2026-01-29 21:06:55,7.80
2026-01-29 21:06:56,7.80
2026-01-29 21:06:57,7.80
2026-01-29 21:06:58,7.80
2026-01-29 21:06:59,7.75
2026-01-29 21:07:00,7.75
2026-01-29 21:07:01,7.75
2026-01-29 21:07:02,7.75
2026-01-29 21:07:03,7.75
2026-01-29 21:07:04,7.77
2026-01-29 21:07:05,7.77
2026-01-29 21:07:06,7.77
2026-01-29 21:07:07,7.77
2026-01-29 21:07:08,7.77
2026-01-29 21:07:09,8.03
2026-01-29 21:07:10,8.03
2026-01-29 21:07:11,8.03
2026-01-29 21:07:12,8.03
2026-01-29 21:07:13,8.03
2026-01-29 21:07:14,7.82
2026-01-29 21:07:15,7.82
2026-01-29 21:07:16,7.82
2026-01-29 21:07:17,7.82
2026-01-29 21:07:18,7.82
2026-01-29 21:07:19,7.37
2026-01-29 21:07:20,7.37
2026-01-29 21:07:21,7.37
2026-01-29 21:07:22,7.37
2026-01-29 21:07:23,7.37
2026-01-29 21:07:24,8.90
2026-01-29 21:07:25,8.90
2026-01-29 21:07:26,8.90
2026-01-29 21:07:27,8.90
2026-01-29 21:07:28,8.90
2026-01-29 21:07:29,8.82
2026-01-29 21:07:30,8.82
2026-01-29 21:07:31,8.82
2026-01-29 21:07:32,8.82
2026-01-29 21:07:33,8.82
2026-01-29 21:07:34,8.73
2026-01-29 21:07:35,8.73
2026-01-29 21:07:36,8.73
2026-01-29 21:07:37,8.73
2026-01-29 21:07:38,8.73
2026-01-29 21:07:39,8.79
2026-01-29 21:07:40,8.79
2026-01-29 21:07:41,8.79
2026-01-29 21:07:42,8.79
2026-01-29 21:07:43,8.79
2026-01-29 21:07:44,8.69
2026-01-29 21:07:45,8.69
2026-01-29 21:07:46,8.69
2026-01-29 21:07:47,8.69
2026-01-29 21:07:48,8.69
2026-01-29 21:07:49,8.61
2026-01-29 21:07:50,8.61
2026-01-29 21:07:51,8.61
2026-01-29 21:07:52,8.61
2026-01-29 21:07:53,8.61
2026-01-29 21:07:54,8.68
2026-01-29 21:07:55,8.68
2026-01-29 21:07:56,8.68
2026-01-29 21:07:57,8.68
2026-01-29 21:07:58,8.68
2026-01-29 21:07:59,8.63
2026-01-29 21:08:00,8.63
2026-01-29 21:08:01,8.63
2026-01-29 21:08:02,8.63
2026-01-29 21:08:03,8.63
2026-01-29 21:08:04,8.69
2026-01-29 21:08:05,8.69
2026-01-29 21:08:06,8.69
2026-01-29 21:08:07,8.69
2026-01-29 21:08:08,8.69
2026-01-29 21:08:09,8.71
2026-01-29 21:08:10,8.71
2026-01-29 21:08:11,8.71
2026-01-29 21:08:12,8.71
2026-01-29 21:08:13,8.71
2026-01-29 21:08:14,8.74
2026-01-29 21:08:15,8.74
2026-01-29 21:08:16,8.74
2026-01-29 21:08:17,8.74
2026-01-29 21:08:18,8.74
2026-01-29 21:08:19,8.76
2026-01-29 21:08:20,8.76
2026-01-29 21:08:21,8.76
2026-01-29 21:08:22,8.76
2026-01-29 21:08:23,8.76
2026-01-29 21:08:24,8.82
2026-01-29 21:08:25,8.82
2026-01-29 21:08:26,8.82
2026-01-29 21:08:27,8.82
2026-01-29 21:08:28,8.82
2026-01-29 21:08:29,8.65
2026-01-29 21:08:30,8.65
2026-01-29 21:08:31,8.65
2026-01-29 21:08:32,8.65
2026-01-29 21:08:33,8.65
2026-01-29 21:08:34,8.66
2026-01-29 21:08:35,8.66
2026-01-29 21:08:36,8.66
2026-01-29 21:08:37,8.66
2026-01-29 21:08:38,8.66
2026-01-29 21:08:39,10.2
2026-01-29 21:08:40,10.2
2026-01-29 21:08:41,10.2
2026-01-29 21:08:42,10.2
2026-01-29 21:08:43,10.2
2026-01-29 21:08:44,8.75
2026-01-29 21:08:45,8.75
2026-01-29 21:08:46,8.75
2026-01-29 21:08:47,8.75
2026-01-29 21:08:48,8.75
2026-01-29 21:08:49,8.07
2026-01-29 21:08:50,8.07
2026-01-29 21:08:51,8.07
2026-01-29 21:08:52,8.07
2026-01-29 21:08:53,8.07
2026-01-29 21:08:54,8.22
2026-01-29 21:08:55,8.22
2026-01-29 21:08:56,8.22
2026-01-29 21:08:57,8.22
2026-01-29 21:08:58,8.22
2026-01-29 21:08:59,7.47
2026-01-29 21:09:00,7.47
2026-01-29 21:09:01,7.47
2026-01-29 21:09:02,7.47
2026-01-29 21:09:03,7.47
2026-01-29 21:09:04,9.06
2026-01-29 21:09:05,9.06
2026-01-29 21:09:06,9.06
2026-01-29 21:09:07,9.06
2026-01-29 21:09:08,9.06
2026-01-29 21:09:09,9.21
2026-01-29 21:09:10,9.21
2026-01-29 21:09:11,9.21
2026-01-29 21:09:12,9.21
2026-01-29 21:09:13,9.21
2026-01-29 21:09:14,9.00
2026-01-29 21:09:15,9.00
2026-01-29 21:09:16,9.00
2026-01-29 21:09:17,9.00
2026-01-29 21:09:18,9.00
2026-01-29 21:09:19,8.97
2026-01-29 21:09:20,8.97
2026-01-29 21:09:21,8.97
2026-01-29 21:09:22,8.97
2026-01-29 21:09:23,8.97
2026-01-29 21:09:24,9.02
2026-01-29 21:09:25,9.02
2026-01-29 21:09:26,9.02
2026-01-29 21:09:27,9.02
2026-01-29 21:09:28,9.02
2026-01-29 21:09:29,8.67
2026-01-29 21:09:30,8.67
2026-01-29 21:09:31,8.67
2026-01-29 21:09:32,8.67
2026-01-29 21:09:33,8.67
2026-01-29 21:09:34,9.92
2026-01-29 21:09:35,9.92
2026-01-29 21:09:36,9.92
2026-01-29 21:09:37,9.92
2026-01-29 21:09:38,9.92
2026-01-29 21:09:39,10.3
2026-01-29 21:09:40,10.3
2026-01-29 21:09:41,10.3
2026-01-29 21:09:42,10.3
2026-01-29 21:09:43,10.3
2026-01-29 21:09:44,0
2026-01-29 21:09:45,0
2026-01-29 21:09:46,0
2026-01-29 21:09:47,0
2026-01-29 21:09:48,0
2026-01-29 21:09:49,0
2026-01-29 21:09:50,0
2026-01-29 21:09:51,0
2026-01-29 21:09:52,0
2026-01-29 21:09:53,0
2026-01-29 21:09:54,0
2026-01-29 21:09:55,0
2026-01-29 21:09:56,0
2026-01-29 21:09:57,0
2026-01-29 21:09:58,0
2026-01-29 21:09:59,0
2026-01-29 21:10:00,0
2026-01-29 21:10:01,0
2026-01-29 21:10:02,0
2026-01-29 21:10:03,0
2026-01-29 21:10:04,0
2026-01-29 21:10:05,0
2026-01-29 21:10:06,0
2026-01-29 21:10:07,0
2026-01-29 21:10:08,0
2026-01-29 21:10:09,0
2026-01-29 21:10:10,0
2026-01-29 21:10:11,0
2026-01-29 21:10:12,0
2026-01-29 21:10:13,0
2026-01-29 21:10:14,0
2026-01-29 21:10:15,0
2026-01-29 21:10:16,0
2026-01-29 21:10:17,0
2026-01-29 21:10:18,0
2026-01-29 21:10:19,0
2026-01-29 21:10:20,0
2026-01-29 21:10:21,0
2026-01-29 21:10:22,0
2026-01-29 21:10:23,0
2026-01-29 21:10:24,0
2026-01-29 21:10:25,0
2026-01-29 21:10:26,0
2026-01-29 21:10:27,0
2026-01-29 21:10:28,0
2026-01-29 21:10:29,0
2026-01-29 21:10:30,0
2026-01-29 21:10:31,0
2026-01-29 21:10:32,0
2026-01-29 21:10:33,0
2026-01-29 21:10:34,0
2026-01-29 21:10:35,0
2026-01-29 21:10:36,0
2026-01-29 21:10:37,0
2026-01-29 21:10:38,0
2026-01-29 21:10:39,0
2026-01-29 21:10:40,0
2026-01-29 21:10:41,0
2026-01-29 21:10:42,0
2026-01-29 21:10:43,0
2026-01-29 21:10:44,0
2026-01-29 21:10:45,0
2026-01-29 21:10:46,0
2026-01-29 21:10:47,0
2026-01-29 21:10:48,0
2026-01-29 21:10:49,0
2026-01-29 21:10:50,0
2026-01-29 21:10:51,0
2026-01-29 21:10:52,0
2026-01-29 21:10:53,0
2026-01-29 21:10:54,0
2026-01-29 21:10:55,0
2026-01-29 21:10:56,0
2026-01-29 21:10:57,0
2026-01-29 21:10:58,0
2026-01-29 21:10:59,0
2026-01-29 21:11:00,0
2026-01-29 21:11:01,0
2026-01-29 21:11:02,0
2026-01-29 21:11:03,0
2026-01-29 21:11:04,0
2026-01-29 21:11:05,0
2026-01-29 21:11:06,0
2026-01-29 21:11:07,0
2026-01-29 21:11:08,0
2026-01-29 21:11:09,0
2026-01-29 21:11:10,0
2026-01-29 21:11:11,0
2026-01-29 21:11:12,0
2026-01-29 21:11:13,0
2026-01-29 21:11:14,0
2026-01-29 21:11:15,0
2026-01-29 21:11:16,0
2026-01-29 21:11:17,0
2026-01-29 21:11:18,0
2026-01-29 21:16:24,7.13
2026-01-29 21:16:25,7.13
2026-01-29 21:16:26,7.13
2026-01-29 21:16:27,7.13
2026-01-29 21:16:28,7.13
2026-01-29 21:16:29,8.73
2026-01-29 21:16:30,8.73
2026-01-29 21:16:31,8.73
2026-01-29 21:16:32,8.73
2026-01-29 21:16:33,8.73
2026-01-29 21:16:34,10.4
2026-01-29 21:16:35,10.4
2026-01-29 21:16:36,10.4
2026-01-29 21:16:37,10.4
2026-01-29 21:16:38,10.4
2026-01-29 21:16:39,8.63
2026-01-29 21:16:40,8.63
2026-01-29 21:16:41,8.63
2026-01-29 21:16:42,8.63
2026-01-29 21:16:43,8.63
2026-01-29 21:16:44,7.72
2026-01-29 21:16:45,7.72
2026-01-29 21:16:46,7.72
2026-01-29 21:16:47,7.72
2026-01-29 21:16:48,7.72
2026-01-29 21:16:49,7.76
2026-01-29 21:16:50,7.76
2026-01-29 21:16:51,7.76
2026-01-29 21:16:52,7.76
2026-01-29 21:16:53,7.76
2026-01-29 21:16:54,7.79
2026-01-29 21:16:55,7.79
2026-01-29 21:16:56,7.79
2026-01-29 21:16:57,7.79
2026-01-29 21:16:58,7.79
2026-01-29 21:16:59,7.72
2026-01-29 21:17:00,7.72
2026-01-29 21:17:01,7.72
2026-01-29 21:17:02,7.72
2026-01-29 21:17:03,7.72
2026-01-29 21:17:04,7.75
2026-01-29 21:17:05,7.75
2026-01-29 21:17:06,7.75
2026-01-29 21:17:07,7.75
2026-01-29 21:17:08,7.75
2026-01-29 21:17:09,7.77
2026-01-29 21:17:10,7.77
2026-01-29 21:17:11,7.77
2026-01-29 21:17:12,7.77
2026-01-29 21:17:13,7.77
2026-01-29 21:17:14,7.77
2026-01-29 21:17:15,7.77
2026-01-29 21:17:16,7.77
2026-01-29 21:17:17,7.77
2026-01-29 21:17:18,7.77
2026-01-29 21:17:19,7.82
2026-01-29 21:17:20,7.82
2026-01-29 21:17:21,7.82
2026-01-29 21:17:22,7.82
2026-01-29 21:17:23,7.82
2026-01-29 21:17:24,7.47
2026-01-29 21:17:25,7.47
2026-01-29 21:17:26,7.47
2026-01-29 21:17:27,7.47
2026-01-29 21:17:28,7.47
2026-01-29 21:17:29,7.29
2026-01-29 21:17:30,7.29
2026-01-29 21:17:31,7.29
2026-01-29 21:17:32,7.29
2026-01-29 21:17:33,7.29
2026-01-29 21:17:34,9.34
2026-01-29 21:17:35,9.34
2026-01-29 21:17:36,9.34
2026-01-29 21:17:37,9.34
2026-01-29 21:17:38,9.34
2026-01-29 21:17:39,9.79
2026-01-29 21:17:40,9.79
2026-01-29 21:17:41,9.79
2026-01-29 21:17:42,9.79
2026-01-29 21:17:43,9.79
2026-01-29 21:17:44,10.7
2026-01-29 21:17:45,10.7
2026-01-29 21:17:46,10.7
2026-01-29 21:17:47,10.7
2026-01-29 21:17:48,10.7
2026-01-29 21:17:49,8.85
2026-01-29 21:17:50,8.85
2026-01-29 21:17:51,8.85
2026-01-29 21:17:52,8.85
2026-01-29 21:17:53,8.85
2026-01-29 21:17:54,8.84
2026-01-29 21:17:55,8.84
2026-01-29 21:17:56,8.84
2026-01-29 21:17:57,8.84
2026-01-29 21:17:58,8.84
2026-01-29 21:17:59,8.81
2026-01-29 21:18:00,8.81
2026-01-29 21:18:01,8.81
2026-01-29 21:18:02,8.81
2026-01-29 21:18:03,8.81
2026-01-29 21:18:04,8.86
2026-01-29 21:18:05,8.86
2026-01-29 21:18:06,8.86
2026-01-29 21:18:07,8.86
2026-01-29 21:18:08,8.86
2026-01-29 21:18:09,8.97
2026-01-29 21:18:10,8.97
2026-01-29 21:18:11,8.97
2026-01-29 21:18:12,8.97
2026-01-29 21:18:13,8.97
2026-01-29 21:18:14,8.76
2026-01-29 21:18:15,8.76
2026-01-29 21:18:16,8.76
2026-01-29 21:18:17,8.76
2026-01-29 21:18:18,8.76
2026-01-29 21:18:19,8.90
2026-01-29 21:18:20,8.90
2026-01-29 21:18:21,8.90
2026-01-29 21:18:22,8.90
2026-01-29 21:18:23,8.90
2026-01-29 21:18:24,9.03
2026-01-29 21:18:25,9.03
2026-01-29 21:18:26,9.03
2026-01-29 21:18:27,9.03
2026-01-29 21:18:28,9.03
2026-01-29 21:18:29,9.63
2026-01-29 21:18:30,9.63
2026-01-29 21:18:31,9.63
2026-01-29 21:18:32,9.63
2026-01-29 21:18:33,9.63
2026-01-29 21:18:34,8.03
2026-01-29 21:18:35,8.03
2026-01-29 21:18:36,8.03
2026-01-29 21:18:37,8.03
2026-01-29 21:18:38,8.03
2026-01-29 21:18:39,7.77
2026-01-29 21:18:40,7.77
2026-01-29 21:18:41,7.77
2026-01-29 21:18:42,7.77
2026-01-29 21:18:43,7.77
2026-01-29 21:18:44,7.78
2026-01-29 21:18:45,7.78
2026-01-29 21:18:46,7.78
2026-01-29 21:18:47,7.78
2026-01-29 21:18:48,7.78
2026-01-29 21:18:49,7.74
2026-01-29 21:18:50,7.74
2026-01-29 21:18:51,7.74
2026-01-29 21:18:52,7.74
2026-01-29 21:18:53,7.74
2026-01-29 21:18:54,7.82
2026-01-29 21:18:55,7.82
2026-01-29 21:18:56,7.82
2026-01-29 21:18:57,7.82
2026-01-29 21:18:58,7.82
2026-01-29 21:18:59,7.78
2026-01-29 21:19:00,7.78
2026-01-29 21:19:01,7.78
2026-01-29 21:19:02,7.78
2026-01-29 21:19:03,7.78
2026-01-29 21:19:04,7.90
2026-01-29 21:19:05,7.90
2026-01-29 21:19:06,7.90
2026-01-29 21:19:07,7.90
2026-01-29 21:19:08,7.90
2026-01-29 21:19:09,10.1
2026-01-29 21:19:10,10.1
2026-01-29 21:19:11,10.1
2026-01-29 21:19:12,10.1
2026-01-29 21:19:13,10.1
2026-01-29 21:19:14,8.21
2026-01-29 21:19:15,8.21
2026-01-29 21:19:16,8.21
2026-01-29 21:19:17,8.21
2026-01-29 21:19:18,8.21
2026-01-29 21:19:19,8.50
2026-01-29 21:19:20,8.50
2026-01-29 21:19:21,8.50
2026-01-29 21:19:22,8.50
2026-01-29 21:19:23,8.50
2026-01-29 21:19:24,0
2026-01-29 21:19:25,0
2026-01-29 21:19:26,0
2026-01-29 21:19:27,0
2026-01-29 21:19:28,0
2026-01-29 21:19:29,0
2026-01-29 21:19:30,0
2026-01-29 21:19:31,0
2026-01-29 21:19:32,0
2026-01-29 21:19:33,0
2026-01-29 21:19:34,0
2026-01-29 21:19:35,0
2026-01-29 21:19:36,0
2026-01-29 21:19:37,0
2026-01-29 21:19:38,0
2026-01-29 21:19:39,0
2026-01-29 21:19:40,0
2026-01-29 21:19:41,0
2026-01-29 21:19:42,0
2026-01-29 21:19:43,0
2026-01-29 21:19:44,0
2026-01-29 21:19:45,0
2026-01-29 21:19:46,0
2026-01-29 21:19:47,0
2026-01-29 21:19:48,0
2026-01-29 21:19:49,0
2026-01-29 21:19:50,0
2026-01-29 21:19:51,0
2026-01-29 21:19:52,0
2026-01-29 21:19:53,0
2026-01-29 21:19:54,0
2026-01-29 21:19:55,0
2026-01-29 21:19:56,0
2026-01-29 21:19:57,0
2026-01-29 21:19:58,0
2026-01-29 21:19:59,0
2026-01-29 21:20:00,0
2026-01-29 21:20:01,0
2026-01-29 21:20:02,0
2026-01-29 21:20:03,0
2026-01-29 21:20:04,0
2026-01-29 21:20:05,0
2026-01-29 21:20:06,0
2026-01-29 21:20:07,0
2026-01-29 21:20:08,0
2026-01-29 21:20:09,0
2026-01-29 21:20:10,0
2026-01-29 21:20:11,0
2026-01-29 21:20:12,0
2026-01-29 21:20:13,0
2026-01-29 21:20:14,0
2026-01-29 21:20:15,0
2026-01-29 21:20:16,0
2026-01-29 21:20:17,0
2026-01-29 21:20:18,0
2026-01-29 21:20:19,0
2026-01-29 21:20:20,0
2026-01-29 21:20:21,0
2026-01-29 21:20:22,0
2026-01-29 21:20:23,0
2026-01-29 21:20:24,0
2026-01-29 21:20:25,0
2026-01-29 21:20:26,0
2026-01-29 21:20:27,0
2026-01-29 21:20:28,0
2026-01-29 21:20:29,0
2026-01-29 21:20:30,0
2026-01-29 21:20:31,0
2026-01-29 21:20:32,0
2026-01-29 21:20:33,0
2026-01-29 21:20:34,0
2026-01-29 21:20:35,0
2026-01-29 21:20:36,0
2026-01-29 21:20:37,0
2026-01-29 21:20:38,0
2026-01-29 21:20:39,0
2026-01-29 21:20:40,0
2026-01-29 21:20:41,0
2026-01-29 21:20:42,0
2026-01-29 21:20:43,0
2026-01-29 21:20:44,0
2026-01-29 21:20:45,0
2026-01-29 21:20:46,0
2026-01-29 21:20:47,0
2026-01-29 21:20:48,0
2026-01-29 21:20:49,0
2026-01-29 21:20:50,0
2026-01-29 21:20:51,0
2026-01-29 21:20:52,0
2026-01-29 21:20:53,0
2026-01-29 21:20:54,0
2026-01-29 21:20:55,0
2026-01-29 21:20:56,0
2026-01-29 21:20:57,0
2026-01-29 21:20:58,0
2026-01-29 21:26:09,5.82
2026-01-29 21:26:10,5.82
2026-01-29 21:26:11,5.82
2026-01-29 21:26:12,5.82
2026-01-29 21:26:13,5.82
2026-01-29 21:26:14,8.22
2026-01-29 21:26:15,8.22
2026-01-29 21:26:16,8.22
2026-01-29 21:26:17,8.22
2026-01-29 21:26:18,8.22
2026-01-29 21:26:19,8.06
2026-01-29 21:26:20,8.06
2026-01-29 21:26:21,8.06
2026-01-29 21:26:22,8.06
2026-01-29 21:26:23,8.06
2026-01-29 21:26:24,7.71
2026-01-29 21:26:25,7.71
2026-01-29 21:26:26,7.71
2026-01-29 21:26:27,7.71
2026-01-29 21:26:28,7.71
2026-01-29 21:26:29,7.66
2026-01-29 21:26:30,7.66
2026-01-29 21:26:31,7.66
2026-01-29 21:26:32,7.66
2026-01-29 21:26:33,7.66
2026-01-29 21:26:34,7.44
2026-01-29 21:26:35,7.44
2026-01-29 21:26:36,7.44
2026-01-29 21:26:37,7.44
2026-01-29 21:26:38,7.44
2026-01-29 21:26:39,7.87
2026-01-29 21:26:40,7.87
2026-01-29 21:26:41,7.87
2026-01-29 21:26:42,7.87
2026-01-29 21:26:43,7.87
2026-01-29 21:26:44,9.14
2026-01-29 21:26:45,9.14
2026-01-29 21:26:46,9.14
2026-01-29 21:26:47,9.14
2026-01-29 21:26:48,9.14
2026-01-29 21:26:49,8.78
2026-01-29 21:26:50,8.78
2026-01-29 21:26:51,8.78
2026-01-29 21:26:52,8.78
2026-01-29 21:26:53,8.78
2026-01-29 21:26:54,9.00
2026-01-29 21:26:55,9.00
2026-01-29 21:26:56,9.00
2026-01-29 21:26:57,9.00
2026-01-29 21:26:58,9.00
2026-01-29 21:26:59,8.86
2026-01-29 21:27:00,8.86
2026-01-29 21:27:01,8.86
2026-01-29 21:27:02,8.86
2026-01-29 21:27:03,8.86
2026-01-29 21:27:04,8.86
2026-01-29 21:27:05,8.86
2026-01-29 21:27:06,8.86
2026-01-29 21:27:07,8.86
2026-01-29 21:27:08,8.86
2026-01-29 21:27:09,8.95
2026-01-29 21:27:10,8.95
2026-01-29 21:27:11,8.95
2026-01-29 21:27:12,8.95
2026-01-29 21:27:13,8.95
2026-01-29 21:27:14,8.91
2026-01-29 21:27:15,8.91
2026-01-29 21:27:16,8.91
2026-01-29 21:27:17,8.91
2026-01-29 21:27:18,8.91
2026-01-29 21:27:19,8.82
2026-01-29 21:27:20,8.82
2026-01-29 21:27:21,8.82
2026-01-29 21:27:22,8.82
2026-01-29 21:27:23,8.82
2026-01-29 21:27:24,9.07
2026-01-29 21:27:25,9.07
2026-01-29 21:27:26,9.07
2026-01-29 21:27:27,9.07
2026-01-29 21:27:28,9.07
2026-01-29 21:27:29,9.15
2026-01-29 21:27:30,9.15
2026-01-29 21:27:31,9.15
2026-01-29 21:27:32,9.15
2026-01-29 21:27:33,9.15
2026-01-29 21:27:34,10.0
2026-01-29 21:27:35,10.0
2026-01-29 21:27:36,10.0
2026-01-29 21:27:37,10.0
2026-01-29 21:27:38,10.0
2026-01-29 21:27:39,8.40
2026-01-29 21:27:40,8.40
2026-01-29 21:27:41,8.40
2026-01-29 21:27:42,8.40
2026-01-29 21:27:43,8.40
2026-01-29 21:27:44,7.74
2026-01-29 21:27:45,7.74
2026-01-29 21:27:46,7.74
2026-01-29 21:27:47,7.74
2026-01-29 21:27:48,7.74
2026-01-29 21:27:49,7.72
2026-01-29 21:27:50,7.72
2026-01-29 21:27:51,7.72
2026-01-29 21:27:52,7.72
2026-01-29 21:27:53,7.72
2026-01-29 21:27:54,7.81
2026-01-29 21:27:55,7.81
2026-01-29 21:27:56,7.81
2026-01-29 21:27:57,7.81
2026-01-29 21:27:58,7.81
2026-01-29 21:27:59,7.73
2026-01-29 21:28:00,7.73
2026-01-29 21:28:01,7.73
2026-01-29 21:28:02,7.73
2026-01-29 21:28:03,7.73
2026-01-29 21:28:04,7.72
2026-01-29 21:28:05,7.72
2026-01-29 21:28:06,7.72
2026-01-29 21:28:07,7.72
2026-01-29 21:28:08,7.72
2026-01-29 21:28:09,7.85
2026-01-29 21:28:10,7.85
2026-01-29 21:28:11,7.85
2026-01-29 21:28:12,7.85
2026-01-29 21:28:13,7.85
2026-01-29 21:28:14,7.73
2026-01-29 21:28:15,7.73
2026-01-29 21:28:16,7.73
2026-01-29 21:28:17,7.73
2026-01-29 21:28:18,7.73
2026-01-29 21:28:19,7.74
2026-01-29 21:28:20,7.74
2026-01-29 21:28:21,7.74
2026-01-29 21:28:22,7.74
2026-01-29 21:28:23,7.74
2026-01-29 21:28:24,7.80
2026-01-29 21:28:25,7.80
2026-01-29 21:28:26,7.80
2026-01-29 21:28:27,7.80
2026-01-29 21:28:28,7.80
2026-01-29 21:28:29,7.89
2026-01-29 21:28:30,7.89
2026-01-29 21:28:31,7.89
2026-01-29 21:28:32,7.89
2026-01-29 21:28:33,7.89
2026-01-29 21:28:34,7.77
2026-01-29 21:28:35,7.77
2026-01-29 21:28:36,7.77
2026-01-29 21:28:37,7.77
2026-01-29 21:28:38,7.77
2026-01-29 21:28:39,7.89
2026-01-29 21:28:40,7.89
2026-01-29 21:28:41,7.89
2026-01-29 21:28:42,7.89
2026-01-29 21:28:43,7.89
2026-01-29 21:28:44,7.76
2026-01-29 21:28:45,7.76
2026-01-29 21:28:46,7.76
2026-01-29 21:28:47,7.76
2026-01-29 21:28:48,7.76
2026-01-29 21:28:49,7.75
2026-01-29 21:28:50,7.75
2026-01-29 21:28:51,7.75
2026-01-29 21:28:52,7.75
2026-01-29 21:28:53,7.75
2026-01-29 21:28:54,7.77
2026-01-29 21:28:55,7.77
2026-01-29 21:28:56,7.77
2026-01-29 21:28:57,7.77
2026-01-29 21:28:58,7.77
2026-01-29 21:28:59,7.60
2026-01-29 21:29:00,7.60
2026-01-29 21:29:01,7.60
2026-01-29 21:29:02,7.60
2026-01-29 21:29:03,7.60
2026-01-29 21:29:04,7.60
2026-01-29 21:29:05,7.60
2026-01-29 21:29:06,7.60
2026-01-29 21:29:07,7.60
2026-01-29 21:29:08,7.60
2026-01-29 21:29:09,0
2026-01-29 21:29:10,0
2026-01-29 21:29:11,0
2026-01-29 21:29:12,0
2026-01-29 21:29:13,0
2026-01-29 21:29:14,0
2026-01-29 21:29:15,0
2026-01-29 21:29:16,0
2026-01-29 21:29:17,0
2026-01-29 21:29:18,0
2026-01-29 21:29:19,0
2026-01-29 21:29:20,0
2026-01-29 21:29:21,0
2026-01-29 21:29:22,0
2026-01-29 21:29:23,0
2026-01-29 21:29:24,0
2026-01-29 21:29:25,0
2026-01-29 21:29:26,0
2026-01-29 21:29:27,0
2026-01-29 21:29:28,0
2026-01-29 21:29:29,0
2026-01-29 21:29:30,0
2026-01-29 21:29:31,0
2026-01-29 21:29:32,0
2026-01-29 21:29:33,0
2026-01-29 21:29:34,0
2026-01-29 21:29:35,0
2026-01-29 21:29:36,0
2026-01-29 21:29:37,0
2026-01-29 21:29:38,0
2026-01-29 21:29:39,0
2026-01-29 21:29:40,0
2026-01-29 21:29:41,0
2026-01-29 21:29:42,0
2026-01-29 21:29:43,0
2026-01-29 21:29:44,0
2026-01-29 21:29:45,0
2026-01-29 21:29:46,0
2026-01-29 21:29:47,0
2026-01-29 21:29:48,0
2026-01-29 21:29:49,0
2026-01-29 21:29:50,0
2026-01-29 21:29:51,0
2026-01-29 21:29:52,0
2026-01-29 21:29:53,0
2026-01-29 21:29:54,0
2026-01-29 21:29:55,0
2026-01-29 21:29:56,0
2026-01-29 21:29:57,0
2026-01-29 21:29:58,0
2026-01-29 21:29:59,0
2026-01-29 21:30:00,0
2026-01-29 21:30:01,0
2026-01-29 21:30:02,0
2026-01-29 21:30:03,0
2026-01-29 21:30:04,0
2026-01-29 21:30:05,0
2026-01-29 21:30:06,0
2026-01-29 21:30:07,0
2026-01-29 21:30:08,0
2026-01-29 21:30:09,0
2026-01-29 21:30:10,0
2026-01-29 21:30:11,0
2026-01-29 21:30:12,0
2026-01-29 21:30:13,0
2026-01-29 21:30:14,0
2026-01-29 21:30:15,0
2026-01-29 21:30:16,0
2026-01-29 21:30:17,0
2026-01-29 21:30:18,0
2026-01-29 21:30:19,0
2026-01-29 21:30:20,0
2026-01-29 21:30:21,0
2026-01-29 21:30:22,0
2026-01-29 21:30:23,0
2026-01-29 21:30:24,0
2026-01-29 21:30:25,0
2026-01-29 21:30:26,0
2026-01-29 21:30:27,0
2026-01-29 21:30:28,0
2026-01-29 21:30:29,0
2026-01-29 21:30:30,0
2026-01-29 21:30:31,0
2026-01-29 21:30:32,0
2026-01-29 21:30:33,0
2026-01-29 21:30:34,0
2026-01-29 21:30:35,0
2026-01-29 21:30:36,0
2026-01-29 21:30:37,0
2026-01-29 21:30:38,0
2026-01-29 21:30:39,0
2026-01-29 21:30:40,0
2026-01-29 21:30:41,0
2026-01-29 21:30:42,0
2026-01-29 21:30:43,0
2026-01-29 21:35:49,2.87
2026-01-29 21:35:50,2.87
2026-01-29 21:35:51,2.87
2026-01-29 21:35:52,2.87
2026-01-29 21:35:53,2.87
2026-01-29 21:35:54,7.91
2026-01-29 21:35:55,7.91
2026-01-29 21:35:56,7.91
2026-01-29 21:35:57,7.91
2026-01-29 21:35:58,7.91
2026-01-29 21:35:59,9.91
2026-01-29 21:36:00,9.91
2026-01-29 21:36:01,9.91
2026-01-29 21:36:02,9.91
2026-01-29 21:36:03,9.91
2026-01-29 21:36:04,8.25
2026-01-29 21:36:05,8.25
2026-01-29 21:36:06,8.25
2026-01-29 21:36:07,8.25
2026-01-29 21:36:08,8.25
2026-01-29 21:36:09,7.79
2026-01-29 21:36:10,7.79
2026-01-29 21:36:11,7.79
2026-01-29 21:36:12,7.79
2026-01-29 21:36:13,7.79
2026-01-29 21:36:14,7.80
2026-01-29 21:36:15,7.80
2026-01-29 21:36:16,7.80
2026-01-29 21:36:17,7.80
2026-01-29 21:36:18,7.80
2026-01-29 21:36:19,7.74
2026-01-29 21:36:20,7.74
2026-01-29 21:36:21,7.74
2026-01-29 21:36:22,7.74
2026-01-29 21:36:23,7.74
2026-01-29 21:36:24,13.3
2026-01-29 21:36:25,13.3
2026-01-29 21:36:26,13.3
2026-01-29 21:36:27,13.3
2026-01-29 21:36:28,13.3
2026-01-29 21:36:29,8.22
2026-01-29 21:36:30,8.22
2026-01-29 21:36:31,8.22
2026-01-29 21:36:32,8.22
2026-01-29 21:36:33,8.22
2026-01-29 21:36:34,5.33
2026-01-29 21:36:35,5.33
2026-01-29 21:36:36,5.33
2026-01-29 21:36:37,5.33
2026-01-29 21:36:38,5.33
2026-01-29 21:36:39,5.30
2026-01-29 21:36:40,5.30
2026-01-29 21:36:41,5.30
2026-01-29 21:36:42,5.30
2026-01-29 21:36:43,5.30
2026-01-29 21:36:44,5.30
2026-01-29 21:36:45,5.30
2026-01-29 21:36:46,5.30
2026-01-29 21:36:47,5.30
2026-01-29 21:36:48,5.30
2026-01-29 21:36:49,5.25
2026-01-29 21:36:50,5.25
2026-01-29 21:36:51,5.25
2026-01-29 21:36:52,5.25
2026-01-29 21:36:53,5.25
2026-01-29 21:36:54,5.35
2026-01-29 21:36:55,5.35
2026-01-29 21:36:56,5.35
2026-01-29 21:36:57,5.35
2026-01-29 21:36:58,5.35
2026-01-29 21:36:59,5.26
2026-01-29 21:37:00,5.26
2026-01-29 21:37:01,5.26
2026-01-29 21:37:02,5.26
2026-01-29 21:37:03,5.26
2026-01-29 21:37:04,5.30
2026-01-29 21:37:05,5.30
2026-01-29 21:37:06,5.30
2026-01-29 21:37:07,5.30
2026-01-29 21:37:08,5.30
2026-01-29 21:37:09,5.36
2026-01-29 21:37:10,5.36
2026-01-29 21:37:11,5.36
2026-01-29 21:37:12,5.36
2026-01-29 21:37:13,5.36
2026-01-29 21:37:14,5.41
2026-01-29 21:37:15,5.41
2026-01-29 21:37:16,5.41
2026-01-29 21:37:17,5.41
2026-01-29 21:37:18,5.41
2026-01-29 21:37:19,5.36
2026-01-29 21:37:20,5.36
2026-01-29 21:37:21,5.36
2026-01-29 21:37:22,5.36
2026-01-29 21:37:23,5.36
2026-01-29 21:37:24,5.35
2026-01-29 21:37:25,5.35
2026-01-29 21:37:26,5.35
2026-01-29 21:37:27,5.35
2026-01-29 21:37:28,5.35
2026-01-29 21:37:29,5.44
2026-01-29 21:37:30,5.44
2026-01-29 21:37:31,5.44
2026-01-29 21:37:32,5.44
2026-01-29 21:37:33,5.44
2026-01-29 21:37:34,5.43
2026-01-29 21:37:35,5.43
2026-01-29 21:37:36,5.43
2026-01-29 21:37:37,5.43
2026-01-29 21:37:38,5.43
2026-01-29 21:37:39,6.03
2026-01-29 21:37:40,6.03
2026-01-29 21:37:41,6.03
2026-01-29 21:37:42,6.03
2026-01-29 21:37:43,6.03
2026-01-29 21:37:44,5.92
2026-01-29 21:37:45,5.92
2026-01-29 21:37:46,5.92
2026-01-29 21:37:47,5.92
2026-01-29 21:37:48,5.92
2026-01-29 21:37:49,5.45
2026-01-29 21:37:50,5.45
2026-01-29 21:37:51,5.45
2026-01-29 21:37:52,5.45
2026-01-29 21:37:53,5.45
2026-01-29 21:37:54,4.95
2026-01-29 21:37:55,4.95
2026-01-29 21:37:56,4.95
2026-01-29 21:37:57,4.95
2026-01-29 21:37:58,4.95
2026-01-29 21:37:59,8.71
2026-01-29 21:38:00,8.71
2026-01-29 21:38:01,8.71
2026-01-29 21:38:02,8.71
2026-01-29 21:38:03,8.71
2026-01-29 21:38:04,8.08
2026-01-29 21:38:05,8.08
2026-01-29 21:38:06,8.08
2026-01-29 21:38:07,8.08
2026-01-29 21:38:08,8.08
2026-01-29 21:38:09,7.94
2026-01-29 21:38:10,7.94
2026-01-29 21:38:11,7.94
2026-01-29 21:38:12,7.94
2026-01-29 21:38:13,7.94
2026-01-29 21:38:14,8.22
2026-01-29 21:38:15,8.22
2026-01-29 21:38:16,8.22
2026-01-29 21:38:17,8.22
2026-01-29 21:38:18,8.22
2026-01-29 21:38:19,8.58
2026-01-29 21:38:20,8.58
2026-01-29 21:38:21,8.58
2026-01-29 21:38:22,8.58
2026-01-29 21:38:23,8.58
2026-01-29 21:38:24,8.64
2026-01-29 21:38:25,8.64
2026-01-29 21:38:26,8.64
2026-01-29 21:38:27,8.64
2026-01-29 21:38:28,8.64
2026-01-29 21:38:29,9.67
2026-01-29 21:38:30,9.67
2026-01-29 21:38:31,9.67
2026-01-29 21:38:32,9.67
2026-01-29 21:38:33,9.67
2026-01-29 21:38:34,7.88
2026-01-29 21:38:35,7.88
2026-01-29 21:38:36,7.88
2026-01-29 21:38:37,7.88
2026-01-29 21:38:38,7.88
2026-01-29 21:38:39,7.89
2026-01-29 21:38:40,7.89
2026-01-29 21:38:41,7.89
2026-01-29 21:38:42,7.89
2026-01-29 21:38:43,7.89
2026-01-29 21:38:44,7.87
2026-01-29 21:38:45,7.87
2026-01-29 21:38:46,7.87
2026-01-29 21:38:47,7.87
2026-01-29 21:38:48,7.87
2026-01-29 21:38:49,0
2026-01-29 21:38:50,0
2026-01-29 21:38:51,0
2026-01-29 21:38:52,0
2026-01-29 21:38:53,0
2026-01-29 21:38:54,0
2026-01-29 21:38:55,0
2026-01-29 21:38:56,0
2026-01-29 21:38:57,0
2026-01-29 21:38:58,0
2026-01-29 21:38:59,0
2026-01-29 21:39:00,0
2026-01-29 21:39:01,0
2026-01-29 21:39:02,0
2026-01-29 21:39:03,0
2026-01-29 21:39:04,0
2026-01-29 21:39:05,0
2026-01-29 21:39:06,0
2026-01-29 21:39:07,0
2026-01-29 21:39:08,0
2026-01-29 21:39:09,0
2026-01-29 21:39:10,0
2026-01-29 21:39:11,0
2026-01-29 21:39:12,0
2026-01-29 21:39:13,0
2026-01-29 21:39:14,0
2026-01-29 21:39:15,0
2026-01-29 21:39:16,0
2026-01-29 21:39:17,0
2026-01-29 21:39:18,0
2026-01-29 21:39:19,0
2026-01-29 21:39:20,0
2026-01-29 21:39:21,0
2026-01-29 21:39:22,0
2026-01-29 21:39:23,0
2026-01-29 21:39:24,0
2026-01-29 21:39:25,0
2026-01-29 21:39:26,0
2026-01-29 21:39:27,0
2026-01-29 21:39:28,0
2026-01-29 21:39:29,0
2026-01-29 21:39:30,0
2026-01-29 21:39:31,0
2026-01-29 21:39:32,0
2026-01-29 21:39:33,0
2026-01-29 21:39:34,0
2026-01-29 21:39:35,0
2026-01-29 21:39:36,0
2026-01-29 21:39:37,0
2026-01-29 21:39:38,0
2026-01-29 21:39:39,0
2026-01-29 21:39:40,0
2026-01-29 21:39:41,0
2026-01-29 21:39:42,0
2026-01-29 21:39:43,0
2026-01-29 21:39:44,0
2026-01-29 21:39:45,0
2026-01-29 21:39:46,0
2026-01-29 21:39:47,0
2026-01-29 21:39:48,0
2026-01-29 21:39:49,0
2026-01-29 21:39:50,0
2026-01-29 21:39:51,0
2026-01-29 21:39:52,0
2026-01-29 21:39:53,0
2026-01-29 21:39:54,0
2026-01-29 21:39:55,0
2026-01-29 21:39:56,0
2026-01-29 21:39:57,0
2026-01-29 21:39:58,0
2026-01-29 21:39:59,0
2026-01-29 21:40:00,0
2026-01-29 21:40:01,0
2026-01-29 21:40:02,0
2026-01-29 21:40:03,0
2026-01-29 21:40:04,0
2026-01-29 21:40:05,0
2026-01-29 21:40:06,0
2026-01-29 21:40:07,0
2026-01-29 21:40:08,0
2026-01-29 21:40:09,0
2026-01-29 21:40:10,0
2026-01-29 21:40:11,0
2026-01-29 21:40:12,0
2026-01-29 21:40:13,0
2026-01-29 21:40:14,0
2026-01-29 21:40:15,0
2026-01-29 21:40:16,0
2026-01-29 21:40:17,0
2026-01-29 21:40:18,0
2026-01-29 21:40:19,0
2026-01-29 21:40:20,0
2026-01-29 21:40:21,0
2026-01-29 21:40:22,0
2026-01-29 21:40:23,0
2026-01-29 21:45:24,8.11
2026-01-29 21:45:25,8.11
2026-01-29 21:45:26,8.11
2026-01-29 21:45:27,8.11
2026-01-29 21:45:28,8.11
2026-01-29 21:45:29,7.88
2026-01-29 21:45:30,7.88
2026-01-29 21:45:31,7.88
2026-01-29 21:45:32,7.88
2026-01-29 21:45:33,7.88
2026-01-29 21:45:34,8.01
2026-01-29 21:45:35,8.01
2026-01-29 21:45:36,8.01
2026-01-29 21:45:37,8.01
2026-01-29 21:45:38,8.01
2026-01-29 21:45:39,7.76
2026-01-29 21:45:40,7.76
2026-01-29 21:45:41,7.76
2026-01-29 21:45:42,7.76
2026-01-29 21:45:43,7.76
2026-01-29 21:45:44,7.78
2026-01-29 21:45:45,7.78
2026-01-29 21:45:46,7.78
2026-01-29 21:45:47,7.78
2026-01-29 21:45:48,7.78
2026-01-29 21:45:49,7.98
2026-01-29 21:45:50,7.98
2026-01-29 21:45:51,7.98
2026-01-29 21:45:52,7.98
2026-01-29 21:45:53,7.98
2026-01-29 21:45:54,7.74
2026-01-29 21:45:55,7.74
2026-01-29 21:45:56,7.74
2026-01-29 21:45:57,7.74
2026-01-29 21:45:58,7.74
2026-01-29 21:45:59,7.77
2026-01-29 21:46:00,7.77
2026-01-29 21:46:01,7.77
2026-01-29 21:46:02,7.77
2026-01-29 21:46:03,7.77
2026-01-29 21:46:04,7.78
2026-01-29 21:46:05,7.78
2026-01-29 21:46:06,7.78
2026-01-29 21:46:07,7.78
2026-01-29 21:46:08,7.78
2026-01-29 21:46:09,8.09
2026-01-29 21:46:10,8.09
2026-01-29 21:46:11,8.09
2026-01-29 21:46:12,8.09
2026-01-29 21:46:13,8.09
2026-01-29 21:46:14,7.76
2026-01-29 21:46:15,7.76
2026-01-29 21:46:16,7.76
2026-01-29 21:46:17,7.76
2026-01-29 21:46:18,7.76
2026-01-29 21:46:19,7.76
2026-01-29 21:46:20,7.76
2026-01-29 21:46:21,7.76
2026-01-29 21:46:22,7.76
2026-01-29 21:46:23,7.76
2026-01-29 21:46:24,7.87
2026-01-29 21:46:25,7.87
2026-01-29 21:46:26,7.87
2026-01-29 21:46:27,7.87
2026-01-29 21:46:28,7.87
2026-01-29 21:46:29,7.93
2026-01-29 21:46:30,7.93
2026-01-29 21:46:31,7.93
2026-01-29 21:46:32,7.93
2026-01-29 21:46:33,7.93
2026-01-29 21:46:34,7.75
2026-01-29 21:46:35,7.75
2026-01-29 21:46:36,7.75
2026-01-29 21:46:37,7.75
2026-01-29 21:46:38,7.75
2026-01-29 21:46:39,7.74
2026-01-29 21:46:40,7.74
2026-01-29 21:46:41,7.74
2026-01-29 21:46:42,7.74
2026-01-29 21:46:43,7.74
2026-01-29 21:46:44,7.74
2026-01-29 21:46:45,7.74
2026-01-29 21:46:46,7.74
2026-01-29 21:46:47,7.74
2026-01-29 21:46:48,7.74
2026-01-29 21:46:49,7.67
2026-01-29 21:46:50,7.67
2026-01-29 21:46:51,7.67
2026-01-29 21:46:52,7.67
2026-01-29 21:46:53,7.67
2026-01-29 21:46:54,7.98
2026-01-29 21:46:55,7.98
2026-01-29 21:46:56,7.98
2026-01-29 21:46:57,7.98
2026-01-29 21:46:58,7.98
2026-01-29 21:46:59,7.54
2026-01-29 21:47:00,7.54
2026-01-29 21:47:01,7.54
2026-01-29 21:47:02,7.54
2026-01-29 21:47:03,7.54
2026-01-29 21:47:04,9.96
2026-01-29 21:47:05,9.96
2026-01-29 21:47:06,9.96
2026-01-29 21:47:07,9.96
2026-01-29 21:47:08,9.96
2026-01-29 21:47:09,8.84
2026-01-29 21:47:10,8.84
2026-01-29 21:47:11,8.84
2026-01-29 21:47:12,8.84
2026-01-29 21:47:13,8.84
2026-01-29 21:47:14,8.64
2026-01-29 21:47:15,8.64
2026-01-29 21:47:16,8.64
2026-01-29 21:47:17,8.64
2026-01-29 21:47:18,8.64
2026-01-29 21:47:19,8.58
2026-01-29 21:47:20,8.58
2026-01-29 21:47:21,8.58
2026-01-29 21:47:22,8.58
2026-01-29 21:47:23,8.58
2026-01-29 21:47:24,8.72
2026-01-29 21:47:25,8.72
2026-01-29 21:47:26,8.72
2026-01-29 21:47:27,8.72
2026-01-29 21:47:28,8.72
2026-01-29 21:47:29,8.77
2026-01-29 21:47:30,8.77
2026-01-29 21:47:31,8.77
2026-01-29 21:47:32,8.77
2026-01-29 21:47:33,8.77
2026-01-29 21:47:34,8.68
2026-01-29 21:47:35,8.68
2026-01-29 21:47:36,8.68
2026-01-29 21:47:37,8.68
2026-01-29 21:47:38,8.68
2026-01-29 21:47:39,8.69
2026-01-29 21:47:40,8.69
2026-01-29 21:47:41,8.69
2026-01-29 21:47:42,8.69
2026-01-29 21:47:43,8.69
2026-01-29 21:47:44,8.68
2026-01-29 21:47:45,8.68
2026-01-29 21:47:46,8.68
2026-01-29 21:47:47,8.68
2026-01-29 21:47:48,8.68
2026-01-29 21:47:49,9.75
2026-01-29 21:47:50,9.75
2026-01-29 21:47:51,9.75
2026-01-29 21:47:52,9.75
2026-01-29 21:47:53,9.75
2026-01-29 21:47:54,7.37
2026-01-29 21:47:55,7.37
2026-01-29 21:47:56,7.37
2026-01-29 21:47:57,7.37
2026-01-29 21:47:58,7.37
2026-01-29 21:47:59,7.48
2026-01-29 21:48:00,7.48
2026-01-29 21:48:01,7.48
2026-01-29 21:48:02,7.48
2026-01-29 21:48:03,7.48
2026-01-29 21:48:04,7.41
2026-01-29 21:48:05,7.41
2026-01-29 21:48:06,7.41
2026-01-29 21:48:07,7.41
2026-01-29 21:48:08,7.41
2026-01-29 21:48:09,7.71
2026-01-29 21:48:10,7.71
2026-01-29 21:48:11,7.71
2026-01-29 21:48:12,7.71
2026-01-29 21:48:13,7.71
2026-01-29 21:48:14,7.39
2026-01-29 21:48:15,7.39
2026-01-29 21:48:16,7.39
2026-01-29 21:48:17,7.39
2026-01-29 21:48:18,7.39
2026-01-29 21:48:19,7.38
2026-01-29 21:48:20,7.38
2026-01-29 21:48:21,7.38
2026-01-29 21:48:22,7.38
2026-01-29 21:48:23,7.38
2026-01-29 21:48:24,0
2026-01-29 21:48:25,0
2026-01-29 21:48:26,0
2026-01-29 21:48:27,0
2026-01-29 21:48:28,0
2026-01-29 21:48:29,0
2026-01-29 21:48:30,0
2026-01-29 21:48:31,0
2026-01-29 21:48:32,0
2026-01-29 21:48:33,0
2026-01-29 21:48:34,0
2026-01-29 21:48:35,0
2026-01-29 21:48:36,0
2026-01-29 21:48:37,0
2026-01-29 21:48:38,0
2026-01-29 21:48:39,0
2026-01-29 21:48:40,0
2026-01-29 21:48:41,0
2026-01-29 21:48:42,0
2026-01-29 21:48:43,0
2026-01-29 21:48:44,0
2026-01-29 21:48:45,0
2026-01-29 21:48:46,0
2026-01-29 21:48:47,0
2026-01-29 21:48:48,0
2026-01-29 21:48:49,0
2026-01-29 21:48:50,0
2026-01-29 21:48:51,0
2026-01-29 21:48:52,0
2026-01-29 21:48:53,0
2026-01-29 21:48:54,0
2026-01-29 21:48:55,0
2026-01-29 21:48:56,0
2026-01-29 21:48:57,0
2026-01-29 21:48:58,0
2026-01-29 21:48:59,0
2026-01-29 21:49:00,0
2026-01-29 21:49:01,0
2026-01-29 21:49:02,0
2026-01-29 21:49:03,0
2026-01-29 21:49:04,0
2026-01-29 21:49:05,0
2026-01-29 21:49:06,0
2026-01-29 21:49:07,0
2026-01-29 21:49:08,0
2026-01-29 21:49:09,0
2026-01-29 21:49:10,0
2026-01-29 21:49:11,0
2026-01-29 21:49:12,0
2026-01-29 21:49:13,0
2026-01-29 21:49:14,0
2026-01-29 21:49:15,0
2026-01-29 21:49:16,0
2026-01-29 21:49:17,0
2026-01-29 21:49:18,0
2026-01-29 21:49:19,0
2026-01-29 21:49:20,0
2026-01-29 21:49:21,0
2026-01-29 21:49:22,0
2026-01-29 21:49:23,0
2026-01-29 21:49:24,0
2026-01-29 21:49:25,0
2026-01-29 21:49:26,0
2026-01-29 21:49:27,0
2026-01-29 21:49:28,0
2026-01-29 21:49:29,0
2026-01-29 21:49:30,0
2026-01-29 21:49:31,0
2026-01-29 21:49:32,0
2026-01-29 21:49:33,0
2026-01-29 21:49:34,0
2026-01-29 21:49:35,0
2026-01-29 21:49:36,0
2026-01-29 21:49:37,0
2026-01-29 21:49:38,0
2026-01-29 21:49:39,0
2026-01-29 21:49:40,0
2026-01-29 21:49:41,0
2026-01-29 21:49:42,0
2026-01-29 21:49:43,0
2026-01-29 21:49:44,0
2026-01-29 21:49:45,0
2026-01-29 21:49:46,0
2026-01-29 21:49:47,0
2026-01-29 21:49:48,0
2026-01-29 21:49:49,0
2026-01-29 21:49:50,0
2026-01-29 21:49:51,0
2026-01-29 21:49:52,0
2026-01-29 21:49:53,0
2026-01-29 21:49:54,0
2026-01-29 21:49:55,0
2026-01-29 21:49:56,0
2026-01-29 21:49:57,0
2026-01-29 21:49:58,0
2026-01-29 21:55:04,6.21
2026-01-29 21:55:05,6.21
2026-01-29 21:55:06,6.21
2026-01-29 21:55:07,6.21
2026-01-29 21:55:08,6.21
2026-01-29 21:55:09,7.82
2026-01-29 21:55:10,7.82
2026-01-29 21:55:11,7.82
2026-01-29 21:55:12,7.82
2026-01-29 21:55:13,7.82
2026-01-29 21:55:14,7.99
2026-01-29 21:55:15,7.99
2026-01-29 21:55:16,7.99
2026-01-29 21:55:17,7.99
2026-01-29 21:55:18,7.99
2026-01-29 21:55:19,7.61
2026-01-29 21:55:20,7.61
2026-01-29 21:55:21,7.61
2026-01-29 21:55:22,7.61
2026-01-29 21:55:23,7.61
2026-01-29 21:55:24,7.74
2026-01-29 21:55:25,7.74
2026-01-29 21:55:26,7.74
2026-01-29 21:55:27,7.74
2026-01-29 21:55:28,7.74
2026-01-29 21:55:29,7.68
2026-01-29 21:55:30,7.68
2026-01-29 21:55:31,7.68
2026-01-29 21:55:32,7.68
2026-01-29 21:55:33,7.68
2026-01-29 21:55:34,8.19
2026-01-29 21:55:35,8.19
2026-01-29 21:55:36,8.19
2026-01-29 21:55:37,8.19
2026-01-29 21:55:38,8.19
2026-01-29 21:55:39,7.83
2026-01-29 21:55:40,7.83
2026-01-29 21:55:41,7.83
2026-01-29 21:55:42,7.83
2026-01-29 21:55:43,7.83
2026-01-29 21:55:44,7.55
2026-01-29 21:55:45,7.55
2026-01-29 21:55:46,7.55
2026-01-29 21:55:47,7.55
2026-01-29 21:55:48,7.55
2026-01-29 21:55:49,7.61
2026-01-29 21:55:50,7.61
2026-01-29 21:55:51,7.61
2026-01-29 21:55:52,7.61
2026-01-29 21:55:53,7.61
2026-01-29 21:55:54,7.58
2026-01-29 21:55:55,7.58
2026-01-29 21:55:56,7.58
2026-01-29 21:55:57,7.58
2026-01-29 21:55:58,7.58
2026-01-29 21:55:59,7.68
2026-01-29 21:56:00,7.68
2026-01-29 21:56:01,7.68
2026-01-29 21:56:02,7.68
2026-01-29 21:56:03,7.68
2026-01-29 21:56:04,8.80
2026-01-29 21:56:05,8.80
2026-01-29 21:56:06,8.80
2026-01-29 21:56:07,8.80
2026-01-29 21:56:08,8.80
2026-01-29 21:56:09,8.85
2026-01-29 21:56:10,8.85
2026-01-29 21:56:11,8.85
2026-01-29 21:56:12,8.85
2026-01-29 21:56:13,8.85
2026-01-29 21:56:14,8.67
2026-01-29 21:56:15,8.67
2026-01-29 21:56:16,8.67
2026-01-29 21:56:17,8.67
2026-01-29 21:56:18,8.67
2026-01-29 21:56:19,8.67
2026-01-29 21:56:20,8.67
2026-01-29 21:56:21,8.67
2026-01-29 21:56:22,8.67
2026-01-29 21:56:23,8.67
2026-01-29 21:56:24,8.52
2026-01-29 21:56:25,8.52
2026-01-29 21:56:26,8.52
2026-01-29 21:56:27,8.52
2026-01-29 21:56:28,8.52
2026-01-29 21:56:29,7.91
2026-01-29 21:56:30,7.91
2026-01-29 21:56:31,7.91
2026-01-29 21:56:32,7.91
2026-01-29 21:56:33,7.91
2026-01-29 21:56:34,8.37
2026-01-29 21:56:35,8.37
2026-01-29 21:56:36,8.37
2026-01-29 21:56:37,8.37
2026-01-29 21:56:38,8.37
2026-01-29 21:56:39,7.75
2026-01-29 21:56:40,7.75
2026-01-29 21:56:41,7.75
2026-01-29 21:56:42,7.75
2026-01-29 21:56:43,7.75
2026-01-29 21:56:44,7.83
2026-01-29 21:56:45,7.83
2026-01-29 21:56:46,7.83
2026-01-29 21:56:47,7.83
2026-01-29 21:56:48,7.83
2026-01-29 21:56:49,7.83
2026-01-29 21:56:50,7.83
2026-01-29 21:56:51,7.83
2026-01-29 21:56:52,7.83
2026-01-29 21:56:53,7.83
2026-01-29 21:56:54,7.82
2026-01-29 21:56:55,7.82
2026-01-29 21:56:56,7.82
2026-01-29 21:56:57,7.82
2026-01-29 21:56:58,7.82
2026-01-29 21:56:59,7.74
2026-01-29 21:57:00,7.74
2026-01-29 21:57:01,7.74
2026-01-29 21:57:02,7.74
2026-01-29 21:57:03,7.74
2026-01-29 21:57:04,7.89
2026-01-29 21:57:05,7.89
2026-01-29 21:57:06,7.89
2026-01-29 21:57:07,7.89
2026-01-29 21:57:08,7.89
2026-01-29 21:57:09,7.95
2026-01-29 21:57:10,7.95
2026-01-29 21:57:11,7.95
2026-01-29 21:57:12,7.95
2026-01-29 21:57:13,7.95
2026-01-29 21:57:14,7.69
2026-01-29 21:57:15,7.69
2026-01-29 21:57:16,7.69
2026-01-29 21:57:17,7.69
2026-01-29 21:57:18,7.69
2026-01-29 21:57:19,7.79
2026-01-29 21:57:20,7.79
2026-01-29 21:57:21,7.79
2026-01-29 21:57:22,7.79
2026-01-29 21:57:23,7.79
2026-01-29 21:57:24,7.90
2026-01-29 21:57:25,7.90
2026-01-29 21:57:26,7.90
2026-01-29 21:57:27,7.90
2026-01-29 21:57:28,7.90
2026-01-29 21:57:29,7.76
2026-01-29 21:57:30,7.76
2026-01-29 21:57:31,7.76
2026-01-29 21:57:32,7.76
2026-01-29 21:57:33,7.76
2026-01-29 21:57:34,8.21
2026-01-29 21:57:35,8.21
2026-01-29 21:57:36,8.21
2026-01-29 21:57:37,8.21
2026-01-29 21:57:38,8.21
2026-01-29 21:57:39,7.81
2026-01-29 21:57:40,7.81
2026-01-29 21:57:41,7.81
2026-01-29 21:57:42,7.81
2026-01-29 21:57:43,7.81
2026-01-29 21:57:44,7.62
2026-01-29 21:57:45,7.62
2026-01-29 21:57:46,7.62
2026-01-29 21:57:47,7.62
2026-01-29 21:57:48,7.62
2026-01-29 21:57:49,7.86
2026-01-29 21:57:50,7.86
2026-01-29 21:57:51,7.86
2026-01-29 21:57:52,7.86
2026-01-29 21:57:53,7.86
2026-01-29 21:57:54,7.98
2026-01-29 21:57:55,7.98
2026-01-29 21:57:56,7.98
2026-01-29 21:57:57,7.98
2026-01-29 21:57:58,7.98
2026-01-29 21:57:59,7.77
2026-01-29 21:58:00,7.77
2026-01-29 21:58:01,7.77
2026-01-29 21:58:02,7.77
2026-01-29 21:58:03,7.77
2026-01-29 21:58:04,0
2026-01-29 21:58:05,0
2026-01-29 21:58:06,0
2026-01-29 21:58:07,0
2026-01-29 21:58:08,0
2026-01-29 21:58:09,0
2026-01-29 21:58:10,0
2026-01-29 21:58:11,0
2026-01-29 21:58:12,0
2026-01-29 21:58:13,0
2026-01-29 21:58:14,0
2026-01-29 21:58:15,0
2026-01-29 21:58:16,0
2026-01-29 21:58:17,0
2026-01-29 21:58:18,0
2026-01-29 21:58:19,0
2026-01-29 21:58:20,0
2026-01-29 21:58:21,0
2026-01-29 21:58:22,0
2026-01-29 21:58:23,0
2026-01-29 21:58:24,0
2026-01-29 21:58:25,0
2026-01-29 21:58:26,0
2026-01-29 21:58:27,0
2026-01-29 21:58:28,0
2026-01-29 21:58:29,0
2026-01-29 21:58:30,0
2026-01-29 21:58:31,0
2026-01-29 21:58:32,0
2026-01-29 21:58:33,0
2026-01-29 21:58:34,0
2026-01-29 21:58:35,0
2026-01-29 21:58:36,0
2026-01-29 21:58:37,0
2026-01-29 21:58:38,0
2026-01-29 21:58:39,0
2026-01-29 21:58:40,0
2026-01-29 21:58:41,0
2026-01-29 21:58:42,0
2026-01-29 21:58:43,0
2026-01-29 21:58:44,0
2026-01-29 21:58:45,0
2026-01-29 21:58:46,0
2026-01-29 21:58:47,0
2026-01-29 21:58:48,0
2026-01-29 21:58:49,0
2026-01-29 21:58:50,0
2026-01-29 21:58:51,0
2026-01-29 21:58:52,0
2026-01-29 21:58:53,0
2026-01-29 21:58:54,0
2026-01-29 21:58:55,0
2026-01-29 21:58:56,0
2026-01-29 21:58:57,0
2026-01-29 21:58:58,0
2026-01-29 21:58:59,0
2026-01-29 21:59:00,0
2026-01-29 21:59:01,0
2026-01-29 21:59:02,0
2026-01-29 21:59:03,0
2026-01-29 21:59:04,0
2026-01-29 21:59:05,0
2026-01-29 21:59:06,0
2026-01-29 21:59:07,0
2026-01-29 21:59:08,0
2026-01-29 21:59:09,0
2026-01-29 21:59:10,0
2026-01-29 21:59:11,0
2026-01-29 21:59:12,0
2026-01-29 21:59:13,0
2026-01-29 21:59:14,0
2026-01-29 21:59:15,0
2026-01-29 21:59:16,0
2026-01-29 21:59:17,0