"Time","ue-layer-demap"
2026-01-29 18:59:17,0
2026-01-29 18:59:18,0
2026-01-29 18:59:19,0
2026-01-29 18:59:20,0
2026-01-29 18:59:21,0
2026-01-29 18:59:22,0
2026-01-29 18:59:23,0
2026-01-29 18:59:24,0
2026-01-29 18:59:25,0
2026-01-29 18:59:26,0
2026-01-29 18:59:27,0
2026-01-29 18:59:28,0
2026-01-29 18:59:29,0
2026-01-29 18:59:30,0
2026-01-29 18:59:31,0
2026-01-29 18:59:32,0
2026-01-29 18:59:33,0
2026-01-29 18:59:34,0
2026-01-29 18:59:35,0
2026-01-29 18:59:36,0
2026-01-29 18:59:37,0
2026-01-29 18:59:38,0
2026-01-29 18:59:39,0
2026-01-29 18:59:40,0
2026-01-29 18:59:41,0
2026-01-29 18:59:42,0
2026-01-29 18:59:43,0
2026-01-29 18:59:44,0
2026-01-29 18:59:45,0
2026-01-29 18:59:46,0
2026-01-29 18:59:47,0
2026-01-29 18:59:48,0
2026-01-29 18:59:49,0
2026-01-29 18:59:50,0
2026-01-29 18:59:51,0
2026-01-29 18:59:52,0
2026-01-29 18:59:53,0
2026-01-29 18:59:54,0
2026-01-29 18:59:55,0
2026-01-29 18:59:56,0
2026-01-29 18:59:57,0
2026-01-29 18:59:58,0
2026-01-29 18:59:59,0
2026-01-29 19:00:00,0
2026-01-29 19:00:01,0
2026-01-29 19:00:02,0
2026-01-29 19:00:03,0
2026-01-29 19:00:04,0
2026-01-29 19:00:05,0
2026-01-29 19:00:06,0
2026-01-29 19:00:07,0
2026-01-29 19:00:08,0
2026-01-29 19:02:54,4.68
2026-01-29 19:02:55,4.68
2026-01-29 19:02:56,4.68
2026-01-29 19:02:57,4.68
2026-01-29 19:02:58,4.68
2026-01-29 19:02:59,6.65
2026-01-29 19:03:00,6.65
2026-01-29 19:03:01,6.65
2026-01-29 19:03:02,6.65
2026-01-29 19:03:03,6.65
2026-01-29 19:03:04,6.79
2026-01-29 19:03:05,6.79
2026-01-29 19:03:06,6.79
2026-01-29 19:03:07,6.79
2026-01-29 19:03:08,6.79
2026-01-29 19:03:09,7.95
2026-01-29 19:03:10,7.95
2026-01-29 19:03:11,7.95
2026-01-29 19:03:12,7.95
2026-01-29 19:03:13,7.95
2026-01-29 19:03:14,8.34
2026-01-29 19:03:15,8.34
2026-01-29 19:03:16,8.34
2026-01-29 19:03:17,8.34
2026-01-29 19:03:18,8.34
2026-01-29 19:03:19,7.78
2026-01-29 19:03:20,7.78
2026-01-29 19:03:21,7.78
2026-01-29 19:03:22,7.78
2026-01-29 19:03:23,7.78
2026-01-29 19:03:24,7.82
2026-01-29 19:03:25,7.82
2026-01-29 19:03:26,7.82
2026-01-29 19:03:27,7.82
2026-01-29 19:03:28,7.82
2026-01-29 19:03:29,7.81
2026-01-29 19:03:30,7.81
2026-01-29 19:03:31,7.81
2026-01-29 19:03:32,7.81
2026-01-29 19:03:33,7.81
2026-01-29 19:03:34,7.79
2026-01-29 19:03:35,7.79
2026-01-29 19:03:36,7.79
2026-01-29 19:03:37,7.79
2026-01-29 19:03:38,7.79
2026-01-29 19:03:39,7.51
2026-01-29 19:03:40,7.51
2026-01-29 19:03:41,7.51
2026-01-29 19:03:42,7.51
2026-01-29 19:03:43,7.51
2026-01-29 19:03:44,7.92
2026-01-29 19:03:45,7.92
2026-01-29 19:03:46,7.92
2026-01-29 19:03:47,7.92
2026-01-29 19:03:48,7.92
2026-01-29 19:03:49,10.6
2026-01-29 19:03:50,10.6
2026-01-29 19:03:51,10.6
2026-01-29 19:03:52,10.6
2026-01-29 19:03:53,10.6
2026-01-29 19:03:54,10.3
2026-01-29 19:03:55,10.3
2026-01-29 19:03:56,10.3
2026-01-29 19:03:57,10.3
2026-01-29 19:03:58,10.3
2026-01-29 19:03:59,9.90
2026-01-29 19:04:00,9.90
2026-01-29 19:04:01,9.90
2026-01-29 19:04:02,9.90
2026-01-29 19:04:03,9.90
2026-01-29 19:04:04,9.98
2026-01-29 19:04:05,9.98
2026-01-29 19:04:06,9.98
2026-01-29 19:04:07,9.98
2026-01-29 19:04:08,9.98
2026-01-29 19:04:09,10.00
2026-01-29 19:04:10,10.00
2026-01-29 19:04:11,10.00
2026-01-29 19:04:12,10.00
2026-01-29 19:04:13,10.00
2026-01-29 19:04:14,10.0
2026-01-29 19:04:15,10.0
2026-01-29 19:04:16,10.0
2026-01-29 19:04:17,10.0
2026-01-29 19:04:18,10.0
2026-01-29 19:04:19,9.81
2026-01-29 19:04:20,9.81
2026-01-29 19:04:21,9.81
2026-01-29 19:04:22,9.81
2026-01-29 19:04:23,9.81
2026-01-29 19:04:24,10.1
2026-01-29 19:04:25,10.1
2026-01-29 19:04:26,10.1
2026-01-29 19:04:27,10.1
2026-01-29 19:04:28,10.1
2026-01-29 19:04:29,9.96
2026-01-29 19:04:30,9.96
2026-01-29 19:04:31,9.96
2026-01-29 19:04:32,9.96
2026-01-29 19:04:33,9.96
2026-01-29 19:04:34,10.0
2026-01-29 19:04:35,10.0
2026-01-29 19:04:36,10.0
2026-01-29 19:04:37,10.0
2026-01-29 19:04:38,10.0
2026-01-29 19:04:39,0
2026-01-29 19:04:40,0
2026-01-29 19:04:41,0
2026-01-29 19:04:42,0
2026-01-29 19:04:43,0
2026-01-29 19:04:44,0
2026-01-29 19:04:45,0
2026-01-29 19:04:46,0
2026-01-29 19:04:47,0
2026-01-29 19:04:48,0
2026-01-29 19:04:49,0
2026-01-29 19:04:50,0
2026-01-29 19:04:51,0
2026-01-29 19:04:52,0
2026-01-29 19:04:53,0
2026-01-29 19:04:54,0
2026-01-29 19:04:55,0
2026-01-29 19:04:56,0
2026-01-29 19:04:57,0
2026-01-29 19:04:58,0
2026-01-29 19:04:59,0
2026-01-29 19:05:00,0
2026-01-29 19:05:01,0
2026-01-29 19:05:02,0
2026-01-29 19:05:03,0
2026-01-29 19:05:04,0
2026-01-29 19:05:05,0
2026-01-29 19:05:06,0
2026-01-29 19:05:07,0
2026-01-29 19:05:08,0
2026-01-29 19:05:09,0
2026-01-29 19:05:10,0
2026-01-29 19:05:11,0
2026-01-29 19:05:12,0
2026-01-29 19:05:13,0
2026-01-29 19:05:14,0
2026-01-29 19:05:15,0
2026-01-29 19:05:16,0
2026-01-29 19:05:17,0
2026-01-29 19:05:18,0
2026-01-29 19:05:19,0
2026-01-29 19:05:20,0
2026-01-29 19:05:21,0
2026-01-29 19:05:22,0
2026-01-29 19:05:23,0
2026-01-29 19:05:24,0
2026-01-29 19:05:25,0
2026-01-29 19:05:26,0
2026-01-29 19:05:27,0
2026-01-29 19:05:28,0
2026-01-29 19:05:29,0
2026-01-29 19:05:30,0
2026-01-29 19:05:31,0
2026-01-29 19:05:32,0
2026-01-29 19:05:33,0
2026-01-29 19:05:34,0
2026-01-29 19:05:35,0
2026-01-29 19:05:36,0
2026-01-29 19:05:37,0
2026-01-29 19:05:38,0
2026-01-29 19:05:39,0
2026-01-29 19:05:40,0
2026-01-29 19:05:41,0
2026-01-29 19:05:42,0
2026-01-29 19:05:43,0
2026-01-29 19:05:44,0
2026-01-29 19:05:45,0
2026-01-29 19:05:46,0
2026-01-29 19:05:47,0
2026-01-29 19:05:48,0
2026-01-29 19:05:49,0
2026-01-29 19:05:50,0
2026-01-29 19:05:51,0
2026-01-29 19:05:52,0
2026-01-29 19:05:53,0
2026-01-29 19:05:54,0
2026-01-29 19:05:55,0
2026-01-29 19:05:56,0
2026-01-29 19:05:57,0
2026-01-29 19:05:58,0
2026-01-29 19:05:59,0
2026-01-29 19:06:00,0
2026-01-29 19:06:01,0
2026-01-29 19:06:02,0
2026-01-29 19:06:03,0
2026-01-29 19:06:04,0
2026-01-29 19:06:05,0
2026-01-29 19:06:06,0
2026-01-29 19:06:07,0
2026-01-29 19:06:08,0
2026-01-29 19:06:09,0
2026-01-29 19:06:10,0
2026-01-29 19:06:11,0
2026-01-29 19:06:12,0
2026-01-29 19:06:13,0
2026-01-29 19:11:19,5.26
2026-01-29 19:11:20,5.26
2026-01-29 19:11:21,5.26
2026-01-29 19:11:22,5.26
2026-01-29 19:11:23,5.26
2026-01-29 19:11:24,8.81
2026-01-29 19:11:25,8.81
2026-01-29 19:11:26,8.81
2026-01-29 19:11:27,8.81
2026-01-29 19:11:28,8.81
2026-01-29 19:11:29,9.11
2026-01-29 19:11:30,9.11
2026-01-29 19:11:31,9.11
2026-01-29 19:11:32,9.11
2026-01-29 19:11:33,9.11
2026-01-29 19:11:34,9.06
2026-01-29 19:11:35,9.06
2026-01-29 19:11:36,9.06
2026-01-29 19:11:37,9.06
2026-01-29 19:11:38,9.06
2026-01-29 19:11:39,8.93
2026-01-29 19:11:40,8.93
2026-01-29 19:11:41,8.93
2026-01-29 19:11:42,8.93
2026-01-29 19:11:43,8.93
2026-01-29 19:11:44,8.86
2026-01-29 19:11:45,8.86
2026-01-29 19:11:46,8.86
2026-01-29 19:11:47,8.86
2026-01-29 19:11:48,8.86
2026-01-29 19:11:49,8.90
2026-01-29 19:11:50,8.90
2026-01-29 19:11:51,8.90
2026-01-29 19:11:52,8.90
2026-01-29 19:11:53,8.90
2026-01-29 19:11:54,9.07
2026-01-29 19:11:55,9.07
2026-01-29 19:11:56,9.07
2026-01-29 19:11:57,9.07
2026-01-29 19:11:58,9.07
2026-01-29 19:11:59,8.86
2026-01-29 19:12:00,8.86
2026-01-29 19:12:01,8.86
2026-01-29 19:12:02,8.86
2026-01-29 19:12:03,8.86
2026-01-29 19:12:04,8.90
2026-01-29 19:12:05,8.90
2026-01-29 19:12:06,8.90
2026-01-29 19:12:07,8.90
2026-01-29 19:12:08,8.90
2026-01-29 19:12:09,9.00
2026-01-29 19:12:10,9.00
2026-01-29 19:12:11,9.00
2026-01-29 19:12:12,9.00
2026-01-29 19:12:13,9.00
2026-01-29 19:12:14,9.14
2026-01-29 19:12:15,9.14
2026-01-29 19:12:16,9.14
2026-01-29 19:12:17,9.14
2026-01-29 19:12:18,9.14
2026-01-29 19:12:19,8.93
2026-01-29 19:12:20,8.93
2026-01-29 19:12:21,8.93
2026-01-29 19:12:22,8.93
2026-01-29 19:12:23,8.93
2026-01-29 19:12:24,10.6
2026-01-29 19:12:25,10.6
2026-01-29 19:12:26,10.6
2026-01-29 19:12:27,10.6
2026-01-29 19:12:28,10.6
2026-01-29 19:12:29,8.89
2026-01-29 19:12:30,8.89
2026-01-29 19:12:31,8.89
2026-01-29 19:12:32,8.89
2026-01-29 19:12:33,8.89
2026-01-29 19:12:34,7.85
2026-01-29 19:12:35,7.85
2026-01-29 19:12:36,7.85
2026-01-29 19:12:37,7.85
2026-01-29 19:12:38,7.85
2026-01-29 19:12:39,7.84
2026-01-29 19:12:40,7.84
2026-01-29 19:12:41,7.84
2026-01-29 19:12:42,7.84
2026-01-29 19:12:43,7.84
2026-01-29 19:12:44,7.89
2026-01-29 19:12:45,7.89
2026-01-29 19:12:46,7.89
2026-01-29 19:12:47,7.89
2026-01-29 19:12:48,7.89
2026-01-29 19:12:49,7.90
2026-01-29 19:12:50,7.90
2026-01-29 19:12:51,7.90
2026-01-29 19:12:52,7.90
2026-01-29 19:12:53,7.90
2026-01-29 19:12:54,8.02
2026-01-29 19:12:55,8.02
2026-01-29 19:12:56,8.02
2026-01-29 19:12:57,8.02
2026-01-29 19:12:58,8.02
2026-01-29 19:12:59,7.77
2026-01-29 19:13:00,7.77
2026-01-29 19:13:01,7.77
2026-01-29 19:13:02,7.77
2026-01-29 19:13:03,7.77
2026-01-29 19:13:04,0
2026-01-29 19:13:05,0
2026-01-29 19:13:06,0
2026-01-29 19:13:07,0
2026-01-29 19:13:08,0
2026-01-29 19:13:09,0
2026-01-29 19:13:10,0
2026-01-29 19:13:11,0
2026-01-29 19:13:12,0
2026-01-29 19:13:13,0
2026-01-29 19:13:14,0
2026-01-29 19:13:15,0
2026-01-29 19:13:16,0
2026-01-29 19:13:17,0
2026-01-29 19:13:18,0
2026-01-29 19:13:19,0
2026-01-29 19:13:20,0
2026-01-29 19:13:21,0
2026-01-29 19:13:22,0
2026-01-29 19:13:23,0
2026-01-29 19:13:24,0
2026-01-29 19:13:25,0
2026-01-29 19:13:26,0
2026-01-29 19:13:27,0
2026-01-29 19:13:28,0
2026-01-29 19:13:29,0
2026-01-29 19:13:30,0
2026-01-29 19:13:31,0
2026-01-29 19:13:32,0
2026-01-29 19:13:33,0
2026-01-29 19:13:34,0
2026-01-29 19:13:35,0
2026-01-29 19:13:36,0
2026-01-29 19:13:37,0
2026-01-29 19:13:38,0
2026-01-29 19:13:39,0
2026-01-29 19:13:40,0
2026-01-29 19:13:41,0
2026-01-29 19:13:42,0
2026-01-29 19:13:43,0
2026-01-29 19:13:44,0
2026-01-29 19:13:45,0
2026-01-29 19:13:46,0
2026-01-29 19:13:47,0
2026-01-29 19:13:48,0
2026-01-29 19:13:49,0
2026-01-29 19:13:50,0
2026-01-29 19:13:51,0
2026-01-29 19:13:52,0
2026-01-29 19:13:53,0
2026-01-29 19:13:54,0
2026-01-29 19:13:55,0
2026-01-29 19:13:56,0
2026-01-29 19:13:57,0
2026-01-29 19:13:58,0
2026-01-29 19:13:59,0
2026-01-29 19:14:00,0
2026-01-29 19:14:01,0
2026-01-29 19:14:02,0
2026-01-29 19:14:03,0
2026-01-29 19:14:04,0
2026-01-29 19:14:05,0
2026-01-29 19:14:06,0
2026-01-29 19:14:07,0
2026-01-29 19:14:08,0
2026-01-29 19:14:09,0
2026-01-29 19:14:10,0
2026-01-29 19:14:11,0
2026-01-29 19:14:12,0
2026-01-29 19:14:13,0
2026-01-29 19:14:14,0
2026-01-29 19:14:15,0
2026-01-29 19:14:16,0
2026-01-29 19:14:17,0
2026-01-29 19:14:18,0
2026-01-29 19:14:19,0
2026-01-29 19:14:20,0
2026-01-29 19:14:21,0
2026-01-29 19:14:22,0
2026-01-29 19:14:23,0
2026-01-29 19:14:24,0
2026-01-29 19:14:25,0
2026-01-29 19:14:26,0
2026-01-29 19:14:27,0
2026-01-29 19:14:28,0
2026-01-29 19:14:29,0
2026-01-29 19:14:30,0
2026-01-29 19:14:31,0
2026-01-29 19:14:32,0
2026-01-29 19:14:33,0
2026-01-29 19:14:34,0
2026-01-29 19:14:35,0
2026-01-29 19:14:36,0
2026-01-29 19:14:37,0
2026-01-29 19:14:38,0
2026-01-29 19:19:44,5.88
2026-01-29 19:19:45,5.88
2026-01-29 19:19:46,5.88
2026-01-29 19:19:47,5.88
2026-01-29 19:19:48,5.88
2026-01-29 19:19:49,8.13
2026-01-29 19:19:50,8.13
2026-01-29 19:19:51,8.13
2026-01-29 19:19:52,8.13
2026-01-29 19:19:53,8.13
2026-01-29 19:19:54,8.08
2026-01-29 19:19:55,8.08
2026-01-29 19:19:56,8.08
2026-01-29 19:19:57,8.08
2026-01-29 19:19:58,8.08
2026-01-29 19:19:59,8.12
2026-01-29 19:20:00,8.12
2026-01-29 19:20:01,8.12
2026-01-29 19:20:02,8.12
2026-01-29 19:20:03,8.12
2026-01-29 19:20:04,8.15
2026-01-29 19:20:05,8.15
2026-01-29 19:20:06,8.15
2026-01-29 19:20:07,8.15
2026-01-29 19:20:08,8.15
2026-01-29 19:20:09,7.23
2026-01-29 19:20:10,7.23
2026-01-29 19:20:11,7.23
2026-01-29 19:20:12,7.23
2026-01-29 19:20:13,7.23
2026-01-29 19:20:14,6.30
2026-01-29 19:20:15,6.30
2026-01-29 19:20:16,6.30
2026-01-29 19:20:17,6.30
2026-01-29 19:20:18,6.30
2026-01-29 19:20:19,7.27
2026-01-29 19:20:20,7.27
2026-01-29 19:20:21,7.27
2026-01-29 19:20:22,7.27
2026-01-29 19:20:23,7.27
2026-01-29 19:20:24,8.19
2026-01-29 19:20:25,8.19
2026-01-29 19:20:26,8.19
2026-01-29 19:20:27,8.19
2026-01-29 19:20:28,8.19
2026-01-29 19:20:29,7.86
2026-01-29 19:20:30,7.86
2026-01-29 19:20:31,7.86
2026-01-29 19:20:32,7.86
2026-01-29 19:20:33,7.86
2026-01-29 19:20:34,7.83
2026-01-29 19:20:35,7.83
2026-01-29 19:20:36,7.83
2026-01-29 19:20:37,7.83
2026-01-29 19:20:38,7.83
2026-01-29 19:20:39,7.84
2026-01-29 19:20:40,7.84
2026-01-29 19:20:41,7.84
2026-01-29 19:20:42,7.84
2026-01-29 19:20:43,7.84
2026-01-29 19:20:44,9.75
2026-01-29 19:20:45,9.75
2026-01-29 19:20:46,9.75
2026-01-29 19:20:47,9.75
2026-01-29 19:20:48,9.75
2026-01-29 19:20:49,7.92
2026-01-29 19:20:50,7.92
2026-01-29 19:20:51,7.92
2026-01-29 19:20:52,7.92
2026-01-29 19:20:53,7.92
2026-01-29 19:20:54,6.73
2026-01-29 19:20:55,6.73
2026-01-29 19:20:56,6.73
2026-01-29 19:20:57,6.73
2026-01-29 19:20:58,6.73
2026-01-29 19:20:59,6.45
2026-01-29 19:21:00,6.45
2026-01-29 19:21:01,6.45
2026-01-29 19:21:02,6.45
2026-01-29 19:21:03,6.45
2026-01-29 19:21:04,6.60
2026-01-29 19:21:05,6.60
2026-01-29 19:21:06,6.60
2026-01-29 19:21:07,6.60
2026-01-29 19:21:08,6.60
2026-01-29 19:21:09,6.46
2026-01-29 19:21:10,6.46
2026-01-29 19:21:11,6.46
2026-01-29 19:21:12,6.46
2026-01-29 19:21:13,6.46
2026-01-29 19:21:14,8.00
2026-01-29 19:21:15,8.00
2026-01-29 19:21:16,8.00
2026-01-29 19:21:17,8.00
2026-01-29 19:21:18,8.00
2026-01-29 19:21:19,7.83
2026-01-29 19:21:20,7.83
2026-01-29 19:21:21,7.83
2026-01-29 19:21:22,7.83
2026-01-29 19:21:23,7.83
2026-01-29 19:21:24,7.66
2026-01-29 19:21:25,7.66
2026-01-29 19:21:26,7.66
2026-01-29 19:21:27,7.66
2026-01-29 19:21:28,7.66
2026-01-29 19:21:29,0
2026-01-29 19:21:30,0
2026-01-29 19:21:31,0
2026-01-29 19:21:32,0
2026-01-29 19:21:33,0
2026-01-29 19:21:34,0
2026-01-29 19:21:35,0
2026-01-29 19:21:36,0
2026-01-29 19:21:37,0
2026-01-29 19:21:38,0
2026-01-29 19:21:39,0
2026-01-29 19:21:40,0
2026-01-29 19:21:41,0
2026-01-29 19:21:42,0
2026-01-29 19:21:43,0
2026-01-29 19:21:44,0
2026-01-29 19:21:45,0
2026-01-29 19:21:46,0
2026-01-29 19:21:47,0
2026-01-29 19:21:48,0
2026-01-29 19:21:49,0
2026-01-29 19:21:50,0
2026-01-29 19:21:51,0
2026-01-29 19:21:52,0
2026-01-29 19:21:53,0
2026-01-29 19:21:54,0
2026-01-29 19:21:55,0
2026-01-29 19:21:56,0
2026-01-29 19:21:57,0
2026-01-29 19:21:58,0
2026-01-29 19:21:59,0
2026-01-29 19:22:00,0
2026-01-29 19:22:01,0
2026-01-29 19:22:02,0
2026-01-29 19:22:03,0
2026-01-29 19:22:04,0
2026-01-29 19:22:05,0
2026-01-29 19:22:06,0
2026-01-29 19:22:07,0
2026-01-29 19:22:08,0
2026-01-29 19:22:09,0
2026-01-29 19:22:10,0
2026-01-29 19:22:11,0
2026-01-29 19:22:12,0
2026-01-29 19:22:13,0
2026-01-29 19:22:14,0
2026-01-29 19:22:15,0
2026-01-29 19:22:16,0
2026-01-29 19:22:17,0
2026-01-29 19:22:18,0
2026-01-29 19:22:19,0
2026-01-29 19:22:20,0
2026-01-29 19:22:21,0
2026-01-29 19:22:22,0
2026-01-29 19:22:23,0
2026-01-29 19:22:24,0
2026-01-29 19:22:25,0
2026-01-29 19:22:26,0
2026-01-29 19:22:27,0
2026-01-29 19:22:28,0
2026-01-29 19:22:29,0
2026-01-29 19:22:30,0
2026-01-29 19:22:31,0
2026-01-29 19:22:32,0
2026-01-29 19:22:33,0
2026-01-29 19:22:34,0
2026-01-29 19:22:35,0
2026-01-29 19:22:36,0
2026-01-29 19:22:37,0
2026-01-29 19:22:38,0
2026-01-29 19:22:39,0
2026-01-29 19:22:40,0
2026-01-29 19:22:41,0
2026-01-29 19:22:42,0
2026-01-29 19:22:43,0
2026-01-29 19:22:44,0
2026-01-29 19:22:45,0
2026-01-29 19:22:46,0
2026-01-29 19:22:47,0
2026-01-29 19:22:48,0
2026-01-29 19:22:49,0
2026-01-29 19:22:50,0
2026-01-29 19:22:51,0
2026-01-29 19:22:52,0
2026-01-29 19:22:53,0
2026-01-29 19:22:54,0
2026-01-29 19:22:55,0
2026-01-29 19:22:56,0
2026-01-29 19:22:57,0
2026-01-29 19:22:58,0
2026-01-29 19:22:59,0
2026-01-29 19:23:00,0
2026-01-29 19:23:01,0
2026-01-29 19:23:02,0
2026-01-29 19:23:03,0
2026-01-29 19:28:09,5.73
2026-01-29 19:28:10,5.73
2026-01-29 19:28:11,5.73
2026-01-29 19:28:12,5.73
2026-01-29 19:28:13,5.73
2026-01-29 19:28:14,7.81
2026-01-29 19:28:15,7.81
2026-01-29 19:28:16,7.81
2026-01-29 19:28:17,7.81
2026-01-29 19:28:18,7.81
2026-01-29 19:28:19,7.83
2026-01-29 19:28:20,7.83
2026-01-29 19:28:21,7.83
2026-01-29 19:28:22,7.83
2026-01-29 19:28:23,7.83
2026-01-29 19:28:24,8.01
2026-01-29 19:28:25,8.01
2026-01-29 19:28:26,8.01
2026-01-29 19:28:27,8.01
2026-01-29 19:28:28,8.01
2026-01-29 19:28:29,7.82
2026-01-29 19:28:30,7.82
2026-01-29 19:28:31,7.82
2026-01-29 19:28:32,7.82
2026-01-29 19:28:33,7.82
2026-01-29 19:28:34,8.38
2026-01-29 19:28:35,8.38
2026-01-29 19:28:36,8.38
2026-01-29 19:28:37,8.38
2026-01-29 19:28:38,8.38
2026-01-29 19:28:39,7.86
2026-01-29 19:28:40,7.86
2026-01-29 19:28:41,7.86
2026-01-29 19:28:42,7.86
2026-01-29 19:28:43,7.86
2026-01-29 19:28:44,7.72
2026-01-29 19:28:45,7.72
2026-01-29 19:28:46,7.72
2026-01-29 19:28:47,7.72
2026-01-29 19:28:48,7.72
2026-01-29 19:28:49,7.78
2026-01-29 19:28:50,7.78
2026-01-29 19:28:51,7.78
2026-01-29 19:28:52,7.78
2026-01-29 19:28:53,7.78
2026-01-29 19:28:54,8.99
2026-01-29 19:28:55,8.99
2026-01-29 19:28:56,8.99
2026-01-29 19:28:57,8.99
2026-01-29 19:28:58,8.99
2026-01-29 19:28:59,7.90
2026-01-29 19:29:00,7.90
2026-01-29 19:29:01,7.90
2026-01-29 19:29:02,7.90
2026-01-29 19:29:03,7.90
2026-01-29 19:29:04,8.05
2026-01-29 19:29:05,8.05
2026-01-29 19:29:06,8.05
2026-01-29 19:29:07,8.05
2026-01-29 19:29:08,8.05
2026-01-29 19:29:09,7.97
2026-01-29 19:29:10,7.97
2026-01-29 19:29:11,7.97
2026-01-29 19:29:12,7.97
2026-01-29 19:29:13,7.97
2026-01-29 19:29:14,7.83
2026-01-29 19:29:15,7.83
2026-01-29 19:29:16,7.83
2026-01-29 19:29:17,7.83
2026-01-29 19:29:18,7.83
2026-01-29 19:29:19,8.27
2026-01-29 19:29:20,8.27
2026-01-29 19:29:21,8.27
2026-01-29 19:29:22,8.27
2026-01-29 19:29:23,8.27
2026-01-29 19:29:24,8.08
2026-01-29 19:29:25,8.08
2026-01-29 19:29:26,8.08
2026-01-29 19:29:27,8.08
2026-01-29 19:29:28,8.08
2026-01-29 19:29:29,7.85
2026-01-29 19:29:30,7.85
2026-01-29 19:29:31,7.85
2026-01-29 19:29:32,7.85
2026-01-29 19:29:33,7.85
2026-01-29 19:29:34,8.00
2026-01-29 19:29:35,8.00
2026-01-29 19:29:36,8.00
2026-01-29 19:29:37,8.00
2026-01-29 19:29:38,8.00
2026-01-29 19:29:39,7.77
2026-01-29 19:29:40,7.77
2026-01-29 19:29:41,7.77
2026-01-29 19:29:42,7.77
2026-01-29 19:29:43,7.77
2026-01-29 19:29:44,7.80
2026-01-29 19:29:45,7.80
2026-01-29 19:29:46,7.80
2026-01-29 19:29:47,7.80
2026-01-29 19:29:48,7.80
2026-01-29 19:29:49,9.36
2026-01-29 19:29:50,9.36
2026-01-29 19:29:51,9.36
2026-01-29 19:29:52,9.36
2026-01-29 19:29:53,9.36
2026-01-29 19:29:54,0
2026-01-29 19:29:55,0
2026-01-29 19:29:56,0
2026-01-29 19:29:57,0
2026-01-29 19:29:58,0
2026-01-29 19:29:59,0
2026-01-29 19:30:00,0
2026-01-29 19:30:01,0
2026-01-29 19:30:02,0
2026-01-29 19:30:03,0
2026-01-29 19:30:04,0
2026-01-29 19:30:05,0
2026-01-29 19:30:06,0
2026-01-29 19:30:07,0
2026-01-29 19:30:08,0
2026-01-29 19:30:09,0
2026-01-29 19:30:10,0
2026-01-29 19:30:11,0
2026-01-29 19:30:12,0
2026-01-29 19:30:13,0
2026-01-29 19:30:14,0
2026-01-29 19:30:15,0
2026-01-29 19:30:16,0
2026-01-29 19:30:17,0
2026-01-29 19:30:18,0
2026-01-29 19:30:19,0
2026-01-29 19:30:20,0
2026-01-29 19:30:21,0
2026-01-29 19:30:22,0
2026-01-29 19:30:23,0
2026-01-29 19:30:24,0
2026-01-29 19:30:25,0
2026-01-29 19:30:26,0
2026-01-29 19:30:27,0
2026-01-29 19:30:28,0
2026-01-29 19:30:29,0
2026-01-29 19:30:30,0
2026-01-29 19:30:31,0
2026-01-29 19:30:32,0
2026-01-29 19:30:33,0
2026-01-29 19:30:34,0
2026-01-29 19:30:35,0
2026-01-29 19:30:36,0
2026-01-29 19:30:37,0
2026-01-29 19:30:38,0
2026-01-29 19:30:39,0
2026-01-29 19:30:40,0
2026-01-29 19:30:41,0
2026-01-29 19:30:42,0
2026-01-29 19:30:43,0
2026-01-29 19:30:44,0
2026-01-29 19:30:45,0
2026-01-29 19:30:46,0
2026-01-29 19:30:47,0
2026-01-29 19:30:48,0
2026-01-29 19:30:49,0
2026-01-29 19:30:50,0
2026-01-29 19:30:51,0
2026-01-29 19:30:52,0
2026-01-29 19:30:53,0
2026-01-29 19:30:54,0
2026-01-29 19:30:55,0
2026-01-29 19:30:56,0
2026-01-29 19:30:57,0
2026-01-29 19:30:58,0
2026-01-29 19:30:59,0
2026-01-29 19:31:00,0
2026-01-29 19:31:01,0
2026-01-29 19:31:02,0
2026-01-29 19:31:03,0
2026-01-29 19:31:04,0
2026-01-29 19:31:05,0
2026-01-29 19:31:06,0
2026-01-29 19:31:07,0
2026-01-29 19:31:08,0
2026-01-29 19:31:09,0
2026-01-29 19:31:10,0
2026-01-29 19:31:11,0
2026-01-29 19:31:12,0
2026-01-29 19:31:13,0
2026-01-29 19:31:14,0
2026-01-29 19:31:15,0
2026-01-29 19:31:16,0
2026-01-29 19:31:17,0
2026-01-29 19:31:18,0
2026-01-29 19:31:19,0
2026-01-29 19:31:20,0
2026-01-29 19:31:21,0
2026-01-29 19:31:22,0
2026-01-29 19:31:23,0
2026-01-29 19:31:24,0
2026-01-29 19:31:25,0
2026-01-29 19:31:26,0
2026-01-29 19:31:27,0
2026-01-29 19:31:28,0
2026-01-29 19:36:34,1.63
2026-01-29 19:36:35,1.63
2026-01-29 19:36:36,1.63
2026-01-29 19:36:37,1.63
2026-01-29 19:36:38,1.63
2026-01-29 19:36:39,7.97
2026-01-29 19:36:40,7.97
2026-01-29 19:36:41,7.97
2026-01-29 19:36:42,7.97
2026-01-29 19:36:43,7.97
2026-01-29 19:36:44,7.98
2026-01-29 19:36:45,7.98
2026-01-29 19:36:46,7.98
2026-01-29 19:36:47,7.98
2026-01-29 19:36:48,7.98
2026-01-29 19:36:49,8.41
2026-01-29 19:36:50,8.41
2026-01-29 19:36:51,8.41
2026-01-29 19:36:52,8.41
2026-01-29 19:36:53,8.41
2026-01-29 19:36:54,8.04
2026-01-29 19:36:55,8.04
2026-01-29 19:36:56,8.04
2026-01-29 19:36:57,8.04
2026-01-29 19:36:58,8.04
2026-01-29 19:36:59,7.95
2026-01-29 19:37:00,7.95
2026-01-29 19:37:01,7.95
2026-01-29 19:37:02,7.95
2026-01-29 19:37:03,7.95
2026-01-29 19:37:04,8.00
2026-01-29 19:37:05,8.00
2026-01-29 19:37:06,8.00
2026-01-29 19:37:07,8.00
2026-01-29 19:37:08,8.00
2026-01-29 19:37:09,8.30
2026-01-29 19:37:10,8.30
2026-01-29 19:37:11,8.30
2026-01-29 19:37:12,8.30
2026-01-29 19:37:13,8.30
2026-01-29 19:37:14,7.80
2026-01-29 19:37:15,7.80
2026-01-29 19:37:16,7.80
2026-01-29 19:37:17,7.80
2026-01-29 19:37:18,7.80
2026-01-29 19:37:19,7.99
2026-01-29 19:37:20,7.99
2026-01-29 19:37:21,7.99
2026-01-29 19:37:22,7.99
2026-01-29 19:37:23,7.99
2026-01-29 19:37:24,7.93
2026-01-29 19:37:25,7.93
2026-01-29 19:37:26,7.93
2026-01-29 19:37:27,7.93
2026-01-29 19:37:28,7.93
2026-01-29 19:37:29,8.07
2026-01-29 19:37:30,8.07
2026-01-29 19:37:31,8.07
2026-01-29 19:37:32,8.07
2026-01-29 19:37:33,8.07
2026-01-29 19:37:34,7.85
2026-01-29 19:37:35,7.85
2026-01-29 19:37:36,7.85
2026-01-29 19:37:37,7.85
2026-01-29 19:37:38,7.85
2026-01-29 19:37:39,7.94
2026-01-29 19:37:40,7.94
2026-01-29 19:37:41,7.94
2026-01-29 19:37:42,7.94
2026-01-29 19:37:43,7.94
2026-01-29 19:37:44,7.84
2026-01-29 19:37:45,7.84
2026-01-29 19:37:46,7.84
2026-01-29 19:37:47,7.84
2026-01-29 19:37:48,7.84
2026-01-29 19:37:49,8.16
2026-01-29 19:37:50,8.16
2026-01-29 19:37:51,8.16
2026-01-29 19:37:52,8.16
2026-01-29 19:37:53,8.16
2026-01-29 19:37:54,8.08
2026-01-29 19:37:55,8.08
2026-01-29 19:37:56,8.08
2026-01-29 19:37:57,8.08
2026-01-29 19:37:58,8.08
2026-01-29 19:37:59,7.95
2026-01-29 19:38:00,7.95
2026-01-29 19:38:01,7.95
2026-01-29 19:38:02,7.95
2026-01-29 19:38:03,7.95
2026-01-29 19:38:04,8.04
2026-01-29 19:38:05,8.04
2026-01-29 19:38:06,8.04
2026-01-29 19:38:07,8.04
2026-01-29 19:38:08,8.04
2026-01-29 19:38:09,8.09
2026-01-29 19:38:10,8.09
2026-01-29 19:38:11,8.09
2026-01-29 19:38:12,8.09
2026-01-29 19:38:13,8.09
2026-01-29 19:38:14,7.90
2026-01-29 19:38:15,7.90
2026-01-29 19:38:16,7.90
2026-01-29 19:38:17,7.90
2026-01-29 19:38:18,7.90
2026-01-29 19:38:19,0
2026-01-29 19:38:20,0
2026-01-29 19:38:21,0
2026-01-29 19:38:22,0
2026-01-29 19:38:23,0
2026-01-29 19:38:24,0
2026-01-29 19:38:25,0
2026-01-29 19:38:26,0
2026-01-29 19:38:27,0
2026-01-29 19:38:28,0
2026-01-29 19:38:29,0
2026-01-29 19:38:30,0
2026-01-29 19:38:31,0
2026-01-29 19:38:32,0
2026-01-29 19:38:33,0
2026-01-29 19:38:34,0
2026-01-29 19:38:35,0
2026-01-29 19:38:36,0
2026-01-29 19:38:37,0
2026-01-29 19:38:38,0
2026-01-29 19:38:39,0
2026-01-29 19:38:40,0
2026-01-29 19:38:41,0
2026-01-29 19:38:42,0
2026-01-29 19:38:43,0
2026-01-29 19:38:44,0
2026-01-29 19:38:45,0
2026-01-29 19:38:46,0
2026-01-29 19:38:47,0
2026-01-29 19:38:48,0
2026-01-29 19:38:49,0
2026-01-29 19:38:50,0
2026-01-29 19:38:51,0
2026-01-29 19:38:52,0
2026-01-29 19:38:53,0
2026-01-29 19:38:54,0
2026-01-29 19:38:55,0
2026-01-29 19:38:56,0
2026-01-29 19:38:57,0
2026-01-29 19:38:58,0
2026-01-29 19:38:59,0
2026-01-29 19:39:00,0
2026-01-29 19:39:01,0
2026-01-29 19:39:02,0
2026-01-29 19:39:03,0
2026-01-29 19:39:04,0
2026-01-29 19:39:05,0
2026-01-29 19:39:06,0
2026-01-29 19:39:07,0
2026-01-29 19:39:08,0
2026-01-29 19:39:09,0
2026-01-29 19:39:10,0
2026-01-29 19:39:11,0
2026-01-29 19:39:12,0
2026-01-29 19:39:13,0
2026-01-29 19:39:14,0
2026-01-29 19:39:15,0
2026-01-29 19:39:16,0
2026-01-29 19:39:17,0
2026-01-29 19:39:18,0
2026-01-29 19:39:19,0
2026-01-29 19:39:20,0
2026-01-29 19:39:21,0
2026-01-29 19:39:22,0
2026-01-29 19:39:23,0
2026-01-29 19:39:24,0
2026-01-29 19:39:25,0
2026-01-29 19:39:26,0
2026-01-29 19:39:27,0
2026-01-29 19:39:28,0
2026-01-29 19:39:29,0
2026-01-29 19:39:30,0
2026-01-29 19:39:31,0
2026-01-29 19:39:32,0
2026-01-29 19:39:33,0
2026-01-29 19:39:34,0
2026-01-29 19:39:35,0
2026-01-29 19:39:36,0
2026-01-29 19:39:37,0
2026-01-29 19:39:38,0
2026-01-29 19:39:39,0
2026-01-29 19:39:40,0
2026-01-29 19:39:41,0
2026-01-29 19:39:42,0
2026-01-29 19:39:43,0
2026-01-29 19:39:44,0
2026-01-29 19:39:45,0
2026-01-29 19:39:46,0
2026-01-29 19:39:47,0
2026-01-29 19:39:48,0
2026-01-29 19:39:49,0
2026-01-29 19:39:50,0
2026-01-29 19:39:51,0
2026-01-29 19:39:52,0
2026-01-29 19:39:53,0
2026-01-29 19:44:59,6.92
2026-01-29 19:45:00,6.92
2026-01-29 19:45:01,6.92
2026-01-29 19:45:02,6.92
2026-01-29 19:45:03,6.92
2026-01-29 19:45:04,8.56
2026-01-29 19:45:05,8.56
2026-01-29 19:45:06,8.56
2026-01-29 19:45:07,8.56
2026-01-29 19:45:08,8.56
2026-01-29 19:45:09,7.88
2026-01-29 19:45:10,7.88
2026-01-29 19:45:11,7.88
2026-01-29 19:45:12,7.88
2026-01-29 19:45:13,7.88
2026-01-29 19:45:14,7.80
2026-01-29 19:45:15,7.80
2026-01-29 19:45:16,7.80
2026-01-29 19:45:17,7.80
2026-01-29 19:45:18,7.80
2026-01-29 19:45:19,7.72
2026-01-29 19:45:20,7.72
2026-01-29 19:45:21,7.72
2026-01-29 19:45:22,7.72
2026-01-29 19:45:23,7.72
2026-01-29 19:45:24,7.85
2026-01-29 19:45:25,7.85
2026-01-29 19:45:26,7.85
2026-01-29 19:45:27,7.85
2026-01-29 19:45:28,7.85
2026-01-29 19:45:29,7.96
2026-01-29 19:45:30,7.96
2026-01-29 19:45:31,7.96
2026-01-29 19:45:32,7.96
2026-01-29 19:45:33,7.96
2026-01-29 19:45:34,7.73
2026-01-29 19:45:35,7.73
2026-01-29 19:45:36,7.73
2026-01-29 19:45:37,7.73
2026-01-29 19:45:38,7.73
2026-01-29 19:45:39,7.84
2026-01-29 19:45:40,7.84
2026-01-29 19:45:41,7.84
2026-01-29 19:45:42,7.84
2026-01-29 19:45:43,7.84
2026-01-29 19:45:44,7.73
2026-01-29 19:45:45,7.73
2026-01-29 19:45:46,7.73
2026-01-29 19:45:47,7.73
2026-01-29 19:45:48,7.73
2026-01-29 19:45:49,7.73
2026-01-29 19:45:50,7.73
2026-01-29 19:45:51,7.73
2026-01-29 19:45:52,7.73
2026-01-29 19:45:53,7.73
2026-01-29 19:45:54,7.91
2026-01-29 19:45:55,7.91
2026-01-29 19:45:56,7.91
2026-01-29 19:45:57,7.91
2026-01-29 19:45:58,7.91
2026-01-29 19:45:59,7.65
2026-01-29 19:46:00,7.65
2026-01-29 19:46:01,7.65
2026-01-29 19:46:02,7.65
2026-01-29 19:46:03,7.65
2026-01-29 19:46:04,7.96
2026-01-29 19:46:05,7.96
2026-01-29 19:46:06,7.96
2026-01-29 19:46:07,7.96
2026-01-29 19:46:08,7.96
2026-01-29 19:46:09,8.05
2026-01-29 19:46:10,8.05
2026-01-29 19:46:11,8.05
2026-01-29 19:46:12,8.05
2026-01-29 19:46:13,8.05
2026-01-29 19:46:14,7.79
2026-01-29 19:46:15,7.79
2026-01-29 19:46:16,7.79
2026-01-29 19:46:17,7.79
2026-01-29 19:46:18,7.79
2026-01-29 19:46:19,7.78
2026-01-29 19:46:20,7.78
2026-01-29 19:46:21,7.78
2026-01-29 19:46:22,7.78
2026-01-29 19:46:23,7.78
2026-01-29 19:46:24,7.85
2026-01-29 19:46:25,7.85
2026-01-29 19:46:26,7.85
2026-01-29 19:46:27,7.85
2026-01-29 19:46:28,7.85
2026-01-29 19:46:29,7.80
2026-01-29 19:46:30,7.80
2026-01-29 19:46:31,7.80
2026-01-29 19:46:32,7.80
2026-01-29 19:46:33,7.80
2026-01-29 19:46:34,7.77
2026-01-29 19:46:35,7.77
2026-01-29 19:46:36,7.77
2026-01-29 19:46:37,7.77
2026-01-29 19:46:38,7.77
2026-01-29 19:46:39,7.71
2026-01-29 19:46:40,7.71
2026-01-29 19:46:41,7.71
2026-01-29 19:46:42,7.71
2026-01-29 19:46:43,7.71
2026-01-29 19:46:44,0
2026-01-29 19:46:45,0
2026-01-29 19:46:46,0
2026-01-29 19:46:47,0
2026-01-29 19:46:48,0
2026-01-29 19:46:49,0
2026-01-29 19:46:50,0
2026-01-29 19:46:51,0
2026-01-29 19:46:52,0
2026-01-29 19:46:53,0
2026-01-29 19:46:54,0
2026-01-29 19:46:55,0
2026-01-29 19:46:56,0
2026-01-29 19:46:57,0
2026-01-29 19:46:58,0
2026-01-29 19:46:59,0
2026-01-29 19:47:00,0
2026-01-29 19:47:01,0
2026-01-29 19:47:02,0
2026-01-29 19:47:03,0
2026-01-29 19:47:04,0
2026-01-29 19:47:05,0
2026-01-29 19:47:06,0
2026-01-29 19:47:07,0
2026-01-29 19:47:08,0
2026-01-29 19:47:09,0
2026-01-29 19:47:10,0
2026-01-29 19:47:11,0
2026-01-29 19:47:12,0
2026-01-29 19:47:13,0
2026-01-29 19:47:14,0
2026-01-29 19:47:15,0
2026-01-29 19:47:16,0
2026-01-29 19:47:17,0
2026-01-29 19:47:18,0
2026-01-29 19:47:19,0
2026-01-29 19:47:20,0
2026-01-29 19:47:21,0
2026-01-29 19:47:22,0
2026-01-29 19:47:23,0
2026-01-29 19:47:24,0
2026-01-29 19:47:25,0
2026-01-29 19:47:26,0
2026-01-29 19:47:27,0
2026-01-29 19:47:28,0
2026-01-29 19:47:29,0
2026-01-29 19:47:30,0
2026-01-29 19:47:31,0
2026-01-29 19:47:32,0
2026-01-29 19:47:33,0
2026-01-29 19:47:34,0
2026-01-29 19:47:35,0
2026-01-29 19:47:36,0
2026-01-29 19:47:37,0
2026-01-29 19:47:38,0
2026-01-29 19:47:39,0
2026-01-29 19:47:40,0
2026-01-29 19:47:41,0
2026-01-29 19:47:42,0
2026-01-29 19:47:43,0
2026-01-29 19:47:44,0
2026-01-29 19:47:45,0
2026-01-29 19:47:46,0
2026-01-29 19:47:47,0
2026-01-29 19:47:48,0
2026-01-29 19:47:49,0
2026-01-29 19:47:50,0
2026-01-29 19:47:51,0
2026-01-29 19:47:52,0
2026-01-29 19:47:53,0
2026-01-29 19:47:54,0
2026-01-29 19:47:55,0
2026-01-29 19:47:56,0
2026-01-29 19:47:57,0
2026-01-29 19:47:58,0
2026-01-29 19:47:59,0
2026-01-29 19:48:00,0
2026-01-29 19:48:01,0
2026-01-29 19:48:02,0
2026-01-29 19:48:03,0
2026-01-29 19:48:04,0
2026-01-29 19:48:05,0
2026-01-29 19:48:06,0
2026-01-29 19:48:07,0
2026-01-29 19:48:08,0
2026-01-29 19:48:09,0
2026-01-29 19:48:10,0
2026-01-29 19:48:11,0
2026-01-29 19:48:12,0
2026-01-29 19:48:13,0
2026-01-29 19:53:24,8.51
2026-01-29 19:53:25,8.51
2026-01-29 19:53:26,8.51
2026-01-29 19:53:27,8.51
2026-01-29 19:53:28,8.51
2026-01-29 19:53:29,9.66
2026-01-29 19:53:30,9.66
2026-01-29 19:53:31,9.66
2026-01-29 19:53:32,9.66
2026-01-29 19:53:33,9.66
2026-01-29 19:53:34,9.23
2026-01-29 19:53:35,9.23
2026-01-29 19:53:36,9.23
2026-01-29 19:53:37,9.23
2026-01-29 19:53:38,9.23
2026-01-29 19:53:39,9.04
2026-01-29 19:53:40,9.04
2026-01-29 19:53:41,9.04
2026-01-29 19:53:42,9.04
2026-01-29 19:53:43,9.04
2026-01-29 19:53:44,9.16
2026-01-29 19:53:45,9.16
2026-01-29 19:53:46,9.16
2026-01-29 19:53:47,9.16
2026-01-29 19:53:48,9.16
2026-01-29 19:53:49,9.06
2026-01-29 19:53:50,9.06
2026-01-29 19:53:51,9.06
2026-01-29 19:53:52,9.06
2026-01-29 19:53:53,9.06
2026-01-29 19:53:54,8.96
2026-01-29 19:53:55,8.96
2026-01-29 19:53:56,8.96
2026-01-29 19:53:57,8.96
2026-01-29 19:53:58,8.96
2026-01-29 19:53:59,9.29
2026-01-29 19:54:00,9.29
2026-01-29 19:54:01,9.29
2026-01-29 19:54:02,9.29
2026-01-29 19:54:03,9.29
2026-01-29 19:54:04,10.1
2026-01-29 19:54:05,10.1
2026-01-29 19:54:06,10.1
2026-01-29 19:54:07,10.1
2026-01-29 19:54:08,10.1
2026-01-29 19:54:09,8.05
2026-01-29 19:54:10,8.05
2026-01-29 19:54:11,8.05
2026-01-29 19:54:12,8.05
2026-01-29 19:54:13,8.05
2026-01-29 19:54:14,8.36
2026-01-29 19:54:15,8.36
2026-01-29 19:54:16,8.36
2026-01-29 19:54:17,8.36
2026-01-29 19:54:18,8.36
2026-01-29 19:54:19,7.80
2026-01-29 19:54:20,7.80
2026-01-29 19:54:21,7.80
2026-01-29 19:54:22,7.80
2026-01-29 19:54:23,7.80
2026-01-29 19:54:24,8.00
2026-01-29 19:54:25,8.00
2026-01-29 19:54:26,8.00
2026-01-29 19:54:27,8.00
2026-01-29 19:54:28,8.00
2026-01-29 19:54:29,6.98
2026-01-29 19:54:30,6.98
2026-01-29 19:54:31,6.98
2026-01-29 19:54:32,6.98
2026-01-29 19:54:33,6.98
2026-01-29 19:54:34,8.29
2026-01-29 19:54:35,8.29
2026-01-29 19:54:36,8.29
2026-01-29 19:54:37,8.29
2026-01-29 19:54:38,8.29
2026-01-29 19:54:39,7.57
2026-01-29 19:54:40,7.57
2026-01-29 19:54:41,7.57
2026-01-29 19:54:42,7.57
2026-01-29 19:54:43,7.57
2026-01-29 19:54:44,9.03
2026-01-29 19:54:45,9.03
2026-01-29 19:54:46,9.03
2026-01-29 19:54:47,9.03
2026-01-29 19:54:48,9.03
2026-01-29 19:54:49,6.49
2026-01-29 19:54:50,6.49
2026-01-29 19:54:51,6.49
2026-01-29 19:54:52,6.49
2026-01-29 19:54:53,6.49
2026-01-29 19:54:54,6.50
2026-01-29 19:54:55,6.50
2026-01-29 19:54:56,6.50
2026-01-29 19:54:57,6.50
2026-01-29 19:54:58,6.50
2026-01-29 19:54:59,6.70
2026-01-29 19:55:00,6.70
2026-01-29 19:55:01,6.70
2026-01-29 19:55:02,6.70
2026-01-29 19:55:03,6.70
2026-01-29 19:55:04,6.71
2026-01-29 19:55:05,6.71
2026-01-29 19:55:06,6.71
2026-01-29 19:55:07,6.71
2026-01-29 19:55:08,6.71
2026-01-29 19:55:09,0
2026-01-29 19:55:10,0
2026-01-29 19:55:11,0
2026-01-29 19:55:12,0
2026-01-29 19:55:13,0
2026-01-29 19:55:14,0
2026-01-29 19:55:15,0
2026-01-29 19:55:16,0
2026-01-29 19:55:17,0
2026-01-29 19:55:18,0
2026-01-29 19:55:19,0
2026-01-29 19:55:20,0
2026-01-29 19:55:21,0
2026-01-29 19:55:22,0
2026-01-29 19:55:23,0
2026-01-29 19:55:24,0
2026-01-29 19:55:25,0
2026-01-29 19:55:26,0
2026-01-29 19:55:27,0
2026-01-29 19:55:28,0
2026-01-29 19:55:29,0
2026-01-29 19:55:30,0
2026-01-29 19:55:31,0
2026-01-29 19:55:32,0
2026-01-29 19:55:33,0
2026-01-29 19:55:34,0
2026-01-29 19:55:35,0
2026-01-29 19:55:36,0
2026-01-29 19:55:37,0
2026-01-29 19:55:38,0
2026-01-29 19:55:39,0
2026-01-29 19:55:40,0
2026-01-29 19:55:41,0
2026-01-29 19:55:42,0
2026-01-29 19:55:43,0
2026-01-29 19:55:44,0
2026-01-29 19:55:45,0
2026-01-29 19:55:46,0
2026-01-29 19:55:47,0
2026-01-29 19:55:48,0
2026-01-29 19:55:49,0
2026-01-29 19:55:50,0
2026-01-29 19:55:51,0
2026-01-29 19:55:52,0
2026-01-29 19:55:53,0
2026-01-29 19:55:54,0
2026-01-29 19:55:55,0
2026-01-29 19:55:56,0
2026-01-29 19:55:57,0
2026-01-29 19:55:58,0
2026-01-29 19:55:59,0
2026-01-29 19:56:00,0
2026-01-29 19:56:01,0
2026-01-29 19:56:02,0
2026-01-29 19:56:03,0
2026-01-29 19:56:04,0
2026-01-29 19:56:05,0
2026-01-29 19:56:06,0
2026-01-29 19:56:07,0
2026-01-29 19:56:08,0
2026-01-29 19:56:09,0
2026-01-29 19:56:10,0
2026-01-29 19:56:11,0
2026-01-29 19:56:12,0
2026-01-29 19:56:13,0
2026-01-29 19:56:14,0
2026-01-29 19:56:15,0
2026-01-29 19:56:16,0
2026-01-29 19:56:17,0
2026-01-29 19:56:18,0
2026-01-29 19:56:19,0
2026-01-29 19:56:20,0
2026-01-29 19:56:21,0
2026-01-29 19:56:22,0
2026-01-29 19:56:23,0
2026-01-29 19:56:24,0
2026-01-29 19:56:25,0
2026-01-29 19:56:26,0
2026-01-29 19:56:27,0
2026-01-29 19:56:28,0
2026-01-29 19:56:29,0
2026-01-29 19:56:30,0
2026-01-29 19:56:31,0
2026-01-29 19:56:32,0
2026-01-29 19:56:33,0
2026-01-29 19:56:34,0
2026-01-29 19:56:35,0
2026-01-29 19:56:36,0
2026-01-29 19:56:37,0
2026-01-29 19:56:38,0
2026-01-29 19:56:39,0
2026-01-29 19:56:40,0
2026-01-29 19:56:41,0
2026-01-29 19:56:42,0
2026-01-29 19:56:43,0
2026-01-29 20:01:49,11.1
2026-01-29 20:01:50,11.1
2026-01-29 20:01:51,11.1
2026-01-29 20:01:52,11.1
2026-01-29 20:01:53,11.1
2026-01-29 20:01:54,8.93
2026-01-29 20:01:55,8.93
2026-01-29 20:01:56,8.93
2026-01-29 20:01:57,8.93
2026-01-29 20:01:58,8.93
2026-01-29 20:01:59,9.06
2026-01-29 20:02:00,9.06
2026-01-29 20:02:01,9.06
2026-01-29 20:02:02,9.06
2026-01-29 20:02:03,9.06
2026-01-29 20:02:04,9.32
2026-01-29 20:02:05,9.32
2026-01-29 20:02:06,9.32
2026-01-29 20:02:07,9.32
2026-01-29 20:02:08,9.32
2026-01-29 20:02:09,8.88
2026-01-29 20:02:10,8.88
2026-01-29 20:02:11,8.88
2026-01-29 20:02:12,8.88
2026-01-29 20:02:13,8.88
2026-01-29 20:02:14,8.82
2026-01-29 20:02:15,8.82
2026-01-29 20:02:16,8.82
2026-01-29 20:02:17,8.82
2026-01-29 20:02:18,8.82
2026-01-29 20:02:19,8.83
2026-01-29 20:02:20,8.83
2026-01-29 20:02:21,8.83
2026-01-29 20:02:22,8.83
2026-01-29 20:02:23,8.83
2026-01-29 20:02:24,8.88
2026-01-29 20:02:25,8.88
2026-01-29 20:02:26,8.88
2026-01-29 20:02:27,8.88
2026-01-29 20:02:28,8.88
2026-01-29 20:02:29,8.95
2026-01-29 20:02:30,8.95
2026-01-29 20:02:31,8.95
2026-01-29 20:02:32,8.95
2026-01-29 20:02:33,8.95
2026-01-29 20:02:34,8.99
2026-01-29 20:02:35,8.99
2026-01-29 20:02:36,8.99
2026-01-29 20:02:37,8.99
2026-01-29 20:02:38,8.99
2026-01-29 20:02:39,8.83
2026-01-29 20:02:40,8.83
2026-01-29 20:02:41,8.83
2026-01-29 20:02:42,8.83
2026-01-29 20:02:43,8.83
2026-01-29 20:02:44,8.84
2026-01-29 20:02:45,8.84
2026-01-29 20:02:46,8.84
2026-01-29 20:02:47,8.84
2026-01-29 20:02:48,8.84
2026-01-29 20:02:49,9.12
2026-01-29 20:02:50,9.12
2026-01-29 20:02:51,9.12
2026-01-29 20:02:52,9.12
2026-01-29 20:02:53,9.12
2026-01-29 20:02:54,8.91
2026-01-29 20:02:55,8.91
2026-01-29 20:02:56,8.91
2026-01-29 20:02:57,8.91
2026-01-29 20:02:58,8.91
2026-01-29 20:02:59,8.88
2026-01-29 20:03:00,8.88
2026-01-29 20:03:01,8.88
2026-01-29 20:03:02,8.88
2026-01-29 20:03:03,8.88
2026-01-29 20:03:04,9.53
2026-01-29 20:03:05,9.53
2026-01-29 20:03:06,9.53
2026-01-29 20:03:07,9.53
2026-01-29 20:03:08,9.53
2026-01-29 20:03:09,9.02
2026-01-29 20:03:10,9.02
2026-01-29 20:03:11,9.02
2026-01-29 20:03:12,9.02
2026-01-29 20:03:13,9.02
2026-01-29 20:03:14,8.86
2026-01-29 20:03:15,8.86
2026-01-29 20:03:16,8.86
2026-01-29 20:03:17,8.86
2026-01-29 20:03:18,8.86
2026-01-29 20:03:19,9.72
2026-01-29 20:03:20,9.72
2026-01-29 20:03:21,9.72
2026-01-29 20:03:22,9.72
2026-01-29 20:03:23,9.72
2026-01-29 20:03:24,9.89
2026-01-29 20:03:25,9.89
2026-01-29 20:03:26,9.89
2026-01-29 20:03:27,9.89
2026-01-29 20:03:28,9.89
2026-01-29 20:03:29,9.84
2026-01-29 20:03:30,9.84
2026-01-29 20:03:31,9.84
2026-01-29 20:03:32,9.84
2026-01-29 20:03:33,9.84
2026-01-29 20:03:34,0
2026-01-29 20:03:35,0
2026-01-29 20:03:36,0
2026-01-29 20:03:37,0
2026-01-29 20:03:38,0
2026-01-29 20:03:39,0
2026-01-29 20:03:40,0
2026-01-29 20:03:41,0
2026-01-29 20:03:42,0
2026-01-29 20:03:43,0
2026-01-29 20:03:44,0
2026-01-29 20:03:45,0
2026-01-29 20:03:46,0
2026-01-29 20:03:47,0
2026-01-29 20:03:48,0
2026-01-29 20:03:49,0
2026-01-29 20:03:50,0
2026-01-29 20:03:51,0
2026-01-29 20:03:52,0
2026-01-29 20:03:53,0
2026-01-29 20:03:54,0
2026-01-29 20:03:55,0
2026-01-29 20:03:56,0
2026-01-29 20:03:57,0
2026-01-29 20:03:58,0
2026-01-29 20:03:59,0
2026-01-29 20:04:00,0
2026-01-29 20:04:01,0
2026-01-29 20:04:02,0
2026-01-29 20:04:03,0
2026-01-29 20:04:04,0
2026-01-29 20:04:05,0
2026-01-29 20:04:06,0
2026-01-29 20:04:07,0
2026-01-29 20:04:08,0
2026-01-29 20:04:09,0
2026-01-29 20:04:10,0
2026-01-29 20:04:11,0
2026-01-29 20:04:12,0
2026-01-29 20:04:13,0
2026-01-29 20:04:14,0
2026-01-29 20:04:15,0
2026-01-29 20:04:16,0
2026-01-29 20:04:17,0
2026-01-29 20:04:18,0
2026-01-29 20:04:19,0
2026-01-29 20:04:20,0
2026-01-29 20:04:21,0
2026-01-29 20:04:22,0
2026-01-29 20:04:23,0
2026-01-29 20:04:24,0
2026-01-29 20:04:25,0
2026-01-29 20:04:26,0
2026-01-29 20:04:27,0
2026-01-29 20:04:28,0
2026-01-29 20:04:29,0
2026-01-29 20:04:30,0
2026-01-29 20:04:31,0
2026-01-29 20:04:32,0
2026-01-29 20:04:33,0
2026-01-29 20:04:34,0
2026-01-29 20:04:35,0
2026-01-29 20:04:36,0
2026-01-29 20:04:37,0
2026-01-29 20:04:38,0
2026-01-29 20:04:39,0
2026-01-29 20:04:40,0
2026-01-29 20:04:41,0
2026-01-29 20:04:42,0
2026-01-29 20:04:43,0
2026-01-29 20:04:44,0
2026-01-29 20:04:45,0
2026-01-29 20:04:46,0
2026-01-29 20:04:47,0
2026-01-29 20:04:48,0
2026-01-29 20:04:49,0
2026-01-29 20:04:50,0
2026-01-29 20:04:51,0
2026-01-29 20:04:52,0
2026-01-29 20:04:53,0
2026-01-29 20:04:54,0
2026-01-29 20:04:55,0
2026-01-29 20:04:56,0
2026-01-29 20:04:57,0
2026-01-29 20:04:58,0
2026-01-29 20:04:59,0
2026-01-29 20:05:00,0
2026-01-29 20:05:01,0
2026-01-29 20:05:02,0
2026-01-29 20:05:03,0
2026-01-29 20:05:04,0
2026-01-29 20:05:05,0
2026-01-29 20:05:06,0
2026-01-29 20:05:07,0
2026-01-29 20:05:08,0
2026-01-29 20:10:04,3.93
2026-01-29 20:10:05,3.93
2026-01-29 20:10:06,3.93
2026-01-29 20:10:07,3.93
2026-01-29 20:10:08,3.93
2026-01-29 20:10:09,9.92
2026-01-29 20:10:10,9.92
2026-01-29 20:10:11,9.92
2026-01-29 20:10:12,9.92
2026-01-29 20:10:13,9.92
2026-01-29 20:10:14,8.87
2026-01-29 20:10:15,8.87
2026-01-29 20:10:16,8.87
2026-01-29 20:10:17,8.87
2026-01-29 20:10:18,8.87
2026-01-29 20:10:19,8.85
2026-01-29 20:10:20,8.85
2026-01-29 20:10:21,8.85
2026-01-29 20:10:22,8.85
2026-01-29 20:10:23,8.85
2026-01-29 20:10:24,8.90
2026-01-29 20:10:25,8.90
2026-01-29 20:10:26,8.90
2026-01-29 20:10:27,8.90
2026-01-29 20:10:28,8.90
2026-01-29 20:10:29,8.80
2026-01-29 20:10:30,8.80
2026-01-29 20:10:31,8.80
2026-01-29 20:10:32,8.80
2026-01-29 20:10:33,8.80
2026-01-29 20:10:34,9.98
2026-01-29 20:10:35,9.98
2026-01-29 20:10:36,9.98
2026-01-29 20:10:37,9.98
2026-01-29 20:10:38,9.98
2026-01-29 20:10:39,10.2
2026-01-29 20:10:40,10.2
2026-01-29 20:10:41,10.2
2026-01-29 20:10:42,10.2
2026-01-29 20:10:43,10.2
2026-01-29 20:10:44,9.83
2026-01-29 20:10:45,9.83
2026-01-29 20:10:46,9.83
2026-01-29 20:10:47,9.83
2026-01-29 20:10:48,9.83
2026-01-29 20:10:49,10.00
2026-01-29 20:10:50,10.00
2026-01-29 20:10:51,10.00
2026-01-29 20:10:52,10.00
2026-01-29 20:10:53,10.00
2026-01-29 20:10:54,9.96
2026-01-29 20:10:55,9.96
2026-01-29 20:10:56,9.96
2026-01-29 20:10:57,9.96
2026-01-29 20:10:58,9.96
2026-01-29 20:10:59,9.98
2026-01-29 20:11:00,9.98
2026-01-29 20:11:01,9.98
2026-01-29 20:11:02,9.98
2026-01-29 20:11:03,9.98
2026-01-29 20:11:04,10.4
2026-01-29 20:11:05,10.4
2026-01-29 20:11:06,10.4
2026-01-29 20:11:07,10.4
2026-01-29 20:11:08,10.4
2026-01-29 20:11:09,10.3
2026-01-29 20:11:10,10.3
2026-01-29 20:11:11,10.3
2026-01-29 20:11:12,10.3
2026-01-29 20:11:13,10.3
2026-01-29 20:11:14,9.98
2026-01-29 20:11:15,9.98
2026-01-29 20:11:16,9.98
2026-01-29 20:11:17,9.98
2026-01-29 20:11:18,9.98
2026-01-29 20:11:19,8.98
2026-01-29 20:11:20,8.98
2026-01-29 20:11:21,8.98
2026-01-29 20:11:22,8.98
2026-01-29 20:11:23,8.98
2026-01-29 20:11:24,10.2
2026-01-29 20:11:25,10.2
2026-01-29 20:11:26,10.2
2026-01-29 20:11:27,10.2
2026-01-29 20:11:28,10.2
2026-01-29 20:11:29,10.6
2026-01-29 20:11:30,10.6
2026-01-29 20:11:31,10.6
2026-01-29 20:11:32,10.6
2026-01-29 20:11:33,10.6
2026-01-29 20:11:34,10.3
2026-01-29 20:11:35,10.3
2026-01-29 20:11:36,10.3
2026-01-29 20:11:37,10.3
2026-01-29 20:11:38,10.3
2026-01-29 20:11:39,10.3
2026-01-29 20:11:40,10.3
2026-01-29 20:11:41,10.3
2026-01-29 20:11:42,10.3
2026-01-29 20:11:43,10.3
2026-01-29 20:11:44,9.83
2026-01-29 20:11:45,9.83
2026-01-29 20:11:46,9.83
2026-01-29 20:11:47,9.83
2026-01-29 20:11:48,9.83
2026-01-29 20:11:49,9.86
2026-01-29 20:11:50,9.86
2026-01-29 20:11:51,9.86
2026-01-29 20:11:52,9.86
2026-01-29 20:11:53,9.86
2026-01-29 20:11:54,0
2026-01-29 20:11:55,0
2026-01-29 20:11:56,0
2026-01-29 20:11:57,0
2026-01-29 20:11:58,0
2026-01-29 20:11:59,0
2026-01-29 20:12:00,0
2026-01-29 20:12:01,0
2026-01-29 20:12:02,0
2026-01-29 20:12:03,0
2026-01-29 20:12:04,0
2026-01-29 20:12:05,0
2026-01-29 20:12:06,0
2026-01-29 20:12:07,0
2026-01-29 20:12:08,0
2026-01-29 20:12:09,0
2026-01-29 20:12:10,0
2026-01-29 20:12:11,0
2026-01-29 20:12:12,0
2026-01-29 20:12:13,0
2026-01-29 20:12:14,0
2026-01-29 20:12:15,0
2026-01-29 20:12:16,0
2026-01-29 20:12:17,0
2026-01-29 20:12:18,0
2026-01-29 20:12:19,0
2026-01-29 20:12:20,0
2026-01-29 20:12:21,0
2026-01-29 20:12:22,0
2026-01-29 20:12:23,0
2026-01-29 20:12:24,0
2026-01-29 20:12:25,0
2026-01-29 20:12:26,0
2026-01-29 20:12:27,0
2026-01-29 20:12:28,0
2026-01-29 20:12:29,0
2026-01-29 20:12:30,0
2026-01-29 20:12:31,0
2026-01-29 20:12:32,0
2026-01-29 20:12:33,0
2026-01-29 20:12:34,0
2026-01-29 20:12:35,0
2026-01-29 20:12:36,0
2026-01-29 20:12:37,0
2026-01-29 20:12:38,0
2026-01-29 20:12:39,0
2026-01-29 20:12:40,0
2026-01-29 20:12:41,0
2026-01-29 20:12:42,0
2026-01-29 20:12:43,0
2026-01-29 20:12:44,0
2026-01-29 20:12:45,0
2026-01-29 20:12:46,0
2026-01-29 20:12:47,0
2026-01-29 20:12:48,0
2026-01-29 20:12:49,0
2026-01-29 20:12:50,0
2026-01-29 20:12:51,0
2026-01-29 20:12:52,0
2026-01-29 20:12:53,0
2026-01-29 20:12:54,0
2026-01-29 20:12:55,0
2026-01-29 20:12:56,0
2026-01-29 20:12:57,0
2026-01-29 20:12:58,0
2026-01-29 20:12:59,0
2026-01-29 20:13:00,0
2026-01-29 20:13:01,0
2026-01-29 20:13:02,0
2026-01-29 20:13:03,0
2026-01-29 20:13:04,0
2026-01-29 20:13:05,0
2026-01-29 20:13:06,0
2026-01-29 20:13:07,0
2026-01-29 20:13:08,0
2026-01-29 20:13:09,0
2026-01-29 20:13:10,0
2026-01-29 20:13:11,0
2026-01-29 20:13:12,0
2026-01-29 20:13:13,0
2026-01-29 20:13:14,0
2026-01-29 20:13:15,0
2026-01-29 20:13:16,0
2026-01-29 20:13:17,0
2026-01-29 20:13:18,0
2026-01-29 20:13:19,0
2026-01-29 20:13:20,0
2026-01-29 20:13:21,0
2026-01-29 20:13:22,0
2026-01-29 20:13:23,0
2026-01-29 20:13:24,0
2026-01-29 20:13:25,0
2026-01-29 20:13:26,0
2026-01-29 20:13:27,0
2026-01-29 20:13:28,0
2026-01-29 20:18:34,6.62
2026-01-29 20:18:35,6.62
2026-01-29 20:18:36,6.62
2026-01-29 20:18:37,6.62
2026-01-29 20:18:38,6.62
2026-01-29 20:18:39,8.07
2026-01-29 20:18:40,8.07
2026-01-29 20:18:41,8.07
2026-01-29 20:18:42,8.07
2026-01-29 20:18:43,8.07
2026-01-29 20:18:44,8.21
2026-01-29 20:18:45,8.21
2026-01-29 20:18:46,8.21
2026-01-29 20:18:47,8.21
2026-01-29 20:18:48,8.21
2026-01-29 20:18:49,7.78
2026-01-29 20:18:50,7.78
2026-01-29 20:18:51,7.78
2026-01-29 20:18:52,7.78
2026-01-29 20:18:53,7.78
2026-01-29 20:18:54,9.77
2026-01-29 20:18:55,9.77
2026-01-29 20:18:56,9.77
2026-01-29 20:18:57,9.77
2026-01-29 20:18:58,9.77
2026-01-29 20:18:59,8.85
2026-01-29 20:19:00,8.85
2026-01-29 20:19:01,8.85
2026-01-29 20:19:02,8.85
2026-01-29 20:19:03,8.85
2026-01-29 20:19:04,9.32
2026-01-29 20:19:05,9.32
2026-01-29 20:19:06,9.32
2026-01-29 20:19:07,9.32
2026-01-29 20:19:08,9.32
2026-01-29 20:19:09,9.24
2026-01-29 20:19:10,9.24
2026-01-29 20:19:11,9.24
2026-01-29 20:19:12,9.24
2026-01-29 20:19:13,9.24
2026-01-29 20:19:14,8.82
2026-01-29 20:19:15,8.82
2026-01-29 20:19:16,8.82
2026-01-29 20:19:17,8.82
2026-01-29 20:19:18,8.82
2026-01-29 20:19:19,8.85
2026-01-29 20:19:20,8.85
2026-01-29 20:19:21,8.85
2026-01-29 20:19:22,8.85
2026-01-29 20:19:23,8.85
2026-01-29 20:19:24,8.79
2026-01-29 20:19:25,8.79
2026-01-29 20:19:26,8.79
2026-01-29 20:19:27,8.79
2026-01-29 20:19:28,8.79
2026-01-29 20:19:29,8.89
2026-01-29 20:19:30,8.89
2026-01-29 20:19:31,8.89
2026-01-29 20:19:32,8.89
2026-01-29 20:19:33,8.89
2026-01-29 20:19:34,10.5
2026-01-29 20:19:35,10.5
2026-01-29 20:19:36,10.5
2026-01-29 20:19:37,10.5
2026-01-29 20:19:38,10.5
2026-01-29 20:19:39,10.1
2026-01-29 20:19:40,10.1
2026-01-29 20:19:41,10.1
2026-01-29 20:19:42,10.1
2026-01-29 20:19:43,10.1
2026-01-29 20:19:44,9.68
2026-01-29 20:19:45,9.68
2026-01-29 20:19:46,9.68
2026-01-29 20:19:47,9.68
2026-01-29 20:19:48,9.68
2026-01-29 20:19:49,9.95
2026-01-29 20:19:50,9.95
2026-01-29 20:19:51,9.95
2026-01-29 20:19:52,9.95
2026-01-29 20:19:53,9.95
2026-01-29 20:19:54,9.66
2026-01-29 20:19:55,9.66
2026-01-29 20:19:56,9.66
2026-01-29 20:19:57,9.66
2026-01-29 20:19:58,9.66
2026-01-29 20:19:59,9.71
2026-01-29 20:20:00,9.71
2026-01-29 20:20:01,9.71
2026-01-29 20:20:02,9.71
2026-01-29 20:20:03,9.71
2026-01-29 20:20:04,10.0
2026-01-29 20:20:05,10.0
2026-01-29 20:20:06,10.0
2026-01-29 20:20:07,10.0
2026-01-29 20:20:08,10.0
2026-01-29 20:20:09,10.3
2026-01-29 20:20:10,10.3
2026-01-29 20:20:11,10.3
2026-01-29 20:20:12,10.3
2026-01-29 20:20:13,10.3
2026-01-29 20:20:14,9.70
2026-01-29 20:20:15,9.70
2026-01-29 20:20:16,9.70
2026-01-29 20:20:17,9.70
2026-01-29 20:20:18,9.70
2026-01-29 20:20:19,9.33
2026-01-29 20:20:20,9.33
2026-01-29 20:20:21,9.33
2026-01-29 20:20:22,9.33
2026-01-29 20:20:23,9.33
2026-01-29 20:20:24,0
2026-01-29 20:20:25,0
2026-01-29 20:20:26,0
2026-01-29 20:20:27,0
2026-01-29 20:20:28,0
2026-01-29 20:20:29,0
2026-01-29 20:20:30,0
2026-01-29 20:20:31,0
2026-01-29 20:20:32,0
2026-01-29 20:20:33,0
2026-01-29 20:20:34,0
2026-01-29 20:20:35,0
2026-01-29 20:20:36,0
2026-01-29 20:20:37,0
2026-01-29 20:20:38,0
2026-01-29 20:20:39,0
2026-01-29 20:20:40,0
2026-01-29 20:20:41,0
2026-01-29 20:20:42,0
2026-01-29 20:20:43,0
2026-01-29 20:20:44,0
2026-01-29 20:20:45,0
2026-01-29 20:20:46,0
2026-01-29 20:20:47,0
2026-01-29 20:20:48,0
2026-01-29 20:20:49,0
2026-01-29 20:20:50,0
2026-01-29 20:20:51,0
2026-01-29 20:20:52,0
2026-01-29 20:20:53,0
2026-01-29 20:20:54,0
2026-01-29 20:20:55,0
2026-01-29 20:20:56,0
2026-01-29 20:20:57,0
2026-01-29 20:20:58,0
2026-01-29 20:20:59,0
2026-01-29 20:21:00,0
2026-01-29 20:21:01,0
2026-01-29 20:21:02,0
2026-01-29 20:21:03,0
2026-01-29 20:21:04,0
2026-01-29 20:21:05,0
2026-01-29 20:21:06,0
2026-01-29 20:21:07,0
2026-01-29 20:21:08,0
2026-01-29 20:21:09,0
2026-01-29 20:21:10,0
2026-01-29 20:21:11,0
2026-01-29 20:21:12,0
2026-01-29 20:21:13,0
2026-01-29 20:21:14,0
2026-01-29 20:21:15,0
2026-01-29 20:21:16,0
2026-01-29 20:21:17,0
2026-01-29 20:21:18,0
2026-01-29 20:21:19,0
2026-01-29 20:21:20,0
2026-01-29 20:21:21,0
2026-01-29 20:21:22,0
2026-01-29 20:21:23,0
2026-01-29 20:21:24,0
2026-01-29 20:21:25,0
2026-01-29 20:21:26,0
2026-01-29 20:21:27,0
2026-01-29 20:21:28,0
2026-01-29 20:21:29,0
2026-01-29 20:21:30,0
2026-01-29 20:21:31,0
2026-01-29 20:21:32,0
2026-01-29 20:21:33,0
2026-01-29 20:21:34,0
2026-01-29 20:21:35,0
2026-01-29 20:21:36,0
2026-01-29 20:21:37,0
2026-01-29 20:21:38,0
2026-01-29 20:21:39,0
2026-01-29 20:21:40,0
2026-01-29 20:21:41,0
2026-01-29 20:21:42,0
2026-01-29 20:21:43,0
2026-01-29 20:21:44,0
2026-01-29 20:21:45,0
2026-01-29 20:21:46,0
2026-01-29 20:21:47,0
2026-01-29 20:21:48,0
2026-01-29 20:21:49,0
2026-01-29 20:21:50,0
2026-01-29 20:21:51,0
2026-01-29 20:21:52,0
2026-01-29 20:21:53,0
2026-01-29 20:21:54,0
2026-01-29 20:21:55,0
2026-01-29 20:21:56,0
2026-01-29 20:21:57,0
2026-01-29 20:21:58,0
2026-01-29 20:26:59,3.67
2026-01-29 20:27:00,3.67
2026-01-29 20:27:01,3.67
2026-01-29 20:27:02,3.67
2026-01-29 20:27:03,3.67
2026-01-29 20:27:04,6.32
2026-01-29 20:27:05,6.32
2026-01-29 20:27:06,6.32
2026-01-29 20:27:07,6.32
2026-01-29 20:27:08,6.32
2026-01-29 20:27:09,7.32
2026-01-29 20:27:10,7.32
2026-01-29 20:27:11,7.32
2026-01-29 20:27:12,7.32
2026-01-29 20:27:13,7.32
2026-01-29 20:27:14,6.58
2026-01-29 20:27:15,6.58
2026-01-29 20:27:16,6.58
2026-01-29 20:27:17,6.58
2026-01-29 20:27:18,6.58
2026-01-29 20:27:19,6.72
2026-01-29 20:27:20,6.72
2026-01-29 20:27:21,6.72
2026-01-29 20:27:22,6.72
2026-01-29 20:27:23,6.72
2026-01-29 20:27:24,6.80
2026-01-29 20:27:25,6.80
2026-01-29 20:27:26,6.80
2026-01-29 20:27:27,6.80
2026-01-29 20:27:28,6.80
2026-01-29 20:27:29,6.05
2026-01-29 20:27:30,6.05
2026-01-29 20:27:31,6.05
2026-01-29 20:27:32,6.05
2026-01-29 20:27:33,6.05
2026-01-29 20:27:34,7.67
2026-01-29 20:27:35,7.67
2026-01-29 20:27:36,7.67
2026-01-29 20:27:37,7.67
2026-01-29 20:27:38,7.67
2026-01-29 20:27:39,7.75
2026-01-29 20:27:40,7.75
2026-01-29 20:27:41,7.75
2026-01-29 20:27:42,7.75
2026-01-29 20:27:43,7.75
2026-01-29 20:27:44,7.63
2026-01-29 20:27:45,7.63
2026-01-29 20:27:46,7.63
2026-01-29 20:27:47,7.63
2026-01-29 20:27:48,7.63
2026-01-29 20:27:49,7.68
2026-01-29 20:27:50,7.68
2026-01-29 20:27:51,7.68
2026-01-29 20:27:52,7.68
2026-01-29 20:27:53,7.68
2026-01-29 20:27:54,7.01
2026-01-29 20:27:55,7.01
2026-01-29 20:27:56,7.01
2026-01-29 20:27:57,7.01
2026-01-29 20:27:58,7.01
2026-01-29 20:27:59,8.16
2026-01-29 20:28:00,8.16
2026-01-29 20:28:01,8.16
2026-01-29 20:28:02,8.16
2026-01-29 20:28:03,8.16
2026-01-29 20:28:04,9.90
2026-01-29 20:28:05,9.90
2026-01-29 20:28:06,9.90
2026-01-29 20:28:07,9.90
2026-01-29 20:28:08,9.90
2026-01-29 20:28:09,10.4
2026-01-29 20:28:10,10.4
2026-01-29 20:28:11,10.4
2026-01-29 20:28:12,10.4
2026-01-29 20:28:13,10.4
2026-01-29 20:28:14,9.68
2026-01-29 20:28:15,9.68
2026-01-29 20:28:16,9.68
2026-01-29 20:28:17,9.68
2026-01-29 20:28:18,9.68
2026-01-29 20:28:19,9.75
2026-01-29 20:28:20,9.75
2026-01-29 20:28:21,9.75
2026-01-29 20:28:22,9.75
2026-01-29 20:28:23,9.75
2026-01-29 20:28:24,9.74
2026-01-29 20:28:25,9.74
2026-01-29 20:28:26,9.74
2026-01-29 20:28:27,9.74
2026-01-29 20:28:28,9.74
2026-01-29 20:28:29,11.1
2026-01-29 20:28:30,11.1
2026-01-29 20:28:31,11.1
2026-01-29 20:28:32,11.1
2026-01-29 20:28:33,11.1
2026-01-29 20:28:34,9.73
2026-01-29 20:28:35,9.73
2026-01-29 20:28:36,9.73
2026-01-29 20:28:37,9.73
2026-01-29 20:28:38,9.73
2026-01-29 20:28:39,8.53
2026-01-29 20:28:40,8.53
2026-01-29 20:28:41,8.53
2026-01-29 20:28:42,8.53
2026-01-29 20:28:43,8.53
2026-01-29 20:28:44,0
2026-01-29 20:28:45,0
2026-01-29 20:28:46,0
2026-01-29 20:28:47,0
2026-01-29 20:28:48,0
2026-01-29 20:28:49,0
2026-01-29 20:28:50,0
2026-01-29 20:28:51,0
2026-01-29 20:28:52,0
2026-01-29 20:28:53,0
2026-01-29 20:28:54,0
2026-01-29 20:28:55,0
2026-01-29 20:28:56,0
2026-01-29 20:28:57,0
2026-01-29 20:28:58,0
2026-01-29 20:28:59,0
2026-01-29 20:29:00,0
2026-01-29 20:29:01,0
2026-01-29 20:29:02,0
2026-01-29 20:29:03,0
2026-01-29 20:29:04,0
2026-01-29 20:29:05,0
2026-01-29 20:29:06,0
2026-01-29 20:29:07,0
2026-01-29 20:29:08,0
2026-01-29 20:29:09,0
2026-01-29 20:29:10,0
2026-01-29 20:29:11,0
2026-01-29 20:29:12,0
2026-01-29 20:29:13,0
2026-01-29 20:29:14,0
2026-01-29 20:29:15,0
2026-01-29 20:29:16,0
2026-01-29 20:29:17,0
2026-01-29 20:29:18,0
2026-01-29 20:29:19,0
2026-01-29 20:29:20,0
2026-01-29 20:29:21,0
2026-01-29 20:29:22,0
2026-01-29 20:29:23,0
2026-01-29 20:29:24,0
2026-01-29 20:29:25,0
2026-01-29 20:29:26,0
2026-01-29 20:29:27,0
2026-01-29 20:29:28,0
2026-01-29 20:29:29,0
2026-01-29 20:29:30,0
2026-01-29 20:29:31,0
2026-01-29 20:29:32,0
2026-01-29 20:29:33,0
2026-01-29 20:29:34,0
2026-01-29 20:29:35,0
2026-01-29 20:29:36,0
2026-01-29 20:29:37,0
2026-01-29 20:29:38,0
2026-01-29 20:29:39,0
2026-01-29 20:29:40,0
2026-01-29 20:29:41,0
2026-01-29 20:29:42,0
2026-01-29 20:29:43,0
2026-01-29 20:29:44,0
2026-01-29 20:29:45,0
2026-01-29 20:29:46,0
2026-01-29 20:29:47,0
2026-01-29 20:29:48,0
2026-01-29 20:29:49,0
2026-01-29 20:29:50,0
2026-01-29 20:29:51,0
2026-01-29 20:29:52,0
2026-01-29 20:29:53,0
2026-01-29 20:29:54,0
2026-01-29 20:29:55,0
2026-01-29 20:29:56,0
2026-01-29 20:29:57,0
2026-01-29 20:29:58,0
2026-01-29 20:29:59,0
2026-01-29 20:30:00,0
2026-01-29 20:30:01,0
2026-01-29 20:30:02,0
2026-01-29 20:30:03,0
2026-01-29 20:30:04,0
2026-01-29 20:30:05,0
2026-01-29 20:30:06,0
2026-01-29 20:30:07,0
2026-01-29 20:30:08,0
2026-01-29 20:30:09,0
2026-01-29 20:30:10,0
2026-01-29 20:30:11,0
2026-01-29 20:30:12,0
2026-01-29 20:30:13,0
2026-01-29 20:30:14,0
2026-01-29 20:30:15,0
2026-01-29 20:30:16,0
2026-01-29 20:30:17,0
2026-01-29 20:30:18,0
2026-01-29 20:35:29,3.62
2026-01-29 20:35:30,3.62
2026-01-29 20:35:31,3.62
2026-01-29 20:35:32,3.62
2026-01-29 20:35:33,3.62
2026-01-29 20:35:34,7.24
2026-01-29 20:35:35,7.24
2026-01-29 20:35:36,7.24
2026-01-29 20:35:37,7.24
2026-01-29 20:35:38,7.24
2026-01-29 20:35:39,7.88
2026-01-29 20:35:40,7.88
2026-01-29 20:35:41,7.88
2026-01-29 20:35:42,7.88
2026-01-29 20:35:43,7.88
2026-01-29 20:35:44,8.04
2026-01-29 20:35:45,8.04
2026-01-29 20:35:46,8.04
2026-01-29 20:35:47,8.04
2026-01-29 20:35:48,8.04
2026-01-29 20:35:49,6.74
2026-01-29 20:35:50,6.74
2026-01-29 20:35:51,6.74
2026-01-29 20:35:52,6.74
2026-01-29 20:35:53,6.74
2026-01-29 20:35:54,7.97
2026-01-29 20:35:55,7.97
2026-01-29 20:35:56,7.97
2026-01-29 20:35:57,7.97
2026-01-29 20:35:58,7.97
2026-01-29 20:35:59,8.31
2026-01-29 20:36:00,8.31
2026-01-29 20:36:01,8.31
2026-01-29 20:36:02,8.31
2026-01-29 20:36:03,8.31
2026-01-29 20:36:04,10.2
2026-01-29 20:36:05,10.2
2026-01-29 20:36:06,10.2
2026-01-29 20:36:07,10.2
2026-01-29 20:36:08,10.2
2026-01-29 20:36:09,8.61
2026-01-29 20:36:10,8.61
2026-01-29 20:36:11,8.61
2026-01-29 20:36:12,8.61
2026-01-29 20:36:13,8.61
2026-01-29 20:36:14,8.08
2026-01-29 20:36:15,8.08
2026-01-29 20:36:16,8.08
2026-01-29 20:36:17,8.08
2026-01-29 20:36:18,8.08
2026-01-29 20:36:19,7.66
2026-01-29 20:36:20,7.66
2026-01-29 20:36:21,7.66
2026-01-29 20:36:22,7.66
2026-01-29 20:36:23,7.66
2026-01-29 20:36:24,7.67
2026-01-29 20:36:25,7.67
2026-01-29 20:36:26,7.67
2026-01-29 20:36:27,7.67
2026-01-29 20:36:28,7.67
2026-01-29 20:36:29,7.67
2026-01-29 20:36:30,7.67
2026-01-29 20:36:31,7.67
2026-01-29 20:36:32,7.67
2026-01-29 20:36:33,7.67
2026-01-29 20:36:34,7.85
2026-01-29 20:36:35,7.85
2026-01-29 20:36:36,7.85
2026-01-29 20:36:37,7.85
2026-01-29 20:36:38,7.85
2026-01-29 20:36:39,7.70
2026-01-29 20:36:40,7.70
2026-01-29 20:36:41,7.70
2026-01-29 20:36:42,7.70
2026-01-29 20:36:43,7.70
2026-01-29 20:36:44,9.05
2026-01-29 20:36:45,9.05
2026-01-29 20:36:46,9.05
2026-01-29 20:36:47,9.05
2026-01-29 20:36:48,9.05
2026-01-29 20:36:49,7.03
2026-01-29 20:36:50,7.03
2026-01-29 20:36:51,7.03
2026-01-29 20:36:52,7.03
2026-01-29 20:36:53,7.03
2026-01-29 20:36:54,6.97
2026-01-29 20:36:55,6.97
2026-01-29 20:36:56,6.97
2026-01-29 20:36:57,6.97
2026-01-29 20:36:58,6.97
2026-01-29 20:36:59,6.74
2026-01-29 20:37:00,6.74
2026-01-29 20:37:01,6.74
2026-01-29 20:37:02,6.74
2026-01-29 20:37:03,6.74
2026-01-29 20:37:04,6.86
2026-01-29 20:37:05,6.86
2026-01-29 20:37:06,6.86
2026-01-29 20:37:07,6.86
2026-01-29 20:37:08,6.86
2026-01-29 20:37:09,6.82
2026-01-29 20:37:10,6.82
2026-01-29 20:37:11,6.82
2026-01-29 20:37:12,6.82
2026-01-29 20:37:13,6.82
2026-01-29 20:37:14,0
2026-01-29 20:37:15,0
2026-01-29 20:37:16,0
2026-01-29 20:37:17,0
2026-01-29 20:37:18,0
2026-01-29 20:37:19,0
2026-01-29 20:37:20,0
2026-01-29 20:37:21,0
2026-01-29 20:37:22,0
2026-01-29 20:37:23,0
2026-01-29 20:37:24,0
2026-01-29 20:37:25,0
2026-01-29 20:37:26,0
2026-01-29 20:37:27,0
2026-01-29 20:37:28,0
2026-01-29 20:37:29,0
2026-01-29 20:37:30,0
2026-01-29 20:37:31,0
2026-01-29 20:37:32,0
2026-01-29 20:37:33,0
2026-01-29 20:37:34,0
2026-01-29 20:37:35,0
2026-01-29 20:37:36,0
2026-01-29 20:37:37,0
2026-01-29 20:37:38,0
2026-01-29 20:37:39,0
2026-01-29 20:37:40,0
2026-01-29 20:37:41,0
2026-01-29 20:37:42,0
2026-01-29 20:37:43,0
2026-01-29 20:37:44,0
2026-01-29 20:37:45,0
2026-01-29 20:37:46,0
2026-01-29 20:37:47,0
2026-01-29 20:37:48,0
2026-01-29 20:37:49,0
2026-01-29 20:37:50,0
2026-01-29 20:37:51,0
2026-01-29 20:37:52,0
2026-01-29 20:37:53,0
2026-01-29 20:37:54,0
2026-01-29 20:37:55,0
2026-01-29 20:37:56,0
2026-01-29 20:37:57,0
2026-01-29 20:37:58,0
2026-01-29 20:37:59,0
2026-01-29 20:38:00,0
2026-01-29 20:38:01,0
2026-01-29 20:38:02,0
2026-01-29 20:38:03,0
2026-01-29 20:38:04,0
2026-01-29 20:38:05,0
2026-01-29 20:38:06,0
2026-01-29 20:38:07,0
2026-01-29 20:38:08,0
2026-01-29 20:38:09,0
2026-01-29 20:38:10,0
2026-01-29 20:38:11,0
2026-01-29 20:38:12,0
2026-01-29 20:38:13,0
2026-01-29 20:38:14,0
2026-01-29 20:38:15,0
2026-01-29 20:38:16,0
2026-01-29 20:38:17,0
2026-01-29 20:38:18,0
2026-01-29 20:38:19,0
2026-01-29 20:38:20,0
2026-01-29 20:38:21,0
2026-01-29 20:38:22,0
2026-01-29 20:38:23,0
2026-01-29 20:38:24,0
2026-01-29 20:38:25,0
2026-01-29 20:38:26,0
2026-01-29 20:38:27,0
2026-01-29 20:38:28,0
2026-01-29 20:38:29,0
2026-01-29 20:38:30,0
2026-01-29 20:38:31,0
2026-01-29 20:38:32,0
2026-01-29 20:38:33,0
2026-01-29 20:38:34,0
2026-01-29 20:38:35,0
2026-01-29 20:38:36,0
2026-01-29 20:38:37,0
2026-01-29 20:38:38,0
2026-01-29 20:38:39,0
2026-01-29 20:38:40,0
2026-01-29 20:38:41,0
2026-01-29 20:38:42,0
2026-01-29 20:38:43,0
2026-01-29 20:38:44,0
2026-01-29 20:38:45,0
2026-01-29 20:38:46,0
2026-01-29 20:38:47,0
2026-01-29 20:38:48,0
2026-01-29 20:43:49,3.51
2026-01-29 20:43:50,3.51
2026-01-29 20:43:51,3.51
2026-01-29 20:43:52,3.51
2026-01-29 20:43:53,3.51
2026-01-29 20:43:54,7.12
2026-01-29 20:43:55,7.12
2026-01-29 20:43:56,7.12
2026-01-29 20:43:57,7.12
2026-01-29 20:43:58,7.12
2026-01-29 20:43:59,7.63
2026-01-29 20:44:00,7.63
2026-01-29 20:44:01,7.63
2026-01-29 20:44:02,7.63
2026-01-29 20:44:03,7.63
2026-01-29 20:44:04,8.32
2026-01-29 20:44:05,8.32
2026-01-29 20:44:06,8.32
2026-01-29 20:44:07,8.32
2026-01-29 20:44:08,8.32
2026-01-29 20:44:09,9.09
2026-01-29 20:44:10,9.09
2026-01-29 20:44:11,9.09
2026-01-29 20:44:12,9.09
2026-01-29 20:44:13,9.09
2026-01-29 20:44:14,10.8
2026-01-29 20:44:15,10.8
2026-01-29 20:44:16,10.8
2026-01-29 20:44:17,10.8
2026-01-29 20:44:18,10.8
2026-01-29 20:44:19,8.64
2026-01-29 20:44:20,8.64
2026-01-29 20:44:21,8.64
2026-01-29 20:44:22,8.64
2026-01-29 20:44:23,8.64
2026-01-29 20:44:24,7.70
2026-01-29 20:44:25,7.70
2026-01-29 20:44:26,7.70
2026-01-29 20:44:27,7.70
2026-01-29 20:44:28,7.70
2026-01-29 20:44:29,7.61
2026-01-29 20:44:30,7.61
2026-01-29 20:44:31,7.61
2026-01-29 20:44:32,7.61
2026-01-29 20:44:33,7.61
2026-01-29 20:44:34,7.76
2026-01-29 20:44:35,7.76
2026-01-29 20:44:36,7.76
2026-01-29 20:44:37,7.76
2026-01-29 20:44:38,7.76
2026-01-29 20:44:39,7.76
2026-01-29 20:44:40,7.76
2026-01-29 20:44:41,7.76
2026-01-29 20:44:42,7.76
2026-01-29 20:44:43,7.76
2026-01-29 20:44:44,9.56
2026-01-29 20:44:45,9.56
2026-01-29 20:44:46,9.56
2026-01-29 20:44:47,9.56
2026-01-29 20:44:48,9.56
2026-01-29 20:44:49,7.39
2026-01-29 20:44:50,7.39
2026-01-29 20:44:51,7.39
2026-01-29 20:44:52,7.39
2026-01-29 20:44:53,7.39
2026-01-29 20:44:54,6.91
2026-01-29 20:44:55,6.91
2026-01-29 20:44:56,6.91
2026-01-29 20:44:57,6.91
2026-01-29 20:44:58,6.91
2026-01-29 20:44:59,6.73
2026-01-29 20:45:00,6.73
2026-01-29 20:45:01,6.73
2026-01-29 20:45:02,6.73
2026-01-29 20:45:03,6.73
2026-01-29 20:45:04,6.79
2026-01-29 20:45:05,6.79
2026-01-29 20:45:06,6.79
2026-01-29 20:45:07,6.79
2026-01-29 20:45:08,6.79
2026-01-29 20:45:09,6.79
2026-01-29 20:45:10,6.79
2026-01-29 20:45:11,6.79
2026-01-29 20:45:12,6.79
2026-01-29 20:45:13,6.79
2026-01-29 20:45:14,7.25
2026-01-29 20:45:15,7.25
2026-01-29 20:45:16,7.25
2026-01-29 20:45:17,7.25
2026-01-29 20:45:18,7.25
2026-01-29 20:45:19,6.65
2026-01-29 20:45:20,6.65
2026-01-29 20:45:21,6.65
2026-01-29 20:45:22,6.65
2026-01-29 20:45:23,6.65
2026-01-29 20:45:24,6.80
2026-01-29 20:45:25,6.80
2026-01-29 20:45:26,6.80
2026-01-29 20:45:27,6.80
2026-01-29 20:45:28,6.80
2026-01-29 20:45:29,6.69
2026-01-29 20:45:30,6.69
2026-01-29 20:45:31,6.69
2026-01-29 20:45:32,6.69
2026-01-29 20:45:33,6.69
2026-01-29 20:45:34,0
2026-01-29 20:45:35,0
2026-01-29 20:45:36,0
2026-01-29 20:45:37,0
2026-01-29 20:45:38,0
2026-01-29 20:45:39,0
2026-01-29 20:45:40,0
2026-01-29 20:45:41,0
2026-01-29 20:45:42,0
2026-01-29 20:45:43,0
2026-01-29 20:45:44,0
2026-01-29 20:45:45,0
2026-01-29 20:45:46,0
2026-01-29 20:45:47,0
2026-01-29 20:45:48,0
2026-01-29 20:45:49,0
2026-01-29 20:45:50,0
2026-01-29 20:45:51,0
2026-01-29 20:45:52,0
2026-01-29 20:45:53,0
2026-01-29 20:45:54,0
2026-01-29 20:45:55,0
2026-01-29 20:45:56,0
2026-01-29 20:45:57,0
2026-01-29 20:45:58,0
2026-01-29 20:45:59,0
2026-01-29 20:46:00,0
2026-01-29 20:46:01,0
2026-01-29 20:46:02,0
2026-01-29 20:46:03,0
2026-01-29 20:46:04,0
2026-01-29 20:46:05,0
2026-01-29 20:46:06,0
2026-01-29 20:46:07,0
2026-01-29 20:46:08,0
2026-01-29 20:46:09,0
2026-01-29 20:46:10,0
2026-01-29 20:46:11,0
2026-01-29 20:46:12,0
2026-01-29 20:46:13,0
2026-01-29 20:46:14,0
2026-01-29 20:46:15,0
2026-01-29 20:46:16,0
2026-01-29 20:46:17,0
2026-01-29 20:46:18,0
2026-01-29 20:46:19,0
2026-01-29 20:46:20,0
2026-01-29 20:46:21,0
2026-01-29 20:46:22,0
2026-01-29 20:46:23,0
2026-01-29 20:46:24,0
2026-01-29 20:46:25,0
2026-01-29 20:46:26,0
2026-01-29 20:46:27,0
2026-01-29 20:46:28,0
2026-01-29 20:46:29,0
2026-01-29 20:46:30,0
2026-01-29 20:46:31,0
2026-01-29 20:46:32,0
2026-01-29 20:46:33,0
2026-01-29 20:46:34,0
2026-01-29 20:46:35,0
2026-01-29 20:46:36,0
2026-01-29 20:46:37,0
2026-01-29 20:46:38,0
2026-01-29 20:46:39,0
2026-01-29 20:46:40,0
2026-01-29 20:46:41,0
2026-01-29 20:46:42,0
2026-01-29 20:46:43,0
2026-01-29 20:46:44,0
2026-01-29 20:46:45,0
2026-01-29 20:46:46,0
2026-01-29 20:46:47,0
2026-01-29 20:46:48,0
2026-01-29 20:46:49,0
2026-01-29 20:46:50,0
2026-01-29 20:46:51,0
2026-01-29 20:46:52,0
2026-01-29 20:46:53,0
2026-01-29 20:46:54,0
2026-01-29 20:46:55,0
2026-01-29 20:46:56,0
2026-01-29 20:46:57,0
2026-01-29 20:46:58,0
2026-01-29 20:46:59,0
2026-01-29 20:47:00,0
2026-01-29 20:47:01,0
2026-01-29 20:47:02,0
2026-01-29 20:47:03,0
2026-01-29 20:47:04,0
2026-01-29 20:47:05,0
2026-01-29 20:47:06,0
2026-01-29 20:47:07,0
2026-01-29 20:47:08,0
2026-01-29 20:52:14,7.80
2026-01-29 20:52:15,7.80
2026-01-29 20:52:16,7.80
2026-01-29 20:52:17,7.80
2026-01-29 20:52:18,7.80
2026-01-29 20:52:19,8.94
2026-01-29 20:52:20,8.94
2026-01-29 20:52:21,8.94
2026-01-29 20:52:22,8.94
2026-01-29 20:52:23,8.94
2026-01-29 20:52:24,8.87
2026-01-29 20:52:25,8.87
2026-01-29 20:52:26,8.87
2026-01-29 20:52:27,8.87
2026-01-29 20:52:28,8.87
2026-01-29 20:52:29,8.49
2026-01-29 20:52:30,8.49
2026-01-29 20:52:31,8.49
2026-01-29 20:52:32,8.49
2026-01-29 20:52:33,8.49
2026-01-29 20:52:34,10.4
2026-01-29 20:52:35,10.4
2026-01-29 20:52:36,10.4
2026-01-29 20:52:37,10.4
2026-01-29 20:52:38,10.4
2026-01-29 20:52:39,9.16
2026-01-29 20:52:40,9.16
2026-01-29 20:52:41,9.16
2026-01-29 20:52:42,9.16
2026-01-29 20:52:43,9.16
2026-01-29 20:52:44,7.35
2026-01-29 20:52:45,7.35
2026-01-29 20:52:46,7.35
2026-01-29 20:52:47,7.35
2026-01-29 20:52:48,7.35
2026-01-29 20:52:49,8.97
2026-01-29 20:52:50,8.97
2026-01-29 20:52:51,8.97
2026-01-29 20:52:52,8.97
2026-01-29 20:52:53,8.97
2026-01-29 20:52:54,8.90
2026-01-29 20:52:55,8.90
2026-01-29 20:52:56,8.90
2026-01-29 20:52:57,8.90
2026-01-29 20:52:58,8.90
2026-01-29 20:52:59,10.6
2026-01-29 20:53:00,10.6
2026-01-29 20:53:01,10.6
2026-01-29 20:53:02,10.6
2026-01-29 20:53:03,10.6
2026-01-29 20:53:04,9.05
2026-01-29 20:53:05,9.05
2026-01-29 20:53:06,9.05
2026-01-29 20:53:07,9.05
2026-01-29 20:53:08,9.05
2026-01-29 20:53:09,7.80
2026-01-29 20:53:10,7.80
2026-01-29 20:53:11,7.80
2026-01-29 20:53:12,7.80
2026-01-29 20:53:13,7.80
2026-01-29 20:53:14,7.99
2026-01-29 20:53:15,7.99
2026-01-29 20:53:16,7.99
2026-01-29 20:53:17,7.99
2026-01-29 20:53:18,7.99
2026-01-29 20:53:19,8.04
2026-01-29 20:53:20,8.04
2026-01-29 20:53:21,8.04
2026-01-29 20:53:22,8.04
2026-01-29 20:53:23,8.04
2026-01-29 20:53:24,7.77
2026-01-29 20:53:25,7.77
2026-01-29 20:53:26,7.77
2026-01-29 20:53:27,7.77
2026-01-29 20:53:28,7.77
2026-01-29 20:53:29,7.69
2026-01-29 20:53:30,7.69
2026-01-29 20:53:31,7.69
2026-01-29 20:53:32,7.69
2026-01-29 20:53:33,7.69
2026-01-29 20:53:34,7.73
2026-01-29 20:53:35,7.73
2026-01-29 20:53:36,7.73
2026-01-29 20:53:37,7.73
2026-01-29 20:53:38,7.73
2026-01-29 20:53:39,7.76
2026-01-29 20:53:40,7.76
2026-01-29 20:53:41,7.76
2026-01-29 20:53:42,7.76
2026-01-29 20:53:43,7.76
2026-01-29 20:53:44,7.86
2026-01-29 20:53:45,7.86
2026-01-29 20:53:46,7.86
2026-01-29 20:53:47,7.86
2026-01-29 20:53:48,7.86
2026-01-29 20:53:49,7.93
2026-01-29 20:53:50,7.93
2026-01-29 20:53:51,7.93
2026-01-29 20:53:52,7.93
2026-01-29 20:53:53,7.93
2026-01-29 20:53:54,8.53
2026-01-29 20:53:55,8.53
2026-01-29 20:53:56,8.53
2026-01-29 20:53:57,8.53
2026-01-29 20:53:58,8.53
2026-01-29 20:53:59,0
2026-01-29 20:54:00,0
2026-01-29 20:54:01,0
2026-01-29 20:54:02,0
2026-01-29 20:54:03,0
2026-01-29 20:54:04,0
2026-01-29 20:54:05,0
2026-01-29 20:54:06,0
2026-01-29 20:54:07,0
2026-01-29 20:54:08,0
2026-01-29 20:54:09,0
2026-01-29 20:54:10,0
2026-01-29 20:54:11,0
2026-01-29 20:54:12,0
2026-01-29 20:54:13,0
2026-01-29 20:54:14,0
2026-01-29 20:54:15,0
2026-01-29 20:54:16,0
2026-01-29 20:54:17,0
2026-01-29 20:54:18,0
2026-01-29 20:54:19,0
2026-01-29 20:54:20,0
2026-01-29 20:54:21,0
2026-01-29 20:54:22,0
2026-01-29 20:54:23,0
2026-01-29 20:54:24,0
2026-01-29 20:54:25,0
2026-01-29 20:54:26,0
2026-01-29 20:54:27,0
2026-01-29 20:54:28,0
2026-01-29 20:54:29,0
2026-01-29 20:54:30,0
2026-01-29 20:54:31,0
2026-01-29 20:54:32,0
2026-01-29 20:54:33,0
2026-01-29 20:54:34,0
2026-01-29 20:54:35,0
2026-01-29 20:54:36,0
2026-01-29 20:54:37,0
2026-01-29 20:54:38,0
2026-01-29 20:54:39,0
2026-01-29 20:54:40,0
2026-01-29 20:54:41,0
2026-01-29 20:54:42,0
2026-01-29 20:54:43,0
2026-01-29 20:54:44,0
2026-01-29 20:54:45,0
2026-01-29 20:54:46,0
2026-01-29 20:54:47,0
2026-01-29 20:54:48,0
2026-01-29 20:54:49,0
2026-01-29 20:54:50,0
2026-01-29 20:54:51,0
2026-01-29 20:54:52,0
2026-01-29 20:54:53,0
2026-01-29 20:54:54,0
2026-01-29 20:54:55,0
2026-01-29 20:54:56,0
2026-01-29 20:54:57,0
2026-01-29 20:54:58,0
2026-01-29 20:54:59,0
2026-01-29 20:55:00,0
2026-01-29 20:55:01,0
2026-01-29 20:55:02,0
2026-01-29 20:55:03,0
2026-01-29 20:55:04,0
2026-01-29 20:55:05,0
2026-01-29 20:55:06,0
2026-01-29 20:55:07,0
2026-01-29 20:55:08,0
2026-01-29 20:55:09,0
2026-01-29 20:55:10,0
2026-01-29 20:55:11,0
2026-01-29 20:55:12,0
2026-01-29 20:55:13,0
2026-01-29 20:55:14,0
2026-01-29 20:55:15,0
2026-01-29 20:55:16,0
2026-01-29 20:55:17,0
2026-01-29 20:55:18,0
2026-01-29 20:55:19,0
2026-01-29 20:55:20,0
2026-01-29 20:55:21,0
2026-01-29 20:55:22,0
2026-01-29 20:55:23,0
2026-01-29 20:55:24,0
2026-01-29 20:55:25,0
2026-01-29 20:55:26,0
2026-01-29 20:55:27,0
2026-01-29 20:55:28,0
2026-01-29 20:55:29,0
2026-01-29 20:55:30,0
2026-01-29 20:55:31,0
2026-01-29 20:55:32,0
2026-01-29 20:55:33,0
2026-01-29 21:00:29,5.30
2026-01-29 21:00:30,5.30
2026-01-29 21:00:31,5.30
2026-01-29 21:00:32,5.30
2026-01-29 21:00:33,5.30
2026-01-29 21:00:34,8.50
2026-01-29 21:00:35,8.50
2026-01-29 21:00:36,8.50
2026-01-29 21:00:37,8.50
2026-01-29 21:00:38,8.50
2026-01-29 21:00:39,10.7
2026-01-29 21:00:40,10.7
2026-01-29 21:00:41,10.7
2026-01-29 21:00:42,10.7
2026-01-29 21:00:43,10.7
2026-01-29 21:00:44,8.76
2026-01-29 21:00:45,8.76
2026-01-29 21:00:46,8.76
2026-01-29 21:00:47,8.76
2026-01-29 21:00:48,8.76
2026-01-29 21:00:49,7.88
2026-01-29 21:00:50,7.88
2026-01-29 21:00:51,7.88
2026-01-29 21:00:52,7.88
2026-01-29 21:00:53,7.88
2026-01-29 21:00:54,7.90
2026-01-29 21:00:55,7.90
2026-01-29 21:00:56,7.90
2026-01-29 21:00:57,7.90
2026-01-29 21:00:58,7.90
2026-01-29 21:00:59,7.78
2026-01-29 21:01:00,7.78
2026-01-29 21:01:01,7.78
2026-01-29 21:01:02,7.78
2026-01-29 21:01:03,7.78
2026-01-29 21:01:04,7.86
2026-01-29 21:01:05,7.86
2026-01-29 21:01:06,7.86
2026-01-29 21:01:07,7.86
2026-01-29 21:01:08,7.86
2026-01-29 21:01:09,7.85
2026-01-29 21:01:10,7.85
2026-01-29 21:01:11,7.85
2026-01-29 21:01:12,7.85
2026-01-29 21:01:13,7.85
2026-01-29 21:01:14,8.02
2026-01-29 21:01:15,8.02
2026-01-29 21:01:16,8.02
2026-01-29 21:01:17,8.02
2026-01-29 21:01:18,8.02
2026-01-29 21:01:19,8.22
2026-01-29 21:01:20,8.22
2026-01-29 21:01:21,8.22
2026-01-29 21:01:22,8.22
2026-01-29 21:01:23,8.22
2026-01-29 21:01:24,7.81
2026-01-29 21:01:25,7.81
2026-01-29 21:01:26,7.81
2026-01-29 21:01:27,7.81
2026-01-29 21:01:28,7.81
2026-01-29 21:01:29,7.75
2026-01-29 21:01:30,7.75
2026-01-29 21:01:31,7.75
2026-01-29 21:01:32,7.75
2026-01-29 21:01:33,7.75
2026-01-29 21:01:34,7.89
2026-01-29 21:01:35,7.89
2026-01-29 21:01:36,7.89
2026-01-29 21:01:37,7.89
2026-01-29 21:01:38,7.89
2026-01-29 21:01:39,7.94
2026-01-29 21:01:40,7.94
2026-01-29 21:01:41,7.94
2026-01-29 21:01:42,7.94
2026-01-29 21:01:43,7.94
2026-01-29 21:01:44,7.85
2026-01-29 21:01:45,7.85
2026-01-29 21:01:46,7.85
2026-01-29 21:01:47,7.85
2026-01-29 21:01:48,7.85
2026-01-29 21:01:49,7.89
2026-01-29 21:01:50,7.89
2026-01-29 21:01:51,7.89
2026-01-29 21:01:52,7.89
2026-01-29 21:01:53,7.89
2026-01-29 21:01:54,7.89
2026-01-29 21:01:55,7.89
2026-01-29 21:01:56,7.89
2026-01-29 21:01:57,7.89
2026-01-29 21:01:58,7.89
2026-01-29 21:01:59,7.40
2026-01-29 21:02:00,7.40
2026-01-29 21:02:01,7.40
2026-01-29 21:02:02,7.40
2026-01-29 21:02:03,7.40
2026-01-29 21:02:04,8.78
2026-01-29 21:02:05,8.78
2026-01-29 21:02:06,8.78
2026-01-29 21:02:07,8.78
2026-01-29 21:02:08,8.78
2026-01-29 21:02:09,8.94
2026-01-29 21:02:10,8.94
2026-01-29 21:02:11,8.94
2026-01-29 21:02:12,8.94
2026-01-29 21:02:13,8.94
2026-01-29 21:02:14,0
2026-01-29 21:02:15,0
2026-01-29 21:02:16,0
2026-01-29 21:02:17,0
2026-01-29 21:02:18,0
2026-01-29 21:02:19,0
2026-01-29 21:02:20,0
2026-01-29 21:02:21,0
2026-01-29 21:02:22,0
2026-01-29 21:02:23,0
2026-01-29 21:02:24,0
2026-01-29 21:02:25,0
2026-01-29 21:02:26,0
2026-01-29 21:02:27,0
2026-01-29 21:02:28,0
2026-01-29 21:02:29,0
2026-01-29 21:02:30,0
2026-01-29 21:02:31,0
2026-01-29 21:02:32,0
2026-01-29 21:02:33,0
2026-01-29 21:02:34,0
2026-01-29 21:02:35,0
2026-01-29 21:02:36,0
2026-01-29 21:02:37,0
2026-01-29 21:02:38,0
2026-01-29 21:02:39,0
2026-01-29 21:02:40,0
2026-01-29 21:02:41,0
2026-01-29 21:02:42,0
2026-01-29 21:02:43,0
2026-01-29 21:02:44,0
2026-01-29 21:02:45,0
2026-01-29 21:02:46,0
2026-01-29 21:02:47,0
2026-01-29 21:02:48,0
2026-01-29 21:02:49,0
2026-01-29 21:02:50,0
2026-01-29 21:02:51,0
2026-01-29 21:02:52,0
2026-01-29 21:02:53,0
2026-01-29 21:02:54,0
2026-01-29 21:02:55,0
2026-01-29 21:02:56,0
2026-01-29 21:02:57,0
2026-01-29 21:02:58,0
2026-01-29 21:02:59,0
2026-01-29 21:03:00,0
2026-01-29 21:03:01,0
2026-01-29 21:03:02,0
2026-01-29 21:03:03,0
2026-01-29 21:03:04,0
2026-01-29 21:03:05,0
2026-01-29 21:03:06,0
2026-01-29 21:03:07,0
2026-01-29 21:03:08,0
2026-01-29 21:03:09,0
2026-01-29 21:03:10,0
2026-01-29 21:03:11,0
2026-01-29 21:03:12,0
2026-01-29 21:03:13,0
2026-01-29 21:03:14,0
2026-01-29 21:03:15,0
2026-01-29 21:03:16,0
2026-01-29 21:03:17,0
2026-01-29 21:03:18,0
2026-01-29 21:03:19,0
2026-01-29 21:03:20,0
2026-01-29 21:03:21,0
2026-01-29 21:03:22,0
2026-01-29 21:03:23,0
2026-01-29 21:03:24,0
2026-01-29 21:03:25,0
2026-01-29 21:03:26,0
2026-01-29 21:03:27,0
2026-01-29 21:03:28,0
2026-01-29 21:03:29,0
2026-01-29 21:03:30,0
2026-01-29 21:03:31,0
2026-01-29 21:03:32,0
2026-01-29 21:03:33,0
2026-01-29 21:03:34,0
2026-01-29 21:03:35,0
2026-01-29 21:03:36,0
2026-01-29 21:03:37,0
2026-01-29 21:03:38,0
2026-01-29 21:03:39,0
2026-01-29 21:03:40,0
2026-01-29 21:03:41,0
2026-01-29 21:03:42,0
2026-01-29 21:03:43,0
2026-01-29 21:03:44,0
2026-01-29 21:03:45,0
2026-01-29 21:03:46,0
2026-01-29 21:03:47,0
2026-01-29 21:03:48,0
2026-01-29 21:08:54,1.51
2026-01-29 21:08:55,1.51
2026-01-29 21:08:56,1.51
2026-01-29 21:08:57,1.51
2026-01-29 21:08:58,1.51
2026-01-29 21:08:59,7.49
2026-01-29 21:09:00,7.49
2026-01-29 21:09:01,7.49
2026-01-29 21:09:02,7.49
2026-01-29 21:09:03,7.49
2026-01-29 21:09:04,9.06
2026-01-29 21:09:05,9.06
2026-01-29 21:09:06,9.06
2026-01-29 21:09:07,9.06
2026-01-29 21:09:08,9.06
2026-01-29 21:09:09,9.21
2026-01-29 21:09:10,9.21
2026-01-29 21:09:11,9.21
2026-01-29 21:09:12,9.21
2026-01-29 21:09:13,9.21
2026-01-29 21:09:14,9.00
2026-01-29 21:09:15,9.00
2026-01-29 21:09:16,9.00
2026-01-29 21:09:17,9.00
2026-01-29 21:09:18,9.00
2026-01-29 21:09:19,8.99
2026-01-29 21:09:20,8.99
2026-01-29 21:09:21,8.99
2026-01-29 21:09:22,8.99
2026-01-29 21:09:23,8.99
2026-01-29 21:09:24,9.04
2026-01-29 21:09:25,9.04
2026-01-29 21:09:26,9.04
2026-01-29 21:09:27,9.04
2026-01-29 21:09:28,9.04
2026-01-29 21:09:29,8.65
2026-01-29 21:09:30,8.65
2026-01-29 21:09:31,8.65
2026-01-29 21:09:32,8.65
2026-01-29 21:09:33,8.65
2026-01-29 21:09:34,9.94
2026-01-29 21:09:35,9.94
2026-01-29 21:09:36,9.94
2026-01-29 21:09:37,9.94
2026-01-29 21:09:38,9.94
2026-01-29 21:09:39,10.4
2026-01-29 21:09:40,10.4
2026-01-29 21:09:41,10.4
2026-01-29 21:09:42,10.4
2026-01-29 21:09:43,10.4
2026-01-29 21:09:44,11.2
2026-01-29 21:09:45,11.2
2026-01-29 21:09:46,11.2
2026-01-29 21:09:47,11.2
2026-01-29 21:09:48,11.2
2026-01-29 21:09:49,9.58
2026-01-29 21:09:50,9.58
2026-01-29 21:09:51,9.58
2026-01-29 21:09:52,9.58
2026-01-29 21:09:53,9.58
2026-01-29 21:09:54,8.99
2026-01-29 21:09:55,8.99
2026-01-29 21:09:56,8.99
2026-01-29 21:09:57,8.99
2026-01-29 21:09:58,8.99
2026-01-29 21:09:59,8.87
2026-01-29 21:10:00,8.87
2026-01-29 21:10:01,8.87
2026-01-29 21:10:02,8.87
2026-01-29 21:10:03,8.87
2026-01-29 21:10:04,9.07
2026-01-29 21:10:05,9.07
2026-01-29 21:10:06,9.07
2026-01-29 21:10:07,9.07
2026-01-29 21:10:08,9.07
2026-01-29 21:10:09,8.96
2026-01-29 21:10:10,8.96
2026-01-29 21:10:11,8.96
2026-01-29 21:10:12,8.96
2026-01-29 21:10:13,8.96
2026-01-29 21:10:14,8.91
2026-01-29 21:10:15,8.91
2026-01-29 21:10:16,8.91
2026-01-29 21:10:17,8.91
2026-01-29 21:10:18,8.91
2026-01-29 21:10:19,9.05
2026-01-29 21:10:20,9.05
2026-01-29 21:10:21,9.05
2026-01-29 21:10:22,9.05
2026-01-29 21:10:23,9.05
2026-01-29 21:10:24,9.14
2026-01-29 21:10:25,9.14
2026-01-29 21:10:26,9.14
2026-01-29 21:10:27,9.14
2026-01-29 21:10:28,9.14
2026-01-29 21:10:29,8.92
2026-01-29 21:10:30,8.92
2026-01-29 21:10:31,8.92
2026-01-29 21:10:32,8.92
2026-01-29 21:10:33,8.92
2026-01-29 21:10:34,9.03
2026-01-29 21:10:35,9.03
2026-01-29 21:10:36,9.03
2026-01-29 21:10:37,9.03
2026-01-29 21:10:38,9.03
2026-01-29 21:10:39,8.05
2026-01-29 21:10:40,8.05
2026-01-29 21:10:41,8.05
2026-01-29 21:10:42,8.05
2026-01-29 21:10:43,8.05
2026-01-29 21:10:44,0
2026-01-29 21:10:45,0
2026-01-29 21:10:46,0
2026-01-29 21:10:47,0
2026-01-29 21:10:48,0
2026-01-29 21:10:49,0
2026-01-29 21:10:50,0
2026-01-29 21:10:51,0
2026-01-29 21:10:52,0
2026-01-29 21:10:53,0
2026-01-29 21:10:54,0
2026-01-29 21:10:55,0
2026-01-29 21:10:56,0
2026-01-29 21:10:57,0
2026-01-29 21:10:58,0
2026-01-29 21:10:59,0
2026-01-29 21:11:00,0
2026-01-29 21:11:01,0
2026-01-29 21:11:02,0
2026-01-29 21:11:03,0
2026-01-29 21:11:04,0
2026-01-29 21:11:05,0
2026-01-29 21:11:06,0
2026-01-29 21:11:07,0
2026-01-29 21:11:08,0
2026-01-29 21:11:09,0
2026-01-29 21:11:10,0
2026-01-29 21:11:11,0
2026-01-29 21:11:12,0
2026-01-29 21:11:13,0
2026-01-29 21:11:14,0
2026-01-29 21:11:15,0
2026-01-29 21:11:16,0
2026-01-29 21:11:17,0
2026-01-29 21:11:18,0
2026-01-29 21:11:19,0
2026-01-29 21:11:20,0
2026-01-29 21:11:21,0
2026-01-29 21:11:22,0
2026-01-29 21:11:23,0
2026-01-29 21:11:24,0
2026-01-29 21:11:25,0
2026-01-29 21:11:26,0
2026-01-29 21:11:27,0
2026-01-29 21:11:28,0
2026-01-29 21:11:29,0
2026-01-29 21:11:30,0
2026-01-29 21:11:31,0
2026-01-29 21:11:32,0
2026-01-29 21:11:33,0
2026-01-29 21:11:34,0
2026-01-29 21:11:35,0
2026-01-29 21:11:36,0
2026-01-29 21:11:37,0
2026-01-29 21:11:38,0
2026-01-29 21:11:39,0
2026-01-29 21:11:40,0
2026-01-29 21:11:41,0
2026-01-29 21:11:42,0
2026-01-29 21:11:43,0
2026-01-29 21:11:44,0
2026-01-29 21:11:45,0
2026-01-29 21:11:46,0
2026-01-29 21:11:47,0
2026-01-29 21:11:48,0
2026-01-29 21:11:49,0
2026-01-29 21:11:50,0
2026-01-29 21:11:51,0
2026-01-29 21:11:52,0
2026-01-29 21:11:53,0
2026-01-29 21:11:54,0
2026-01-29 21:11:55,0
2026-01-29 21:11:56,0
2026-01-29 21:11:57,0
2026-01-29 21:11:58,0
2026-01-29 21:11:59,0
2026-01-29 21:12:00,0
2026-01-29 21:12:01,0
2026-01-29 21:12:02,0
2026-01-29 21:12:03,0
2026-01-29 21:12:04,0
2026-01-29 21:12:05,0
2026-01-29 21:12:06,0
2026-01-29 21:12:07,0
2026-01-29 21:12:08,0
2026-01-29 21:12:09,0
2026-01-29 21:12:10,0
2026-01-29 21:12:11,0
2026-01-29 21:12:12,0
2026-01-29 21:12:13,0
2026-01-29 21:17:24,2.88
2026-01-29 21:17:25,2.88
2026-01-29 21:17:26,2.88
2026-01-29 21:17:27,2.88
2026-01-29 21:17:28,2.88
2026-01-29 21:17:29,7.29
2026-01-29 21:17:30,7.29
2026-01-29 21:17:31,7.29
2026-01-29 21:17:32,7.29
2026-01-29 21:17:33,7.29
2026-01-29 21:17:34,9.32
2026-01-29 21:17:35,9.32
2026-01-29 21:17:36,9.32
2026-01-29 21:17:37,9.32
2026-01-29 21:17:38,9.32
2026-01-29 21:17:39,9.79
2026-01-29 21:17:40,9.79
2026-01-29 21:17:41,9.79
2026-01-29 21:17:42,9.79
2026-01-29 21:17:43,9.79
2026-01-29 21:17:44,10.7
2026-01-29 21:17:45,10.7
2026-01-29 21:17:46,10.7
2026-01-29 21:17:47,10.7
2026-01-29 21:17:48,10.7
2026-01-29 21:17:49,8.85
2026-01-29 21:17:50,8.85
2026-01-29 21:17:51,8.85
2026-01-29 21:17:52,8.85
2026-01-29 21:17:53,8.85
2026-01-29 21:17:54,8.83
2026-01-29 21:17:55,8.83
2026-01-29 21:17:56,8.83
2026-01-29 21:17:57,8.83
2026-01-29 21:17:58,8.83
2026-01-29 21:17:59,8.79
2026-01-29 21:18:00,8.79
2026-01-29 21:18:01,8.79
2026-01-29 21:18:02,8.79
2026-01-29 21:18:03,8.79
2026-01-29 21:18:04,8.88
2026-01-29 21:18:05,8.88
2026-01-29 21:18:06,8.88
2026-01-29 21:18:07,8.88
2026-01-29 21:18:08,8.88
2026-01-29 21:18:09,8.95
2026-01-29 21:18:10,8.95
2026-01-29 21:18:11,8.95
2026-01-29 21:18:12,8.95
2026-01-29 21:18:13,8.95
2026-01-29 21:18:14,8.76
2026-01-29 21:18:15,8.76
2026-01-29 21:18:16,8.76
2026-01-29 21:18:17,8.76
2026-01-29 21:18:18,8.76
2026-01-29 21:18:19,8.89
2026-01-29 21:18:20,8.89
2026-01-29 21:18:21,8.89
2026-01-29 21:18:22,8.89
2026-01-29 21:18:23,8.89
2026-01-29 21:18:24,9.01
2026-01-29 21:18:25,9.01
2026-01-29 21:18:26,9.01
2026-01-29 21:18:27,9.01
2026-01-29 21:18:28,9.01
2026-01-29 21:18:29,9.63
2026-01-29 21:18:30,9.63
2026-01-29 21:18:31,9.63
2026-01-29 21:18:32,9.63
2026-01-29 21:18:33,9.63
2026-01-29 21:18:34,8.02
2026-01-29 21:18:35,8.02
2026-01-29 21:18:36,8.02
2026-01-29 21:18:37,8.02
2026-01-29 21:18:38,8.02
2026-01-29 21:18:39,7.77
2026-01-29 21:18:40,7.77
2026-01-29 21:18:41,7.77
2026-01-29 21:18:42,7.77
2026-01-29 21:18:43,7.77
2026-01-29 21:18:44,7.78
2026-01-29 21:18:45,7.78
2026-01-29 21:18:46,7.78
2026-01-29 21:18:47,7.78
2026-01-29 21:18:48,7.78
2026-01-29 21:18:49,7.73
2026-01-29 21:18:50,7.73
2026-01-29 21:18:51,7.73
2026-01-29 21:18:52,7.73
2026-01-29 21:18:53,7.73
2026-01-29 21:18:54,7.84
2026-01-29 21:18:55,7.84
2026-01-29 21:18:56,7.84
2026-01-29 21:18:57,7.84
2026-01-29 21:18:58,7.84
2026-01-29 21:18:59,7.78
2026-01-29 21:19:00,7.78
2026-01-29 21:19:01,7.78
2026-01-29 21:19:02,7.78
2026-01-29 21:19:03,7.78
2026-01-29 21:19:04,7.88
2026-01-29 21:19:05,7.88
2026-01-29 21:19:06,7.88
2026-01-29 21:19:07,7.88
2026-01-29 21:19:08,7.88
2026-01-29 21:19:09,0
2026-01-29 21:19:10,0
2026-01-29 21:19:11,0
2026-01-29 21:19:12,0
2026-01-29 21:19:13,0
2026-01-29 21:19:14,0
2026-01-29 21:19:15,0
2026-01-29 21:19:16,0
2026-01-29 21:19:17,0
2026-01-29 21:19:18,0
2026-01-29 21:19:19,0
2026-01-29 21:19:20,0
2026-01-29 21:19:21,0
2026-01-29 21:19:22,0
2026-01-29 21:19:23,0
2026-01-29 21:19:24,0
2026-01-29 21:19:25,0
2026-01-29 21:19:26,0
2026-01-29 21:19:27,0
2026-01-29 21:19:28,0
2026-01-29 21:19:29,0
2026-01-29 21:19:30,0
2026-01-29 21:19:31,0
2026-01-29 21:19:32,0
2026-01-29 21:19:33,0
2026-01-29 21:19:34,0
2026-01-29 21:19:35,0
2026-01-29 21:19:36,0
2026-01-29 21:19:37,0
2026-01-29 21:19:38,0
2026-01-29 21:19:39,0
2026-01-29 21:19:40,0
2026-01-29 21:19:41,0
2026-01-29 21:19:42,0
2026-01-29 21:19:43,0
2026-01-29 21:19:44,0
2026-01-29 21:19:45,0
2026-01-29 21:19:46,0
2026-01-29 21:19:47,0
2026-01-29 21:19:48,0
2026-01-29 21:19:49,0
2026-01-29 21:19:50,0
2026-01-29 21:19:51,0
2026-01-29 21:19:52,0
2026-01-29 21:19:53,0
2026-01-29 21:19:54,0
2026-01-29 21:19:55,0
2026-01-29 21:19:56,0
2026-01-29 21:19:57,0
2026-01-29 21:19:58,0
2026-01-29 21:19:59,0
2026-01-29 21:20:00,0
2026-01-29 21:20:01,0
2026-01-29 21:20:02,0
2026-01-29 21:20:03,0
2026-01-29 21:20:04,0
2026-01-29 21:20:05,0
2026-01-29 21:20:06,0
2026-01-29 21:20:07,0
2026-01-29 21:20:08,0
2026-01-29 21:20:09,0
2026-01-29 21:20:10,0
2026-01-29 21:20:11,0
2026-01-29 21:20:12,0
2026-01-29 21:20:13,0
2026-01-29 21:20:14,0
2026-01-29 21:20:15,0
2026-01-29 21:20:16,0
2026-01-29 21:20:17,0
2026-01-29 21:20:18,0
2026-01-29 21:20:19,0
2026-01-29 21:20:20,0
2026-01-29 21:20:21,0
2026-01-29 21:20:22,0
2026-01-29 21:20:23,0
2026-01-29 21:20:24,0
2026-01-29 21:20:25,0
2026-01-29 21:20:26,0
2026-01-29 21:20:27,0
2026-01-29 21:20:28,0
2026-01-29 21:20:29,0
2026-01-29 21:20:30,0
2026-01-29 21:20:31,0
2026-01-29 21:20:32,0
2026-01-29 21:20:33,0
2026-01-29 21:20:34,0
2026-01-29 21:20:35,0
2026-01-29 21:20:36,0
2026-01-29 21:20:37,0
2026-01-29 21:20:38,0
2026-01-29 21:20:39,0
2026-01-29 21:20:40,0
2026-01-29 21:20:41,0
2026-01-29 21:20:42,0
2026-01-29 21:20:43,0
2026-01-29 21:25:49,4.37
2026-01-29 21:25:50,4.37
2026-01-29 21:25:51,4.37
2026-01-29 21:25:52,4.37
2026-01-29 21:25:53,4.37
2026-01-29 21:25:54,6.67
2026-01-29 21:25:55,6.67
2026-01-29 21:25:56,6.67
2026-01-29 21:25:57,6.67
2026-01-29 21:25:58,6.67
2026-01-29 21:25:59,6.80
2026-01-29 21:26:00,6.80
2026-01-29 21:26:01,6.80
2026-01-29 21:26:02,6.80
2026-01-29 21:26:03,6.80
2026-01-29 21:26:04,6.71
2026-01-29 21:26:05,6.71
2026-01-29 21:26:06,6.71
2026-01-29 21:26:07,6.71
2026-01-29 21:26:08,6.71
2026-01-29 21:26:09,5.90
2026-01-29 21:26:10,5.90
2026-01-29 21:26:11,5.90
2026-01-29 21:26:12,5.90
2026-01-29 21:26:13,5.90
2026-01-29 21:26:14,8.22
2026-01-29 21:26:15,8.22
2026-01-29 21:26:16,8.22
2026-01-29 21:26:17,8.22
2026-01-29 21:26:18,8.22
2026-01-29 21:26:19,8.06
2026-01-29 21:26:20,8.06
2026-01-29 21:26:21,8.06
2026-01-29 21:26:22,8.06
2026-01-29 21:26:23,8.06
2026-01-29 21:26:24,7.71
2026-01-29 21:26:25,7.71
2026-01-29 21:26:26,7.71
2026-01-29 21:26:27,7.71
2026-01-29 21:26:28,7.71
2026-01-29 21:26:29,7.66
2026-01-29 21:26:30,7.66
2026-01-29 21:26:31,7.66
2026-01-29 21:26:32,7.66
2026-01-29 21:26:33,7.66
2026-01-29 21:26:34,7.45
2026-01-29 21:26:35,7.45
2026-01-29 21:26:36,7.45
2026-01-29 21:26:37,7.45
2026-01-29 21:26:38,7.45
2026-01-29 21:26:39,7.86
2026-01-29 21:26:40,7.86
2026-01-29 21:26:41,7.86
2026-01-29 21:26:42,7.86
2026-01-29 21:26:43,7.86
2026-01-29 21:26:44,9.16
2026-01-29 21:26:45,9.16
2026-01-29 21:26:46,9.16
2026-01-29 21:26:47,9.16
2026-01-29 21:26:48,9.16
2026-01-29 21:26:49,8.77
2026-01-29 21:26:50,8.77
2026-01-29 21:26:51,8.77
2026-01-29 21:26:52,8.77
2026-01-29 21:26:53,8.77
2026-01-29 21:26:54,9.00
2026-01-29 21:26:55,9.00
2026-01-29 21:26:56,9.00
2026-01-29 21:26:57,9.00
2026-01-29 21:26:58,9.00
2026-01-29 21:26:59,8.86
2026-01-29 21:27:00,8.86
2026-01-29 21:27:01,8.86
2026-01-29 21:27:02,8.86
2026-01-29 21:27:03,8.86
2026-01-29 21:27:04,8.84
2026-01-29 21:27:05,8.84
2026-01-29 21:27:06,8.84
2026-01-29 21:27:07,8.84
2026-01-29 21:27:08,8.84
2026-01-29 21:27:09,8.95
2026-01-29 21:27:10,8.95
2026-01-29 21:27:11,8.95
2026-01-29 21:27:12,8.95
2026-01-29 21:27:13,8.95
2026-01-29 21:27:14,8.91
2026-01-29 21:27:15,8.91
2026-01-29 21:27:16,8.91
2026-01-29 21:27:17,8.91
2026-01-29 21:27:18,8.91
2026-01-29 21:27:19,8.82
2026-01-29 21:27:20,8.82
2026-01-29 21:27:21,8.82
2026-01-29 21:27:22,8.82
2026-01-29 21:27:23,8.82
2026-01-29 21:27:24,9.05
2026-01-29 21:27:25,9.05
2026-01-29 21:27:26,9.05
2026-01-29 21:27:27,9.05
2026-01-29 21:27:28,9.05
2026-01-29 21:27:29,9.15
2026-01-29 21:27:30,9.15
2026-01-29 21:27:31,9.15
2026-01-29 21:27:32,9.15
2026-01-29 21:27:33,9.15
2026-01-29 21:27:34,0
2026-01-29 21:27:35,0
2026-01-29 21:27:36,0
2026-01-29 21:27:37,0
2026-01-29 21:27:38,0
2026-01-29 21:27:39,0
2026-01-29 21:27:40,0
2026-01-29 21:27:41,0
2026-01-29 21:27:42,0
2026-01-29 21:27:43,0
2026-01-29 21:27:44,0
2026-01-29 21:27:45,0
2026-01-29 21:27:46,0
2026-01-29 21:27:47,0
2026-01-29 21:27:48,0
2026-01-29 21:27:49,0
2026-01-29 21:27:50,0
2026-01-29 21:27:51,0
2026-01-29 21:27:52,0
2026-01-29 21:27:53,0
2026-01-29 21:27:54,0
2026-01-29 21:27:55,0
2026-01-29 21:27:56,0
2026-01-29 21:27:57,0
2026-01-29 21:27:58,0
2026-01-29 21:27:59,0
2026-01-29 21:28:00,0
2026-01-29 21:28:01,0
2026-01-29 21:28:02,0
2026-01-29 21:28:03,0
2026-01-29 21:28:04,0
2026-01-29 21:28:05,0
2026-01-29 21:28:06,0
2026-01-29 21:28:07,0
2026-01-29 21:28:08,0
2026-01-29 21:28:09,0
2026-01-29 21:28:10,0
2026-01-29 21:28:11,0
2026-01-29 21:28:12,0
2026-01-29 21:28:13,0
2026-01-29 21:28:14,0
2026-01-29 21:28:15,0
2026-01-29 21:28:16,0
2026-01-29 21:28:17,0
2026-01-29 21:28:18,0
2026-01-29 21:28:19,0
2026-01-29 21:28:20,0
2026-01-29 21:28:21,0
2026-01-29 21:28:22,0
2026-01-29 21:28:23,0
2026-01-29 21:28:24,0
2026-01-29 21:28:25,0
2026-01-29 21:28:26,0
2026-01-29 21:28:27,0
2026-01-29 21:28:28,0
2026-01-29 21:28:29,0
2026-01-29 21:28:30,0
2026-01-29 21:28:31,0
2026-01-29 21:28:32,0
2026-01-29 21:28:33,0
2026-01-29 21:28:34,0
2026-01-29 21:28:35,0
2026-01-29 21:28:36,0
2026-01-29 21:28:37,0
2026-01-29 21:28:38,0
2026-01-29 21:28:39,0
2026-01-29 21:28:40,0
2026-01-29 21:28:41,0
2026-01-29 21:28:42,0
2026-01-29 21:28:43,0
2026-01-29 21:28:44,0
2026-01-29 21:28:45,0
2026-01-29 21:28:46,0
2026-01-29 21:28:47,0
2026-01-29 21:28:48,0
2026-01-29 21:28:49,0
2026-01-29 21:28:50,0
2026-01-29 21:28:51,0
2026-01-29 21:28:52,0
2026-01-29 21:28:53,0
2026-01-29 21:28:54,0
2026-01-29 21:28:55,0
2026-01-29 21:28:56,0
2026-01-29 21:28:57,0
2026-01-29 21:28:58,0
2026-01-29 21:28:59,0
2026-01-29 21:29:00,0
2026-01-29 21:29:01,0
2026-01-29 21:29:02,0
2026-01-29 21:29:03,0
2026-01-29 21:29:04,0
2026-01-29 21:29:05,0
2026-01-29 21:29:06,0
2026-01-29 21:29:07,0
2026-01-29 21:29:08,0
2026-01-29 21:34:14,7.89
2026-01-29 21:34:15,7.89
2026-01-29 21:34:16,7.89
2026-01-29 21:34:17,7.89
2026-01-29 21:34:18,7.89
2026-01-29 21:34:19,7.83
2026-01-29 21:34:20,7.83
2026-01-29 21:34:21,7.83
2026-01-29 21:34:22,7.83
2026-01-29 21:34:23,7.83
2026-01-29 21:34:24,8.25
2026-01-29 21:34:25,8.25
2026-01-29 21:34:26,8.25
2026-01-29 21:34:27,8.25
2026-01-29 21:34:28,8.25
2026-01-29 21:34:29,8.11
2026-01-29 21:34:30,8.11
2026-01-29 21:34:31,8.11
2026-01-29 21:34:32,8.11
2026-01-29 21:34:33,8.11
2026-01-29 21:34:34,7.83
2026-01-29 21:34:35,7.83
2026-01-29 21:34:36,7.83
2026-01-29 21:34:37,7.83
2026-01-29 21:34:38,7.83
2026-01-29 21:34:39,7.81
2026-01-29 21:34:40,7.81
2026-01-29 21:34:41,7.81
2026-01-29 21:34:42,7.81
2026-01-29 21:34:43,7.81
2026-01-29 21:34:44,7.83
2026-01-29 21:34:45,7.83
2026-01-29 21:34:46,7.83
2026-01-29 21:34:47,7.83
2026-01-29 21:34:48,7.83
2026-01-29 21:34:49,7.78
2026-01-29 21:34:50,7.78
2026-01-29 21:34:51,7.78
2026-01-29 21:34:52,7.78
2026-01-29 21:34:53,7.78
2026-01-29 21:34:54,7.80
2026-01-29 21:34:55,7.80
2026-01-29 21:34:56,7.80
2026-01-29 21:34:57,7.80
2026-01-29 21:34:58,7.80
2026-01-29 21:34:59,7.77
2026-01-29 21:35:00,7.77
2026-01-29 21:35:01,7.77
2026-01-29 21:35:02,7.77
2026-01-29 21:35:03,7.77
2026-01-29 21:35:04,7.79
2026-01-29 21:35:05,7.79
2026-01-29 21:35:06,7.79
2026-01-29 21:35:07,7.79
2026-01-29 21:35:08,7.79
2026-01-29 21:35:09,7.88
2026-01-29 21:35:10,7.88
2026-01-29 21:35:11,7.88
2026-01-29 21:35:12,7.88
2026-01-29 21:35:13,7.88
2026-01-29 21:35:14,7.71
2026-01-29 21:35:15,7.71
2026-01-29 21:35:16,7.71
2026-01-29 21:35:17,7.71
2026-01-29 21:35:18,7.71
2026-01-29 21:35:19,7.82
2026-01-29 21:35:20,7.82
2026-01-29 21:35:21,7.82
2026-01-29 21:35:22,7.82
2026-01-29 21:35:23,7.82
2026-01-29 21:35:24,7.90
2026-01-29 21:35:25,7.90
2026-01-29 21:35:26,7.90
2026-01-29 21:35:27,7.90
2026-01-29 21:35:28,7.90
2026-01-29 21:35:29,7.94
2026-01-29 21:35:30,7.94
2026-01-29 21:35:31,7.94
2026-01-29 21:35:32,7.94
2026-01-29 21:35:33,7.94
2026-01-29 21:35:34,7.77
2026-01-29 21:35:35,7.77
2026-01-29 21:35:36,7.77
2026-01-29 21:35:37,7.77
2026-01-29 21:35:38,7.77
2026-01-29 21:35:39,7.74
2026-01-29 21:35:40,7.74
2026-01-29 21:35:41,7.74
2026-01-29 21:35:42,7.74
2026-01-29 21:35:43,7.74
2026-01-29 21:35:44,7.87
2026-01-29 21:35:45,7.87
2026-01-29 21:35:46,7.87
2026-01-29 21:35:47,7.87
2026-01-29 21:35:48,7.87
2026-01-29 21:35:49,7.43
2026-01-29 21:35:50,7.43
2026-01-29 21:35:51,7.43
2026-01-29 21:35:52,7.43
2026-01-29 21:35:53,7.43
2026-01-29 21:35:54,7.91
2026-01-29 21:35:55,7.91
2026-01-29 21:35:56,7.91
2026-01-29 21:35:57,7.91
2026-01-29 21:35:58,7.91
2026-01-29 21:35:59,0
2026-01-29 21:36:00,0
2026-01-29 21:36:01,0
2026-01-29 21:36:02,0
2026-01-29 21:36:03,0
2026-01-29 21:36:04,0
2026-01-29 21:36:05,0
2026-01-29 21:36:06,0
2026-01-29 21:36:07,0
2026-01-29 21:36:08,0
2026-01-29 21:36:09,0
2026-01-29 21:36:10,0
2026-01-29 21:36:11,0
2026-01-29 21:36:12,0
2026-01-29 21:36:13,0
2026-01-29 21:36:14,0
2026-01-29 21:36:15,0
2026-01-29 21:36:16,0
2026-01-29 21:36:17,0
2026-01-29 21:36:18,0
2026-01-29 21:36:19,0
2026-01-29 21:36:20,0
2026-01-29 21:36:21,0
2026-01-29 21:36:22,0
2026-01-29 21:36:23,0
2026-01-29 21:36:24,0
2026-01-29 21:36:25,0
2026-01-29 21:36:26,0
2026-01-29 21:36:27,0
2026-01-29 21:36:28,0
2026-01-29 21:36:29,0
2026-01-29 21:36:30,0
2026-01-29 21:36:31,0
2026-01-29 21:36:32,0
2026-01-29 21:36:33,0
2026-01-29 21:36:34,0
2026-01-29 21:36:35,0
2026-01-29 21:36:36,0
2026-01-29 21:36:37,0
2026-01-29 21:36:38,0
2026-01-29 21:36:39,0
2026-01-29 21:36:40,0
2026-01-29 21:36:41,0
2026-01-29 21:36:42,0
2026-01-29 21:36:43,0
2026-01-29 21:36:44,0
2026-01-29 21:36:45,0
2026-01-29 21:36:46,0
2026-01-29 21:36:47,0
2026-01-29 21:36:48,0
2026-01-29 21:36:49,0
2026-01-29 21:36:50,0
2026-01-29 21:36:51,0
2026-01-29 21:36:52,0
2026-01-29 21:36:53,0
2026-01-29 21:36:54,0
2026-01-29 21:36:55,0
2026-01-29 21:36:56,0
2026-01-29 21:36:57,0
2026-01-29 21:36:58,0
2026-01-29 21:36:59,0
2026-01-29 21:37:00,0
2026-01-29 21:37:01,0
2026-01-29 21:37:02,0
2026-01-29 21:37:03,0
2026-01-29 21:37:04,0
2026-01-29 21:37:05,0
2026-01-29 21:37:06,0
2026-01-29 21:37:07,0
2026-01-29 21:37:08,0
2026-01-29 21:37:09,0
2026-01-29 21:37:10,0
2026-01-29 21:37:11,0
2026-01-29 21:37:12,0
2026-01-29 21:37:13,0
2026-01-29 21:37:14,0
2026-01-29 21:37:15,0
2026-01-29 21:37:16,0
2026-01-29 21:37:17,0
2026-01-29 21:37:18,0
2026-01-29 21:37:19,0
2026-01-29 21:37:20,0
2026-01-29 21:37:21,0
2026-01-29 21:37:22,0
2026-01-29 21:37:23,0
2026-01-29 21:37:24,0
2026-01-29 21:37:25,0
2026-01-29 21:37:26,0
2026-01-29 21:37:27,0
2026-01-29 21:37:28,0
2026-01-29 21:37:29,0
2026-01-29 21:37:30,0
2026-01-29 21:37:31,0
2026-01-29 21:37:32,0
2026-01-29 21:37:33,0
2026-01-29 21:42:29,2.97
2026-01-29 21:42:30,2.97
2026-01-29 21:42:31,2.97
2026-01-29 21:42:32,2.97
2026-01-29 21:42:33,2.97
2026-01-29 21:42:34,6.91
2026-01-29 21:42:35,6.91
2026-01-29 21:42:36,6.91
2026-01-29 21:42:37,6.91
2026-01-29 21:42:38,6.91
2026-01-29 21:42:39,7.65
2026-01-29 21:42:40,7.65
2026-01-29 21:42:41,7.65
2026-01-29 21:42:42,7.65
2026-01-29 21:42:43,7.65
2026-01-29 21:42:44,6.96
2026-01-29 21:42:45,6.96
2026-01-29 21:42:46,6.96
2026-01-29 21:42:47,6.96
2026-01-29 21:42:48,6.96
2026-01-29 21:42:49,6.79
2026-01-29 21:42:50,6.79
2026-01-29 21:42:51,6.79
2026-01-29 21:42:52,6.79
2026-01-29 21:42:53,6.79
2026-01-29 21:42:54,6.80
2026-01-29 21:42:55,6.80
2026-01-29 21:42:56,6.80
2026-01-29 21:42:57,6.80
2026-01-29 21:42:58,6.80
2026-01-29 21:42:59,6.60
2026-01-29 21:43:00,6.60
2026-01-29 21:43:01,6.60
2026-01-29 21:43:02,6.60
2026-01-29 21:43:03,6.60
2026-01-29 21:43:04,6.86
2026-01-29 21:43:05,6.86
2026-01-29 21:43:06,6.86
2026-01-29 21:43:07,6.86
2026-01-29 21:43:08,6.86
2026-01-29 21:43:09,6.88
2026-01-29 21:43:10,6.88
2026-01-29 21:43:11,6.88
2026-01-29 21:43:12,6.88
2026-01-29 21:43:13,6.88
2026-01-29 21:43:14,6.78
2026-01-29 21:43:15,6.78
2026-01-29 21:43:16,6.78
2026-01-29 21:43:17,6.78
2026-01-29 21:43:18,6.78
2026-01-29 21:43:19,6.74
2026-01-29 21:43:20,6.74
2026-01-29 21:43:21,6.74
2026-01-29 21:43:22,6.74
2026-01-29 21:43:23,6.74
2026-01-29 21:43:24,6.94
2026-01-29 21:43:25,6.94
2026-01-29 21:43:26,6.94
2026-01-29 21:43:27,6.94
2026-01-29 21:43:28,6.94
2026-01-29 21:43:29,7.57
2026-01-29 21:43:30,7.57
2026-01-29 21:43:31,7.57
2026-01-29 21:43:32,7.57
2026-01-29 21:43:33,7.57
2026-01-29 21:43:34,6.96
2026-01-29 21:43:35,6.96
2026-01-29 21:43:36,6.96
2026-01-29 21:43:37,6.96
2026-01-29 21:43:38,6.96
2026-01-29 21:43:39,6.68
2026-01-29 21:43:40,6.68
2026-01-29 21:43:41,6.68
2026-01-29 21:43:42,6.68
2026-01-29 21:43:43,6.68
2026-01-29 21:43:44,7.14
2026-01-29 21:43:45,7.14
2026-01-29 21:43:46,7.14
2026-01-29 21:43:47,7.14
2026-01-29 21:43:48,7.14
2026-01-29 21:43:49,6.70
2026-01-29 21:43:50,6.70
2026-01-29 21:43:51,6.70
2026-01-29 21:43:52,6.70
2026-01-29 21:43:53,6.70
2026-01-29 21:43:54,6.78
2026-01-29 21:43:55,6.78
2026-01-29 21:43:56,6.78
2026-01-29 21:43:57,6.78
2026-01-29 21:43:58,6.78
2026-01-29 21:43:59,6.62
2026-01-29 21:44:00,6.62
2026-01-29 21:44:01,6.62
2026-01-29 21:44:02,6.62
2026-01-29 21:44:03,6.62
2026-01-29 21:44:04,6.51
2026-01-29 21:44:05,6.51
2026-01-29 21:44:06,6.51
2026-01-29 21:44:07,6.51
2026-01-29 21:44:08,6.51
2026-01-29 21:44:09,8.68
2026-01-29 21:44:10,8.68
2026-01-29 21:44:11,8.68
2026-01-29 21:44:12,8.68
2026-01-29 21:44:13,8.68
2026-01-29 21:44:14,0
2026-01-29 21:44:15,0
2026-01-29 21:44:16,0
2026-01-29 21:44:17,0
2026-01-29 21:44:18,0
2026-01-29 21:44:19,0
2026-01-29 21:44:20,0
2026-01-29 21:44:21,0
2026-01-29 21:44:22,0
2026-01-29 21:44:23,0
2026-01-29 21:44:24,0
2026-01-29 21:44:25,0
2026-01-29 21:44:26,0
2026-01-29 21:44:27,0
2026-01-29 21:44:28,0
2026-01-29 21:44:29,0
2026-01-29 21:44:30,0
2026-01-29 21:44:31,0
2026-01-29 21:44:32,0
2026-01-29 21:44:33,0
2026-01-29 21:44:34,0
2026-01-29 21:44:35,0
2026-01-29 21:44:36,0
2026-01-29 21:44:37,0
2026-01-29 21:44:38,0
2026-01-29 21:44:39,0
2026-01-29 21:44:40,0
2026-01-29 21:44:41,0
2026-01-29 21:44:42,0
2026-01-29 21:44:43,0
2026-01-29 21:44:44,0
2026-01-29 21:44:45,0
2026-01-29 21:44:46,0
2026-01-29 21:44:47,0
2026-01-29 21:44:48,0
2026-01-29 21:44:49,0
2026-01-29 21:44:50,0
2026-01-29 21:44:51,0
2026-01-29 21:44:52,0
2026-01-29 21:44:53,0
2026-01-29 21:44:54,0
2026-01-29 21:44:55,0
2026-01-29 21:44:56,0
2026-01-29 21:44:57,0
2026-01-29 21:44:58,0
2026-01-29 21:44:59,0
2026-01-29 21:45:00,0
2026-01-29 21:45:01,0
2026-01-29 21:45:02,0
2026-01-29 21:45:03,0
2026-01-29 21:45:04,0
2026-01-29 21:45:05,0
2026-01-29 21:45:06,0
2026-01-29 21:45:07,0
2026-01-29 21:45:08,0
2026-01-29 21:45:09,0
2026-01-29 21:45:10,0
2026-01-29 21:45:11,0
2026-01-29 21:45:12,0
2026-01-29 21:45:13,0
2026-01-29 21:45:14,0
2026-01-29 21:45:15,0
2026-01-29 21:45:16,0
2026-01-29 21:45:17,0
2026-01-29 21:45:18,0
2026-01-29 21:45:19,0
2026-01-29 21:45:20,0
2026-01-29 21:45:21,0
2026-01-29 21:45:22,0
2026-01-29 21:45:23,0
2026-01-29 21:45:24,0
2026-01-29 21:45:25,0
2026-01-29 21:45:26,0
2026-01-29 21:45:27,0
2026-01-29 21:45:28,0
2026-01-29 21:45:29,0
2026-01-29 21:45:30,0
2026-01-29 21:45:31,0
2026-01-29 21:45:32,0
2026-01-29 21:45:33,0
2026-01-29 21:45:34,0
2026-01-29 21:45:35,0
2026-01-29 21:45:36,0
2026-01-29 21:45:37,0
2026-01-29 21:45:38,0
2026-01-29 21:45:39,0
2026-01-29 21:45:40,0
2026-01-29 21:45:41,0
2026-01-29 21:45:42,0
2026-01-29 21:45:43,0
2026-01-29 21:45:44,0
2026-01-29 21:45:45,0
2026-01-29 21:45:46,0
2026-01-29 21:45:47,0
2026-01-29 21:45:48,0
2026-01-29 21:50:49,5.70
2026-01-29 21:50:50,5.70
2026-01-29 21:50:51,5.70
2026-01-29 21:50:52,5.70
2026-01-29 21:50:53,5.70
2026-01-29 21:50:54,9.32
2026-01-29 21:50:55,9.32
2026-01-29 21:50:56,9.32
2026-01-29 21:50:57,9.32
2026-01-29 21:50:58,9.32
2026-01-29 21:50:59,8.93
2026-01-29 21:51:00,8.93
2026-01-29 21:51:01,8.93
2026-01-29 21:51:02,8.93
2026-01-29 21:51:03,8.93
2026-01-29 21:51:04,10.4
2026-01-29 21:51:05,10.4
2026-01-29 21:51:06,10.4
2026-01-29 21:51:07,10.4
2026-01-29 21:51:08,10.4
2026-01-29 21:51:09,7.98
2026-01-29 21:51:10,7.98
2026-01-29 21:51:11,7.98
2026-01-29 21:51:12,7.98
2026-01-29 21:51:13,7.98
2026-01-29 21:51:14,7.89
2026-01-29 21:51:15,7.89
2026-01-29 21:51:16,7.89
2026-01-29 21:51:17,7.89
2026-01-29 21:51:18,7.89
2026-01-29 21:51:19,8.07
2026-01-29 21:51:20,8.07
2026-01-29 21:51:21,8.07
2026-01-29 21:51:22,8.07
2026-01-29 21:51:23,8.07
2026-01-29 21:51:24,8.00
2026-01-29 21:51:25,8.00
2026-01-29 21:51:26,8.00
2026-01-29 21:51:27,8.00
2026-01-29 21:51:28,8.00
2026-01-29 21:51:29,8.12
2026-01-29 21:51:30,8.12
2026-01-29 21:51:31,8.12
2026-01-29 21:51:32,8.12
2026-01-29 21:51:33,8.12
2026-01-29 21:51:34,7.82
2026-01-29 21:51:35,7.82
2026-01-29 21:51:36,7.82
2026-01-29 21:51:37,7.82
2026-01-29 21:51:38,7.82
2026-01-29 21:51:39,7.98
2026-01-29 21:51:40,7.98
2026-01-29 21:51:41,7.98
2026-01-29 21:51:42,7.98
2026-01-29 21:51:43,7.98
2026-01-29 21:51:44,7.83
2026-01-29 21:51:45,7.83
2026-01-29 21:51:46,7.83
2026-01-29 21:51:47,7.83
2026-01-29 21:51:48,7.83
2026-01-29 21:51:49,7.75
2026-01-29 21:51:50,7.75
2026-01-29 21:51:51,7.75
2026-01-29 21:51:52,7.75
2026-01-29 21:51:53,7.75
2026-01-29 21:51:54,8.83
2026-01-29 21:51:55,8.83
2026-01-29 21:51:56,8.83
2026-01-29 21:51:57,8.83
2026-01-29 21:51:58,8.83
2026-01-29 21:51:59,7.21
2026-01-29 21:52:00,7.21
2026-01-29 21:52:01,7.21
2026-01-29 21:52:02,7.21
2026-01-29 21:52:03,7.21
2026-01-29 21:52:04,7.39
2026-01-29 21:52:05,7.39
2026-01-29 21:52:06,7.39
2026-01-29 21:52:07,7.39
2026-01-29 21:52:08,7.39
2026-01-29 21:52:09,7.63
2026-01-29 21:52:10,7.63
2026-01-29 21:52:11,7.63
2026-01-29 21:52:12,7.63
2026-01-29 21:52:13,7.63
2026-01-29 21:52:14,8.44
2026-01-29 21:52:15,8.44
2026-01-29 21:52:16,8.44
2026-01-29 21:52:17,8.44
2026-01-29 21:52:18,8.44
2026-01-29 21:52:19,6.61
2026-01-29 21:52:20,6.61
2026-01-29 21:52:21,6.61
2026-01-29 21:52:22,6.61
2026-01-29 21:52:23,6.61
2026-01-29 21:52:24,6.80
2026-01-29 21:52:25,6.80
2026-01-29 21:52:26,6.80
2026-01-29 21:52:27,6.80
2026-01-29 21:52:28,6.80
2026-01-29 21:52:29,7.00
2026-01-29 21:52:30,7.00
2026-01-29 21:52:31,7.00
2026-01-29 21:52:32,7.00
2026-01-29 21:52:33,7.00
2026-01-29 21:52:34,0
2026-01-29 21:52:35,0
2026-01-29 21:52:36,0
2026-01-29 21:52:37,0
2026-01-29 21:52:38,0
2026-01-29 21:52:39,0
2026-01-29 21:52:40,0
2026-01-29 21:52:41,0
2026-01-29 21:52:42,0
2026-01-29 21:52:43,0
2026-01-29 21:52:44,0
2026-01-29 21:52:45,0
2026-01-29 21:52:46,0
2026-01-29 21:52:47,0
2026-01-29 21:52:48,0
2026-01-29 21:52:49,0
2026-01-29 21:52:50,0
2026-01-29 21:52:51,0
2026-01-29 21:52:52,0
2026-01-29 21:52:53,0
2026-01-29 21:52:54,0
2026-01-29 21:52:55,0
2026-01-29 21:52:56,0
2026-01-29 21:52:57,0
2026-01-29 21:52:58,0
2026-01-29 21:52:59,0
2026-01-29 21:53:00,0
2026-01-29 21:53:01,0
2026-01-29 21:53:02,0
2026-01-29 21:53:03,0
2026-01-29 21:53:04,0
2026-01-29 21:53:05,0
2026-01-29 21:53:06,0
2026-01-29 21:53:07,0
2026-01-29 21:53:08,0
2026-01-29 21:53:09,0
2026-01-29 21:53:10,0
2026-01-29 21:53:11,0
2026-01-29 21:53:12,0
2026-01-29 21:53:13,0
2026-01-29 21:53:14,0
2026-01-29 21:53:15,0
2026-01-29 21:53:16,0
2026-01-29 21:53:17,0
2026-01-29 21:53:18,0
2026-01-29 21:53:19,0
2026-01-29 21:53:20,0
2026-01-29 21:53:21,0
2026-01-29 21:53:22,0
2026-01-29 21:53:23,0
2026-01-29 21:53:24,0
2026-01-29 21:53:25,0
2026-01-29 21:53:26,0
2026-01-29 21:53:27,0
2026-01-29 21:53:28,0
2026-01-29 21:53:29,0
2026-01-29 21:53:30,0
2026-01-29 21:53:31,0
2026-01-29 21:53:32,0
2026-01-29 21:53:33,0
2026-01-29 21:53:34,0
2026-01-29 21:53:35,0
2026-01-29 21:53:36,0
2026-01-29 21:53:37,0
2026-01-29 21:53:38,0
2026-01-29 21:53:39,0
2026-01-29 21:53:40,0
2026-01-29 21:53:41,0
2026-01-29 21:53:42,0
2026-01-29 21:53:43,0
2026-01-29 21:53:44,0
2026-01-29 21:53:45,0
2026-01-29 21:53:46,0
2026-01-29 21:53:47,0
2026-01-29 21:53:48,0
2026-01-29 21:53:49,0
2026-01-29 21:53:50,0
2026-01-29 21:53:51,0
2026-01-29 21:53:52,0
2026-01-29 21:53:53,0
2026-01-29 21:53:54,0
2026-01-29 21:53:55,0
2026-01-29 21:53:56,0
2026-01-29 21:53:57,0
2026-01-29 21:53:58,0
2026-01-29 21:53:59,0
2026-01-29 21:54:00,0
2026-01-29 21:54:01,0
2026-01-29 21:54:02,0
2026-01-29 21:54:03,0
2026-01-29 21:54:04,0
2026-01-29 21:54:05,0
2026-01-29 21:54:06,0
2026-01-29 21:54:07,0
2026-01-29 21:54:08,0