"Time","ue-ldpc-dec"
2026-01-29 18:59:17,7.52
2026-01-29 18:59:18,7.52
2026-01-29 18:59:19,7.61
2026-01-29 18:59:20,7.61
2026-01-29 18:59:21,7.61
2026-01-29 18:59:22,7.61
2026-01-29 18:59:23,7.61
2026-01-29 18:59:24,7.66
2026-01-29 18:59:25,7.66
2026-01-29 18:59:26,7.66
2026-01-29 18:59:27,7.66
2026-01-29 18:59:28,7.66
2026-01-29 18:59:29,7.51
2026-01-29 18:59:30,7.51
2026-01-29 18:59:31,7.51
2026-01-29 18:59:32,7.51
2026-01-29 18:59:33,7.51
2026-01-29 18:59:34,6.28
2026-01-29 18:59:35,6.28
2026-01-29 18:59:36,6.28
2026-01-29 18:59:37,6.28
2026-01-29 18:59:38,6.28
2026-01-29 18:59:39,7.68
2026-01-29 18:59:40,7.68
2026-01-29 18:59:41,7.68
2026-01-29 18:59:42,7.68
2026-01-29 18:59:43,7.68
2026-01-29 18:59:44,10.1
2026-01-29 18:59:45,10.1
2026-01-29 18:59:46,10.1
2026-01-29 18:59:47,10.1
2026-01-29 18:59:48,10.1
2026-01-29 18:59:49,11.9
2026-01-29 18:59:50,11.9
2026-01-29 18:59:51,11.9
2026-01-29 18:59:52,11.9
2026-01-29 18:59:53,11.9
2026-01-29 18:59:54,10.3
2026-01-29 18:59:55,10.3
2026-01-29 18:59:56,10.3
2026-01-29 18:59:57,10.3
2026-01-29 18:59:58,10.3
2026-01-29 18:59:59,11.2
2026-01-29 19:00:00,11.2
2026-01-29 19:00:01,11.2
2026-01-29 19:00:02,11.2
2026-01-29 19:00:03,11.2
2026-01-29 19:00:04,9.81
2026-01-29 19:00:05,9.81
2026-01-29 19:00:06,9.81
2026-01-29 19:00:07,9.81
2026-01-29 19:00:08,9.81
2026-01-29 19:00:09,8.77
2026-01-29 19:00:10,8.77
2026-01-29 19:00:11,8.77
2026-01-29 19:00:12,8.77
2026-01-29 19:00:13,8.77
2026-01-29 19:00:14,8.68
2026-01-29 19:00:15,8.68
2026-01-29 19:00:16,8.68
2026-01-29 19:00:17,8.68
2026-01-29 19:00:18,8.68
2026-01-29 19:00:19,8.71
2026-01-29 19:00:20,8.71
2026-01-29 19:00:21,8.71
2026-01-29 19:00:22,8.71
2026-01-29 19:00:23,8.71
2026-01-29 19:00:24,8.79
2026-01-29 19:00:25,8.79
2026-01-29 19:00:26,8.79
2026-01-29 19:00:27,8.79
2026-01-29 19:00:28,8.79
2026-01-29 19:00:29,8.71
2026-01-29 19:00:30,8.71
2026-01-29 19:00:31,8.71
2026-01-29 19:00:32,8.71
2026-01-29 19:00:33,8.71
2026-01-29 19:00:34,8.79
2026-01-29 19:00:35,8.79
2026-01-29 19:00:36,8.79
2026-01-29 19:00:37,8.79
2026-01-29 19:00:38,8.79
2026-01-29 19:00:39,10.4
2026-01-29 19:00:40,10.4
2026-01-29 19:00:41,10.4
2026-01-29 19:00:42,10.4
2026-01-29 19:00:43,10.4
2026-01-29 19:00:44,8.91
2026-01-29 19:00:45,8.91
2026-01-29 19:00:46,8.91
2026-01-29 19:00:47,8.91
2026-01-29 19:00:48,8.91
2026-01-29 19:00:49,7.85
2026-01-29 19:00:50,7.85
2026-01-29 19:00:51,7.85
2026-01-29 19:00:52,7.85
2026-01-29 19:00:53,7.85
2026-01-29 19:00:54,9.73
2026-01-29 19:00:55,9.73
2026-01-29 19:00:56,9.73
2026-01-29 19:00:57,9.73
2026-01-29 19:00:58,9.73
2026-01-29 19:00:59,8.10
2026-01-29 19:01:00,8.10
2026-01-29 19:01:01,8.10
2026-01-29 19:01:02,8.10
2026-01-29 19:01:03,8.10
2026-01-29 19:01:04,6.75
2026-01-29 19:01:05,6.75
2026-01-29 19:01:06,6.75
2026-01-29 19:01:07,6.75
2026-01-29 19:01:08,6.75
2026-01-29 19:01:09,6.75
2026-01-29 19:01:10,6.75
2026-01-29 19:01:11,6.75
2026-01-29 19:01:12,6.75
2026-01-29 19:01:13,6.75
2026-01-29 19:01:14,6.67
2026-01-29 19:01:15,6.67
2026-01-29 19:01:16,6.67
2026-01-29 19:01:17,6.67
2026-01-29 19:01:18,6.67
2026-01-29 19:01:19,6.62
2026-01-29 19:01:20,6.62
2026-01-29 19:01:21,6.62
2026-01-29 19:01:22,6.62
2026-01-29 19:01:23,6.62
2026-01-29 19:01:24,6.87
2026-01-29 19:01:25,6.87
2026-01-29 19:01:26,6.87
2026-01-29 19:01:27,6.87
2026-01-29 19:01:28,6.87
2026-01-29 19:01:29,6.64
2026-01-29 19:01:30,6.64
2026-01-29 19:01:31,6.64
2026-01-29 19:01:32,6.64
2026-01-29 19:01:33,6.64
2026-01-29 19:01:34,6.82
2026-01-29 19:01:35,6.82
2026-01-29 19:01:36,6.82
2026-01-29 19:01:37,6.82
2026-01-29 19:01:38,6.82
2026-01-29 19:01:39,0
2026-01-29 19:01:40,0
2026-01-29 19:01:41,0
2026-01-29 19:01:42,0
2026-01-29 19:01:43,0
2026-01-29 19:01:44,0
2026-01-29 19:01:45,0
2026-01-29 19:01:46,0
2026-01-29 19:01:47,0
2026-01-29 19:01:48,0
2026-01-29 19:01:49,0
2026-01-29 19:01:50,0
2026-01-29 19:01:51,0
2026-01-29 19:01:52,0
2026-01-29 19:01:53,0
2026-01-29 19:01:54,0
2026-01-29 19:01:55,0
2026-01-29 19:01:56,0
2026-01-29 19:01:57,0
2026-01-29 19:01:58,0
2026-01-29 19:01:59,0
2026-01-29 19:02:00,0
2026-01-29 19:02:01,0
2026-01-29 19:02:02,0
2026-01-29 19:02:03,0
2026-01-29 19:02:04,0
2026-01-29 19:02:05,0
2026-01-29 19:02:06,0
2026-01-29 19:02:07,0
2026-01-29 19:02:08,0
2026-01-29 19:02:09,0
2026-01-29 19:02:10,0
2026-01-29 19:02:11,0
2026-01-29 19:02:12,0
2026-01-29 19:02:13,0
2026-01-29 19:02:14,0
2026-01-29 19:02:15,0
2026-01-29 19:02:16,0
2026-01-29 19:02:17,0
2026-01-29 19:02:18,0
2026-01-29 19:02:19,0
2026-01-29 19:02:20,0
2026-01-29 19:02:21,0
2026-01-29 19:02:22,0
2026-01-29 19:02:23,0
2026-01-29 19:02:24,0
2026-01-29 19:02:25,0
2026-01-29 19:02:26,0
2026-01-29 19:02:27,0
2026-01-29 19:02:28,0
2026-01-29 19:02:29,0
2026-01-29 19:02:30,0
2026-01-29 19:02:31,0
2026-01-29 19:02:32,0
2026-01-29 19:02:33,0
2026-01-29 19:02:34,0
2026-01-29 19:02:35,0
2026-01-29 19:02:36,0
2026-01-29 19:02:37,0
2026-01-29 19:02:38,0
2026-01-29 19:02:39,0
2026-01-29 19:02:40,0
2026-01-29 19:02:41,0
2026-01-29 19:02:42,0
2026-01-29 19:02:43,0
2026-01-29 19:02:44,0
2026-01-29 19:02:45,0
2026-01-29 19:02:46,0
2026-01-29 19:02:47,0
2026-01-29 19:02:48,0
2026-01-29 19:02:49,0
2026-01-29 19:02:50,0
2026-01-29 19:02:51,0
2026-01-29 19:02:52,0
2026-01-29 19:02:53,0
2026-01-29 19:02:54,0
2026-01-29 19:02:55,0
2026-01-29 19:02:56,0
2026-01-29 19:02:57,0
2026-01-29 19:02:58,0
2026-01-29 19:02:59,0
2026-01-29 19:03:00,0
2026-01-29 19:03:01,0
2026-01-29 19:03:02,0
2026-01-29 19:03:03,0
2026-01-29 19:03:04,0
2026-01-29 19:03:05,0
2026-01-29 19:03:06,0
2026-01-29 19:03:07,0
2026-01-29 19:03:08,0
2026-01-29 19:03:09,0
2026-01-29 19:03:10,0
2026-01-29 19:03:11,0
2026-01-29 19:03:12,0
2026-01-29 19:03:13,0
2026-01-29 19:03:39,1.41
2026-01-29 19:03:40,1.41
2026-01-29 19:03:41,1.41
2026-01-29 19:03:42,1.41
2026-01-29 19:03:43,1.41
2026-01-29 19:03:44,7.92
2026-01-29 19:03:45,7.92
2026-01-29 19:03:46,7.92
2026-01-29 19:03:47,7.92
2026-01-29 19:03:48,7.92
2026-01-29 19:03:49,10.6
2026-01-29 19:03:50,10.6
2026-01-29 19:03:51,10.6
2026-01-29 19:03:52,10.6
2026-01-29 19:03:53,10.6
2026-01-29 19:03:54,10.3
2026-01-29 19:03:55,10.3
2026-01-29 19:03:56,10.3
2026-01-29 19:03:57,10.3
2026-01-29 19:03:58,10.3
2026-01-29 19:03:59,9.92
2026-01-29 19:04:00,9.92
2026-01-29 19:04:01,9.92
2026-01-29 19:04:02,9.92
2026-01-29 19:04:03,9.92
2026-01-29 19:04:04,9.98
2026-01-29 19:04:05,9.98
2026-01-29 19:04:06,9.98
2026-01-29 19:04:07,9.98
2026-01-29 19:04:08,9.98
2026-01-29 19:04:09,9.98
2026-01-29 19:04:10,9.98
2026-01-29 19:04:11,9.98
2026-01-29 19:04:12,9.98
2026-01-29 19:04:13,9.98
2026-01-29 19:04:14,10.0
2026-01-29 19:04:15,10.0
2026-01-29 19:04:16,10.0
2026-01-29 19:04:17,10.0
2026-01-29 19:04:18,10.0
2026-01-29 19:04:19,9.81
2026-01-29 19:04:20,9.81
2026-01-29 19:04:21,9.81
2026-01-29 19:04:22,9.81
2026-01-29 19:04:23,9.81
2026-01-29 19:04:24,10.1
2026-01-29 19:04:25,10.1
2026-01-29 19:04:26,10.1
2026-01-29 19:04:27,10.1
2026-01-29 19:04:28,10.1
2026-01-29 19:04:29,9.94
2026-01-29 19:04:30,9.94
2026-01-29 19:04:31,9.94
2026-01-29 19:04:32,9.94
2026-01-29 19:04:33,9.94
2026-01-29 19:04:34,10.0
2026-01-29 19:04:35,10.0
2026-01-29 19:04:36,10.0
2026-01-29 19:04:37,10.0
2026-01-29 19:04:38,10.0
2026-01-29 19:04:39,11.1
2026-01-29 19:04:40,11.1
2026-01-29 19:04:41,11.1
2026-01-29 19:04:42,11.1
2026-01-29 19:04:43,11.1
2026-01-29 19:04:44,9.51
2026-01-29 19:04:45,9.51
2026-01-29 19:04:46,9.51
2026-01-29 19:04:47,9.51
2026-01-29 19:04:48,9.51
2026-01-29 19:04:49,9.05
2026-01-29 19:04:50,9.05
2026-01-29 19:04:51,9.05
2026-01-29 19:04:52,9.05
2026-01-29 19:04:53,9.05
2026-01-29 19:04:54,8.92
2026-01-29 19:04:55,8.92
2026-01-29 19:04:56,8.92
2026-01-29 19:04:57,8.92
2026-01-29 19:04:58,8.92
2026-01-29 19:04:59,8.93
2026-01-29 19:05:00,8.93
2026-01-29 19:05:01,8.93
2026-01-29 19:05:02,8.93
2026-01-29 19:05:03,8.93
2026-01-29 19:05:04,8.91
2026-01-29 19:05:05,8.91
2026-01-29 19:05:06,8.91
2026-01-29 19:05:07,8.91
2026-01-29 19:05:08,8.91
2026-01-29 19:05:09,8.90
2026-01-29 19:05:10,8.90
2026-01-29 19:05:11,8.90
2026-01-29 19:05:12,8.90
2026-01-29 19:05:13,8.90
2026-01-29 19:05:14,8.91
2026-01-29 19:05:15,8.91
2026-01-29 19:05:16,8.91
2026-01-29 19:05:17,8.91
2026-01-29 19:05:18,8.91
2026-01-29 19:05:19,8.87
2026-01-29 19:05:20,8.87
2026-01-29 19:05:21,8.87
2026-01-29 19:05:22,8.87
2026-01-29 19:05:23,8.87
2026-01-29 19:05:24,8.91
2026-01-29 19:05:25,8.91
2026-01-29 19:05:26,8.91
2026-01-29 19:05:27,8.91
2026-01-29 19:05:28,8.91
2026-01-29 19:05:29,8.85
2026-01-29 19:05:30,8.85
2026-01-29 19:05:31,8.85
2026-01-29 19:05:32,8.85
2026-01-29 19:05:33,8.85
2026-01-29 19:05:34,8.87
2026-01-29 19:05:35,8.87
2026-01-29 19:05:36,8.87
2026-01-29 19:05:37,8.87
2026-01-29 19:05:38,8.87
2026-01-29 19:05:39,8.94
2026-01-29 19:05:40,8.94
2026-01-29 19:05:41,8.94
2026-01-29 19:05:42,8.94
2026-01-29 19:05:43,8.94
2026-01-29 19:05:44,8.98
2026-01-29 19:05:45,8.98
2026-01-29 19:05:46,8.98
2026-01-29 19:05:47,8.98
2026-01-29 19:05:48,8.98
2026-01-29 19:05:49,9.08
2026-01-29 19:05:50,9.08
2026-01-29 19:05:51,9.08
2026-01-29 19:05:52,9.08
2026-01-29 19:05:53,9.08
2026-01-29 19:05:54,8.88
2026-01-29 19:05:55,8.88
2026-01-29 19:05:56,8.88
2026-01-29 19:05:57,8.88
2026-01-29 19:05:58,8.88
2026-01-29 19:05:59,8.88
2026-01-29 19:06:00,8.88
2026-01-29 19:06:01,8.88
2026-01-29 19:06:02,8.88
2026-01-29 19:06:03,8.88
2026-01-29 19:06:04,8.95
2026-01-29 19:06:05,8.95
2026-01-29 19:06:06,8.95
2026-01-29 19:06:07,8.95
2026-01-29 19:06:08,8.95
2026-01-29 19:06:09,10.5
2026-01-29 19:06:10,10.5
2026-01-29 19:06:11,10.5
2026-01-29 19:06:12,10.5
2026-01-29 19:06:13,10.5
2026-01-29 19:06:14,7.88
2026-01-29 19:06:15,7.88
2026-01-29 19:06:16,7.88
2026-01-29 19:06:17,7.88
2026-01-29 19:06:18,7.88
2026-01-29 19:06:19,7.50
2026-01-29 19:06:20,7.50
2026-01-29 19:06:21,7.50
2026-01-29 19:06:22,7.50
2026-01-29 19:06:23,7.50
2026-01-29 19:06:24,7.18
2026-01-29 19:06:25,7.18
2026-01-29 19:06:26,7.18
2026-01-29 19:06:27,7.18
2026-01-29 19:06:28,7.18
2026-01-29 19:06:29,8.51
2026-01-29 19:06:30,8.51
2026-01-29 19:06:31,8.51
2026-01-29 19:06:32,8.51
2026-01-29 19:06:33,8.51
2026-01-29 19:06:34,8.35
2026-01-29 19:06:35,8.35
2026-01-29 19:06:36,8.35
2026-01-29 19:06:37,8.35
2026-01-29 19:06:38,8.35
2026-01-29 19:06:39,9.72
2026-01-29 19:06:40,9.72
2026-01-29 19:06:41,9.72
2026-01-29 19:06:42,9.72
2026-01-29 19:06:43,9.72
2026-01-29 19:06:44,8.04
2026-01-29 19:06:45,8.04
2026-01-29 19:06:46,8.04
2026-01-29 19:06:47,8.04
2026-01-29 19:06:48,8.04
2026-01-29 19:06:49,7.99
2026-01-29 19:06:50,7.99
2026-01-29 19:06:51,7.99
2026-01-29 19:06:52,7.99
2026-01-29 19:06:53,7.99
2026-01-29 19:06:54,9.58
2026-01-29 19:06:55,9.58
2026-01-29 19:06:56,9.58
2026-01-29 19:06:57,9.58
2026-01-29 19:06:58,9.58
2026-01-29 19:06:59,7.76
2026-01-29 19:07:00,7.76
2026-01-29 19:07:01,7.76
2026-01-29 19:07:02,7.76
2026-01-29 19:07:03,7.76
2026-01-29 19:07:04,6.74
2026-01-29 19:07:05,6.74
2026-01-29 19:07:06,6.74
2026-01-29 19:07:07,6.74
2026-01-29 19:07:08,6.74
2026-01-29 19:07:09,6.81
2026-01-29 19:07:10,6.81
2026-01-29 19:07:11,6.81
2026-01-29 19:07:12,6.81
2026-01-29 19:07:13,6.81
2026-01-29 19:07:14,6.68
2026-01-29 19:07:15,6.68
2026-01-29 19:07:16,6.68
2026-01-29 19:07:17,6.68
2026-01-29 19:07:18,6.68
2026-01-29 19:07:19,6.90
2026-01-29 19:07:20,6.90
2026-01-29 19:07:21,6.90
2026-01-29 19:07:22,6.90
2026-01-29 19:07:23,6.90
2026-01-29 19:07:24,7.34
2026-01-29 19:07:25,7.34
2026-01-29 19:07:26,7.34
2026-01-29 19:07:27,7.34
2026-01-29 19:07:28,7.34
2026-01-29 19:07:29,6.70
2026-01-29 19:07:30,6.70
2026-01-29 19:07:31,6.70
2026-01-29 19:07:32,6.70
2026-01-29 19:07:33,6.70
2026-01-29 19:07:34,6.53
2026-01-29 19:07:35,6.53
2026-01-29 19:07:36,6.53
2026-01-29 19:07:37,6.53
2026-01-29 19:07:38,6.53
2026-01-29 19:07:39,6.38
2026-01-29 19:07:40,6.38
2026-01-29 19:07:41,6.38
2026-01-29 19:07:42,6.38
2026-01-29 19:07:43,6.38
2026-01-29 19:07:44,8.13
2026-01-29 19:07:45,8.13
2026-01-29 19:07:46,8.13
2026-01-29 19:07:47,8.13
2026-01-29 19:07:48,8.13
2026-01-29 19:07:49,8.14
2026-01-29 19:07:50,8.14
2026-01-29 19:07:51,8.14
2026-01-29 19:07:52,8.14
2026-01-29 19:07:53,8.14
2026-01-29 19:07:54,7.72
2026-01-29 19:07:55,7.72
2026-01-29 19:07:56,7.72
2026-01-29 19:07:57,7.72
2026-01-29 19:07:58,7.72
2026-01-29 19:07:59,7.67
2026-01-29 19:08:00,7.67
2026-01-29 19:08:01,7.67
2026-01-29 19:08:02,7.67
2026-01-29 19:08:03,7.67
2026-01-29 19:08:04,7.63
2026-01-29 19:08:05,7.63
2026-01-29 19:08:06,7.63
2026-01-29 19:08:07,7.63
2026-01-29 19:08:08,7.63
2026-01-29 19:08:09,7.68
2026-01-29 19:08:10,7.68
2026-01-29 19:08:11,7.68
2026-01-29 19:08:12,7.68
2026-01-29 19:08:13,7.68
2026-01-29 19:08:14,7.73
2026-01-29 19:08:15,7.73
2026-01-29 19:08:16,7.73
2026-01-29 19:08:17,7.73
2026-01-29 19:08:18,7.73
2026-01-29 19:08:19,7.84
2026-01-29 19:08:20,7.84
2026-01-29 19:08:21,7.84
2026-01-29 19:08:22,7.84
2026-01-29 19:08:23,7.84
2026-01-29 19:08:24,8.32
2026-01-29 19:08:25,8.32
2026-01-29 19:08:26,8.32
2026-01-29 19:08:27,8.32
2026-01-29 19:08:28,8.32
2026-01-29 19:08:29,7.84
2026-01-29 19:08:30,7.84
2026-01-29 19:08:31,7.84
2026-01-29 19:08:32,7.84
2026-01-29 19:08:33,7.84
2026-01-29 19:08:34,7.91
2026-01-29 19:08:35,7.91
2026-01-29 19:08:36,7.91
2026-01-29 19:08:37,7.91
2026-01-29 19:08:38,7.91
2026-01-29 19:08:39,7.74
2026-01-29 19:08:40,7.74
2026-01-29 19:08:41,7.74
2026-01-29 19:08:42,7.74
2026-01-29 19:08:43,7.74
2026-01-29 19:08:44,7.68
2026-01-29 19:08:45,7.68
2026-01-29 19:08:46,7.68
2026-01-29 19:08:47,7.68
2026-01-29 19:08:48,7.68
2026-01-29 19:08:49,7.72
2026-01-29 19:08:50,7.72
2026-01-29 19:08:51,7.72
2026-01-29 19:08:52,7.72
2026-01-29 19:08:53,7.72
2026-01-29 19:08:54,7.82
2026-01-29 19:08:55,7.82
2026-01-29 19:08:56,7.82
2026-01-29 19:08:57,7.82
2026-01-29 19:08:58,7.82
2026-01-29 19:08:59,9.05
2026-01-29 19:09:00,9.05
2026-01-29 19:09:01,9.05
2026-01-29 19:09:02,9.05
2026-01-29 19:09:03,9.05
2026-01-29 19:09:04,7.07
2026-01-29 19:09:05,7.07
2026-01-29 19:09:06,7.07
2026-01-29 19:09:07,7.07
2026-01-29 19:09:08,7.07
2026-01-29 19:09:09,6.76
2026-01-29 19:09:10,6.76
2026-01-29 19:09:11,6.76
2026-01-29 19:09:12,6.76
2026-01-29 19:09:13,6.76
2026-01-29 19:09:14,6.95
2026-01-29 19:09:15,6.95
2026-01-29 19:09:16,6.95
2026-01-29 19:09:17,6.95
2026-01-29 19:09:18,6.95
2026-01-29 19:09:19,7.14
2026-01-29 19:09:20,7.14
2026-01-29 19:09:21,7.14
2026-01-29 19:09:22,7.14
2026-01-29 19:09:23,7.14
2026-01-29 19:09:24,6.79
2026-01-29 19:09:25,6.79
2026-01-29 19:09:26,6.79
2026-01-29 19:09:27,6.79
2026-01-29 19:09:28,6.79
2026-01-29 19:09:29,8.08
2026-01-29 19:09:30,8.08
2026-01-29 19:09:31,8.08
2026-01-29 19:09:32,8.08
2026-01-29 19:09:33,8.08
2026-01-29 19:09:34,5.71
2026-01-29 19:09:35,5.71
2026-01-29 19:09:36,5.71
2026-01-29 19:09:37,5.71
2026-01-29 19:09:38,5.71
2026-01-29 19:09:39,5.43
2026-01-29 19:09:40,5.43
2026-01-29 19:09:41,5.43
2026-01-29 19:09:42,5.43
2026-01-29 19:09:43,5.43
2026-01-29 19:09:44,5.43
2026-01-29 19:09:45,5.43
2026-01-29 19:09:46,5.43
2026-01-29 19:09:47,5.43
2026-01-29 19:09:48,5.43
2026-01-29 19:09:49,5.50
2026-01-29 19:09:50,5.50
2026-01-29 19:09:51,5.50
2026-01-29 19:09:52,5.50
2026-01-29 19:09:53,5.50
2026-01-29 19:09:54,5.62
2026-01-29 19:09:55,5.62
2026-01-29 19:09:56,5.62
2026-01-29 19:09:57,5.62
2026-01-29 19:09:58,5.62
2026-01-29 19:09:59,5.34
2026-01-29 19:10:00,5.34
2026-01-29 19:10:01,5.34
2026-01-29 19:10:02,5.34
2026-01-29 19:10:03,5.34
2026-01-29 19:10:04,5.49
2026-01-29 19:10:05,5.49
2026-01-29 19:10:06,5.49
2026-01-29 19:10:07,5.49
2026-01-29 19:10:08,5.49
2026-01-29 19:10:09,5.40
2026-01-29 19:10:10,5.40
2026-01-29 19:10:11,5.40
2026-01-29 19:10:12,5.40
2026-01-29 19:10:13,5.40
2026-01-29 19:10:14,5.42
2026-01-29 19:10:15,5.42
2026-01-29 19:10:16,5.42
2026-01-29 19:10:17,5.42
2026-01-29 19:10:18,5.42
2026-01-29 19:10:19,5.32
2026-01-29 19:10:20,5.32
2026-01-29 19:10:21,5.32
2026-01-29 19:10:22,5.32
2026-01-29 19:10:23,5.32
2026-01-29 19:10:24,5.33
2026-01-29 19:10:25,5.33
2026-01-29 19:10:26,5.33
2026-01-29 19:10:27,5.33
2026-01-29 19:10:28,5.33
2026-01-29 19:10:29,5.30
2026-01-29 19:10:30,5.30
2026-01-29 19:10:31,5.30
2026-01-29 19:10:32,5.30
2026-01-29 19:10:33,5.30
2026-01-29 19:10:34,4.60
2026-01-29 19:10:35,4.60
2026-01-29 19:10:36,4.60
2026-01-29 19:10:37,4.60
2026-01-29 19:10:38,4.60
2026-01-29 19:10:39,6.62
2026-01-29 19:10:40,6.62
2026-01-29 19:10:41,6.62
2026-01-29 19:10:42,6.62
2026-01-29 19:10:43,6.62
2026-01-29 19:10:44,0
2026-01-29 19:10:45,0
2026-01-29 19:10:46,0
2026-01-29 19:10:47,0
2026-01-29 19:10:48,0
2026-01-29 19:10:49,0
2026-01-29 19:10:50,0
2026-01-29 19:10:51,0
2026-01-29 19:10:52,0
2026-01-29 19:10:53,0
2026-01-29 19:10:54,0
2026-01-29 19:10:55,0
2026-01-29 19:10:56,0
2026-01-29 19:10:57,0
2026-01-29 19:10:58,0
2026-01-29 19:10:59,0
2026-01-29 19:11:00,0
2026-01-29 19:11:01,0
2026-01-29 19:11:02,0
2026-01-29 19:11:03,0
2026-01-29 19:11:04,0
2026-01-29 19:11:05,0
2026-01-29 19:11:06,0
2026-01-29 19:11:07,0
2026-01-29 19:11:08,0
2026-01-29 19:11:09,0
2026-01-29 19:11:10,0
2026-01-29 19:11:11,0
2026-01-29 19:11:12,0
2026-01-29 19:11:13,0
2026-01-29 19:11:14,0
2026-01-29 19:11:15,0
2026-01-29 19:11:16,0
2026-01-29 19:11:17,0
2026-01-29 19:11:18,0
2026-01-29 19:11:19,0
2026-01-29 19:11:20,0
2026-01-29 19:11:21,0
2026-01-29 19:11:22,0
2026-01-29 19:11:23,0
2026-01-29 19:11:24,0
2026-01-29 19:11:25,0
2026-01-29 19:11:26,0
2026-01-29 19:11:27,0
2026-01-29 19:11:28,0
2026-01-29 19:11:29,0
2026-01-29 19:11:30,0
2026-01-29 19:11:31,0
2026-01-29 19:11:32,0
2026-01-29 19:11:33,0
2026-01-29 19:11:34,0
2026-01-29 19:11:35,0
2026-01-29 19:11:36,0
2026-01-29 19:11:37,0
2026-01-29 19:11:38,0
2026-01-29 19:11:39,0
2026-01-29 19:11:40,0
2026-01-29 19:11:41,0
2026-01-29 19:11:42,0
2026-01-29 19:11:43,0
2026-01-29 19:11:44,0
2026-01-29 19:11:45,0
2026-01-29 19:11:46,0
2026-01-29 19:11:47,0
2026-01-29 19:11:48,0
2026-01-29 19:11:49,0
2026-01-29 19:11:50,0
2026-01-29 19:11:51,0
2026-01-29 19:11:52,0
2026-01-29 19:11:53,0
2026-01-29 19:11:54,0
2026-01-29 19:11:55,0
2026-01-29 19:11:56,0
2026-01-29 19:11:57,0
2026-01-29 19:11:58,0
2026-01-29 19:11:59,0
2026-01-29 19:12:00,0
2026-01-29 19:12:01,0
2026-01-29 19:12:02,0
2026-01-29 19:12:03,0
2026-01-29 19:12:04,0
2026-01-29 19:12:05,0
2026-01-29 19:12:06,0
2026-01-29 19:12:07,0
2026-01-29 19:12:08,0
2026-01-29 19:12:09,0
2026-01-29 19:12:10,0
2026-01-29 19:12:11,0
2026-01-29 19:12:12,0
2026-01-29 19:12:13,0
2026-01-29 19:13:04,6.73
2026-01-29 19:13:05,6.73
2026-01-29 19:13:06,6.73
2026-01-29 19:13:07,6.73
2026-01-29 19:13:08,6.73
2026-01-29 19:13:09,7.48
2026-01-29 19:13:10,7.48
2026-01-29 19:13:11,7.48
2026-01-29 19:13:12,7.48
2026-01-29 19:13:13,7.48
2026-01-29 19:13:14,8.35
2026-01-29 19:13:15,8.35
2026-01-29 19:13:16,8.35
2026-01-29 19:13:17,8.35
2026-01-29 19:13:18,8.35
2026-01-29 19:13:19,8.29
2026-01-29 19:13:20,8.29
2026-01-29 19:13:21,8.29
2026-01-29 19:13:22,8.29
2026-01-29 19:13:23,8.29
2026-01-29 19:13:24,10.2
2026-01-29 19:13:25,10.2
2026-01-29 19:13:26,10.2
2026-01-29 19:13:27,10.2
2026-01-29 19:13:28,10.2
2026-01-29 19:13:29,8.59
2026-01-29 19:13:30,8.59
2026-01-29 19:13:31,8.59
2026-01-29 19:13:32,8.59
2026-01-29 19:13:33,8.59
2026-01-29 19:13:34,9.91
2026-01-29 19:13:35,9.91
2026-01-29 19:13:36,9.91
2026-01-29 19:13:37,9.91
2026-01-29 19:13:38,9.91
2026-01-29 19:13:39,8.32
2026-01-29 19:13:40,8.32
2026-01-29 19:13:41,8.32
2026-01-29 19:13:42,8.32
2026-01-29 19:13:43,8.32
2026-01-29 19:13:44,6.71
2026-01-29 19:13:45,6.71
2026-01-29 19:13:46,6.71
2026-01-29 19:13:47,6.71
2026-01-29 19:13:48,6.71
2026-01-29 19:13:49,6.73
2026-01-29 19:13:50,6.73
2026-01-29 19:13:51,6.73
2026-01-29 19:13:52,6.73
2026-01-29 19:13:53,6.73
2026-01-29 19:13:54,6.67
2026-01-29 19:13:55,6.67
2026-01-29 19:13:56,6.67
2026-01-29 19:13:57,6.67
2026-01-29 19:13:58,6.67
2026-01-29 19:13:59,6.73
2026-01-29 19:14:00,6.73
2026-01-29 19:14:01,6.73
2026-01-29 19:14:02,6.73
2026-01-29 19:14:03,6.73
2026-01-29 19:14:04,8.13
2026-01-29 19:14:05,8.13
2026-01-29 19:14:06,8.13
2026-01-29 19:14:07,8.13
2026-01-29 19:14:08,8.13
2026-01-29 19:14:09,7.89
2026-01-29 19:14:10,7.89
2026-01-29 19:14:11,7.89
2026-01-29 19:14:12,7.89
2026-01-29 19:14:13,7.89
2026-01-29 19:14:14,7.77
2026-01-29 19:14:15,7.77
2026-01-29 19:14:16,7.77
2026-01-29 19:14:17,7.77
2026-01-29 19:14:18,7.77
2026-01-29 19:14:19,7.84
2026-01-29 19:14:20,7.84
2026-01-29 19:14:21,7.84
2026-01-29 19:14:22,7.84
2026-01-29 19:14:23,7.84
2026-01-29 19:14:24,7.81
2026-01-29 19:14:25,7.81
2026-01-29 19:14:26,7.81
2026-01-29 19:14:27,7.81
2026-01-29 19:14:28,7.81
2026-01-29 19:14:29,9.10
2026-01-29 19:14:30,9.10
2026-01-29 19:14:31,9.10
2026-01-29 19:14:32,9.10
2026-01-29 19:14:33,9.10
2026-01-29 19:14:34,7.22
2026-01-29 19:14:35,7.22
2026-01-29 19:14:36,7.22
2026-01-29 19:14:37,7.22
2026-01-29 19:14:38,7.22
2026-01-29 19:14:39,6.83
2026-01-29 19:14:40,6.83
2026-01-29 19:14:41,6.83
2026-01-29 19:14:42,6.83
2026-01-29 19:14:43,6.83
2026-01-29 19:14:44,6.66
2026-01-29 19:14:45,6.66
2026-01-29 19:14:46,6.66
2026-01-29 19:14:47,6.66
2026-01-29 19:14:48,6.66
2026-01-29 19:14:49,6.80
2026-01-29 19:14:50,6.80
2026-01-29 19:14:51,6.80
2026-01-29 19:14:52,6.80
2026-01-29 19:14:53,6.80
2026-01-29 19:14:54,6.87
2026-01-29 19:14:55,6.87
2026-01-29 19:14:56,6.87
2026-01-29 19:14:57,6.87
2026-01-29 19:14:58,6.87
2026-01-29 19:14:59,6.83
2026-01-29 19:15:00,6.83
2026-01-29 19:15:01,6.83
2026-01-29 19:15:02,6.83
2026-01-29 19:15:03,6.83
2026-01-29 19:15:04,6.87
2026-01-29 19:15:05,6.87
2026-01-29 19:15:06,6.87
2026-01-29 19:15:07,6.87
2026-01-29 19:15:08,6.87
2026-01-29 19:15:09,6.91
2026-01-29 19:15:10,6.91
2026-01-29 19:15:11,6.91
2026-01-29 19:15:12,6.91
2026-01-29 19:15:13,6.91
2026-01-29 19:15:14,6.64
2026-01-29 19:15:15,6.64
2026-01-29 19:15:16,6.64
2026-01-29 19:15:17,6.64
2026-01-29 19:15:18,6.64
2026-01-29 19:15:19,6.63
2026-01-29 19:15:20,6.63
2026-01-29 19:15:21,6.63
2026-01-29 19:15:22,6.63
2026-01-29 19:15:23,6.63
2026-01-29 19:15:24,6.69
2026-01-29 19:15:25,6.69
2026-01-29 19:15:26,6.69
2026-01-29 19:15:27,6.69
2026-01-29 19:15:28,6.69
2026-01-29 19:15:29,6.06
2026-01-29 19:15:30,6.06
2026-01-29 19:15:31,6.06
2026-01-29 19:15:32,6.06
2026-01-29 19:15:33,6.06
2026-01-29 19:15:34,7.66
2026-01-29 19:15:35,7.66
2026-01-29 19:15:36,7.66
2026-01-29 19:15:37,7.66
2026-01-29 19:15:38,7.66
2026-01-29 19:15:39,7.72
2026-01-29 19:15:40,7.72
2026-01-29 19:15:41,7.72
2026-01-29 19:15:42,7.72
2026-01-29 19:15:43,7.72
2026-01-29 19:15:44,7.66
2026-01-29 19:15:45,7.66
2026-01-29 19:15:46,7.66
2026-01-29 19:15:47,7.66
2026-01-29 19:15:48,7.66
2026-01-29 19:15:49,7.66
2026-01-29 19:15:50,7.66
2026-01-29 19:15:51,7.66
2026-01-29 19:15:52,7.66
2026-01-29 19:15:53,7.66
2026-01-29 19:15:54,7.85
2026-01-29 19:15:55,7.85
2026-01-29 19:15:56,7.85
2026-01-29 19:15:57,7.85
2026-01-29 19:15:58,7.85
2026-01-29 19:15:59,7.60
2026-01-29 19:16:00,7.60
2026-01-29 19:16:01,7.60
2026-01-29 19:16:02,7.60
2026-01-29 19:16:03,7.60
2026-01-29 19:16:04,7.83
2026-01-29 19:16:05,7.83
2026-01-29 19:16:06,7.83
2026-01-29 19:16:07,7.83
2026-01-29 19:16:08,7.83
2026-01-29 19:16:09,7.68
2026-01-29 19:16:10,7.68
2026-01-29 19:16:11,7.68
2026-01-29 19:16:12,7.68
2026-01-29 19:16:13,7.68
2026-01-29 19:16:14,7.57
2026-01-29 19:16:15,7.57
2026-01-29 19:16:16,7.57
2026-01-29 19:16:17,7.57
2026-01-29 19:16:18,7.57
2026-01-29 19:16:19,7.66
2026-01-29 19:16:20,7.66
2026-01-29 19:16:21,7.66
2026-01-29 19:16:22,7.66
2026-01-29 19:16:23,7.66
2026-01-29 19:16:24,7.66
2026-01-29 19:16:25,7.66
2026-01-29 19:16:26,7.66
2026-01-29 19:16:27,7.66
2026-01-29 19:16:28,7.66
2026-01-29 19:16:29,7.61
2026-01-29 19:16:30,7.61
2026-01-29 19:16:31,7.61
2026-01-29 19:16:32,7.61
2026-01-29 19:16:33,7.61
2026-01-29 19:16:34,7.66
2026-01-29 19:16:35,7.66
2026-01-29 19:16:36,7.66
2026-01-29 19:16:37,7.66
2026-01-29 19:16:38,7.66
2026-01-29 19:16:39,7.68
2026-01-29 19:16:40,7.68
2026-01-29 19:16:41,7.68
2026-01-29 19:16:42,7.68
2026-01-29 19:16:43,7.68
2026-01-29 19:16:44,7.66
2026-01-29 19:16:45,7.66
2026-01-29 19:16:46,7.66
2026-01-29 19:16:47,7.66
2026-01-29 19:16:48,7.66
2026-01-29 19:16:49,9.57
2026-01-29 19:16:50,9.57
2026-01-29 19:16:51,9.57
2026-01-29 19:16:52,9.57
2026-01-29 19:16:53,9.57
2026-01-29 19:16:54,7.93
2026-01-29 19:16:55,7.93
2026-01-29 19:16:56,7.93
2026-01-29 19:16:57,7.93
2026-01-29 19:16:58,7.93
2026-01-29 19:16:59,6.69
2026-01-29 19:17:00,6.69
2026-01-29 19:17:01,6.69
2026-01-29 19:17:02,6.69
2026-01-29 19:17:03,6.69
2026-01-29 19:17:04,6.75
2026-01-29 19:17:05,6.75
2026-01-29 19:17:06,6.75
2026-01-29 19:17:07,6.75
2026-01-29 19:17:08,6.75
2026-01-29 19:17:09,6.72
2026-01-29 19:17:10,6.72
2026-01-29 19:17:11,6.72
2026-01-29 19:17:12,6.72
2026-01-29 19:17:13,6.72
2026-01-29 19:17:14,6.63
2026-01-29 19:17:15,6.63
2026-01-29 19:17:16,6.63
2026-01-29 19:17:17,6.63
2026-01-29 19:17:18,6.63
2026-01-29 19:17:19,6.67
2026-01-29 19:17:20,6.67
2026-01-29 19:17:21,6.67
2026-01-29 19:17:22,6.67
2026-01-29 19:17:23,6.67
2026-01-29 19:17:24,6.75
2026-01-29 19:17:25,6.75
2026-01-29 19:17:26,6.75
2026-01-29 19:17:27,6.75
2026-01-29 19:17:28,6.75
2026-01-29 19:17:29,6.71
2026-01-29 19:17:30,6.71
2026-01-29 19:17:31,6.71
2026-01-29 19:17:32,6.71
2026-01-29 19:17:33,6.71
2026-01-29 19:17:34,6.70
2026-01-29 19:17:35,6.70
2026-01-29 19:17:36,6.70
2026-01-29 19:17:37,6.70
2026-01-29 19:17:38,6.70
2026-01-29 19:17:39,6.80
2026-01-29 19:17:40,6.80
2026-01-29 19:17:41,6.80
2026-01-29 19:17:42,6.80
2026-01-29 19:17:43,6.80
2026-01-29 19:17:44,6.86
2026-01-29 19:17:45,6.86
2026-01-29 19:17:46,6.86
2026-01-29 19:17:47,6.86
2026-01-29 19:17:48,6.86
2026-01-29 19:17:49,6.88
2026-01-29 19:17:50,6.88
2026-01-29 19:17:51,6.88
2026-01-29 19:17:52,6.88
2026-01-29 19:17:53,6.88
2026-01-29 19:17:54,6.90
2026-01-29 19:17:55,6.90
2026-01-29 19:17:56,6.90
2026-01-29 19:17:57,6.90
2026-01-29 19:17:58,6.90
2026-01-29 19:17:59,6.72
2026-01-29 19:18:00,6.72
2026-01-29 19:18:01,6.72
2026-01-29 19:18:02,6.72
2026-01-29 19:18:03,6.72
2026-01-29 19:18:04,6.72
2026-01-29 19:18:05,6.72
2026-01-29 19:18:06,6.72
2026-01-29 19:18:07,6.72
2026-01-29 19:18:08,6.72
2026-01-29 19:18:09,6.70
2026-01-29 19:18:10,6.70
2026-01-29 19:18:11,6.70
2026-01-29 19:18:12,6.70
2026-01-29 19:18:13,6.70
2026-01-29 19:18:14,6.64
2026-01-29 19:18:15,6.64
2026-01-29 19:18:16,6.64
2026-01-29 19:18:17,6.64
2026-01-29 19:18:18,6.64
2026-01-29 19:18:19,6.62
2026-01-29 19:18:20,6.62
2026-01-29 19:18:21,6.62
2026-01-29 19:18:22,6.62
2026-01-29 19:18:23,6.62
2026-01-29 19:18:24,6.78
2026-01-29 19:18:25,6.78
2026-01-29 19:18:26,6.78
2026-01-29 19:18:27,6.78
2026-01-29 19:18:28,6.78
2026-01-29 19:18:29,6.64
2026-01-29 19:18:30,6.64
2026-01-29 19:18:31,6.64
2026-01-29 19:18:32,6.64
2026-01-29 19:18:33,6.64
2026-01-29 19:18:34,6.65
2026-01-29 19:18:35,6.65
2026-01-29 19:18:36,6.65
2026-01-29 19:18:37,6.65
2026-01-29 19:18:38,6.65
2026-01-29 19:18:39,6.72
2026-01-29 19:18:40,6.72
2026-01-29 19:18:41,6.72
2026-01-29 19:18:42,6.72
2026-01-29 19:18:43,6.72
2026-01-29 19:18:44,6.63
2026-01-29 19:18:45,6.63
2026-01-29 19:18:46,6.63
2026-01-29 19:18:47,6.63
2026-01-29 19:18:48,6.63
2026-01-29 19:18:49,6.73
2026-01-29 19:18:50,6.73
2026-01-29 19:18:51,6.73
2026-01-29 19:18:52,6.73
2026-01-29 19:18:53,6.73
2026-01-29 19:18:54,6.89
2026-01-29 19:18:55,6.89
2026-01-29 19:18:56,6.89
2026-01-29 19:18:57,6.89
2026-01-29 19:18:58,6.89
2026-01-29 19:18:59,6.64
2026-01-29 19:19:00,6.64
2026-01-29 19:19:01,6.64
2026-01-29 19:19:02,6.64
2026-01-29 19:19:03,6.64
2026-01-29 19:19:04,6.66
2026-01-29 19:19:05,6.66
2026-01-29 19:19:06,6.66
2026-01-29 19:19:07,6.66
2026-01-29 19:19:08,6.66
2026-01-29 19:19:09,6.92
2026-01-29 19:19:10,6.92
2026-01-29 19:19:11,6.92
2026-01-29 19:19:12,6.92
2026-01-29 19:19:13,6.92
2026-01-29 19:19:14,6.59
2026-01-29 19:19:15,6.59
2026-01-29 19:19:16,6.59
2026-01-29 19:19:17,6.59
2026-01-29 19:19:18,6.59
2026-01-29 19:19:19,6.71
2026-01-29 19:19:20,6.71
2026-01-29 19:19:21,6.71
2026-01-29 19:19:22,6.71
2026-01-29 19:19:23,6.71
2026-01-29 19:19:24,6.79
2026-01-29 19:19:25,6.79
2026-01-29 19:19:26,6.79
2026-01-29 19:19:27,6.79
2026-01-29 19:19:28,6.79
2026-01-29 19:19:29,6.75
2026-01-29 19:19:30,6.75
2026-01-29 19:19:31,6.75
2026-01-29 19:19:32,6.75
2026-01-29 19:19:33,6.75
2026-01-29 19:19:34,6.65
2026-01-29 19:19:35,6.65
2026-01-29 19:19:36,6.65
2026-01-29 19:19:37,6.65
2026-01-29 19:19:38,6.65
2026-01-29 19:19:39,6.69
2026-01-29 19:19:40,6.69
2026-01-29 19:19:41,6.69
2026-01-29 19:19:42,6.69
2026-01-29 19:19:43,6.69
2026-01-29 19:19:44,5.96
2026-01-29 19:19:45,5.96
2026-01-29 19:19:46,5.96
2026-01-29 19:19:47,5.96
2026-01-29 19:19:48,5.96
2026-01-29 19:19:49,8.13
2026-01-29 19:19:50,8.13
2026-01-29 19:19:51,8.13
2026-01-29 19:19:52,8.13
2026-01-29 19:19:53,8.13
2026-01-29 19:19:54,8.08
2026-01-29 19:19:55,8.08
2026-01-29 19:19:56,8.08
2026-01-29 19:19:57,8.08
2026-01-29 19:19:58,8.08
2026-01-29 19:19:59,0
2026-01-29 19:20:00,0
2026-01-29 19:20:01,0
2026-01-29 19:20:02,0
2026-01-29 19:20:03,0
2026-01-29 19:20:04,0
2026-01-29 19:20:05,0
2026-01-29 19:20:06,0
2026-01-29 19:20:07,0
2026-01-29 19:20:08,0
2026-01-29 19:20:09,0
2026-01-29 19:20:10,0
2026-01-29 19:20:11,0
2026-01-29 19:20:12,0
2026-01-29 19:20:13,0
2026-01-29 19:20:14,0
2026-01-29 19:20:15,0
2026-01-29 19:20:16,0
2026-01-29 19:20:17,0
2026-01-29 19:20:18,0
2026-01-29 19:20:19,0
2026-01-29 19:20:20,0
2026-01-29 19:20:21,0
2026-01-29 19:20:22,0
2026-01-29 19:20:23,0
2026-01-29 19:20:24,0
2026-01-29 19:20:25,0
2026-01-29 19:20:26,0
2026-01-29 19:20:27,0
2026-01-29 19:20:28,0
2026-01-29 19:20:29,0
2026-01-29 19:20:30,0
2026-01-29 19:20:31,0
2026-01-29 19:20:32,0
2026-01-29 19:20:33,0
2026-01-29 19:20:34,0
2026-01-29 19:20:35,0
2026-01-29 19:20:36,0
2026-01-29 19:20:37,0
2026-01-29 19:20:38,0
2026-01-29 19:20:39,0
2026-01-29 19:20:40,0
2026-01-29 19:20:41,0
2026-01-29 19:20:42,0
2026-01-29 19:20:43,0
2026-01-29 19:20:44,0
2026-01-29 19:20:45,0
2026-01-29 19:20:46,0
2026-01-29 19:20:47,0
2026-01-29 19:20:48,0
2026-01-29 19:20:49,0
2026-01-29 19:20:50,0
2026-01-29 19:20:51,0
2026-01-29 19:20:52,0
2026-01-29 19:20:53,0
2026-01-29 19:20:54,0
2026-01-29 19:20:55,0
2026-01-29 19:20:56,0
2026-01-29 19:20:57,0
2026-01-29 19:20:58,0
2026-01-29 19:20:59,0
2026-01-29 19:21:00,0
2026-01-29 19:21:01,0
2026-01-29 19:21:02,0
2026-01-29 19:21:03,0
2026-01-29 19:21:04,0
2026-01-29 19:21:05,0
2026-01-29 19:21:06,0
2026-01-29 19:21:07,0
2026-01-29 19:21:08,0
2026-01-29 19:21:09,0
2026-01-29 19:21:10,0
2026-01-29 19:21:11,0
2026-01-29 19:21:12,0
2026-01-29 19:21:13,0
2026-01-29 19:21:14,0
2026-01-29 19:21:15,0
2026-01-29 19:21:16,0
2026-01-29 19:21:17,0
2026-01-29 19:21:18,0
2026-01-29 19:21:19,0
2026-01-29 19:21:20,0
2026-01-29 19:21:21,0
2026-01-29 19:21:22,0
2026-01-29 19:21:23,0
2026-01-29 19:21:24,0
2026-01-29 19:21:25,0
2026-01-29 19:21:26,0
2026-01-29 19:21:27,0
2026-01-29 19:21:28,0
2026-01-29 19:21:29,0
2026-01-29 19:21:30,0
2026-01-29 19:21:31,0
2026-01-29 19:21:32,0
2026-01-29 19:21:33,0
2026-01-29 19:22:49,3.01
2026-01-29 19:22:50,3.01
2026-01-29 19:22:51,3.01
2026-01-29 19:22:52,3.01
2026-01-29 19:22:53,3.01
2026-01-29 19:22:54,8.37
2026-01-29 19:22:55,8.37
2026-01-29 19:22:56,8.37
2026-01-29 19:22:57,8.37
2026-01-29 19:22:58,8.37
2026-01-29 19:22:59,8.96
2026-01-29 19:23:00,8.96
2026-01-29 19:23:01,8.96
2026-01-29 19:23:02,8.96
2026-01-29 19:23:03,8.96
2026-01-29 19:23:04,8.91
2026-01-29 19:23:05,8.91
2026-01-29 19:23:06,8.91
2026-01-29 19:23:07,8.91
2026-01-29 19:23:08,8.91
2026-01-29 19:23:09,8.94
2026-01-29 19:23:10,8.94
2026-01-29 19:23:11,8.94
2026-01-29 19:23:12,8.94
2026-01-29 19:23:13,8.94
2026-01-29 19:23:14,8.87
2026-01-29 19:23:15,8.87
2026-01-29 19:23:16,8.87
2026-01-29 19:23:17,8.87
2026-01-29 19:23:18,8.87
2026-01-29 19:23:19,9.88
2026-01-29 19:23:20,9.88
2026-01-29 19:23:21,9.88
2026-01-29 19:23:22,9.88
2026-01-29 19:23:23,9.88
2026-01-29 19:23:24,8.21
2026-01-29 19:23:25,8.21
2026-01-29 19:23:26,8.21
2026-01-29 19:23:27,8.21
2026-01-29 19:23:28,8.21
2026-01-29 19:23:29,7.97
2026-01-29 19:23:30,7.97
2026-01-29 19:23:31,7.97
2026-01-29 19:23:32,7.97
2026-01-29 19:23:33,7.97
2026-01-29 19:23:34,8.99
2026-01-29 19:23:35,8.99
2026-01-29 19:23:36,8.99
2026-01-29 19:23:37,8.99
2026-01-29 19:23:38,8.99
2026-01-29 19:23:39,8.81
2026-01-29 19:23:40,8.81
2026-01-29 19:23:41,8.81
2026-01-29 19:23:42,8.81
2026-01-29 19:23:43,8.81
2026-01-29 19:23:44,9.16
2026-01-29 19:23:45,9.16
2026-01-29 19:23:46,9.16
2026-01-29 19:23:47,9.16
2026-01-29 19:23:48,9.16
2026-01-29 19:23:49,8.87
2026-01-29 19:23:50,8.87
2026-01-29 19:23:51,8.87
2026-01-29 19:23:52,8.87
2026-01-29 19:23:53,8.87
2026-01-29 19:23:54,9.08
2026-01-29 19:23:55,9.08
2026-01-29 19:23:56,9.08
2026-01-29 19:23:57,9.08
2026-01-29 19:23:58,9.08
2026-01-29 19:23:59,8.73
2026-01-29 19:24:00,8.73
2026-01-29 19:24:01,8.73
2026-01-29 19:24:02,8.73
2026-01-29 19:24:03,8.73
2026-01-29 19:24:04,9.30
2026-01-29 19:24:05,9.30
2026-01-29 19:24:06,9.30
2026-01-29 19:24:07,9.30
2026-01-29 19:24:08,9.30
2026-01-29 19:24:09,8.91
2026-01-29 19:24:10,8.91
2026-01-29 19:24:11,8.91
2026-01-29 19:24:12,8.91
2026-01-29 19:24:13,8.91
2026-01-29 19:24:14,8.65
2026-01-29 19:24:15,8.65
2026-01-29 19:24:16,8.65
2026-01-29 19:24:17,8.65
2026-01-29 19:24:18,8.65
2026-01-29 19:24:19,8.72
2026-01-29 19:24:20,8.72
2026-01-29 19:24:21,8.72
2026-01-29 19:24:22,8.72
2026-01-29 19:24:23,8.72
2026-01-29 19:24:24,8.85
2026-01-29 19:24:25,8.85
2026-01-29 19:24:26,8.85
2026-01-29 19:24:27,8.85
2026-01-29 19:24:28,8.85
2026-01-29 19:24:29,8.02
2026-01-29 19:24:30,8.02
2026-01-29 19:24:31,8.02
2026-01-29 19:24:32,8.02
2026-01-29 19:24:33,8.02
2026-01-29 19:24:34,7.69
2026-01-29 19:24:35,7.69
2026-01-29 19:24:36,7.69
2026-01-29 19:24:37,7.69
2026-01-29 19:24:38,7.69
2026-01-29 19:24:39,7.82
2026-01-29 19:24:40,7.82
2026-01-29 19:24:41,7.82
2026-01-29 19:24:42,7.82
2026-01-29 19:24:43,7.82
2026-01-29 19:24:44,7.65
2026-01-29 19:24:45,7.65
2026-01-29 19:24:46,7.65
2026-01-29 19:24:47,7.65
2026-01-29 19:24:48,7.65
2026-01-29 19:24:49,7.91
2026-01-29 19:24:50,7.91
2026-01-29 19:24:51,7.91
2026-01-29 19:24:52,7.91
2026-01-29 19:24:53,7.91
2026-01-29 19:24:54,9.22
2026-01-29 19:24:55,9.22
2026-01-29 19:24:56,9.22
2026-01-29 19:24:57,9.22
2026-01-29 19:24:58,9.22
2026-01-29 19:24:59,6.78
2026-01-29 19:25:00,6.78
2026-01-29 19:25:01,6.78
2026-01-29 19:25:02,6.78
2026-01-29 19:25:03,6.78
2026-01-29 19:25:04,6.84
2026-01-29 19:25:05,6.84
2026-01-29 19:25:06,6.84
2026-01-29 19:25:07,6.84
2026-01-29 19:25:08,6.84
2026-01-29 19:25:09,6.74
2026-01-29 19:25:10,6.74
2026-01-29 19:25:11,6.74
2026-01-29 19:25:12,6.74
2026-01-29 19:25:13,6.74
2026-01-29 19:25:14,6.70
2026-01-29 19:25:15,6.70
2026-01-29 19:25:16,6.70
2026-01-29 19:25:17,6.70
2026-01-29 19:25:18,6.70
2026-01-29 19:25:19,6.75
2026-01-29 19:25:20,6.75
2026-01-29 19:25:21,6.75
2026-01-29 19:25:22,6.75
2026-01-29 19:25:23,6.75
2026-01-29 19:25:24,6.67
2026-01-29 19:25:25,6.67
2026-01-29 19:25:26,6.67
2026-01-29 19:25:27,6.67
2026-01-29 19:25:28,6.67
2026-01-29 19:25:29,6.79
2026-01-29 19:25:30,6.79
2026-01-29 19:25:31,6.79
2026-01-29 19:25:32,6.79
2026-01-29 19:25:33,6.79
2026-01-29 19:25:34,6.66
2026-01-29 19:25:35,6.66
2026-01-29 19:25:36,6.66
2026-01-29 19:25:37,6.66
2026-01-29 19:25:38,6.66
2026-01-29 19:25:39,6.68
2026-01-29 19:25:40,6.68
2026-01-29 19:25:41,6.68
2026-01-29 19:25:42,6.68
2026-01-29 19:25:43,6.68
2026-01-29 19:25:44,6.76
2026-01-29 19:25:45,6.76
2026-01-29 19:25:46,6.76
2026-01-29 19:25:47,6.76
2026-01-29 19:25:48,6.76
2026-01-29 19:25:49,6.89
2026-01-29 19:25:50,6.89
2026-01-29 19:25:51,6.89
2026-01-29 19:25:52,6.89
2026-01-29 19:25:53,6.89
2026-01-29 19:25:54,6.89
2026-01-29 19:25:55,6.89
2026-01-29 19:25:56,6.89
2026-01-29 19:25:57,6.89
2026-01-29 19:25:58,6.89
2026-01-29 19:25:59,7.04
2026-01-29 19:26:00,7.04
2026-01-29 19:26:01,7.04
2026-01-29 19:26:02,7.04
2026-01-29 19:26:03,7.04
2026-01-29 19:26:04,7.04
2026-01-29 19:26:05,7.04
2026-01-29 19:26:06,7.04
2026-01-29 19:26:07,7.04
2026-01-29 19:26:08,7.04
2026-01-29 19:26:09,6.70
2026-01-29 19:26:10,6.70
2026-01-29 19:26:11,6.70
2026-01-29 19:26:12,6.70
2026-01-29 19:26:13,6.70
2026-01-29 19:26:14,6.63
2026-01-29 19:26:15,6.63
2026-01-29 19:26:16,6.63
2026-01-29 19:26:17,6.63
2026-01-29 19:26:18,6.63
2026-01-29 19:26:19,6.68
2026-01-29 19:26:20,6.68
2026-01-29 19:26:21,6.68
2026-01-29 19:26:22,6.68
2026-01-29 19:26:23,6.68
2026-01-29 19:26:24,6.97
2026-01-29 19:26:25,6.97
2026-01-29 19:26:26,6.97
2026-01-29 19:26:27,6.97
2026-01-29 19:26:28,6.97
2026-01-29 19:26:29,6.65
2026-01-29 19:26:30,6.65
2026-01-29 19:26:31,6.65
2026-01-29 19:26:32,6.65
2026-01-29 19:26:33,6.65
2026-01-29 19:26:34,6.71
2026-01-29 19:26:35,6.71
2026-01-29 19:26:36,6.71
2026-01-29 19:26:37,6.71
2026-01-29 19:26:38,6.71
2026-01-29 19:26:39,6.75
2026-01-29 19:26:40,6.75
2026-01-29 19:26:41,6.75
2026-01-29 19:26:42,6.75
2026-01-29 19:26:43,6.75
2026-01-29 19:26:44,6.33
2026-01-29 19:26:45,6.33
2026-01-29 19:26:46,6.33
2026-01-29 19:26:47,6.33
2026-01-29 19:26:48,6.33
2026-01-29 19:26:49,7.84
2026-01-29 19:26:50,7.84
2026-01-29 19:26:51,7.84
2026-01-29 19:26:52,7.84
2026-01-29 19:26:53,7.84
2026-01-29 19:26:54,8.24
2026-01-29 19:26:55,8.24
2026-01-29 19:26:56,8.24
2026-01-29 19:26:57,8.24
2026-01-29 19:26:58,8.24
2026-01-29 19:26:59,7.16
2026-01-29 19:27:00,7.16
2026-01-29 19:27:01,7.16
2026-01-29 19:27:02,7.16
2026-01-29 19:27:03,7.16
2026-01-29 19:27:04,7.40
2026-01-29 19:27:05,7.40
2026-01-29 19:27:06,7.40
2026-01-29 19:27:07,7.40
2026-01-29 19:27:08,7.40
2026-01-29 19:27:09,6.60
2026-01-29 19:27:10,6.60
2026-01-29 19:27:11,6.60
2026-01-29 19:27:12,6.60
2026-01-29 19:27:13,6.60
2026-01-29 19:27:14,6.65
2026-01-29 19:27:15,6.65
2026-01-29 19:27:16,6.65
2026-01-29 19:27:17,6.65
2026-01-29 19:27:18,6.65
2026-01-29 19:27:19,6.71
2026-01-29 19:27:20,6.71
2026-01-29 19:27:21,6.71
2026-01-29 19:27:22,6.71
2026-01-29 19:27:23,6.71
2026-01-29 19:27:24,6.91
2026-01-29 19:27:25,6.91
2026-01-29 19:27:26,6.91
2026-01-29 19:27:27,6.91
2026-01-29 19:27:28,6.91
2026-01-29 19:27:29,6.70
2026-01-29 19:27:30,6.70
2026-01-29 19:27:31,6.70
2026-01-29 19:27:32,6.70
2026-01-29 19:27:33,6.70
2026-01-29 19:27:34,6.56
2026-01-29 19:27:35,6.56
2026-01-29 19:27:36,6.56
2026-01-29 19:27:37,6.56
2026-01-29 19:27:38,6.56
2026-01-29 19:27:39,6.79
2026-01-29 19:27:40,6.79
2026-01-29 19:27:41,6.79
2026-01-29 19:27:42,6.79
2026-01-29 19:27:43,6.79
2026-01-29 19:27:44,6.60
2026-01-29 19:27:45,6.60
2026-01-29 19:27:46,6.60
2026-01-29 19:27:47,6.60
2026-01-29 19:27:48,6.60
2026-01-29 19:27:49,6.72
2026-01-29 19:27:50,6.72
2026-01-29 19:27:51,6.72
2026-01-29 19:27:52,6.72
2026-01-29 19:27:53,6.72
2026-01-29 19:27:54,8.06
2026-01-29 19:27:55,8.06
2026-01-29 19:27:56,8.06
2026-01-29 19:27:57,8.06
2026-01-29 19:27:58,8.06
2026-01-29 19:27:59,6.72
2026-01-29 19:28:00,6.72
2026-01-29 19:28:01,6.72
2026-01-29 19:28:02,6.72
2026-01-29 19:28:03,6.72
2026-01-29 19:28:04,7.00
2026-01-29 19:28:05,7.00
2026-01-29 19:28:06,7.00
2026-01-29 19:28:07,7.00
2026-01-29 19:28:08,7.00
2026-01-29 19:28:09,6.11
2026-01-29 19:28:10,6.11
2026-01-29 19:28:11,6.11
2026-01-29 19:28:12,6.11
2026-01-29 19:28:13,6.11
2026-01-29 19:28:14,7.83
2026-01-29 19:28:15,7.83
2026-01-29 19:28:16,7.83
2026-01-29 19:28:17,7.83
2026-01-29 19:28:18,7.83
2026-01-29 19:28:19,7.83
2026-01-29 19:28:20,7.83
2026-01-29 19:28:21,7.83
2026-01-29 19:28:22,7.83
2026-01-29 19:28:23,7.83
2026-01-29 19:28:24,7.99
2026-01-29 19:28:25,7.99
2026-01-29 19:28:26,7.99
2026-01-29 19:28:27,7.99
2026-01-29 19:28:28,7.99
2026-01-29 19:28:29,7.82
2026-01-29 19:28:30,7.82
2026-01-29 19:28:31,7.82
2026-01-29 19:28:32,7.82
2026-01-29 19:28:33,7.82
2026-01-29 19:28:34,8.40
2026-01-29 19:28:35,8.40
2026-01-29 19:28:36,8.40
2026-01-29 19:28:37,8.40
2026-01-29 19:28:38,8.40
2026-01-29 19:28:39,7.86
2026-01-29 19:28:40,7.86
2026-01-29 19:28:41,7.86
2026-01-29 19:28:42,7.86
2026-01-29 19:28:43,7.86
2026-01-29 19:28:44,7.70
2026-01-29 19:28:45,7.70
2026-01-29 19:28:46,7.70
2026-01-29 19:28:47,7.70
2026-01-29 19:28:48,7.70
2026-01-29 19:28:49,7.78
2026-01-29 19:28:50,7.78
2026-01-29 19:28:51,7.78
2026-01-29 19:28:52,7.78
2026-01-29 19:28:53,7.78
2026-01-29 19:28:54,8.97
2026-01-29 19:28:55,8.97
2026-01-29 19:28:56,8.97
2026-01-29 19:28:57,8.97
2026-01-29 19:28:58,8.97
2026-01-29 19:28:59,7.87
2026-01-29 19:29:00,7.87
2026-01-29 19:29:01,7.87
2026-01-29 19:29:02,7.87
2026-01-29 19:29:03,7.87
2026-01-29 19:29:04,8.07
2026-01-29 19:29:05,8.07
2026-01-29 19:29:06,8.07
2026-01-29 19:29:07,8.07
2026-01-29 19:29:08,8.07
2026-01-29 19:29:09,7.97
2026-01-29 19:29:10,7.97
2026-01-29 19:29:11,7.97
2026-01-29 19:29:12,7.97
2026-01-29 19:29:13,7.97
2026-01-29 19:29:14,7.83
2026-01-29 19:29:15,7.83
2026-01-29 19:29:16,7.83
2026-01-29 19:29:17,7.83
2026-01-29 19:29:18,7.83
2026-01-29 19:29:19,8.27
2026-01-29 19:29:20,8.27
2026-01-29 19:29:21,8.27
2026-01-29 19:29:22,8.27
2026-01-29 19:29:23,8.27
2026-01-29 19:29:24,8.08
2026-01-29 19:29:25,8.08
2026-01-29 19:29:26,8.08
2026-01-29 19:29:27,8.08
2026-01-29 19:29:28,8.08
2026-01-29 19:29:29,7.85
2026-01-29 19:29:30,7.85
2026-01-29 19:29:31,7.85
2026-01-29 19:29:32,7.85
2026-01-29 19:29:33,7.85
2026-01-29 19:29:34,8.00
2026-01-29 19:29:35,8.00
2026-01-29 19:29:36,8.00
2026-01-29 19:29:37,8.00
2026-01-29 19:29:38,8.00
2026-01-29 19:29:39,7.77
2026-01-29 19:29:40,7.77
2026-01-29 19:29:41,7.77
2026-01-29 19:29:42,7.77
2026-01-29 19:29:43,7.77
2026-01-29 19:29:44,7.80
2026-01-29 19:29:45,7.80
2026-01-29 19:29:46,7.80
2026-01-29 19:29:47,7.80
2026-01-29 19:29:48,7.80
2026-01-29 19:29:49,0
2026-01-29 19:29:50,0
2026-01-29 19:29:51,0
2026-01-29 19:29:52,0
2026-01-29 19:29:53,0
2026-01-29 19:29:54,0
2026-01-29 19:29:55,0
2026-01-29 19:29:56,0
2026-01-29 19:29:57,0
2026-01-29 19:29:58,0
2026-01-29 19:29:59,0
2026-01-29 19:30:00,0
2026-01-29 19:30:01,0
2026-01-29 19:30:02,0
2026-01-29 19:30:03,0
2026-01-29 19:30:04,0
2026-01-29 19:30:05,0
2026-01-29 19:30:06,0
2026-01-29 19:30:07,0
2026-01-29 19:30:08,0
2026-01-29 19:30:09,0
2026-01-29 19:30:10,0
2026-01-29 19:30:11,0
2026-01-29 19:30:12,0
2026-01-29 19:30:13,0
2026-01-29 19:30:14,0
2026-01-29 19:30:15,0
2026-01-29 19:30:16,0
2026-01-29 19:30:17,0
2026-01-29 19:30:18,0
2026-01-29 19:30:19,0
2026-01-29 19:30:20,0
2026-01-29 19:30:21,0
2026-01-29 19:30:22,0
2026-01-29 19:30:23,0
2026-01-29 19:30:24,0
2026-01-29 19:30:25,0
2026-01-29 19:30:26,0
2026-01-29 19:30:27,0
2026-01-29 19:30:28,0
2026-01-29 19:30:29,0
2026-01-29 19:30:30,0
2026-01-29 19:30:31,0
2026-01-29 19:30:32,0
2026-01-29 19:30:33,0
2026-01-29 19:30:34,0
2026-01-29 19:30:35,0
2026-01-29 19:30:36,0
2026-01-29 19:30:37,0
2026-01-29 19:30:38,0
2026-01-29 19:30:39,0
2026-01-29 19:30:40,0
2026-01-29 19:30:41,0
2026-01-29 19:30:42,0
2026-01-29 19:30:43,0
2026-01-29 19:30:44,0
2026-01-29 19:30:45,0
2026-01-29 19:30:46,0
2026-01-29 19:30:47,0
2026-01-29 19:30:48,0
2026-01-29 19:30:49,0
2026-01-29 19:30:50,0
2026-01-29 19:30:51,0
2026-01-29 19:30:52,0
2026-01-29 19:30:53,0
2026-01-29 19:30:54,0
2026-01-29 19:30:55,0
2026-01-29 19:30:56,0
2026-01-29 19:30:57,0
2026-01-29 19:30:58,0
2026-01-29 19:30:59,0
2026-01-29 19:31:00,0
2026-01-29 19:31:01,0
2026-01-29 19:31:02,0
2026-01-29 19:31:03,0
2026-01-29 19:31:04,0
2026-01-29 19:31:05,0
2026-01-29 19:31:06,0
2026-01-29 19:31:07,0
2026-01-29 19:31:08,0
2026-01-29 19:31:09,0
2026-01-29 19:31:10,0
2026-01-29 19:31:11,0
2026-01-29 19:31:12,0
2026-01-29 19:31:13,0
2026-01-29 19:31:14,0
2026-01-29 19:31:15,0
2026-01-29 19:31:16,0
2026-01-29 19:31:17,0
2026-01-29 19:31:18,0
2026-01-29 19:31:19,0
2026-01-29 19:31:20,0
2026-01-29 19:31:21,0
2026-01-29 19:31:22,0
2026-01-29 19:31:23,0
2026-01-29 19:33:04,7.00
2026-01-29 19:33:05,7.00
2026-01-29 19:33:06,7.00
2026-01-29 19:33:07,7.00
2026-01-29 19:33:08,7.00
2026-01-29 19:33:09,7.01
2026-01-29 19:33:10,7.01
2026-01-29 19:33:11,7.01
2026-01-29 19:33:12,7.01
2026-01-29 19:33:13,7.01
2026-01-29 19:33:14,6.68
2026-01-29 19:33:15,6.68
2026-01-29 19:33:16,6.68
2026-01-29 19:33:17,6.68
2026-01-29 19:33:18,6.68
2026-01-29 19:33:19,6.73
2026-01-29 19:33:20,6.73
2026-01-29 19:33:21,6.73
2026-01-29 19:33:22,6.73
2026-01-29 19:33:23,6.73
2026-01-29 19:33:24,7.82
2026-01-29 19:33:25,7.82
2026-01-29 19:33:26,7.82
2026-01-29 19:33:27,7.82
2026-01-29 19:33:28,7.82
2026-01-29 19:33:29,6.63
2026-01-29 19:33:30,6.63
2026-01-29 19:33:31,6.63
2026-01-29 19:33:32,6.63
2026-01-29 19:33:33,6.63
2026-01-29 19:33:34,5.90
2026-01-29 19:33:35,5.90
2026-01-29 19:33:36,5.90
2026-01-29 19:33:37,5.90
2026-01-29 19:33:38,5.90
2026-01-29 19:33:39,7.62
2026-01-29 19:33:40,7.62
2026-01-29 19:33:41,7.62
2026-01-29 19:33:42,7.62
2026-01-29 19:33:43,7.62
2026-01-29 19:33:44,8.24
2026-01-29 19:33:45,8.24
2026-01-29 19:33:46,8.24
2026-01-29 19:33:47,8.24
2026-01-29 19:33:48,8.24
2026-01-29 19:33:49,10.2
2026-01-29 19:33:50,10.2
2026-01-29 19:33:51,10.2
2026-01-29 19:33:52,10.2
2026-01-29 19:33:53,10.2
2026-01-29 19:33:54,7.97
2026-01-29 19:33:55,7.97
2026-01-29 19:33:56,7.97
2026-01-29 19:33:57,7.97
2026-01-29 19:33:58,7.97
2026-01-29 19:33:59,7.82
2026-01-29 19:34:00,7.82
2026-01-29 19:34:01,7.82
2026-01-29 19:34:02,7.82
2026-01-29 19:34:03,7.82
2026-01-29 19:34:04,7.92
2026-01-29 19:34:05,7.92
2026-01-29 19:34:06,7.92
2026-01-29 19:34:07,7.92
2026-01-29 19:34:08,7.92
2026-01-29 19:34:09,8.11
2026-01-29 19:34:10,8.11
2026-01-29 19:34:11,8.11
2026-01-29 19:34:12,8.11
2026-01-29 19:34:13,8.11
2026-01-29 19:34:14,7.88
2026-01-29 19:34:15,7.88
2026-01-29 19:34:16,7.88
2026-01-29 19:34:17,7.88
2026-01-29 19:34:18,7.88
2026-01-29 19:34:19,9.49
2026-01-29 19:34:20,9.49
2026-01-29 19:34:21,9.49
2026-01-29 19:34:22,9.49
2026-01-29 19:34:23,9.49
2026-01-29 19:34:24,6.66
2026-01-29 19:34:25,6.66
2026-01-29 19:34:26,6.66
2026-01-29 19:34:27,6.66
2026-01-29 19:34:28,6.66
2026-01-29 19:34:29,6.83
2026-01-29 19:34:30,6.83
2026-01-29 19:34:31,6.83
2026-01-29 19:34:32,6.83
2026-01-29 19:34:33,6.83
2026-01-29 19:34:34,6.54
2026-01-29 19:34:35,6.54
2026-01-29 19:34:36,6.54
2026-01-29 19:34:37,6.54
2026-01-29 19:34:38,6.54
2026-01-29 19:34:39,6.72
2026-01-29 19:34:40,6.72
2026-01-29 19:34:41,6.72
2026-01-29 19:34:42,6.72
2026-01-29 19:34:43,6.72
2026-01-29 19:34:44,6.61
2026-01-29 19:34:45,6.61
2026-01-29 19:34:46,6.61
2026-01-29 19:34:47,6.61
2026-01-29 19:34:48,6.61
2026-01-29 19:34:49,6.74
2026-01-29 19:34:50,6.74
2026-01-29 19:34:51,6.74
2026-01-29 19:34:52,6.74
2026-01-29 19:34:53,6.74
2026-01-29 19:34:54,6.73
2026-01-29 19:34:55,6.73
2026-01-29 19:34:56,6.73
2026-01-29 19:34:57,6.73
2026-01-29 19:34:58,6.73
2026-01-29 19:34:59,6.69
2026-01-29 19:35:00,6.69
2026-01-29 19:35:01,6.69
2026-01-29 19:35:02,6.69
2026-01-29 19:35:03,6.69
2026-01-29 19:35:04,6.87
2026-01-29 19:35:05,6.87
2026-01-29 19:35:06,6.87
2026-01-29 19:35:07,6.87
2026-01-29 19:35:08,6.87
2026-01-29 19:35:09,6.92
2026-01-29 19:35:10,6.92
2026-01-29 19:35:11,6.92
2026-01-29 19:35:12,6.92
2026-01-29 19:35:13,6.92
2026-01-29 19:35:14,6.62
2026-01-29 19:35:15,6.62
2026-01-29 19:35:16,6.62
2026-01-29 19:35:17,6.62
2026-01-29 19:35:18,6.62
2026-01-29 19:35:19,6.67
2026-01-29 19:35:20,6.67
2026-01-29 19:35:21,6.67
2026-01-29 19:35:22,6.67
2026-01-29 19:35:23,6.67
2026-01-29 19:35:24,6.79
2026-01-29 19:35:25,6.79
2026-01-29 19:35:26,6.79
2026-01-29 19:35:27,6.79
2026-01-29 19:35:28,6.79
2026-01-29 19:35:29,6.78
2026-01-29 19:35:30,6.78
2026-01-29 19:35:31,6.78
2026-01-29 19:35:32,6.78
2026-01-29 19:35:33,6.78
2026-01-29 19:35:34,6.64
2026-01-29 19:35:35,6.64
2026-01-29 19:35:36,6.64
2026-01-29 19:35:37,6.64
2026-01-29 19:35:38,6.64
2026-01-29 19:35:39,6.71
2026-01-29 19:35:40,6.71
2026-01-29 19:35:41,6.71
2026-01-29 19:35:42,6.71
2026-01-29 19:35:43,6.71
2026-01-29 19:35:44,6.63
2026-01-29 19:35:45,6.63
2026-01-29 19:35:46,6.63
2026-01-29 19:35:47,6.63
2026-01-29 19:35:48,6.63
2026-01-29 19:35:49,6.65
2026-01-29 19:35:50,6.65
2026-01-29 19:35:51,6.65
2026-01-29 19:35:52,6.65
2026-01-29 19:35:53,6.65
2026-01-29 19:35:54,6.79
2026-01-29 19:35:55,6.79
2026-01-29 19:35:56,6.79
2026-01-29 19:35:57,6.79
2026-01-29 19:35:58,6.79
2026-01-29 19:35:59,6.66
2026-01-29 19:36:00,6.66
2026-01-29 19:36:01,6.66
2026-01-29 19:36:02,6.66
2026-01-29 19:36:03,6.66
2026-01-29 19:36:04,6.90
2026-01-29 19:36:05,6.90
2026-01-29 19:36:06,6.90
2026-01-29 19:36:07,6.90
2026-01-29 19:36:08,6.90
2026-01-29 19:36:09,6.90
2026-01-29 19:36:10,6.90
2026-01-29 19:36:11,6.90
2026-01-29 19:36:12,6.90
2026-01-29 19:36:13,6.90
2026-01-29 19:36:14,6.67
2026-01-29 19:36:15,6.67
2026-01-29 19:36:16,6.67
2026-01-29 19:36:17,6.67
2026-01-29 19:36:18,6.67
2026-01-29 19:36:19,6.73
2026-01-29 19:36:20,6.73
2026-01-29 19:36:21,6.73
2026-01-29 19:36:22,6.73
2026-01-29 19:36:23,6.73
2026-01-29 19:36:24,6.84
2026-01-29 19:36:25,6.84
2026-01-29 19:36:26,6.84
2026-01-29 19:36:27,6.84
2026-01-29 19:36:28,6.84
2026-01-29 19:36:29,6.95
2026-01-29 19:36:30,6.95
2026-01-29 19:36:31,6.95
2026-01-29 19:36:32,6.95
2026-01-29 19:36:33,6.95
2026-01-29 19:36:34,6.42
2026-01-29 19:36:35,6.42
2026-01-29 19:36:36,6.42
2026-01-29 19:36:37,6.42
2026-01-29 19:36:38,6.42
2026-01-29 19:36:39,7.97
2026-01-29 19:36:40,7.97
2026-01-29 19:36:41,7.97
2026-01-29 19:36:42,7.97
2026-01-29 19:36:43,7.97
2026-01-29 19:36:44,8.02
2026-01-29 19:36:45,8.02
2026-01-29 19:36:46,8.02
2026-01-29 19:36:47,8.02
2026-01-29 19:36:48,8.02
2026-01-29 19:36:49,8.41
2026-01-29 19:36:50,8.41
2026-01-29 19:36:51,8.41
2026-01-29 19:36:52,8.41
2026-01-29 19:36:53,8.41
2026-01-29 19:36:54,8.04
2026-01-29 19:36:55,8.04
2026-01-29 19:36:56,8.04
2026-01-29 19:36:57,8.04
2026-01-29 19:36:58,8.04
2026-01-29 19:36:59,7.95
2026-01-29 19:37:00,7.95
2026-01-29 19:37:01,7.95
2026-01-29 19:37:02,7.95
2026-01-29 19:37:03,7.95
2026-01-29 19:37:04,8.00
2026-01-29 19:37:05,8.00
2026-01-29 19:37:06,8.00
2026-01-29 19:37:07,8.00
2026-01-29 19:37:08,8.00
2026-01-29 19:37:09,8.32
2026-01-29 19:37:10,8.32
2026-01-29 19:37:11,8.32
2026-01-29 19:37:12,8.32
2026-01-29 19:37:13,8.32
2026-01-29 19:37:14,7.78
2026-01-29 19:37:15,7.78
2026-01-29 19:37:16,7.78
2026-01-29 19:37:17,7.78
2026-01-29 19:37:18,7.78
2026-01-29 19:37:19,7.99
2026-01-29 19:37:20,7.99
2026-01-29 19:37:21,7.99
2026-01-29 19:37:22,7.99
2026-01-29 19:37:23,7.99
2026-01-29 19:37:24,7.93
2026-01-29 19:37:25,7.93
2026-01-29 19:37:26,7.93
2026-01-29 19:37:27,7.93
2026-01-29 19:37:28,7.93
2026-01-29 19:37:29,8.07
2026-01-29 19:37:30,8.07
2026-01-29 19:37:31,8.07
2026-01-29 19:37:32,8.07
2026-01-29 19:37:33,8.07
2026-01-29 19:37:34,7.85
2026-01-29 19:37:35,7.85
2026-01-29 19:37:36,7.85
2026-01-29 19:37:37,7.85
2026-01-29 19:37:38,7.85
2026-01-29 19:37:39,7.94
2026-01-29 19:37:40,7.94
2026-01-29 19:37:41,7.94
2026-01-29 19:37:42,7.94
2026-01-29 19:37:43,7.94
2026-01-29 19:37:44,7.87
2026-01-29 19:37:45,7.87
2026-01-29 19:37:46,7.87
2026-01-29 19:37:47,7.87
2026-01-29 19:37:48,7.87
2026-01-29 19:37:49,8.16
2026-01-29 19:37:50,8.16
2026-01-29 19:37:51,8.16
2026-01-29 19:37:52,8.16
2026-01-29 19:37:53,8.16
2026-01-29 19:37:54,8.08
2026-01-29 19:37:55,8.08
2026-01-29 19:37:56,8.08
2026-01-29 19:37:57,8.08
2026-01-29 19:37:58,8.08
2026-01-29 19:37:59,7.95
2026-01-29 19:38:00,7.95
2026-01-29 19:38:01,7.95
2026-01-29 19:38:02,7.95
2026-01-29 19:38:03,7.95
2026-01-29 19:38:04,8.04
2026-01-29 19:38:05,8.04
2026-01-29 19:38:06,8.04
2026-01-29 19:38:07,8.04
2026-01-29 19:38:08,8.04
2026-01-29 19:38:09,8.09
2026-01-29 19:38:10,8.09
2026-01-29 19:38:11,8.09
2026-01-29 19:38:12,8.09
2026-01-29 19:38:13,8.09
2026-01-29 19:38:14,7.88
2026-01-29 19:38:15,7.88
2026-01-29 19:38:16,7.88
2026-01-29 19:38:17,7.88
2026-01-29 19:38:18,7.88
2026-01-29 19:38:19,10.4
2026-01-29 19:38:20,10.4
2026-01-29 19:38:21,10.4
2026-01-29 19:38:22,10.4
2026-01-29 19:38:23,10.4
2026-01-29 19:38:24,6.92
2026-01-29 19:38:25,6.92
2026-01-29 19:38:26,6.92
2026-01-29 19:38:27,6.92
2026-01-29 19:38:28,6.92
2026-01-29 19:38:29,6.88
2026-01-29 19:38:30,6.88
2026-01-29 19:38:31,6.88
2026-01-29 19:38:32,6.88
2026-01-29 19:38:33,6.88
2026-01-29 19:38:34,7.10
2026-01-29 19:38:35,7.10
2026-01-29 19:38:36,7.10
2026-01-29 19:38:37,7.10
2026-01-29 19:38:38,7.10
2026-01-29 19:38:39,7.37
2026-01-29 19:38:40,7.37
2026-01-29 19:38:41,7.37
2026-01-29 19:38:42,7.37
2026-01-29 19:38:43,7.37
2026-01-29 19:38:44,6.77
2026-01-29 19:38:45,6.77
2026-01-29 19:38:46,6.77
2026-01-29 19:38:47,6.77
2026-01-29 19:38:48,6.77
2026-01-29 19:38:49,6.77
2026-01-29 19:38:50,6.77
2026-01-29 19:38:51,6.77
2026-01-29 19:38:52,6.77
2026-01-29 19:38:53,6.77
2026-01-29 19:38:54,6.91
2026-01-29 19:38:55,6.91
2026-01-29 19:38:56,6.91
2026-01-29 19:38:57,6.91
2026-01-29 19:38:58,6.91
2026-01-29 19:38:59,6.72
2026-01-29 19:39:00,6.72
2026-01-29 19:39:01,6.72
2026-01-29 19:39:02,6.72
2026-01-29 19:39:03,6.72
2026-01-29 19:39:04,6.85
2026-01-29 19:39:05,6.85
2026-01-29 19:39:06,6.85
2026-01-29 19:39:07,6.85
2026-01-29 19:39:08,6.85
2026-01-29 19:39:09,6.96
2026-01-29 19:39:10,6.96
2026-01-29 19:39:11,6.96
2026-01-29 19:39:12,6.96
2026-01-29 19:39:13,6.96
2026-01-29 19:39:14,6.75
2026-01-29 19:39:15,6.75
2026-01-29 19:39:16,6.75
2026-01-29 19:39:17,6.75
2026-01-29 19:39:18,6.75
2026-01-29 19:39:19,6.97
2026-01-29 19:39:20,6.97
2026-01-29 19:39:21,6.97
2026-01-29 19:39:22,6.97
2026-01-29 19:39:23,6.97
2026-01-29 19:39:24,6.49
2026-01-29 19:39:25,6.49
2026-01-29 19:39:26,6.49
2026-01-29 19:39:27,6.49
2026-01-29 19:39:28,6.49
2026-01-29 19:39:29,7.30
2026-01-29 19:39:30,7.30
2026-01-29 19:39:31,7.30
2026-01-29 19:39:32,7.30
2026-01-29 19:39:33,7.30
2026-01-29 19:39:34,8.90
2026-01-29 19:39:35,8.90
2026-01-29 19:39:36,8.90
2026-01-29 19:39:37,8.90
2026-01-29 19:39:38,8.90
2026-01-29 19:39:39,8.74
2026-01-29 19:39:40,8.74
2026-01-29 19:39:41,8.74
2026-01-29 19:39:42,8.74
2026-01-29 19:39:43,8.74
2026-01-29 19:39:44,8.66
2026-01-29 19:39:45,8.66
2026-01-29 19:39:46,8.66
2026-01-29 19:39:47,8.66
2026-01-29 19:39:48,8.66
2026-01-29 19:39:49,8.67
2026-01-29 19:39:50,8.67
2026-01-29 19:39:51,8.67
2026-01-29 19:39:52,8.67
2026-01-29 19:39:53,8.67
2026-01-29 19:39:54,9.12
2026-01-29 19:39:55,9.12
2026-01-29 19:39:56,9.12
2026-01-29 19:39:57,9.12
2026-01-29 19:39:58,9.12
2026-01-29 19:39:59,0
2026-01-29 19:40:00,0
2026-01-29 19:40:01,0
2026-01-29 19:40:02,0
2026-01-29 19:40:03,0
2026-01-29 19:40:04,0
2026-01-29 19:40:05,0
2026-01-29 19:40:06,0
2026-01-29 19:40:07,0
2026-01-29 19:40:08,0
2026-01-29 19:40:09,0
2026-01-29 19:40:10,0
2026-01-29 19:40:11,0
2026-01-29 19:40:12,0
2026-01-29 19:40:13,0
2026-01-29 19:40:14,0
2026-01-29 19:40:15,0
2026-01-29 19:40:16,0
2026-01-29 19:40:17,0
2026-01-29 19:40:18,0
2026-01-29 19:40:19,0
2026-01-29 19:40:20,0
2026-01-29 19:40:21,0
2026-01-29 19:40:22,0
2026-01-29 19:40:23,0
2026-01-29 19:40:24,0
2026-01-29 19:40:25,0
2026-01-29 19:40:26,0
2026-01-29 19:40:27,0
2026-01-29 19:40:28,0
2026-01-29 19:40:29,0
2026-01-29 19:40:30,0
2026-01-29 19:40:31,0
2026-01-29 19:40:32,0
2026-01-29 19:40:33,0
2026-01-29 19:40:34,0
2026-01-29 19:40:35,0
2026-01-29 19:40:36,0
2026-01-29 19:40:37,0
2026-01-29 19:40:38,0
2026-01-29 19:40:39,0
2026-01-29 19:40:40,0
2026-01-29 19:40:41,0
2026-01-29 19:40:42,0
2026-01-29 19:40:43,0
2026-01-29 19:40:44,0
2026-01-29 19:40:45,0
2026-01-29 19:40:46,0
2026-01-29 19:40:47,0
2026-01-29 19:40:48,0
2026-01-29 19:40:49,0
2026-01-29 19:40:50,0
2026-01-29 19:40:51,0
2026-01-29 19:40:52,0
2026-01-29 19:40:53,0
2026-01-29 19:40:54,0
2026-01-29 19:40:55,0
2026-01-29 19:40:56,0
2026-01-29 19:40:57,0
2026-01-29 19:40:58,0
2026-01-29 19:40:59,0
2026-01-29 19:41:00,0
2026-01-29 19:41:01,0
2026-01-29 19:41:02,0
2026-01-29 19:41:03,0
2026-01-29 19:41:04,0
2026-01-29 19:41:05,0
2026-01-29 19:41:06,0
2026-01-29 19:41:07,0
2026-01-29 19:41:08,0
2026-01-29 19:41:09,0
2026-01-29 19:41:10,0
2026-01-29 19:41:11,0
2026-01-29 19:41:12,0
2026-01-29 19:41:13,0
2026-01-29 19:41:14,0
2026-01-29 19:41:15,0
2026-01-29 19:41:16,0
2026-01-29 19:41:17,0
2026-01-29 19:41:18,0
2026-01-29 19:41:19,0
2026-01-29 19:41:20,0
2026-01-29 19:41:21,0
2026-01-29 19:41:22,0
2026-01-29 19:41:23,0
2026-01-29 19:41:24,0
2026-01-29 19:41:25,0
2026-01-29 19:41:26,0
2026-01-29 19:41:27,0
2026-01-29 19:41:28,0
2026-01-29 19:41:29,0
2026-01-29 19:41:30,0
2026-01-29 19:41:31,0
2026-01-29 19:41:32,0
2026-01-29 19:41:33,0
2026-01-29 19:41:44,2.04
2026-01-29 19:41:45,2.04
2026-01-29 19:41:46,2.04
2026-01-29 19:41:47,2.04
2026-01-29 19:41:48,2.04
2026-01-29 19:41:49,8.82
2026-01-29 19:41:50,8.82
2026-01-29 19:41:51,8.82
2026-01-29 19:41:52,8.82
2026-01-29 19:41:53,8.82
2026-01-29 19:41:54,9.01
2026-01-29 19:41:55,9.01
2026-01-29 19:41:56,9.01
2026-01-29 19:41:57,9.01
2026-01-29 19:41:58,9.01
2026-01-29 19:41:59,8.95
2026-01-29 19:42:00,8.95
2026-01-29 19:42:01,8.95
2026-01-29 19:42:02,8.95
2026-01-29 19:42:03,8.95
2026-01-29 19:42:04,8.86
2026-01-29 19:42:05,8.86
2026-01-29 19:42:06,8.86
2026-01-29 19:42:07,8.86
2026-01-29 19:42:08,8.86
2026-01-29 19:42:09,8.90
2026-01-29 19:42:10,8.90
2026-01-29 19:42:11,8.90
2026-01-29 19:42:12,8.90
2026-01-29 19:42:13,8.90
2026-01-29 19:42:14,8.76
2026-01-29 19:42:15,8.76
2026-01-29 19:42:16,8.76
2026-01-29 19:42:17,8.76
2026-01-29 19:42:18,8.76
2026-01-29 19:42:19,9.00
2026-01-29 19:42:20,9.00
2026-01-29 19:42:21,9.00
2026-01-29 19:42:22,9.00
2026-01-29 19:42:23,9.00
2026-01-29 19:42:24,9.15
2026-01-29 19:42:25,9.15
2026-01-29 19:42:26,9.15
2026-01-29 19:42:27,9.15
2026-01-29 19:42:28,9.15
2026-01-29 19:42:29,8.80
2026-01-29 19:42:30,8.80
2026-01-29 19:42:31,8.80
2026-01-29 19:42:32,8.80
2026-01-29 19:42:33,8.80
2026-01-29 19:42:34,10.2
2026-01-29 19:42:35,10.2
2026-01-29 19:42:36,10.2
2026-01-29 19:42:37,10.2
2026-01-29 19:42:38,10.2
2026-01-29 19:42:39,7.71
2026-01-29 19:42:40,7.71
2026-01-29 19:42:41,7.71
2026-01-29 19:42:42,7.71
2026-01-29 19:42:43,7.71
2026-01-29 19:42:44,7.72
2026-01-29 19:42:45,7.72
2026-01-29 19:42:46,7.72
2026-01-29 19:42:47,7.72
2026-01-29 19:42:48,7.72
2026-01-29 19:42:49,7.94
2026-01-29 19:42:50,7.94
2026-01-29 19:42:51,7.94
2026-01-29 19:42:52,7.94
2026-01-29 19:42:53,7.94
2026-01-29 19:42:54,7.96
2026-01-29 19:42:55,7.96
2026-01-29 19:42:56,7.96
2026-01-29 19:42:57,7.96
2026-01-29 19:42:58,7.96
2026-01-29 19:42:59,7.79
2026-01-29 19:43:00,7.79
2026-01-29 19:43:01,7.79
2026-01-29 19:43:02,7.79
2026-01-29 19:43:03,7.79
2026-01-29 19:43:04,8.18
2026-01-29 19:43:05,8.18
2026-01-29 19:43:06,8.18
2026-01-29 19:43:07,8.18
2026-01-29 19:43:08,8.18
2026-01-29 19:43:09,7.92
2026-01-29 19:43:10,7.92
2026-01-29 19:43:11,7.92
2026-01-29 19:43:12,7.92
2026-01-29 19:43:13,7.92
2026-01-29 19:43:14,7.74
2026-01-29 19:43:15,7.74
2026-01-29 19:43:16,7.74
2026-01-29 19:43:17,7.74
2026-01-29 19:43:18,7.74
2026-01-29 19:43:19,8.50
2026-01-29 19:43:20,8.50
2026-01-29 19:43:21,8.50
2026-01-29 19:43:22,8.50
2026-01-29 19:43:23,8.50
2026-01-29 19:43:24,6.55
2026-01-29 19:43:25,6.55
2026-01-29 19:43:26,6.55
2026-01-29 19:43:27,6.55
2026-01-29 19:43:28,6.55
2026-01-29 19:43:29,6.72
2026-01-29 19:43:30,6.72
2026-01-29 19:43:31,6.72
2026-01-29 19:43:32,6.72
2026-01-29 19:43:33,6.72
2026-01-29 19:43:34,6.48
2026-01-29 19:43:35,6.48
2026-01-29 19:43:36,6.48
2026-01-29 19:43:37,6.48
2026-01-29 19:43:38,6.48
2026-01-29 19:43:39,6.45
2026-01-29 19:43:40,6.45
2026-01-29 19:43:41,6.45
2026-01-29 19:43:42,6.45
2026-01-29 19:43:43,6.45
2026-01-29 19:43:44,6.46
2026-01-29 19:43:45,6.46
2026-01-29 19:43:46,6.46
2026-01-29 19:43:47,6.46
2026-01-29 19:43:48,6.46
2026-01-29 19:43:49,6.47
2026-01-29 19:43:50,6.47
2026-01-29 19:43:51,6.47
2026-01-29 19:43:52,6.47
2026-01-29 19:43:53,6.47
2026-01-29 19:43:54,6.61
2026-01-29 19:43:55,6.61
2026-01-29 19:43:56,6.61
2026-01-29 19:43:57,6.61
2026-01-29 19:43:58,6.61
2026-01-29 19:43:59,6.44
2026-01-29 19:44:00,6.44
2026-01-29 19:44:01,6.44
2026-01-29 19:44:02,6.44
2026-01-29 19:44:03,6.44
2026-01-29 19:44:04,6.60
2026-01-29 19:44:05,6.60
2026-01-29 19:44:06,6.60
2026-01-29 19:44:07,6.60
2026-01-29 19:44:08,6.60
2026-01-29 19:44:09,5.91
2026-01-29 19:44:10,5.91
2026-01-29 19:44:11,5.91
2026-01-29 19:44:12,5.91
2026-01-29 19:44:13,5.91
2026-01-29 19:44:14,5.35
2026-01-29 19:44:15,5.35
2026-01-29 19:44:16,5.35
2026-01-29 19:44:17,5.35
2026-01-29 19:44:18,5.35
2026-01-29 19:44:19,5.38
2026-01-29 19:44:20,5.38
2026-01-29 19:44:21,5.38
2026-01-29 19:44:22,5.38
2026-01-29 19:44:23,5.38
2026-01-29 19:44:24,5.46
2026-01-29 19:44:25,5.46
2026-01-29 19:44:26,5.46
2026-01-29 19:44:27,5.46
2026-01-29 19:44:28,5.46
2026-01-29 19:44:29,5.43
2026-01-29 19:44:30,5.43
2026-01-29 19:44:31,5.43
2026-01-29 19:44:32,5.43
2026-01-29 19:44:33,5.43
2026-01-29 19:44:34,5.35
2026-01-29 19:44:35,5.35
2026-01-29 19:44:36,5.35
2026-01-29 19:44:37,5.35
2026-01-29 19:44:38,5.35
2026-01-29 19:44:39,5.28
2026-01-29 19:44:40,5.28
2026-01-29 19:44:41,5.28
2026-01-29 19:44:42,5.28
2026-01-29 19:44:43,5.28
2026-01-29 19:44:44,5.57
2026-01-29 19:44:45,5.57
2026-01-29 19:44:46,5.57
2026-01-29 19:44:47,5.57
2026-01-29 19:44:48,5.57
2026-01-29 19:44:49,4.84
2026-01-29 19:44:50,4.84
2026-01-29 19:44:51,4.84
2026-01-29 19:44:52,4.84
2026-01-29 19:44:53,4.84
2026-01-29 19:44:54,7.28
2026-01-29 19:44:55,7.28
2026-01-29 19:44:56,7.28
2026-01-29 19:44:57,7.28
2026-01-29 19:44:58,7.28
2026-01-29 19:44:59,6.94
2026-01-29 19:45:00,6.94
2026-01-29 19:45:01,6.94
2026-01-29 19:45:02,6.94
2026-01-29 19:45:03,6.94
2026-01-29 19:45:04,8.56
2026-01-29 19:45:05,8.56
2026-01-29 19:45:06,8.56
2026-01-29 19:45:07,8.56
2026-01-29 19:45:08,8.56
2026-01-29 19:45:09,7.88
2026-01-29 19:45:10,7.88
2026-01-29 19:45:11,7.88
2026-01-29 19:45:12,7.88
2026-01-29 19:45:13,7.88
2026-01-29 19:45:14,7.80
2026-01-29 19:45:15,7.80
2026-01-29 19:45:16,7.80
2026-01-29 19:45:17,7.80
2026-01-29 19:45:18,7.80
2026-01-29 19:45:19,7.72
2026-01-29 19:45:20,7.72
2026-01-29 19:45:21,7.72
2026-01-29 19:45:22,7.72
2026-01-29 19:45:23,7.72
2026-01-29 19:45:24,7.85
2026-01-29 19:45:25,7.85
2026-01-29 19:45:26,7.85
2026-01-29 19:45:27,7.85
2026-01-29 19:45:28,7.85
2026-01-29 19:45:29,7.93
2026-01-29 19:45:30,7.93
2026-01-29 19:45:31,7.93
2026-01-29 19:45:32,7.93
2026-01-29 19:45:33,7.93
2026-01-29 19:45:34,7.71
2026-01-29 19:45:35,7.71
2026-01-29 19:45:36,7.71
2026-01-29 19:45:37,7.71
2026-01-29 19:45:38,7.71
2026-01-29 19:45:39,7.87
2026-01-29 19:45:40,7.87
2026-01-29 19:45:41,7.87
2026-01-29 19:45:42,7.87
2026-01-29 19:45:43,7.87
2026-01-29 19:45:44,7.73
2026-01-29 19:45:45,7.73
2026-01-29 19:45:46,7.73
2026-01-29 19:45:47,7.73
2026-01-29 19:45:48,7.73
2026-01-29 19:45:49,7.73
2026-01-29 19:45:50,7.73
2026-01-29 19:45:51,7.73
2026-01-29 19:45:52,7.73
2026-01-29 19:45:53,7.73
2026-01-29 19:45:54,7.94
2026-01-29 19:45:55,7.94
2026-01-29 19:45:56,7.94
2026-01-29 19:45:57,7.94
2026-01-29 19:45:58,7.94
2026-01-29 19:45:59,7.65
2026-01-29 19:46:00,7.65
2026-01-29 19:46:01,7.65
2026-01-29 19:46:02,7.65
2026-01-29 19:46:03,7.65
2026-01-29 19:46:04,7.99
2026-01-29 19:46:05,7.99
2026-01-29 19:46:06,7.99
2026-01-29 19:46:07,7.99
2026-01-29 19:46:08,7.99
2026-01-29 19:46:09,8.05
2026-01-29 19:46:10,8.05
2026-01-29 19:46:11,8.05
2026-01-29 19:46:12,8.05
2026-01-29 19:46:13,8.05
2026-01-29 19:46:14,7.81
2026-01-29 19:46:15,7.81
2026-01-29 19:46:16,7.81
2026-01-29 19:46:17,7.81
2026-01-29 19:46:18,7.81
2026-01-29 19:46:19,7.78
2026-01-29 19:46:20,7.78
2026-01-29 19:46:21,7.78
2026-01-29 19:46:22,7.78
2026-01-29 19:46:23,7.78
2026-01-29 19:46:24,7.85
2026-01-29 19:46:25,7.85
2026-01-29 19:46:26,7.85
2026-01-29 19:46:27,7.85
2026-01-29 19:46:28,7.85
2026-01-29 19:46:29,7.80
2026-01-29 19:46:30,7.80
2026-01-29 19:46:31,7.80
2026-01-29 19:46:32,7.80
2026-01-29 19:46:33,7.80
2026-01-29 19:46:34,7.77
2026-01-29 19:46:35,7.77
2026-01-29 19:46:36,7.77
2026-01-29 19:46:37,7.77
2026-01-29 19:46:38,7.77
2026-01-29 19:46:39,7.71
2026-01-29 19:46:40,7.71
2026-01-29 19:46:41,7.71
2026-01-29 19:46:42,7.71
2026-01-29 19:46:43,7.71
2026-01-29 19:46:44,8.31
2026-01-29 19:46:45,8.31
2026-01-29 19:46:46,8.31
2026-01-29 19:46:47,8.31
2026-01-29 19:46:48,8.31
2026-01-29 19:46:49,6.61
2026-01-29 19:46:50,6.61
2026-01-29 19:46:51,6.61
2026-01-29 19:46:52,6.61
2026-01-29 19:46:53,6.61
2026-01-29 19:46:54,6.73
2026-01-29 19:46:55,6.73
2026-01-29 19:46:56,6.73
2026-01-29 19:46:57,6.73
2026-01-29 19:46:58,6.73
2026-01-29 19:46:59,6.91
2026-01-29 19:47:00,6.91
2026-01-29 19:47:01,6.91
2026-01-29 19:47:02,6.91
2026-01-29 19:47:03,6.91
2026-01-29 19:47:04,6.85
2026-01-29 19:47:05,6.85
2026-01-29 19:47:06,6.85
2026-01-29 19:47:07,6.85
2026-01-29 19:47:08,6.85
2026-01-29 19:47:09,6.78
2026-01-29 19:47:10,6.78
2026-01-29 19:47:11,6.78
2026-01-29 19:47:12,6.78
2026-01-29 19:47:13,6.78
2026-01-29 19:47:14,6.60
2026-01-29 19:47:15,6.60
2026-01-29 19:47:16,6.60
2026-01-29 19:47:17,6.60
2026-01-29 19:47:18,6.60
2026-01-29 19:47:19,5.77
2026-01-29 19:47:20,5.77
2026-01-29 19:47:21,5.77
2026-01-29 19:47:22,5.77
2026-01-29 19:47:23,5.77
2026-01-29 19:47:24,7.79
2026-01-29 19:47:25,7.79
2026-01-29 19:47:26,7.79
2026-01-29 19:47:27,7.79
2026-01-29 19:47:28,7.79
2026-01-29 19:47:29,8.30
2026-01-29 19:47:30,8.30
2026-01-29 19:47:31,8.30
2026-01-29 19:47:32,8.30
2026-01-29 19:47:33,8.30
2026-01-29 19:47:34,7.98
2026-01-29 19:47:35,7.98
2026-01-29 19:47:36,7.98
2026-01-29 19:47:37,7.98
2026-01-29 19:47:38,7.98
2026-01-29 19:47:39,8.46
2026-01-29 19:47:40,8.46
2026-01-29 19:47:41,8.46
2026-01-29 19:47:42,8.46
2026-01-29 19:47:43,8.46
2026-01-29 19:47:44,8.02
2026-01-29 19:47:45,8.02
2026-01-29 19:47:46,8.02
2026-01-29 19:47:47,8.02
2026-01-29 19:47:48,8.02
2026-01-29 19:47:49,8.69
2026-01-29 19:47:50,8.69
2026-01-29 19:47:51,8.69
2026-01-29 19:47:52,8.69
2026-01-29 19:47:53,8.69
2026-01-29 19:47:54,7.50
2026-01-29 19:47:55,7.50
2026-01-29 19:47:56,7.50
2026-01-29 19:47:57,7.50
2026-01-29 19:47:58,7.50
2026-01-29 19:47:59,8.15
2026-01-29 19:48:00,8.15
2026-01-29 19:48:01,8.15
2026-01-29 19:48:02,8.15
2026-01-29 19:48:03,8.15
2026-01-29 19:48:04,7.74
2026-01-29 19:48:05,7.74
2026-01-29 19:48:06,7.74
2026-01-29 19:48:07,7.74
2026-01-29 19:48:08,7.74
2026-01-29 19:48:09,7.80
2026-01-29 19:48:10,7.80
2026-01-29 19:48:11,7.80
2026-01-29 19:48:12,7.80
2026-01-29 19:48:13,7.80
2026-01-29 19:48:14,9.47
2026-01-29 19:48:15,9.47
2026-01-29 19:48:16,9.47
2026-01-29 19:48:17,9.47
2026-01-29 19:48:18,9.47
2026-01-29 19:48:19,6.45
2026-01-29 19:48:20,6.45
2026-01-29 19:48:21,6.45
2026-01-29 19:48:22,6.45
2026-01-29 19:48:23,6.45
2026-01-29 19:48:24,6.48
2026-01-29 19:48:25,6.48
2026-01-29 19:48:26,6.48
2026-01-29 19:48:27,6.48
2026-01-29 19:48:28,6.48
2026-01-29 19:48:29,6.60
2026-01-29 19:48:30,6.60
2026-01-29 19:48:31,6.60
2026-01-29 19:48:32,6.60
2026-01-29 19:48:33,6.60
2026-01-29 19:48:34,6.48
2026-01-29 19:48:35,6.48
2026-01-29 19:48:36,6.48
2026-01-29 19:48:37,6.48
2026-01-29 19:48:38,6.48
2026-01-29 19:48:39,8.16
2026-01-29 19:48:40,8.16
2026-01-29 19:48:41,8.16
2026-01-29 19:48:42,8.16
2026-01-29 19:48:43,8.16
2026-01-29 19:48:44,0
2026-01-29 19:48:45,0
2026-01-29 19:48:46,0
2026-01-29 19:48:47,0
2026-01-29 19:48:48,0
2026-01-29 19:48:49,0
2026-01-29 19:48:50,0
2026-01-29 19:48:51,0
2026-01-29 19:48:52,0
2026-01-29 19:48:53,0
2026-01-29 19:48:54,0
2026-01-29 19:48:55,0
2026-01-29 19:48:56,0
2026-01-29 19:48:57,0
2026-01-29 19:48:58,0
2026-01-29 19:48:59,0
2026-01-29 19:49:00,0
2026-01-29 19:49:01,0
2026-01-29 19:49:02,0
2026-01-29 19:49:03,0
2026-01-29 19:49:04,0
2026-01-29 19:49:05,0
2026-01-29 19:49:06,0
2026-01-29 19:49:07,0
2026-01-29 19:49:08,0
2026-01-29 19:49:09,0
2026-01-29 19:49:10,0
2026-01-29 19:49:11,0
2026-01-29 19:49:12,0
2026-01-29 19:49:13,0
2026-01-29 19:49:14,0
2026-01-29 19:49:15,0
2026-01-29 19:49:16,0
2026-01-29 19:49:17,0
2026-01-29 19:49:18,0
2026-01-29 19:49:19,0
2026-01-29 19:49:20,0
2026-01-29 19:49:21,0
2026-01-29 19:49:22,0
2026-01-29 19:49:23,0
2026-01-29 19:49:24,0
2026-01-29 19:49:25,0
2026-01-29 19:49:26,0
2026-01-29 19:49:27,0
2026-01-29 19:49:28,0
2026-01-29 19:49:29,0
2026-01-29 19:49:30,0
2026-01-29 19:49:31,0
2026-01-29 19:49:32,0
2026-01-29 19:49:33,0
2026-01-29 19:49:34,0
2026-01-29 19:49:35,0
2026-01-29 19:49:36,0
2026-01-29 19:49:37,0
2026-01-29 19:49:38,0
2026-01-29 19:49:39,0
2026-01-29 19:49:40,0
2026-01-29 19:49:41,0
2026-01-29 19:49:42,0
2026-01-29 19:49:43,0
2026-01-29 19:49:44,0
2026-01-29 19:49:45,0
2026-01-29 19:49:46,0
2026-01-29 19:49:47,0
2026-01-29 19:49:48,0
2026-01-29 19:49:49,0
2026-01-29 19:49:50,0
2026-01-29 19:49:51,0
2026-01-29 19:49:52,0
2026-01-29 19:49:53,0
2026-01-29 19:49:54,0
2026-01-29 19:49:55,0
2026-01-29 19:49:56,0
2026-01-29 19:49:57,0
2026-01-29 19:49:58,0
2026-01-29 19:49:59,0
2026-01-29 19:50:00,0
2026-01-29 19:50:01,0
2026-01-29 19:50:02,0
2026-01-29 19:50:03,0
2026-01-29 19:50:04,0
2026-01-29 19:50:05,0
2026-01-29 19:50:06,0
2026-01-29 19:50:07,0
2026-01-29 19:50:08,0
2026-01-29 19:50:09,0
2026-01-29 19:50:10,0
2026-01-29 19:50:11,0
2026-01-29 19:50:12,0
2026-01-29 19:50:13,0
2026-01-29 19:50:14,0
2026-01-29 19:50:15,0
2026-01-29 19:50:16,0
2026-01-29 19:50:17,0
2026-01-29 19:50:18,0
2026-01-29 19:50:44,7.01
2026-01-29 19:50:45,7.01
2026-01-29 19:50:46,7.01
2026-01-29 19:50:47,7.01
2026-01-29 19:50:48,7.01
2026-01-29 19:50:49,8.17
2026-01-29 19:50:50,8.17
2026-01-29 19:50:51,8.17
2026-01-29 19:50:52,8.17
2026-01-29 19:50:53,8.17
2026-01-29 19:50:54,9.49
2026-01-29 19:50:55,9.49
2026-01-29 19:50:56,9.49
2026-01-29 19:50:57,9.49
2026-01-29 19:50:58,9.49
2026-01-29 19:50:59,9.31
2026-01-29 19:51:00,9.31
2026-01-29 19:51:01,9.31
2026-01-29 19:51:02,9.31
2026-01-29 19:51:03,9.31
2026-01-29 19:51:04,9.02
2026-01-29 19:51:05,9.02
2026-01-29 19:51:06,9.02
2026-01-29 19:51:07,9.02
2026-01-29 19:51:08,9.02
2026-01-29 19:51:09,10.2
2026-01-29 19:51:10,10.2
2026-01-29 19:51:11,10.2
2026-01-29 19:51:12,10.2
2026-01-29 19:51:13,10.2
2026-01-29 19:51:14,12.2
2026-01-29 19:51:15,12.2
2026-01-29 19:51:16,12.2
2026-01-29 19:51:17,12.2
2026-01-29 19:51:18,12.2
2026-01-29 19:51:19,9.00
2026-01-29 19:51:20,9.00
2026-01-29 19:51:21,9.00
2026-01-29 19:51:22,9.00
2026-01-29 19:51:23,9.00
2026-01-29 19:51:24,8.91
2026-01-29 19:51:25,8.91
2026-01-29 19:51:26,8.91
2026-01-29 19:51:27,8.91
2026-01-29 19:51:28,8.91
2026-01-29 19:51:29,8.92
2026-01-29 19:51:30,8.92
2026-01-29 19:51:31,8.92
2026-01-29 19:51:32,8.92
2026-01-29 19:51:33,8.92
2026-01-29 19:51:34,9.22
2026-01-29 19:51:35,9.22
2026-01-29 19:51:36,9.22
2026-01-29 19:51:37,9.22
2026-01-29 19:51:38,9.22
2026-01-29 19:51:39,10.4
2026-01-29 19:51:40,10.4
2026-01-29 19:51:41,10.4
2026-01-29 19:51:42,10.4
2026-01-29 19:51:43,10.4
2026-01-29 19:51:44,8.92
2026-01-29 19:51:45,8.92
2026-01-29 19:51:46,8.92
2026-01-29 19:51:47,8.92
2026-01-29 19:51:48,8.92
2026-01-29 19:51:49,8.94
2026-01-29 19:51:50,8.94
2026-01-29 19:51:51,8.94
2026-01-29 19:51:52,8.94
2026-01-29 19:51:53,8.94
2026-01-29 19:51:54,8.88
2026-01-29 19:51:55,8.88
2026-01-29 19:51:56,8.88
2026-01-29 19:51:57,8.88
2026-01-29 19:51:58,8.88
2026-01-29 19:51:59,9.35
2026-01-29 19:52:00,9.35
2026-01-29 19:52:01,9.35
2026-01-29 19:52:02,9.35
2026-01-29 19:52:03,9.35
2026-01-29 19:52:04,9.02
2026-01-29 19:52:05,9.02
2026-01-29 19:52:06,9.02
2026-01-29 19:52:07,9.02
2026-01-29 19:52:08,9.02
2026-01-29 19:52:09,8.99
2026-01-29 19:52:10,8.99
2026-01-29 19:52:11,8.99
2026-01-29 19:52:12,8.99
2026-01-29 19:52:13,8.99
2026-01-29 19:52:14,8.83
2026-01-29 19:52:15,8.83
2026-01-29 19:52:16,8.83
2026-01-29 19:52:17,8.83
2026-01-29 19:52:18,8.83
2026-01-29 19:52:19,7.84
2026-01-29 19:52:20,7.84
2026-01-29 19:52:21,7.84
2026-01-29 19:52:22,7.84
2026-01-29 19:52:23,7.84
2026-01-29 19:52:24,7.79
2026-01-29 19:52:25,7.79
2026-01-29 19:52:26,7.79
2026-01-29 19:52:27,7.79
2026-01-29 19:52:28,7.79
2026-01-29 19:52:29,7.85
2026-01-29 19:52:30,7.85
2026-01-29 19:52:31,7.85
2026-01-29 19:52:32,7.85
2026-01-29 19:52:33,7.85
2026-01-29 19:52:34,7.84
2026-01-29 19:52:35,7.84
2026-01-29 19:52:36,7.84
2026-01-29 19:52:37,7.84
2026-01-29 19:52:38,7.84
2026-01-29 19:52:39,7.84
2026-01-29 19:52:40,7.84
2026-01-29 19:52:41,7.84
2026-01-29 19:52:42,7.84
2026-01-29 19:52:43,7.84
2026-01-29 19:52:44,7.74
2026-01-29 19:52:45,7.74
2026-01-29 19:52:46,7.74
2026-01-29 19:52:47,7.74
2026-01-29 19:52:48,7.74
2026-01-29 19:52:49,7.95
2026-01-29 19:52:50,7.95
2026-01-29 19:52:51,7.95
2026-01-29 19:52:52,7.95
2026-01-29 19:52:53,7.95
2026-01-29 19:52:54,7.81
2026-01-29 19:52:55,7.81
2026-01-29 19:52:56,7.81
2026-01-29 19:52:57,7.81
2026-01-29 19:52:58,7.81
2026-01-29 19:52:59,8.19
2026-01-29 19:53:00,8.19
2026-01-29 19:53:01,8.19
2026-01-29 19:53:02,8.19
2026-01-29 19:53:03,8.19
2026-01-29 19:53:04,7.99
2026-01-29 19:53:05,7.99
2026-01-29 19:53:06,7.99
2026-01-29 19:53:07,7.99
2026-01-29 19:53:08,7.99
2026-01-29 19:53:09,7.97
2026-01-29 19:53:10,7.97
2026-01-29 19:53:11,7.97
2026-01-29 19:53:12,7.97
2026-01-29 19:53:13,7.97
2026-01-29 19:53:14,8.01
2026-01-29 19:53:15,8.01
2026-01-29 19:53:16,8.01
2026-01-29 19:53:17,8.01
2026-01-29 19:53:18,8.01
2026-01-29 19:53:19,7.77
2026-01-29 19:53:20,7.77
2026-01-29 19:53:21,7.77
2026-01-29 19:53:22,7.77
2026-01-29 19:53:23,7.77
2026-01-29 19:53:24,8.51
2026-01-29 19:53:25,8.51
2026-01-29 19:53:26,8.51
2026-01-29 19:53:27,8.51
2026-01-29 19:53:28,8.51
2026-01-29 19:53:29,9.66
2026-01-29 19:53:30,9.66
2026-01-29 19:53:31,9.66
2026-01-29 19:53:32,9.66
2026-01-29 19:53:33,9.66
2026-01-29 19:53:34,9.20
2026-01-29 19:53:35,9.20
2026-01-29 19:53:36,9.20
2026-01-29 19:53:37,9.20
2026-01-29 19:53:38,9.20
2026-01-29 19:53:39,9.04
2026-01-29 19:53:40,9.04
2026-01-29 19:53:41,9.04
2026-01-29 19:53:42,9.04
2026-01-29 19:53:43,9.04
2026-01-29 19:53:44,9.16
2026-01-29 19:53:45,9.16
2026-01-29 19:53:46,9.16
2026-01-29 19:53:47,9.16
2026-01-29 19:53:48,9.16
2026-01-29 19:53:49,9.06
2026-01-29 19:53:50,9.06
2026-01-29 19:53:51,9.06
2026-01-29 19:53:52,9.06
2026-01-29 19:53:53,9.06
2026-01-29 19:53:54,8.96
2026-01-29 19:53:55,8.96
2026-01-29 19:53:56,8.96
2026-01-29 19:53:57,8.96
2026-01-29 19:53:58,8.96
2026-01-29 19:53:59,9.26
2026-01-29 19:54:00,9.26
2026-01-29 19:54:01,9.26
2026-01-29 19:54:02,9.26
2026-01-29 19:54:03,9.26
2026-01-29 19:54:04,10.2
2026-01-29 19:54:05,10.2
2026-01-29 19:54:06,10.2
2026-01-29 19:54:07,10.2
2026-01-29 19:54:08,10.2
2026-01-29 19:54:09,8.08
2026-01-29 19:54:10,8.08
2026-01-29 19:54:11,8.08
2026-01-29 19:54:12,8.08
2026-01-29 19:54:13,8.08
2026-01-29 19:54:14,8.39
2026-01-29 19:54:15,8.39
2026-01-29 19:54:16,8.39
2026-01-29 19:54:17,8.39
2026-01-29 19:54:18,8.39
2026-01-29 19:54:19,7.83
2026-01-29 19:54:20,7.83
2026-01-29 19:54:21,7.83
2026-01-29 19:54:22,7.83
2026-01-29 19:54:23,7.83
2026-01-29 19:54:24,8.00
2026-01-29 19:54:25,8.00
2026-01-29 19:54:26,8.00
2026-01-29 19:54:27,8.00
2026-01-29 19:54:28,8.00
2026-01-29 19:54:29,6.98
2026-01-29 19:54:30,6.98
2026-01-29 19:54:31,6.98
2026-01-29 19:54:32,6.98
2026-01-29 19:54:33,6.98
2026-01-29 19:54:34,8.26
2026-01-29 19:54:35,8.26
2026-01-29 19:54:36,8.26
2026-01-29 19:54:37,8.26
2026-01-29 19:54:38,8.26
2026-01-29 19:54:39,7.57
2026-01-29 19:54:40,7.57
2026-01-29 19:54:41,7.57
2026-01-29 19:54:42,7.57
2026-01-29 19:54:43,7.57
2026-01-29 19:54:44,8.99
2026-01-29 19:54:45,8.99
2026-01-29 19:54:46,8.99
2026-01-29 19:54:47,8.99
2026-01-29 19:54:48,8.99
2026-01-29 19:54:49,6.49
2026-01-29 19:54:50,6.49
2026-01-29 19:54:51,6.49
2026-01-29 19:54:52,6.49
2026-01-29 19:54:53,6.49
2026-01-29 19:54:54,6.50
2026-01-29 19:54:55,6.50
2026-01-29 19:54:56,6.50
2026-01-29 19:54:57,6.50
2026-01-29 19:54:58,6.50
2026-01-29 19:54:59,6.70
2026-01-29 19:55:00,6.70
2026-01-29 19:55:01,6.70
2026-01-29 19:55:02,6.70
2026-01-29 19:55:03,6.70
2026-01-29 19:55:04,6.74
2026-01-29 19:55:05,6.74
2026-01-29 19:55:06,6.74
2026-01-29 19:55:07,6.74
2026-01-29 19:55:08,6.74
2026-01-29 19:55:09,7.56
2026-01-29 19:55:10,7.56
2026-01-29 19:55:11,7.56
2026-01-29 19:55:12,7.56
2026-01-29 19:55:13,7.56
2026-01-29 19:55:14,5.28
2026-01-29 19:55:15,5.28
2026-01-29 19:55:16,5.28
2026-01-29 19:55:17,5.28
2026-01-29 19:55:18,5.28
2026-01-29 19:55:19,4.55
2026-01-29 19:55:20,4.55
2026-01-29 19:55:21,4.55
2026-01-29 19:55:22,4.55
2026-01-29 19:55:23,4.55
2026-01-29 19:55:24,6.36
2026-01-29 19:55:25,6.36
2026-01-29 19:55:26,6.36
2026-01-29 19:55:27,6.36
2026-01-29 19:55:28,6.36
2026-01-29 19:55:29,6.76
2026-01-29 19:55:30,6.76
2026-01-29 19:55:31,6.76
2026-01-29 19:55:32,6.76
2026-01-29 19:55:33,6.76
2026-01-29 19:55:34,6.23
2026-01-29 19:55:35,6.23
2026-01-29 19:55:36,6.23
2026-01-29 19:55:37,6.23
2026-01-29 19:55:38,6.23
2026-01-29 19:55:39,6.34
2026-01-29 19:55:40,6.34
2026-01-29 19:55:41,6.34
2026-01-29 19:55:42,6.34
2026-01-29 19:55:43,6.34
2026-01-29 19:55:44,6.38
2026-01-29 19:55:45,6.38
2026-01-29 19:55:46,6.38
2026-01-29 19:55:47,6.38
2026-01-29 19:55:48,6.38
2026-01-29 19:55:49,6.34
2026-01-29 19:55:50,6.34
2026-01-29 19:55:51,6.34
2026-01-29 19:55:52,6.34
2026-01-29 19:55:53,6.34
2026-01-29 19:55:54,6.26
2026-01-29 19:55:55,6.26
2026-01-29 19:55:56,6.26
2026-01-29 19:55:57,6.26
2026-01-29 19:55:58,6.26
2026-01-29 19:55:59,6.47
2026-01-29 19:56:00,6.47
2026-01-29 19:56:01,6.47
2026-01-29 19:56:02,6.47
2026-01-29 19:56:03,6.47
2026-01-29 19:56:04,6.14
2026-01-29 19:56:05,6.14
2026-01-29 19:56:06,6.14
2026-01-29 19:56:07,6.14
2026-01-29 19:56:08,6.14
2026-01-29 19:56:09,8.58
2026-01-29 19:56:10,8.58
2026-01-29 19:56:11,8.58
2026-01-29 19:56:12,8.58
2026-01-29 19:56:13,8.58
2026-01-29 19:56:14,7.64
2026-01-29 19:56:15,7.64
2026-01-29 19:56:16,7.64
2026-01-29 19:56:17,7.64
2026-01-29 19:56:18,7.64
2026-01-29 19:56:19,7.97
2026-01-29 19:56:20,7.97
2026-01-29 19:56:21,7.97
2026-01-29 19:56:22,7.97
2026-01-29 19:56:23,7.97
2026-01-29 19:56:24,7.85
2026-01-29 19:56:25,7.85
2026-01-29 19:56:26,7.85
2026-01-29 19:56:27,7.85
2026-01-29 19:56:28,7.85
2026-01-29 19:56:29,7.66
2026-01-29 19:56:30,7.66
2026-01-29 19:56:31,7.66
2026-01-29 19:56:32,7.66
2026-01-29 19:56:33,7.66
2026-01-29 19:56:34,7.59
2026-01-29 19:56:35,7.59
2026-01-29 19:56:36,7.59
2026-01-29 19:56:37,7.59
2026-01-29 19:56:38,7.59
2026-01-29 19:56:39,14.1
2026-01-29 19:56:40,14.1
2026-01-29 19:56:41,14.1
2026-01-29 19:56:42,14.1
2026-01-29 19:56:43,14.1
2026-01-29 19:56:44,13.3
2026-01-29 19:56:45,13.3
2026-01-29 19:56:46,13.3
2026-01-29 19:56:47,13.3
2026-01-29 19:56:48,13.3
2026-01-29 19:56:49,11.6
2026-01-29 19:56:50,11.6
2026-01-29 19:56:51,11.6
2026-01-29 19:56:52,11.6
2026-01-29 19:56:53,11.6
2026-01-29 19:56:54,6.72
2026-01-29 19:56:55,6.72
2026-01-29 19:56:56,6.72
2026-01-29 19:56:57,6.72
2026-01-29 19:56:58,6.72
2026-01-29 19:56:59,6.82
2026-01-29 19:57:00,6.82
2026-01-29 19:57:01,6.82
2026-01-29 19:57:02,6.82
2026-01-29 19:57:03,6.82
2026-01-29 19:57:04,6.83
2026-01-29 19:57:05,6.83
2026-01-29 19:57:06,6.83
2026-01-29 19:57:07,6.83
2026-01-29 19:57:08,6.83
2026-01-29 19:57:09,6.98
2026-01-29 19:57:10,6.98
2026-01-29 19:57:11,6.98
2026-01-29 19:57:12,6.98
2026-01-29 19:57:13,6.98
2026-01-29 19:57:14,6.69
2026-01-29 19:57:15,6.69
2026-01-29 19:57:16,6.69
2026-01-29 19:57:17,6.69
2026-01-29 19:57:18,6.69
2026-01-29 19:57:19,6.54
2026-01-29 19:57:20,6.54
2026-01-29 19:57:21,6.54
2026-01-29 19:57:22,6.54
2026-01-29 19:57:23,6.54
2026-01-29 19:57:24,6.71
2026-01-29 19:57:25,6.71
2026-01-29 19:57:26,6.71
2026-01-29 19:57:27,6.71
2026-01-29 19:57:28,6.71
2026-01-29 19:57:29,6.70
2026-01-29 19:57:30,6.70
2026-01-29 19:57:31,6.70
2026-01-29 19:57:32,6.70
2026-01-29 19:57:33,6.70
2026-01-29 19:57:34,6.49
2026-01-29 19:57:35,6.49
2026-01-29 19:57:36,6.49
2026-01-29 19:57:37,6.49
2026-01-29 19:57:38,6.49
2026-01-29 19:57:39,6.57
2026-01-29 19:57:40,6.57
2026-01-29 19:57:41,6.57
2026-01-29 19:57:42,6.57
2026-01-29 19:57:43,6.57
2026-01-29 19:57:44,6.59
2026-01-29 19:57:45,6.59
2026-01-29 19:57:46,6.59
2026-01-29 19:57:47,6.59
2026-01-29 19:57:48,6.59
2026-01-29 19:57:49,0
2026-01-29 19:57:50,0
2026-01-29 19:57:51,0
2026-01-29 19:57:52,0
2026-01-29 19:57:53,0
2026-01-29 19:57:54,0
2026-01-29 19:57:55,0
2026-01-29 19:57:56,0
2026-01-29 19:57:57,0
2026-01-29 19:57:58,0
2026-01-29 19:57:59,0
2026-01-29 19:58:00,0
2026-01-29 19:58:01,0
2026-01-29 19:58:02,0
2026-01-29 19:58:03,0
2026-01-29 19:58:04,0
2026-01-29 19:58:05,0
2026-01-29 19:58:06,0
2026-01-29 19:58:07,0
2026-01-29 19:58:08,0
2026-01-29 19:58:09,0
2026-01-29 19:58:10,0
2026-01-29 19:58:11,0
2026-01-29 19:58:12,0
2026-01-29 19:58:13,0
2026-01-29 19:58:14,0
2026-01-29 19:58:15,0
2026-01-29 19:58:16,0
2026-01-29 19:58:17,0
2026-01-29 19:58:18,0
2026-01-29 19:58:19,0
2026-01-29 19:58:20,0
2026-01-29 19:58:21,0
2026-01-29 19:58:22,0
2026-01-29 19:58:23,0
2026-01-29 19:58:24,0
2026-01-29 19:58:25,0
2026-01-29 19:58:26,0
2026-01-29 19:58:27,0
2026-01-29 19:58:28,0
2026-01-29 19:58:29,0
2026-01-29 19:58:30,0
2026-01-29 19:58:31,0
2026-01-29 19:58:32,0
2026-01-29 19:58:33,0
2026-01-29 19:58:34,0
2026-01-29 19:58:35,0
2026-01-29 19:58:36,0
2026-01-29 19:58:37,0
2026-01-29 19:58:38,0
2026-01-29 19:58:39,0
2026-01-29 19:58:40,0
2026-01-29 19:58:41,0
2026-01-29 19:58:42,0
2026-01-29 19:58:43,0
2026-01-29 19:58:44,0
2026-01-29 19:58:45,0
2026-01-29 19:58:46,0
2026-01-29 19:58:47,0
2026-01-29 19:58:48,0
2026-01-29 19:58:49,0
2026-01-29 19:58:50,0
2026-01-29 19:58:51,0
2026-01-29 19:58:52,0
2026-01-29 19:58:53,0
2026-01-29 19:58:54,0
2026-01-29 19:58:55,0
2026-01-29 19:58:56,0
2026-01-29 19:58:57,0
2026-01-29 19:58:58,0
2026-01-29 19:58:59,0
2026-01-29 19:59:00,0
2026-01-29 19:59:01,0
2026-01-29 19:59:02,0
2026-01-29 19:59:03,0
2026-01-29 19:59:04,0
2026-01-29 19:59:05,0
2026-01-29 19:59:06,0
2026-01-29 19:59:07,0
2026-01-29 19:59:08,0
2026-01-29 19:59:09,0
2026-01-29 19:59:10,0
2026-01-29 19:59:11,0
2026-01-29 19:59:12,0
2026-01-29 19:59:13,0
2026-01-29 19:59:14,0
2026-01-29 19:59:15,0
2026-01-29 19:59:16,0
2026-01-29 19:59:17,0
2026-01-29 19:59:18,0
2026-01-29 19:59:19,0
2026-01-29 19:59:20,0
2026-01-29 19:59:21,0
2026-01-29 19:59:22,0
2026-01-29 19:59:23,0
2026-01-29 19:59:59,2.61
2026-01-29 20:00:00,2.61
2026-01-29 20:00:01,2.61
2026-01-29 20:00:02,2.61
2026-01-29 20:00:03,2.61
2026-01-29 20:00:04,7.86
2026-01-29 20:00:05,7.86
2026-01-29 20:00:06,7.86
2026-01-29 20:00:07,7.86
2026-01-29 20:00:08,7.86
2026-01-29 20:00:09,8.43
2026-01-29 20:00:10,8.43
2026-01-29 20:00:11,8.43
2026-01-29 20:00:12,8.43
2026-01-29 20:00:13,8.43
2026-01-29 20:00:14,7.98
2026-01-29 20:00:15,7.98
2026-01-29 20:00:16,7.98
2026-01-29 20:00:17,7.98
2026-01-29 20:00:18,7.98
2026-01-29 20:00:19,7.64
2026-01-29 20:00:20,7.64
2026-01-29 20:00:21,7.64
2026-01-29 20:00:22,7.64
2026-01-29 20:00:23,7.64
2026-01-29 20:00:24,7.76
2026-01-29 20:00:25,7.76
2026-01-29 20:00:26,7.76
2026-01-29 20:00:27,7.76
2026-01-29 20:00:28,7.76
2026-01-29 20:00:29,7.74
2026-01-29 20:00:30,7.74
2026-01-29 20:00:31,7.74
2026-01-29 20:00:32,7.74
2026-01-29 20:00:33,7.74
2026-01-29 20:00:34,7.64
2026-01-29 20:00:35,7.64
2026-01-29 20:00:36,7.64
2026-01-29 20:00:37,7.64
2026-01-29 20:00:38,7.64
2026-01-29 20:00:39,8.84
2026-01-29 20:00:40,8.84
2026-01-29 20:00:41,8.84
2026-01-29 20:00:42,8.84
2026-01-29 20:00:43,8.84
2026-01-29 20:00:44,9.28
2026-01-29 20:00:45,9.28
2026-01-29 20:00:46,9.28
2026-01-29 20:00:47,9.28
2026-01-29 20:00:48,9.28
2026-01-29 20:00:49,8.81
2026-01-29 20:00:50,8.81
2026-01-29 20:00:51,8.81
2026-01-29 20:00:52,8.81
2026-01-29 20:00:53,8.81
2026-01-29 20:00:54,8.76
2026-01-29 20:00:55,8.76
2026-01-29 20:00:56,8.76
2026-01-29 20:00:57,8.76
2026-01-29 20:00:58,8.76
2026-01-29 20:00:59,9.00
2026-01-29 20:01:00,9.00
2026-01-29 20:01:01,9.00
2026-01-29 20:01:02,9.00
2026-01-29 20:01:03,9.00
2026-01-29 20:01:04,9.17
2026-01-29 20:01:05,9.17
2026-01-29 20:01:06,9.17
2026-01-29 20:01:07,9.17
2026-01-29 20:01:08,9.17
2026-01-29 20:01:09,9.04
2026-01-29 20:01:10,9.04
2026-01-29 20:01:11,9.04
2026-01-29 20:01:12,9.04
2026-01-29 20:01:13,9.04
2026-01-29 20:01:14,8.81
2026-01-29 20:01:15,8.81
2026-01-29 20:01:16,8.81
2026-01-29 20:01:17,8.81
2026-01-29 20:01:18,8.81
2026-01-29 20:01:19,8.88
2026-01-29 20:01:20,8.88
2026-01-29 20:01:21,8.88
2026-01-29 20:01:22,8.88
2026-01-29 20:01:23,8.88
2026-01-29 20:01:24,9.84
2026-01-29 20:01:25,9.84
2026-01-29 20:01:26,9.84
2026-01-29 20:01:27,9.84
2026-01-29 20:01:28,9.84
2026-01-29 20:01:29,9.37
2026-01-29 20:01:30,9.37
2026-01-29 20:01:31,9.37
2026-01-29 20:01:32,9.37
2026-01-29 20:01:33,9.37
2026-01-29 20:01:34,10.4
2026-01-29 20:01:35,10.4
2026-01-29 20:01:36,10.4
2026-01-29 20:01:37,10.4
2026-01-29 20:01:38,10.4
2026-01-29 20:01:39,8.88
2026-01-29 20:01:40,8.88
2026-01-29 20:01:41,8.88
2026-01-29 20:01:42,8.88
2026-01-29 20:01:43,8.88
2026-01-29 20:01:44,8.78
2026-01-29 20:01:45,8.78
2026-01-29 20:01:46,8.78
2026-01-29 20:01:47,8.78
2026-01-29 20:01:48,8.78
2026-01-29 20:01:49,11.1
2026-01-29 20:01:50,11.1
2026-01-29 20:01:51,11.1
2026-01-29 20:01:52,11.1
2026-01-29 20:01:53,11.1
2026-01-29 20:01:54,8.93
2026-01-29 20:01:55,8.93
2026-01-29 20:01:56,8.93
2026-01-29 20:01:57,8.93
2026-01-29 20:01:58,8.93
2026-01-29 20:01:59,9.06
2026-01-29 20:02:00,9.06
2026-01-29 20:02:01,9.06
2026-01-29 20:02:02,9.06
2026-01-29 20:02:03,9.06
2026-01-29 20:02:04,9.32
2026-01-29 20:02:05,9.32
2026-01-29 20:02:06,9.32
2026-01-29 20:02:07,9.32
2026-01-29 20:02:08,9.32
2026-01-29 20:02:09,8.92
2026-01-29 20:02:10,8.92
2026-01-29 20:02:11,8.92
2026-01-29 20:02:12,8.92
2026-01-29 20:02:13,8.92
2026-01-29 20:02:14,8.82
2026-01-29 20:02:15,8.82
2026-01-29 20:02:16,8.82
2026-01-29 20:02:17,8.82
2026-01-29 20:02:18,8.82
2026-01-29 20:02:19,8.88
2026-01-29 20:02:20,8.88
2026-01-29 20:02:21,8.88
2026-01-29 20:02:22,8.88
2026-01-29 20:02:23,8.88
2026-01-29 20:02:24,8.88
2026-01-29 20:02:25,8.88
2026-01-29 20:02:26,8.88
2026-01-29 20:02:27,8.88
2026-01-29 20:02:28,8.88
2026-01-29 20:02:29,8.95
2026-01-29 20:02:30,8.95
2026-01-29 20:02:31,8.95
2026-01-29 20:02:32,8.95
2026-01-29 20:02:33,8.95
2026-01-29 20:02:34,8.99
2026-01-29 20:02:35,8.99
2026-01-29 20:02:36,8.99
2026-01-29 20:02:37,8.99
2026-01-29 20:02:38,8.99
2026-01-29 20:02:39,8.83
2026-01-29 20:02:40,8.83
2026-01-29 20:02:41,8.83
2026-01-29 20:02:42,8.83
2026-01-29 20:02:43,8.83
2026-01-29 20:02:44,8.88
2026-01-29 20:02:45,8.88
2026-01-29 20:02:46,8.88
2026-01-29 20:02:47,8.88
2026-01-29 20:02:48,8.88
2026-01-29 20:02:49,9.17
2026-01-29 20:02:50,9.17
2026-01-29 20:02:51,9.17
2026-01-29 20:02:52,9.17
2026-01-29 20:02:53,9.17
2026-01-29 20:02:54,8.95
2026-01-29 20:02:55,8.95
2026-01-29 20:02:56,8.95
2026-01-29 20:02:57,8.95
2026-01-29 20:02:58,8.95
2026-01-29 20:02:59,8.88
2026-01-29 20:03:00,8.88
2026-01-29 20:03:01,8.88
2026-01-29 20:03:02,8.88
2026-01-29 20:03:03,8.88
2026-01-29 20:03:04,9.48
2026-01-29 20:03:05,9.48
2026-01-29 20:03:06,9.48
2026-01-29 20:03:07,9.48
2026-01-29 20:03:08,9.48
2026-01-29 20:03:09,9.02
2026-01-29 20:03:10,9.02
2026-01-29 20:03:11,9.02
2026-01-29 20:03:12,9.02
2026-01-29 20:03:13,9.02
2026-01-29 20:03:14,8.86
2026-01-29 20:03:15,8.86
2026-01-29 20:03:16,8.86
2026-01-29 20:03:17,8.86
2026-01-29 20:03:18,8.86
2026-01-29 20:03:19,9.72
2026-01-29 20:03:20,9.72
2026-01-29 20:03:21,9.72
2026-01-29 20:03:22,9.72
2026-01-29 20:03:23,9.72
2026-01-29 20:03:24,9.84
2026-01-29 20:03:25,9.84
2026-01-29 20:03:26,9.84
2026-01-29 20:03:27,9.84
2026-01-29 20:03:28,9.84
2026-01-29 20:03:29,9.84
2026-01-29 20:03:30,9.84
2026-01-29 20:03:31,9.84
2026-01-29 20:03:32,9.84
2026-01-29 20:03:33,9.84
2026-01-29 20:03:34,10.1
2026-01-29 20:03:35,10.1
2026-01-29 20:03:36,10.1
2026-01-29 20:03:37,10.1
2026-01-29 20:03:38,10.1
2026-01-29 20:03:39,8.74
2026-01-29 20:03:40,8.74
2026-01-29 20:03:41,8.74
2026-01-29 20:03:42,8.74
2026-01-29 20:03:43,8.74
2026-01-29 20:03:44,8.73
2026-01-29 20:03:45,8.73
2026-01-29 20:03:46,8.73
2026-01-29 20:03:47,8.73
2026-01-29 20:03:48,8.73
2026-01-29 20:03:49,10.8
2026-01-29 20:03:50,10.8
2026-01-29 20:03:51,10.8
2026-01-29 20:03:52,10.8
2026-01-29 20:03:53,10.8
2026-01-29 20:03:54,7.51
2026-01-29 20:03:55,7.51
2026-01-29 20:03:56,7.51
2026-01-29 20:03:57,7.51
2026-01-29 20:03:58,7.51
2026-01-29 20:03:59,7.55
2026-01-29 20:04:00,7.55
2026-01-29 20:04:01,7.55
2026-01-29 20:04:02,7.55
2026-01-29 20:04:03,7.55
2026-01-29 20:04:04,8.52
2026-01-29 20:04:05,8.52
2026-01-29 20:04:06,8.52
2026-01-29 20:04:07,8.52
2026-01-29 20:04:08,8.52
2026-01-29 20:04:09,7.73
2026-01-29 20:04:10,7.73
2026-01-29 20:04:11,7.73
2026-01-29 20:04:12,7.73
2026-01-29 20:04:13,7.73
2026-01-29 20:04:14,7.55
2026-01-29 20:04:15,7.55
2026-01-29 20:04:16,7.55
2026-01-29 20:04:17,7.55
2026-01-29 20:04:18,7.55
2026-01-29 20:04:19,7.78
2026-01-29 20:04:20,7.78
2026-01-29 20:04:21,7.78
2026-01-29 20:04:22,7.78
2026-01-29 20:04:23,7.78
2026-01-29 20:04:24,7.67
2026-01-29 20:04:25,7.67
2026-01-29 20:04:26,7.67
2026-01-29 20:04:27,7.67
2026-01-29 20:04:28,7.67
2026-01-29 20:04:29,7.70
2026-01-29 20:04:30,7.70
2026-01-29 20:04:31,7.70
2026-01-29 20:04:32,7.70
2026-01-29 20:04:33,7.70
2026-01-29 20:04:34,7.66
2026-01-29 20:04:35,7.66
2026-01-29 20:04:36,7.66
2026-01-29 20:04:37,7.66
2026-01-29 20:04:38,7.66
2026-01-29 20:04:39,8.08
2026-01-29 20:04:40,8.08
2026-01-29 20:04:41,8.08
2026-01-29 20:04:42,8.08
2026-01-29 20:04:43,8.08
2026-01-29 20:04:44,6.63
2026-01-29 20:04:45,6.63
2026-01-29 20:04:46,6.63
2026-01-29 20:04:47,6.63
2026-01-29 20:04:48,6.63
2026-01-29 20:04:49,6.77
2026-01-29 20:04:50,6.77
2026-01-29 20:04:51,6.77
2026-01-29 20:04:52,6.77
2026-01-29 20:04:53,6.77
2026-01-29 20:04:54,6.67
2026-01-29 20:04:55,6.67
2026-01-29 20:04:56,6.67
2026-01-29 20:04:57,6.67
2026-01-29 20:04:58,6.67
2026-01-29 20:04:59,6.61
2026-01-29 20:05:00,6.61
2026-01-29 20:05:01,6.61
2026-01-29 20:05:02,6.61
2026-01-29 20:05:03,6.61
2026-01-29 20:05:04,7.36
2026-01-29 20:05:05,7.36
2026-01-29 20:05:06,7.36
2026-01-29 20:05:07,7.36
2026-01-29 20:05:08,7.36
2026-01-29 20:05:09,6.79
2026-01-29 20:05:10,6.79
2026-01-29 20:05:11,6.79
2026-01-29 20:05:12,6.79
2026-01-29 20:05:13,6.79
2026-01-29 20:05:14,6.67
2026-01-29 20:05:15,6.67
2026-01-29 20:05:16,6.67
2026-01-29 20:05:17,6.67
2026-01-29 20:05:18,6.67
2026-01-29 20:05:19,6.67
2026-01-29 20:05:20,6.67
2026-01-29 20:05:21,6.67
2026-01-29 20:05:22,6.67
2026-01-29 20:05:23,6.67
2026-01-29 20:05:24,6.81
2026-01-29 20:05:25,6.81
2026-01-29 20:05:26,6.81
2026-01-29 20:05:27,6.81
2026-01-29 20:05:28,6.81
2026-01-29 20:05:29,6.65
2026-01-29 20:05:30,6.65
2026-01-29 20:05:31,6.65
2026-01-29 20:05:32,6.65
2026-01-29 20:05:33,6.65
2026-01-29 20:05:34,6.74
2026-01-29 20:05:35,6.74
2026-01-29 20:05:36,6.74
2026-01-29 20:05:37,6.74
2026-01-29 20:05:38,6.74
2026-01-29 20:05:39,6.65
2026-01-29 20:05:40,6.65
2026-01-29 20:05:41,6.65
2026-01-29 20:05:42,6.65
2026-01-29 20:05:43,6.65
2026-01-29 20:05:44,8.22
2026-01-29 20:05:45,8.22
2026-01-29 20:05:46,8.22
2026-01-29 20:05:47,8.22
2026-01-29 20:05:48,8.22
2026-01-29 20:05:49,5.52
2026-01-29 20:05:50,5.52
2026-01-29 20:05:51,5.52
2026-01-29 20:05:52,5.52
2026-01-29 20:05:53,5.52
2026-01-29 20:05:54,5.39
2026-01-29 20:05:55,5.39
2026-01-29 20:05:56,5.39
2026-01-29 20:05:57,5.39
2026-01-29 20:05:58,5.39
2026-01-29 20:05:59,5.39
2026-01-29 20:06:00,5.39
2026-01-29 20:06:01,5.39
2026-01-29 20:06:02,5.39
2026-01-29 20:06:03,5.39
2026-01-29 20:06:04,6.05
2026-01-29 20:06:05,6.05
2026-01-29 20:06:06,6.05
2026-01-29 20:06:07,6.05
2026-01-29 20:06:08,6.05
2026-01-29 20:06:09,5.72
2026-01-29 20:06:10,5.72
2026-01-29 20:06:11,5.72
2026-01-29 20:06:12,5.72
2026-01-29 20:06:13,5.72
2026-01-29 20:06:14,5.27
2026-01-29 20:06:15,5.27
2026-01-29 20:06:16,5.27
2026-01-29 20:06:17,5.27
2026-01-29 20:06:18,5.27
2026-01-29 20:06:19,5.43
2026-01-29 20:06:20,5.43
2026-01-29 20:06:21,5.43
2026-01-29 20:06:22,5.43
2026-01-29 20:06:23,5.43
2026-01-29 20:06:24,7.58
2026-01-29 20:06:25,7.58
2026-01-29 20:06:26,7.58
2026-01-29 20:06:27,7.58
2026-01-29 20:06:28,7.58
2026-01-29 20:06:29,4.36
2026-01-29 20:06:30,4.36
2026-01-29 20:06:31,4.36
2026-01-29 20:06:32,4.36
2026-01-29 20:06:33,4.36
2026-01-29 20:06:34,4.26
2026-01-29 20:06:35,4.26
2026-01-29 20:06:36,4.26
2026-01-29 20:06:37,4.26
2026-01-29 20:06:38,4.26
2026-01-29 20:06:39,4.32
2026-01-29 20:06:40,4.32
2026-01-29 20:06:41,4.32
2026-01-29 20:06:42,4.32
2026-01-29 20:06:43,4.32
2026-01-29 20:06:44,4.23
2026-01-29 20:06:45,4.23
2026-01-29 20:06:46,4.23
2026-01-29 20:06:47,4.23
2026-01-29 20:06:48,4.23
2026-01-29 20:06:49,4.20
2026-01-29 20:06:50,4.20
2026-01-29 20:06:51,4.20
2026-01-29 20:06:52,4.20
2026-01-29 20:06:53,4.20
2026-01-29 20:06:54,4.24
2026-01-29 20:06:55,4.24
2026-01-29 20:06:56,4.24
2026-01-29 20:06:57,4.24
2026-01-29 20:06:58,4.24
2026-01-29 20:06:59,4.24
2026-01-29 20:07:00,4.24
2026-01-29 20:07:01,4.24
2026-01-29 20:07:02,4.24
2026-01-29 20:07:03,4.24
2026-01-29 20:07:04,0
2026-01-29 20:07:05,0
2026-01-29 20:07:06,0
2026-01-29 20:07:07,0
2026-01-29 20:07:08,0
2026-01-29 20:07:09,0
2026-01-29 20:07:10,0
2026-01-29 20:07:11,0
2026-01-29 20:07:12,0
2026-01-29 20:07:13,0
2026-01-29 20:07:14,0
2026-01-29 20:07:15,0
2026-01-29 20:07:16,0
2026-01-29 20:07:17,0
2026-01-29 20:07:18,0
2026-01-29 20:07:19,0
2026-01-29 20:07:20,0
2026-01-29 20:07:21,0
2026-01-29 20:07:22,0
2026-01-29 20:07:23,0
2026-01-29 20:07:24,0
2026-01-29 20:07:25,0
2026-01-29 20:07:26,0
2026-01-29 20:07:27,0
2026-01-29 20:07:28,0
2026-01-29 20:07:29,0
2026-01-29 20:07:30,0
2026-01-29 20:07:31,0
2026-01-29 20:07:32,0
2026-01-29 20:07:33,0
2026-01-29 20:07:34,0
2026-01-29 20:07:35,0
2026-01-29 20:07:36,0
2026-01-29 20:07:37,0
2026-01-29 20:07:38,0
2026-01-29 20:07:39,0
2026-01-29 20:07:40,0
2026-01-29 20:07:41,0
2026-01-29 20:07:42,0
2026-01-29 20:07:43,0
2026-01-29 20:07:44,0
2026-01-29 20:07:45,0
2026-01-29 20:07:46,0
2026-01-29 20:07:47,0
2026-01-29 20:07:48,0
2026-01-29 20:07:49,0
2026-01-29 20:07:50,0
2026-01-29 20:07:51,0
2026-01-29 20:07:52,0
2026-01-29 20:07:53,0
2026-01-29 20:07:54,0
2026-01-29 20:07:55,0
2026-01-29 20:07:56,0
2026-01-29 20:07:57,0
2026-01-29 20:07:58,0
2026-01-29 20:07:59,0
2026-01-29 20:08:00,0
2026-01-29 20:08:01,0
2026-01-29 20:08:02,0
2026-01-29 20:08:03,0
2026-01-29 20:08:04,0
2026-01-29 20:08:05,0
2026-01-29 20:08:06,0
2026-01-29 20:08:07,0
2026-01-29 20:08:08,0
2026-01-29 20:08:09,0
2026-01-29 20:08:10,0
2026-01-29 20:08:11,0
2026-01-29 20:08:12,0
2026-01-29 20:08:13,0
2026-01-29 20:08:14,0
2026-01-29 20:08:15,0
2026-01-29 20:08:16,0
2026-01-29 20:08:17,0
2026-01-29 20:08:18,0
2026-01-29 20:08:19,0
2026-01-29 20:08:20,0
2026-01-29 20:08:21,0
2026-01-29 20:08:22,0
2026-01-29 20:08:23,0
2026-01-29 20:08:24,0
2026-01-29 20:08:25,0
2026-01-29 20:08:26,0
2026-01-29 20:08:27,0
2026-01-29 20:08:28,0
2026-01-29 20:08:29,0
2026-01-29 20:08:30,0
2026-01-29 20:08:31,0
2026-01-29 20:08:32,0
2026-01-29 20:08:33,0
2026-01-29 20:08:34,0
2026-01-29 20:08:35,0
2026-01-29 20:08:36,0
2026-01-29 20:08:37,0
2026-01-29 20:08:38,0
2026-01-29 20:10:04,6.21
2026-01-29 20:10:05,6.21
2026-01-29 20:10:06,6.21
2026-01-29 20:10:07,6.21
2026-01-29 20:10:08,6.21
2026-01-29 20:10:09,9.92
2026-01-29 20:10:10,9.92
2026-01-29 20:10:11,9.92
2026-01-29 20:10:12,9.92
2026-01-29 20:10:13,9.92
2026-01-29 20:10:14,8.87
2026-01-29 20:10:15,8.87
2026-01-29 20:10:16,8.87
2026-01-29 20:10:17,8.87
2026-01-29 20:10:18,8.87
2026-01-29 20:10:19,8.85
2026-01-29 20:10:20,8.85
2026-01-29 20:10:21,8.85
2026-01-29 20:10:22,8.85
2026-01-29 20:10:23,8.85
2026-01-29 20:10:24,8.90
2026-01-29 20:10:25,8.90
2026-01-29 20:10:26,8.90
2026-01-29 20:10:27,8.90
2026-01-29 20:10:28,8.90
2026-01-29 20:10:29,8.80
2026-01-29 20:10:30,8.80
2026-01-29 20:10:31,8.80
2026-01-29 20:10:32,8.80
2026-01-29 20:10:33,8.80
2026-01-29 20:10:34,9.98
2026-01-29 20:10:35,9.98
2026-01-29 20:10:36,9.98
2026-01-29 20:10:37,9.98
2026-01-29 20:10:38,9.98
2026-01-29 20:10:39,10.3
2026-01-29 20:10:40,10.3
2026-01-29 20:10:41,10.3
2026-01-29 20:10:42,10.3
2026-01-29 20:10:43,10.3
2026-01-29 20:10:44,9.83
2026-01-29 20:10:45,9.83
2026-01-29 20:10:46,9.83
2026-01-29 20:10:47,9.83
2026-01-29 20:10:48,9.83
2026-01-29 20:10:49,9.93
2026-01-29 20:10:50,9.93
2026-01-29 20:10:51,9.93
2026-01-29 20:10:52,9.93
2026-01-29 20:10:53,9.93
2026-01-29 20:10:54,9.96
2026-01-29 20:10:55,9.96
2026-01-29 20:10:56,9.96
2026-01-29 20:10:57,9.96
2026-01-29 20:10:58,9.96
2026-01-29 20:10:59,9.98
2026-01-29 20:11:00,9.98
2026-01-29 20:11:01,9.98
2026-01-29 20:11:02,9.98
2026-01-29 20:11:03,9.98
2026-01-29 20:11:04,10.4
2026-01-29 20:11:05,10.4
2026-01-29 20:11:06,10.4
2026-01-29 20:11:07,10.4
2026-01-29 20:11:08,10.4
2026-01-29 20:11:09,10.3
2026-01-29 20:11:10,10.3
2026-01-29 20:11:11,10.3
2026-01-29 20:11:12,10.3
2026-01-29 20:11:13,10.3
2026-01-29 20:11:14,10.1
2026-01-29 20:11:15,10.1
2026-01-29 20:11:16,10.1
2026-01-29 20:11:17,10.1
2026-01-29 20:11:18,10.1
2026-01-29 20:11:19,9.04
2026-01-29 20:11:20,9.04
2026-01-29 20:11:21,9.04
2026-01-29 20:11:22,9.04
2026-01-29 20:11:23,9.04
2026-01-29 20:11:24,10.2
2026-01-29 20:11:25,10.2
2026-01-29 20:11:26,10.2
2026-01-29 20:11:27,10.2
2026-01-29 20:11:28,10.2
2026-01-29 20:11:29,10.7
2026-01-29 20:11:30,10.7
2026-01-29 20:11:31,10.7
2026-01-29 20:11:32,10.7
2026-01-29 20:11:33,10.7
2026-01-29 20:11:34,10.4
2026-01-29 20:11:35,10.4
2026-01-29 20:11:36,10.4
2026-01-29 20:11:37,10.4
2026-01-29 20:11:38,10.4
2026-01-29 20:11:39,10.3
2026-01-29 20:11:40,10.3
2026-01-29 20:11:41,10.3
2026-01-29 20:11:42,10.3
2026-01-29 20:11:43,10.3
2026-01-29 20:11:44,9.83
2026-01-29 20:11:45,9.83
2026-01-29 20:11:46,9.83
2026-01-29 20:11:47,9.83
2026-01-29 20:11:48,9.83
2026-01-29 20:11:49,9.86
2026-01-29 20:11:50,9.86
2026-01-29 20:11:51,9.86
2026-01-29 20:11:52,9.86
2026-01-29 20:11:53,9.86
2026-01-29 20:11:54,9.79
2026-01-29 20:11:55,9.79
2026-01-29 20:11:56,9.79
2026-01-29 20:11:57,9.79
2026-01-29 20:11:58,9.79
2026-01-29 20:11:59,8.71
2026-01-29 20:12:00,8.71
2026-01-29 20:12:01,8.71
2026-01-29 20:12:02,8.71
2026-01-29 20:12:03,8.71
2026-01-29 20:12:04,9.50
2026-01-29 20:12:05,9.50
2026-01-29 20:12:06,9.50
2026-01-29 20:12:07,9.50
2026-01-29 20:12:08,9.50
2026-01-29 20:12:09,8.79
2026-01-29 20:12:10,8.79
2026-01-29 20:12:11,8.79
2026-01-29 20:12:12,8.79
2026-01-29 20:12:13,8.79
2026-01-29 20:12:14,8.81
2026-01-29 20:12:15,8.81
2026-01-29 20:12:16,8.81
2026-01-29 20:12:17,8.81
2026-01-29 20:12:18,8.81
2026-01-29 20:12:19,8.70
2026-01-29 20:12:20,8.70
2026-01-29 20:12:21,8.70
2026-01-29 20:12:22,8.70
2026-01-29 20:12:23,8.70
2026-01-29 20:12:24,8.60
2026-01-29 20:12:25,8.60
2026-01-29 20:12:26,8.60
2026-01-29 20:12:27,8.60
2026-01-29 20:12:28,8.60
2026-01-29 20:12:29,8.71
2026-01-29 20:12:30,8.71
2026-01-29 20:12:31,8.71
2026-01-29 20:12:32,8.71
2026-01-29 20:12:33,8.71
2026-01-29 20:12:34,8.77
2026-01-29 20:12:35,8.77
2026-01-29 20:12:36,8.77
2026-01-29 20:12:37,8.77
2026-01-29 20:12:38,8.77
2026-01-29 20:12:39,8.78
2026-01-29 20:12:40,8.78
2026-01-29 20:12:41,8.78
2026-01-29 20:12:42,8.78
2026-01-29 20:12:43,8.78
2026-01-29 20:12:44,8.68
2026-01-29 20:12:45,8.68
2026-01-29 20:12:46,8.68
2026-01-29 20:12:47,8.68
2026-01-29 20:12:48,8.68
2026-01-29 20:12:49,7.78
2026-01-29 20:12:50,7.78
2026-01-29 20:12:51,7.78
2026-01-29 20:12:52,7.78
2026-01-29 20:12:53,7.78
2026-01-29 20:12:54,7.85
2026-01-29 20:12:55,7.85
2026-01-29 20:12:56,7.85
2026-01-29 20:12:57,7.85
2026-01-29 20:12:58,7.85
2026-01-29 20:12:59,7.69
2026-01-29 20:13:00,7.69
2026-01-29 20:13:01,7.69
2026-01-29 20:13:02,7.69
2026-01-29 20:13:03,7.69
2026-01-29 20:13:04,8.13
2026-01-29 20:13:05,8.13
2026-01-29 20:13:06,8.13
2026-01-29 20:13:07,8.13
2026-01-29 20:13:08,8.13
2026-01-29 20:13:09,7.98
2026-01-29 20:13:10,7.98
2026-01-29 20:13:11,7.98
2026-01-29 20:13:12,7.98
2026-01-29 20:13:13,7.98
2026-01-29 20:13:14,7.77
2026-01-29 20:13:15,7.77
2026-01-29 20:13:16,7.77
2026-01-29 20:13:17,7.77
2026-01-29 20:13:18,7.77
2026-01-29 20:13:19,7.75
2026-01-29 20:13:20,7.75
2026-01-29 20:13:21,7.75
2026-01-29 20:13:22,7.75
2026-01-29 20:13:23,7.75
2026-01-29 20:13:24,7.95
2026-01-29 20:13:25,7.95
2026-01-29 20:13:26,7.95
2026-01-29 20:13:27,7.95
2026-01-29 20:13:28,7.95
2026-01-29 20:13:29,7.81
2026-01-29 20:13:30,7.81
2026-01-29 20:13:31,7.81
2026-01-29 20:13:32,7.81
2026-01-29 20:13:33,7.81
2026-01-29 20:13:34,7.80
2026-01-29 20:13:35,7.80
2026-01-29 20:13:36,7.80
2026-01-29 20:13:37,7.80
2026-01-29 20:13:38,7.80
2026-01-29 20:13:39,7.77
2026-01-29 20:13:40,7.77
2026-01-29 20:13:41,7.77
2026-01-29 20:13:42,7.77
2026-01-29 20:13:43,7.77
2026-01-29 20:13:44,7.84
2026-01-29 20:13:45,7.84
2026-01-29 20:13:46,7.84
2026-01-29 20:13:47,7.84
2026-01-29 20:13:48,7.84
2026-01-29 20:13:49,8.03
2026-01-29 20:13:50,8.03
2026-01-29 20:13:51,8.03
2026-01-29 20:13:52,8.03
2026-01-29 20:13:53,8.03
2026-01-29 20:13:54,6.60
2026-01-29 20:13:55,6.60
2026-01-29 20:13:56,6.60
2026-01-29 20:13:57,6.60
2026-01-29 20:13:58,6.60
2026-01-29 20:13:59,6.66
2026-01-29 20:14:00,6.66
2026-01-29 20:14:01,6.66
2026-01-29 20:14:02,6.66
2026-01-29 20:14:03,6.66
2026-01-29 20:14:04,7.34
2026-01-29 20:14:05,7.34
2026-01-29 20:14:06,7.34
2026-01-29 20:14:07,7.34
2026-01-29 20:14:08,7.34
2026-01-29 20:14:09,6.78
2026-01-29 20:14:10,6.78
2026-01-29 20:14:11,6.78
2026-01-29 20:14:12,6.78
2026-01-29 20:14:13,6.78
2026-01-29 20:14:14,6.69
2026-01-29 20:14:15,6.69
2026-01-29 20:14:16,6.69
2026-01-29 20:14:17,6.69
2026-01-29 20:14:18,6.69
2026-01-29 20:14:19,6.84
2026-01-29 20:14:20,6.84
2026-01-29 20:14:21,6.84
2026-01-29 20:14:22,6.84
2026-01-29 20:14:23,6.84
2026-01-29 20:14:24,6.64
2026-01-29 20:14:25,6.64
2026-01-29 20:14:26,6.64
2026-01-29 20:14:27,6.64
2026-01-29 20:14:28,6.64
2026-01-29 20:14:29,6.66
2026-01-29 20:14:30,6.66
2026-01-29 20:14:31,6.66
2026-01-29 20:14:32,6.66
2026-01-29 20:14:33,6.66
2026-01-29 20:14:34,6.76
2026-01-29 20:14:35,6.76
2026-01-29 20:14:36,6.76
2026-01-29 20:14:37,6.76
2026-01-29 20:14:38,6.76
2026-01-29 20:14:39,6.70
2026-01-29 20:14:40,6.70
2026-01-29 20:14:41,6.70
2026-01-29 20:14:42,6.70
2026-01-29 20:14:43,6.70
2026-01-29 20:14:44,6.65
2026-01-29 20:14:45,6.65
2026-01-29 20:14:46,6.65
2026-01-29 20:14:47,6.65
2026-01-29 20:14:48,6.65
2026-01-29 20:14:49,6.67
2026-01-29 20:14:50,6.67
2026-01-29 20:14:51,6.67
2026-01-29 20:14:52,6.67
2026-01-29 20:14:53,6.67
2026-01-29 20:14:54,6.65
2026-01-29 20:14:55,6.65
2026-01-29 20:14:56,6.65
2026-01-29 20:14:57,6.65
2026-01-29 20:14:58,6.65
2026-01-29 20:14:59,7.03
2026-01-29 20:15:00,7.03
2026-01-29 20:15:01,7.03
2026-01-29 20:15:02,7.03
2026-01-29 20:15:03,7.03
2026-01-29 20:15:04,7.50
2026-01-29 20:15:05,7.50
2026-01-29 20:15:06,7.50
2026-01-29 20:15:07,7.50
2026-01-29 20:15:08,7.50
2026-01-29 20:15:09,7.39
2026-01-29 20:15:10,7.39
2026-01-29 20:15:11,7.39
2026-01-29 20:15:12,7.39
2026-01-29 20:15:13,7.39
2026-01-29 20:15:14,7.63
2026-01-29 20:15:15,7.63
2026-01-29 20:15:16,7.63
2026-01-29 20:15:17,7.63
2026-01-29 20:15:18,7.63
2026-01-29 20:15:19,8.02
2026-01-29 20:15:20,8.02
2026-01-29 20:15:21,8.02
2026-01-29 20:15:22,8.02
2026-01-29 20:15:23,8.02
2026-01-29 20:15:24,6.63
2026-01-29 20:15:25,6.63
2026-01-29 20:15:26,6.63
2026-01-29 20:15:27,6.63
2026-01-29 20:15:28,6.63
2026-01-29 20:15:29,6.76
2026-01-29 20:15:30,6.76
2026-01-29 20:15:31,6.76
2026-01-29 20:15:32,6.76
2026-01-29 20:15:33,6.76
2026-01-29 20:15:34,6.77
2026-01-29 20:15:35,6.77
2026-01-29 20:15:36,6.77
2026-01-29 20:15:37,6.77
2026-01-29 20:15:38,6.77
2026-01-29 20:15:39,6.66
2026-01-29 20:15:40,6.66
2026-01-29 20:15:41,6.66
2026-01-29 20:15:42,6.66
2026-01-29 20:15:43,6.66
2026-01-29 20:15:44,6.71
2026-01-29 20:15:45,6.71
2026-01-29 20:15:46,6.71
2026-01-29 20:15:47,6.71
2026-01-29 20:15:48,6.71
2026-01-29 20:15:49,6.67
2026-01-29 20:15:50,6.67
2026-01-29 20:15:51,6.67
2026-01-29 20:15:52,6.67
2026-01-29 20:15:53,6.67
2026-01-29 20:15:54,6.59
2026-01-29 20:15:55,6.59
2026-01-29 20:15:56,6.59
2026-01-29 20:15:57,6.59
2026-01-29 20:15:58,6.59
2026-01-29 20:15:59,6.64
2026-01-29 20:16:00,6.64
2026-01-29 20:16:01,6.64
2026-01-29 20:16:02,6.64
2026-01-29 20:16:03,6.64
2026-01-29 20:16:04,7.46
2026-01-29 20:16:05,7.46
2026-01-29 20:16:06,7.46
2026-01-29 20:16:07,7.46
2026-01-29 20:16:08,7.46
2026-01-29 20:16:09,6.80
2026-01-29 20:16:10,6.80
2026-01-29 20:16:11,6.80
2026-01-29 20:16:12,6.80
2026-01-29 20:16:13,6.80
2026-01-29 20:16:14,6.68
2026-01-29 20:16:15,6.68
2026-01-29 20:16:16,6.68
2026-01-29 20:16:17,6.68
2026-01-29 20:16:18,6.68
2026-01-29 20:16:19,6.71
2026-01-29 20:16:20,6.71
2026-01-29 20:16:21,6.71
2026-01-29 20:16:22,6.71
2026-01-29 20:16:23,6.71
2026-01-29 20:16:24,6.79
2026-01-29 20:16:25,6.79
2026-01-29 20:16:26,6.79
2026-01-29 20:16:27,6.79
2026-01-29 20:16:28,6.79
2026-01-29 20:16:29,6.69
2026-01-29 20:16:30,6.69
2026-01-29 20:16:31,6.69
2026-01-29 20:16:32,6.69
2026-01-29 20:16:33,6.69
2026-01-29 20:16:34,6.86
2026-01-29 20:16:35,6.86
2026-01-29 20:16:36,6.86
2026-01-29 20:16:37,6.86
2026-01-29 20:16:38,6.86
2026-01-29 20:16:39,6.70
2026-01-29 20:16:40,6.70
2026-01-29 20:16:41,6.70
2026-01-29 20:16:42,6.70
2026-01-29 20:16:43,6.70
2026-01-29 20:16:44,6.66
2026-01-29 20:16:45,6.66
2026-01-29 20:16:46,6.66
2026-01-29 20:16:47,6.66
2026-01-29 20:16:48,6.66
2026-01-29 20:16:49,6.83
2026-01-29 20:16:50,6.83
2026-01-29 20:16:51,6.83
2026-01-29 20:16:52,6.83
2026-01-29 20:16:53,6.83
2026-01-29 20:16:54,6.63
2026-01-29 20:16:55,6.63
2026-01-29 20:16:56,6.63
2026-01-29 20:16:57,6.63
2026-01-29 20:16:58,6.63
2026-01-29 20:16:59,6.59
2026-01-29 20:17:00,6.59
2026-01-29 20:17:01,6.59
2026-01-29 20:17:02,6.59
2026-01-29 20:17:03,6.59
2026-01-29 20:17:04,5.76
2026-01-29 20:17:05,5.76
2026-01-29 20:17:06,5.76
2026-01-29 20:17:07,5.76
2026-01-29 20:17:08,5.76
2026-01-29 20:17:09,0
2026-01-29 20:17:10,0
2026-01-29 20:17:11,0
2026-01-29 20:17:12,0
2026-01-29 20:17:13,0
2026-01-29 20:17:14,0
2026-01-29 20:17:15,0
2026-01-29 20:17:16,0
2026-01-29 20:17:17,0
2026-01-29 20:17:18,0
2026-01-29 20:17:19,0
2026-01-29 20:17:20,0
2026-01-29 20:17:21,0
2026-01-29 20:17:22,0
2026-01-29 20:17:23,0
2026-01-29 20:17:24,0
2026-01-29 20:17:25,0
2026-01-29 20:17:26,0
2026-01-29 20:17:27,0
2026-01-29 20:17:28,0
2026-01-29 20:17:29,0
2026-01-29 20:17:30,0
2026-01-29 20:17:31,0
2026-01-29 20:17:32,0
2026-01-29 20:17:33,0
2026-01-29 20:17:34,0
2026-01-29 20:17:35,0
2026-01-29 20:17:36,0
2026-01-29 20:17:37,0
2026-01-29 20:17:38,0
2026-01-29 20:17:39,0
2026-01-29 20:17:40,0
2026-01-29 20:17:41,0
2026-01-29 20:17:42,0
2026-01-29 20:17:43,0
2026-01-29 20:17:44,0
2026-01-29 20:17:45,0
2026-01-29 20:17:46,0
2026-01-29 20:17:47,0
2026-01-29 20:17:48,0
2026-01-29 20:17:49,0
2026-01-29 20:17:50,0
2026-01-29 20:17:51,0
2026-01-29 20:17:52,0
2026-01-29 20:17:53,0
2026-01-29 20:17:54,0
2026-01-29 20:17:55,0
2026-01-29 20:17:56,0
2026-01-29 20:17:57,0
2026-01-29 20:17:58,0
2026-01-29 20:17:59,0
2026-01-29 20:18:00,0
2026-01-29 20:18:01,0
2026-01-29 20:18:02,0
2026-01-29 20:18:03,0
2026-01-29 20:18:04,0
2026-01-29 20:18:05,0
2026-01-29 20:18:06,0
2026-01-29 20:18:07,0
2026-01-29 20:18:08,0
2026-01-29 20:18:09,0
2026-01-29 20:18:10,0
2026-01-29 20:18:11,0
2026-01-29 20:18:12,0
2026-01-29 20:18:13,0
2026-01-29 20:18:14,0
2026-01-29 20:18:15,0
2026-01-29 20:18:16,0
2026-01-29 20:18:17,0
2026-01-29 20:18:18,0
2026-01-29 20:18:19,0
2026-01-29 20:18:20,0
2026-01-29 20:18:21,0
2026-01-29 20:18:22,0
2026-01-29 20:18:23,0
2026-01-29 20:18:24,0
2026-01-29 20:18:25,0
2026-01-29 20:18:26,0
2026-01-29 20:18:27,0
2026-01-29 20:18:28,0
2026-01-29 20:18:29,0
2026-01-29 20:18:30,0
2026-01-29 20:18:31,0
2026-01-29 20:18:32,0
2026-01-29 20:18:33,0
2026-01-29 20:18:34,0
2026-01-29 20:18:35,0
2026-01-29 20:18:36,0
2026-01-29 20:18:37,0
2026-01-29 20:18:38,0
2026-01-29 20:18:39,0
2026-01-29 20:18:40,0
2026-01-29 20:18:41,0
2026-01-29 20:18:42,0
2026-01-29 20:18:43,0
2026-01-29 20:18:54,9.77
2026-01-29 20:18:55,9.77
2026-01-29 20:18:56,9.77
2026-01-29 20:18:57,9.77
2026-01-29 20:18:58,9.77
2026-01-29 20:18:59,8.85
2026-01-29 20:19:00,8.85
2026-01-29 20:19:01,8.85
2026-01-29 20:19:02,8.85
2026-01-29 20:19:03,8.85
2026-01-29 20:19:04,9.20
2026-01-29 20:19:05,9.20
2026-01-29 20:19:06,9.20
2026-01-29 20:19:07,9.20
2026-01-29 20:19:08,9.20
2026-01-29 20:19:09,9.37
2026-01-29 20:19:10,9.37
2026-01-29 20:19:11,9.37
2026-01-29 20:19:12,9.37
2026-01-29 20:19:13,9.37
2026-01-29 20:19:14,8.82
2026-01-29 20:19:15,8.82
2026-01-29 20:19:16,8.82
2026-01-29 20:19:17,8.82
2026-01-29 20:19:18,8.82
2026-01-29 20:19:19,8.85
2026-01-29 20:19:20,8.85
2026-01-29 20:19:21,8.85
2026-01-29 20:19:22,8.85
2026-01-29 20:19:23,8.85
2026-01-29 20:19:24,8.79
2026-01-29 20:19:25,8.79
2026-01-29 20:19:26,8.79
2026-01-29 20:19:27,8.79
2026-01-29 20:19:28,8.79
2026-01-29 20:19:29,8.89
2026-01-29 20:19:30,8.89
2026-01-29 20:19:31,8.89
2026-01-29 20:19:32,8.89
2026-01-29 20:19:33,8.89
2026-01-29 20:19:34,10.5
2026-01-29 20:19:35,10.5
2026-01-29 20:19:36,10.5
2026-01-29 20:19:37,10.5
2026-01-29 20:19:38,10.5
2026-01-29 20:19:39,10.1
2026-01-29 20:19:40,10.1
2026-01-29 20:19:41,10.1
2026-01-29 20:19:42,10.1
2026-01-29 20:19:43,10.1
2026-01-29 20:19:44,9.68
2026-01-29 20:19:45,9.68
2026-01-29 20:19:46,9.68
2026-01-29 20:19:47,9.68
2026-01-29 20:19:48,9.68
2026-01-29 20:19:49,9.80
2026-01-29 20:19:50,9.80
2026-01-29 20:19:51,9.80
2026-01-29 20:19:52,9.80
2026-01-29 20:19:53,9.80
2026-01-29 20:19:54,9.81
2026-01-29 20:19:55,9.81
2026-01-29 20:19:56,9.81
2026-01-29 20:19:57,9.81
2026-01-29 20:19:58,9.81
2026-01-29 20:19:59,9.71
2026-01-29 20:20:00,9.71
2026-01-29 20:20:01,9.71
2026-01-29 20:20:02,9.71
2026-01-29 20:20:03,9.71
2026-01-29 20:20:04,9.86
2026-01-29 20:20:05,9.86
2026-01-29 20:20:06,9.86
2026-01-29 20:20:07,9.86
2026-01-29 20:20:08,9.86
2026-01-29 20:20:09,10.1
2026-01-29 20:20:10,10.1
2026-01-29 20:20:11,10.1
2026-01-29 20:20:12,10.1
2026-01-29 20:20:13,10.1
2026-01-29 20:20:14,9.86
2026-01-29 20:20:15,9.86
2026-01-29 20:20:16,9.86
2026-01-29 20:20:17,9.86
2026-01-29 20:20:18,9.86
2026-01-29 20:20:19,9.33
2026-01-29 20:20:20,9.33
2026-01-29 20:20:21,9.33
2026-01-29 20:20:22,9.33
2026-01-29 20:20:23,9.33
2026-01-29 20:20:24,10.1
2026-01-29 20:20:25,10.1
2026-01-29 20:20:26,10.1
2026-01-29 20:20:27,10.1
2026-01-29 20:20:28,10.1
2026-01-29 20:20:29,10.3
2026-01-29 20:20:30,10.3
2026-01-29 20:20:31,10.3
2026-01-29 20:20:32,10.3
2026-01-29 20:20:33,10.3
2026-01-29 20:20:34,9.75
2026-01-29 20:20:35,9.75
2026-01-29 20:20:36,9.75
2026-01-29 20:20:37,9.75
2026-01-29 20:20:38,9.75
2026-01-29 20:20:39,9.71
2026-01-29 20:20:40,9.71
2026-01-29 20:20:41,9.71
2026-01-29 20:20:42,9.71
2026-01-29 20:20:43,9.71
2026-01-29 20:20:44,9.77
2026-01-29 20:20:45,9.77
2026-01-29 20:20:46,9.77
2026-01-29 20:20:47,9.77
2026-01-29 20:20:48,9.77
2026-01-29 20:20:49,9.75
2026-01-29 20:20:50,9.75
2026-01-29 20:20:51,9.75
2026-01-29 20:20:52,9.75
2026-01-29 20:20:53,9.75
2026-01-29 20:20:54,9.46
2026-01-29 20:20:55,9.46
2026-01-29 20:20:56,9.46
2026-01-29 20:20:57,9.46
2026-01-29 20:20:58,9.46
2026-01-29 20:20:59,8.86
2026-01-29 20:21:00,8.86
2026-01-29 20:21:01,8.86
2026-01-29 20:21:02,8.86
2026-01-29 20:21:03,8.86
2026-01-29 20:21:04,8.98
2026-01-29 20:21:05,8.98
2026-01-29 20:21:06,8.98
2026-01-29 20:21:07,8.98
2026-01-29 20:21:08,8.98
2026-01-29 20:21:09,9.24
2026-01-29 20:21:10,9.24
2026-01-29 20:21:11,9.24
2026-01-29 20:21:12,9.24
2026-01-29 20:21:13,9.24
2026-01-29 20:21:14,8.72
2026-01-29 20:21:15,8.72
2026-01-29 20:21:16,8.72
2026-01-29 20:21:17,8.72
2026-01-29 20:21:18,8.72
2026-01-29 20:21:19,8.90
2026-01-29 20:21:20,8.90
2026-01-29 20:21:21,8.90
2026-01-29 20:21:22,8.90
2026-01-29 20:21:23,8.90
2026-01-29 20:21:24,8.66
2026-01-29 20:21:25,8.66
2026-01-29 20:21:26,8.66
2026-01-29 20:21:27,8.66
2026-01-29 20:21:28,8.66
2026-01-29 20:21:29,7.85
2026-01-29 20:21:30,7.85
2026-01-29 20:21:31,7.85
2026-01-29 20:21:32,7.85
2026-01-29 20:21:33,7.85
2026-01-29 20:21:34,7.76
2026-01-29 20:21:35,7.76
2026-01-29 20:21:36,7.76
2026-01-29 20:21:37,7.76
2026-01-29 20:21:38,7.76
2026-01-29 20:21:39,7.59
2026-01-29 20:21:40,7.59
2026-01-29 20:21:41,7.59
2026-01-29 20:21:42,7.59
2026-01-29 20:21:43,7.59
2026-01-29 20:21:44,7.98
2026-01-29 20:21:45,7.98
2026-01-29 20:21:46,7.98
2026-01-29 20:21:47,7.98
2026-01-29 20:21:48,7.98
2026-01-29 20:21:49,7.81
2026-01-29 20:21:50,7.81
2026-01-29 20:21:51,7.81
2026-01-29 20:21:52,7.81
2026-01-29 20:21:53,7.81
2026-01-29 20:21:54,7.80
2026-01-29 20:21:55,7.80
2026-01-29 20:21:56,7.80
2026-01-29 20:21:57,7.80
2026-01-29 20:21:58,7.80
2026-01-29 20:21:59,7.01
2026-01-29 20:22:00,7.01
2026-01-29 20:22:01,7.01
2026-01-29 20:22:02,7.01
2026-01-29 20:22:03,7.01
2026-01-29 20:22:04,7.87
2026-01-29 20:22:05,7.87
2026-01-29 20:22:06,7.87
2026-01-29 20:22:07,7.87
2026-01-29 20:22:08,7.87
2026-01-29 20:22:09,8.73
2026-01-29 20:22:10,8.73
2026-01-29 20:22:11,8.73
2026-01-29 20:22:12,8.73
2026-01-29 20:22:13,8.73
2026-01-29 20:22:14,9.78
2026-01-29 20:22:15,9.78
2026-01-29 20:22:16,9.78
2026-01-29 20:22:17,9.78
2026-01-29 20:22:18,9.78
2026-01-29 20:22:19,8.14
2026-01-29 20:22:20,8.14
2026-01-29 20:22:21,8.14
2026-01-29 20:22:22,8.14
2026-01-29 20:22:23,8.14
2026-01-29 20:22:24,7.86
2026-01-29 20:22:25,7.86
2026-01-29 20:22:26,7.86
2026-01-29 20:22:27,7.86
2026-01-29 20:22:28,7.86
2026-01-29 20:22:29,7.88
2026-01-29 20:22:30,7.88
2026-01-29 20:22:31,7.88
2026-01-29 20:22:32,7.88
2026-01-29 20:22:33,7.88
2026-01-29 20:22:34,7.82
2026-01-29 20:22:35,7.82
2026-01-29 20:22:36,7.82
2026-01-29 20:22:37,7.82
2026-01-29 20:22:38,7.82
2026-01-29 20:22:39,7.77
2026-01-29 20:22:40,7.77
2026-01-29 20:22:41,7.77
2026-01-29 20:22:42,7.77
2026-01-29 20:22:43,7.77
2026-01-29 20:22:44,7.83
2026-01-29 20:22:45,7.83
2026-01-29 20:22:46,7.83
2026-01-29 20:22:47,7.83
2026-01-29 20:22:48,7.83
2026-01-29 20:22:49,7.81
2026-01-29 20:22:50,7.81
2026-01-29 20:22:51,7.81
2026-01-29 20:22:52,7.81
2026-01-29 20:22:53,7.81
2026-01-29 20:22:54,7.82
2026-01-29 20:22:55,7.82
2026-01-29 20:22:56,7.82
2026-01-29 20:22:57,7.82
2026-01-29 20:22:58,7.82
2026-01-29 20:22:59,7.94
2026-01-29 20:23:00,7.94
2026-01-29 20:23:01,7.94
2026-01-29 20:23:02,7.94
2026-01-29 20:23:03,7.94
2026-01-29 20:23:04,7.82
2026-01-29 20:23:05,7.82
2026-01-29 20:23:06,7.82
2026-01-29 20:23:07,7.82
2026-01-29 20:23:08,7.82
2026-01-29 20:23:09,8.04
2026-01-29 20:23:10,8.04
2026-01-29 20:23:11,8.04
2026-01-29 20:23:12,8.04
2026-01-29 20:23:13,8.04
2026-01-29 20:23:14,7.81
2026-01-29 20:23:15,7.81
2026-01-29 20:23:16,7.81
2026-01-29 20:23:17,7.81
2026-01-29 20:23:18,7.81
2026-01-29 20:23:19,7.83
2026-01-29 20:23:20,7.83
2026-01-29 20:23:21,7.83
2026-01-29 20:23:22,7.83
2026-01-29 20:23:23,7.83
2026-01-29 20:23:24,7.85
2026-01-29 20:23:25,7.85
2026-01-29 20:23:26,7.85
2026-01-29 20:23:27,7.85
2026-01-29 20:23:28,7.85
2026-01-29 20:23:29,7.80
2026-01-29 20:23:30,7.80
2026-01-29 20:23:31,7.80
2026-01-29 20:23:32,7.80
2026-01-29 20:23:33,7.80
2026-01-29 20:23:34,9.96
2026-01-29 20:23:35,9.96
2026-01-29 20:23:36,9.96
2026-01-29 20:23:37,9.96
2026-01-29 20:23:38,9.96
2026-01-29 20:23:39,8.60
2026-01-29 20:23:40,8.60
2026-01-29 20:23:41,8.60
2026-01-29 20:23:42,8.60
2026-01-29 20:23:43,8.60
2026-01-29 20:23:44,6.67
2026-01-29 20:23:45,6.67
2026-01-29 20:23:46,6.67
2026-01-29 20:23:47,6.67
2026-01-29 20:23:48,6.67
2026-01-29 20:23:49,6.80
2026-01-29 20:23:50,6.80
2026-01-29 20:23:51,6.80
2026-01-29 20:23:52,6.80
2026-01-29 20:23:53,6.80
2026-01-29 20:23:54,6.77
2026-01-29 20:23:55,6.77
2026-01-29 20:23:56,6.77
2026-01-29 20:23:57,6.77
2026-01-29 20:23:58,6.77
2026-01-29 20:23:59,6.63
2026-01-29 20:24:00,6.63
2026-01-29 20:24:01,6.63
2026-01-29 20:24:02,6.63
2026-01-29 20:24:03,6.63
2026-01-29 20:24:04,6.71
2026-01-29 20:24:05,6.71
2026-01-29 20:24:06,6.71
2026-01-29 20:24:07,6.71
2026-01-29 20:24:08,6.71
2026-01-29 20:24:09,7.14
2026-01-29 20:24:10,7.14
2026-01-29 20:24:11,7.14
2026-01-29 20:24:12,7.14
2026-01-29 20:24:13,7.14
2026-01-29 20:24:14,6.69
2026-01-29 20:24:15,6.69
2026-01-29 20:24:16,6.69
2026-01-29 20:24:17,6.69
2026-01-29 20:24:18,6.69
2026-01-29 20:24:19,6.71
2026-01-29 20:24:20,6.71
2026-01-29 20:24:21,6.71
2026-01-29 20:24:22,6.71
2026-01-29 20:24:23,6.71
2026-01-29 20:24:24,6.71
2026-01-29 20:24:25,6.71
2026-01-29 20:24:26,6.71
2026-01-29 20:24:27,6.71
2026-01-29 20:24:28,6.71
2026-01-29 20:24:29,9.44
2026-01-29 20:24:30,9.44
2026-01-29 20:24:31,9.44
2026-01-29 20:24:32,9.44
2026-01-29 20:24:33,9.44
2026-01-29 20:24:34,7.50
2026-01-29 20:24:35,7.50
2026-01-29 20:24:36,7.50
2026-01-29 20:24:37,7.50
2026-01-29 20:24:38,7.50
2026-01-29 20:24:39,5.58
2026-01-29 20:24:40,5.58
2026-01-29 20:24:41,5.58
2026-01-29 20:24:42,5.58
2026-01-29 20:24:43,5.58
2026-01-29 20:24:44,5.53
2026-01-29 20:24:45,5.53
2026-01-29 20:24:46,5.53
2026-01-29 20:24:47,5.53
2026-01-29 20:24:48,5.53
2026-01-29 20:24:49,5.53
2026-01-29 20:24:50,5.53
2026-01-29 20:24:51,5.53
2026-01-29 20:24:52,5.53
2026-01-29 20:24:53,5.53
2026-01-29 20:24:54,5.55
2026-01-29 20:24:55,5.55
2026-01-29 20:24:56,5.55
2026-01-29 20:24:57,5.55
2026-01-29 20:24:58,5.55
2026-01-29 20:24:59,5.53
2026-01-29 20:25:00,5.53
2026-01-29 20:25:01,5.53
2026-01-29 20:25:02,5.53
2026-01-29 20:25:03,5.53
2026-01-29 20:25:04,5.52
2026-01-29 20:25:05,5.52
2026-01-29 20:25:06,5.52
2026-01-29 20:25:07,5.52
2026-01-29 20:25:08,5.52
2026-01-29 20:25:09,5.89
2026-01-29 20:25:10,5.89
2026-01-29 20:25:11,5.89
2026-01-29 20:25:12,5.89
2026-01-29 20:25:13,5.89
2026-01-29 20:25:14,5.63
2026-01-29 20:25:15,5.63
2026-01-29 20:25:16,5.63
2026-01-29 20:25:17,5.63
2026-01-29 20:25:18,5.63
2026-01-29 20:25:19,5.62
2026-01-29 20:25:20,5.62
2026-01-29 20:25:21,5.62
2026-01-29 20:25:22,5.62
2026-01-29 20:25:23,5.62
2026-01-29 20:25:24,5.53
2026-01-29 20:25:25,5.53
2026-01-29 20:25:26,5.53
2026-01-29 20:25:27,5.53
2026-01-29 20:25:28,5.53
2026-01-29 20:25:29,5.52
2026-01-29 20:25:30,5.52
2026-01-29 20:25:31,5.52
2026-01-29 20:25:32,5.52
2026-01-29 20:25:33,5.52
2026-01-29 20:25:34,5.57
2026-01-29 20:25:35,5.57
2026-01-29 20:25:36,5.57
2026-01-29 20:25:37,5.57
2026-01-29 20:25:38,5.57
2026-01-29 20:25:39,5.66
2026-01-29 20:25:40,5.66
2026-01-29 20:25:41,5.66
2026-01-29 20:25:42,5.66
2026-01-29 20:25:43,5.66
2026-01-29 20:25:44,5.52
2026-01-29 20:25:45,5.52
2026-01-29 20:25:46,5.52
2026-01-29 20:25:47,5.52
2026-01-29 20:25:48,5.52
2026-01-29 20:25:49,5.52
2026-01-29 20:25:50,5.52
2026-01-29 20:25:51,5.52
2026-01-29 20:25:52,5.52
2026-01-29 20:25:53,5.52
2026-01-29 20:25:54,5.60
2026-01-29 20:25:55,5.60
2026-01-29 20:25:56,5.60
2026-01-29 20:25:57,5.60
2026-01-29 20:25:58,5.60
2026-01-29 20:25:59,0
2026-01-29 20:26:00,0
2026-01-29 20:26:01,0
2026-01-29 20:26:02,0
2026-01-29 20:26:03,0
2026-01-29 20:26:04,0
2026-01-29 20:26:05,0
2026-01-29 20:26:06,0
2026-01-29 20:26:07,0
2026-01-29 20:26:08,0
2026-01-29 20:26:09,0
2026-01-29 20:26:10,0
2026-01-29 20:26:11,0
2026-01-29 20:26:12,0
2026-01-29 20:26:13,0
2026-01-29 20:26:14,0
2026-01-29 20:26:15,0
2026-01-29 20:26:16,0
2026-01-29 20:26:17,0
2026-01-29 20:26:18,0
2026-01-29 20:26:19,0
2026-01-29 20:26:20,0
2026-01-29 20:26:21,0
2026-01-29 20:26:22,0
2026-01-29 20:26:23,0
2026-01-29 20:26:24,0
2026-01-29 20:26:25,0
2026-01-29 20:26:26,0
2026-01-29 20:26:27,0
2026-01-29 20:26:28,0
2026-01-29 20:26:29,0
2026-01-29 20:26:30,0
2026-01-29 20:26:31,0
2026-01-29 20:26:32,0
2026-01-29 20:26:33,0
2026-01-29 20:26:34,0
2026-01-29 20:26:35,0
2026-01-29 20:26:36,0
2026-01-29 20:26:37,0
2026-01-29 20:26:38,0
2026-01-29 20:26:39,0
2026-01-29 20:26:40,0
2026-01-29 20:26:41,0
2026-01-29 20:26:42,0
2026-01-29 20:26:43,0
2026-01-29 20:26:44,0
2026-01-29 20:26:45,0
2026-01-29 20:26:46,0
2026-01-29 20:26:47,0
2026-01-29 20:26:48,0
2026-01-29 20:26:49,0
2026-01-29 20:26:50,0
2026-01-29 20:26:51,0
2026-01-29 20:26:52,0
2026-01-29 20:26:53,0
2026-01-29 20:26:54,0
2026-01-29 20:26:55,0
2026-01-29 20:26:56,0
2026-01-29 20:26:57,0
2026-01-29 20:26:58,0
2026-01-29 20:26:59,0
2026-01-29 20:27:00,0
2026-01-29 20:27:01,0
2026-01-29 20:27:02,0
2026-01-29 20:27:03,0
2026-01-29 20:27:04,0
2026-01-29 20:27:05,0
2026-01-29 20:27:06,0
2026-01-29 20:27:07,0
2026-01-29 20:27:08,0
2026-01-29 20:27:09,0
2026-01-29 20:27:10,0
2026-01-29 20:27:11,0
2026-01-29 20:27:12,0
2026-01-29 20:27:13,0
2026-01-29 20:27:14,0
2026-01-29 20:27:15,0
2026-01-29 20:27:16,0
2026-01-29 20:27:17,0
2026-01-29 20:27:18,0
2026-01-29 20:27:19,0
2026-01-29 20:27:20,0
2026-01-29 20:27:21,0
2026-01-29 20:27:22,0
2026-01-29 20:27:23,0
2026-01-29 20:27:24,0
2026-01-29 20:27:25,0
2026-01-29 20:27:26,0
2026-01-29 20:27:27,0
2026-01-29 20:27:28,0
2026-01-29 20:27:29,0
2026-01-29 20:27:30,0
2026-01-29 20:27:31,0
2026-01-29 20:27:32,0
2026-01-29 20:27:33,0
2026-01-29 20:27:54,5.51
2026-01-29 20:27:55,5.51
2026-01-29 20:27:56,5.51
2026-01-29 20:27:57,5.51
2026-01-29 20:27:58,5.51
2026-01-29 20:27:59,8.16
2026-01-29 20:28:00,8.16
2026-01-29 20:28:01,8.16
2026-01-29 20:28:02,8.16
2026-01-29 20:28:03,8.16
2026-01-29 20:28:04,9.90
2026-01-29 20:28:05,9.90
2026-01-29 20:28:06,9.90
2026-01-29 20:28:07,9.90
2026-01-29 20:28:08,9.90
2026-01-29 20:28:09,10.4
2026-01-29 20:28:10,10.4
2026-01-29 20:28:11,10.4
2026-01-29 20:28:12,10.4
2026-01-29 20:28:13,10.4
2026-01-29 20:28:14,9.65
2026-01-29 20:28:15,9.65
2026-01-29 20:28:16,9.65
2026-01-29 20:28:17,9.65
2026-01-29 20:28:18,9.65
2026-01-29 20:28:19,9.73
2026-01-29 20:28:20,9.73
2026-01-29 20:28:21,9.73
2026-01-29 20:28:22,9.73
2026-01-29 20:28:23,9.73
2026-01-29 20:28:24,9.74
2026-01-29 20:28:25,9.74
2026-01-29 20:28:26,9.74
2026-01-29 20:28:27,9.74
2026-01-29 20:28:28,9.74
2026-01-29 20:28:29,11.1
2026-01-29 20:28:30,11.1
2026-01-29 20:28:31,11.1
2026-01-29 20:28:32,11.1
2026-01-29 20:28:33,11.1
2026-01-29 20:28:34,9.73
2026-01-29 20:28:35,9.73
2026-01-29 20:28:36,9.73
2026-01-29 20:28:37,9.73
2026-01-29 20:28:38,9.73
2026-01-29 20:28:39,8.53
2026-01-29 20:28:40,8.53
2026-01-29 20:28:41,8.53
2026-01-29 20:28:42,8.53
2026-01-29 20:28:43,8.53
2026-01-29 20:28:44,9.87
2026-01-29 20:28:45,9.87
2026-01-29 20:28:46,9.87
2026-01-29 20:28:47,9.87
2026-01-29 20:28:48,9.87
2026-01-29 20:28:49,10.3
2026-01-29 20:28:50,10.3
2026-01-29 20:28:51,10.3
2026-01-29 20:28:52,10.3
2026-01-29 20:28:53,10.3
2026-01-29 20:28:54,6.29
2026-01-29 20:28:55,6.29
2026-01-29 20:28:56,6.29
2026-01-29 20:28:57,6.29
2026-01-29 20:28:58,6.29
2026-01-29 20:28:59,7.25
2026-01-29 20:29:00,7.25
2026-01-29 20:29:01,7.25
2026-01-29 20:29:02,7.25
2026-01-29 20:29:03,7.25
2026-01-29 20:29:04,6.96
2026-01-29 20:29:05,6.96
2026-01-29 20:29:06,6.96
2026-01-29 20:29:07,6.96
2026-01-29 20:29:08,6.96
2026-01-29 20:29:09,8.90
2026-01-29 20:29:10,8.90
2026-01-29 20:29:11,8.90
2026-01-29 20:29:12,8.90
2026-01-29 20:29:13,8.90
2026-01-29 20:29:14,6.45
2026-01-29 20:29:15,6.45
2026-01-29 20:29:16,6.45
2026-01-29 20:29:17,6.45
2026-01-29 20:29:18,6.45
2026-01-29 20:29:19,6.54
2026-01-29 20:29:20,6.54
2026-01-29 20:29:21,6.54
2026-01-29 20:29:22,6.54
2026-01-29 20:29:23,6.54
2026-01-29 20:29:24,6.54
2026-01-29 20:29:25,6.54
2026-01-29 20:29:26,6.54
2026-01-29 20:29:27,6.54
2026-01-29 20:29:28,6.54
2026-01-29 20:29:29,6.47
2026-01-29 20:29:30,6.47
2026-01-29 20:29:31,6.47
2026-01-29 20:29:32,6.47
2026-01-29 20:29:33,6.47
2026-01-29 20:29:34,6.53
2026-01-29 20:29:35,6.53
2026-01-29 20:29:36,6.53
2026-01-29 20:29:37,6.53
2026-01-29 20:29:38,6.53
2026-01-29 20:29:39,6.60
2026-01-29 20:29:40,6.60
2026-01-29 20:29:41,6.60
2026-01-29 20:29:42,6.60
2026-01-29 20:29:43,6.60
2026-01-29 20:29:44,6.46
2026-01-29 20:29:45,6.46
2026-01-29 20:29:46,6.46
2026-01-29 20:29:47,6.46
2026-01-29 20:29:48,6.46
2026-01-29 20:29:49,6.48
2026-01-29 20:29:50,6.48
2026-01-29 20:29:51,6.48
2026-01-29 20:29:52,6.48
2026-01-29 20:29:53,6.48
2026-01-29 20:29:54,6.48
2026-01-29 20:29:55,6.48
2026-01-29 20:29:56,6.48
2026-01-29 20:29:57,6.48
2026-01-29 20:29:58,6.48
2026-01-29 20:29:59,6.28
2026-01-29 20:30:00,6.28
2026-01-29 20:30:01,6.28
2026-01-29 20:30:02,6.28
2026-01-29 20:30:03,6.28
2026-01-29 20:30:04,6.53
2026-01-29 20:30:05,6.53
2026-01-29 20:30:06,6.53
2026-01-29 20:30:07,6.53
2026-01-29 20:30:08,6.53
2026-01-29 20:30:09,7.84
2026-01-29 20:30:10,7.84
2026-01-29 20:30:11,7.84
2026-01-29 20:30:12,7.84
2026-01-29 20:30:13,7.84
2026-01-29 20:30:14,9.16
2026-01-29 20:30:15,9.16
2026-01-29 20:30:16,9.16
2026-01-29 20:30:17,9.16
2026-01-29 20:30:18,9.16
2026-01-29 20:30:19,9.36
2026-01-29 20:30:20,9.36
2026-01-29 20:30:21,9.36
2026-01-29 20:30:22,9.36
2026-01-29 20:30:23,9.36
2026-01-29 20:30:24,8.92
2026-01-29 20:30:25,8.92
2026-01-29 20:30:26,8.92
2026-01-29 20:30:27,8.92
2026-01-29 20:30:28,8.92
2026-01-29 20:30:29,8.80
2026-01-29 20:30:30,8.80
2026-01-29 20:30:31,8.80
2026-01-29 20:30:32,8.80
2026-01-29 20:30:33,8.80
2026-01-29 20:30:34,8.89
2026-01-29 20:30:35,8.89
2026-01-29 20:30:36,8.89
2026-01-29 20:30:37,8.89
2026-01-29 20:30:38,8.89
2026-01-29 20:30:39,8.98
2026-01-29 20:30:40,8.98
2026-01-29 20:30:41,8.98
2026-01-29 20:30:42,8.98
2026-01-29 20:30:43,8.98
2026-01-29 20:30:44,8.90
2026-01-29 20:30:45,8.90
2026-01-29 20:30:46,8.90
2026-01-29 20:30:47,8.90
2026-01-29 20:30:48,8.90
2026-01-29 20:30:49,8.85
2026-01-29 20:30:50,8.85
2026-01-29 20:30:51,8.85
2026-01-29 20:30:52,8.85
2026-01-29 20:30:53,8.85
2026-01-29 20:30:54,8.87
2026-01-29 20:30:55,8.87
2026-01-29 20:30:56,8.87
2026-01-29 20:30:57,8.87
2026-01-29 20:30:58,8.87
2026-01-29 20:30:59,10.6
2026-01-29 20:31:00,10.6
2026-01-29 20:31:01,10.6
2026-01-29 20:31:02,10.6
2026-01-29 20:31:03,10.6
2026-01-29 20:31:04,9.16
2026-01-29 20:31:05,9.16
2026-01-29 20:31:06,9.16
2026-01-29 20:31:07,9.16
2026-01-29 20:31:08,9.16
2026-01-29 20:31:09,7.99
2026-01-29 20:31:10,7.99
2026-01-29 20:31:11,7.99
2026-01-29 20:31:12,7.99
2026-01-29 20:31:13,7.99
2026-01-29 20:31:14,7.97
2026-01-29 20:31:15,7.97
2026-01-29 20:31:16,7.97
2026-01-29 20:31:17,7.97
2026-01-29 20:31:18,7.97
2026-01-29 20:31:19,7.82
2026-01-29 20:31:20,7.82
2026-01-29 20:31:21,7.82
2026-01-29 20:31:22,7.82
2026-01-29 20:31:23,7.82
2026-01-29 20:31:24,7.82
2026-01-29 20:31:25,7.82
2026-01-29 20:31:26,7.82
2026-01-29 20:31:27,7.82
2026-01-29 20:31:28,7.82
2026-01-29 20:31:29,7.78
2026-01-29 20:31:30,7.78
2026-01-29 20:31:31,7.78
2026-01-29 20:31:32,7.78
2026-01-29 20:31:33,7.78
2026-01-29 20:31:34,7.83
2026-01-29 20:31:35,7.83
2026-01-29 20:31:36,7.83
2026-01-29 20:31:37,7.83
2026-01-29 20:31:38,7.83
2026-01-29 20:31:39,7.90
2026-01-29 20:31:40,7.90
2026-01-29 20:31:41,7.90
2026-01-29 20:31:42,7.90
2026-01-29 20:31:43,7.90
2026-01-29 20:31:44,7.84
2026-01-29 20:31:45,7.84
2026-01-29 20:31:46,7.84
2026-01-29 20:31:47,7.84
2026-01-29 20:31:48,7.84
2026-01-29 20:31:49,7.91
2026-01-29 20:31:50,7.91
2026-01-29 20:31:51,7.91
2026-01-29 20:31:52,7.91
2026-01-29 20:31:53,7.91
2026-01-29 20:31:54,7.91
2026-01-29 20:31:55,7.91
2026-01-29 20:31:56,7.91
2026-01-29 20:31:57,7.91
2026-01-29 20:31:58,7.91
2026-01-29 20:31:59,7.83
2026-01-29 20:32:00,7.83
2026-01-29 20:32:01,7.83
2026-01-29 20:32:02,7.83
2026-01-29 20:32:03,7.83
2026-01-29 20:32:04,7.81
2026-01-29 20:32:05,7.81
2026-01-29 20:32:06,7.81
2026-01-29 20:32:07,7.81
2026-01-29 20:32:08,7.81
2026-01-29 20:32:09,7.99
2026-01-29 20:32:10,7.99
2026-01-29 20:32:11,7.99
2026-01-29 20:32:12,7.99
2026-01-29 20:32:13,7.99
2026-01-29 20:32:14,7.75
2026-01-29 20:32:15,7.75
2026-01-29 20:32:16,7.75
2026-01-29 20:32:17,7.75
2026-01-29 20:32:18,7.75
2026-01-29 20:32:19,7.78
2026-01-29 20:32:20,7.78
2026-01-29 20:32:21,7.78
2026-01-29 20:32:22,7.78
2026-01-29 20:32:23,7.78
2026-01-29 20:32:24,7.80
2026-01-29 20:32:25,7.80
2026-01-29 20:32:26,7.80
2026-01-29 20:32:27,7.80
2026-01-29 20:32:28,7.80
2026-01-29 20:32:29,7.71
2026-01-29 20:32:30,7.71
2026-01-29 20:32:31,7.71
2026-01-29 20:32:32,7.71
2026-01-29 20:32:33,7.71
2026-01-29 20:32:34,7.89
2026-01-29 20:32:35,7.89
2026-01-29 20:32:36,7.89
2026-01-29 20:32:37,7.89
2026-01-29 20:32:38,7.89
2026-01-29 20:32:39,7.88
2026-01-29 20:32:40,7.88
2026-01-29 20:32:41,7.88
2026-01-29 20:32:42,7.88
2026-01-29 20:32:43,7.88
2026-01-29 20:32:44,7.82
2026-01-29 20:32:45,7.82
2026-01-29 20:32:46,7.82
2026-01-29 20:32:47,7.82
2026-01-29 20:32:48,7.82
2026-01-29 20:32:49,7.81
2026-01-29 20:32:50,7.81
2026-01-29 20:32:51,7.81
2026-01-29 20:32:52,7.81
2026-01-29 20:32:53,7.81
2026-01-29 20:32:54,7.81
2026-01-29 20:32:55,7.81
2026-01-29 20:32:56,7.81
2026-01-29 20:32:57,7.81
2026-01-29 20:32:58,7.81
2026-01-29 20:32:59,7.75
2026-01-29 20:33:00,7.75
2026-01-29 20:33:01,7.75
2026-01-29 20:33:02,7.75
2026-01-29 20:33:03,7.75
2026-01-29 20:33:04,7.76
2026-01-29 20:33:05,7.76
2026-01-29 20:33:06,7.76
2026-01-29 20:33:07,7.76
2026-01-29 20:33:08,7.76
2026-01-29 20:33:09,8.00
2026-01-29 20:33:10,8.00
2026-01-29 20:33:11,8.00
2026-01-29 20:33:12,8.00
2026-01-29 20:33:13,8.00
2026-01-29 20:33:14,7.74
2026-01-29 20:33:15,7.74
2026-01-29 20:33:16,7.74
2026-01-29 20:33:17,7.74
2026-01-29 20:33:18,7.74
2026-01-29 20:33:19,7.74
2026-01-29 20:33:20,7.74
2026-01-29 20:33:21,7.74
2026-01-29 20:33:22,7.74
2026-01-29 20:33:23,7.74
2026-01-29 20:33:24,9.04
2026-01-29 20:33:25,9.04
2026-01-29 20:33:26,9.04
2026-01-29 20:33:27,9.04
2026-01-29 20:33:28,9.04
2026-01-29 20:33:29,6.88
2026-01-29 20:33:30,6.88
2026-01-29 20:33:31,6.88
2026-01-29 20:33:32,6.88
2026-01-29 20:33:33,6.88
2026-01-29 20:33:34,6.68
2026-01-29 20:33:35,6.68
2026-01-29 20:33:36,6.68
2026-01-29 20:33:37,6.68
2026-01-29 20:33:38,6.68
2026-01-29 20:33:39,6.76
2026-01-29 20:33:40,6.76
2026-01-29 20:33:41,6.76
2026-01-29 20:33:42,6.76
2026-01-29 20:33:43,6.76
2026-01-29 20:33:44,6.66
2026-01-29 20:33:45,6.66
2026-01-29 20:33:46,6.66
2026-01-29 20:33:47,6.66
2026-01-29 20:33:48,6.66
2026-01-29 20:33:49,6.71
2026-01-29 20:33:50,6.71
2026-01-29 20:33:51,6.71
2026-01-29 20:33:52,6.71
2026-01-29 20:33:53,6.71
2026-01-29 20:33:54,6.80
2026-01-29 20:33:55,6.80
2026-01-29 20:33:56,6.80
2026-01-29 20:33:57,6.80
2026-01-29 20:33:58,6.80
2026-01-29 20:33:59,6.63
2026-01-29 20:34:00,6.63
2026-01-29 20:34:01,6.63
2026-01-29 20:34:02,6.63
2026-01-29 20:34:03,6.63
2026-01-29 20:34:04,6.66
2026-01-29 20:34:05,6.66
2026-01-29 20:34:06,6.66
2026-01-29 20:34:07,6.66
2026-01-29 20:34:08,6.66
2026-01-29 20:34:09,6.87
2026-01-29 20:34:10,6.87
2026-01-29 20:34:11,6.87
2026-01-29 20:34:12,6.87
2026-01-29 20:34:13,6.87
2026-01-29 20:34:14,6.67
2026-01-29 20:34:15,6.67
2026-01-29 20:34:16,6.67
2026-01-29 20:34:17,6.67
2026-01-29 20:34:18,6.67
2026-01-29 20:34:19,6.68
2026-01-29 20:34:20,6.68
2026-01-29 20:34:21,6.68
2026-01-29 20:34:22,6.68
2026-01-29 20:34:23,6.68
2026-01-29 20:34:24,6.66
2026-01-29 20:34:25,6.66
2026-01-29 20:34:26,6.66
2026-01-29 20:34:27,6.66
2026-01-29 20:34:28,6.66
2026-01-29 20:34:29,6.60
2026-01-29 20:34:30,6.60
2026-01-29 20:34:31,6.60
2026-01-29 20:34:32,6.60
2026-01-29 20:34:33,6.60
2026-01-29 20:34:34,6.69
2026-01-29 20:34:35,6.69
2026-01-29 20:34:36,6.69
2026-01-29 20:34:37,6.69
2026-01-29 20:34:38,6.69
2026-01-29 20:34:39,6.68
2026-01-29 20:34:40,6.68
2026-01-29 20:34:41,6.68
2026-01-29 20:34:42,6.68
2026-01-29 20:34:43,6.68
2026-01-29 20:34:44,6.66
2026-01-29 20:34:45,6.66
2026-01-29 20:34:46,6.66
2026-01-29 20:34:47,6.66
2026-01-29 20:34:48,6.66
2026-01-29 20:34:49,6.64
2026-01-29 20:34:50,6.64
2026-01-29 20:34:51,6.64
2026-01-29 20:34:52,6.64
2026-01-29 20:34:53,6.64
2026-01-29 20:34:54,0
2026-01-29 20:34:55,0
2026-01-29 20:34:56,0
2026-01-29 20:34:57,0
2026-01-29 20:34:58,0
2026-01-29 20:34:59,0
2026-01-29 20:35:00,0
2026-01-29 20:35:01,0
2026-01-29 20:35:02,0
2026-01-29 20:35:03,0
2026-01-29 20:35:04,0
2026-01-29 20:35:05,0
2026-01-29 20:35:06,0
2026-01-29 20:35:07,0
2026-01-29 20:35:08,0
2026-01-29 20:35:09,0
2026-01-29 20:35:10,0
2026-01-29 20:35:11,0
2026-01-29 20:35:12,0
2026-01-29 20:35:13,0
2026-01-29 20:35:14,0
2026-01-29 20:35:15,0
2026-01-29 20:35:16,0
2026-01-29 20:35:17,0
2026-01-29 20:35:18,0
2026-01-29 20:35:19,0
2026-01-29 20:35:20,0
2026-01-29 20:35:21,0
2026-01-29 20:35:22,0
2026-01-29 20:35:23,0
2026-01-29 20:35:24,0
2026-01-29 20:35:25,0
2026-01-29 20:35:26,0
2026-01-29 20:35:27,0
2026-01-29 20:35:28,0
2026-01-29 20:35:29,0
2026-01-29 20:35:30,0
2026-01-29 20:35:31,0
2026-01-29 20:35:32,0
2026-01-29 20:35:33,0
2026-01-29 20:35:34,0
2026-01-29 20:35:35,0
2026-01-29 20:35:36,0
2026-01-29 20:35:37,0
2026-01-29 20:35:38,0
2026-01-29 20:35:39,0
2026-01-29 20:35:40,0
2026-01-29 20:35:41,0
2026-01-29 20:35:42,0
2026-01-29 20:35:43,0
2026-01-29 20:35:44,0
2026-01-29 20:35:45,0
2026-01-29 20:35:46,0
2026-01-29 20:35:47,0
2026-01-29 20:35:48,0
2026-01-29 20:35:49,0
2026-01-29 20:35:50,0
2026-01-29 20:35:51,0
2026-01-29 20:35:52,0
2026-01-29 20:35:53,0
2026-01-29 20:35:54,0
2026-01-29 20:35:55,0
2026-01-29 20:35:56,0
2026-01-29 20:35:57,0
2026-01-29 20:35:58,0
2026-01-29 20:35:59,0
2026-01-29 20:36:00,0
2026-01-29 20:36:01,0
2026-01-29 20:36:02,0
2026-01-29 20:36:03,0
2026-01-29 20:36:04,0
2026-01-29 20:36:05,0
2026-01-29 20:36:06,0
2026-01-29 20:36:07,0
2026-01-29 20:36:08,0
2026-01-29 20:36:09,0
2026-01-29 20:36:10,0
2026-01-29 20:36:11,0
2026-01-29 20:36:12,0
2026-01-29 20:36:13,0
2026-01-29 20:36:14,0
2026-01-29 20:36:15,0
2026-01-29 20:36:16,0
2026-01-29 20:36:17,0
2026-01-29 20:36:18,0
2026-01-29 20:36:19,0
2026-01-29 20:36:20,0
2026-01-29 20:36:21,0
2026-01-29 20:36:22,0
2026-01-29 20:36:23,0
2026-01-29 20:36:24,0
2026-01-29 20:36:25,0
2026-01-29 20:36:26,0
2026-01-29 20:36:27,0
2026-01-29 20:36:28,0
2026-01-29 20:37:14,2.58
2026-01-29 20:37:15,2.58
2026-01-29 20:37:16,2.58
2026-01-29 20:37:17,2.58
2026-01-29 20:37:18,2.58
2026-01-29 20:37:19,6.18
2026-01-29 20:37:20,6.18
2026-01-29 20:37:21,6.18
2026-01-29 20:37:22,6.18
2026-01-29 20:37:23,6.18
2026-01-29 20:37:24,7.06
2026-01-29 20:37:25,7.06
2026-01-29 20:37:26,7.06
2026-01-29 20:37:27,7.06
2026-01-29 20:37:28,7.06
2026-01-29 20:37:29,6.62
2026-01-29 20:37:30,6.62
2026-01-29 20:37:31,6.62
2026-01-29 20:37:32,6.62
2026-01-29 20:37:33,6.62
2026-01-29 20:37:34,6.47
2026-01-29 20:37:35,6.47
2026-01-29 20:37:36,6.47
2026-01-29 20:37:37,6.47
2026-01-29 20:37:38,6.47
2026-01-29 20:37:39,6.66
2026-01-29 20:37:40,6.66
2026-01-29 20:37:41,6.66
2026-01-29 20:37:42,6.66
2026-01-29 20:37:43,6.66
2026-01-29 20:37:44,8.06
2026-01-29 20:37:45,8.06
2026-01-29 20:37:46,8.06
2026-01-29 20:37:47,8.06
2026-01-29 20:37:48,8.06
2026-01-29 20:37:49,7.73
2026-01-29 20:37:50,7.73
2026-01-29 20:37:51,7.73
2026-01-29 20:37:52,7.73
2026-01-29 20:37:53,7.73
2026-01-29 20:37:54,7.86
2026-01-29 20:37:55,7.86
2026-01-29 20:37:56,7.86
2026-01-29 20:37:57,7.86
2026-01-29 20:37:58,7.86
2026-01-29 20:37:59,7.71
2026-01-29 20:38:00,7.71
2026-01-29 20:38:01,7.71
2026-01-29 20:38:02,7.71
2026-01-29 20:38:03,7.71
2026-01-29 20:38:04,7.79
2026-01-29 20:38:05,7.79
2026-01-29 20:38:06,7.79
2026-01-29 20:38:07,7.79
2026-01-29 20:38:08,7.79
2026-01-29 20:38:09,7.84
2026-01-29 20:38:10,7.84
2026-01-29 20:38:11,7.84
2026-01-29 20:38:12,7.84
2026-01-29 20:38:13,7.84
2026-01-29 20:38:14,8.54
2026-01-29 20:38:15,8.54
2026-01-29 20:38:16,8.54
2026-01-29 20:38:17,8.54
2026-01-29 20:38:18,8.54
2026-01-29 20:38:19,7.75
2026-01-29 20:38:20,7.75
2026-01-29 20:38:21,7.75
2026-01-29 20:38:22,7.75
2026-01-29 20:38:23,7.75
2026-01-29 20:38:24,7.77
2026-01-29 20:38:25,7.77
2026-01-29 20:38:26,7.77
2026-01-29 20:38:27,7.77
2026-01-29 20:38:28,7.77
2026-01-29 20:38:29,7.72
2026-01-29 20:38:30,7.72
2026-01-29 20:38:31,7.72
2026-01-29 20:38:32,7.72
2026-01-29 20:38:33,7.72
2026-01-29 20:38:34,8.03
2026-01-29 20:38:35,8.03
2026-01-29 20:38:36,8.03
2026-01-29 20:38:37,8.03
2026-01-29 20:38:38,8.03
2026-01-29 20:38:39,8.37
2026-01-29 20:38:40,8.37
2026-01-29 20:38:41,8.37
2026-01-29 20:38:42,8.37
2026-01-29 20:38:43,8.37
2026-01-29 20:38:44,7.82
2026-01-29 20:38:45,7.82
2026-01-29 20:38:46,7.82
2026-01-29 20:38:47,7.82
2026-01-29 20:38:48,7.82
2026-01-29 20:38:49,7.83
2026-01-29 20:38:50,7.83
2026-01-29 20:38:51,7.83
2026-01-29 20:38:52,7.83
2026-01-29 20:38:53,7.83
2026-01-29 20:38:54,7.84
2026-01-29 20:38:55,7.84
2026-01-29 20:38:56,7.84
2026-01-29 20:38:57,7.84
2026-01-29 20:38:58,7.84
2026-01-29 20:38:59,7.73
2026-01-29 20:39:00,7.73
2026-01-29 20:39:01,7.73
2026-01-29 20:39:02,7.73
2026-01-29 20:39:03,7.73
2026-01-29 20:39:04,7.82
2026-01-29 20:39:05,7.82
2026-01-29 20:39:06,7.82
2026-01-29 20:39:07,7.82
2026-01-29 20:39:08,7.82
2026-01-29 20:39:09,7.93
2026-01-29 20:39:10,7.93
2026-01-29 20:39:11,7.93
2026-01-29 20:39:12,7.93
2026-01-29 20:39:13,7.93
2026-01-29 20:39:14,8.40
2026-01-29 20:39:15,8.40
2026-01-29 20:39:16,8.40
2026-01-29 20:39:17,8.40
2026-01-29 20:39:18,8.40
2026-01-29 20:39:19,7.74
2026-01-29 20:39:20,7.74
2026-01-29 20:39:21,7.74
2026-01-29 20:39:22,7.74
2026-01-29 20:39:23,7.74
2026-01-29 20:39:24,7.87
2026-01-29 20:39:25,7.87
2026-01-29 20:39:26,7.87
2026-01-29 20:39:27,7.87
2026-01-29 20:39:28,7.87
2026-01-29 20:39:29,7.76
2026-01-29 20:39:30,7.76
2026-01-29 20:39:31,7.76
2026-01-29 20:39:32,7.76
2026-01-29 20:39:33,7.76
2026-01-29 20:39:34,7.85
2026-01-29 20:39:35,7.85
2026-01-29 20:39:36,7.85
2026-01-29 20:39:37,7.85
2026-01-29 20:39:38,7.85
2026-01-29 20:39:39,7.90
2026-01-29 20:39:40,7.90
2026-01-29 20:39:41,7.90
2026-01-29 20:39:42,7.90
2026-01-29 20:39:43,7.90
2026-01-29 20:39:44,7.80
2026-01-29 20:39:45,7.80
2026-01-29 20:39:46,7.80
2026-01-29 20:39:47,7.80
2026-01-29 20:39:48,7.80
2026-01-29 20:39:49,9.88
2026-01-29 20:39:50,9.88
2026-01-29 20:39:51,9.88
2026-01-29 20:39:52,9.88
2026-01-29 20:39:53,9.88
2026-01-29 20:39:54,8.09
2026-01-29 20:39:55,8.09
2026-01-29 20:39:56,8.09
2026-01-29 20:39:57,8.09
2026-01-29 20:39:58,8.09
2026-01-29 20:39:59,5.84
2026-01-29 20:40:00,5.84
2026-01-29 20:40:01,5.84
2026-01-29 20:40:02,5.84
2026-01-29 20:40:03,5.84
2026-01-29 20:40:04,7.90
2026-01-29 20:40:05,7.90
2026-01-29 20:40:06,7.90
2026-01-29 20:40:07,7.90
2026-01-29 20:40:08,7.90
2026-01-29 20:40:09,7.84
2026-01-29 20:40:10,7.84
2026-01-29 20:40:11,7.84
2026-01-29 20:40:12,7.84
2026-01-29 20:40:13,7.84
2026-01-29 20:40:14,8.28
2026-01-29 20:40:15,8.28
2026-01-29 20:40:16,8.28
2026-01-29 20:40:17,8.28
2026-01-29 20:40:18,8.28
2026-01-29 20:40:19,7.51
2026-01-29 20:40:20,7.51
2026-01-29 20:40:21,7.51
2026-01-29 20:40:22,7.51
2026-01-29 20:40:23,7.51
2026-01-29 20:40:24,7.65
2026-01-29 20:40:25,7.65
2026-01-29 20:40:26,7.65
2026-01-29 20:40:27,7.65
2026-01-29 20:40:28,7.65
2026-01-29 20:40:29,7.51
2026-01-29 20:40:30,7.51
2026-01-29 20:40:31,7.51
2026-01-29 20:40:32,7.51
2026-01-29 20:40:33,7.51
2026-01-29 20:40:34,7.64
2026-01-29 20:40:35,7.64
2026-01-29 20:40:36,7.64
2026-01-29 20:40:37,7.64
2026-01-29 20:40:38,7.64
2026-01-29 20:40:39,8.66
2026-01-29 20:40:40,8.66
2026-01-29 20:40:41,8.66
2026-01-29 20:40:42,8.66
2026-01-29 20:40:43,8.66
2026-01-29 20:40:44,6.70
2026-01-29 20:40:45,6.70
2026-01-29 20:40:46,6.70
2026-01-29 20:40:47,6.70
2026-01-29 20:40:48,6.70
2026-01-29 20:40:49,6.55
2026-01-29 20:40:50,6.55
2026-01-29 20:40:51,6.55
2026-01-29 20:40:52,6.55
2026-01-29 20:40:53,6.55
2026-01-29 20:40:54,6.58
2026-01-29 20:40:55,6.58
2026-01-29 20:40:56,6.58
2026-01-29 20:40:57,6.58
2026-01-29 20:40:58,6.58
2026-01-29 20:40:59,6.49
2026-01-29 20:41:00,6.49
2026-01-29 20:41:01,6.49
2026-01-29 20:41:02,6.49
2026-01-29 20:41:03,6.49
2026-01-29 20:41:04,6.52
2026-01-29 20:41:05,6.52
2026-01-29 20:41:06,6.52
2026-01-29 20:41:07,6.52
2026-01-29 20:41:08,6.52
2026-01-29 20:41:09,6.56
2026-01-29 20:41:10,6.56
2026-01-29 20:41:11,6.56
2026-01-29 20:41:12,6.56
2026-01-29 20:41:13,6.56
2026-01-29 20:41:14,7.30
2026-01-29 20:41:15,7.30
2026-01-29 20:41:16,7.30
2026-01-29 20:41:17,7.30
2026-01-29 20:41:18,7.30
2026-01-29 20:41:19,6.40
2026-01-29 20:41:20,6.40
2026-01-29 20:41:21,6.40
2026-01-29 20:41:22,6.40
2026-01-29 20:41:23,6.40
2026-01-29 20:41:24,6.48
2026-01-29 20:41:25,6.48
2026-01-29 20:41:26,6.48
2026-01-29 20:41:27,6.48
2026-01-29 20:41:28,6.48
2026-01-29 20:41:29,8.13
2026-01-29 20:41:30,8.13
2026-01-29 20:41:31,8.13
2026-01-29 20:41:32,8.13
2026-01-29 20:41:33,8.13
2026-01-29 20:41:34,7.83
2026-01-29 20:41:35,7.83
2026-01-29 20:41:36,7.83
2026-01-29 20:41:37,7.83
2026-01-29 20:41:38,7.83
2026-01-29 20:41:39,7.92
2026-01-29 20:41:40,7.92
2026-01-29 20:41:41,7.92
2026-01-29 20:41:42,7.92
2026-01-29 20:41:43,7.92
2026-01-29 20:41:44,7.85
2026-01-29 20:41:45,7.85
2026-01-29 20:41:46,7.85
2026-01-29 20:41:47,7.85
2026-01-29 20:41:48,7.85
2026-01-29 20:41:49,7.82
2026-01-29 20:41:50,7.82
2026-01-29 20:41:51,7.82
2026-01-29 20:41:52,7.82
2026-01-29 20:41:53,7.82
2026-01-29 20:41:54,7.98
2026-01-29 20:41:55,7.98
2026-01-29 20:41:56,7.98
2026-01-29 20:41:57,7.98
2026-01-29 20:41:58,7.98
2026-01-29 20:41:59,7.97
2026-01-29 20:42:00,7.97
2026-01-29 20:42:01,7.97
2026-01-29 20:42:02,7.97
2026-01-29 20:42:03,7.97
2026-01-29 20:42:04,7.83
2026-01-29 20:42:05,7.83
2026-01-29 20:42:06,7.83
2026-01-29 20:42:07,7.83
2026-01-29 20:42:08,7.83
2026-01-29 20:42:09,7.85
2026-01-29 20:42:10,7.85
2026-01-29 20:42:11,7.85
2026-01-29 20:42:12,7.85
2026-01-29 20:42:13,7.85
2026-01-29 20:42:14,8.32
2026-01-29 20:42:15,8.32
2026-01-29 20:42:16,8.32
2026-01-29 20:42:17,8.32
2026-01-29 20:42:18,8.32
2026-01-29 20:42:19,7.83
2026-01-29 20:42:20,7.83
2026-01-29 20:42:21,7.83
2026-01-29 20:42:22,7.83
2026-01-29 20:42:23,7.83
2026-01-29 20:42:24,7.84
2026-01-29 20:42:25,7.84
2026-01-29 20:42:26,7.84
2026-01-29 20:42:27,7.84
2026-01-29 20:42:28,7.84
2026-01-29 20:42:29,9.40
2026-01-29 20:42:30,9.40
2026-01-29 20:42:31,9.40
2026-01-29 20:42:32,9.40
2026-01-29 20:42:33,9.40
2026-01-29 20:42:34,7.57
2026-01-29 20:42:35,7.57
2026-01-29 20:42:36,7.57
2026-01-29 20:42:37,7.57
2026-01-29 20:42:38,7.57
2026-01-29 20:42:39,6.70
2026-01-29 20:42:40,6.70
2026-01-29 20:42:41,6.70
2026-01-29 20:42:42,6.70
2026-01-29 20:42:43,6.70
2026-01-29 20:42:44,6.72
2026-01-29 20:42:45,6.72
2026-01-29 20:42:46,6.72
2026-01-29 20:42:47,6.72
2026-01-29 20:42:48,6.72
2026-01-29 20:42:49,5.82
2026-01-29 20:42:50,5.82
2026-01-29 20:42:51,5.82
2026-01-29 20:42:52,5.82
2026-01-29 20:42:53,5.82
2026-01-29 20:42:54,6.76
2026-01-29 20:42:55,6.76
2026-01-29 20:42:56,6.76
2026-01-29 20:42:57,6.76
2026-01-29 20:42:58,6.76
2026-01-29 20:42:59,7.39
2026-01-29 20:43:00,7.39
2026-01-29 20:43:01,7.39
2026-01-29 20:43:02,7.39
2026-01-29 20:43:03,7.39
2026-01-29 20:43:04,9.28
2026-01-29 20:43:05,9.28
2026-01-29 20:43:06,9.28
2026-01-29 20:43:07,9.28
2026-01-29 20:43:08,9.28
2026-01-29 20:43:09,11.1
2026-01-29 20:43:10,11.1
2026-01-29 20:43:11,11.1
2026-01-29 20:43:12,11.1
2026-01-29 20:43:13,11.1
2026-01-29 20:43:14,6.37
2026-01-29 20:43:15,6.37
2026-01-29 20:43:16,6.37
2026-01-29 20:43:17,6.37
2026-01-29 20:43:18,6.37
2026-01-29 20:43:19,5.54
2026-01-29 20:43:20,5.54
2026-01-29 20:43:21,5.54
2026-01-29 20:43:22,5.54
2026-01-29 20:43:23,5.54
2026-01-29 20:43:24,4.63
2026-01-29 20:43:25,4.63
2026-01-29 20:43:26,4.63
2026-01-29 20:43:27,4.63
2026-01-29 20:43:28,4.63
2026-01-29 20:43:29,6.90
2026-01-29 20:43:30,6.90
2026-01-29 20:43:31,6.90
2026-01-29 20:43:32,6.90
2026-01-29 20:43:33,6.90
2026-01-29 20:43:34,6.52
2026-01-29 20:43:35,6.52
2026-01-29 20:43:36,6.52
2026-01-29 20:43:37,6.52
2026-01-29 20:43:38,6.52
2026-01-29 20:43:39,6.60
2026-01-29 20:43:40,6.60
2026-01-29 20:43:41,6.60
2026-01-29 20:43:42,6.60
2026-01-29 20:43:43,6.60
2026-01-29 20:43:44,6.53
2026-01-29 20:43:45,6.53
2026-01-29 20:43:46,6.53
2026-01-29 20:43:47,6.53
2026-01-29 20:43:48,6.53
2026-01-29 20:43:49,5.99
2026-01-29 20:43:50,5.99
2026-01-29 20:43:51,5.99
2026-01-29 20:43:52,5.99
2026-01-29 20:43:53,5.99
2026-01-29 20:43:54,7.12
2026-01-29 20:43:55,7.12
2026-01-29 20:43:56,7.12
2026-01-29 20:43:57,7.12
2026-01-29 20:43:58,7.12
2026-01-29 20:43:59,7.63
2026-01-29 20:44:00,7.63
2026-01-29 20:44:01,7.63
2026-01-29 20:44:02,7.63
2026-01-29 20:44:03,7.63
2026-01-29 20:44:04,8.32
2026-01-29 20:44:05,8.32
2026-01-29 20:44:06,8.32
2026-01-29 20:44:07,8.32
2026-01-29 20:44:08,8.32
2026-01-29 20:44:09,9.09
2026-01-29 20:44:10,9.09
2026-01-29 20:44:11,9.09
2026-01-29 20:44:12,9.09
2026-01-29 20:44:13,9.09
2026-01-29 20:44:14,0
2026-01-29 20:44:15,0
2026-01-29 20:44:16,0
2026-01-29 20:44:17,0
2026-01-29 20:44:18,0
2026-01-29 20:44:19,0
2026-01-29 20:44:20,0
2026-01-29 20:44:21,0
2026-01-29 20:44:22,0
2026-01-29 20:44:23,0
2026-01-29 20:44:24,0
2026-01-29 20:44:25,0
2026-01-29 20:44:26,0
2026-01-29 20:44:27,0
2026-01-29 20:44:28,0
2026-01-29 20:44:29,0
2026-01-29 20:44:30,0
2026-01-29 20:44:31,0
2026-01-29 20:44:32,0
2026-01-29 20:44:33,0
2026-01-29 20:44:34,0
2026-01-29 20:44:35,0
2026-01-29 20:44:36,0
2026-01-29 20:44:37,0
2026-01-29 20:44:38,0
2026-01-29 20:44:39,0
2026-01-29 20:44:40,0
2026-01-29 20:44:41,0
2026-01-29 20:44:42,0
2026-01-29 20:44:43,0
2026-01-29 20:44:44,0
2026-01-29 20:44:45,0
2026-01-29 20:44:46,0
2026-01-29 20:44:47,0
2026-01-29 20:44:48,0
2026-01-29 20:44:49,0
2026-01-29 20:44:50,0
2026-01-29 20:44:51,0
2026-01-29 20:44:52,0
2026-01-29 20:44:53,0
2026-01-29 20:44:54,0
2026-01-29 20:44:55,0
2026-01-29 20:44:56,0
2026-01-29 20:44:57,0
2026-01-29 20:44:58,0
2026-01-29 20:44:59,0
2026-01-29 20:45:00,0
2026-01-29 20:45:01,0
2026-01-29 20:45:02,0
2026-01-29 20:45:03,0
2026-01-29 20:45:04,0
2026-01-29 20:45:05,0
2026-01-29 20:45:06,0
2026-01-29 20:45:07,0
2026-01-29 20:45:08,0
2026-01-29 20:45:09,0
2026-01-29 20:45:10,0
2026-01-29 20:45:11,0
2026-01-29 20:45:12,0
2026-01-29 20:45:13,0
2026-01-29 20:45:14,0
2026-01-29 20:45:15,0
2026-01-29 20:45:16,0
2026-01-29 20:45:17,0
2026-01-29 20:45:18,0
2026-01-29 20:45:19,0
2026-01-29 20:45:20,0
2026-01-29 20:45:21,0
2026-01-29 20:45:22,0
2026-01-29 20:45:23,0
2026-01-29 20:45:24,0
2026-01-29 20:45:25,0
2026-01-29 20:45:26,0
2026-01-29 20:45:27,0
2026-01-29 20:45:28,0
2026-01-29 20:45:29,0
2026-01-29 20:45:30,0
2026-01-29 20:45:31,0
2026-01-29 20:45:32,0
2026-01-29 20:45:33,0
2026-01-29 20:45:34,0
2026-01-29 20:45:35,0
2026-01-29 20:45:36,0
2026-01-29 20:45:37,0
2026-01-29 20:45:38,0
2026-01-29 20:45:39,0
2026-01-29 20:45:40,0
2026-01-29 20:45:41,0
2026-01-29 20:45:42,0
2026-01-29 20:45:43,0
2026-01-29 20:45:44,0
2026-01-29 20:45:45,0
2026-01-29 20:45:46,0
2026-01-29 20:45:47,0
2026-01-29 20:45:48,0
2026-01-29 20:47:09,4.40
2026-01-29 20:47:10,4.40
2026-01-29 20:47:11,4.40
2026-01-29 20:47:12,4.40
2026-01-29 20:47:13,4.40
2026-01-29 20:47:14,8.27
2026-01-29 20:47:15,8.27
2026-01-29 20:47:16,8.27
2026-01-29 20:47:17,8.27
2026-01-29 20:47:18,8.27
2026-01-29 20:47:19,8.18
2026-01-29 20:47:20,8.18
2026-01-29 20:47:21,8.18
2026-01-29 20:47:22,8.18
2026-01-29 20:47:23,8.18
2026-01-29 20:47:24,8.11
2026-01-29 20:47:25,8.11
2026-01-29 20:47:26,8.11
2026-01-29 20:47:27,8.11
2026-01-29 20:47:28,8.11
2026-01-29 20:47:29,7.71
2026-01-29 20:47:30,7.71
2026-01-29 20:47:31,7.71
2026-01-29 20:47:32,7.71
2026-01-29 20:47:33,7.71
2026-01-29 20:47:34,7.72
2026-01-29 20:47:35,7.72
2026-01-29 20:47:36,7.72
2026-01-29 20:47:37,7.72
2026-01-29 20:47:38,7.72
2026-01-29 20:47:39,7.81
2026-01-29 20:47:40,7.81
2026-01-29 20:47:41,7.81
2026-01-29 20:47:42,7.81
2026-01-29 20:47:43,7.81
2026-01-29 20:47:44,7.78
2026-01-29 20:47:45,7.78
2026-01-29 20:47:46,7.78
2026-01-29 20:47:47,7.78
2026-01-29 20:47:48,7.78
2026-01-29 20:47:49,7.72
2026-01-29 20:47:50,7.72
2026-01-29 20:47:51,7.72
2026-01-29 20:47:52,7.72
2026-01-29 20:47:53,7.72
2026-01-29 20:47:54,7.84
2026-01-29 20:47:55,7.84
2026-01-29 20:47:56,7.84
2026-01-29 20:47:57,7.84
2026-01-29 20:47:58,7.84
2026-01-29 20:47:59,7.75
2026-01-29 20:48:00,7.75
2026-01-29 20:48:01,7.75
2026-01-29 20:48:02,7.75
2026-01-29 20:48:03,7.75
2026-01-29 20:48:04,7.77
2026-01-29 20:48:05,7.77
2026-01-29 20:48:06,7.77
2026-01-29 20:48:07,7.77
2026-01-29 20:48:08,7.77
2026-01-29 20:48:09,7.79
2026-01-29 20:48:10,7.79
2026-01-29 20:48:11,7.79
2026-01-29 20:48:12,7.79
2026-01-29 20:48:13,7.79
2026-01-29 20:48:14,7.91
2026-01-29 20:48:15,7.91
2026-01-29 20:48:16,7.91
2026-01-29 20:48:17,7.91
2026-01-29 20:48:18,7.91
2026-01-29 20:48:19,8.00
2026-01-29 20:48:20,8.00
2026-01-29 20:48:21,8.00
2026-01-29 20:48:22,8.00
2026-01-29 20:48:23,8.00
2026-01-29 20:48:24,7.80
2026-01-29 20:48:25,7.80
2026-01-29 20:48:26,7.80
2026-01-29 20:48:27,7.80
2026-01-29 20:48:28,7.80
2026-01-29 20:48:29,7.77
2026-01-29 20:48:30,7.77
2026-01-29 20:48:31,7.77
2026-01-29 20:48:32,7.77
2026-01-29 20:48:33,7.77
2026-01-29 20:48:34,7.85
2026-01-29 20:48:35,7.85
2026-01-29 20:48:36,7.85
2026-01-29 20:48:37,7.85
2026-01-29 20:48:38,7.85
2026-01-29 20:48:39,7.79
2026-01-29 20:48:40,7.79
2026-01-29 20:48:41,7.79
2026-01-29 20:48:42,7.79
2026-01-29 20:48:43,7.79
2026-01-29 20:48:44,7.79
2026-01-29 20:48:45,7.79
2026-01-29 20:48:46,7.79
2026-01-29 20:48:47,7.79
2026-01-29 20:48:48,7.79
2026-01-29 20:48:49,7.67
2026-01-29 20:48:50,7.67
2026-01-29 20:48:51,7.67
2026-01-29 20:48:52,7.67
2026-01-29 20:48:53,7.67
2026-01-29 20:48:54,7.83
2026-01-29 20:48:55,7.83
2026-01-29 20:48:56,7.83
2026-01-29 20:48:57,7.83
2026-01-29 20:48:58,7.83
2026-01-29 20:48:59,7.72
2026-01-29 20:49:00,7.72
2026-01-29 20:49:01,7.72
2026-01-29 20:49:02,7.72
2026-01-29 20:49:03,7.72
2026-01-29 20:49:04,7.78
2026-01-29 20:49:05,7.78
2026-01-29 20:49:06,7.78
2026-01-29 20:49:07,7.78
2026-01-29 20:49:08,7.78
2026-01-29 20:49:09,8.01
2026-01-29 20:49:10,8.01
2026-01-29 20:49:11,8.01
2026-01-29 20:49:12,8.01
2026-01-29 20:49:13,8.01
2026-01-29 20:49:14,7.93
2026-01-29 20:49:15,7.93
2026-01-29 20:49:16,7.93
2026-01-29 20:49:17,7.93
2026-01-29 20:49:18,7.93
2026-01-29 20:49:19,8.06
2026-01-29 20:49:20,8.06
2026-01-29 20:49:21,8.06
2026-01-29 20:49:22,8.06
2026-01-29 20:49:23,8.06
2026-01-29 20:49:24,7.84
2026-01-29 20:49:25,7.84
2026-01-29 20:49:26,7.84
2026-01-29 20:49:27,7.84
2026-01-29 20:49:28,7.84
2026-01-29 20:49:29,7.73
2026-01-29 20:49:30,7.73
2026-01-29 20:49:31,7.73
2026-01-29 20:49:32,7.73
2026-01-29 20:49:33,7.73
2026-01-29 20:49:34,7.74
2026-01-29 20:49:35,7.74
2026-01-29 20:49:36,7.74
2026-01-29 20:49:37,7.74
2026-01-29 20:49:38,7.74
2026-01-29 20:49:39,7.72
2026-01-29 20:49:40,7.72
2026-01-29 20:49:41,7.72
2026-01-29 20:49:42,7.72
2026-01-29 20:49:43,7.72
2026-01-29 20:49:44,6.63
2026-01-29 20:49:45,6.63
2026-01-29 20:49:46,6.63
2026-01-29 20:49:47,6.63
2026-01-29 20:49:48,6.63
2026-01-29 20:49:49,9.28
2026-01-29 20:49:50,9.28
2026-01-29 20:49:51,9.28
2026-01-29 20:49:52,9.28
2026-01-29 20:49:53,9.28
2026-01-29 20:49:54,9.59
2026-01-29 20:49:55,9.59
2026-01-29 20:49:56,9.59
2026-01-29 20:49:57,9.59
2026-01-29 20:49:58,9.59
2026-01-29 20:49:59,11.3
2026-01-29 20:50:00,11.3
2026-01-29 20:50:01,11.3
2026-01-29 20:50:02,11.3
2026-01-29 20:50:03,11.3
2026-01-29 20:50:04,9.31
2026-01-29 20:50:05,9.31
2026-01-29 20:50:06,9.31
2026-01-29 20:50:07,9.31
2026-01-29 20:50:08,9.31
2026-01-29 20:50:09,8.87
2026-01-29 20:50:10,8.87
2026-01-29 20:50:11,8.87
2026-01-29 20:50:12,8.87
2026-01-29 20:50:13,8.87
2026-01-29 20:50:14,8.89
2026-01-29 20:50:15,8.89
2026-01-29 20:50:16,8.89
2026-01-29 20:50:17,8.89
2026-01-29 20:50:18,8.89
2026-01-29 20:50:19,8.08
2026-01-29 20:50:20,8.08
2026-01-29 20:50:21,8.08
2026-01-29 20:50:22,8.08
2026-01-29 20:50:23,8.08
2026-01-29 20:50:24,7.80
2026-01-29 20:50:25,7.80
2026-01-29 20:50:26,7.80
2026-01-29 20:50:27,7.80
2026-01-29 20:50:28,7.80
2026-01-29 20:50:29,7.76
2026-01-29 20:50:30,7.76
2026-01-29 20:50:31,7.76
2026-01-29 20:50:32,7.76
2026-01-29 20:50:33,7.76
2026-01-29 20:50:34,7.85
2026-01-29 20:50:35,7.85
2026-01-29 20:50:36,7.85
2026-01-29 20:50:37,7.85
2026-01-29 20:50:38,7.85
2026-01-29 20:50:39,7.82
2026-01-29 20:50:40,7.82
2026-01-29 20:50:41,7.82
2026-01-29 20:50:42,7.82
2026-01-29 20:50:43,7.82
2026-01-29 20:50:44,7.83
2026-01-29 20:50:45,7.83
2026-01-29 20:50:46,7.83
2026-01-29 20:50:47,7.83
2026-01-29 20:50:48,7.83
2026-01-29 20:50:49,7.71
2026-01-29 20:50:50,7.71
2026-01-29 20:50:51,7.71
2026-01-29 20:50:52,7.71
2026-01-29 20:50:53,7.71
2026-01-29 20:50:54,7.83
2026-01-29 20:50:55,7.83
2026-01-29 20:50:56,7.83
2026-01-29 20:50:57,7.83
2026-01-29 20:50:58,7.83
2026-01-29 20:50:59,7.79
2026-01-29 20:51:00,7.79
2026-01-29 20:51:01,7.79
2026-01-29 20:51:02,7.79
2026-01-29 20:51:03,7.79
2026-01-29 20:51:04,7.94
2026-01-29 20:51:05,7.94
2026-01-29 20:51:06,7.94
2026-01-29 20:51:07,7.94
2026-01-29 20:51:08,7.94
2026-01-29 20:51:09,8.04
2026-01-29 20:51:10,8.04
2026-01-29 20:51:11,8.04
2026-01-29 20:51:12,8.04
2026-01-29 20:51:13,8.04
2026-01-29 20:51:14,6.58
2026-01-29 20:51:15,6.58
2026-01-29 20:51:16,6.58
2026-01-29 20:51:17,6.58
2026-01-29 20:51:18,6.58
2026-01-29 20:51:19,6.64
2026-01-29 20:51:20,6.64
2026-01-29 20:51:21,6.64
2026-01-29 20:51:22,6.64
2026-01-29 20:51:23,6.64
2026-01-29 20:51:24,7.55
2026-01-29 20:51:25,7.55
2026-01-29 20:51:26,7.55
2026-01-29 20:51:27,7.55
2026-01-29 20:51:28,7.55
2026-01-29 20:51:29,7.66
2026-01-29 20:51:30,7.66
2026-01-29 20:51:31,7.66
2026-01-29 20:51:32,7.66
2026-01-29 20:51:33,7.66
2026-01-29 20:51:34,7.64
2026-01-29 20:51:35,7.64
2026-01-29 20:51:36,7.64
2026-01-29 20:51:37,7.64
2026-01-29 20:51:38,7.64
2026-01-29 20:51:39,7.47
2026-01-29 20:51:40,7.47
2026-01-29 20:51:41,7.47
2026-01-29 20:51:42,7.47
2026-01-29 20:51:43,7.47
2026-01-29 20:51:44,7.48
2026-01-29 20:51:45,7.48
2026-01-29 20:51:46,7.48
2026-01-29 20:51:47,7.48
2026-01-29 20:51:48,7.48
2026-01-29 20:51:49,7.41
2026-01-29 20:51:50,7.41
2026-01-29 20:51:51,7.41
2026-01-29 20:51:52,7.41
2026-01-29 20:51:53,7.41
2026-01-29 20:51:54,7.49
2026-01-29 20:51:55,7.49
2026-01-29 20:51:56,7.49
2026-01-29 20:51:57,7.49
2026-01-29 20:51:58,7.49
2026-01-29 20:51:59,7.46
2026-01-29 20:52:00,7.46
2026-01-29 20:52:01,7.46
2026-01-29 20:52:02,7.46
2026-01-29 20:52:03,7.46
2026-01-29 20:52:04,7.64
2026-01-29 20:52:05,7.64
2026-01-29 20:52:06,7.64
2026-01-29 20:52:07,7.64
2026-01-29 20:52:08,7.64
2026-01-29 20:52:09,7.57
2026-01-29 20:52:10,7.57
2026-01-29 20:52:11,7.57
2026-01-29 20:52:12,7.57
2026-01-29 20:52:13,7.57
2026-01-29 20:52:14,7.80
2026-01-29 20:52:15,7.80
2026-01-29 20:52:16,7.80
2026-01-29 20:52:17,7.80
2026-01-29 20:52:18,7.80
2026-01-29 20:52:19,8.94
2026-01-29 20:52:20,8.94
2026-01-29 20:52:21,8.94
2026-01-29 20:52:22,8.94
2026-01-29 20:52:23,8.94
2026-01-29 20:52:24,8.85
2026-01-29 20:52:25,8.85
2026-01-29 20:52:26,8.85
2026-01-29 20:52:27,8.85
2026-01-29 20:52:28,8.85
2026-01-29 20:52:29,8.49
2026-01-29 20:52:30,8.49
2026-01-29 20:52:31,8.49
2026-01-29 20:52:32,8.49
2026-01-29 20:52:33,8.49
2026-01-29 20:52:34,10.4
2026-01-29 20:52:35,10.4
2026-01-29 20:52:36,10.4
2026-01-29 20:52:37,10.4
2026-01-29 20:52:38,10.4
2026-01-29 20:52:39,9.16
2026-01-29 20:52:40,9.16
2026-01-29 20:52:41,9.16
2026-01-29 20:52:42,9.16
2026-01-29 20:52:43,9.16
2026-01-29 20:52:44,7.35
2026-01-29 20:52:45,7.35
2026-01-29 20:52:46,7.35
2026-01-29 20:52:47,7.35
2026-01-29 20:52:48,7.35
2026-01-29 20:52:49,8.95
2026-01-29 20:52:50,8.95
2026-01-29 20:52:51,8.95
2026-01-29 20:52:52,8.95
2026-01-29 20:52:53,8.95
2026-01-29 20:52:54,8.92
2026-01-29 20:52:55,8.92
2026-01-29 20:52:56,8.92
2026-01-29 20:52:57,8.92
2026-01-29 20:52:58,8.92
2026-01-29 20:52:59,10.5
2026-01-29 20:53:00,10.5
2026-01-29 20:53:01,10.5
2026-01-29 20:53:02,10.5
2026-01-29 20:53:03,10.5
2026-01-29 20:53:04,9.05
2026-01-29 20:53:05,9.05
2026-01-29 20:53:06,9.05
2026-01-29 20:53:07,9.05
2026-01-29 20:53:08,9.05
2026-01-29 20:53:09,7.79
2026-01-29 20:53:10,7.79
2026-01-29 20:53:11,7.79
2026-01-29 20:53:12,7.79
2026-01-29 20:53:13,7.79
2026-01-29 20:53:14,7.99
2026-01-29 20:53:15,7.99
2026-01-29 20:53:16,7.99
2026-01-29 20:53:17,7.99
2026-01-29 20:53:18,7.99
2026-01-29 20:53:19,8.04
2026-01-29 20:53:20,8.04
2026-01-29 20:53:21,8.04
2026-01-29 20:53:22,8.04
2026-01-29 20:53:23,8.04
2026-01-29 20:53:24,7.76
2026-01-29 20:53:25,7.76
2026-01-29 20:53:26,7.76
2026-01-29 20:53:27,7.76
2026-01-29 20:53:28,7.76
2026-01-29 20:53:29,7.67
2026-01-29 20:53:30,7.67
2026-01-29 20:53:31,7.67
2026-01-29 20:53:32,7.67
2026-01-29 20:53:33,7.67
2026-01-29 20:53:34,7.76
2026-01-29 20:53:35,7.76
2026-01-29 20:53:36,7.76
2026-01-29 20:53:37,7.76
2026-01-29 20:53:38,7.76
2026-01-29 20:53:39,7.76
2026-01-29 20:53:40,7.76
2026-01-29 20:53:41,7.76
2026-01-29 20:53:42,7.76
2026-01-29 20:53:43,7.76
2026-01-29 20:53:44,7.82
2026-01-29 20:53:45,7.82
2026-01-29 20:53:46,7.82
2026-01-29 20:53:47,7.82
2026-01-29 20:53:48,7.82
2026-01-29 20:53:49,7.93
2026-01-29 20:53:50,7.93
2026-01-29 20:53:51,7.93
2026-01-29 20:53:52,7.93
2026-01-29 20:53:53,7.93
2026-01-29 20:53:54,8.53
2026-01-29 20:53:55,8.53
2026-01-29 20:53:56,8.53
2026-01-29 20:53:57,8.53
2026-01-29 20:53:58,8.53
2026-01-29 20:53:59,9.37
2026-01-29 20:54:00,9.37
2026-01-29 20:54:01,9.37
2026-01-29 20:54:02,9.37
2026-01-29 20:54:03,9.37
2026-01-29 20:54:04,7.49
2026-01-29 20:54:05,7.49
2026-01-29 20:54:06,7.49
2026-01-29 20:54:07,7.49
2026-01-29 20:54:08,7.49
2026-01-29 20:54:09,0
2026-01-29 20:54:10,0
2026-01-29 20:54:11,0
2026-01-29 20:54:12,0
2026-01-29 20:54:13,0
2026-01-29 20:54:14,0
2026-01-29 20:54:15,0
2026-01-29 20:54:16,0
2026-01-29 20:54:17,0
2026-01-29 20:54:18,0
2026-01-29 20:54:19,0
2026-01-29 20:54:20,0
2026-01-29 20:54:21,0
2026-01-29 20:54:22,0
2026-01-29 20:54:23,0
2026-01-29 20:54:24,0
2026-01-29 20:54:25,0
2026-01-29 20:54:26,0
2026-01-29 20:54:27,0
2026-01-29 20:54:28,0
2026-01-29 20:54:29,0
2026-01-29 20:54:30,0
2026-01-29 20:54:31,0
2026-01-29 20:54:32,0
2026-01-29 20:54:33,0
2026-01-29 20:54:34,0
2026-01-29 20:54:35,0
2026-01-29 20:54:36,0
2026-01-29 20:54:37,0
2026-01-29 20:54:38,0
2026-01-29 20:54:39,0
2026-01-29 20:54:40,0
2026-01-29 20:54:41,0
2026-01-29 20:54:42,0
2026-01-29 20:54:43,0
2026-01-29 20:54:44,0
2026-01-29 20:54:45,0
2026-01-29 20:54:46,0
2026-01-29 20:54:47,0
2026-01-29 20:54:48,0
2026-01-29 20:54:49,0
2026-01-29 20:54:50,0
2026-01-29 20:54:51,0
2026-01-29 20:54:52,0
2026-01-29 20:54:53,0
2026-01-29 20:54:54,0
2026-01-29 20:54:55,0
2026-01-29 20:54:56,0
2026-01-29 20:54:57,0
2026-01-29 20:54:58,0
2026-01-29 20:54:59,0
2026-01-29 20:55:00,0
2026-01-29 20:55:01,0
2026-01-29 20:55:02,0
2026-01-29 20:55:03,0
2026-01-29 20:55:04,0
2026-01-29 20:55:05,0
2026-01-29 20:55:06,0
2026-01-29 20:55:07,0
2026-01-29 20:55:08,0
2026-01-29 20:55:09,0
2026-01-29 20:55:10,0
2026-01-29 20:55:11,0
2026-01-29 20:55:12,0
2026-01-29 20:55:13,0
2026-01-29 20:55:14,0
2026-01-29 20:55:15,0
2026-01-29 20:55:16,0
2026-01-29 20:55:17,0
2026-01-29 20:55:18,0
2026-01-29 20:55:19,0
2026-01-29 20:55:20,0
2026-01-29 20:55:21,0
2026-01-29 20:55:22,0
2026-01-29 20:55:23,0
2026-01-29 20:55:24,0
2026-01-29 20:55:25,0
2026-01-29 20:55:26,0
2026-01-29 20:55:27,0
2026-01-29 20:55:28,0
2026-01-29 20:55:29,0
2026-01-29 20:55:30,0
2026-01-29 20:55:31,0
2026-01-29 20:55:32,0
2026-01-29 20:55:33,0
2026-01-29 20:55:34,0
2026-01-29 20:55:35,0
2026-01-29 20:55:36,0
2026-01-29 20:55:37,0
2026-01-29 20:55:38,0
2026-01-29 20:55:39,0
2026-01-29 20:55:40,0
2026-01-29 20:55:41,0
2026-01-29 20:55:42,0
2026-01-29 20:55:43,0
2026-01-29 20:57:09,1.22
2026-01-29 20:57:10,1.22
2026-01-29 20:57:11,1.22
2026-01-29 20:57:12,1.22
2026-01-29 20:57:13,1.22
2026-01-29 20:57:14,7.87
2026-01-29 20:57:15,7.87
2026-01-29 20:57:16,7.87
2026-01-29 20:57:17,7.87
2026-01-29 20:57:18,7.87
2026-01-29 20:57:19,8.46
2026-01-29 20:57:20,8.46
2026-01-29 20:57:21,8.46
2026-01-29 20:57:22,8.46
2026-01-29 20:57:23,8.46
2026-01-29 20:57:24,7.98
2026-01-29 20:57:25,7.98
2026-01-29 20:57:26,7.98
2026-01-29 20:57:27,7.98
2026-01-29 20:57:28,7.98
2026-01-29 20:57:29,7.73
2026-01-29 20:57:30,7.73
2026-01-29 20:57:31,7.73
2026-01-29 20:57:32,7.73
2026-01-29 20:57:33,7.73
2026-01-29 20:57:34,7.72
2026-01-29 20:57:35,7.72
2026-01-29 20:57:36,7.72
2026-01-29 20:57:37,7.72
2026-01-29 20:57:38,7.72
2026-01-29 20:57:39,7.80
2026-01-29 20:57:40,7.80
2026-01-29 20:57:41,7.80
2026-01-29 20:57:42,7.80
2026-01-29 20:57:43,7.80
2026-01-29 20:57:44,7.75
2026-01-29 20:57:45,7.75
2026-01-29 20:57:46,7.75
2026-01-29 20:57:47,7.75
2026-01-29 20:57:48,7.75
2026-01-29 20:57:49,7.67
2026-01-29 20:57:50,7.67
2026-01-29 20:57:51,7.67
2026-01-29 20:57:52,7.67
2026-01-29 20:57:53,7.67
2026-01-29 20:57:54,7.84
2026-01-29 20:57:55,7.84
2026-01-29 20:57:56,7.84
2026-01-29 20:57:57,7.84
2026-01-29 20:57:58,7.84
2026-01-29 20:57:59,7.71
2026-01-29 20:58:00,7.71
2026-01-29 20:58:01,7.71
2026-01-29 20:58:02,7.71
2026-01-29 20:58:03,7.71
2026-01-29 20:58:04,7.75
2026-01-29 20:58:05,7.75
2026-01-29 20:58:06,7.75
2026-01-29 20:58:07,7.75
2026-01-29 20:58:08,7.75
2026-01-29 20:58:09,7.73
2026-01-29 20:58:10,7.73
2026-01-29 20:58:11,7.73
2026-01-29 20:58:12,7.73
2026-01-29 20:58:13,7.73
2026-01-29 20:58:14,7.84
2026-01-29 20:58:15,7.84
2026-01-29 20:58:16,7.84
2026-01-29 20:58:17,7.84
2026-01-29 20:58:18,7.84
2026-01-29 20:58:19,8.08
2026-01-29 20:58:20,8.08
2026-01-29 20:58:21,8.08
2026-01-29 20:58:22,8.08
2026-01-29 20:58:23,8.08
2026-01-29 20:58:24,7.75
2026-01-29 20:58:25,7.75
2026-01-29 20:58:26,7.75
2026-01-29 20:58:27,7.75
2026-01-29 20:58:28,7.75
2026-01-29 20:58:29,7.78
2026-01-29 20:58:30,7.78
2026-01-29 20:58:31,7.78
2026-01-29 20:58:32,7.78
2026-01-29 20:58:33,7.78
2026-01-29 20:58:34,7.79
2026-01-29 20:58:35,7.79
2026-01-29 20:58:36,7.79
2026-01-29 20:58:37,7.79
2026-01-29 20:58:38,7.79
2026-01-29 20:58:39,7.77
2026-01-29 20:58:40,7.77
2026-01-29 20:58:41,7.77
2026-01-29 20:58:42,7.77
2026-01-29 20:58:43,7.77
2026-01-29 20:58:44,7.70
2026-01-29 20:58:45,7.70
2026-01-29 20:58:46,7.70
2026-01-29 20:58:47,7.70
2026-01-29 20:58:48,7.70
2026-01-29 20:58:49,7.69
2026-01-29 20:58:50,7.69
2026-01-29 20:58:51,7.69
2026-01-29 20:58:52,7.69
2026-01-29 20:58:53,7.69
2026-01-29 20:58:54,7.78
2026-01-29 20:58:55,7.78
2026-01-29 20:58:56,7.78
2026-01-29 20:58:57,7.78
2026-01-29 20:58:58,7.78
2026-01-29 20:58:59,7.70
2026-01-29 20:59:00,7.70
2026-01-29 20:59:01,7.70
2026-01-29 20:59:02,7.70
2026-01-29 20:59:03,7.70
2026-01-29 20:59:04,7.79
2026-01-29 20:59:05,7.79
2026-01-29 20:59:06,7.79
2026-01-29 20:59:07,7.79
2026-01-29 20:59:08,7.79
2026-01-29 20:59:09,7.99
2026-01-29 20:59:10,7.99
2026-01-29 20:59:11,7.99
2026-01-29 20:59:12,7.99
2026-01-29 20:59:13,7.99
2026-01-29 20:59:14,7.86
2026-01-29 20:59:15,7.86
2026-01-29 20:59:16,7.86
2026-01-29 20:59:17,7.86
2026-01-29 20:59:18,7.86
2026-01-29 20:59:19,7.42
2026-01-29 20:59:20,7.42
2026-01-29 20:59:21,7.42
2026-01-29 20:59:22,7.42
2026-01-29 20:59:23,7.42
2026-01-29 20:59:24,9.03
2026-01-29 20:59:25,9.03
2026-01-29 20:59:26,9.03
2026-01-29 20:59:27,9.03
2026-01-29 20:59:28,9.03
2026-01-29 20:59:29,8.58
2026-01-29 20:59:30,8.58
2026-01-29 20:59:31,8.58
2026-01-29 20:59:32,8.58
2026-01-29 20:59:33,8.58
2026-01-29 20:59:34,8.55
2026-01-29 20:59:35,8.55
2026-01-29 20:59:36,8.55
2026-01-29 20:59:37,8.55
2026-01-29 20:59:38,8.55
2026-01-29 20:59:39,8.70
2026-01-29 20:59:40,8.70
2026-01-29 20:59:41,8.70
2026-01-29 20:59:42,8.70
2026-01-29 20:59:43,8.70
2026-01-29 20:59:44,9.94
2026-01-29 20:59:45,9.94
2026-01-29 20:59:46,9.94
2026-01-29 20:59:47,9.94
2026-01-29 20:59:48,9.94
2026-01-29 20:59:49,9.92
2026-01-29 20:59:50,9.92
2026-01-29 20:59:51,9.92
2026-01-29 20:59:52,9.92
2026-01-29 20:59:53,9.92
2026-01-29 20:59:54,11.0
2026-01-29 20:59:55,11.0
2026-01-29 20:59:56,11.0
2026-01-29 20:59:57,11.0
2026-01-29 20:59:58,11.0
2026-01-29 20:59:59,9.43
2026-01-29 21:00:00,9.43
2026-01-29 21:00:01,9.43
2026-01-29 21:00:02,9.43
2026-01-29 21:00:03,9.43
2026-01-29 21:00:04,8.71
2026-01-29 21:00:05,8.71
2026-01-29 21:00:06,8.71
2026-01-29 21:00:07,8.71
2026-01-29 21:00:08,8.71
2026-01-29 21:00:09,8.77
2026-01-29 21:00:10,8.77
2026-01-29 21:00:11,8.77
2026-01-29 21:00:12,8.77
2026-01-29 21:00:13,8.77
2026-01-29 21:00:14,8.95
2026-01-29 21:00:15,8.95
2026-01-29 21:00:16,8.95
2026-01-29 21:00:17,8.95
2026-01-29 21:00:18,8.95
2026-01-29 21:00:19,8.98
2026-01-29 21:00:20,8.98
2026-01-29 21:00:21,8.98
2026-01-29 21:00:22,8.98
2026-01-29 21:00:23,8.98
2026-01-29 21:00:24,8.66
2026-01-29 21:00:25,8.66
2026-01-29 21:00:26,8.66
2026-01-29 21:00:27,8.66
2026-01-29 21:00:28,8.66
2026-01-29 21:00:29,9.08
2026-01-29 21:00:30,9.08
2026-01-29 21:00:31,9.08
2026-01-29 21:00:32,9.08
2026-01-29 21:00:33,9.08
2026-01-29 21:00:34,8.50
2026-01-29 21:00:35,8.50
2026-01-29 21:00:36,8.50
2026-01-29 21:00:37,8.50
2026-01-29 21:00:38,8.50
2026-01-29 21:00:39,10.7
2026-01-29 21:00:40,10.7
2026-01-29 21:00:41,10.7
2026-01-29 21:00:42,10.7
2026-01-29 21:00:43,10.7
2026-01-29 21:00:44,8.76
2026-01-29 21:00:45,8.76
2026-01-29 21:00:46,8.76
2026-01-29 21:00:47,8.76
2026-01-29 21:00:48,8.76
2026-01-29 21:00:49,7.88
2026-01-29 21:00:50,7.88
2026-01-29 21:00:51,7.88
2026-01-29 21:00:52,7.88
2026-01-29 21:00:53,7.88
2026-01-29 21:00:54,7.90
2026-01-29 21:00:55,7.90
2026-01-29 21:00:56,7.90
2026-01-29 21:00:57,7.90
2026-01-29 21:00:58,7.90
2026-01-29 21:00:59,7.78
2026-01-29 21:01:00,7.78
2026-01-29 21:01:01,7.78
2026-01-29 21:01:02,7.78
2026-01-29 21:01:03,7.78
2026-01-29 21:01:04,7.85
2026-01-29 21:01:05,7.85
2026-01-29 21:01:06,7.85
2026-01-29 21:01:07,7.85
2026-01-29 21:01:08,7.85
2026-01-29 21:01:09,7.86
2026-01-29 21:01:10,7.86
2026-01-29 21:01:11,7.86
2026-01-29 21:01:12,7.86
2026-01-29 21:01:13,7.86
2026-01-29 21:01:14,8.00
2026-01-29 21:01:15,8.00
2026-01-29 21:01:16,8.00
2026-01-29 21:01:17,8.00
2026-01-29 21:01:18,8.00
2026-01-29 21:01:19,8.22
2026-01-29 21:01:20,8.22
2026-01-29 21:01:21,8.22
2026-01-29 21:01:22,8.22
2026-01-29 21:01:23,8.22
2026-01-29 21:01:24,7.79
2026-01-29 21:01:25,7.79
2026-01-29 21:01:26,7.79
2026-01-29 21:01:27,7.79
2026-01-29 21:01:28,7.79
2026-01-29 21:01:29,7.75
2026-01-29 21:01:30,7.75
2026-01-29 21:01:31,7.75
2026-01-29 21:01:32,7.75
2026-01-29 21:01:33,7.75
2026-01-29 21:01:34,7.88
2026-01-29 21:01:35,7.88
2026-01-29 21:01:36,7.88
2026-01-29 21:01:37,7.88
2026-01-29 21:01:38,7.88
2026-01-29 21:01:39,7.93
2026-01-29 21:01:40,7.93
2026-01-29 21:01:41,7.93
2026-01-29 21:01:42,7.93
2026-01-29 21:01:43,7.93
2026-01-29 21:01:44,7.85
2026-01-29 21:01:45,7.85
2026-01-29 21:01:46,7.85
2026-01-29 21:01:47,7.85
2026-01-29 21:01:48,7.85
2026-01-29 21:01:49,7.91
2026-01-29 21:01:50,7.91
2026-01-29 21:01:51,7.91
2026-01-29 21:01:52,7.91
2026-01-29 21:01:53,7.91
2026-01-29 21:01:54,7.87
2026-01-29 21:01:55,7.87
2026-01-29 21:01:56,7.87
2026-01-29 21:01:57,7.87
2026-01-29 21:01:58,7.87
2026-01-29 21:01:59,7.40
2026-01-29 21:02:00,7.40
2026-01-29 21:02:01,7.40
2026-01-29 21:02:02,7.40
2026-01-29 21:02:03,7.40
2026-01-29 21:02:04,8.78
2026-01-29 21:02:05,8.78
2026-01-29 21:02:06,8.78
2026-01-29 21:02:07,8.78
2026-01-29 21:02:08,8.78
2026-01-29 21:02:09,8.90
2026-01-29 21:02:10,8.90
2026-01-29 21:02:11,8.90
2026-01-29 21:02:12,8.90
2026-01-29 21:02:13,8.90
2026-01-29 21:02:14,10.5
2026-01-29 21:02:15,10.5
2026-01-29 21:02:16,10.5
2026-01-29 21:02:17,10.5
2026-01-29 21:02:18,10.5
2026-01-29 21:02:19,8.85
2026-01-29 21:02:20,8.85
2026-01-29 21:02:21,8.85
2026-01-29 21:02:22,8.85
2026-01-29 21:02:23,8.85
2026-01-29 21:02:24,9.38
2026-01-29 21:02:25,9.38
2026-01-29 21:02:26,9.38
2026-01-29 21:02:27,9.38
2026-01-29 21:02:28,9.38
2026-01-29 21:02:29,7.47
2026-01-29 21:02:30,7.47
2026-01-29 21:02:31,7.47
2026-01-29 21:02:32,7.47
2026-01-29 21:02:33,7.47
2026-01-29 21:02:34,6.53
2026-01-29 21:02:35,6.53
2026-01-29 21:02:36,6.53
2026-01-29 21:02:37,6.53
2026-01-29 21:02:38,6.53
2026-01-29 21:02:39,6.53
2026-01-29 21:02:40,6.53
2026-01-29 21:02:41,6.53
2026-01-29 21:02:42,6.53
2026-01-29 21:02:43,6.53
2026-01-29 21:02:44,6.50
2026-01-29 21:02:45,6.50
2026-01-29 21:02:46,6.50
2026-01-29 21:02:47,6.50
2026-01-29 21:02:48,6.50
2026-01-29 21:02:49,8.81
2026-01-29 21:02:50,8.81
2026-01-29 21:02:51,8.81
2026-01-29 21:02:52,8.81
2026-01-29 21:02:53,8.81
2026-01-29 21:02:54,6.87
2026-01-29 21:02:55,6.87
2026-01-29 21:02:56,6.87
2026-01-29 21:02:57,6.87
2026-01-29 21:02:58,6.87
2026-01-29 21:02:59,5.33
2026-01-29 21:03:00,5.33
2026-01-29 21:03:01,5.33
2026-01-29 21:03:02,5.33
2026-01-29 21:03:03,5.33
2026-01-29 21:03:04,5.39
2026-01-29 21:03:05,5.39
2026-01-29 21:03:06,5.39
2026-01-29 21:03:07,5.39
2026-01-29 21:03:08,5.39
2026-01-29 21:03:09,5.33
2026-01-29 21:03:10,5.33
2026-01-29 21:03:11,5.33
2026-01-29 21:03:12,5.33
2026-01-29 21:03:13,5.33
2026-01-29 21:03:14,5.49
2026-01-29 21:03:15,5.49
2026-01-29 21:03:16,5.49
2026-01-29 21:03:17,5.49
2026-01-29 21:03:18,5.49
2026-01-29 21:03:19,5.68
2026-01-29 21:03:20,5.68
2026-01-29 21:03:21,5.68
2026-01-29 21:03:22,5.68
2026-01-29 21:03:23,5.68
2026-01-29 21:03:24,5.33
2026-01-29 21:03:25,5.33
2026-01-29 21:03:26,5.33
2026-01-29 21:03:27,5.33
2026-01-29 21:03:28,5.33
2026-01-29 21:03:29,5.25
2026-01-29 21:03:30,5.25
2026-01-29 21:03:31,5.25
2026-01-29 21:03:32,5.25
2026-01-29 21:03:33,5.25
2026-01-29 21:03:34,5.32
2026-01-29 21:03:35,5.32
2026-01-29 21:03:36,5.32
2026-01-29 21:03:37,5.32
2026-01-29 21:03:38,5.32
2026-01-29 21:03:39,4.73
2026-01-29 21:03:40,4.73
2026-01-29 21:03:41,4.73
2026-01-29 21:03:42,4.73
2026-01-29 21:03:43,4.73
2026-01-29 21:03:44,4.78
2026-01-29 21:03:45,4.78
2026-01-29 21:03:46,4.78
2026-01-29 21:03:47,4.78
2026-01-29 21:03:48,4.78
2026-01-29 21:03:49,5.97
2026-01-29 21:03:50,5.97
2026-01-29 21:03:51,5.97
2026-01-29 21:03:52,5.97
2026-01-29 21:03:53,5.97
2026-01-29 21:03:54,8.22
2026-01-29 21:03:55,8.22
2026-01-29 21:03:56,8.22
2026-01-29 21:03:57,8.22
2026-01-29 21:03:58,8.22
2026-01-29 21:03:59,7.64
2026-01-29 21:04:00,7.64
2026-01-29 21:04:01,7.64
2026-01-29 21:04:02,7.64
2026-01-29 21:04:03,7.64
2026-01-29 21:04:04,7.01
2026-01-29 21:04:05,7.01
2026-01-29 21:04:06,7.01
2026-01-29 21:04:07,7.01
2026-01-29 21:04:08,7.01
2026-01-29 21:04:09,0
2026-01-29 21:04:10,0
2026-01-29 21:04:11,0
2026-01-29 21:04:12,0
2026-01-29 21:04:13,0
2026-01-29 21:04:14,0
2026-01-29 21:04:15,0
2026-01-29 21:04:16,0
2026-01-29 21:04:17,0
2026-01-29 21:04:18,0
2026-01-29 21:04:19,0
2026-01-29 21:04:20,0
2026-01-29 21:04:21,0
2026-01-29 21:04:22,0
2026-01-29 21:04:23,0
2026-01-29 21:04:24,0
2026-01-29 21:04:25,0
2026-01-29 21:04:26,0
2026-01-29 21:04:27,0
2026-01-29 21:04:28,0
2026-01-29 21:04:29,0
2026-01-29 21:04:30,0
2026-01-29 21:04:31,0
2026-01-29 21:04:32,0
2026-01-29 21:04:33,0
2026-01-29 21:04:34,0
2026-01-29 21:04:35,0
2026-01-29 21:04:36,0
2026-01-29 21:04:37,0
2026-01-29 21:04:38,0
2026-01-29 21:04:39,0
2026-01-29 21:04:40,0
2026-01-29 21:04:41,0
2026-01-29 21:04:42,0
2026-01-29 21:04:43,0
2026-01-29 21:04:44,0
2026-01-29 21:04:45,0
2026-01-29 21:04:46,0
2026-01-29 21:04:47,0
2026-01-29 21:04:48,0
2026-01-29 21:04:49,0
2026-01-29 21:04:50,0
2026-01-29 21:04:51,0
2026-01-29 21:04:52,0
2026-01-29 21:04:53,0
2026-01-29 21:04:54,0
2026-01-29 21:04:55,0
2026-01-29 21:04:56,0
2026-01-29 21:04:57,0
2026-01-29 21:04:58,0
2026-01-29 21:04:59,0
2026-01-29 21:05:00,0
2026-01-29 21:05:01,0
2026-01-29 21:05:02,0
2026-01-29 21:05:03,0
2026-01-29 21:05:04,0
2026-01-29 21:05:05,0
2026-01-29 21:05:06,0
2026-01-29 21:05:07,0
2026-01-29 21:05:08,0
2026-01-29 21:05:09,0
2026-01-29 21:05:10,0
2026-01-29 21:05:11,0
2026-01-29 21:05:12,0
2026-01-29 21:05:13,0
2026-01-29 21:05:14,0
2026-01-29 21:05:15,0
2026-01-29 21:05:16,0
2026-01-29 21:05:17,0
2026-01-29 21:05:18,0
2026-01-29 21:05:19,0
2026-01-29 21:05:20,0
2026-01-29 21:05:21,0
2026-01-29 21:05:22,0
2026-01-29 21:05:23,0
2026-01-29 21:05:24,0
2026-01-29 21:05:25,0
2026-01-29 21:05:26,0
2026-01-29 21:05:27,0
2026-01-29 21:05:28,0
2026-01-29 21:05:29,0
2026-01-29 21:05:30,0
2026-01-29 21:05:31,0
2026-01-29 21:05:32,0
2026-01-29 21:05:33,0
2026-01-29 21:05:34,0
2026-01-29 21:05:35,0
2026-01-29 21:05:36,0
2026-01-29 21:05:37,0
2026-01-29 21:05:38,0
2026-01-29 21:05:39,0
2026-01-29 21:05:40,0
2026-01-29 21:05:41,0
2026-01-29 21:05:42,0
2026-01-29 21:05:43,0
2026-01-29 21:05:54,1.01
2026-01-29 21:05:55,1.01
2026-01-29 21:05:56,1.01
2026-01-29 21:05:57,1.01
2026-01-29 21:05:58,1.01
2026-01-29 21:05:59,5.11
2026-01-29 21:06:00,5.11
2026-01-29 21:06:01,5.11
2026-01-29 21:06:02,5.11
2026-01-29 21:06:03,5.11
2026-01-29 21:06:04,6.74
2026-01-29 21:06:05,6.74
2026-01-29 21:06:06,6.74
2026-01-29 21:06:07,6.74
2026-01-29 21:06:08,6.74
2026-01-29 21:06:09,6.91
2026-01-29 21:06:10,6.91
2026-01-29 21:06:11,6.91
2026-01-29 21:06:12,6.91
2026-01-29 21:06:13,6.91
2026-01-29 21:06:14,7.03
2026-01-29 21:06:15,7.03
2026-01-29 21:06:16,7.03
2026-01-29 21:06:17,7.03
2026-01-29 21:06:18,7.03
2026-01-29 21:06:19,6.85
2026-01-29 21:06:20,6.85
2026-01-29 21:06:21,6.85
2026-01-29 21:06:22,6.85
2026-01-29 21:06:23,6.85
2026-01-29 21:06:24,6.85
2026-01-29 21:06:25,6.85
2026-01-29 21:06:26,6.85
2026-01-29 21:06:27,6.85
2026-01-29 21:06:28,6.85
2026-01-29 21:06:29,6.68
2026-01-29 21:06:30,6.68
2026-01-29 21:06:31,6.68
2026-01-29 21:06:32,6.68
2026-01-29 21:06:33,6.68
2026-01-29 21:06:34,6.68
2026-01-29 21:06:35,6.68
2026-01-29 21:06:36,6.68
2026-01-29 21:06:37,6.68
2026-01-29 21:06:38,6.68
2026-01-29 21:06:39,6.06
2026-01-29 21:06:40,6.06
2026-01-29 21:06:41,6.06
2026-01-29 21:06:42,6.06
2026-01-29 21:06:43,6.06
2026-01-29 21:06:44,8.14
2026-01-29 21:06:45,8.14
2026-01-29 21:06:46,8.14
2026-01-29 21:06:47,8.14
2026-01-29 21:06:48,8.14
2026-01-29 21:06:49,7.75
2026-01-29 21:06:50,7.75
2026-01-29 21:06:51,7.75
2026-01-29 21:06:52,7.75
2026-01-29 21:06:53,7.75
2026-01-29 21:06:54,7.80
2026-01-29 21:06:55,7.80
2026-01-29 21:06:56,7.80
2026-01-29 21:06:57,7.80
2026-01-29 21:06:58,7.80
2026-01-29 21:06:59,7.75
2026-01-29 21:07:00,7.75
2026-01-29 21:07:01,7.75
2026-01-29 21:07:02,7.75
2026-01-29 21:07:03,7.75
2026-01-29 21:07:04,7.77
2026-01-29 21:07:05,7.77
2026-01-29 21:07:06,7.77
2026-01-29 21:07:07,7.77
2026-01-29 21:07:08,7.77
2026-01-29 21:07:09,8.03
2026-01-29 21:07:10,8.03
2026-01-29 21:07:11,8.03
2026-01-29 21:07:12,8.03
2026-01-29 21:07:13,8.03
2026-01-29 21:07:14,7.82
2026-01-29 21:07:15,7.82
2026-01-29 21:07:16,7.82
2026-01-29 21:07:17,7.82
2026-01-29 21:07:18,7.82
2026-01-29 21:07:19,7.37
2026-01-29 21:07:20,7.37
2026-01-29 21:07:21,7.37
2026-01-29 21:07:22,7.37
2026-01-29 21:07:23,7.37
2026-01-29 21:07:24,8.90
2026-01-29 21:07:25,8.90
2026-01-29 21:07:26,8.90
2026-01-29 21:07:27,8.90
2026-01-29 21:07:28,8.90
2026-01-29 21:07:29,8.82
2026-01-29 21:07:30,8.82
2026-01-29 21:07:31,8.82
2026-01-29 21:07:32,8.82
2026-01-29 21:07:33,8.82
2026-01-29 21:07:34,8.73
2026-01-29 21:07:35,8.73
2026-01-29 21:07:36,8.73
2026-01-29 21:07:37,8.73
2026-01-29 21:07:38,8.73
2026-01-29 21:07:39,8.79
2026-01-29 21:07:40,8.79
2026-01-29 21:07:41,8.79
2026-01-29 21:07:42,8.79
2026-01-29 21:07:43,8.79
2026-01-29 21:07:44,8.69
2026-01-29 21:07:45,8.69
2026-01-29 21:07:46,8.69
2026-01-29 21:07:47,8.69
2026-01-29 21:07:48,8.69
2026-01-29 21:07:49,8.62
2026-01-29 21:07:50,8.62
2026-01-29 21:07:51,8.62
2026-01-29 21:07:52,8.62
2026-01-29 21:07:53,8.62
2026-01-29 21:07:54,8.68
2026-01-29 21:07:55,8.68
2026-01-29 21:07:56,8.68
2026-01-29 21:07:57,8.68
2026-01-29 21:07:58,8.68
2026-01-29 21:07:59,8.63
2026-01-29 21:08:00,8.63
2026-01-29 21:08:01,8.63
2026-01-29 21:08:02,8.63
2026-01-29 21:08:03,8.63
2026-01-29 21:08:04,8.69
2026-01-29 21:08:05,8.69
2026-01-29 21:08:06,8.69
2026-01-29 21:08:07,8.69
2026-01-29 21:08:08,8.69
2026-01-29 21:08:09,8.73
2026-01-29 21:08:10,8.73
2026-01-29 21:08:11,8.73
2026-01-29 21:08:12,8.73
2026-01-29 21:08:13,8.73
2026-01-29 21:08:14,8.74
2026-01-29 21:08:15,8.74
2026-01-29 21:08:16,8.74
2026-01-29 21:08:17,8.74
2026-01-29 21:08:18,8.74
2026-01-29 21:08:19,8.78
2026-01-29 21:08:20,8.78
2026-01-29 21:08:21,8.78
2026-01-29 21:08:22,8.78
2026-01-29 21:08:23,8.78
2026-01-29 21:08:24,8.83
2026-01-29 21:08:25,8.83
2026-01-29 21:08:26,8.83
2026-01-29 21:08:27,8.83
2026-01-29 21:08:28,8.83
2026-01-29 21:08:29,8.63
2026-01-29 21:08:30,8.63
2026-01-29 21:08:31,8.63
2026-01-29 21:08:32,8.63
2026-01-29 21:08:33,8.63
2026-01-29 21:08:34,8.68
2026-01-29 21:08:35,8.68
2026-01-29 21:08:36,8.68
2026-01-29 21:08:37,8.68
2026-01-29 21:08:38,8.68
2026-01-29 21:08:39,10.2
2026-01-29 21:08:40,10.2
2026-01-29 21:08:41,10.2
2026-01-29 21:08:42,10.2
2026-01-29 21:08:43,10.2
2026-01-29 21:08:44,8.75
2026-01-29 21:08:45,8.75
2026-01-29 21:08:46,8.75
2026-01-29 21:08:47,8.75
2026-01-29 21:08:48,8.75
2026-01-29 21:08:49,8.09
2026-01-29 21:08:50,8.09
2026-01-29 21:08:51,8.09
2026-01-29 21:08:52,8.09
2026-01-29 21:08:53,8.09
2026-01-29 21:08:54,8.22
2026-01-29 21:08:55,8.22
2026-01-29 21:08:56,8.22
2026-01-29 21:08:57,8.22
2026-01-29 21:08:58,8.22
2026-01-29 21:08:59,7.49
2026-01-29 21:09:00,7.49
2026-01-29 21:09:01,7.49
2026-01-29 21:09:02,7.49
2026-01-29 21:09:03,7.49
2026-01-29 21:09:04,9.04
2026-01-29 21:09:05,9.04
2026-01-29 21:09:06,9.04
2026-01-29 21:09:07,9.04
2026-01-29 21:09:08,9.04
2026-01-29 21:09:09,9.21
2026-01-29 21:09:10,9.21
2026-01-29 21:09:11,9.21
2026-01-29 21:09:12,9.21
2026-01-29 21:09:13,9.21
2026-01-29 21:09:14,9.00
2026-01-29 21:09:15,9.00
2026-01-29 21:09:16,9.00
2026-01-29 21:09:17,9.00
2026-01-29 21:09:18,9.00
2026-01-29 21:09:19,8.99
2026-01-29 21:09:20,8.99
2026-01-29 21:09:21,8.99
2026-01-29 21:09:22,8.99
2026-01-29 21:09:23,8.99
2026-01-29 21:09:24,9.04
2026-01-29 21:09:25,9.04
2026-01-29 21:09:26,9.04
2026-01-29 21:09:27,9.04
2026-01-29 21:09:28,9.04
2026-01-29 21:09:29,8.65
2026-01-29 21:09:30,8.65
2026-01-29 21:09:31,8.65
2026-01-29 21:09:32,8.65
2026-01-29 21:09:33,8.65
2026-01-29 21:09:34,9.94
2026-01-29 21:09:35,9.94
2026-01-29 21:09:36,9.94
2026-01-29 21:09:37,9.94
2026-01-29 21:09:38,9.94
2026-01-29 21:09:39,10.4
2026-01-29 21:09:40,10.4
2026-01-29 21:09:41,10.4
2026-01-29 21:09:42,10.4
2026-01-29 21:09:43,10.4
2026-01-29 21:09:44,11.2
2026-01-29 21:09:45,11.2
2026-01-29 21:09:46,11.2
2026-01-29 21:09:47,11.2
2026-01-29 21:09:48,11.2
2026-01-29 21:09:49,9.60
2026-01-29 21:09:50,9.60
2026-01-29 21:09:51,9.60
2026-01-29 21:09:52,9.60
2026-01-29 21:09:53,9.60
2026-01-29 21:09:54,8.99
2026-01-29 21:09:55,8.99
2026-01-29 21:09:56,8.99
2026-01-29 21:09:57,8.99
2026-01-29 21:09:58,8.99
2026-01-29 21:09:59,8.87
2026-01-29 21:10:00,8.87
2026-01-29 21:10:01,8.87
2026-01-29 21:10:02,8.87
2026-01-29 21:10:03,8.87
2026-01-29 21:10:04,9.07
2026-01-29 21:10:05,9.07
2026-01-29 21:10:06,9.07
2026-01-29 21:10:07,9.07
2026-01-29 21:10:08,9.07
2026-01-29 21:10:09,8.98
2026-01-29 21:10:10,8.98
2026-01-29 21:10:11,8.98
2026-01-29 21:10:12,8.98
2026-01-29 21:10:13,8.98
2026-01-29 21:10:14,8.94
2026-01-29 21:10:15,8.94
2026-01-29 21:10:16,8.94
2026-01-29 21:10:17,8.94
2026-01-29 21:10:18,8.94
2026-01-29 21:10:19,9.03
2026-01-29 21:10:20,9.03
2026-01-29 21:10:21,9.03
2026-01-29 21:10:22,9.03
2026-01-29 21:10:23,9.03
2026-01-29 21:10:24,9.16
2026-01-29 21:10:25,9.16
2026-01-29 21:10:26,9.16
2026-01-29 21:10:27,9.16
2026-01-29 21:10:28,9.16
2026-01-29 21:10:29,8.92
2026-01-29 21:10:30,8.92
2026-01-29 21:10:31,8.92
2026-01-29 21:10:32,8.92
2026-01-29 21:10:33,8.92
2026-01-29 21:10:34,9.03
2026-01-29 21:10:35,9.03
2026-01-29 21:10:36,9.03
2026-01-29 21:10:37,9.03
2026-01-29 21:10:38,9.03
2026-01-29 21:10:39,8.04
2026-01-29 21:10:40,8.04
2026-01-29 21:10:41,8.04
2026-01-29 21:10:42,8.04
2026-01-29 21:10:43,8.04
2026-01-29 21:10:44,9.93
2026-01-29 21:10:45,9.93
2026-01-29 21:10:46,9.93
2026-01-29 21:10:47,9.93
2026-01-29 21:10:48,9.93
2026-01-29 21:10:49,8.85
2026-01-29 21:10:50,8.85
2026-01-29 21:10:51,8.85
2026-01-29 21:10:52,8.85
2026-01-29 21:10:53,8.85
2026-01-29 21:10:54,9.99
2026-01-29 21:10:55,9.99
2026-01-29 21:10:56,9.99
2026-01-29 21:10:57,9.99
2026-01-29 21:10:58,9.99
2026-01-29 21:10:59,8.65
2026-01-29 21:11:00,8.65
2026-01-29 21:11:01,8.65
2026-01-29 21:11:02,8.65
2026-01-29 21:11:03,8.65
2026-01-29 21:11:04,7.80
2026-01-29 21:11:05,7.80
2026-01-29 21:11:06,7.80
2026-01-29 21:11:07,7.80
2026-01-29 21:11:08,7.80
2026-01-29 21:11:09,7.97
2026-01-29 21:11:10,7.97
2026-01-29 21:11:11,7.97
2026-01-29 21:11:12,7.97
2026-01-29 21:11:13,7.97
2026-01-29 21:11:14,7.83
2026-01-29 21:11:15,7.83
2026-01-29 21:11:16,7.83
2026-01-29 21:11:17,7.83
2026-01-29 21:11:18,7.83
2026-01-29 21:11:19,8.15
2026-01-29 21:11:20,8.15
2026-01-29 21:11:21,8.15
2026-01-29 21:11:22,8.15
2026-01-29 21:11:23,8.15
2026-01-29 21:11:24,8.01
2026-01-29 21:11:25,8.01
2026-01-29 21:11:26,8.01
2026-01-29 21:11:27,8.01
2026-01-29 21:11:28,8.01
2026-01-29 21:11:29,7.84
2026-01-29 21:11:30,7.84
2026-01-29 21:11:31,7.84
2026-01-29 21:11:32,7.84
2026-01-29 21:11:33,7.84
2026-01-29 21:11:34,7.81
2026-01-29 21:11:35,7.81
2026-01-29 21:11:36,7.81
2026-01-29 21:11:37,7.81
2026-01-29 21:11:38,7.81
2026-01-29 21:11:39,7.86
2026-01-29 21:11:40,7.86
2026-01-29 21:11:41,7.86
2026-01-29 21:11:42,7.86
2026-01-29 21:11:43,7.86
2026-01-29 21:11:44,7.79
2026-01-29 21:11:45,7.79
2026-01-29 21:11:46,7.79
2026-01-29 21:11:47,7.79
2026-01-29 21:11:48,7.79
2026-01-29 21:11:49,7.82
2026-01-29 21:11:50,7.82
2026-01-29 21:11:51,7.82
2026-01-29 21:11:52,7.82
2026-01-29 21:11:53,7.82
2026-01-29 21:11:54,7.82
2026-01-29 21:11:55,7.82
2026-01-29 21:11:56,7.82
2026-01-29 21:11:57,7.82
2026-01-29 21:11:58,7.82
2026-01-29 21:11:59,7.80
2026-01-29 21:12:00,7.80
2026-01-29 21:12:01,7.80
2026-01-29 21:12:02,7.80
2026-01-29 21:12:03,7.80
2026-01-29 21:12:04,7.82
2026-01-29 21:12:05,7.82
2026-01-29 21:12:06,7.82
2026-01-29 21:12:07,7.82
2026-01-29 21:12:08,7.82
2026-01-29 21:12:09,7.91
2026-01-29 21:12:10,7.91
2026-01-29 21:12:11,7.91
2026-01-29 21:12:12,7.91
2026-01-29 21:12:13,7.91
2026-01-29 21:12:14,8.09
2026-01-29 21:12:15,8.09
2026-01-29 21:12:16,8.09
2026-01-29 21:12:17,8.09
2026-01-29 21:12:18,8.09
2026-01-29 21:12:19,8.14
2026-01-29 21:12:20,8.14
2026-01-29 21:12:21,8.14
2026-01-29 21:12:22,8.14
2026-01-29 21:12:23,8.14
2026-01-29 21:12:24,8.15
2026-01-29 21:12:25,8.15
2026-01-29 21:12:26,8.15
2026-01-29 21:12:27,8.15
2026-01-29 21:12:28,8.15
2026-01-29 21:12:29,7.89
2026-01-29 21:12:30,7.89
2026-01-29 21:12:31,7.89
2026-01-29 21:12:32,7.89
2026-01-29 21:12:33,7.89
2026-01-29 21:12:34,7.92
2026-01-29 21:12:35,7.92
2026-01-29 21:12:36,7.92
2026-01-29 21:12:37,7.92
2026-01-29 21:12:38,7.92
2026-01-29 21:12:39,9.48
2026-01-29 21:12:40,9.48
2026-01-29 21:12:41,9.48
2026-01-29 21:12:42,9.48
2026-01-29 21:12:43,9.48
2026-01-29 21:12:44,7.76
2026-01-29 21:12:45,7.76
2026-01-29 21:12:46,7.76
2026-01-29 21:12:47,7.76
2026-01-29 21:12:48,7.76
2026-01-29 21:12:49,6.70
2026-01-29 21:12:50,6.70
2026-01-29 21:12:51,6.70
2026-01-29 21:12:52,6.70
2026-01-29 21:12:53,6.70
2026-01-29 21:12:54,6.68
2026-01-29 21:12:55,6.68
2026-01-29 21:12:56,6.68
2026-01-29 21:12:57,6.68
2026-01-29 21:12:58,6.68
2026-01-29 21:12:59,0
2026-01-29 21:13:00,0
2026-01-29 21:13:01,0
2026-01-29 21:13:02,0
2026-01-29 21:13:03,0
2026-01-29 21:13:04,0
2026-01-29 21:13:05,0
2026-01-29 21:13:06,0
2026-01-29 21:13:07,0
2026-01-29 21:13:08,0
2026-01-29 21:13:09,0
2026-01-29 21:13:10,0
2026-01-29 21:13:11,0
2026-01-29 21:13:12,0
2026-01-29 21:13:13,0
2026-01-29 21:13:14,0
2026-01-29 21:13:15,0
2026-01-29 21:13:16,0
2026-01-29 21:13:17,0
2026-01-29 21:13:18,0
2026-01-29 21:13:19,0
2026-01-29 21:13:20,0
2026-01-29 21:13:21,0
2026-01-29 21:13:22,0
2026-01-29 21:13:23,0
2026-01-29 21:13:24,0
2026-01-29 21:13:25,0
2026-01-29 21:13:26,0
2026-01-29 21:13:27,0
2026-01-29 21:13:28,0
2026-01-29 21:13:29,0
2026-01-29 21:13:30,0
2026-01-29 21:13:31,0
2026-01-29 21:13:32,0
2026-01-29 21:13:33,0
2026-01-29 21:13:34,0
2026-01-29 21:13:35,0
2026-01-29 21:13:36,0
2026-01-29 21:13:37,0
2026-01-29 21:13:38,0
2026-01-29 21:13:39,0
2026-01-29 21:13:40,0
2026-01-29 21:13:41,0
2026-01-29 21:13:42,0
2026-01-29 21:13:43,0
2026-01-29 21:13:44,0
2026-01-29 21:13:45,0
2026-01-29 21:13:46,0
2026-01-29 21:13:47,0
2026-01-29 21:13:48,0
2026-01-29 21:13:49,0
2026-01-29 21:13:50,0
2026-01-29 21:13:51,0
2026-01-29 21:13:52,0
2026-01-29 21:13:53,0
2026-01-29 21:13:54,0
2026-01-29 21:13:55,0
2026-01-29 21:13:56,0
2026-01-29 21:13:57,0
2026-01-29 21:13:58,0
2026-01-29 21:13:59,0
2026-01-29 21:14:00,0
2026-01-29 21:14:01,0
2026-01-29 21:14:02,0
2026-01-29 21:14:03,0
2026-01-29 21:14:04,0
2026-01-29 21:14:05,0
2026-01-29 21:14:06,0
2026-01-29 21:14:07,0
2026-01-29 21:14:08,0
2026-01-29 21:14:09,0
2026-01-29 21:14:10,0
2026-01-29 21:14:11,0
2026-01-29 21:14:12,0
2026-01-29 21:14:13,0
2026-01-29 21:14:14,0
2026-01-29 21:14:15,0
2026-01-29 21:14:16,0
2026-01-29 21:14:17,0
2026-01-29 21:14:18,0
2026-01-29 21:14:19,0
2026-01-29 21:14:20,0
2026-01-29 21:14:21,0
2026-01-29 21:14:22,0
2026-01-29 21:14:23,0
2026-01-29 21:14:24,0
2026-01-29 21:14:25,0
2026-01-29 21:14:26,0
2026-01-29 21:14:27,0
2026-01-29 21:14:28,0
2026-01-29 21:14:29,0
2026-01-29 21:14:30,0
2026-01-29 21:14:31,0
2026-01-29 21:14:32,0
2026-01-29 21:14:33,0
2026-01-29 21:14:54,0.714
2026-01-29 21:14:55,0.714
2026-01-29 21:14:56,0.714
2026-01-29 21:14:57,0.714
2026-01-29 21:14:58,0.714
2026-01-29 21:14:59,3.43
2026-01-29 21:15:00,3.43
2026-01-29 21:15:01,3.43
2026-01-29 21:15:02,3.43
2026-01-29 21:15:03,3.43
2026-01-29 21:15:04,5.64
2026-01-29 21:15:05,5.64
2026-01-29 21:15:06,5.64
2026-01-29 21:15:07,5.64
2026-01-29 21:15:08,5.64
2026-01-29 21:15:09,6.52
2026-01-29 21:15:10,6.52
2026-01-29 21:15:11,6.52
2026-01-29 21:15:12,6.52
2026-01-29 21:15:13,6.52
2026-01-29 21:15:14,4.68
2026-01-29 21:15:15,4.68
2026-01-29 21:15:16,4.68
2026-01-29 21:15:17,4.68
2026-01-29 21:15:18,4.68
2026-01-29 21:15:19,6.62
2026-01-29 21:15:20,6.62
2026-01-29 21:15:21,6.62
2026-01-29 21:15:22,6.62
2026-01-29 21:15:23,6.62
2026-01-29 21:15:24,6.17
2026-01-29 21:15:25,6.17
2026-01-29 21:15:26,6.17
2026-01-29 21:15:27,6.17
2026-01-29 21:15:28,6.17
2026-01-29 21:15:29,7.38
2026-01-29 21:15:30,7.38
2026-01-29 21:15:31,7.38
2026-01-29 21:15:32,7.38
2026-01-29 21:15:33,7.38
2026-01-29 21:15:34,7.74
2026-01-29 21:15:35,7.74
2026-01-29 21:15:36,7.74
2026-01-29 21:15:37,7.74
2026-01-29 21:15:38,7.74
2026-01-29 21:15:39,7.63
2026-01-29 21:15:40,7.63
2026-01-29 21:15:41,7.63
2026-01-29 21:15:42,7.63
2026-01-29 21:15:43,7.63
2026-01-29 21:15:44,7.61
2026-01-29 21:15:45,7.61
2026-01-29 21:15:46,7.61
2026-01-29 21:15:47,7.61
2026-01-29 21:15:48,7.61
2026-01-29 21:15:49,7.60
2026-01-29 21:15:50,7.60
2026-01-29 21:15:51,7.60
2026-01-29 21:15:52,7.60
2026-01-29 21:15:53,7.60
2026-01-29 21:15:54,7.57
2026-01-29 21:15:55,7.57
2026-01-29 21:15:56,7.57
2026-01-29 21:15:57,7.57
2026-01-29 21:15:58,7.57
2026-01-29 21:15:59,7.56
2026-01-29 21:16:00,7.56
2026-01-29 21:16:01,7.56
2026-01-29 21:16:02,7.56
2026-01-29 21:16:03,7.56
2026-01-29 21:16:04,7.59
2026-01-29 21:16:05,7.59
2026-01-29 21:16:06,7.59
2026-01-29 21:16:07,7.59
2026-01-29 21:16:08,7.59
2026-01-29 21:16:09,7.53
2026-01-29 21:16:10,7.53
2026-01-29 21:16:11,7.53
2026-01-29 21:16:12,7.53
2026-01-29 21:16:13,7.53
2026-01-29 21:16:14,7.61
2026-01-29 21:16:15,7.61
2026-01-29 21:16:16,7.61
2026-01-29 21:16:17,7.61
2026-01-29 21:16:18,7.61
2026-01-29 21:16:19,7.71
2026-01-29 21:16:20,7.71
2026-01-29 21:16:21,7.71
2026-01-29 21:16:22,7.71
2026-01-29 21:16:23,7.71
2026-01-29 21:16:24,7.20
2026-01-29 21:16:25,7.20
2026-01-29 21:16:26,7.20
2026-01-29 21:16:27,7.20
2026-01-29 21:16:28,7.20
2026-01-29 21:16:29,8.73
2026-01-29 21:16:30,8.73
2026-01-29 21:16:31,8.73
2026-01-29 21:16:32,8.73
2026-01-29 21:16:33,8.73
2026-01-29 21:16:34,10.4
2026-01-29 21:16:35,10.4
2026-01-29 21:16:36,10.4
2026-01-29 21:16:37,10.4
2026-01-29 21:16:38,10.4
2026-01-29 21:16:39,8.63
2026-01-29 21:16:40,8.63
2026-01-29 21:16:41,8.63
2026-01-29 21:16:42,8.63
2026-01-29 21:16:43,8.63
2026-01-29 21:16:44,7.71
2026-01-29 21:16:45,7.71
2026-01-29 21:16:46,7.71
2026-01-29 21:16:47,7.71
2026-01-29 21:16:48,7.71
2026-01-29 21:16:49,7.76
2026-01-29 21:16:50,7.76
2026-01-29 21:16:51,7.76
2026-01-29 21:16:52,7.76
2026-01-29 21:16:53,7.76
2026-01-29 21:16:54,7.79
2026-01-29 21:16:55,7.79
2026-01-29 21:16:56,7.79
2026-01-29 21:16:57,7.79
2026-01-29 21:16:58,7.79
2026-01-29 21:16:59,7.73
2026-01-29 21:17:00,7.73
2026-01-29 21:17:01,7.73
2026-01-29 21:17:02,7.73
2026-01-29 21:17:03,7.73
2026-01-29 21:17:04,7.75
2026-01-29 21:17:05,7.75
2026-01-29 21:17:06,7.75
2026-01-29 21:17:07,7.75
2026-01-29 21:17:08,7.75
2026-01-29 21:17:09,7.77
2026-01-29 21:17:10,7.77
2026-01-29 21:17:11,7.77
2026-01-29 21:17:12,7.77
2026-01-29 21:17:13,7.77
2026-01-29 21:17:14,7.77
2026-01-29 21:17:15,7.77
2026-01-29 21:17:16,7.77
2026-01-29 21:17:17,7.77
2026-01-29 21:17:18,7.77
2026-01-29 21:17:19,7.82
2026-01-29 21:17:20,7.82
2026-01-29 21:17:21,7.82
2026-01-29 21:17:22,7.82
2026-01-29 21:17:23,7.82
2026-01-29 21:17:24,7.47
2026-01-29 21:17:25,7.47
2026-01-29 21:17:26,7.47
2026-01-29 21:17:27,7.47
2026-01-29 21:17:28,7.47
2026-01-29 21:17:29,7.29
2026-01-29 21:17:30,7.29
2026-01-29 21:17:31,7.29
2026-01-29 21:17:32,7.29
2026-01-29 21:17:33,7.29
2026-01-29 21:17:34,9.34
2026-01-29 21:17:35,9.34
2026-01-29 21:17:36,9.34
2026-01-29 21:17:37,9.34
2026-01-29 21:17:38,9.34
2026-01-29 21:17:39,9.79
2026-01-29 21:17:40,9.79
2026-01-29 21:17:41,9.79
2026-01-29 21:17:42,9.79
2026-01-29 21:17:43,9.79
2026-01-29 21:17:44,10.7
2026-01-29 21:17:45,10.7
2026-01-29 21:17:46,10.7
2026-01-29 21:17:47,10.7
2026-01-29 21:17:48,10.7
2026-01-29 21:17:49,8.85
2026-01-29 21:17:50,8.85
2026-01-29 21:17:51,8.85
2026-01-29 21:17:52,8.85
2026-01-29 21:17:53,8.85
2026-01-29 21:17:54,8.84
2026-01-29 21:17:55,8.84
2026-01-29 21:17:56,8.84
2026-01-29 21:17:57,8.84
2026-01-29 21:17:58,8.84
2026-01-29 21:17:59,8.81
2026-01-29 21:18:00,8.81
2026-01-29 21:18:01,8.81
2026-01-29 21:18:02,8.81
2026-01-29 21:18:03,8.81
2026-01-29 21:18:04,8.86
2026-01-29 21:18:05,8.86
2026-01-29 21:18:06,8.86
2026-01-29 21:18:07,8.86
2026-01-29 21:18:08,8.86
2026-01-29 21:18:09,8.97
2026-01-29 21:18:10,8.97
2026-01-29 21:18:11,8.97
2026-01-29 21:18:12,8.97
2026-01-29 21:18:13,8.97
2026-01-29 21:18:14,8.76
2026-01-29 21:18:15,8.76
2026-01-29 21:18:16,8.76
2026-01-29 21:18:17,8.76
2026-01-29 21:18:18,8.76
2026-01-29 21:18:19,8.90
2026-01-29 21:18:20,8.90
2026-01-29 21:18:21,8.90
2026-01-29 21:18:22,8.90
2026-01-29 21:18:23,8.90
2026-01-29 21:18:24,9.01
2026-01-29 21:18:25,9.01
2026-01-29 21:18:26,9.01
2026-01-29 21:18:27,9.01
2026-01-29 21:18:28,9.01
2026-01-29 21:18:29,9.63
2026-01-29 21:18:30,9.63
2026-01-29 21:18:31,9.63
2026-01-29 21:18:32,9.63
2026-01-29 21:18:33,9.63
2026-01-29 21:18:34,8.03
2026-01-29 21:18:35,8.03
2026-01-29 21:18:36,8.03
2026-01-29 21:18:37,8.03
2026-01-29 21:18:38,8.03
2026-01-29 21:18:39,7.77
2026-01-29 21:18:40,7.77
2026-01-29 21:18:41,7.77
2026-01-29 21:18:42,7.77
2026-01-29 21:18:43,7.77
2026-01-29 21:18:44,7.78
2026-01-29 21:18:45,7.78
2026-01-29 21:18:46,7.78
2026-01-29 21:18:47,7.78
2026-01-29 21:18:48,7.78
2026-01-29 21:18:49,7.74
2026-01-29 21:18:50,7.74
2026-01-29 21:18:51,7.74
2026-01-29 21:18:52,7.74
2026-01-29 21:18:53,7.74
2026-01-29 21:18:54,7.81
2026-01-29 21:18:55,7.81
2026-01-29 21:18:56,7.81
2026-01-29 21:18:57,7.81
2026-01-29 21:18:58,7.81
2026-01-29 21:18:59,7.77
2026-01-29 21:19:00,7.77
2026-01-29 21:19:01,7.77
2026-01-29 21:19:02,7.77
2026-01-29 21:19:03,7.77
2026-01-29 21:19:04,7.90
2026-01-29 21:19:05,7.90
2026-01-29 21:19:06,7.90
2026-01-29 21:19:07,7.90
2026-01-29 21:19:08,7.90
2026-01-29 21:19:09,10.1
2026-01-29 21:19:10,10.1
2026-01-29 21:19:11,10.1
2026-01-29 21:19:12,10.1
2026-01-29 21:19:13,10.1
2026-01-29 21:19:14,8.16
2026-01-29 21:19:15,8.16
2026-01-29 21:19:16,8.16
2026-01-29 21:19:17,8.16
2026-01-29 21:19:18,8.16
2026-01-29 21:19:19,8.50
2026-01-29 21:19:20,8.50
2026-01-29 21:19:21,8.50
2026-01-29 21:19:22,8.50
2026-01-29 21:19:23,8.50
2026-01-29 21:19:24,10.6
2026-01-29 21:19:25,10.6
2026-01-29 21:19:26,10.6
2026-01-29 21:19:27,10.6
2026-01-29 21:19:28,10.6
2026-01-29 21:19:29,8.54
2026-01-29 21:19:30,8.54
2026-01-29 21:19:31,8.54
2026-01-29 21:19:32,8.54
2026-01-29 21:19:33,8.54
2026-01-29 21:19:34,6.63
2026-01-29 21:19:35,6.63
2026-01-29 21:19:36,6.63
2026-01-29 21:19:37,6.63
2026-01-29 21:19:38,6.63
2026-01-29 21:19:39,6.69
2026-01-29 21:19:40,6.69
2026-01-29 21:19:41,6.69
2026-01-29 21:19:42,6.69
2026-01-29 21:19:43,6.69
2026-01-29 21:19:44,6.70
2026-01-29 21:19:45,6.70
2026-01-29 21:19:46,6.70
2026-01-29 21:19:47,6.70
2026-01-29 21:19:48,6.70
2026-01-29 21:19:49,6.70
2026-01-29 21:19:50,6.70
2026-01-29 21:19:51,6.70
2026-01-29 21:19:52,6.70
2026-01-29 21:19:53,6.70
2026-01-29 21:19:54,6.65
2026-01-29 21:19:55,6.65
2026-01-29 21:19:56,6.65
2026-01-29 21:19:57,6.65
2026-01-29 21:19:58,6.65
2026-01-29 21:19:59,6.09
2026-01-29 21:20:00,6.09
2026-01-29 21:20:01,6.09
2026-01-29 21:20:02,6.09
2026-01-29 21:20:03,6.09
2026-01-29 21:20:04,8.09
2026-01-29 21:20:05,8.09
2026-01-29 21:20:06,8.09
2026-01-29 21:20:07,8.09
2026-01-29 21:20:08,8.09
2026-01-29 21:20:09,8.24
2026-01-29 21:20:10,8.24
2026-01-29 21:20:11,8.24
2026-01-29 21:20:12,8.24
2026-01-29 21:20:13,8.24
2026-01-29 21:20:14,7.73
2026-01-29 21:20:15,7.73
2026-01-29 21:20:16,7.73
2026-01-29 21:20:17,7.73
2026-01-29 21:20:18,7.73
2026-01-29 21:20:19,7.95
2026-01-29 21:20:20,7.95
2026-01-29 21:20:21,7.95
2026-01-29 21:20:22,7.95
2026-01-29 21:20:23,7.95
2026-01-29 21:20:24,7.96
2026-01-29 21:20:25,7.96
2026-01-29 21:20:26,7.96
2026-01-29 21:20:27,7.96
2026-01-29 21:20:28,7.96
2026-01-29 21:20:29,7.70
2026-01-29 21:20:30,7.70
2026-01-29 21:20:31,7.70
2026-01-29 21:20:32,7.70
2026-01-29 21:20:33,7.70
2026-01-29 21:20:34,7.80
2026-01-29 21:20:35,7.80
2026-01-29 21:20:36,7.80
2026-01-29 21:20:37,7.80
2026-01-29 21:20:38,7.80
2026-01-29 21:20:39,7.75
2026-01-29 21:20:40,7.75
2026-01-29 21:20:41,7.75
2026-01-29 21:20:42,7.75
2026-01-29 21:20:43,7.75
2026-01-29 21:20:44,7.82
2026-01-29 21:20:45,7.82
2026-01-29 21:20:46,7.82
2026-01-29 21:20:47,7.82
2026-01-29 21:20:48,7.82
2026-01-29 21:20:49,7.79
2026-01-29 21:20:50,7.79
2026-01-29 21:20:51,7.79
2026-01-29 21:20:52,7.79
2026-01-29 21:20:53,7.79
2026-01-29 21:20:54,7.75
2026-01-29 21:20:55,7.75
2026-01-29 21:20:56,7.75
2026-01-29 21:20:57,7.75
2026-01-29 21:20:58,7.75
2026-01-29 21:20:59,7.80
2026-01-29 21:21:00,7.80
2026-01-29 21:21:01,7.80
2026-01-29 21:21:02,7.80
2026-01-29 21:21:03,7.80
2026-01-29 21:21:04,7.88
2026-01-29 21:21:05,7.88
2026-01-29 21:21:06,7.88
2026-01-29 21:21:07,7.88
2026-01-29 21:21:08,7.88
2026-01-29 21:21:09,7.90
2026-01-29 21:21:10,7.90
2026-01-29 21:21:11,7.90
2026-01-29 21:21:12,7.90
2026-01-29 21:21:13,7.90
2026-01-29 21:21:14,7.72
2026-01-29 21:21:15,7.72
2026-01-29 21:21:16,7.72
2026-01-29 21:21:17,7.72
2026-01-29 21:21:18,7.72
2026-01-29 21:21:19,7.89
2026-01-29 21:21:20,7.89
2026-01-29 21:21:21,7.89
2026-01-29 21:21:22,7.89
2026-01-29 21:21:23,7.89
2026-01-29 21:21:24,8.03
2026-01-29 21:21:25,8.03
2026-01-29 21:21:26,8.03
2026-01-29 21:21:27,8.03
2026-01-29 21:21:28,8.03
2026-01-29 21:21:29,7.73
2026-01-29 21:21:30,7.73
2026-01-29 21:21:31,7.73
2026-01-29 21:21:32,7.73
2026-01-29 21:21:33,7.73
2026-01-29 21:21:34,7.72
2026-01-29 21:21:35,7.72
2026-01-29 21:21:36,7.72
2026-01-29 21:21:37,7.72
2026-01-29 21:21:38,7.72
2026-01-29 21:21:39,7.83
2026-01-29 21:21:40,7.83
2026-01-29 21:21:41,7.83
2026-01-29 21:21:42,7.83
2026-01-29 21:21:43,7.83
2026-01-29 21:21:44,7.76
2026-01-29 21:21:45,7.76
2026-01-29 21:21:46,7.76
2026-01-29 21:21:47,7.76
2026-01-29 21:21:48,7.76
2026-01-29 21:21:49,7.70
2026-01-29 21:21:50,7.70
2026-01-29 21:21:51,7.70
2026-01-29 21:21:52,7.70
2026-01-29 21:21:53,7.70
2026-01-29 21:21:54,0
2026-01-29 21:21:55,0
2026-01-29 21:21:56,0
2026-01-29 21:21:57,0
2026-01-29 21:21:58,0
2026-01-29 21:21:59,0
2026-01-29 21:22:00,0
2026-01-29 21:22:01,0
2026-01-29 21:22:02,0
2026-01-29 21:22:03,0
2026-01-29 21:22:04,0
2026-01-29 21:22:05,0
2026-01-29 21:22:06,0
2026-01-29 21:22:07,0
2026-01-29 21:22:08,0
2026-01-29 21:22:09,0
2026-01-29 21:22:10,0
2026-01-29 21:22:11,0
2026-01-29 21:22:12,0
2026-01-29 21:22:13,0
2026-01-29 21:22:14,0
2026-01-29 21:22:15,0
2026-01-29 21:22:16,0
2026-01-29 21:22:17,0
2026-01-29 21:22:18,0
2026-01-29 21:22:19,0
2026-01-29 21:22:20,0
2026-01-29 21:22:21,0
2026-01-29 21:22:22,0
2026-01-29 21:22:23,0
2026-01-29 21:22:24,0
2026-01-29 21:22:25,0
2026-01-29 21:22:26,0
2026-01-29 21:22:27,0
2026-01-29 21:22:28,0
2026-01-29 21:22:29,0
2026-01-29 21:22:30,0
2026-01-29 21:22:31,0
2026-01-29 21:22:32,0
2026-01-29 21:22:33,0
2026-01-29 21:22:34,0
2026-01-29 21:22:35,0
2026-01-29 21:22:36,0
2026-01-29 21:22:37,0
2026-01-29 21:22:38,0
2026-01-29 21:22:39,0
2026-01-29 21:22:40,0
2026-01-29 21:22:41,0
2026-01-29 21:22:42,0
2026-01-29 21:22:43,0
2026-01-29 21:22:44,0
2026-01-29 21:22:45,0
2026-01-29 21:22:46,0
2026-01-29 21:22:47,0
2026-01-29 21:22:48,0
2026-01-29 21:22:49,0
2026-01-29 21:22:50,0
2026-01-29 21:22:51,0
2026-01-29 21:22:52,0
2026-01-29 21:22:53,0
2026-01-29 21:22:54,0
2026-01-29 21:22:55,0
2026-01-29 21:22:56,0
2026-01-29 21:22:57,0
2026-01-29 21:22:58,0
2026-01-29 21:22:59,0
2026-01-29 21:23:00,0
2026-01-29 21:23:01,0
2026-01-29 21:23:02,0
2026-01-29 21:23:03,0
2026-01-29 21:23:04,0
2026-01-29 21:23:05,0
2026-01-29 21:23:06,0
2026-01-29 21:23:07,0
2026-01-29 21:23:08,0
2026-01-29 21:23:09,0
2026-01-29 21:23:10,0
2026-01-29 21:23:11,0
2026-01-29 21:23:12,0
2026-01-29 21:23:13,0
2026-01-29 21:23:14,0
2026-01-29 21:23:15,0
2026-01-29 21:23:16,0
2026-01-29 21:23:17,0
2026-01-29 21:23:18,0
2026-01-29 21:23:19,0
2026-01-29 21:23:20,0
2026-01-29 21:23:21,0
2026-01-29 21:23:22,0
2026-01-29 21:23:23,0
2026-01-29 21:23:24,0
2026-01-29 21:23:25,0
2026-01-29 21:23:26,0
2026-01-29 21:23:27,0
2026-01-29 21:23:28,0
2026-01-29 21:24:09,5.88
2026-01-29 21:24:10,5.88
2026-01-29 21:24:11,5.88
2026-01-29 21:24:12,5.88
2026-01-29 21:24:13,5.88
2026-01-29 21:24:14,7.86
2026-01-29 21:24:15,7.86
2026-01-29 21:24:16,7.86
2026-01-29 21:24:17,7.86
2026-01-29 21:24:18,7.86
2026-01-29 21:24:19,7.76
2026-01-29 21:24:20,7.76
2026-01-29 21:24:21,7.76
2026-01-29 21:24:22,7.76
2026-01-29 21:24:23,7.76
2026-01-29 21:24:24,7.51
2026-01-29 21:24:25,7.51
2026-01-29 21:24:26,7.51
2026-01-29 21:24:27,7.51
2026-01-29 21:24:28,7.51
2026-01-29 21:24:29,8.18
2026-01-29 21:24:30,8.18
2026-01-29 21:24:31,8.18
2026-01-29 21:24:32,8.18
2026-01-29 21:24:33,8.18
2026-01-29 21:24:34,8.41
2026-01-29 21:24:35,8.41
2026-01-29 21:24:36,8.41
2026-01-29 21:24:37,8.41
2026-01-29 21:24:38,8.41
2026-01-29 21:24:39,7.28
2026-01-29 21:24:40,7.28
2026-01-29 21:24:41,7.28
2026-01-29 21:24:42,7.28
2026-01-29 21:24:43,7.28
2026-01-29 21:24:44,8.73
2026-01-29 21:24:45,8.73
2026-01-29 21:24:46,8.73
2026-01-29 21:24:47,8.73
2026-01-29 21:24:48,8.73
2026-01-29 21:24:49,6.69
2026-01-29 21:24:50,6.69
2026-01-29 21:24:51,6.69
2026-01-29 21:24:52,6.69
2026-01-29 21:24:53,6.69
2026-01-29 21:24:54,6.68
2026-01-29 21:24:55,6.68
2026-01-29 21:24:56,6.68
2026-01-29 21:24:57,6.68
2026-01-29 21:24:58,6.68
2026-01-29 21:24:59,6.59
2026-01-29 21:25:00,6.59
2026-01-29 21:25:01,6.59
2026-01-29 21:25:02,6.59
2026-01-29 21:25:03,6.59
2026-01-29 21:25:04,8.80
2026-01-29 21:25:05,8.80
2026-01-29 21:25:06,8.80
2026-01-29 21:25:07,8.80
2026-01-29 21:25:08,8.80
2026-01-29 21:25:09,6.75
2026-01-29 21:25:10,6.75
2026-01-29 21:25:11,6.75
2026-01-29 21:25:12,6.75
2026-01-29 21:25:13,6.75
2026-01-29 21:25:14,5.30
2026-01-29 21:25:15,5.30
2026-01-29 21:25:16,5.30
2026-01-29 21:25:17,5.30
2026-01-29 21:25:18,5.30
2026-01-29 21:25:19,5.50
2026-01-29 21:25:20,5.50
2026-01-29 21:25:21,5.50
2026-01-29 21:25:22,5.50
2026-01-29 21:25:23,5.50
2026-01-29 21:25:24,5.62
2026-01-29 21:25:25,5.62
2026-01-29 21:25:26,5.62
2026-01-29 21:25:27,5.62
2026-01-29 21:25:28,5.62
2026-01-29 21:25:29,5.33
2026-01-29 21:25:30,5.33
2026-01-29 21:25:31,5.33
2026-01-29 21:25:32,5.33
2026-01-29 21:25:33,5.33
2026-01-29 21:25:34,5.26
2026-01-29 21:25:35,5.26
2026-01-29 21:25:36,5.26
2026-01-29 21:25:37,5.26
2026-01-29 21:25:38,5.26
2026-01-29 21:25:39,5.42
2026-01-29 21:25:40,5.42
2026-01-29 21:25:41,5.42
2026-01-29 21:25:42,5.42
2026-01-29 21:25:43,5.42
2026-01-29 21:25:44,5.29
2026-01-29 21:25:45,5.29
2026-01-29 21:25:46,5.29
2026-01-29 21:25:47,5.29
2026-01-29 21:25:48,5.29
2026-01-29 21:25:49,4.44
2026-01-29 21:25:50,4.44
2026-01-29 21:25:51,4.44
2026-01-29 21:25:52,4.44
2026-01-29 21:25:53,4.44
2026-01-29 21:25:54,6.65
2026-01-29 21:25:55,6.65
2026-01-29 21:25:56,6.65
2026-01-29 21:25:57,6.65
2026-01-29 21:25:58,6.65
2026-01-29 21:25:59,6.80
2026-01-29 21:26:00,6.80
2026-01-29 21:26:01,6.80
2026-01-29 21:26:02,6.80
2026-01-29 21:26:03,6.80
2026-01-29 21:26:04,6.71
2026-01-29 21:26:05,6.71
2026-01-29 21:26:06,6.71
2026-01-29 21:26:07,6.71
2026-01-29 21:26:08,6.71
2026-01-29 21:26:09,5.90
2026-01-29 21:26:10,5.90
2026-01-29 21:26:11,5.90
2026-01-29 21:26:12,5.90
2026-01-29 21:26:13,5.90
2026-01-29 21:26:14,8.22
2026-01-29 21:26:15,8.22
2026-01-29 21:26:16,8.22
2026-01-29 21:26:17,8.22
2026-01-29 21:26:18,8.22
2026-01-29 21:26:19,8.06
2026-01-29 21:26:20,8.06
2026-01-29 21:26:21,8.06
2026-01-29 21:26:22,8.06
2026-01-29 21:26:23,8.06
2026-01-29 21:26:24,7.71
2026-01-29 21:26:25,7.71
2026-01-29 21:26:26,7.71
2026-01-29 21:26:27,7.71
2026-01-29 21:26:28,7.71
2026-01-29 21:26:29,7.66
2026-01-29 21:26:30,7.66
2026-01-29 21:26:31,7.66
2026-01-29 21:26:32,7.66
2026-01-29 21:26:33,7.66
2026-01-29 21:26:34,7.45
2026-01-29 21:26:35,7.45
2026-01-29 21:26:36,7.45
2026-01-29 21:26:37,7.45
2026-01-29 21:26:38,7.45
2026-01-29 21:26:39,7.87
2026-01-29 21:26:40,7.87
2026-01-29 21:26:41,7.87
2026-01-29 21:26:42,7.87
2026-01-29 21:26:43,7.87
2026-01-29 21:26:44,9.14
2026-01-29 21:26:45,9.14
2026-01-29 21:26:46,9.14
2026-01-29 21:26:47,9.14
2026-01-29 21:26:48,9.14
2026-01-29 21:26:49,8.78
2026-01-29 21:26:50,8.78
2026-01-29 21:26:51,8.78
2026-01-29 21:26:52,8.78
2026-01-29 21:26:53,8.78
2026-01-29 21:26:54,9.00
2026-01-29 21:26:55,9.00
2026-01-29 21:26:56,9.00
2026-01-29 21:26:57,9.00
2026-01-29 21:26:58,9.00
2026-01-29 21:26:59,8.86
2026-01-29 21:27:00,8.86
2026-01-29 21:27:01,8.86
2026-01-29 21:27:02,8.86
2026-01-29 21:27:03,8.86
2026-01-29 21:27:04,8.84
2026-01-29 21:27:05,8.84
2026-01-29 21:27:06,8.84
2026-01-29 21:27:07,8.84
2026-01-29 21:27:08,8.84
2026-01-29 21:27:09,8.95
2026-01-29 21:27:10,8.95
2026-01-29 21:27:11,8.95
2026-01-29 21:27:12,8.95
2026-01-29 21:27:13,8.95
2026-01-29 21:27:14,8.91
2026-01-29 21:27:15,8.91
2026-01-29 21:27:16,8.91
2026-01-29 21:27:17,8.91
2026-01-29 21:27:18,8.91
2026-01-29 21:27:19,8.82
2026-01-29 21:27:20,8.82
2026-01-29 21:27:21,8.82
2026-01-29 21:27:22,8.82
2026-01-29 21:27:23,8.82
2026-01-29 21:27:24,9.07
2026-01-29 21:27:25,9.07
2026-01-29 21:27:26,9.07
2026-01-29 21:27:27,9.07
2026-01-29 21:27:28,9.07
2026-01-29 21:27:29,9.15
2026-01-29 21:27:30,9.15
2026-01-29 21:27:31,9.15
2026-01-29 21:27:32,9.15
2026-01-29 21:27:33,9.15
2026-01-29 21:27:34,10.0
2026-01-29 21:27:35,10.0
2026-01-29 21:27:36,10.0
2026-01-29 21:27:37,10.0
2026-01-29 21:27:38,10.0
2026-01-29 21:27:39,8.40
2026-01-29 21:27:40,8.40
2026-01-29 21:27:41,8.40
2026-01-29 21:27:42,8.40
2026-01-29 21:27:43,8.40
2026-01-29 21:27:44,7.75
2026-01-29 21:27:45,7.75
2026-01-29 21:27:46,7.75
2026-01-29 21:27:47,7.75
2026-01-29 21:27:48,7.75
2026-01-29 21:27:49,7.70
2026-01-29 21:27:50,7.70
2026-01-29 21:27:51,7.70
2026-01-29 21:27:52,7.70
2026-01-29 21:27:53,7.70
2026-01-29 21:27:54,7.81
2026-01-29 21:27:55,7.81
2026-01-29 21:27:56,7.81
2026-01-29 21:27:57,7.81
2026-01-29 21:27:58,7.81
2026-01-29 21:27:59,7.73
2026-01-29 21:28:00,7.73
2026-01-29 21:28:01,7.73
2026-01-29 21:28:02,7.73
2026-01-29 21:28:03,7.73
2026-01-29 21:28:04,7.72
2026-01-29 21:28:05,7.72
2026-01-29 21:28:06,7.72
2026-01-29 21:28:07,7.72
2026-01-29 21:28:08,7.72
2026-01-29 21:28:09,7.87
2026-01-29 21:28:10,7.87
2026-01-29 21:28:11,7.87
2026-01-29 21:28:12,7.87
2026-01-29 21:28:13,7.87
2026-01-29 21:28:14,7.75
2026-01-29 21:28:15,7.75
2026-01-29 21:28:16,7.75
2026-01-29 21:28:17,7.75
2026-01-29 21:28:18,7.75
2026-01-29 21:28:19,7.74
2026-01-29 21:28:20,7.74
2026-01-29 21:28:21,7.74
2026-01-29 21:28:22,7.74
2026-01-29 21:28:23,7.74
2026-01-29 21:28:24,7.80
2026-01-29 21:28:25,7.80
2026-01-29 21:28:26,7.80
2026-01-29 21:28:27,7.80
2026-01-29 21:28:28,7.80
2026-01-29 21:28:29,7.89
2026-01-29 21:28:30,7.89
2026-01-29 21:28:31,7.89
2026-01-29 21:28:32,7.89
2026-01-29 21:28:33,7.89
2026-01-29 21:28:34,7.77
2026-01-29 21:28:35,7.77
2026-01-29 21:28:36,7.77
2026-01-29 21:28:37,7.77
2026-01-29 21:28:38,7.77
2026-01-29 21:28:39,7.89
2026-01-29 21:28:40,7.89
2026-01-29 21:28:41,7.89
2026-01-29 21:28:42,7.89
2026-01-29 21:28:43,7.89
2026-01-29 21:28:44,7.78
2026-01-29 21:28:45,7.78
2026-01-29 21:28:46,7.78
2026-01-29 21:28:47,7.78
2026-01-29 21:28:48,7.78
2026-01-29 21:28:49,7.75
2026-01-29 21:28:50,7.75
2026-01-29 21:28:51,7.75
2026-01-29 21:28:52,7.75
2026-01-29 21:28:53,7.75
2026-01-29 21:28:54,7.78
2026-01-29 21:28:55,7.78
2026-01-29 21:28:56,7.78
2026-01-29 21:28:57,7.78
2026-01-29 21:28:58,7.78
2026-01-29 21:28:59,7.58
2026-01-29 21:29:00,7.58
2026-01-29 21:29:01,7.58
2026-01-29 21:29:02,7.58
2026-01-29 21:29:03,7.58
2026-01-29 21:29:04,7.60
2026-01-29 21:29:05,7.60
2026-01-29 21:29:06,7.60
2026-01-29 21:29:07,7.60
2026-01-29 21:29:08,7.60
2026-01-29 21:29:09,11.5
2026-01-29 21:29:10,11.5
2026-01-29 21:29:11,11.5
2026-01-29 21:29:12,11.5
2026-01-29 21:29:13,11.5
2026-01-29 21:29:14,7.88
2026-01-29 21:29:15,7.88
2026-01-29 21:29:16,7.88
2026-01-29 21:29:17,7.88
2026-01-29 21:29:18,7.88
2026-01-29 21:29:19,7.86
2026-01-29 21:29:20,7.86
2026-01-29 21:29:21,7.86
2026-01-29 21:29:22,7.86
2026-01-29 21:29:23,7.86
2026-01-29 21:29:24,7.97
2026-01-29 21:29:25,7.97
2026-01-29 21:29:26,7.97
2026-01-29 21:29:27,7.97
2026-01-29 21:29:28,7.97
2026-01-29 21:29:29,7.98
2026-01-29 21:29:30,7.98
2026-01-29 21:29:31,7.98
2026-01-29 21:29:32,7.98
2026-01-29 21:29:33,7.98
2026-01-29 21:29:34,7.76
2026-01-29 21:29:35,7.76
2026-01-29 21:29:36,7.76
2026-01-29 21:29:37,7.76
2026-01-29 21:29:38,7.76
2026-01-29 21:29:39,7.84
2026-01-29 21:29:40,7.84
2026-01-29 21:29:41,7.84
2026-01-29 21:29:42,7.84
2026-01-29 21:29:43,7.84
2026-01-29 21:29:44,7.88
2026-01-29 21:29:45,7.88
2026-01-29 21:29:46,7.88
2026-01-29 21:29:47,7.88
2026-01-29 21:29:48,7.88
2026-01-29 21:29:49,7.88
2026-01-29 21:29:50,7.88
2026-01-29 21:29:51,7.88
2026-01-29 21:29:52,7.88
2026-01-29 21:29:53,7.88
2026-01-29 21:29:54,7.86
2026-01-29 21:29:55,7.86
2026-01-29 21:29:56,7.86
2026-01-29 21:29:57,7.86
2026-01-29 21:29:58,7.86
2026-01-29 21:29:59,7.81
2026-01-29 21:30:00,7.81
2026-01-29 21:30:01,7.81
2026-01-29 21:30:02,7.81
2026-01-29 21:30:03,7.81
2026-01-29 21:30:04,7.86
2026-01-29 21:30:05,7.86
2026-01-29 21:30:06,7.86
2026-01-29 21:30:07,7.86
2026-01-29 21:30:08,7.86
2026-01-29 21:30:09,7.91
2026-01-29 21:30:10,7.91
2026-01-29 21:30:11,7.91
2026-01-29 21:30:12,7.91
2026-01-29 21:30:13,7.91
2026-01-29 21:30:14,7.87
2026-01-29 21:30:15,7.87
2026-01-29 21:30:16,7.87
2026-01-29 21:30:17,7.87
2026-01-29 21:30:18,7.87
2026-01-29 21:30:19,7.80
2026-01-29 21:30:20,7.80
2026-01-29 21:30:21,7.80
2026-01-29 21:30:22,7.80
2026-01-29 21:30:23,7.80
2026-01-29 21:30:24,7.92
2026-01-29 21:30:25,7.92
2026-01-29 21:30:26,7.92
2026-01-29 21:30:27,7.92
2026-01-29 21:30:28,7.92
2026-01-29 21:30:29,7.98
2026-01-29 21:30:30,7.98
2026-01-29 21:30:31,7.98
2026-01-29 21:30:32,7.98
2026-01-29 21:30:33,7.98
2026-01-29 21:30:34,7.89
2026-01-29 21:30:35,7.89
2026-01-29 21:30:36,7.89
2026-01-29 21:30:37,7.89
2026-01-29 21:30:38,7.89
2026-01-29 21:30:39,7.84
2026-01-29 21:30:40,7.84
2026-01-29 21:30:41,7.84
2026-01-29 21:30:42,7.84
2026-01-29 21:30:43,7.84
2026-01-29 21:30:44,7.85
2026-01-29 21:30:45,7.85
2026-01-29 21:30:46,7.85
2026-01-29 21:30:47,7.85
2026-01-29 21:30:48,7.85
2026-01-29 21:30:49,7.92
2026-01-29 21:30:50,7.92
2026-01-29 21:30:51,7.92
2026-01-29 21:30:52,7.92
2026-01-29 21:30:53,7.92
2026-01-29 21:30:54,7.92
2026-01-29 21:30:55,7.92
2026-01-29 21:30:56,7.92
2026-01-29 21:30:57,7.92
2026-01-29 21:30:58,7.92
2026-01-29 21:30:59,7.81
2026-01-29 21:31:00,7.81
2026-01-29 21:31:01,7.81
2026-01-29 21:31:02,7.81
2026-01-29 21:31:03,7.81
2026-01-29 21:31:04,0
2026-01-29 21:31:05,0
2026-01-29 21:31:06,0
2026-01-29 21:31:07,0
2026-01-29 21:31:08,0
2026-01-29 21:31:09,0
2026-01-29 21:31:10,0
2026-01-29 21:31:11,0
2026-01-29 21:31:12,0
2026-01-29 21:31:13,0
2026-01-29 21:31:14,0
2026-01-29 21:31:15,0
2026-01-29 21:31:16,0
2026-01-29 21:31:17,0
2026-01-29 21:31:18,0
2026-01-29 21:31:19,0
2026-01-29 21:31:20,0
2026-01-29 21:31:21,0
2026-01-29 21:31:22,0
2026-01-29 21:31:23,0
2026-01-29 21:31:24,0
2026-01-29 21:31:25,0
2026-01-29 21:31:26,0
2026-01-29 21:31:27,0
2026-01-29 21:31:28,0
2026-01-29 21:31:29,0
2026-01-29 21:31:30,0
2026-01-29 21:31:31,0
2026-01-29 21:31:32,0
2026-01-29 21:31:33,0
2026-01-29 21:31:34,0
2026-01-29 21:31:35,0
2026-01-29 21:31:36,0
2026-01-29 21:31:37,0
2026-01-29 21:31:38,0
2026-01-29 21:31:39,0
2026-01-29 21:31:40,0
2026-01-29 21:31:41,0
2026-01-29 21:31:42,0
2026-01-29 21:31:43,0
2026-01-29 21:31:44,0
2026-01-29 21:31:45,0
2026-01-29 21:31:46,0
2026-01-29 21:31:47,0
2026-01-29 21:31:48,0
2026-01-29 21:31:49,0
2026-01-29 21:31:50,0
2026-01-29 21:31:51,0
2026-01-29 21:31:52,0
2026-01-29 21:31:53,0
2026-01-29 21:31:54,0
2026-01-29 21:31:55,0
2026-01-29 21:31:56,0
2026-01-29 21:31:57,0
2026-01-29 21:31:58,0
2026-01-29 21:31:59,0
2026-01-29 21:32:00,0
2026-01-29 21:32:01,0
2026-01-29 21:32:02,0
2026-01-29 21:32:03,0
2026-01-29 21:32:04,0
2026-01-29 21:32:05,0
2026-01-29 21:32:06,0
2026-01-29 21:32:07,0
2026-01-29 21:32:08,0
2026-01-29 21:32:09,0
2026-01-29 21:32:10,0
2026-01-29 21:32:11,0
2026-01-29 21:32:12,0
2026-01-29 21:32:13,0
2026-01-29 21:32:14,0
2026-01-29 21:32:15,0
2026-01-29 21:32:16,0
2026-01-29 21:32:17,0
2026-01-29 21:32:18,0
2026-01-29 21:32:19,0
2026-01-29 21:32:20,0
2026-01-29 21:32:21,0
2026-01-29 21:32:22,0
2026-01-29 21:32:23,0
2026-01-29 21:32:24,0
2026-01-29 21:32:25,0
2026-01-29 21:32:26,0
2026-01-29 21:32:27,0
2026-01-29 21:32:28,0
2026-01-29 21:32:29,0
2026-01-29 21:32:30,0
2026-01-29 21:32:31,0
2026-01-29 21:32:32,0
2026-01-29 21:32:33,0
2026-01-29 21:32:34,0
2026-01-29 21:32:35,0
2026-01-29 21:32:36,0
2026-01-29 21:32:37,0
2026-01-29 21:32:38,0
2026-01-29 21:33:59,1.96
2026-01-29 21:34:00,1.96
2026-01-29 21:34:01,1.96
2026-01-29 21:34:02,1.96
2026-01-29 21:34:03,1.96
2026-01-29 21:34:04,5.82
2026-01-29 21:34:05,5.82
2026-01-29 21:34:06,5.82
2026-01-29 21:34:07,5.82
2026-01-29 21:34:08,5.82
2026-01-29 21:34:09,6.98
2026-01-29 21:34:10,6.98
2026-01-29 21:34:11,6.98
2026-01-29 21:34:12,6.98
2026-01-29 21:34:13,6.98
2026-01-29 21:34:14,7.89
2026-01-29 21:34:15,7.89
2026-01-29 21:34:16,7.89
2026-01-29 21:34:17,7.89
2026-01-29 21:34:18,7.89
2026-01-29 21:34:19,7.83
2026-01-29 21:34:20,7.83
2026-01-29 21:34:21,7.83
2026-01-29 21:34:22,7.83
2026-01-29 21:34:23,7.83
2026-01-29 21:34:24,8.25
2026-01-29 21:34:25,8.25
2026-01-29 21:34:26,8.25
2026-01-29 21:34:27,8.25
2026-01-29 21:34:28,8.25
2026-01-29 21:34:29,8.11
2026-01-29 21:34:30,8.11
2026-01-29 21:34:31,8.11
2026-01-29 21:34:32,8.11
2026-01-29 21:34:33,8.11
2026-01-29 21:34:34,7.83
2026-01-29 21:34:35,7.83
2026-01-29 21:34:36,7.83
2026-01-29 21:34:37,7.83
2026-01-29 21:34:38,7.83
2026-01-29 21:34:39,7.81
2026-01-29 21:34:40,7.81
2026-01-29 21:34:41,7.81
2026-01-29 21:34:42,7.81
2026-01-29 21:34:43,7.81
2026-01-29 21:34:44,7.83
2026-01-29 21:34:45,7.83
2026-01-29 21:34:46,7.83
2026-01-29 21:34:47,7.83
2026-01-29 21:34:48,7.83
2026-01-29 21:34:49,7.80
2026-01-29 21:34:50,7.80
2026-01-29 21:34:51,7.80
2026-01-29 21:34:52,7.80
2026-01-29 21:34:53,7.80
2026-01-29 21:34:54,7.80
2026-01-29 21:34:55,7.80
2026-01-29 21:34:56,7.80
2026-01-29 21:34:57,7.80
2026-01-29 21:34:58,7.80
2026-01-29 21:34:59,7.77
2026-01-29 21:35:00,7.77
2026-01-29 21:35:01,7.77
2026-01-29 21:35:02,7.77
2026-01-29 21:35:03,7.77
2026-01-29 21:35:04,7.81
2026-01-29 21:35:05,7.81
2026-01-29 21:35:06,7.81
2026-01-29 21:35:07,7.81
2026-01-29 21:35:08,7.81
2026-01-29 21:35:09,7.88
2026-01-29 21:35:10,7.88
2026-01-29 21:35:11,7.88
2026-01-29 21:35:12,7.88
2026-01-29 21:35:13,7.88
2026-01-29 21:35:14,7.76
2026-01-29 21:35:15,7.76
2026-01-29 21:35:16,7.76
2026-01-29 21:35:17,7.76
2026-01-29 21:35:18,7.76
2026-01-29 21:35:19,7.82
2026-01-29 21:35:20,7.82
2026-01-29 21:35:21,7.82
2026-01-29 21:35:22,7.82
2026-01-29 21:35:23,7.82
2026-01-29 21:35:24,7.88
2026-01-29 21:35:25,7.88
2026-01-29 21:35:26,7.88
2026-01-29 21:35:27,7.88
2026-01-29 21:35:28,7.88
2026-01-29 21:35:29,7.96
2026-01-29 21:35:30,7.96
2026-01-29 21:35:31,7.96
2026-01-29 21:35:32,7.96
2026-01-29 21:35:33,7.96
2026-01-29 21:35:34,7.77
2026-01-29 21:35:35,7.77
2026-01-29 21:35:36,7.77
2026-01-29 21:35:37,7.77
2026-01-29 21:35:38,7.77
2026-01-29 21:35:39,7.76
2026-01-29 21:35:40,7.76
2026-01-29 21:35:41,7.76
2026-01-29 21:35:42,7.76
2026-01-29 21:35:43,7.76
2026-01-29 21:35:44,7.88
2026-01-29 21:35:45,7.88
2026-01-29 21:35:46,7.88
2026-01-29 21:35:47,7.88
2026-01-29 21:35:48,7.88
2026-01-29 21:35:49,7.43
2026-01-29 21:35:50,7.43
2026-01-29 21:35:51,7.43
2026-01-29 21:35:52,7.43
2026-01-29 21:35:53,7.43
2026-01-29 21:35:54,7.91
2026-01-29 21:35:55,7.91
2026-01-29 21:35:56,7.91
2026-01-29 21:35:57,7.91
2026-01-29 21:35:58,7.91
2026-01-29 21:35:59,9.91
2026-01-29 21:36:00,9.91
2026-01-29 21:36:01,9.91
2026-01-29 21:36:02,9.91
2026-01-29 21:36:03,9.91
2026-01-29 21:36:04,8.25
2026-01-29 21:36:05,8.25
2026-01-29 21:36:06,8.25
2026-01-29 21:36:07,8.25
2026-01-29 21:36:08,8.25
2026-01-29 21:36:09,7.79
2026-01-29 21:36:10,7.79
2026-01-29 21:36:11,7.79
2026-01-29 21:36:12,7.79
2026-01-29 21:36:13,7.79
2026-01-29 21:36:14,7.80
2026-01-29 21:36:15,7.80
2026-01-29 21:36:16,7.80
2026-01-29 21:36:17,7.80
2026-01-29 21:36:18,7.80
2026-01-29 21:36:19,7.72
2026-01-29 21:36:20,7.72
2026-01-29 21:36:21,7.72
2026-01-29 21:36:22,7.72
2026-01-29 21:36:23,7.72
2026-01-29 21:36:24,13.3
2026-01-29 21:36:25,13.3
2026-01-29 21:36:26,13.3
2026-01-29 21:36:27,13.3
2026-01-29 21:36:28,13.3
2026-01-29 21:36:29,8.23
2026-01-29 21:36:30,8.23
2026-01-29 21:36:31,8.23
2026-01-29 21:36:32,8.23
2026-01-29 21:36:33,8.23
2026-01-29 21:36:34,5.32
2026-01-29 21:36:35,5.32
2026-01-29 21:36:36,5.32
2026-01-29 21:36:37,5.32
2026-01-29 21:36:38,5.32
2026-01-29 21:36:39,5.31
2026-01-29 21:36:40,5.31
2026-01-29 21:36:41,5.31
2026-01-29 21:36:42,5.31
2026-01-29 21:36:43,5.31
2026-01-29 21:36:44,5.32
2026-01-29 21:36:45,5.32
2026-01-29 21:36:46,5.32
2026-01-29 21:36:47,5.32
2026-01-29 21:36:48,5.32
2026-01-29 21:36:49,5.25
2026-01-29 21:36:50,5.25
2026-01-29 21:36:51,5.25
2026-01-29 21:36:52,5.25
2026-01-29 21:36:53,5.25
2026-01-29 21:36:54,5.35
2026-01-29 21:36:55,5.35
2026-01-29 21:36:56,5.35
2026-01-29 21:36:57,5.35
2026-01-29 21:36:58,5.35
2026-01-29 21:36:59,5.27
2026-01-29 21:37:00,5.27
2026-01-29 21:37:01,5.27
2026-01-29 21:37:02,5.27
2026-01-29 21:37:03,5.27
2026-01-29 21:37:04,5.30
2026-01-29 21:37:05,5.30
2026-01-29 21:37:06,5.30
2026-01-29 21:37:07,5.30
2026-01-29 21:37:08,5.30
2026-01-29 21:37:09,5.36
2026-01-29 21:37:10,5.36
2026-01-29 21:37:11,5.36
2026-01-29 21:37:12,5.36
2026-01-29 21:37:13,5.36
2026-01-29 21:37:14,5.43
2026-01-29 21:37:15,5.43
2026-01-29 21:37:16,5.43
2026-01-29 21:37:17,5.43
2026-01-29 21:37:18,5.43
2026-01-29 21:37:19,5.36
2026-01-29 21:37:20,5.36
2026-01-29 21:37:21,5.36
2026-01-29 21:37:22,5.36
2026-01-29 21:37:23,5.36
2026-01-29 21:37:24,5.36
2026-01-29 21:37:25,5.36
2026-01-29 21:37:26,5.36
2026-01-29 21:37:27,5.36
2026-01-29 21:37:28,5.36
2026-01-29 21:37:29,5.46
2026-01-29 21:37:30,5.46
2026-01-29 21:37:31,5.46
2026-01-29 21:37:32,5.46
2026-01-29 21:37:33,5.46
2026-01-29 21:37:34,5.42
2026-01-29 21:37:35,5.42
2026-01-29 21:37:36,5.42
2026-01-29 21:37:37,5.42
2026-01-29 21:37:38,5.42
2026-01-29 21:37:39,6.03
2026-01-29 21:37:40,6.03
2026-01-29 21:37:41,6.03
2026-01-29 21:37:42,6.03
2026-01-29 21:37:43,6.03
2026-01-29 21:37:44,5.92
2026-01-29 21:37:45,5.92
2026-01-29 21:37:46,5.92
2026-01-29 21:37:47,5.92
2026-01-29 21:37:48,5.92
2026-01-29 21:37:49,5.45
2026-01-29 21:37:50,5.45
2026-01-29 21:37:51,5.45
2026-01-29 21:37:52,5.45
2026-01-29 21:37:53,5.45
2026-01-29 21:37:54,4.95
2026-01-29 21:37:55,4.95
2026-01-29 21:37:56,4.95
2026-01-29 21:37:57,4.95
2026-01-29 21:37:58,4.95
2026-01-29 21:37:59,8.73
2026-01-29 21:38:00,8.73
2026-01-29 21:38:01,8.73
2026-01-29 21:38:02,8.73
2026-01-29 21:38:03,8.73
2026-01-29 21:38:04,8.10
2026-01-29 21:38:05,8.10
2026-01-29 21:38:06,8.10
2026-01-29 21:38:07,8.10
2026-01-29 21:38:08,8.10
2026-01-29 21:38:09,7.92
2026-01-29 21:38:10,7.92
2026-01-29 21:38:11,7.92
2026-01-29 21:38:12,7.92
2026-01-29 21:38:13,7.92
2026-01-29 21:38:14,8.22
2026-01-29 21:38:15,8.22
2026-01-29 21:38:16,8.22
2026-01-29 21:38:17,8.22
2026-01-29 21:38:18,8.22
2026-01-29 21:38:19,8.58
2026-01-29 21:38:20,8.58
2026-01-29 21:38:21,8.58
2026-01-29 21:38:22,8.58
2026-01-29 21:38:23,8.58
2026-01-29 21:38:24,8.66
2026-01-29 21:38:25,8.66
2026-01-29 21:38:26,8.66
2026-01-29 21:38:27,8.66
2026-01-29 21:38:28,8.66
2026-01-29 21:38:29,9.67
2026-01-29 21:38:30,9.67
2026-01-29 21:38:31,9.67
2026-01-29 21:38:32,9.67
2026-01-29 21:38:33,9.67
2026-01-29 21:38:34,7.86
2026-01-29 21:38:35,7.86
2026-01-29 21:38:36,7.86
2026-01-29 21:38:37,7.86
2026-01-29 21:38:38,7.86
2026-01-29 21:38:39,7.91
2026-01-29 21:38:40,7.91
2026-01-29 21:38:41,7.91
2026-01-29 21:38:42,7.91
2026-01-29 21:38:43,7.91
2026-01-29 21:38:44,7.87
2026-01-29 21:38:45,7.87
2026-01-29 21:38:46,7.87
2026-01-29 21:38:47,7.87
2026-01-29 21:38:48,7.87
2026-01-29 21:38:49,9.49
2026-01-29 21:38:50,9.49
2026-01-29 21:38:51,9.49
2026-01-29 21:38:52,9.49
2026-01-29 21:38:53,9.49
2026-01-29 21:38:54,10.1
2026-01-29 21:38:55,10.1
2026-01-29 21:38:56,10.1
2026-01-29 21:38:57,10.1
2026-01-29 21:38:58,10.1
2026-01-29 21:38:59,7.59
2026-01-29 21:39:00,7.59
2026-01-29 21:39:01,7.59
2026-01-29 21:39:02,7.59
2026-01-29 21:39:03,7.59
2026-01-29 21:39:04,9.49
2026-01-29 21:39:05,9.49
2026-01-29 21:39:06,9.49
2026-01-29 21:39:07,9.49
2026-01-29 21:39:08,9.49
2026-01-29 21:39:09,8.97
2026-01-29 21:39:10,8.97
2026-01-29 21:39:11,8.97
2026-01-29 21:39:12,8.97
2026-01-29 21:39:13,8.97
2026-01-29 21:39:14,8.82
2026-01-29 21:39:15,8.82
2026-01-29 21:39:16,8.82
2026-01-29 21:39:17,8.82
2026-01-29 21:39:18,8.82
2026-01-29 21:39:19,9.45
2026-01-29 21:39:20,9.45
2026-01-29 21:39:21,9.45
2026-01-29 21:39:22,9.45
2026-01-29 21:39:23,9.45
2026-01-29 21:39:24,9.13
2026-01-29 21:39:25,9.13
2026-01-29 21:39:26,9.13
2026-01-29 21:39:27,9.13
2026-01-29 21:39:28,9.13
2026-01-29 21:39:29,8.93
2026-01-29 21:39:30,8.93
2026-01-29 21:39:31,8.93
2026-01-29 21:39:32,8.93
2026-01-29 21:39:33,8.93
2026-01-29 21:39:34,8.88
2026-01-29 21:39:35,8.88
2026-01-29 21:39:36,8.88
2026-01-29 21:39:37,8.88
2026-01-29 21:39:38,8.88
2026-01-29 21:39:39,8.94
2026-01-29 21:39:40,8.94
2026-01-29 21:39:41,8.94
2026-01-29 21:39:42,8.94
2026-01-29 21:39:43,8.94
2026-01-29 21:39:44,9.13
2026-01-29 21:39:45,9.13
2026-01-29 21:39:46,9.13
2026-01-29 21:39:47,9.13
2026-01-29 21:39:48,9.13
2026-01-29 21:39:49,9.22
2026-01-29 21:39:50,9.22
2026-01-29 21:39:51,9.22
2026-01-29 21:39:52,9.22
2026-01-29 21:39:53,9.22
2026-01-29 21:39:54,8.89
2026-01-29 21:39:55,8.89
2026-01-29 21:39:56,8.89
2026-01-29 21:39:57,8.89
2026-01-29 21:39:58,8.89
2026-01-29 21:39:59,8.86
2026-01-29 21:40:00,8.86
2026-01-29 21:40:01,8.86
2026-01-29 21:40:02,8.86
2026-01-29 21:40:03,8.86
2026-01-29 21:40:04,9.30
2026-01-29 21:40:05,9.30
2026-01-29 21:40:06,9.30
2026-01-29 21:40:07,9.30
2026-01-29 21:40:08,9.30
2026-01-29 21:40:09,8.91
2026-01-29 21:40:10,8.91
2026-01-29 21:40:11,8.91
2026-01-29 21:40:12,8.91
2026-01-29 21:40:13,8.91
2026-01-29 21:40:14,8.66
2026-01-29 21:40:15,8.66
2026-01-29 21:40:16,8.66
2026-01-29 21:40:17,8.66
2026-01-29 21:40:18,8.66
2026-01-29 21:40:19,10.3
2026-01-29 21:40:20,10.3
2026-01-29 21:40:21,10.3
2026-01-29 21:40:22,10.3
2026-01-29 21:40:23,10.3
2026-01-29 21:40:24,8.64
2026-01-29 21:40:25,8.64
2026-01-29 21:40:26,8.64
2026-01-29 21:40:27,8.64
2026-01-29 21:40:28,8.64
2026-01-29 21:40:29,7.98
2026-01-29 21:40:30,7.98
2026-01-29 21:40:31,7.98
2026-01-29 21:40:32,7.98
2026-01-29 21:40:33,7.98
2026-01-29 21:40:34,8.15
2026-01-29 21:40:35,8.15
2026-01-29 21:40:36,8.15
2026-01-29 21:40:37,8.15
2026-01-29 21:40:38,8.15
2026-01-29 21:40:39,7.96
2026-01-29 21:40:40,7.96
2026-01-29 21:40:41,7.96
2026-01-29 21:40:42,7.96
2026-01-29 21:40:43,7.96
2026-01-29 21:40:44,8.05
2026-01-29 21:40:45,8.05
2026-01-29 21:40:46,8.05
2026-01-29 21:40:47,8.05
2026-01-29 21:40:48,8.05
2026-01-29 21:40:49,8.04
2026-01-29 21:40:50,8.04
2026-01-29 21:40:51,8.04
2026-01-29 21:40:52,8.04
2026-01-29 21:40:53,8.04
2026-01-29 21:40:54,8.08
2026-01-29 21:40:55,8.08
2026-01-29 21:40:56,8.08
2026-01-29 21:40:57,8.08
2026-01-29 21:40:58,8.08
2026-01-29 21:40:59,7.92
2026-01-29 21:41:00,7.92
2026-01-29 21:41:01,7.92
2026-01-29 21:41:02,7.92
2026-01-29 21:41:03,7.92
2026-01-29 21:41:04,8.26
2026-01-29 21:41:05,8.26
2026-01-29 21:41:06,8.26
2026-01-29 21:41:07,8.26
2026-01-29 21:41:08,8.26
2026-01-29 21:41:09,0
2026-01-29 21:41:10,0
2026-01-29 21:41:11,0
2026-01-29 21:41:12,0
2026-01-29 21:41:13,0
2026-01-29 21:41:14,0
2026-01-29 21:41:15,0
2026-01-29 21:41:16,0
2026-01-29 21:41:17,0
2026-01-29 21:41:18,0
2026-01-29 21:41:19,0
2026-01-29 21:41:20,0
2026-01-29 21:41:21,0
2026-01-29 21:41:22,0
2026-01-29 21:41:23,0
2026-01-29 21:41:24,0
2026-01-29 21:41:25,0
2026-01-29 21:41:26,0
2026-01-29 21:41:27,0
2026-01-29 21:41:28,0
2026-01-29 21:41:29,0
2026-01-29 21:41:30,0
2026-01-29 21:41:31,0
2026-01-29 21:41:32,0
2026-01-29 21:41:33,0
2026-01-29 21:41:34,0
2026-01-29 21:41:35,0
2026-01-29 21:41:36,0
2026-01-29 21:41:37,0
2026-01-29 21:41:38,0
2026-01-29 21:41:39,0
2026-01-29 21:41:40,0
2026-01-29 21:41:41,0
2026-01-29 21:41:42,0
2026-01-29 21:41:43,0
2026-01-29 21:41:44,0
2026-01-29 21:41:45,0
2026-01-29 21:41:46,0
2026-01-29 21:41:47,0
2026-01-29 21:41:48,0
2026-01-29 21:41:49,0
2026-01-29 21:41:50,0
2026-01-29 21:41:51,0
2026-01-29 21:41:52,0
2026-01-29 21:41:53,0
2026-01-29 21:41:54,0
2026-01-29 21:41:55,0
2026-01-29 21:41:56,0
2026-01-29 21:41:57,0
2026-01-29 21:41:58,0
2026-01-29 21:41:59,0
2026-01-29 21:42:00,0
2026-01-29 21:42:01,0
2026-01-29 21:42:02,0
2026-01-29 21:42:03,0
2026-01-29 21:42:04,0
2026-01-29 21:42:05,0
2026-01-29 21:42:06,0
2026-01-29 21:42:07,0
2026-01-29 21:42:08,0
2026-01-29 21:42:09,0
2026-01-29 21:42:10,0
2026-01-29 21:42:11,0
2026-01-29 21:42:12,0
2026-01-29 21:42:13,0
2026-01-29 21:42:14,0
2026-01-29 21:42:15,0
2026-01-29 21:42:16,0
2026-01-29 21:42:17,0
2026-01-29 21:42:18,0
2026-01-29 21:42:19,0
2026-01-29 21:42:20,0
2026-01-29 21:42:21,0
2026-01-29 21:42:22,0
2026-01-29 21:42:23,0
2026-01-29 21:42:24,0
2026-01-29 21:42:25,0
2026-01-29 21:42:26,0
2026-01-29 21:42:27,0
2026-01-29 21:42:28,0
2026-01-29 21:42:29,0
2026-01-29 21:42:30,0
2026-01-29 21:42:31,0
2026-01-29 21:42:32,0
2026-01-29 21:42:33,0
2026-01-29 21:42:34,0
2026-01-29 21:42:35,0
2026-01-29 21:42:36,0
2026-01-29 21:42:37,0
2026-01-29 21:42:38,0
2026-01-29 21:42:39,0
2026-01-29 21:42:40,0
2026-01-29 21:42:41,0
2026-01-29 21:42:42,0
2026-01-29 21:42:43,0
2026-01-29 21:44:04,4.62
2026-01-29 21:44:05,4.62
2026-01-29 21:44:06,4.62
2026-01-29 21:44:07,4.62
2026-01-29 21:44:08,4.62
2026-01-29 21:44:09,8.68
2026-01-29 21:44:10,8.68
2026-01-29 21:44:11,8.68
2026-01-29 21:44:12,8.68
2026-01-29 21:44:13,8.68
2026-01-29 21:44:14,9.45
2026-01-29 21:44:15,9.45
2026-01-29 21:44:16,9.45
2026-01-29 21:44:17,9.45
2026-01-29 21:44:18,9.45
2026-01-29 21:44:19,6.59
2026-01-29 21:44:20,6.59
2026-01-29 21:44:21,6.59
2026-01-29 21:44:22,6.59
2026-01-29 21:44:23,6.59
2026-01-29 21:44:24,6.82
2026-01-29 21:44:25,6.82
2026-01-29 21:44:26,6.82
2026-01-29 21:44:27,6.82
2026-01-29 21:44:28,6.82
2026-01-29 21:44:29,6.67
2026-01-29 21:44:30,6.67
2026-01-29 21:44:31,6.67
2026-01-29 21:44:32,6.67
2026-01-29 21:44:33,6.67
2026-01-29 21:44:34,6.56
2026-01-29 21:44:35,6.56
2026-01-29 21:44:36,6.56
2026-01-29 21:44:37,6.56
2026-01-29 21:44:38,6.56
2026-01-29 21:44:39,6.68
2026-01-29 21:44:40,6.68
2026-01-29 21:44:41,6.68
2026-01-29 21:44:42,6.68
2026-01-29 21:44:43,6.68
2026-01-29 21:44:44,6.55
2026-01-29 21:44:45,6.55
2026-01-29 21:44:46,6.55
2026-01-29 21:44:47,6.55
2026-01-29 21:44:48,6.55
2026-01-29 21:44:49,6.89
2026-01-29 21:44:50,6.89
2026-01-29 21:44:51,6.89
2026-01-29 21:44:52,6.89
2026-01-29 21:44:53,6.89
2026-01-29 21:44:54,6.65
2026-01-29 21:44:55,6.65
2026-01-29 21:44:56,6.65
2026-01-29 21:44:57,6.65
2026-01-29 21:44:58,6.65
2026-01-29 21:44:59,6.73
2026-01-29 21:45:00,6.73
2026-01-29 21:45:01,6.73
2026-01-29 21:45:02,6.73
2026-01-29 21:45:03,6.73
2026-01-29 21:45:04,6.18
2026-01-29 21:45:05,6.18
2026-01-29 21:45:06,6.18
2026-01-29 21:45:07,6.18
2026-01-29 21:45:08,6.18
2026-01-29 21:45:09,7.53
2026-01-29 21:45:10,7.53
2026-01-29 21:45:11,7.53
2026-01-29 21:45:12,7.53
2026-01-29 21:45:13,7.53
2026-01-29 21:45:14,7.32
2026-01-29 21:45:15,7.32
2026-01-29 21:45:16,7.32
2026-01-29 21:45:17,7.32
2026-01-29 21:45:18,7.32
2026-01-29 21:45:19,9.37
2026-01-29 21:45:20,9.37
2026-01-29 21:45:21,9.37
2026-01-29 21:45:22,9.37
2026-01-29 21:45:23,9.37
2026-01-29 21:45:24,8.11
2026-01-29 21:45:25,8.11
2026-01-29 21:45:26,8.11
2026-01-29 21:45:27,8.11
2026-01-29 21:45:28,8.11
2026-01-29 21:45:29,7.88
2026-01-29 21:45:30,7.88
2026-01-29 21:45:31,7.88
2026-01-29 21:45:32,7.88
2026-01-29 21:45:33,7.88
2026-01-29 21:45:34,8.01
2026-01-29 21:45:35,8.01
2026-01-29 21:45:36,8.01
2026-01-29 21:45:37,8.01
2026-01-29 21:45:38,8.01
2026-01-29 21:45:39,7.76
2026-01-29 21:45:40,7.76
2026-01-29 21:45:41,7.76
2026-01-29 21:45:42,7.76
2026-01-29 21:45:43,7.76
2026-01-29 21:45:44,7.78
2026-01-29 21:45:45,7.78
2026-01-29 21:45:46,7.78
2026-01-29 21:45:47,7.78
2026-01-29 21:45:48,7.78
2026-01-29 21:45:49,8.00
2026-01-29 21:45:50,8.00
2026-01-29 21:45:51,8.00
2026-01-29 21:45:52,8.00
2026-01-29 21:45:53,8.00
2026-01-29 21:45:54,7.74
2026-01-29 21:45:55,7.74
2026-01-29 21:45:56,7.74
2026-01-29 21:45:57,7.74
2026-01-29 21:45:58,7.74
2026-01-29 21:45:59,7.79
2026-01-29 21:46:00,7.79
2026-01-29 21:46:01,7.79
2026-01-29 21:46:02,7.79
2026-01-29 21:46:03,7.79
2026-01-29 21:46:04,7.76
2026-01-29 21:46:05,7.76
2026-01-29 21:46:06,7.76
2026-01-29 21:46:07,7.76
2026-01-29 21:46:08,7.76
2026-01-29 21:46:09,8.09
2026-01-29 21:46:10,8.09
2026-01-29 21:46:11,8.09
2026-01-29 21:46:12,8.09
2026-01-29 21:46:13,8.09
2026-01-29 21:46:14,7.76
2026-01-29 21:46:15,7.76
2026-01-29 21:46:16,7.76
2026-01-29 21:46:17,7.76
2026-01-29 21:46:18,7.76
2026-01-29 21:46:19,7.76
2026-01-29 21:46:20,7.76
2026-01-29 21:46:21,7.76
2026-01-29 21:46:22,7.76
2026-01-29 21:46:23,7.76
2026-01-29 21:46:24,7.87
2026-01-29 21:46:25,7.87
2026-01-29 21:46:26,7.87
2026-01-29 21:46:27,7.87
2026-01-29 21:46:28,7.87
2026-01-29 21:46:29,7.93
2026-01-29 21:46:30,7.93
2026-01-29 21:46:31,7.93
2026-01-29 21:46:32,7.93
2026-01-29 21:46:33,7.93
2026-01-29 21:46:34,7.75
2026-01-29 21:46:35,7.75
2026-01-29 21:46:36,7.75
2026-01-29 21:46:37,7.75
2026-01-29 21:46:38,7.75
2026-01-29 21:46:39,7.76
2026-01-29 21:46:40,7.76
2026-01-29 21:46:41,7.76
2026-01-29 21:46:42,7.76
2026-01-29 21:46:43,7.76
2026-01-29 21:46:44,7.74
2026-01-29 21:46:45,7.74
2026-01-29 21:46:46,7.74
2026-01-29 21:46:47,7.74
2026-01-29 21:46:48,7.74
2026-01-29 21:46:49,7.66
2026-01-29 21:46:50,7.66
2026-01-29 21:46:51,7.66
2026-01-29 21:46:52,7.66
2026-01-29 21:46:53,7.66
2026-01-29 21:46:54,7.98
2026-01-29 21:46:55,7.98
2026-01-29 21:46:56,7.98
2026-01-29 21:46:57,7.98
2026-01-29 21:46:58,7.98
2026-01-29 21:46:59,7.54
2026-01-29 21:47:00,7.54
2026-01-29 21:47:01,7.54
2026-01-29 21:47:02,7.54
2026-01-29 21:47:03,7.54
2026-01-29 21:47:04,9.96
2026-01-29 21:47:05,9.96
2026-01-29 21:47:06,9.96
2026-01-29 21:47:07,9.96
2026-01-29 21:47:08,9.96
2026-01-29 21:47:09,8.86
2026-01-29 21:47:10,8.86
2026-01-29 21:47:11,8.86
2026-01-29 21:47:12,8.86
2026-01-29 21:47:13,8.86
2026-01-29 21:47:14,8.64
2026-01-29 21:47:15,8.64
2026-01-29 21:47:16,8.64
2026-01-29 21:47:17,8.64
2026-01-29 21:47:18,8.64
2026-01-29 21:47:19,8.58
2026-01-29 21:47:20,8.58
2026-01-29 21:47:21,8.58
2026-01-29 21:47:22,8.58
2026-01-29 21:47:23,8.58
2026-01-29 21:47:24,8.70
2026-01-29 21:47:25,8.70
2026-01-29 21:47:26,8.70
2026-01-29 21:47:27,8.70
2026-01-29 21:47:28,8.70
2026-01-29 21:47:29,8.77
2026-01-29 21:47:30,8.77
2026-01-29 21:47:31,8.77
2026-01-29 21:47:32,8.77
2026-01-29 21:47:33,8.77
2026-01-29 21:47:34,8.68
2026-01-29 21:47:35,8.68
2026-01-29 21:47:36,8.68
2026-01-29 21:47:37,8.68
2026-01-29 21:47:38,8.68
2026-01-29 21:47:39,8.69
2026-01-29 21:47:40,8.69
2026-01-29 21:47:41,8.69
2026-01-29 21:47:42,8.69
2026-01-29 21:47:43,8.69
2026-01-29 21:47:44,8.70
2026-01-29 21:47:45,8.70
2026-01-29 21:47:46,8.70
2026-01-29 21:47:47,8.70
2026-01-29 21:47:48,8.70
2026-01-29 21:47:49,9.75
2026-01-29 21:47:50,9.75
2026-01-29 21:47:51,9.75
2026-01-29 21:47:52,9.75
2026-01-29 21:47:53,9.75
2026-01-29 21:47:54,7.37
2026-01-29 21:47:55,7.37
2026-01-29 21:47:56,7.37
2026-01-29 21:47:57,7.37
2026-01-29 21:47:58,7.37
2026-01-29 21:47:59,7.48
2026-01-29 21:48:00,7.48
2026-01-29 21:48:01,7.48
2026-01-29 21:48:02,7.48
2026-01-29 21:48:03,7.48
2026-01-29 21:48:04,7.43
2026-01-29 21:48:05,7.43
2026-01-29 21:48:06,7.43
2026-01-29 21:48:07,7.43
2026-01-29 21:48:08,7.43
2026-01-29 21:48:09,7.71
2026-01-29 21:48:10,7.71
2026-01-29 21:48:11,7.71
2026-01-29 21:48:12,7.71
2026-01-29 21:48:13,7.71
2026-01-29 21:48:14,7.39
2026-01-29 21:48:15,7.39
2026-01-29 21:48:16,7.39
2026-01-29 21:48:17,7.39
2026-01-29 21:48:18,7.39
2026-01-29 21:48:19,7.38
2026-01-29 21:48:20,7.38
2026-01-29 21:48:21,7.38
2026-01-29 21:48:22,7.38
2026-01-29 21:48:23,7.38
2026-01-29 21:48:24,10.9
2026-01-29 21:48:25,10.9
2026-01-29 21:48:26,10.9
2026-01-29 21:48:27,10.9
2026-01-29 21:48:28,10.9
2026-01-29 21:48:29,5.78
2026-01-29 21:48:30,5.78
2026-01-29 21:48:31,5.78
2026-01-29 21:48:32,5.78
2026-01-29 21:48:33,5.78
2026-01-29 21:48:34,5.34
2026-01-29 21:48:35,5.34
2026-01-29 21:48:36,5.34
2026-01-29 21:48:37,5.34
2026-01-29 21:48:38,5.34
2026-01-29 21:48:39,5.08
2026-01-29 21:48:40,5.08
2026-01-29 21:48:41,5.08
2026-01-29 21:48:42,5.08
2026-01-29 21:48:43,5.08
2026-01-29 21:48:44,6.41
2026-01-29 21:48:45,6.41
2026-01-29 21:48:46,6.41
2026-01-29 21:48:47,6.41
2026-01-29 21:48:48,6.41
2026-01-29 21:48:49,6.56
2026-01-29 21:48:50,6.56
2026-01-29 21:48:51,6.56
2026-01-29 21:48:52,6.56
2026-01-29 21:48:53,6.56
2026-01-29 21:48:54,7.38
2026-01-29 21:48:55,7.38
2026-01-29 21:48:56,7.38
2026-01-29 21:48:57,7.38
2026-01-29 21:48:58,7.38
2026-01-29 21:48:59,6.45
2026-01-29 21:49:00,6.45
2026-01-29 21:49:01,6.45
2026-01-29 21:49:02,6.45
2026-01-29 21:49:03,6.45
2026-01-29 21:49:04,6.57
2026-01-29 21:49:05,6.57
2026-01-29 21:49:06,6.57
2026-01-29 21:49:07,6.57
2026-01-29 21:49:08,6.57
2026-01-29 21:49:09,6.70
2026-01-29 21:49:10,6.70
2026-01-29 21:49:11,6.70
2026-01-29 21:49:12,6.70
2026-01-29 21:49:13,6.70
2026-01-29 21:49:14,6.45
2026-01-29 21:49:15,6.45
2026-01-29 21:49:16,6.45
2026-01-29 21:49:17,6.45
2026-01-29 21:49:18,6.45
2026-01-29 21:49:19,6.50
2026-01-29 21:49:20,6.50
2026-01-29 21:49:21,6.50
2026-01-29 21:49:22,6.50
2026-01-29 21:49:23,6.50
2026-01-29 21:49:24,8.59
2026-01-29 21:49:25,8.59
2026-01-29 21:49:26,8.59
2026-01-29 21:49:27,8.59
2026-01-29 21:49:28,8.59
2026-01-29 21:49:29,7.96
2026-01-29 21:49:30,7.96
2026-01-29 21:49:31,7.96
2026-01-29 21:49:32,7.96
2026-01-29 21:49:33,7.96
2026-01-29 21:49:34,7.73
2026-01-29 21:49:35,7.73
2026-01-29 21:49:36,7.73
2026-01-29 21:49:37,7.73
2026-01-29 21:49:38,7.73
2026-01-29 21:49:39,7.78
2026-01-29 21:49:40,7.78
2026-01-29 21:49:41,7.78
2026-01-29 21:49:42,7.78
2026-01-29 21:49:43,7.78
2026-01-29 21:49:44,7.66
2026-01-29 21:49:45,7.66
2026-01-29 21:49:46,7.66
2026-01-29 21:49:47,7.66
2026-01-29 21:49:48,7.66
2026-01-29 21:49:49,7.71
2026-01-29 21:49:50,7.71
2026-01-29 21:49:51,7.71
2026-01-29 21:49:52,7.71
2026-01-29 21:49:53,7.71
2026-01-29 21:49:54,7.76
2026-01-29 21:49:55,7.76
2026-01-29 21:49:56,7.76
2026-01-29 21:49:57,7.76
2026-01-29 21:49:58,7.76
2026-01-29 21:49:59,7.90
2026-01-29 21:50:00,7.90
2026-01-29 21:50:01,7.90
2026-01-29 21:50:02,7.90
2026-01-29 21:50:03,7.90
2026-01-29 21:50:04,7.87
2026-01-29 21:50:05,7.87
2026-01-29 21:50:06,7.87
2026-01-29 21:50:07,7.87
2026-01-29 21:50:08,7.87
2026-01-29 21:50:09,7.93
2026-01-29 21:50:10,7.93
2026-01-29 21:50:11,7.93
2026-01-29 21:50:12,7.93
2026-01-29 21:50:13,7.93
2026-01-29 21:50:14,7.84
2026-01-29 21:50:15,7.84
2026-01-29 21:50:16,7.84
2026-01-29 21:50:17,7.84
2026-01-29 21:50:18,7.84
2026-01-29 21:50:19,7.84
2026-01-29 21:50:20,7.84
2026-01-29 21:50:21,7.84
2026-01-29 21:50:22,7.84
2026-01-29 21:50:23,7.84
2026-01-29 21:50:24,7.87
2026-01-29 21:50:25,7.87
2026-01-29 21:50:26,7.87
2026-01-29 21:50:27,7.87
2026-01-29 21:50:28,7.87
2026-01-29 21:50:29,7.93
2026-01-29 21:50:30,7.93
2026-01-29 21:50:31,7.93
2026-01-29 21:50:32,7.93
2026-01-29 21:50:33,7.93
2026-01-29 21:50:34,7.77
2026-01-29 21:50:35,7.77
2026-01-29 21:50:36,7.77
2026-01-29 21:50:37,7.77
2026-01-29 21:50:38,7.77
2026-01-29 21:50:39,7.75
2026-01-29 21:50:40,7.75
2026-01-29 21:50:41,7.75
2026-01-29 21:50:42,7.75
2026-01-29 21:50:43,7.75
2026-01-29 21:50:44,7.78
2026-01-29 21:50:45,7.78
2026-01-29 21:50:46,7.78
2026-01-29 21:50:47,7.78
2026-01-29 21:50:48,7.78
2026-01-29 21:50:49,7.25
2026-01-29 21:50:50,7.25
2026-01-29 21:50:51,7.25
2026-01-29 21:50:52,7.25
2026-01-29 21:50:53,7.25
2026-01-29 21:50:54,9.32
2026-01-29 21:50:55,9.32
2026-01-29 21:50:56,9.32
2026-01-29 21:50:57,9.32
2026-01-29 21:50:58,9.32
2026-01-29 21:50:59,8.93
2026-01-29 21:51:00,8.93
2026-01-29 21:51:01,8.93
2026-01-29 21:51:02,8.93
2026-01-29 21:51:03,8.93
2026-01-29 21:51:04,0
2026-01-29 21:51:05,0
2026-01-29 21:51:06,0
2026-01-29 21:51:07,0
2026-01-29 21:51:08,0
2026-01-29 21:51:09,0
2026-01-29 21:51:10,0
2026-01-29 21:51:11,0
2026-01-29 21:51:12,0
2026-01-29 21:51:13,0
2026-01-29 21:51:14,0
2026-01-29 21:51:15,0
2026-01-29 21:51:16,0
2026-01-29 21:51:17,0
2026-01-29 21:51:18,0
2026-01-29 21:51:19,0
2026-01-29 21:51:20,0
2026-01-29 21:51:21,0
2026-01-29 21:51:22,0
2026-01-29 21:51:23,0
2026-01-29 21:51:24,0
2026-01-29 21:51:25,0
2026-01-29 21:51:26,0
2026-01-29 21:51:27,0
2026-01-29 21:51:28,0
2026-01-29 21:51:29,0
2026-01-29 21:51:30,0
2026-01-29 21:51:31,0
2026-01-29 21:51:32,0
2026-01-29 21:51:33,0
2026-01-29 21:51:34,0
2026-01-29 21:51:35,0
2026-01-29 21:51:36,0
2026-01-29 21:51:37,0
2026-01-29 21:51:38,0
2026-01-29 21:51:39,0
2026-01-29 21:51:40,0
2026-01-29 21:51:41,0
2026-01-29 21:51:42,0
2026-01-29 21:51:43,0
2026-01-29 21:51:44,0
2026-01-29 21:51:45,0
2026-01-29 21:51:46,0
2026-01-29 21:51:47,0
2026-01-29 21:51:48,0
2026-01-29 21:51:49,0
2026-01-29 21:51:50,0
2026-01-29 21:51:51,0
2026-01-29 21:51:52,0
2026-01-29 21:51:53,0
2026-01-29 21:51:54,0
2026-01-29 21:51:55,0
2026-01-29 21:51:56,0
2026-01-29 21:51:57,0
2026-01-29 21:51:58,0
2026-01-29 21:51:59,0
2026-01-29 21:52:00,0
2026-01-29 21:52:01,0
2026-01-29 21:52:02,0
2026-01-29 21:52:03,0
2026-01-29 21:52:04,0
2026-01-29 21:52:05,0
2026-01-29 21:52:06,0
2026-01-29 21:52:07,0
2026-01-29 21:52:08,0
2026-01-29 21:52:09,0
2026-01-29 21:52:10,0
2026-01-29 21:52:11,0
2026-01-29 21:52:12,0
2026-01-29 21:52:13,0
2026-01-29 21:52:14,0
2026-01-29 21:52:15,0
2026-01-29 21:52:16,0
2026-01-29 21:52:17,0
2026-01-29 21:52:18,0
2026-01-29 21:52:19,0
2026-01-29 21:52:20,0
2026-01-29 21:52:21,0
2026-01-29 21:52:22,0
2026-01-29 21:52:23,0
2026-01-29 21:52:24,0
2026-01-29 21:52:25,0
2026-01-29 21:52:26,0
2026-01-29 21:52:27,0
2026-01-29 21:52:28,0
2026-01-29 21:52:29,0
2026-01-29 21:52:30,0
2026-01-29 21:52:31,0
2026-01-29 21:52:32,0
2026-01-29 21:52:33,0
2026-01-29 21:52:34,0
2026-01-29 21:52:35,0
2026-01-29 21:52:36,0
2026-01-29 21:52:37,0
2026-01-29 21:52:38,0
2026-01-29 21:52:49,5.58
2026-01-29 21:52:50,5.58
2026-01-29 21:52:51,5.58
2026-01-29 21:52:52,5.58
2026-01-29 21:52:53,5.58
2026-01-29 21:52:54,6.76
2026-01-29 21:52:55,6.76
2026-01-29 21:52:56,6.76
2026-01-29 21:52:57,6.76
2026-01-29 21:52:58,6.76
2026-01-29 21:52:59,7.27
2026-01-29 21:53:00,7.27
2026-01-29 21:53:01,7.27
2026-01-29 21:53:02,7.27
2026-01-29 21:53:03,7.27
2026-01-29 21:53:04,6.91
2026-01-29 21:53:05,6.91
2026-01-29 21:53:06,6.91
2026-01-29 21:53:07,6.91
2026-01-29 21:53:08,6.91
2026-01-29 21:53:09,6.94
2026-01-29 21:53:10,6.94
2026-01-29 21:53:11,6.94
2026-01-29 21:53:12,6.94
2026-01-29 21:53:13,6.94
2026-01-29 21:53:14,6.74
2026-01-29 21:53:15,6.74
2026-01-29 21:53:16,6.74
2026-01-29 21:53:17,6.74
2026-01-29 21:53:18,6.74
2026-01-29 21:53:19,6.82
2026-01-29 21:53:20,6.82
2026-01-29 21:53:21,6.82
2026-01-29 21:53:22,6.82
2026-01-29 21:53:23,6.82
2026-01-29 21:53:24,6.96
2026-01-29 21:53:25,6.96
2026-01-29 21:53:26,6.96
2026-01-29 21:53:27,6.96
2026-01-29 21:53:28,6.96
2026-01-29 21:53:29,6.92
2026-01-29 21:53:30,6.92
2026-01-29 21:53:31,6.92
2026-01-29 21:53:32,6.92
2026-01-29 21:53:33,6.92
2026-01-29 21:53:34,6.68
2026-01-29 21:53:35,6.68
2026-01-29 21:53:36,6.68
2026-01-29 21:53:37,6.68
2026-01-29 21:53:38,6.68
2026-01-29 21:53:39,6.99
2026-01-29 21:53:40,6.99
2026-01-29 21:53:41,6.99
2026-01-29 21:53:42,6.99
2026-01-29 21:53:43,6.99
2026-01-29 21:53:44,6.75
2026-01-29 21:53:45,6.75
2026-01-29 21:53:46,6.75
2026-01-29 21:53:47,6.75
2026-01-29 21:53:48,6.75
2026-01-29 21:53:49,7.14
2026-01-29 21:53:50,7.14
2026-01-29 21:53:51,7.14
2026-01-29 21:53:52,7.14
2026-01-29 21:53:53,7.14
2026-01-29 21:53:54,6.90
2026-01-29 21:53:55,6.90
2026-01-29 21:53:56,6.90
2026-01-29 21:53:57,6.90
2026-01-29 21:53:58,6.90
2026-01-29 21:53:59,6.76
2026-01-29 21:54:00,6.76
2026-01-29 21:54:01,6.76
2026-01-29 21:54:02,6.76
2026-01-29 21:54:03,6.76
2026-01-29 21:54:04,6.78
2026-01-29 21:54:05,6.78
2026-01-29 21:54:06,6.78
2026-01-29 21:54:07,6.78
2026-01-29 21:54:08,6.78
2026-01-29 21:54:09,7.11
2026-01-29 21:54:10,7.11
2026-01-29 21:54:11,7.11
2026-01-29 21:54:12,7.11
2026-01-29 21:54:13,7.11
2026-01-29 21:54:14,6.70
2026-01-29 21:54:15,6.70
2026-01-29 21:54:16,6.70
2026-01-29 21:54:17,6.70
2026-01-29 21:54:18,6.70
2026-01-29 21:54:19,6.78
2026-01-29 21:54:20,6.78
2026-01-29 21:54:21,6.78
2026-01-29 21:54:22,6.78
2026-01-29 21:54:23,6.78
2026-01-29 21:54:24,6.91
2026-01-29 21:54:25,6.91
2026-01-29 21:54:26,6.91
2026-01-29 21:54:27,6.91
2026-01-29 21:54:28,6.91
2026-01-29 21:54:29,6.45
2026-01-29 21:54:30,6.45
2026-01-29 21:54:31,6.45
2026-01-29 21:54:32,6.45
2026-01-29 21:54:33,6.45
2026-01-29 21:54:34,6.45
2026-01-29 21:54:35,6.45
2026-01-29 21:54:36,6.45
2026-01-29 21:54:37,6.45
2026-01-29 21:54:38,6.45
2026-01-29 21:54:39,5.60
2026-01-29 21:54:40,5.60
2026-01-29 21:54:41,5.60
2026-01-29 21:54:42,5.60
2026-01-29 21:54:43,5.60
2026-01-29 21:54:44,5.56
2026-01-29 21:54:45,5.56
2026-01-29 21:54:46,5.56
2026-01-29 21:54:47,5.56
2026-01-29 21:54:48,5.56
2026-01-29 21:54:49,5.55
2026-01-29 21:54:50,5.55
2026-01-29 21:54:51,5.55
2026-01-29 21:54:52,5.55
2026-01-29 21:54:53,5.55
2026-01-29 21:54:54,5.63
2026-01-29 21:54:55,5.63
2026-01-29 21:54:56,5.63
2026-01-29 21:54:57,5.63
2026-01-29 21:54:58,5.63
2026-01-29 21:54:59,5.34
2026-01-29 21:55:00,5.34
2026-01-29 21:55:01,5.34
2026-01-29 21:55:02,5.34
2026-01-29 21:55:03,5.34
2026-01-29 21:55:04,7.34
2026-01-29 21:55:05,7.34
2026-01-29 21:55:06,7.34
2026-01-29 21:55:07,7.34
2026-01-29 21:55:08,7.34
2026-01-29 21:55:09,7.82
2026-01-29 21:55:10,7.82
2026-01-29 21:55:11,7.82
2026-01-29 21:55:12,7.82
2026-01-29 21:55:13,7.82
2026-01-29 21:55:14,7.99
2026-01-29 21:55:15,7.99
2026-01-29 21:55:16,7.99
2026-01-29 21:55:17,7.99
2026-01-29 21:55:18,7.99
2026-01-29 21:55:19,7.59
2026-01-29 21:55:20,7.59
2026-01-29 21:55:21,7.59
2026-01-29 21:55:22,7.59
2026-01-29 21:55:23,7.59
2026-01-29 21:55:24,7.72
2026-01-29 21:55:25,7.72
2026-01-29 21:55:26,7.72
2026-01-29 21:55:27,7.72
2026-01-29 21:55:28,7.72
2026-01-29 21:55:29,7.66
2026-01-29 21:55:30,7.66
2026-01-29 21:55:31,7.66
2026-01-29 21:55:32,7.66
2026-01-29 21:55:33,7.66
2026-01-29 21:55:34,8.19
2026-01-29 21:55:35,8.19
2026-01-29 21:55:36,8.19
2026-01-29 21:55:37,8.19
2026-01-29 21:55:38,8.19
2026-01-29 21:55:39,7.80
2026-01-29 21:55:40,7.80
2026-01-29 21:55:41,7.80
2026-01-29 21:55:42,7.80
2026-01-29 21:55:43,7.80
2026-01-29 21:55:44,7.55
2026-01-29 21:55:45,7.55
2026-01-29 21:55:46,7.55
2026-01-29 21:55:47,7.55
2026-01-29 21:55:48,7.55
2026-01-29 21:55:49,7.61
2026-01-29 21:55:50,7.61
2026-01-29 21:55:51,7.61
2026-01-29 21:55:52,7.61
2026-01-29 21:55:53,7.61
2026-01-29 21:55:54,7.60
2026-01-29 21:55:55,7.60
2026-01-29 21:55:56,7.60
2026-01-29 21:55:57,7.60
2026-01-29 21:55:58,7.60
2026-01-29 21:55:59,7.70
2026-01-29 21:56:00,7.70
2026-01-29 21:56:01,7.70
2026-01-29 21:56:02,7.70
2026-01-29 21:56:03,7.70
2026-01-29 21:56:04,8.80
2026-01-29 21:56:05,8.80
2026-01-29 21:56:06,8.80
2026-01-29 21:56:07,8.80
2026-01-29 21:56:08,8.80
2026-01-29 21:56:09,8.87
2026-01-29 21:56:10,8.87
2026-01-29 21:56:11,8.87
2026-01-29 21:56:12,8.87
2026-01-29 21:56:13,8.87
2026-01-29 21:56:14,8.67
2026-01-29 21:56:15,8.67
2026-01-29 21:56:16,8.67
2026-01-29 21:56:17,8.67
2026-01-29 21:56:18,8.67
2026-01-29 21:56:19,8.70
2026-01-29 21:56:20,8.70
2026-01-29 21:56:21,8.70
2026-01-29 21:56:22,8.70
2026-01-29 21:56:23,8.70
2026-01-29 21:56:24,8.49
2026-01-29 21:56:25,8.49
2026-01-29 21:56:26,8.49
2026-01-29 21:56:27,8.49
2026-01-29 21:56:28,8.49
2026-01-29 21:56:29,7.91
2026-01-29 21:56:30,7.91
2026-01-29 21:56:31,7.91
2026-01-29 21:56:32,7.91
2026-01-29 21:56:33,7.91
2026-01-29 21:56:34,8.37
2026-01-29 21:56:35,8.37
2026-01-29 21:56:36,8.37
2026-01-29 21:56:37,8.37
2026-01-29 21:56:38,8.37
2026-01-29 21:56:39,7.75
2026-01-29 21:56:40,7.75
2026-01-29 21:56:41,7.75
2026-01-29 21:56:42,7.75
2026-01-29 21:56:43,7.75
2026-01-29 21:56:44,7.83
2026-01-29 21:56:45,7.83
2026-01-29 21:56:46,7.83
2026-01-29 21:56:47,7.83
2026-01-29 21:56:48,7.83
2026-01-29 21:56:49,7.83
2026-01-29 21:56:50,7.83
2026-01-29 21:56:51,7.83
2026-01-29 21:56:52,7.83
2026-01-29 21:56:53,7.83
2026-01-29 21:56:54,7.79
2026-01-29 21:56:55,7.79
2026-01-29 21:56:56,7.79
2026-01-29 21:56:57,7.79
2026-01-29 21:56:58,7.79
2026-01-29 21:56:59,7.76
2026-01-29 21:57:00,7.76
2026-01-29 21:57:01,7.76
2026-01-29 21:57:02,7.76
2026-01-29 21:57:03,7.76
2026-01-29 21:57:04,7.89
2026-01-29 21:57:05,7.89
2026-01-29 21:57:06,7.89
2026-01-29 21:57:07,7.89
2026-01-29 21:57:08,7.89
2026-01-29 21:57:09,7.95
2026-01-29 21:57:10,7.95
2026-01-29 21:57:11,7.95
2026-01-29 21:57:12,7.95
2026-01-29 21:57:13,7.95
2026-01-29 21:57:14,7.69
2026-01-29 21:57:15,7.69
2026-01-29 21:57:16,7.69
2026-01-29 21:57:17,7.69
2026-01-29 21:57:18,7.69
2026-01-29 21:57:19,7.79
2026-01-29 21:57:20,7.79
2026-01-29 21:57:21,7.79
2026-01-29 21:57:22,7.79
2026-01-29 21:57:23,7.79
2026-01-29 21:57:24,7.93
2026-01-29 21:57:25,7.93
2026-01-29 21:57:26,7.93
2026-01-29 21:57:27,7.93
2026-01-29 21:57:28,7.93
2026-01-29 21:57:29,7.76
2026-01-29 21:57:30,7.76
2026-01-29 21:57:31,7.76
2026-01-29 21:57:32,7.76
2026-01-29 21:57:33,7.76
2026-01-29 21:57:34,8.23
2026-01-29 21:57:35,8.23
2026-01-29 21:57:36,8.23
2026-01-29 21:57:37,8.23
2026-01-29 21:57:38,8.23
2026-01-29 21:57:39,7.83
2026-01-29 21:57:40,7.83
2026-01-29 21:57:41,7.83
2026-01-29 21:57:42,7.83
2026-01-29 21:57:43,7.83
2026-01-29 21:57:44,7.62
2026-01-29 21:57:45,7.62
2026-01-29 21:57:46,7.62
2026-01-29 21:57:47,7.62
2026-01-29 21:57:48,7.62
2026-01-29 21:57:49,7.86
2026-01-29 21:57:50,7.86
2026-01-29 21:57:51,7.86
2026-01-29 21:57:52,7.86
2026-01-29 21:57:53,7.86
2026-01-29 21:57:54,7.98
2026-01-29 21:57:55,7.98
2026-01-29 21:57:56,7.98
2026-01-29 21:57:57,7.98
2026-01-29 21:57:58,7.98
2026-01-29 21:57:59,7.75
2026-01-29 21:58:00,7.75
2026-01-29 21:58:01,7.75
2026-01-29 21:58:02,7.75
2026-01-29 21:58:03,7.75
2026-01-29 21:58:04,10.2
2026-01-29 21:58:05,10.2
2026-01-29 21:58:06,10.2
2026-01-29 21:58:07,10.2
2026-01-29 21:58:08,10.2
2026-01-29 21:58:09,6.78
2026-01-29 21:58:10,6.78
2026-01-29 21:58:11,6.78
2026-01-29 21:58:12,6.78
2026-01-29 21:58:13,6.78
2026-01-29 21:58:14,6.71
2026-01-29 21:58:15,6.71
2026-01-29 21:58:16,6.71
2026-01-29 21:58:17,6.71
2026-01-29 21:58:18,6.71
2026-01-29 21:58:19,6.61
2026-01-29 21:58:20,6.61
2026-01-29 21:58:21,6.61
2026-01-29 21:58:22,6.61
2026-01-29 21:58:23,6.61
2026-01-29 21:58:24,6.70
2026-01-29 21:58:25,6.70
2026-01-29 21:58:26,6.70
2026-01-29 21:58:27,6.70
2026-01-29 21:58:28,6.70
2026-01-29 21:58:29,6.91
2026-01-29 21:58:30,6.91
2026-01-29 21:58:31,6.91
2026-01-29 21:58:32,6.91
2026-01-29 21:58:33,6.91
2026-01-29 21:58:34,8.40
2026-01-29 21:58:35,8.40
2026-01-29 21:58:36,8.40
2026-01-29 21:58:37,8.40
2026-01-29 21:58:38,8.40
2026-01-29 21:58:39,8.29
2026-01-29 21:58:40,8.29
2026-01-29 21:58:41,8.29
2026-01-29 21:58:42,8.29
2026-01-29 21:58:43,8.29
2026-01-29 21:58:44,7.74
2026-01-29 21:58:45,7.74
2026-01-29 21:58:46,7.74
2026-01-29 21:58:47,7.74
2026-01-29 21:58:48,7.74
2026-01-29 21:58:49,7.98
2026-01-29 21:58:50,7.98
2026-01-29 21:58:51,7.98
2026-01-29 21:58:52,7.98
2026-01-29 21:58:53,7.98
2026-01-29 21:58:54,7.73
2026-01-29 21:58:55,7.73
2026-01-29 21:58:56,7.73
2026-01-29 21:58:57,7.73
2026-01-29 21:58:58,7.73
2026-01-29 21:58:59,14.2
2026-01-29 21:59:00,14.2
2026-01-29 21:59:01,14.2
2026-01-29 21:59:02,14.2
2026-01-29 21:59:03,14.2
2026-01-29 21:59:04,11.3
2026-01-29 21:59:05,11.3
2026-01-29 21:59:06,11.3
2026-01-29 21:59:07,11.3
2026-01-29 21:59:08,11.3
2026-01-29 21:59:09,12.7
2026-01-29 21:59:10,12.7
2026-01-29 21:59:11,12.7
2026-01-29 21:59:12,12.7
2026-01-29 21:59:13,12.7
2026-01-29 21:59:14,9.94
2026-01-29 21:59:15,9.94
2026-01-29 21:59:16,9.94
2026-01-29 21:59:17,9.94