"Time","ue-ofdm-demod"
2026-01-29 18:59:17,7.52
2026-01-29 18:59:18,7.52
2026-01-29 18:59:19,7.61
2026-01-29 18:59:20,7.61
2026-01-29 18:59:21,7.61
2026-01-29 18:59:22,7.61
2026-01-29 18:59:23,7.61
2026-01-29 18:59:24,7.66
2026-01-29 18:59:25,7.66
2026-01-29 18:59:26,7.66
2026-01-29 18:59:27,7.66
2026-01-29 18:59:28,7.66
2026-01-29 18:59:29,7.49
2026-01-29 18:59:30,7.49
2026-01-29 18:59:31,7.49
2026-01-29 18:59:32,7.49
2026-01-29 18:59:33,7.49
2026-01-29 18:59:34,6.28
2026-01-29 18:59:35,6.28
2026-01-29 18:59:36,6.28
2026-01-29 18:59:37,6.28
2026-01-29 18:59:38,6.28
2026-01-29 18:59:39,7.69
2026-01-29 18:59:40,7.69
2026-01-29 18:59:41,7.69
2026-01-29 18:59:42,7.69
2026-01-29 18:59:43,7.69
2026-01-29 18:59:44,10.1
2026-01-29 18:59:45,10.1
2026-01-29 18:59:46,10.1
2026-01-29 18:59:47,10.1
2026-01-29 18:59:48,10.1
2026-01-29 18:59:49,11.9
2026-01-29 18:59:50,11.9
2026-01-29 18:59:51,11.9
2026-01-29 18:59:52,11.9
2026-01-29 18:59:53,11.9
2026-01-29 18:59:54,10.3
2026-01-29 18:59:55,10.3
2026-01-29 18:59:56,10.3
2026-01-29 18:59:57,10.3
2026-01-29 18:59:58,10.3
2026-01-29 18:59:59,11.2
2026-01-29 19:00:00,11.2
2026-01-29 19:00:01,11.2
2026-01-29 19:00:02,11.2
2026-01-29 19:00:03,11.2
2026-01-29 19:00:04,9.83
2026-01-29 19:00:05,9.83
2026-01-29 19:00:06,9.83
2026-01-29 19:00:07,9.83
2026-01-29 19:00:08,9.83
2026-01-29 19:00:09,8.77
2026-01-29 19:00:10,8.77
2026-01-29 19:00:11,8.77
2026-01-29 19:00:12,8.77
2026-01-29 19:00:13,8.77
2026-01-29 19:00:14,8.71
2026-01-29 19:00:15,8.71
2026-01-29 19:00:16,8.71
2026-01-29 19:00:17,8.71
2026-01-29 19:00:18,8.71
2026-01-29 19:00:19,8.69
2026-01-29 19:00:20,8.69
2026-01-29 19:00:21,8.69
2026-01-29 19:00:22,8.69
2026-01-29 19:00:23,8.69
2026-01-29 19:00:24,8.79
2026-01-29 19:00:25,8.79
2026-01-29 19:00:26,8.79
2026-01-29 19:00:27,8.79
2026-01-29 19:00:28,8.79
2026-01-29 19:00:29,8.73
2026-01-29 19:00:30,8.73
2026-01-29 19:00:31,8.73
2026-01-29 19:00:32,8.73
2026-01-29 19:00:33,8.73
2026-01-29 19:00:34,8.79
2026-01-29 19:00:35,8.79
2026-01-29 19:00:36,8.79
2026-01-29 19:00:37,8.79
2026-01-29 19:00:38,8.79
2026-01-29 19:00:39,0
2026-01-29 19:00:40,0
2026-01-29 19:00:41,0
2026-01-29 19:00:42,0
2026-01-29 19:00:43,0
2026-01-29 19:00:44,0
2026-01-29 19:00:45,0
2026-01-29 19:00:46,0
2026-01-29 19:00:47,0
2026-01-29 19:00:48,0
2026-01-29 19:00:49,0
2026-01-29 19:00:50,0
2026-01-29 19:00:51,0
2026-01-29 19:00:52,0
2026-01-29 19:00:53,0
2026-01-29 19:00:54,0
2026-01-29 19:00:55,0
2026-01-29 19:00:56,0
2026-01-29 19:00:57,0
2026-01-29 19:00:58,0
2026-01-29 19:00:59,0
2026-01-29 19:01:00,0
2026-01-29 19:01:01,0
2026-01-29 19:01:02,0
2026-01-29 19:01:03,0
2026-01-29 19:01:04,0
2026-01-29 19:01:05,0
2026-01-29 19:01:06,0
2026-01-29 19:01:07,0
2026-01-29 19:01:08,0
2026-01-29 19:01:09,0
2026-01-29 19:01:10,0
2026-01-29 19:01:11,0
2026-01-29 19:01:12,0
2026-01-29 19:01:13,0
2026-01-29 19:01:14,0
2026-01-29 19:01:15,0
2026-01-29 19:01:16,0
2026-01-29 19:01:17,0
2026-01-29 19:01:18,0
2026-01-29 19:01:19,0
2026-01-29 19:01:20,0
2026-01-29 19:01:21,0
2026-01-29 19:01:22,0
2026-01-29 19:01:23,0
2026-01-29 19:01:24,0
2026-01-29 19:01:25,0
2026-01-29 19:01:26,0
2026-01-29 19:01:27,0
2026-01-29 19:01:28,0
2026-01-29 19:01:29,0
2026-01-29 19:01:30,0
2026-01-29 19:01:31,0
2026-01-29 19:01:32,0
2026-01-29 19:01:33,0
2026-01-29 19:01:34,0
2026-01-29 19:01:35,0
2026-01-29 19:01:36,0
2026-01-29 19:01:37,0
2026-01-29 19:01:38,0
2026-01-29 19:01:39,0
2026-01-29 19:01:40,0
2026-01-29 19:01:41,0
2026-01-29 19:01:42,0
2026-01-29 19:01:43,0
2026-01-29 19:01:44,0
2026-01-29 19:01:45,0
2026-01-29 19:01:46,0
2026-01-29 19:01:47,0
2026-01-29 19:01:48,0
2026-01-29 19:01:49,0
2026-01-29 19:01:50,0
2026-01-29 19:01:51,0
2026-01-29 19:01:52,0
2026-01-29 19:01:53,0
2026-01-29 19:01:54,0
2026-01-29 19:01:55,0
2026-01-29 19:01:56,0
2026-01-29 19:01:57,0
2026-01-29 19:01:58,0
2026-01-29 19:01:59,0
2026-01-29 19:02:00,0
2026-01-29 19:02:01,0
2026-01-29 19:02:02,0
2026-01-29 19:02:03,0
2026-01-29 19:02:04,0
2026-01-29 19:02:05,0
2026-01-29 19:02:06,0
2026-01-29 19:02:07,0
2026-01-29 19:02:08,0
2026-01-29 19:02:09,0
2026-01-29 19:02:10,0
2026-01-29 19:02:11,0
2026-01-29 19:02:12,0
2026-01-29 19:02:13,0
2026-01-29 19:03:39,2.93
2026-01-29 19:03:40,2.93
2026-01-29 19:03:41,2.93
2026-01-29 19:03:42,2.93
2026-01-29 19:03:43,2.93
2026-01-29 19:03:44,7.92
2026-01-29 19:03:45,7.92
2026-01-29 19:03:46,7.92
2026-01-29 19:03:47,7.92
2026-01-29 19:03:48,7.92
2026-01-29 19:03:49,10.6
2026-01-29 19:03:50,10.6
2026-01-29 19:03:51,10.6
2026-01-29 19:03:52,10.6
2026-01-29 19:03:53,10.6
2026-01-29 19:03:54,10.3
2026-01-29 19:03:55,10.3
2026-01-29 19:03:56,10.3
2026-01-29 19:03:57,10.3
2026-01-29 19:03:58,10.3
2026-01-29 19:03:59,9.92
2026-01-29 19:04:00,9.92
2026-01-29 19:04:01,9.92
2026-01-29 19:04:02,9.92
2026-01-29 19:04:03,9.92
2026-01-29 19:04:04,9.98
2026-01-29 19:04:05,9.98
2026-01-29 19:04:06,9.98
2026-01-29 19:04:07,9.98
2026-01-29 19:04:08,9.98
2026-01-29 19:04:09,10.00
2026-01-29 19:04:10,10.00
2026-01-29 19:04:11,10.00
2026-01-29 19:04:12,10.00
2026-01-29 19:04:13,10.00
2026-01-29 19:04:14,10.0
2026-01-29 19:04:15,10.0
2026-01-29 19:04:16,10.0
2026-01-29 19:04:17,10.0
2026-01-29 19:04:18,10.0
2026-01-29 19:04:19,9.81
2026-01-29 19:04:20,9.81
2026-01-29 19:04:21,9.81
2026-01-29 19:04:22,9.81
2026-01-29 19:04:23,9.81
2026-01-29 19:04:24,10.1
2026-01-29 19:04:25,10.1
2026-01-29 19:04:26,10.1
2026-01-29 19:04:27,10.1
2026-01-29 19:04:28,10.1
2026-01-29 19:04:29,9.94
2026-01-29 19:04:30,9.94
2026-01-29 19:04:31,9.94
2026-01-29 19:04:32,9.94
2026-01-29 19:04:33,9.94
2026-01-29 19:04:34,10.0
2026-01-29 19:04:35,10.0
2026-01-29 19:04:36,10.0
2026-01-29 19:04:37,10.0
2026-01-29 19:04:38,10.0
2026-01-29 19:04:39,11.1
2026-01-29 19:04:40,11.1
2026-01-29 19:04:41,11.1
2026-01-29 19:04:42,11.1
2026-01-29 19:04:43,11.1
2026-01-29 19:04:44,9.49
2026-01-29 19:04:45,9.49
2026-01-29 19:04:46,9.49
2026-01-29 19:04:47,9.49
2026-01-29 19:04:48,9.49
2026-01-29 19:04:49,9.05
2026-01-29 19:04:50,9.05
2026-01-29 19:04:51,9.05
2026-01-29 19:04:52,9.05
2026-01-29 19:04:53,9.05
2026-01-29 19:04:54,8.92
2026-01-29 19:04:55,8.92
2026-01-29 19:04:56,8.92
2026-01-29 19:04:57,8.92
2026-01-29 19:04:58,8.92
2026-01-29 19:04:59,8.93
2026-01-29 19:05:00,8.93
2026-01-29 19:05:01,8.93
2026-01-29 19:05:02,8.93
2026-01-29 19:05:03,8.93
2026-01-29 19:05:04,8.91
2026-01-29 19:05:05,8.91
2026-01-29 19:05:06,8.91
2026-01-29 19:05:07,8.91
2026-01-29 19:05:08,8.91
2026-01-29 19:05:09,8.90
2026-01-29 19:05:10,8.90
2026-01-29 19:05:11,8.90
2026-01-29 19:05:12,8.90
2026-01-29 19:05:13,8.90
2026-01-29 19:05:14,8.91
2026-01-29 19:05:15,8.91
2026-01-29 19:05:16,8.91
2026-01-29 19:05:17,8.91
2026-01-29 19:05:18,8.91
2026-01-29 19:05:19,8.87
2026-01-29 19:05:20,8.87
2026-01-29 19:05:21,8.87
2026-01-29 19:05:22,8.87
2026-01-29 19:05:23,8.87
2026-01-29 19:05:24,8.91
2026-01-29 19:05:25,8.91
2026-01-29 19:05:26,8.91
2026-01-29 19:05:27,8.91
2026-01-29 19:05:28,8.91
2026-01-29 19:05:29,8.87
2026-01-29 19:05:30,8.87
2026-01-29 19:05:31,8.87
2026-01-29 19:05:32,8.87
2026-01-29 19:05:33,8.87
2026-01-29 19:05:34,8.85
2026-01-29 19:05:35,8.85
2026-01-29 19:05:36,8.85
2026-01-29 19:05:37,8.85
2026-01-29 19:05:38,8.85
2026-01-29 19:05:39,8.96
2026-01-29 19:05:40,8.96
2026-01-29 19:05:41,8.96
2026-01-29 19:05:42,8.96
2026-01-29 19:05:43,8.96
2026-01-29 19:05:44,8.98
2026-01-29 19:05:45,8.98
2026-01-29 19:05:46,8.98
2026-01-29 19:05:47,8.98
2026-01-29 19:05:48,8.98
2026-01-29 19:05:49,9.08
2026-01-29 19:05:50,9.08
2026-01-29 19:05:51,9.08
2026-01-29 19:05:52,9.08
2026-01-29 19:05:53,9.08
2026-01-29 19:05:54,8.86
2026-01-29 19:05:55,8.86
2026-01-29 19:05:56,8.86
2026-01-29 19:05:57,8.86
2026-01-29 19:05:58,8.86
2026-01-29 19:05:59,8.86
2026-01-29 19:06:00,8.86
2026-01-29 19:06:01,8.86
2026-01-29 19:06:02,8.86
2026-01-29 19:06:03,8.86
2026-01-29 19:06:04,8.95
2026-01-29 19:06:05,8.95
2026-01-29 19:06:06,8.95
2026-01-29 19:06:07,8.95
2026-01-29 19:06:08,8.95
2026-01-29 19:06:09,10.5
2026-01-29 19:06:10,10.5
2026-01-29 19:06:11,10.5
2026-01-29 19:06:12,10.5
2026-01-29 19:06:13,10.5
2026-01-29 19:06:14,7.88
2026-01-29 19:06:15,7.88
2026-01-29 19:06:16,7.88
2026-01-29 19:06:17,7.88
2026-01-29 19:06:18,7.88
2026-01-29 19:06:19,7.50
2026-01-29 19:06:20,7.50
2026-01-29 19:06:21,7.50
2026-01-29 19:06:22,7.50
2026-01-29 19:06:23,7.50
2026-01-29 19:06:24,7.19
2026-01-29 19:06:25,7.19
2026-01-29 19:06:26,7.19
2026-01-29 19:06:27,7.19
2026-01-29 19:06:28,7.19
2026-01-29 19:06:29,8.48
2026-01-29 19:06:30,8.48
2026-01-29 19:06:31,8.48
2026-01-29 19:06:32,8.48
2026-01-29 19:06:33,8.48
2026-01-29 19:06:34,8.37
2026-01-29 19:06:35,8.37
2026-01-29 19:06:36,8.37
2026-01-29 19:06:37,8.37
2026-01-29 19:06:38,8.37
2026-01-29 19:06:39,9.70
2026-01-29 19:06:40,9.70
2026-01-29 19:06:41,9.70
2026-01-29 19:06:42,9.70
2026-01-29 19:06:43,9.70
2026-01-29 19:06:44,8.04
2026-01-29 19:06:45,8.04
2026-01-29 19:06:46,8.04
2026-01-29 19:06:47,8.04
2026-01-29 19:06:48,8.04
2026-01-29 19:06:49,7.96
2026-01-29 19:06:50,7.96
2026-01-29 19:06:51,7.96
2026-01-29 19:06:52,7.96
2026-01-29 19:06:53,7.96
2026-01-29 19:06:54,0
2026-01-29 19:06:55,0
2026-01-29 19:06:56,0
2026-01-29 19:06:57,0
2026-01-29 19:06:58,0
2026-01-29 19:06:59,0
2026-01-29 19:07:00,0
2026-01-29 19:07:01,0
2026-01-29 19:07:02,0
2026-01-29 19:07:03,0
2026-01-29 19:07:04,0
2026-01-29 19:07:05,0
2026-01-29 19:07:06,0
2026-01-29 19:07:07,0
2026-01-29 19:07:08,0
2026-01-29 19:07:09,0
2026-01-29 19:07:10,0
2026-01-29 19:07:11,0
2026-01-29 19:07:12,0
2026-01-29 19:07:13,0
2026-01-29 19:07:14,0
2026-01-29 19:07:15,0
2026-01-29 19:07:16,0
2026-01-29 19:07:17,0
2026-01-29 19:07:18,0
2026-01-29 19:07:19,0
2026-01-29 19:07:20,0
2026-01-29 19:07:21,0
2026-01-29 19:07:22,0
2026-01-29 19:07:23,0
2026-01-29 19:07:24,0
2026-01-29 19:07:25,0
2026-01-29 19:07:26,0
2026-01-29 19:07:27,0
2026-01-29 19:07:28,0
2026-01-29 19:07:29,0
2026-01-29 19:07:30,0
2026-01-29 19:07:31,0
2026-01-29 19:07:32,0
2026-01-29 19:07:33,0
2026-01-29 19:07:34,0
2026-01-29 19:07:35,0
2026-01-29 19:07:36,0
2026-01-29 19:07:37,0
2026-01-29 19:07:38,0
2026-01-29 19:07:39,0
2026-01-29 19:07:40,0
2026-01-29 19:07:41,0
2026-01-29 19:07:42,0
2026-01-29 19:07:43,0
2026-01-29 19:07:44,0
2026-01-29 19:07:45,0
2026-01-29 19:07:46,0
2026-01-29 19:07:47,0
2026-01-29 19:07:48,0
2026-01-29 19:07:49,0
2026-01-29 19:07:50,0
2026-01-29 19:07:51,0
2026-01-29 19:07:52,0
2026-01-29 19:07:53,0
2026-01-29 19:07:54,0
2026-01-29 19:07:55,0
2026-01-29 19:07:56,0
2026-01-29 19:07:57,0
2026-01-29 19:07:58,0
2026-01-29 19:07:59,0
2026-01-29 19:08:00,0
2026-01-29 19:08:01,0
2026-01-29 19:08:02,0
2026-01-29 19:08:03,0
2026-01-29 19:08:04,0
2026-01-29 19:08:05,0
2026-01-29 19:08:06,0
2026-01-29 19:08:07,0
2026-01-29 19:08:08,0
2026-01-29 19:08:09,0
2026-01-29 19:08:10,0
2026-01-29 19:08:11,0
2026-01-29 19:08:12,0
2026-01-29 19:08:13,0
2026-01-29 19:08:14,0
2026-01-29 19:08:15,0
2026-01-29 19:08:16,0
2026-01-29 19:08:17,0
2026-01-29 19:08:18,0
2026-01-29 19:08:19,0
2026-01-29 19:08:20,0
2026-01-29 19:08:21,0
2026-01-29 19:08:22,0
2026-01-29 19:08:23,0
2026-01-29 19:08:24,0
2026-01-29 19:08:25,0
2026-01-29 19:08:26,0
2026-01-29 19:08:27,0
2026-01-29 19:08:28,0
2026-01-29 19:11:14,3.70
2026-01-29 19:11:15,3.70
2026-01-29 19:11:16,3.70
2026-01-29 19:11:17,3.70
2026-01-29 19:11:18,3.70
2026-01-29 19:11:19,6.69
2026-01-29 19:11:20,6.69
2026-01-29 19:11:21,6.69
2026-01-29 19:11:22,6.69
2026-01-29 19:11:23,6.69
2026-01-29 19:11:24,8.81
2026-01-29 19:11:25,8.81
2026-01-29 19:11:26,8.81
2026-01-29 19:11:27,8.81
2026-01-29 19:11:28,8.81
2026-01-29 19:11:29,9.13
2026-01-29 19:11:30,9.13
2026-01-29 19:11:31,9.13
2026-01-29 19:11:32,9.13
2026-01-29 19:11:33,9.13
2026-01-29 19:11:34,9.06
2026-01-29 19:11:35,9.06
2026-01-29 19:11:36,9.06
2026-01-29 19:11:37,9.06
2026-01-29 19:11:38,9.06
2026-01-29 19:11:39,8.91
2026-01-29 19:11:40,8.91
2026-01-29 19:11:41,8.91
2026-01-29 19:11:42,8.91
2026-01-29 19:11:43,8.91
2026-01-29 19:11:44,8.88
2026-01-29 19:11:45,8.88
2026-01-29 19:11:46,8.88
2026-01-29 19:11:47,8.88
2026-01-29 19:11:48,8.88
2026-01-29 19:11:49,8.90
2026-01-29 19:11:50,8.90
2026-01-29 19:11:51,8.90
2026-01-29 19:11:52,8.90
2026-01-29 19:11:53,8.90
2026-01-29 19:11:54,9.08
2026-01-29 19:11:55,9.08
2026-01-29 19:11:56,9.08
2026-01-29 19:11:57,9.08
2026-01-29 19:11:58,9.08
2026-01-29 19:11:59,8.86
2026-01-29 19:12:00,8.86
2026-01-29 19:12:01,8.86
2026-01-29 19:12:02,8.86
2026-01-29 19:12:03,8.86
2026-01-29 19:12:04,8.91
2026-01-29 19:12:05,8.91
2026-01-29 19:12:06,8.91
2026-01-29 19:12:07,8.91
2026-01-29 19:12:08,8.91
2026-01-29 19:12:09,9.00
2026-01-29 19:12:10,9.00
2026-01-29 19:12:11,9.00
2026-01-29 19:12:12,9.00
2026-01-29 19:12:13,9.00
2026-01-29 19:12:14,9.14
2026-01-29 19:12:15,9.14
2026-01-29 19:12:16,9.14
2026-01-29 19:12:17,9.14
2026-01-29 19:12:18,9.14
2026-01-29 19:12:19,8.89
2026-01-29 19:12:20,8.89
2026-01-29 19:12:21,8.89
2026-01-29 19:12:22,8.89
2026-01-29 19:12:23,8.89
2026-01-29 19:12:24,10.6
2026-01-29 19:12:25,10.6
2026-01-29 19:12:26,10.6
2026-01-29 19:12:27,10.6
2026-01-29 19:12:28,10.6
2026-01-29 19:12:29,8.89
2026-01-29 19:12:30,8.89
2026-01-29 19:12:31,8.89
2026-01-29 19:12:32,8.89
2026-01-29 19:12:33,8.89
2026-01-29 19:12:34,7.83
2026-01-29 19:12:35,7.83
2026-01-29 19:12:36,7.83
2026-01-29 19:12:37,7.83
2026-01-29 19:12:38,7.83
2026-01-29 19:12:39,7.86
2026-01-29 19:12:40,7.86
2026-01-29 19:12:41,7.86
2026-01-29 19:12:42,7.86
2026-01-29 19:12:43,7.86
2026-01-29 19:12:44,7.89
2026-01-29 19:12:45,7.89
2026-01-29 19:12:46,7.89
2026-01-29 19:12:47,7.89
2026-01-29 19:12:48,7.89
2026-01-29 19:12:49,7.88
2026-01-29 19:12:50,7.88
2026-01-29 19:12:51,7.88
2026-01-29 19:12:52,7.88
2026-01-29 19:12:53,7.88
2026-01-29 19:12:54,8.02
2026-01-29 19:12:55,8.02
2026-01-29 19:12:56,8.02
2026-01-29 19:12:57,8.02
2026-01-29 19:12:58,8.02
2026-01-29 19:12:59,7.77
2026-01-29 19:13:00,7.77
2026-01-29 19:13:01,7.77
2026-01-29 19:13:02,7.77
2026-01-29 19:13:03,7.77
2026-01-29 19:13:04,8.57
2026-01-29 19:13:05,8.57
2026-01-29 19:13:06,8.57
2026-01-29 19:13:07,8.57
2026-01-29 19:13:08,8.57
2026-01-29 19:13:09,7.48
2026-01-29 19:13:10,7.48
2026-01-29 19:13:11,7.48
2026-01-29 19:13:12,7.48
2026-01-29 19:13:13,7.48
2026-01-29 19:13:14,8.35
2026-01-29 19:13:15,8.35
2026-01-29 19:13:16,8.35
2026-01-29 19:13:17,8.35
2026-01-29 19:13:18,8.35
2026-01-29 19:13:19,8.29
2026-01-29 19:13:20,8.29
2026-01-29 19:13:21,8.29
2026-01-29 19:13:22,8.29
2026-01-29 19:13:23,8.29
2026-01-29 19:13:24,10.2
2026-01-29 19:13:25,10.2
2026-01-29 19:13:26,10.2
2026-01-29 19:13:27,10.2
2026-01-29 19:13:28,10.2
2026-01-29 19:13:29,8.59
2026-01-29 19:13:30,8.59
2026-01-29 19:13:31,8.59
2026-01-29 19:13:32,8.59
2026-01-29 19:13:33,8.59
2026-01-29 19:13:34,9.89
2026-01-29 19:13:35,9.89
2026-01-29 19:13:36,9.89
2026-01-29 19:13:37,9.89
2026-01-29 19:13:38,9.89
2026-01-29 19:13:39,8.32
2026-01-29 19:13:40,8.32
2026-01-29 19:13:41,8.32
2026-01-29 19:13:42,8.32
2026-01-29 19:13:43,8.32
2026-01-29 19:13:44,6.71
2026-01-29 19:13:45,6.71
2026-01-29 19:13:46,6.71
2026-01-29 19:13:47,6.71
2026-01-29 19:13:48,6.71
2026-01-29 19:13:49,6.73
2026-01-29 19:13:50,6.73
2026-01-29 19:13:51,6.73
2026-01-29 19:13:52,6.73
2026-01-29 19:13:53,6.73
2026-01-29 19:13:54,6.69
2026-01-29 19:13:55,6.69
2026-01-29 19:13:56,6.69
2026-01-29 19:13:57,6.69
2026-01-29 19:13:58,6.69
2026-01-29 19:13:59,6.73
2026-01-29 19:14:00,6.73
2026-01-29 19:14:01,6.73
2026-01-29 19:14:02,6.73
2026-01-29 19:14:03,6.73
2026-01-29 19:14:04,8.13
2026-01-29 19:14:05,8.13
2026-01-29 19:14:06,8.13
2026-01-29 19:14:07,8.13
2026-01-29 19:14:08,8.13
2026-01-29 19:14:09,7.89
2026-01-29 19:14:10,7.89
2026-01-29 19:14:11,7.89
2026-01-29 19:14:12,7.89
2026-01-29 19:14:13,7.89
2026-01-29 19:14:14,7.79
2026-01-29 19:14:15,7.79
2026-01-29 19:14:16,7.79
2026-01-29 19:14:17,7.79
2026-01-29 19:14:18,7.79
2026-01-29 19:14:19,7.83
2026-01-29 19:14:20,7.83
2026-01-29 19:14:21,7.83
2026-01-29 19:14:22,7.83
2026-01-29 19:14:23,7.83
2026-01-29 19:14:24,7.81
2026-01-29 19:14:25,7.81
2026-01-29 19:14:26,7.81
2026-01-29 19:14:27,7.81
2026-01-29 19:14:28,7.81
2026-01-29 19:14:29,0
2026-01-29 19:14:30,0
2026-01-29 19:14:31,0
2026-01-29 19:14:32,0
2026-01-29 19:14:33,0
2026-01-29 19:14:34,0
2026-01-29 19:14:35,0
2026-01-29 19:14:36,0
2026-01-29 19:14:37,0
2026-01-29 19:14:38,0
2026-01-29 19:14:39,0
2026-01-29 19:14:40,0
2026-01-29 19:14:41,0
2026-01-29 19:14:42,0
2026-01-29 19:14:43,0
2026-01-29 19:14:44,0
2026-01-29 19:14:45,0
2026-01-29 19:14:46,0
2026-01-29 19:14:47,0
2026-01-29 19:14:48,0
2026-01-29 19:14:49,0
2026-01-29 19:14:50,0
2026-01-29 19:14:51,0
2026-01-29 19:14:52,0
2026-01-29 19:14:53,0
2026-01-29 19:14:54,0
2026-01-29 19:14:55,0
2026-01-29 19:14:56,0
2026-01-29 19:14:57,0
2026-01-29 19:14:58,0
2026-01-29 19:14:59,0
2026-01-29 19:15:00,0
2026-01-29 19:15:01,0
2026-01-29 19:15:02,0
2026-01-29 19:15:03,0
2026-01-29 19:15:04,0
2026-01-29 19:15:05,0
2026-01-29 19:15:06,0
2026-01-29 19:15:07,0
2026-01-29 19:15:08,0
2026-01-29 19:15:09,0
2026-01-29 19:15:10,0
2026-01-29 19:15:11,0
2026-01-29 19:15:12,0
2026-01-29 19:15:13,0
2026-01-29 19:15:14,0
2026-01-29 19:15:15,0
2026-01-29 19:15:16,0
2026-01-29 19:15:17,0
2026-01-29 19:15:18,0
2026-01-29 19:15:19,0
2026-01-29 19:15:20,0
2026-01-29 19:15:21,0
2026-01-29 19:15:22,0
2026-01-29 19:15:23,0
2026-01-29 19:15:24,0
2026-01-29 19:15:25,0
2026-01-29 19:15:26,0
2026-01-29 19:15:27,0
2026-01-29 19:15:28,0
2026-01-29 19:15:29,0
2026-01-29 19:15:30,0
2026-01-29 19:15:31,0
2026-01-29 19:15:32,0
2026-01-29 19:15:33,0
2026-01-29 19:15:34,0
2026-01-29 19:15:35,0
2026-01-29 19:15:36,0
2026-01-29 19:15:37,0
2026-01-29 19:15:38,0
2026-01-29 19:15:39,0
2026-01-29 19:15:40,0
2026-01-29 19:15:41,0
2026-01-29 19:15:42,0
2026-01-29 19:15:43,0
2026-01-29 19:15:44,0
2026-01-29 19:15:45,0
2026-01-29 19:15:46,0
2026-01-29 19:15:47,0
2026-01-29 19:15:48,0
2026-01-29 19:15:49,0
2026-01-29 19:15:50,0
2026-01-29 19:15:51,0
2026-01-29 19:15:52,0
2026-01-29 19:15:53,0
2026-01-29 19:15:54,0
2026-01-29 19:15:55,0
2026-01-29 19:15:56,0
2026-01-29 19:15:57,0
2026-01-29 19:15:58,0
2026-01-29 19:15:59,0
2026-01-29 19:16:00,0
2026-01-29 19:16:01,0
2026-01-29 19:16:02,0
2026-01-29 19:16:03,0
2026-01-29 19:21:09,1.20
2026-01-29 19:21:10,1.20
2026-01-29 19:21:11,1.20
2026-01-29 19:21:12,1.20
2026-01-29 19:21:13,1.20
2026-01-29 19:21:14,7.98
2026-01-29 19:21:15,7.98
2026-01-29 19:21:16,7.98
2026-01-29 19:21:17,7.98
2026-01-29 19:21:18,7.98
2026-01-29 19:21:19,7.85
2026-01-29 19:21:20,7.85
2026-01-29 19:21:21,7.85
2026-01-29 19:21:22,7.85
2026-01-29 19:21:23,7.85
2026-01-29 19:21:24,7.66
2026-01-29 19:21:25,7.66
2026-01-29 19:21:26,7.66
2026-01-29 19:21:27,7.66
2026-01-29 19:21:28,7.66
2026-01-29 19:21:29,8.72
2026-01-29 19:21:30,8.72
2026-01-29 19:21:31,8.72
2026-01-29 19:21:32,8.72
2026-01-29 19:21:33,8.72
2026-01-29 19:21:34,6.86
2026-01-29 19:21:35,6.86
2026-01-29 19:21:36,6.86
2026-01-29 19:21:37,6.86
2026-01-29 19:21:38,6.86
2026-01-29 19:21:39,6.53
2026-01-29 19:21:40,6.53
2026-01-29 19:21:41,6.53
2026-01-29 19:21:42,6.53
2026-01-29 19:21:43,6.53
2026-01-29 19:21:44,6.49
2026-01-29 19:21:45,6.49
2026-01-29 19:21:46,6.49
2026-01-29 19:21:47,6.49
2026-01-29 19:21:48,6.49
2026-01-29 19:21:49,6.65
2026-01-29 19:21:50,6.65
2026-01-29 19:21:51,6.65
2026-01-29 19:21:52,6.65
2026-01-29 19:21:53,6.65
2026-01-29 19:21:54,6.69
2026-01-29 19:21:55,6.69
2026-01-29 19:21:56,6.69
2026-01-29 19:21:57,6.69
2026-01-29 19:21:58,6.69
2026-01-29 19:21:59,6.49
2026-01-29 19:22:00,6.49
2026-01-29 19:22:01,6.49
2026-01-29 19:22:02,6.49
2026-01-29 19:22:03,6.49
2026-01-29 19:22:04,6.53
2026-01-29 19:22:05,6.53
2026-01-29 19:22:06,6.53
2026-01-29 19:22:07,6.53
2026-01-29 19:22:08,6.53
2026-01-29 19:22:09,6.51
2026-01-29 19:22:10,6.51
2026-01-29 19:22:11,6.51
2026-01-29 19:22:12,6.51
2026-01-29 19:22:13,6.51
2026-01-29 19:22:14,6.26
2026-01-29 19:22:15,6.26
2026-01-29 19:22:16,6.26
2026-01-29 19:22:17,6.26
2026-01-29 19:22:18,6.26
2026-01-29 19:22:19,7.02
2026-01-29 19:22:20,7.02
2026-01-29 19:22:21,7.02
2026-01-29 19:22:22,7.02
2026-01-29 19:22:23,7.02
2026-01-29 19:22:24,8.09
2026-01-29 19:22:25,8.09
2026-01-29 19:22:26,8.09
2026-01-29 19:22:27,8.09
2026-01-29 19:22:28,8.09
2026-01-29 19:22:29,7.80
2026-01-29 19:22:30,7.80
2026-01-29 19:22:31,7.80
2026-01-29 19:22:32,7.80
2026-01-29 19:22:33,7.80
2026-01-29 19:22:34,7.84
2026-01-29 19:22:35,7.84
2026-01-29 19:22:36,7.84
2026-01-29 19:22:37,7.84
2026-01-29 19:22:38,7.84
2026-01-29 19:22:39,7.85
2026-01-29 19:22:40,7.85
2026-01-29 19:22:41,7.85
2026-01-29 19:22:42,7.85
2026-01-29 19:22:43,7.85
2026-01-29 19:22:44,7.84
2026-01-29 19:22:45,7.84
2026-01-29 19:22:46,7.84
2026-01-29 19:22:47,7.84
2026-01-29 19:22:48,7.84
2026-01-29 19:22:49,7.76
2026-01-29 19:22:50,7.76
2026-01-29 19:22:51,7.76
2026-01-29 19:22:52,7.76
2026-01-29 19:22:53,7.76
2026-01-29 19:22:54,8.37
2026-01-29 19:22:55,8.37
2026-01-29 19:22:56,8.37
2026-01-29 19:22:57,8.37
2026-01-29 19:22:58,8.37
2026-01-29 19:22:59,8.94
2026-01-29 19:23:00,8.94
2026-01-29 19:23:01,8.94
2026-01-29 19:23:02,8.94
2026-01-29 19:23:03,8.94
2026-01-29 19:23:04,8.93
2026-01-29 19:23:05,8.93
2026-01-29 19:23:06,8.93
2026-01-29 19:23:07,8.93
2026-01-29 19:23:08,8.93
2026-01-29 19:23:09,8.94
2026-01-29 19:23:10,8.94
2026-01-29 19:23:11,8.94
2026-01-29 19:23:12,8.94
2026-01-29 19:23:13,8.94
2026-01-29 19:23:14,8.87
2026-01-29 19:23:15,8.87
2026-01-29 19:23:16,8.87
2026-01-29 19:23:17,8.87
2026-01-29 19:23:18,8.87
2026-01-29 19:23:19,9.86
2026-01-29 19:23:20,9.86
2026-01-29 19:23:21,9.86
2026-01-29 19:23:22,9.86
2026-01-29 19:23:23,9.86
2026-01-29 19:23:24,8.19
2026-01-29 19:23:25,8.19
2026-01-29 19:23:26,8.19
2026-01-29 19:23:27,8.19
2026-01-29 19:23:28,8.19
2026-01-29 19:23:29,7.97
2026-01-29 19:23:30,7.97
2026-01-29 19:23:31,7.97
2026-01-29 19:23:32,7.97
2026-01-29 19:23:33,7.97
2026-01-29 19:23:34,8.97
2026-01-29 19:23:35,8.97
2026-01-29 19:23:36,8.97
2026-01-29 19:23:37,8.97
2026-01-29 19:23:38,8.97
2026-01-29 19:23:39,8.77
2026-01-29 19:23:40,8.77
2026-01-29 19:23:41,8.77
2026-01-29 19:23:42,8.77
2026-01-29 19:23:43,8.77
2026-01-29 19:23:44,9.14
2026-01-29 19:23:45,9.14
2026-01-29 19:23:46,9.14
2026-01-29 19:23:47,9.14
2026-01-29 19:23:48,9.14
2026-01-29 19:23:49,8.85
2026-01-29 19:23:50,8.85
2026-01-29 19:23:51,8.85
2026-01-29 19:23:52,8.85
2026-01-29 19:23:53,8.85
2026-01-29 19:23:54,9.04
2026-01-29 19:23:55,9.04
2026-01-29 19:23:56,9.04
2026-01-29 19:23:57,9.04
2026-01-29 19:23:58,9.04
2026-01-29 19:23:59,8.77
2026-01-29 19:24:00,8.77
2026-01-29 19:24:01,8.77
2026-01-29 19:24:02,8.77
2026-01-29 19:24:03,8.77
2026-01-29 19:24:04,9.30
2026-01-29 19:24:05,9.30
2026-01-29 19:24:06,9.30
2026-01-29 19:24:07,9.30
2026-01-29 19:24:08,9.30
2026-01-29 19:24:09,8.91
2026-01-29 19:24:10,8.91
2026-01-29 19:24:11,8.91
2026-01-29 19:24:12,8.91
2026-01-29 19:24:13,8.91
2026-01-29 19:24:14,8.68
2026-01-29 19:24:15,8.68
2026-01-29 19:24:16,8.68
2026-01-29 19:24:17,8.68
2026-01-29 19:24:18,8.68
2026-01-29 19:24:19,8.72
2026-01-29 19:24:20,8.72
2026-01-29 19:24:21,8.72
2026-01-29 19:24:22,8.72
2026-01-29 19:24:23,8.72
2026-01-29 19:24:24,8.83
2026-01-29 19:24:25,8.83
2026-01-29 19:24:26,8.83
2026-01-29 19:24:27,8.83
2026-01-29 19:24:28,8.83
2026-01-29 19:24:29,0
2026-01-29 19:24:30,0
2026-01-29 19:24:31,0
2026-01-29 19:24:32,0
2026-01-29 19:24:33,0
2026-01-29 19:24:34,0
2026-01-29 19:24:35,0
2026-01-29 19:24:36,0
2026-01-29 19:24:37,0
2026-01-29 19:24:38,0
2026-01-29 19:24:39,0
2026-01-29 19:24:40,0
2026-01-29 19:24:41,0
2026-01-29 19:24:42,0
2026-01-29 19:24:43,0
2026-01-29 19:24:44,0
2026-01-29 19:24:45,0
2026-01-29 19:24:46,0
2026-01-29 19:24:47,0
2026-01-29 19:24:48,0
2026-01-29 19:24:49,0
2026-01-29 19:24:50,0
2026-01-29 19:24:51,0
2026-01-29 19:24:52,0
2026-01-29 19:24:53,0
2026-01-29 19:24:54,0
2026-01-29 19:24:55,0
2026-01-29 19:24:56,0
2026-01-29 19:24:57,0
2026-01-29 19:24:58,0
2026-01-29 19:24:59,0
2026-01-29 19:25:00,0
2026-01-29 19:25:01,0
2026-01-29 19:25:02,0
2026-01-29 19:25:03,0
2026-01-29 19:25:04,0
2026-01-29 19:25:05,0
2026-01-29 19:25:06,0
2026-01-29 19:25:07,0
2026-01-29 19:25:08,0
2026-01-29 19:25:09,0
2026-01-29 19:25:10,0
2026-01-29 19:25:11,0
2026-01-29 19:25:12,0
2026-01-29 19:25:13,0
2026-01-29 19:25:14,0
2026-01-29 19:25:15,0
2026-01-29 19:25:16,0
2026-01-29 19:25:17,0
2026-01-29 19:25:18,0
2026-01-29 19:25:19,0
2026-01-29 19:25:20,0
2026-01-29 19:25:21,0
2026-01-29 19:25:22,0
2026-01-29 19:25:23,0
2026-01-29 19:25:24,0
2026-01-29 19:25:25,0
2026-01-29 19:25:26,0
2026-01-29 19:25:27,0
2026-01-29 19:25:28,0
2026-01-29 19:25:29,0
2026-01-29 19:25:30,0
2026-01-29 19:25:31,0
2026-01-29 19:25:32,0
2026-01-29 19:25:33,0
2026-01-29 19:25:34,0
2026-01-29 19:25:35,0
2026-01-29 19:25:36,0
2026-01-29 19:25:37,0
2026-01-29 19:25:38,0
2026-01-29 19:25:39,0
2026-01-29 19:25:40,0
2026-01-29 19:25:41,0
2026-01-29 19:25:42,0
2026-01-29 19:25:43,0
2026-01-29 19:25:44,0
2026-01-29 19:25:45,0
2026-01-29 19:25:46,0
2026-01-29 19:25:47,0
2026-01-29 19:25:48,0
2026-01-29 19:25:49,0
2026-01-29 19:25:50,0
2026-01-29 19:25:51,0
2026-01-29 19:25:52,0
2026-01-29 19:25:53,0
2026-01-29 19:25:54,0
2026-01-29 19:25:55,0
2026-01-29 19:25:56,0
2026-01-29 19:25:57,0
2026-01-29 19:25:58,0
2026-01-29 19:25:59,0
2026-01-29 19:26:00,0
2026-01-29 19:26:01,0
2026-01-29 19:26:02,0
2026-01-29 19:26:03,0
2026-01-29 19:31:04,3.57
2026-01-29 19:31:05,3.57
2026-01-29 19:31:06,3.57
2026-01-29 19:31:07,3.57
2026-01-29 19:31:08,3.57
2026-01-29 19:31:09,6.83
2026-01-29 19:31:10,6.83
2026-01-29 19:31:11,6.83
2026-01-29 19:31:12,6.83
2026-01-29 19:31:13,6.83
2026-01-29 19:31:14,7.18
2026-01-29 19:31:15,7.18
2026-01-29 19:31:16,7.18
2026-01-29 19:31:17,7.18
2026-01-29 19:31:18,7.18
2026-01-29 19:31:19,6.65
2026-01-29 19:31:20,6.65
2026-01-29 19:31:21,6.65
2026-01-29 19:31:22,6.65
2026-01-29 19:31:23,6.65
2026-01-29 19:31:24,6.77
2026-01-29 19:31:25,6.77
2026-01-29 19:31:26,6.77
2026-01-29 19:31:27,6.77
2026-01-29 19:31:28,6.77
2026-01-29 19:31:29,6.59
2026-01-29 19:31:30,6.59
2026-01-29 19:31:31,6.59
2026-01-29 19:31:32,6.59
2026-01-29 19:31:33,6.59
2026-01-29 19:31:34,5.86
2026-01-29 19:31:35,5.86
2026-01-29 19:31:36,5.86
2026-01-29 19:31:37,5.86
2026-01-29 19:31:38,5.86
2026-01-29 19:31:39,8.16
2026-01-29 19:31:40,8.16
2026-01-29 19:31:41,8.16
2026-01-29 19:31:42,8.16
2026-01-29 19:31:43,8.16
2026-01-29 19:31:44,7.68
2026-01-29 19:31:45,7.68
2026-01-29 19:31:46,7.68
2026-01-29 19:31:47,7.68
2026-01-29 19:31:48,7.68
2026-01-29 19:31:49,7.47
2026-01-29 19:31:50,7.47
2026-01-29 19:31:51,7.47
2026-01-29 19:31:52,7.47
2026-01-29 19:31:53,7.47
2026-01-29 19:31:54,9.78
2026-01-29 19:31:55,9.78
2026-01-29 19:31:56,9.78
2026-01-29 19:31:57,9.78
2026-01-29 19:31:58,9.78
2026-01-29 19:31:59,8.67
2026-01-29 19:32:00,8.67
2026-01-29 19:32:01,8.67
2026-01-29 19:32:02,8.67
2026-01-29 19:32:03,8.67
2026-01-29 19:32:04,9.71
2026-01-29 19:32:05,9.71
2026-01-29 19:32:06,9.71
2026-01-29 19:32:07,9.71
2026-01-29 19:32:08,9.71
2026-01-29 19:32:09,8.55
2026-01-29 19:32:10,8.55
2026-01-29 19:32:11,8.55
2026-01-29 19:32:12,8.55
2026-01-29 19:32:13,8.55
2026-01-29 19:32:14,7.40
2026-01-29 19:32:15,7.40
2026-01-29 19:32:16,7.40
2026-01-29 19:32:17,7.40
2026-01-29 19:32:18,7.40
2026-01-29 19:32:19,7.39
2026-01-29 19:32:20,7.39
2026-01-29 19:32:21,7.39
2026-01-29 19:32:22,7.39
2026-01-29 19:32:23,7.39
2026-01-29 19:32:24,7.57
2026-01-29 19:32:25,7.57
2026-01-29 19:32:26,7.57
2026-01-29 19:32:27,7.57
2026-01-29 19:32:28,7.57
2026-01-29 19:32:29,7.47
2026-01-29 19:32:30,7.47
2026-01-29 19:32:31,7.47
2026-01-29 19:32:32,7.47
2026-01-29 19:32:33,7.47
2026-01-29 19:32:34,7.43
2026-01-29 19:32:35,7.43
2026-01-29 19:32:36,7.43
2026-01-29 19:32:37,7.43
2026-01-29 19:32:38,7.43
2026-01-29 19:32:39,7.54
2026-01-29 19:32:40,7.54
2026-01-29 19:32:41,7.54
2026-01-29 19:32:42,7.54
2026-01-29 19:32:43,7.54
2026-01-29 19:32:44,7.45
2026-01-29 19:32:45,7.45
2026-01-29 19:32:46,7.45
2026-01-29 19:32:47,7.45
2026-01-29 19:32:48,7.45
2026-01-29 19:32:49,7.76
2026-01-29 19:32:50,7.76
2026-01-29 19:32:51,7.76
2026-01-29 19:32:52,7.76
2026-01-29 19:32:53,7.76
2026-01-29 19:32:54,12.2
2026-01-29 19:32:55,12.2
2026-01-29 19:32:56,12.2
2026-01-29 19:32:57,12.2
2026-01-29 19:32:58,12.2
2026-01-29 19:32:59,5.30
2026-01-29 19:33:00,5.30
2026-01-29 19:33:01,5.30
2026-01-29 19:33:02,5.30
2026-01-29 19:33:03,5.30
2026-01-29 19:33:04,7.02
2026-01-29 19:33:05,7.02
2026-01-29 19:33:06,7.02
2026-01-29 19:33:07,7.02
2026-01-29 19:33:08,7.02
2026-01-29 19:33:09,7.01
2026-01-29 19:33:10,7.01
2026-01-29 19:33:11,7.01
2026-01-29 19:33:12,7.01
2026-01-29 19:33:13,7.01
2026-01-29 19:33:14,6.68
2026-01-29 19:33:15,6.68
2026-01-29 19:33:16,6.68
2026-01-29 19:33:17,6.68
2026-01-29 19:33:18,6.68
2026-01-29 19:33:19,6.73
2026-01-29 19:33:20,6.73
2026-01-29 19:33:21,6.73
2026-01-29 19:33:22,6.73
2026-01-29 19:33:23,6.73
2026-01-29 19:33:24,7.82
2026-01-29 19:33:25,7.82
2026-01-29 19:33:26,7.82
2026-01-29 19:33:27,7.82
2026-01-29 19:33:28,7.82
2026-01-29 19:33:29,6.62
2026-01-29 19:33:30,6.62
2026-01-29 19:33:31,6.62
2026-01-29 19:33:32,6.62
2026-01-29 19:33:33,6.62
2026-01-29 19:33:34,5.92
2026-01-29 19:33:35,5.92
2026-01-29 19:33:36,5.92
2026-01-29 19:33:37,5.92
2026-01-29 19:33:38,5.92
2026-01-29 19:33:39,7.62
2026-01-29 19:33:40,7.62
2026-01-29 19:33:41,7.62
2026-01-29 19:33:42,7.62
2026-01-29 19:33:43,7.62
2026-01-29 19:33:44,8.22
2026-01-29 19:33:45,8.22
2026-01-29 19:33:46,8.22
2026-01-29 19:33:47,8.22
2026-01-29 19:33:48,8.22
2026-01-29 19:33:49,10.2
2026-01-29 19:33:50,10.2
2026-01-29 19:33:51,10.2
2026-01-29 19:33:52,10.2
2026-01-29 19:33:53,10.2
2026-01-29 19:33:54,7.95
2026-01-29 19:33:55,7.95
2026-01-29 19:33:56,7.95
2026-01-29 19:33:57,7.95
2026-01-29 19:33:58,7.95
2026-01-29 19:33:59,7.80
2026-01-29 19:34:00,7.80
2026-01-29 19:34:01,7.80
2026-01-29 19:34:02,7.80
2026-01-29 19:34:03,7.80
2026-01-29 19:34:04,7.90
2026-01-29 19:34:05,7.90
2026-01-29 19:34:06,7.90
2026-01-29 19:34:07,7.90
2026-01-29 19:34:08,7.90
2026-01-29 19:34:09,8.11
2026-01-29 19:34:10,8.11
2026-01-29 19:34:11,8.11
2026-01-29 19:34:12,8.11
2026-01-29 19:34:13,8.11
2026-01-29 19:34:14,7.91
2026-01-29 19:34:15,7.91
2026-01-29 19:34:16,7.91
2026-01-29 19:34:17,7.91
2026-01-29 19:34:18,7.91
2026-01-29 19:34:19,0
2026-01-29 19:34:20,0
2026-01-29 19:34:21,0
2026-01-29 19:34:22,0
2026-01-29 19:34:23,0
2026-01-29 19:34:24,0
2026-01-29 19:34:25,0
2026-01-29 19:34:26,0
2026-01-29 19:34:27,0
2026-01-29 19:34:28,0
2026-01-29 19:34:29,0
2026-01-29 19:34:30,0
2026-01-29 19:34:31,0
2026-01-29 19:34:32,0
2026-01-29 19:34:33,0
2026-01-29 19:34:34,0
2026-01-29 19:34:35,0
2026-01-29 19:34:36,0
2026-01-29 19:34:37,0
2026-01-29 19:34:38,0
2026-01-29 19:34:39,0
2026-01-29 19:34:40,0
2026-01-29 19:34:41,0
2026-01-29 19:34:42,0
2026-01-29 19:34:43,0
2026-01-29 19:34:44,0
2026-01-29 19:34:45,0
2026-01-29 19:34:46,0
2026-01-29 19:34:47,0
2026-01-29 19:34:48,0
2026-01-29 19:34:49,0
2026-01-29 19:34:50,0
2026-01-29 19:34:51,0
2026-01-29 19:34:52,0
2026-01-29 19:34:53,0
2026-01-29 19:34:54,0
2026-01-29 19:34:55,0
2026-01-29 19:34:56,0
2026-01-29 19:34:57,0
2026-01-29 19:34:58,0
2026-01-29 19:34:59,0
2026-01-29 19:35:00,0
2026-01-29 19:35:01,0
2026-01-29 19:35:02,0
2026-01-29 19:35:03,0
2026-01-29 19:35:04,0
2026-01-29 19:35:05,0
2026-01-29 19:35:06,0
2026-01-29 19:35:07,0
2026-01-29 19:35:08,0
2026-01-29 19:35:09,0
2026-01-29 19:35:10,0
2026-01-29 19:35:11,0
2026-01-29 19:35:12,0
2026-01-29 19:35:13,0
2026-01-29 19:35:14,0
2026-01-29 19:35:15,0
2026-01-29 19:35:16,0
2026-01-29 19:35:17,0
2026-01-29 19:35:18,0
2026-01-29 19:35:19,0
2026-01-29 19:35:20,0
2026-01-29 19:35:21,0
2026-01-29 19:35:22,0
2026-01-29 19:35:23,0
2026-01-29 19:35:24,0
2026-01-29 19:35:25,0
2026-01-29 19:35:26,0
2026-01-29 19:35:27,0
2026-01-29 19:35:28,0
2026-01-29 19:35:29,0
2026-01-29 19:35:30,0
2026-01-29 19:35:31,0
2026-01-29 19:35:32,0
2026-01-29 19:35:33,0
2026-01-29 19:35:34,0
2026-01-29 19:35:35,0
2026-01-29 19:35:36,0
2026-01-29 19:35:37,0
2026-01-29 19:35:38,0
2026-01-29 19:35:39,0
2026-01-29 19:35:40,0
2026-01-29 19:35:41,0
2026-01-29 19:35:42,0
2026-01-29 19:35:43,0
2026-01-29 19:35:44,0
2026-01-29 19:35:45,0
2026-01-29 19:35:46,0
2026-01-29 19:35:47,0
2026-01-29 19:35:48,0
2026-01-29 19:35:49,0
2026-01-29 19:35:50,0
2026-01-29 19:35:51,0
2026-01-29 19:35:52,0
2026-01-29 19:35:53,0
2026-01-29 19:40:54,5.34
2026-01-29 19:40:55,5.34
2026-01-29 19:40:56,5.34
2026-01-29 19:40:57,5.34
2026-01-29 19:40:58,5.34
2026-01-29 19:40:59,8.03
2026-01-29 19:41:00,8.03
2026-01-29 19:41:01,8.03
2026-01-29 19:41:02,8.03
2026-01-29 19:41:03,8.03
2026-01-29 19:41:04,8.66
2026-01-29 19:41:05,8.66
2026-01-29 19:41:06,8.66
2026-01-29 19:41:07,8.66
2026-01-29 19:41:08,8.66
2026-01-29 19:41:09,8.15
2026-01-29 19:41:10,8.15
2026-01-29 19:41:11,8.15
2026-01-29 19:41:12,8.15
2026-01-29 19:41:13,8.15
2026-01-29 19:41:14,7.76
2026-01-29 19:41:15,7.76
2026-01-29 19:41:16,7.76
2026-01-29 19:41:17,7.76
2026-01-29 19:41:18,7.76
2026-01-29 19:41:19,7.95
2026-01-29 19:41:20,7.95
2026-01-29 19:41:21,7.95
2026-01-29 19:41:22,7.95
2026-01-29 19:41:23,7.95
2026-01-29 19:41:24,7.89
2026-01-29 19:41:25,7.89
2026-01-29 19:41:26,7.89
2026-01-29 19:41:27,7.89
2026-01-29 19:41:28,7.89
2026-01-29 19:41:29,7.90
2026-01-29 19:41:30,7.90
2026-01-29 19:41:31,7.90
2026-01-29 19:41:32,7.90
2026-01-29 19:41:33,7.90
2026-01-29 19:41:34,7.88
2026-01-29 19:41:35,7.88
2026-01-29 19:41:36,7.88
2026-01-29 19:41:37,7.88
2026-01-29 19:41:38,7.88
2026-01-29 19:41:39,7.83
2026-01-29 19:41:40,7.83
2026-01-29 19:41:41,7.83
2026-01-29 19:41:42,7.83
2026-01-29 19:41:43,7.83
2026-01-29 19:41:44,7.46
2026-01-29 19:41:45,7.46
2026-01-29 19:41:46,7.46
2026-01-29 19:41:47,7.46
2026-01-29 19:41:48,7.46
2026-01-29 19:41:49,8.85
2026-01-29 19:41:50,8.85
2026-01-29 19:41:51,8.85
2026-01-29 19:41:52,8.85
2026-01-29 19:41:53,8.85
2026-01-29 19:41:54,9.01
2026-01-29 19:41:55,9.01
2026-01-29 19:41:56,9.01
2026-01-29 19:41:57,9.01
2026-01-29 19:41:58,9.01
2026-01-29 19:41:59,8.98
2026-01-29 19:42:00,8.98
2026-01-29 19:42:01,8.98
2026-01-29 19:42:02,8.98
2026-01-29 19:42:03,8.98
2026-01-29 19:42:04,8.89
2026-01-29 19:42:05,8.89
2026-01-29 19:42:06,8.89
2026-01-29 19:42:07,8.89
2026-01-29 19:42:08,8.89
2026-01-29 19:42:09,8.95
2026-01-29 19:42:10,8.95
2026-01-29 19:42:11,8.95
2026-01-29 19:42:12,8.95
2026-01-29 19:42:13,8.95
2026-01-29 19:42:14,8.78
2026-01-29 19:42:15,8.78
2026-01-29 19:42:16,8.78
2026-01-29 19:42:17,8.78
2026-01-29 19:42:18,8.78
2026-01-29 19:42:19,9.00
2026-01-29 19:42:20,9.00
2026-01-29 19:42:21,9.00
2026-01-29 19:42:22,9.00
2026-01-29 19:42:23,9.00
2026-01-29 19:42:24,9.13
2026-01-29 19:42:25,9.13
2026-01-29 19:42:26,9.13
2026-01-29 19:42:27,9.13
2026-01-29 19:42:28,9.13
2026-01-29 19:42:29,8.80
2026-01-29 19:42:30,8.80
2026-01-29 19:42:31,8.80
2026-01-29 19:42:32,8.80
2026-01-29 19:42:33,8.80
2026-01-29 19:42:34,10.2
2026-01-29 19:42:35,10.2
2026-01-29 19:42:36,10.2
2026-01-29 19:42:37,10.2
2026-01-29 19:42:38,10.2
2026-01-29 19:42:39,7.71
2026-01-29 19:42:40,7.71
2026-01-29 19:42:41,7.71
2026-01-29 19:42:42,7.71
2026-01-29 19:42:43,7.71
2026-01-29 19:42:44,7.72
2026-01-29 19:42:45,7.72
2026-01-29 19:42:46,7.72
2026-01-29 19:42:47,7.72
2026-01-29 19:42:48,7.72
2026-01-29 19:42:49,7.94
2026-01-29 19:42:50,7.94
2026-01-29 19:42:51,7.94
2026-01-29 19:42:52,7.94
2026-01-29 19:42:53,7.94
2026-01-29 19:42:54,7.96
2026-01-29 19:42:55,7.96
2026-01-29 19:42:56,7.96
2026-01-29 19:42:57,7.96
2026-01-29 19:42:58,7.96
2026-01-29 19:42:59,7.79
2026-01-29 19:43:00,7.79
2026-01-29 19:43:01,7.79
2026-01-29 19:43:02,7.79
2026-01-29 19:43:03,7.79
2026-01-29 19:43:04,8.16
2026-01-29 19:43:05,8.16
2026-01-29 19:43:06,8.16
2026-01-29 19:43:07,8.16
2026-01-29 19:43:08,8.16
2026-01-29 19:43:09,7.92
2026-01-29 19:43:10,7.92
2026-01-29 19:43:11,7.92
2026-01-29 19:43:12,7.92
2026-01-29 19:43:13,7.92
2026-01-29 19:43:14,7.74
2026-01-29 19:43:15,7.74
2026-01-29 19:43:16,7.74
2026-01-29 19:43:17,7.74
2026-01-29 19:43:18,7.74
2026-01-29 19:43:19,8.50
2026-01-29 19:43:20,8.50
2026-01-29 19:43:21,8.50
2026-01-29 19:43:22,8.50
2026-01-29 19:43:23,8.50
2026-01-29 19:43:24,6.59
2026-01-29 19:43:25,6.59
2026-01-29 19:43:26,6.59
2026-01-29 19:43:27,6.59
2026-01-29 19:43:28,6.59
2026-01-29 19:43:29,6.70
2026-01-29 19:43:30,6.70
2026-01-29 19:43:31,6.70
2026-01-29 19:43:32,6.70
2026-01-29 19:43:33,6.70
2026-01-29 19:43:34,6.46
2026-01-29 19:43:35,6.46
2026-01-29 19:43:36,6.46
2026-01-29 19:43:37,6.46
2026-01-29 19:43:38,6.46
2026-01-29 19:43:39,6.45
2026-01-29 19:43:40,6.45
2026-01-29 19:43:41,6.45
2026-01-29 19:43:42,6.45
2026-01-29 19:43:43,6.45
2026-01-29 19:43:44,6.46
2026-01-29 19:43:45,6.46
2026-01-29 19:43:46,6.46
2026-01-29 19:43:47,6.46
2026-01-29 19:43:48,6.46
2026-01-29 19:43:49,6.47
2026-01-29 19:43:50,6.47
2026-01-29 19:43:51,6.47
2026-01-29 19:43:52,6.47
2026-01-29 19:43:53,6.47
2026-01-29 19:43:54,6.63
2026-01-29 19:43:55,6.63
2026-01-29 19:43:56,6.63
2026-01-29 19:43:57,6.63
2026-01-29 19:43:58,6.63
2026-01-29 19:43:59,6.44
2026-01-29 19:44:00,6.44
2026-01-29 19:44:01,6.44
2026-01-29 19:44:02,6.44
2026-01-29 19:44:03,6.44
2026-01-29 19:44:04,6.62
2026-01-29 19:44:05,6.62
2026-01-29 19:44:06,6.62
2026-01-29 19:44:07,6.62
2026-01-29 19:44:08,6.62
2026-01-29 19:44:09,0
2026-01-29 19:44:10,0
2026-01-29 19:44:11,0
2026-01-29 19:44:12,0
2026-01-29 19:44:13,0
2026-01-29 19:44:14,0
2026-01-29 19:44:15,0
2026-01-29 19:44:16,0
2026-01-29 19:44:17,0
2026-01-29 19:44:18,0
2026-01-29 19:44:19,0
2026-01-29 19:44:20,0
2026-01-29 19:44:21,0
2026-01-29 19:44:22,0
2026-01-29 19:44:23,0
2026-01-29 19:44:24,0
2026-01-29 19:44:25,0
2026-01-29 19:44:26,0
2026-01-29 19:44:27,0
2026-01-29 19:44:28,0
2026-01-29 19:44:29,0
2026-01-29 19:44:30,0
2026-01-29 19:44:31,0
2026-01-29 19:44:32,0
2026-01-29 19:44:33,0
2026-01-29 19:44:34,0
2026-01-29 19:44:35,0
2026-01-29 19:44:36,0
2026-01-29 19:44:37,0
2026-01-29 19:44:38,0
2026-01-29 19:44:39,0
2026-01-29 19:44:40,0
2026-01-29 19:44:41,0
2026-01-29 19:44:42,0
2026-01-29 19:44:43,0
2026-01-29 19:44:44,0
2026-01-29 19:44:45,0
2026-01-29 19:44:46,0
2026-01-29 19:44:47,0
2026-01-29 19:44:48,0
2026-01-29 19:44:49,0
2026-01-29 19:44:50,0
2026-01-29 19:44:51,0
2026-01-29 19:44:52,0
2026-01-29 19:44:53,0
2026-01-29 19:44:54,0
2026-01-29 19:44:55,0
2026-01-29 19:44:56,0
2026-01-29 19:44:57,0
2026-01-29 19:44:58,0
2026-01-29 19:44:59,0
2026-01-29 19:45:00,0
2026-01-29 19:45:01,0
2026-01-29 19:45:02,0
2026-01-29 19:45:03,0
2026-01-29 19:45:04,0
2026-01-29 19:45:05,0
2026-01-29 19:45:06,0
2026-01-29 19:45:07,0
2026-01-29 19:45:08,0
2026-01-29 19:45:09,0
2026-01-29 19:45:10,0
2026-01-29 19:45:11,0
2026-01-29 19:45:12,0
2026-01-29 19:45:13,0
2026-01-29 19:45:14,0
2026-01-29 19:45:15,0
2026-01-29 19:45:16,0
2026-01-29 19:45:17,0
2026-01-29 19:45:18,0
2026-01-29 19:45:19,0
2026-01-29 19:45:20,0
2026-01-29 19:45:21,0
2026-01-29 19:45:22,0
2026-01-29 19:45:23,0
2026-01-29 19:45:24,0
2026-01-29 19:45:25,0
2026-01-29 19:45:26,0
2026-01-29 19:45:27,0
2026-01-29 19:45:28,0
2026-01-29 19:45:29,0
2026-01-29 19:45:30,0
2026-01-29 19:45:31,0
2026-01-29 19:45:32,0
2026-01-29 19:45:33,0
2026-01-29 19:45:34,0
2026-01-29 19:45:35,0
2026-01-29 19:45:36,0
2026-01-29 19:45:37,0
2026-01-29 19:45:38,0
2026-01-29 19:45:39,0
2026-01-29 19:45:40,0
2026-01-29 19:45:41,0
2026-01-29 19:45:42,0
2026-01-29 19:45:43,0
2026-01-29 19:50:49,8.20
2026-01-29 19:50:50,8.20
2026-01-29 19:50:51,8.20
2026-01-29 19:50:52,8.20
2026-01-29 19:50:53,8.20
2026-01-29 19:50:54,9.49
2026-01-29 19:50:55,9.49
2026-01-29 19:50:56,9.49
2026-01-29 19:50:57,9.49
2026-01-29 19:50:58,9.49
2026-01-29 19:50:59,9.35
2026-01-29 19:51:00,9.35
2026-01-29 19:51:01,9.35
2026-01-29 19:51:02,9.35
2026-01-29 19:51:03,9.35
2026-01-29 19:51:04,9.02
2026-01-29 19:51:05,9.02
2026-01-29 19:51:06,9.02
2026-01-29 19:51:07,9.02
2026-01-29 19:51:08,9.02
2026-01-29 19:51:09,10.3
2026-01-29 19:51:10,10.3
2026-01-29 19:51:11,10.3
2026-01-29 19:51:12,10.3
2026-01-29 19:51:13,10.3
2026-01-29 19:51:14,12.2
2026-01-29 19:51:15,12.2
2026-01-29 19:51:16,12.2
2026-01-29 19:51:17,12.2
2026-01-29 19:51:18,12.2
2026-01-29 19:51:19,9.00
2026-01-29 19:51:20,9.00
2026-01-29 19:51:21,9.00
2026-01-29 19:51:22,9.00
2026-01-29 19:51:23,9.00
2026-01-29 19:51:24,8.94
2026-01-29 19:51:25,8.94
2026-01-29 19:51:26,8.94
2026-01-29 19:51:27,8.94
2026-01-29 19:51:28,8.94
2026-01-29 19:51:29,8.92
2026-01-29 19:51:30,8.92
2026-01-29 19:51:31,8.92
2026-01-29 19:51:32,8.92
2026-01-29 19:51:33,8.92
2026-01-29 19:51:34,9.22
2026-01-29 19:51:35,9.22
2026-01-29 19:51:36,9.22
2026-01-29 19:51:37,9.22
2026-01-29 19:51:38,9.22
2026-01-29 19:51:39,10.4
2026-01-29 19:51:40,10.4
2026-01-29 19:51:41,10.4
2026-01-29 19:51:42,10.4
2026-01-29 19:51:43,10.4
2026-01-29 19:51:44,8.92
2026-01-29 19:51:45,8.92
2026-01-29 19:51:46,8.92
2026-01-29 19:51:47,8.92
2026-01-29 19:51:48,8.92
2026-01-29 19:51:49,8.94
2026-01-29 19:51:50,8.94
2026-01-29 19:51:51,8.94
2026-01-29 19:51:52,8.94
2026-01-29 19:51:53,8.94
2026-01-29 19:51:54,8.88
2026-01-29 19:51:55,8.88
2026-01-29 19:51:56,8.88
2026-01-29 19:51:57,8.88
2026-01-29 19:51:58,8.88
2026-01-29 19:51:59,9.35
2026-01-29 19:52:00,9.35
2026-01-29 19:52:01,9.35
2026-01-29 19:52:02,9.35
2026-01-29 19:52:03,9.35
2026-01-29 19:52:04,9.02
2026-01-29 19:52:05,9.02
2026-01-29 19:52:06,9.02
2026-01-29 19:52:07,9.02
2026-01-29 19:52:08,9.02
2026-01-29 19:52:09,8.99
2026-01-29 19:52:10,8.99
2026-01-29 19:52:11,8.99
2026-01-29 19:52:12,8.99
2026-01-29 19:52:13,8.99
2026-01-29 19:52:14,8.83
2026-01-29 19:52:15,8.83
2026-01-29 19:52:16,8.83
2026-01-29 19:52:17,8.83
2026-01-29 19:52:18,8.83
2026-01-29 19:52:19,7.84
2026-01-29 19:52:20,7.84
2026-01-29 19:52:21,7.84
2026-01-29 19:52:22,7.84
2026-01-29 19:52:23,7.84
2026-01-29 19:52:24,7.77
2026-01-29 19:52:25,7.77
2026-01-29 19:52:26,7.77
2026-01-29 19:52:27,7.77
2026-01-29 19:52:28,7.77
2026-01-29 19:52:29,7.88
2026-01-29 19:52:30,7.88
2026-01-29 19:52:31,7.88
2026-01-29 19:52:32,7.88
2026-01-29 19:52:33,7.88
2026-01-29 19:52:34,7.84
2026-01-29 19:52:35,7.84
2026-01-29 19:52:36,7.84
2026-01-29 19:52:37,7.84
2026-01-29 19:52:38,7.84
2026-01-29 19:52:39,7.87
2026-01-29 19:52:40,7.87
2026-01-29 19:52:41,7.87
2026-01-29 19:52:42,7.87
2026-01-29 19:52:43,7.87
2026-01-29 19:52:44,7.76
2026-01-29 19:52:45,7.76
2026-01-29 19:52:46,7.76
2026-01-29 19:52:47,7.76
2026-01-29 19:52:48,7.76
2026-01-29 19:52:49,7.95
2026-01-29 19:52:50,7.95
2026-01-29 19:52:51,7.95
2026-01-29 19:52:52,7.95
2026-01-29 19:52:53,7.95
2026-01-29 19:52:54,7.81
2026-01-29 19:52:55,7.81
2026-01-29 19:52:56,7.81
2026-01-29 19:52:57,7.81
2026-01-29 19:52:58,7.81
2026-01-29 19:52:59,8.19
2026-01-29 19:53:00,8.19
2026-01-29 19:53:01,8.19
2026-01-29 19:53:02,8.19
2026-01-29 19:53:03,8.19
2026-01-29 19:53:04,7.96
2026-01-29 19:53:05,7.96
2026-01-29 19:53:06,7.96
2026-01-29 19:53:07,7.96
2026-01-29 19:53:08,7.96
2026-01-29 19:53:09,7.94
2026-01-29 19:53:10,7.94
2026-01-29 19:53:11,7.94
2026-01-29 19:53:12,7.94
2026-01-29 19:53:13,7.94
2026-01-29 19:53:14,7.98
2026-01-29 19:53:15,7.98
2026-01-29 19:53:16,7.98
2026-01-29 19:53:17,7.98
2026-01-29 19:53:18,7.98
2026-01-29 19:53:19,7.77
2026-01-29 19:53:20,7.77
2026-01-29 19:53:21,7.77
2026-01-29 19:53:22,7.77
2026-01-29 19:53:23,7.77
2026-01-29 19:53:24,8.51
2026-01-29 19:53:25,8.51
2026-01-29 19:53:26,8.51
2026-01-29 19:53:27,8.51
2026-01-29 19:53:28,8.51
2026-01-29 19:53:29,9.66
2026-01-29 19:53:30,9.66
2026-01-29 19:53:31,9.66
2026-01-29 19:53:32,9.66
2026-01-29 19:53:33,9.66
2026-01-29 19:53:34,9.20
2026-01-29 19:53:35,9.20
2026-01-29 19:53:36,9.20
2026-01-29 19:53:37,9.20
2026-01-29 19:53:38,9.20
2026-01-29 19:53:39,9.04
2026-01-29 19:53:40,9.04
2026-01-29 19:53:41,9.04
2026-01-29 19:53:42,9.04
2026-01-29 19:53:43,9.04
2026-01-29 19:53:44,9.16
2026-01-29 19:53:45,9.16
2026-01-29 19:53:46,9.16
2026-01-29 19:53:47,9.16
2026-01-29 19:53:48,9.16
2026-01-29 19:53:49,9.06
2026-01-29 19:53:50,9.06
2026-01-29 19:53:51,9.06
2026-01-29 19:53:52,9.06
2026-01-29 19:53:53,9.06
2026-01-29 19:53:54,8.96
2026-01-29 19:53:55,8.96
2026-01-29 19:53:56,8.96
2026-01-29 19:53:57,8.96
2026-01-29 19:53:58,8.96
2026-01-29 19:53:59,9.26
2026-01-29 19:54:00,9.26
2026-01-29 19:54:01,9.26
2026-01-29 19:54:02,9.26
2026-01-29 19:54:03,9.26
2026-01-29 19:54:04,0
2026-01-29 19:54:05,0
2026-01-29 19:54:06,0
2026-01-29 19:54:07,0
2026-01-29 19:54:08,0
2026-01-29 19:54:09,0
2026-01-29 19:54:10,0
2026-01-29 19:54:11,0
2026-01-29 19:54:12,0
2026-01-29 19:54:13,0
2026-01-29 19:54:14,0
2026-01-29 19:54:15,0
2026-01-29 19:54:16,0
2026-01-29 19:54:17,0
2026-01-29 19:54:18,0
2026-01-29 19:54:19,0
2026-01-29 19:54:20,0
2026-01-29 19:54:21,0
2026-01-29 19:54:22,0
2026-01-29 19:54:23,0
2026-01-29 19:54:24,0
2026-01-29 19:54:25,0
2026-01-29 19:54:26,0
2026-01-29 19:54:27,0
2026-01-29 19:54:28,0
2026-01-29 19:54:29,0
2026-01-29 19:54:30,0
2026-01-29 19:54:31,0
2026-01-29 19:54:32,0
2026-01-29 19:54:33,0
2026-01-29 19:54:34,0
2026-01-29 19:54:35,0
2026-01-29 19:54:36,0
2026-01-29 19:54:37,0
2026-01-29 19:54:38,0
2026-01-29 19:54:39,0
2026-01-29 19:54:40,0
2026-01-29 19:54:41,0
2026-01-29 19:54:42,0
2026-01-29 19:54:43,0
2026-01-29 19:54:44,0
2026-01-29 19:54:45,0
2026-01-29 19:54:46,0
2026-01-29 19:54:47,0
2026-01-29 19:54:48,0
2026-01-29 19:54:49,0
2026-01-29 19:54:50,0
2026-01-29 19:54:51,0
2026-01-29 19:54:52,0
2026-01-29 19:54:53,0
2026-01-29 19:54:54,0
2026-01-29 19:54:55,0
2026-01-29 19:54:56,0
2026-01-29 19:54:57,0
2026-01-29 19:54:58,0
2026-01-29 19:54:59,0
2026-01-29 19:55:00,0
2026-01-29 19:55:01,0
2026-01-29 19:55:02,0
2026-01-29 19:55:03,0
2026-01-29 19:55:04,0
2026-01-29 19:55:05,0
2026-01-29 19:55:06,0
2026-01-29 19:55:07,0
2026-01-29 19:55:08,0
2026-01-29 19:55:09,0
2026-01-29 19:55:10,0
2026-01-29 19:55:11,0
2026-01-29 19:55:12,0
2026-01-29 19:55:13,0
2026-01-29 19:55:14,0
2026-01-29 19:55:15,0
2026-01-29 19:55:16,0
2026-01-29 19:55:17,0
2026-01-29 19:55:18,0
2026-01-29 19:55:19,0
2026-01-29 19:55:20,0
2026-01-29 19:55:21,0
2026-01-29 19:55:22,0
2026-01-29 19:55:23,0
2026-01-29 19:55:24,0
2026-01-29 19:55:25,0
2026-01-29 19:55:26,0
2026-01-29 19:55:27,0
2026-01-29 19:55:28,0
2026-01-29 19:55:29,0
2026-01-29 19:55:30,0
2026-01-29 19:55:31,0
2026-01-29 19:55:32,0
2026-01-29 19:55:33,0
2026-01-29 19:55:34,0
2026-01-29 19:55:35,0
2026-01-29 19:55:36,0
2026-01-29 19:55:37,0
2026-01-29 19:55:38,0
2026-01-29 20:00:39,8.84
2026-01-29 20:00:40,8.84
2026-01-29 20:00:41,8.84
2026-01-29 20:00:42,8.84
2026-01-29 20:00:43,8.84
2026-01-29 20:00:44,9.32
2026-01-29 20:00:45,9.32
2026-01-29 20:00:46,9.32
2026-01-29 20:00:47,9.32
2026-01-29 20:00:48,9.32
2026-01-29 20:00:49,8.81
2026-01-29 20:00:50,8.81
2026-01-29 20:00:51,8.81
2026-01-29 20:00:52,8.81
2026-01-29 20:00:53,8.81
2026-01-29 20:00:54,8.76
2026-01-29 20:00:55,8.76
2026-01-29 20:00:56,8.76
2026-01-29 20:00:57,8.76
2026-01-29 20:00:58,8.76
2026-01-29 20:00:59,8.96
2026-01-29 20:01:00,8.96
2026-01-29 20:01:01,8.96
2026-01-29 20:01:02,8.96
2026-01-29 20:01:03,8.96
2026-01-29 20:01:04,9.17
2026-01-29 20:01:05,9.17
2026-01-29 20:01:06,9.17
2026-01-29 20:01:07,9.17
2026-01-29 20:01:08,9.17
2026-01-29 20:01:09,9.04
2026-01-29 20:01:10,9.04
2026-01-29 20:01:11,9.04
2026-01-29 20:01:12,9.04
2026-01-29 20:01:13,9.04
2026-01-29 20:01:14,8.81
2026-01-29 20:01:15,8.81
2026-01-29 20:01:16,8.81
2026-01-29 20:01:17,8.81
2026-01-29 20:01:18,8.81
2026-01-29 20:01:19,8.88
2026-01-29 20:01:20,8.88
2026-01-29 20:01:21,8.88
2026-01-29 20:01:22,8.88
2026-01-29 20:01:23,8.88
2026-01-29 20:01:24,9.80
2026-01-29 20:01:25,9.80
2026-01-29 20:01:26,9.80
2026-01-29 20:01:27,9.80
2026-01-29 20:01:28,9.80
2026-01-29 20:01:29,9.41
2026-01-29 20:01:30,9.41
2026-01-29 20:01:31,9.41
2026-01-29 20:01:32,9.41
2026-01-29 20:01:33,9.41
2026-01-29 20:01:34,10.4
2026-01-29 20:01:35,10.4
2026-01-29 20:01:36,10.4
2026-01-29 20:01:37,10.4
2026-01-29 20:01:38,10.4
2026-01-29 20:01:39,8.88
2026-01-29 20:01:40,8.88
2026-01-29 20:01:41,8.88
2026-01-29 20:01:42,8.88
2026-01-29 20:01:43,8.88
2026-01-29 20:01:44,8.82
2026-01-29 20:01:45,8.82
2026-01-29 20:01:46,8.82
2026-01-29 20:01:47,8.82
2026-01-29 20:01:48,8.82
2026-01-29 20:01:49,11.1
2026-01-29 20:01:50,11.1
2026-01-29 20:01:51,11.1
2026-01-29 20:01:52,11.1
2026-01-29 20:01:53,11.1
2026-01-29 20:01:54,8.93
2026-01-29 20:01:55,8.93
2026-01-29 20:01:56,8.93
2026-01-29 20:01:57,8.93
2026-01-29 20:01:58,8.93
2026-01-29 20:01:59,9.01
2026-01-29 20:02:00,9.01
2026-01-29 20:02:01,9.01
2026-01-29 20:02:02,9.01
2026-01-29 20:02:03,9.01
2026-01-29 20:02:04,9.32
2026-01-29 20:02:05,9.32
2026-01-29 20:02:06,9.32
2026-01-29 20:02:07,9.32
2026-01-29 20:02:08,9.32
2026-01-29 20:02:09,8.88
2026-01-29 20:02:10,8.88
2026-01-29 20:02:11,8.88
2026-01-29 20:02:12,8.88
2026-01-29 20:02:13,8.88
2026-01-29 20:02:14,8.82
2026-01-29 20:02:15,8.82
2026-01-29 20:02:16,8.82
2026-01-29 20:02:17,8.82
2026-01-29 20:02:18,8.82
2026-01-29 20:02:19,8.88
2026-01-29 20:02:20,8.88
2026-01-29 20:02:21,8.88
2026-01-29 20:02:22,8.88
2026-01-29 20:02:23,8.88
2026-01-29 20:02:24,8.88
2026-01-29 20:02:25,8.88
2026-01-29 20:02:26,8.88
2026-01-29 20:02:27,8.88
2026-01-29 20:02:28,8.88
2026-01-29 20:02:29,8.91
2026-01-29 20:02:30,8.91
2026-01-29 20:02:31,8.91
2026-01-29 20:02:32,8.91
2026-01-29 20:02:33,8.91
2026-01-29 20:02:34,8.99
2026-01-29 20:02:35,8.99
2026-01-29 20:02:36,8.99
2026-01-29 20:02:37,8.99
2026-01-29 20:02:38,8.99
2026-01-29 20:02:39,8.83
2026-01-29 20:02:40,8.83
2026-01-29 20:02:41,8.83
2026-01-29 20:02:42,8.83
2026-01-29 20:02:43,8.83
2026-01-29 20:02:44,8.84
2026-01-29 20:02:45,8.84
2026-01-29 20:02:46,8.84
2026-01-29 20:02:47,8.84
2026-01-29 20:02:48,8.84
2026-01-29 20:02:49,9.12
2026-01-29 20:02:50,9.12
2026-01-29 20:02:51,9.12
2026-01-29 20:02:52,9.12
2026-01-29 20:02:53,9.12
2026-01-29 20:02:54,8.91
2026-01-29 20:02:55,8.91
2026-01-29 20:02:56,8.91
2026-01-29 20:02:57,8.91
2026-01-29 20:02:58,8.91
2026-01-29 20:02:59,8.88
2026-01-29 20:03:00,8.88
2026-01-29 20:03:01,8.88
2026-01-29 20:03:02,8.88
2026-01-29 20:03:03,8.88
2026-01-29 20:03:04,9.53
2026-01-29 20:03:05,9.53
2026-01-29 20:03:06,9.53
2026-01-29 20:03:07,9.53
2026-01-29 20:03:08,9.53
2026-01-29 20:03:09,9.02
2026-01-29 20:03:10,9.02
2026-01-29 20:03:11,9.02
2026-01-29 20:03:12,9.02
2026-01-29 20:03:13,9.02
2026-01-29 20:03:14,8.86
2026-01-29 20:03:15,8.86
2026-01-29 20:03:16,8.86
2026-01-29 20:03:17,8.86
2026-01-29 20:03:18,8.86
2026-01-29 20:03:19,9.72
2026-01-29 20:03:20,9.72
2026-01-29 20:03:21,9.72
2026-01-29 20:03:22,9.72
2026-01-29 20:03:23,9.72
2026-01-29 20:03:24,9.89
2026-01-29 20:03:25,9.89
2026-01-29 20:03:26,9.89
2026-01-29 20:03:27,9.89
2026-01-29 20:03:28,9.89
2026-01-29 20:03:29,9.84
2026-01-29 20:03:30,9.84
2026-01-29 20:03:31,9.84
2026-01-29 20:03:32,9.84
2026-01-29 20:03:33,9.84
2026-01-29 20:03:34,10.1
2026-01-29 20:03:35,10.1
2026-01-29 20:03:36,10.1
2026-01-29 20:03:37,10.1
2026-01-29 20:03:38,10.1
2026-01-29 20:03:39,8.74
2026-01-29 20:03:40,8.74
2026-01-29 20:03:41,8.74
2026-01-29 20:03:42,8.74
2026-01-29 20:03:43,8.74
2026-01-29 20:03:44,8.68
2026-01-29 20:03:45,8.68
2026-01-29 20:03:46,8.68
2026-01-29 20:03:47,8.68
2026-01-29 20:03:48,8.68
2026-01-29 20:03:49,0
2026-01-29 20:03:50,0
2026-01-29 20:03:51,0
2026-01-29 20:03:52,0
2026-01-29 20:03:53,0
2026-01-29 20:03:54,0
2026-01-29 20:03:55,0
2026-01-29 20:03:56,0
2026-01-29 20:03:57,0
2026-01-29 20:03:58,0
2026-01-29 20:03:59,0
2026-01-29 20:04:00,0
2026-01-29 20:04:01,0
2026-01-29 20:04:02,0
2026-01-29 20:04:03,0
2026-01-29 20:04:04,0
2026-01-29 20:04:05,0
2026-01-29 20:04:06,0
2026-01-29 20:04:07,0
2026-01-29 20:04:08,0
2026-01-29 20:04:09,0
2026-01-29 20:04:10,0
2026-01-29 20:04:11,0
2026-01-29 20:04:12,0
2026-01-29 20:04:13,0
2026-01-29 20:04:14,0
2026-01-29 20:04:15,0
2026-01-29 20:04:16,0
2026-01-29 20:04:17,0
2026-01-29 20:04:18,0
2026-01-29 20:04:19,0
2026-01-29 20:04:20,0
2026-01-29 20:04:21,0
2026-01-29 20:04:22,0
2026-01-29 20:04:23,0
2026-01-29 20:04:24,0
2026-01-29 20:04:25,0
2026-01-29 20:04:26,0
2026-01-29 20:04:27,0
2026-01-29 20:04:28,0
2026-01-29 20:04:29,0
2026-01-29 20:04:30,0
2026-01-29 20:04:31,0
2026-01-29 20:04:32,0
2026-01-29 20:04:33,0
2026-01-29 20:04:34,0
2026-01-29 20:04:35,0
2026-01-29 20:04:36,0
2026-01-29 20:04:37,0
2026-01-29 20:04:38,0
2026-01-29 20:04:39,0
2026-01-29 20:04:40,0
2026-01-29 20:04:41,0
2026-01-29 20:04:42,0
2026-01-29 20:04:43,0
2026-01-29 20:04:44,0
2026-01-29 20:04:45,0
2026-01-29 20:04:46,0
2026-01-29 20:04:47,0
2026-01-29 20:04:48,0
2026-01-29 20:04:49,0
2026-01-29 20:04:50,0
2026-01-29 20:04:51,0
2026-01-29 20:04:52,0
2026-01-29 20:04:53,0
2026-01-29 20:04:54,0
2026-01-29 20:04:55,0
2026-01-29 20:04:56,0
2026-01-29 20:04:57,0
2026-01-29 20:04:58,0
2026-01-29 20:04:59,0
2026-01-29 20:05:00,0
2026-01-29 20:05:01,0
2026-01-29 20:05:02,0
2026-01-29 20:05:03,0
2026-01-29 20:05:04,0
2026-01-29 20:05:05,0
2026-01-29 20:05:06,0
2026-01-29 20:05:07,0
2026-01-29 20:05:08,0
2026-01-29 20:05:09,0
2026-01-29 20:05:10,0
2026-01-29 20:05:11,0
2026-01-29 20:05:12,0
2026-01-29 20:05:13,0
2026-01-29 20:05:14,0
2026-01-29 20:05:15,0
2026-01-29 20:05:16,0
2026-01-29 20:05:17,0
2026-01-29 20:05:18,0
2026-01-29 20:05:19,0
2026-01-29 20:05:20,0
2026-01-29 20:05:21,0
2026-01-29 20:05:22,0
2026-01-29 20:05:23,0
2026-01-29 20:10:34,10.1
2026-01-29 20:10:35,10.1
2026-01-29 20:10:36,10.1
2026-01-29 20:10:37,10.1
2026-01-29 20:10:38,10.1
2026-01-29 20:10:39,10.2
2026-01-29 20:10:40,10.2
2026-01-29 20:10:41,10.2
2026-01-29 20:10:42,10.2
2026-01-29 20:10:43,10.2
2026-01-29 20:10:44,9.83
2026-01-29 20:10:45,9.83
2026-01-29 20:10:46,9.83
2026-01-29 20:10:47,9.83
2026-01-29 20:10:48,9.83
2026-01-29 20:10:49,9.93
2026-01-29 20:10:50,9.93
2026-01-29 20:10:51,9.93
2026-01-29 20:10:52,9.93
2026-01-29 20:10:53,9.93
2026-01-29 20:10:54,9.89
2026-01-29 20:10:55,9.89
2026-01-29 20:10:56,9.89
2026-01-29 20:10:57,9.89
2026-01-29 20:10:58,9.89
2026-01-29 20:10:59,9.98
2026-01-29 20:11:00,9.98
2026-01-29 20:11:01,9.98
2026-01-29 20:11:02,9.98
2026-01-29 20:11:03,9.98
2026-01-29 20:11:04,10.4
2026-01-29 20:11:05,10.4
2026-01-29 20:11:06,10.4
2026-01-29 20:11:07,10.4
2026-01-29 20:11:08,10.4
2026-01-29 20:11:09,10.3
2026-01-29 20:11:10,10.3
2026-01-29 20:11:11,10.3
2026-01-29 20:11:12,10.3
2026-01-29 20:11:13,10.3
2026-01-29 20:11:14,10.1
2026-01-29 20:11:15,10.1
2026-01-29 20:11:16,10.1
2026-01-29 20:11:17,10.1
2026-01-29 20:11:18,10.1
2026-01-29 20:11:19,9.04
2026-01-29 20:11:20,9.04
2026-01-29 20:11:21,9.04
2026-01-29 20:11:22,9.04
2026-01-29 20:11:23,9.04
2026-01-29 20:11:24,10.2
2026-01-29 20:11:25,10.2
2026-01-29 20:11:26,10.2
2026-01-29 20:11:27,10.2
2026-01-29 20:11:28,10.2
2026-01-29 20:11:29,10.7
2026-01-29 20:11:30,10.7
2026-01-29 20:11:31,10.7
2026-01-29 20:11:32,10.7
2026-01-29 20:11:33,10.7
2026-01-29 20:11:34,10.4
2026-01-29 20:11:35,10.4
2026-01-29 20:11:36,10.4
2026-01-29 20:11:37,10.4
2026-01-29 20:11:38,10.4
2026-01-29 20:11:39,10.2
2026-01-29 20:11:40,10.2
2026-01-29 20:11:41,10.2
2026-01-29 20:11:42,10.2
2026-01-29 20:11:43,10.2
2026-01-29 20:11:44,9.83
2026-01-29 20:11:45,9.83
2026-01-29 20:11:46,9.83
2026-01-29 20:11:47,9.83
2026-01-29 20:11:48,9.83
2026-01-29 20:11:49,9.86
2026-01-29 20:11:50,9.86
2026-01-29 20:11:51,9.86
2026-01-29 20:11:52,9.86
2026-01-29 20:11:53,9.86
2026-01-29 20:11:54,9.79
2026-01-29 20:11:55,9.79
2026-01-29 20:11:56,9.79
2026-01-29 20:11:57,9.79
2026-01-29 20:11:58,9.79
2026-01-29 20:11:59,8.71
2026-01-29 20:12:00,8.71
2026-01-29 20:12:01,8.71
2026-01-29 20:12:02,8.71
2026-01-29 20:12:03,8.71
2026-01-29 20:12:04,9.57
2026-01-29 20:12:05,9.57
2026-01-29 20:12:06,9.57
2026-01-29 20:12:07,9.57
2026-01-29 20:12:08,9.57
2026-01-29 20:12:09,8.79
2026-01-29 20:12:10,8.79
2026-01-29 20:12:11,8.79
2026-01-29 20:12:12,8.79
2026-01-29 20:12:13,8.79
2026-01-29 20:12:14,8.81
2026-01-29 20:12:15,8.81
2026-01-29 20:12:16,8.81
2026-01-29 20:12:17,8.81
2026-01-29 20:12:18,8.81
2026-01-29 20:12:19,8.70
2026-01-29 20:12:20,8.70
2026-01-29 20:12:21,8.70
2026-01-29 20:12:22,8.70
2026-01-29 20:12:23,8.70
2026-01-29 20:12:24,8.67
2026-01-29 20:12:25,8.67
2026-01-29 20:12:26,8.67
2026-01-29 20:12:27,8.67
2026-01-29 20:12:28,8.67
2026-01-29 20:12:29,8.71
2026-01-29 20:12:30,8.71
2026-01-29 20:12:31,8.71
2026-01-29 20:12:32,8.71
2026-01-29 20:12:33,8.71
2026-01-29 20:12:34,8.77
2026-01-29 20:12:35,8.77
2026-01-29 20:12:36,8.77
2026-01-29 20:12:37,8.77
2026-01-29 20:12:38,8.77
2026-01-29 20:12:39,8.71
2026-01-29 20:12:40,8.71
2026-01-29 20:12:41,8.71
2026-01-29 20:12:42,8.71
2026-01-29 20:12:43,8.71
2026-01-29 20:12:44,8.75
2026-01-29 20:12:45,8.75
2026-01-29 20:12:46,8.75
2026-01-29 20:12:47,8.75
2026-01-29 20:12:48,8.75
2026-01-29 20:12:49,7.78
2026-01-29 20:12:50,7.78
2026-01-29 20:12:51,7.78
2026-01-29 20:12:52,7.78
2026-01-29 20:12:53,7.78
2026-01-29 20:12:54,7.85
2026-01-29 20:12:55,7.85
2026-01-29 20:12:56,7.85
2026-01-29 20:12:57,7.85
2026-01-29 20:12:58,7.85
2026-01-29 20:12:59,7.76
2026-01-29 20:13:00,7.76
2026-01-29 20:13:01,7.76
2026-01-29 20:13:02,7.76
2026-01-29 20:13:03,7.76
2026-01-29 20:13:04,8.13
2026-01-29 20:13:05,8.13
2026-01-29 20:13:06,8.13
2026-01-29 20:13:07,8.13
2026-01-29 20:13:08,8.13
2026-01-29 20:13:09,7.98
2026-01-29 20:13:10,7.98
2026-01-29 20:13:11,7.98
2026-01-29 20:13:12,7.98
2026-01-29 20:13:13,7.98
2026-01-29 20:13:14,7.84
2026-01-29 20:13:15,7.84
2026-01-29 20:13:16,7.84
2026-01-29 20:13:17,7.84
2026-01-29 20:13:18,7.84
2026-01-29 20:13:19,7.82
2026-01-29 20:13:20,7.82
2026-01-29 20:13:21,7.82
2026-01-29 20:13:22,7.82
2026-01-29 20:13:23,7.82
2026-01-29 20:13:24,8.01
2026-01-29 20:13:25,8.01
2026-01-29 20:13:26,8.01
2026-01-29 20:13:27,8.01
2026-01-29 20:13:28,8.01
2026-01-29 20:13:29,7.81
2026-01-29 20:13:30,7.81
2026-01-29 20:13:31,7.81
2026-01-29 20:13:32,7.81
2026-01-29 20:13:33,7.81
2026-01-29 20:13:34,7.87
2026-01-29 20:13:35,7.87
2026-01-29 20:13:36,7.87
2026-01-29 20:13:37,7.87
2026-01-29 20:13:38,7.87
2026-01-29 20:13:39,7.77
2026-01-29 20:13:40,7.77
2026-01-29 20:13:41,7.77
2026-01-29 20:13:42,7.77
2026-01-29 20:13:43,7.77
2026-01-29 20:13:44,7.84
2026-01-29 20:13:45,7.84
2026-01-29 20:13:46,7.84
2026-01-29 20:13:47,7.84
2026-01-29 20:13:48,7.84
2026-01-29 20:13:49,0
2026-01-29 20:13:50,0
2026-01-29 20:13:51,0
2026-01-29 20:13:52,0
2026-01-29 20:13:53,0
2026-01-29 20:13:54,0
2026-01-29 20:13:55,0
2026-01-29 20:13:56,0
2026-01-29 20:13:57,0
2026-01-29 20:13:58,0
2026-01-29 20:13:59,0
2026-01-29 20:14:00,0
2026-01-29 20:14:01,0
2026-01-29 20:14:02,0
2026-01-29 20:14:03,0
2026-01-29 20:14:04,0
2026-01-29 20:14:05,0
2026-01-29 20:14:06,0
2026-01-29 20:14:07,0
2026-01-29 20:14:08,0
2026-01-29 20:14:09,0
2026-01-29 20:14:10,0
2026-01-29 20:14:11,0
2026-01-29 20:14:12,0
2026-01-29 20:14:13,0
2026-01-29 20:14:14,0
2026-01-29 20:14:15,0
2026-01-29 20:14:16,0
2026-01-29 20:14:17,0
2026-01-29 20:14:18,0
2026-01-29 20:14:19,0
2026-01-29 20:14:20,0
2026-01-29 20:14:21,0
2026-01-29 20:14:22,0
2026-01-29 20:14:23,0
2026-01-29 20:14:24,0
2026-01-29 20:14:25,0
2026-01-29 20:14:26,0
2026-01-29 20:14:27,0
2026-01-29 20:14:28,0
2026-01-29 20:14:29,0
2026-01-29 20:14:30,0
2026-01-29 20:14:31,0
2026-01-29 20:14:32,0
2026-01-29 20:14:33,0
2026-01-29 20:14:34,0
2026-01-29 20:14:35,0
2026-01-29 20:14:36,0
2026-01-29 20:14:37,0
2026-01-29 20:14:38,0
2026-01-29 20:14:39,0
2026-01-29 20:14:40,0
2026-01-29 20:14:41,0
2026-01-29 20:14:42,0
2026-01-29 20:14:43,0
2026-01-29 20:14:44,0
2026-01-29 20:14:45,0
2026-01-29 20:14:46,0
2026-01-29 20:14:47,0
2026-01-29 20:14:48,0
2026-01-29 20:14:49,0
2026-01-29 20:14:50,0
2026-01-29 20:14:51,0
2026-01-29 20:14:52,0
2026-01-29 20:14:53,0
2026-01-29 20:14:54,0
2026-01-29 20:14:55,0
2026-01-29 20:14:56,0
2026-01-29 20:14:57,0
2026-01-29 20:14:58,0
2026-01-29 20:14:59,0
2026-01-29 20:15:00,0
2026-01-29 20:15:01,0
2026-01-29 20:15:02,0
2026-01-29 20:15:03,0
2026-01-29 20:15:04,0
2026-01-29 20:15:05,0
2026-01-29 20:15:06,0
2026-01-29 20:15:07,0
2026-01-29 20:15:08,0
2026-01-29 20:15:09,0
2026-01-29 20:15:10,0
2026-01-29 20:15:11,0
2026-01-29 20:15:12,0
2026-01-29 20:15:13,0
2026-01-29 20:15:14,0
2026-01-29 20:15:15,0
2026-01-29 20:15:16,0
2026-01-29 20:15:17,0
2026-01-29 20:15:18,0
2026-01-29 20:15:19,0
2026-01-29 20:15:20,0
2026-01-29 20:15:21,0
2026-01-29 20:15:22,0
2026-01-29 20:15:23,0
2026-01-29 20:20:19,9.33
2026-01-29 20:20:20,9.33
2026-01-29 20:20:21,9.33
2026-01-29 20:20:22,9.33
2026-01-29 20:20:23,9.33
2026-01-29 20:20:24,10.2
2026-01-29 20:20:25,10.2
2026-01-29 20:20:26,10.2
2026-01-29 20:20:27,10.2
2026-01-29 20:20:28,10.2
2026-01-29 20:20:29,10.3
2026-01-29 20:20:30,10.3
2026-01-29 20:20:31,10.3
2026-01-29 20:20:32,10.3
2026-01-29 20:20:33,10.3
2026-01-29 20:20:34,9.75
2026-01-29 20:20:35,9.75
2026-01-29 20:20:36,9.75
2026-01-29 20:20:37,9.75
2026-01-29 20:20:38,9.75
2026-01-29 20:20:39,9.71
2026-01-29 20:20:40,9.71
2026-01-29 20:20:41,9.71
2026-01-29 20:20:42,9.71
2026-01-29 20:20:43,9.71
2026-01-29 20:20:44,9.77
2026-01-29 20:20:45,9.77
2026-01-29 20:20:46,9.77
2026-01-29 20:20:47,9.77
2026-01-29 20:20:48,9.77
2026-01-29 20:20:49,9.75
2026-01-29 20:20:50,9.75
2026-01-29 20:20:51,9.75
2026-01-29 20:20:52,9.75
2026-01-29 20:20:53,9.75
2026-01-29 20:20:54,9.29
2026-01-29 20:20:55,9.29
2026-01-29 20:20:56,9.29
2026-01-29 20:20:57,9.29
2026-01-29 20:20:58,9.29
2026-01-29 20:20:59,8.86
2026-01-29 20:21:00,8.86
2026-01-29 20:21:01,8.86
2026-01-29 20:21:02,8.86
2026-01-29 20:21:03,8.86
2026-01-29 20:21:04,8.98
2026-01-29 20:21:05,8.98
2026-01-29 20:21:06,8.98
2026-01-29 20:21:07,8.98
2026-01-29 20:21:08,8.98
2026-01-29 20:21:09,9.24
2026-01-29 20:21:10,9.24
2026-01-29 20:21:11,9.24
2026-01-29 20:21:12,9.24
2026-01-29 20:21:13,9.24
2026-01-29 20:21:14,8.72
2026-01-29 20:21:15,8.72
2026-01-29 20:21:16,8.72
2026-01-29 20:21:17,8.72
2026-01-29 20:21:18,8.72
2026-01-29 20:21:19,8.74
2026-01-29 20:21:20,8.74
2026-01-29 20:21:21,8.74
2026-01-29 20:21:22,8.74
2026-01-29 20:21:23,8.74
2026-01-29 20:21:24,8.66
2026-01-29 20:21:25,8.66
2026-01-29 20:21:26,8.66
2026-01-29 20:21:27,8.66
2026-01-29 20:21:28,8.66
2026-01-29 20:21:29,7.85
2026-01-29 20:21:30,7.85
2026-01-29 20:21:31,7.85
2026-01-29 20:21:32,7.85
2026-01-29 20:21:33,7.85
2026-01-29 20:21:34,7.92
2026-01-29 20:21:35,7.92
2026-01-29 20:21:36,7.92
2026-01-29 20:21:37,7.92
2026-01-29 20:21:38,7.92
2026-01-29 20:21:39,7.59
2026-01-29 20:21:40,7.59
2026-01-29 20:21:41,7.59
2026-01-29 20:21:42,7.59
2026-01-29 20:21:43,7.59
2026-01-29 20:21:44,8.00
2026-01-29 20:21:45,8.00
2026-01-29 20:21:46,8.00
2026-01-29 20:21:47,8.00
2026-01-29 20:21:48,8.00
2026-01-29 20:21:49,7.83
2026-01-29 20:21:50,7.83
2026-01-29 20:21:51,7.83
2026-01-29 20:21:52,7.83
2026-01-29 20:21:53,7.83
2026-01-29 20:21:54,7.80
2026-01-29 20:21:55,7.80
2026-01-29 20:21:56,7.80
2026-01-29 20:21:57,7.80
2026-01-29 20:21:58,7.80
2026-01-29 20:21:59,7.00
2026-01-29 20:22:00,7.00
2026-01-29 20:22:01,7.00
2026-01-29 20:22:02,7.00
2026-01-29 20:22:03,7.00
2026-01-29 20:22:04,7.88
2026-01-29 20:22:05,7.88
2026-01-29 20:22:06,7.88
2026-01-29 20:22:07,7.88
2026-01-29 20:22:08,7.88
2026-01-29 20:22:09,8.73
2026-01-29 20:22:10,8.73
2026-01-29 20:22:11,8.73
2026-01-29 20:22:12,8.73
2026-01-29 20:22:13,8.73
2026-01-29 20:22:14,9.74
2026-01-29 20:22:15,9.74
2026-01-29 20:22:16,9.74
2026-01-29 20:22:17,9.74
2026-01-29 20:22:18,9.74
2026-01-29 20:22:19,8.16
2026-01-29 20:22:20,8.16
2026-01-29 20:22:21,8.16
2026-01-29 20:22:22,8.16
2026-01-29 20:22:23,8.16
2026-01-29 20:22:24,7.84
2026-01-29 20:22:25,7.84
2026-01-29 20:22:26,7.84
2026-01-29 20:22:27,7.84
2026-01-29 20:22:28,7.84
2026-01-29 20:22:29,7.88
2026-01-29 20:22:30,7.88
2026-01-29 20:22:31,7.88
2026-01-29 20:22:32,7.88
2026-01-29 20:22:33,7.88
2026-01-29 20:22:34,7.80
2026-01-29 20:22:35,7.80
2026-01-29 20:22:36,7.80
2026-01-29 20:22:37,7.80
2026-01-29 20:22:38,7.80
2026-01-29 20:22:39,7.77
2026-01-29 20:22:40,7.77
2026-01-29 20:22:41,7.77
2026-01-29 20:22:42,7.77
2026-01-29 20:22:43,7.77
2026-01-29 20:22:44,7.81
2026-01-29 20:22:45,7.81
2026-01-29 20:22:46,7.81
2026-01-29 20:22:47,7.81
2026-01-29 20:22:48,7.81
2026-01-29 20:22:49,7.81
2026-01-29 20:22:50,7.81
2026-01-29 20:22:51,7.81
2026-01-29 20:22:52,7.81
2026-01-29 20:22:53,7.81
2026-01-29 20:22:54,7.84
2026-01-29 20:22:55,7.84
2026-01-29 20:22:56,7.84
2026-01-29 20:22:57,7.84
2026-01-29 20:22:58,7.84
2026-01-29 20:22:59,7.94
2026-01-29 20:23:00,7.94
2026-01-29 20:23:01,7.94
2026-01-29 20:23:02,7.94
2026-01-29 20:23:03,7.94
2026-01-29 20:23:04,7.81
2026-01-29 20:23:05,7.81
2026-01-29 20:23:06,7.81
2026-01-29 20:23:07,7.81
2026-01-29 20:23:08,7.81
2026-01-29 20:23:09,8.03
2026-01-29 20:23:10,8.03
2026-01-29 20:23:11,8.03
2026-01-29 20:23:12,8.03
2026-01-29 20:23:13,8.03
2026-01-29 20:23:14,7.81
2026-01-29 20:23:15,7.81
2026-01-29 20:23:16,7.81
2026-01-29 20:23:17,7.81
2026-01-29 20:23:18,7.81
2026-01-29 20:23:19,7.83
2026-01-29 20:23:20,7.83
2026-01-29 20:23:21,7.83
2026-01-29 20:23:22,7.83
2026-01-29 20:23:23,7.83
2026-01-29 20:23:24,7.83
2026-01-29 20:23:25,7.83
2026-01-29 20:23:26,7.83
2026-01-29 20:23:27,7.83
2026-01-29 20:23:28,7.83
2026-01-29 20:23:29,7.80
2026-01-29 20:23:30,7.80
2026-01-29 20:23:31,7.80
2026-01-29 20:23:32,7.80
2026-01-29 20:23:33,7.80
2026-01-29 20:23:34,0
2026-01-29 20:23:35,0
2026-01-29 20:23:36,0
2026-01-29 20:23:37,0
2026-01-29 20:23:38,0
2026-01-29 20:23:39,0
2026-01-29 20:23:40,0
2026-01-29 20:23:41,0
2026-01-29 20:23:42,0
2026-01-29 20:23:43,0
2026-01-29 20:23:44,0
2026-01-29 20:23:45,0
2026-01-29 20:23:46,0
2026-01-29 20:23:47,0
2026-01-29 20:23:48,0
2026-01-29 20:23:49,0
2026-01-29 20:23:50,0
2026-01-29 20:23:51,0
2026-01-29 20:23:52,0
2026-01-29 20:23:53,0
2026-01-29 20:23:54,0
2026-01-29 20:23:55,0
2026-01-29 20:23:56,0
2026-01-29 20:23:57,0
2026-01-29 20:23:58,0
2026-01-29 20:23:59,0
2026-01-29 20:24:00,0
2026-01-29 20:24:01,0
2026-01-29 20:24:02,0
2026-01-29 20:24:03,0
2026-01-29 20:24:04,0
2026-01-29 20:24:05,0
2026-01-29 20:24:06,0
2026-01-29 20:24:07,0
2026-01-29 20:24:08,0
2026-01-29 20:24:09,0
2026-01-29 20:24:10,0
2026-01-29 20:24:11,0
2026-01-29 20:24:12,0
2026-01-29 20:24:13,0
2026-01-29 20:24:14,0
2026-01-29 20:24:15,0
2026-01-29 20:24:16,0
2026-01-29 20:24:17,0
2026-01-29 20:24:18,0
2026-01-29 20:24:19,0
2026-01-29 20:24:20,0
2026-01-29 20:24:21,0
2026-01-29 20:24:22,0
2026-01-29 20:24:23,0
2026-01-29 20:24:24,0
2026-01-29 20:24:25,0
2026-01-29 20:24:26,0
2026-01-29 20:24:27,0
2026-01-29 20:24:28,0
2026-01-29 20:24:29,0
2026-01-29 20:24:30,0
2026-01-29 20:24:31,0
2026-01-29 20:24:32,0
2026-01-29 20:24:33,0
2026-01-29 20:24:34,0
2026-01-29 20:24:35,0
2026-01-29 20:24:36,0
2026-01-29 20:24:37,0
2026-01-29 20:24:38,0
2026-01-29 20:24:39,0
2026-01-29 20:24:40,0
2026-01-29 20:24:41,0
2026-01-29 20:24:42,0
2026-01-29 20:24:43,0
2026-01-29 20:24:44,0
2026-01-29 20:24:45,0
2026-01-29 20:24:46,0
2026-01-29 20:24:47,0
2026-01-29 20:24:48,0
2026-01-29 20:24:49,0
2026-01-29 20:24:50,0
2026-01-29 20:24:51,0
2026-01-29 20:24:52,0
2026-01-29 20:24:53,0
2026-01-29 20:24:54,0
2026-01-29 20:24:55,0
2026-01-29 20:24:56,0
2026-01-29 20:24:57,0
2026-01-29 20:24:58,0
2026-01-29 20:24:59,0
2026-01-29 20:25:00,0
2026-01-29 20:25:01,0
2026-01-29 20:25:02,0
2026-01-29 20:25:03,0
2026-01-29 20:25:04,0
2026-01-29 20:25:05,0
2026-01-29 20:25:06,0
2026-01-29 20:25:07,0
2026-01-29 20:25:08,0
2026-01-29 20:30:09,4.58
2026-01-29 20:30:10,4.58
2026-01-29 20:30:11,4.58
2026-01-29 20:30:12,4.58
2026-01-29 20:30:13,4.58
2026-01-29 20:30:14,9.16
2026-01-29 20:30:15,9.16
2026-01-29 20:30:16,9.16
2026-01-29 20:30:17,9.16
2026-01-29 20:30:18,9.16
2026-01-29 20:30:19,9.36
2026-01-29 20:30:20,9.36
2026-01-29 20:30:21,9.36
2026-01-29 20:30:22,9.36
2026-01-29 20:30:23,9.36
2026-01-29 20:30:24,8.90
2026-01-29 20:30:25,8.90
2026-01-29 20:30:26,8.90
2026-01-29 20:30:27,8.90
2026-01-29 20:30:28,8.90
2026-01-29 20:30:29,8.80
2026-01-29 20:30:30,8.80
2026-01-29 20:30:31,8.80
2026-01-29 20:30:32,8.80
2026-01-29 20:30:33,8.80
2026-01-29 20:30:34,8.89
2026-01-29 20:30:35,8.89
2026-01-29 20:30:36,8.89
2026-01-29 20:30:37,8.89
2026-01-29 20:30:38,8.89
2026-01-29 20:30:39,8.96
2026-01-29 20:30:40,8.96
2026-01-29 20:30:41,8.96
2026-01-29 20:30:42,8.96
2026-01-29 20:30:43,8.96
2026-01-29 20:30:44,8.90
2026-01-29 20:30:45,8.90
2026-01-29 20:30:46,8.90
2026-01-29 20:30:47,8.90
2026-01-29 20:30:48,8.90
2026-01-29 20:30:49,8.85
2026-01-29 20:30:50,8.85
2026-01-29 20:30:51,8.85
2026-01-29 20:30:52,8.85
2026-01-29 20:30:53,8.85
2026-01-29 20:30:54,8.85
2026-01-29 20:30:55,8.85
2026-01-29 20:30:56,8.85
2026-01-29 20:30:57,8.85
2026-01-29 20:30:58,8.85
2026-01-29 20:30:59,10.6
2026-01-29 20:31:00,10.6
2026-01-29 20:31:01,10.6
2026-01-29 20:31:02,10.6
2026-01-29 20:31:03,10.6
2026-01-29 20:31:04,9.15
2026-01-29 20:31:05,9.15
2026-01-29 20:31:06,9.15
2026-01-29 20:31:07,9.15
2026-01-29 20:31:08,9.15
2026-01-29 20:31:09,8.01
2026-01-29 20:31:10,8.01
2026-01-29 20:31:11,8.01
2026-01-29 20:31:12,8.01
2026-01-29 20:31:13,8.01
2026-01-29 20:31:14,7.97
2026-01-29 20:31:15,7.97
2026-01-29 20:31:16,7.97
2026-01-29 20:31:17,7.97
2026-01-29 20:31:18,7.97
2026-01-29 20:31:19,7.82
2026-01-29 20:31:20,7.82
2026-01-29 20:31:21,7.82
2026-01-29 20:31:22,7.82
2026-01-29 20:31:23,7.82
2026-01-29 20:31:24,7.82
2026-01-29 20:31:25,7.82
2026-01-29 20:31:26,7.82
2026-01-29 20:31:27,7.82
2026-01-29 20:31:28,7.82
2026-01-29 20:31:29,7.78
2026-01-29 20:31:30,7.78
2026-01-29 20:31:31,7.78
2026-01-29 20:31:32,7.78
2026-01-29 20:31:33,7.78
2026-01-29 20:31:34,7.82
2026-01-29 20:31:35,7.82
2026-01-29 20:31:36,7.82
2026-01-29 20:31:37,7.82
2026-01-29 20:31:38,7.82
2026-01-29 20:31:39,7.91
2026-01-29 20:31:40,7.91
2026-01-29 20:31:41,7.91
2026-01-29 20:31:42,7.91
2026-01-29 20:31:43,7.91
2026-01-29 20:31:44,7.82
2026-01-29 20:31:45,7.82
2026-01-29 20:31:46,7.82
2026-01-29 20:31:47,7.82
2026-01-29 20:31:48,7.82
2026-01-29 20:31:49,7.90
2026-01-29 20:31:50,7.90
2026-01-29 20:31:51,7.90
2026-01-29 20:31:52,7.90
2026-01-29 20:31:53,7.90
2026-01-29 20:31:54,7.91
2026-01-29 20:31:55,7.91
2026-01-29 20:31:56,7.91
2026-01-29 20:31:57,7.91
2026-01-29 20:31:58,7.91
2026-01-29 20:31:59,7.83
2026-01-29 20:32:00,7.83
2026-01-29 20:32:01,7.83
2026-01-29 20:32:02,7.83
2026-01-29 20:32:03,7.83
2026-01-29 20:32:04,7.81
2026-01-29 20:32:05,7.81
2026-01-29 20:32:06,7.81
2026-01-29 20:32:07,7.81
2026-01-29 20:32:08,7.81
2026-01-29 20:32:09,7.99
2026-01-29 20:32:10,7.99
2026-01-29 20:32:11,7.99
2026-01-29 20:32:12,7.99
2026-01-29 20:32:13,7.99
2026-01-29 20:32:14,7.75
2026-01-29 20:32:15,7.75
2026-01-29 20:32:16,7.75
2026-01-29 20:32:17,7.75
2026-01-29 20:32:18,7.75
2026-01-29 20:32:19,7.78
2026-01-29 20:32:20,7.78
2026-01-29 20:32:21,7.78
2026-01-29 20:32:22,7.78
2026-01-29 20:32:23,7.78
2026-01-29 20:32:24,7.78
2026-01-29 20:32:25,7.78
2026-01-29 20:32:26,7.78
2026-01-29 20:32:27,7.78
2026-01-29 20:32:28,7.78
2026-01-29 20:32:29,7.71
2026-01-29 20:32:30,7.71
2026-01-29 20:32:31,7.71
2026-01-29 20:32:32,7.71
2026-01-29 20:32:33,7.71
2026-01-29 20:32:34,7.89
2026-01-29 20:32:35,7.89
2026-01-29 20:32:36,7.89
2026-01-29 20:32:37,7.89
2026-01-29 20:32:38,7.89
2026-01-29 20:32:39,7.87
2026-01-29 20:32:40,7.87
2026-01-29 20:32:41,7.87
2026-01-29 20:32:42,7.87
2026-01-29 20:32:43,7.87
2026-01-29 20:32:44,7.82
2026-01-29 20:32:45,7.82
2026-01-29 20:32:46,7.82
2026-01-29 20:32:47,7.82
2026-01-29 20:32:48,7.82
2026-01-29 20:32:49,7.81
2026-01-29 20:32:50,7.81
2026-01-29 20:32:51,7.81
2026-01-29 20:32:52,7.81
2026-01-29 20:32:53,7.81
2026-01-29 20:32:54,7.81
2026-01-29 20:32:55,7.81
2026-01-29 20:32:56,7.81
2026-01-29 20:32:57,7.81
2026-01-29 20:32:58,7.81
2026-01-29 20:32:59,7.77
2026-01-29 20:33:00,7.77
2026-01-29 20:33:01,7.77
2026-01-29 20:33:02,7.77
2026-01-29 20:33:03,7.77
2026-01-29 20:33:04,7.76
2026-01-29 20:33:05,7.76
2026-01-29 20:33:06,7.76
2026-01-29 20:33:07,7.76
2026-01-29 20:33:08,7.76
2026-01-29 20:33:09,7.99
2026-01-29 20:33:10,7.99
2026-01-29 20:33:11,7.99
2026-01-29 20:33:12,7.99
2026-01-29 20:33:13,7.99
2026-01-29 20:33:14,7.74
2026-01-29 20:33:15,7.74
2026-01-29 20:33:16,7.74
2026-01-29 20:33:17,7.74
2026-01-29 20:33:18,7.74
2026-01-29 20:33:19,7.74
2026-01-29 20:33:20,7.74
2026-01-29 20:33:21,7.74
2026-01-29 20:33:22,7.74
2026-01-29 20:33:23,7.74
2026-01-29 20:33:24,0
2026-01-29 20:33:25,0
2026-01-29 20:33:26,0
2026-01-29 20:33:27,0
2026-01-29 20:33:28,0
2026-01-29 20:33:29,0
2026-01-29 20:33:30,0
2026-01-29 20:33:31,0
2026-01-29 20:33:32,0
2026-01-29 20:33:33,0
2026-01-29 20:33:34,0
2026-01-29 20:33:35,0
2026-01-29 20:33:36,0
2026-01-29 20:33:37,0
2026-01-29 20:33:38,0
2026-01-29 20:33:39,0
2026-01-29 20:33:40,0
2026-01-29 20:33:41,0
2026-01-29 20:33:42,0
2026-01-29 20:33:43,0
2026-01-29 20:33:44,0
2026-01-29 20:33:45,0
2026-01-29 20:33:46,0
2026-01-29 20:33:47,0
2026-01-29 20:33:48,0
2026-01-29 20:33:49,0
2026-01-29 20:33:50,0
2026-01-29 20:33:51,0
2026-01-29 20:33:52,0
2026-01-29 20:33:53,0
2026-01-29 20:33:54,0
2026-01-29 20:33:55,0
2026-01-29 20:33:56,0
2026-01-29 20:33:57,0
2026-01-29 20:33:58,0
2026-01-29 20:33:59,0
2026-01-29 20:34:00,0
2026-01-29 20:34:01,0
2026-01-29 20:34:02,0
2026-01-29 20:34:03,0
2026-01-29 20:34:04,0
2026-01-29 20:34:05,0
2026-01-29 20:34:06,0
2026-01-29 20:34:07,0
2026-01-29 20:34:08,0
2026-01-29 20:34:09,0
2026-01-29 20:34:10,0
2026-01-29 20:34:11,0
2026-01-29 20:34:12,0
2026-01-29 20:34:13,0
2026-01-29 20:34:14,0
2026-01-29 20:34:15,0
2026-01-29 20:34:16,0
2026-01-29 20:34:17,0
2026-01-29 20:34:18,0
2026-01-29 20:34:19,0
2026-01-29 20:34:20,0
2026-01-29 20:34:21,0
2026-01-29 20:34:22,0
2026-01-29 20:34:23,0
2026-01-29 20:34:24,0
2026-01-29 20:34:25,0
2026-01-29 20:34:26,0
2026-01-29 20:34:27,0
2026-01-29 20:34:28,0
2026-01-29 20:34:29,0
2026-01-29 20:34:30,0
2026-01-29 20:34:31,0
2026-01-29 20:34:32,0
2026-01-29 20:34:33,0
2026-01-29 20:34:34,0
2026-01-29 20:34:35,0
2026-01-29 20:34:36,0
2026-01-29 20:34:37,0
2026-01-29 20:34:38,0
2026-01-29 20:34:39,0
2026-01-29 20:34:40,0
2026-01-29 20:34:41,0
2026-01-29 20:34:42,0
2026-01-29 20:34:43,0
2026-01-29 20:34:44,0
2026-01-29 20:34:45,0
2026-01-29 20:34:46,0
2026-01-29 20:34:47,0
2026-01-29 20:34:48,0
2026-01-29 20:34:49,0
2026-01-29 20:34:50,0
2026-01-29 20:34:51,0
2026-01-29 20:34:52,0
2026-01-29 20:34:53,0
2026-01-29 20:34:54,0
2026-01-29 20:34:55,0
2026-01-29 20:34:56,0
2026-01-29 20:34:57,0
2026-01-29 20:34:58,0
2026-01-29 20:39:59,5.75
2026-01-29 20:40:00,5.75
2026-01-29 20:40:01,5.75
2026-01-29 20:40:02,5.75
2026-01-29 20:40:03,5.75
2026-01-29 20:40:04,7.92
2026-01-29 20:40:05,7.92
2026-01-29 20:40:06,7.92
2026-01-29 20:40:07,7.92
2026-01-29 20:40:08,7.92
2026-01-29 20:40:09,7.81
2026-01-29 20:40:10,7.81
2026-01-29 20:40:11,7.81
2026-01-29 20:40:12,7.81
2026-01-29 20:40:13,7.81
2026-01-29 20:40:14,8.30
2026-01-29 20:40:15,8.30
2026-01-29 20:40:16,8.30
2026-01-29 20:40:17,8.30
2026-01-29 20:40:18,8.30
2026-01-29 20:40:19,7.51
2026-01-29 20:40:20,7.51
2026-01-29 20:40:21,7.51
2026-01-29 20:40:22,7.51
2026-01-29 20:40:23,7.51
2026-01-29 20:40:24,7.66
2026-01-29 20:40:25,7.66
2026-01-29 20:40:26,7.66
2026-01-29 20:40:27,7.66
2026-01-29 20:40:28,7.66
2026-01-29 20:40:29,7.52
2026-01-29 20:40:30,7.52
2026-01-29 20:40:31,7.52
2026-01-29 20:40:32,7.52
2026-01-29 20:40:33,7.52
2026-01-29 20:40:34,7.63
2026-01-29 20:40:35,7.63
2026-01-29 20:40:36,7.63
2026-01-29 20:40:37,7.63
2026-01-29 20:40:38,7.63
2026-01-29 20:40:39,8.66
2026-01-29 20:40:40,8.66
2026-01-29 20:40:41,8.66
2026-01-29 20:40:42,8.66
2026-01-29 20:40:43,8.66
2026-01-29 20:40:44,6.70
2026-01-29 20:40:45,6.70
2026-01-29 20:40:46,6.70
2026-01-29 20:40:47,6.70
2026-01-29 20:40:48,6.70
2026-01-29 20:40:49,6.55
2026-01-29 20:40:50,6.55
2026-01-29 20:40:51,6.55
2026-01-29 20:40:52,6.55
2026-01-29 20:40:53,6.55
2026-01-29 20:40:54,6.57
2026-01-29 20:40:55,6.57
2026-01-29 20:40:56,6.57
2026-01-29 20:40:57,6.57
2026-01-29 20:40:58,6.57
2026-01-29 20:40:59,6.49
2026-01-29 20:41:00,6.49
2026-01-29 20:41:01,6.49
2026-01-29 20:41:02,6.49
2026-01-29 20:41:03,6.49
2026-01-29 20:41:04,6.52
2026-01-29 20:41:05,6.52
2026-01-29 20:41:06,6.52
2026-01-29 20:41:07,6.52
2026-01-29 20:41:08,6.52
2026-01-29 20:41:09,6.56
2026-01-29 20:41:10,6.56
2026-01-29 20:41:11,6.56
2026-01-29 20:41:12,6.56
2026-01-29 20:41:13,6.56
2026-01-29 20:41:14,7.30
2026-01-29 20:41:15,7.30
2026-01-29 20:41:16,7.30
2026-01-29 20:41:17,7.30
2026-01-29 20:41:18,7.30
2026-01-29 20:41:19,6.39
2026-01-29 20:41:20,6.39
2026-01-29 20:41:21,6.39
2026-01-29 20:41:22,6.39
2026-01-29 20:41:23,6.39
2026-01-29 20:41:24,6.49
2026-01-29 20:41:25,6.49
2026-01-29 20:41:26,6.49
2026-01-29 20:41:27,6.49
2026-01-29 20:41:28,6.49
2026-01-29 20:41:29,8.13
2026-01-29 20:41:30,8.13
2026-01-29 20:41:31,8.13
2026-01-29 20:41:32,8.13
2026-01-29 20:41:33,8.13
2026-01-29 20:41:34,7.83
2026-01-29 20:41:35,7.83
2026-01-29 20:41:36,7.83
2026-01-29 20:41:37,7.83
2026-01-29 20:41:38,7.83
2026-01-29 20:41:39,7.92
2026-01-29 20:41:40,7.92
2026-01-29 20:41:41,7.92
2026-01-29 20:41:42,7.92
2026-01-29 20:41:43,7.92
2026-01-29 20:41:44,7.85
2026-01-29 20:41:45,7.85
2026-01-29 20:41:46,7.85
2026-01-29 20:41:47,7.85
2026-01-29 20:41:48,7.85
2026-01-29 20:41:49,7.82
2026-01-29 20:41:50,7.82
2026-01-29 20:41:51,7.82
2026-01-29 20:41:52,7.82
2026-01-29 20:41:53,7.82
2026-01-29 20:41:54,7.98
2026-01-29 20:41:55,7.98
2026-01-29 20:41:56,7.98
2026-01-29 20:41:57,7.98
2026-01-29 20:41:58,7.98
2026-01-29 20:41:59,7.99
2026-01-29 20:42:00,7.99
2026-01-29 20:42:01,7.99
2026-01-29 20:42:02,7.99
2026-01-29 20:42:03,7.99
2026-01-29 20:42:04,7.83
2026-01-29 20:42:05,7.83
2026-01-29 20:42:06,7.83
2026-01-29 20:42:07,7.83
2026-01-29 20:42:08,7.83
2026-01-29 20:42:09,7.83
2026-01-29 20:42:10,7.83
2026-01-29 20:42:11,7.83
2026-01-29 20:42:12,7.83
2026-01-29 20:42:13,7.83
2026-01-29 20:42:14,8.34
2026-01-29 20:42:15,8.34
2026-01-29 20:42:16,8.34
2026-01-29 20:42:17,8.34
2026-01-29 20:42:18,8.34
2026-01-29 20:42:19,7.83
2026-01-29 20:42:20,7.83
2026-01-29 20:42:21,7.83
2026-01-29 20:42:22,7.83
2026-01-29 20:42:23,7.83
2026-01-29 20:42:24,7.84
2026-01-29 20:42:25,7.84
2026-01-29 20:42:26,7.84
2026-01-29 20:42:27,7.84
2026-01-29 20:42:28,7.84
2026-01-29 20:42:29,9.40
2026-01-29 20:42:30,9.40
2026-01-29 20:42:31,9.40
2026-01-29 20:42:32,9.40
2026-01-29 20:42:33,9.40
2026-01-29 20:42:34,7.59
2026-01-29 20:42:35,7.59
2026-01-29 20:42:36,7.59
2026-01-29 20:42:37,7.59
2026-01-29 20:42:38,7.59
2026-01-29 20:42:39,6.70
2026-01-29 20:42:40,6.70
2026-01-29 20:42:41,6.70
2026-01-29 20:42:42,6.70
2026-01-29 20:42:43,6.70
2026-01-29 20:42:44,6.72
2026-01-29 20:42:45,6.72
2026-01-29 20:42:46,6.72
2026-01-29 20:42:47,6.72
2026-01-29 20:42:48,6.72
2026-01-29 20:42:49,5.83
2026-01-29 20:42:50,5.83
2026-01-29 20:42:51,5.83
2026-01-29 20:42:52,5.83
2026-01-29 20:42:53,5.83
2026-01-29 20:42:54,6.76
2026-01-29 20:42:55,6.76
2026-01-29 20:42:56,6.76
2026-01-29 20:42:57,6.76
2026-01-29 20:42:58,6.76
2026-01-29 20:42:59,7.39
2026-01-29 20:43:00,7.39
2026-01-29 20:43:01,7.39
2026-01-29 20:43:02,7.39
2026-01-29 20:43:03,7.39
2026-01-29 20:43:04,9.28
2026-01-29 20:43:05,9.28
2026-01-29 20:43:06,9.28
2026-01-29 20:43:07,9.28
2026-01-29 20:43:08,9.28
2026-01-29 20:43:09,0
2026-01-29 20:43:10,0
2026-01-29 20:43:11,0
2026-01-29 20:43:12,0
2026-01-29 20:43:13,0
2026-01-29 20:43:14,0
2026-01-29 20:43:15,0
2026-01-29 20:43:16,0
2026-01-29 20:43:17,0
2026-01-29 20:43:18,0
2026-01-29 20:43:19,0
2026-01-29 20:43:20,0
2026-01-29 20:43:21,0
2026-01-29 20:43:22,0
2026-01-29 20:43:23,0
2026-01-29 20:43:24,0
2026-01-29 20:43:25,0
2026-01-29 20:43:26,0
2026-01-29 20:43:27,0
2026-01-29 20:43:28,0
2026-01-29 20:43:29,0
2026-01-29 20:43:30,0
2026-01-29 20:43:31,0
2026-01-29 20:43:32,0
2026-01-29 20:43:33,0
2026-01-29 20:43:34,0
2026-01-29 20:43:35,0
2026-01-29 20:43:36,0
2026-01-29 20:43:37,0
2026-01-29 20:43:38,0
2026-01-29 20:43:39,0
2026-01-29 20:43:40,0
2026-01-29 20:43:41,0
2026-01-29 20:43:42,0
2026-01-29 20:43:43,0
2026-01-29 20:43:44,0
2026-01-29 20:43:45,0
2026-01-29 20:43:46,0
2026-01-29 20:43:47,0
2026-01-29 20:43:48,0
2026-01-29 20:43:49,0
2026-01-29 20:43:50,0
2026-01-29 20:43:51,0
2026-01-29 20:43:52,0
2026-01-29 20:43:53,0
2026-01-29 20:43:54,0
2026-01-29 20:43:55,0
2026-01-29 20:43:56,0
2026-01-29 20:43:57,0
2026-01-29 20:43:58,0
2026-01-29 20:43:59,0
2026-01-29 20:44:00,0
2026-01-29 20:44:01,0
2026-01-29 20:44:02,0
2026-01-29 20:44:03,0
2026-01-29 20:44:04,0
2026-01-29 20:44:05,0
2026-01-29 20:44:06,0
2026-01-29 20:44:07,0
2026-01-29 20:44:08,0
2026-01-29 20:44:09,0
2026-01-29 20:44:10,0
2026-01-29 20:44:11,0
2026-01-29 20:44:12,0
2026-01-29 20:44:13,0
2026-01-29 20:44:14,0
2026-01-29 20:44:15,0
2026-01-29 20:44:16,0
2026-01-29 20:44:17,0
2026-01-29 20:44:18,0
2026-01-29 20:44:19,0
2026-01-29 20:44:20,0
2026-01-29 20:44:21,0
2026-01-29 20:44:22,0
2026-01-29 20:44:23,0
2026-01-29 20:44:24,0
2026-01-29 20:44:25,0
2026-01-29 20:44:26,0
2026-01-29 20:44:27,0
2026-01-29 20:44:28,0
2026-01-29 20:44:29,0
2026-01-29 20:44:30,0
2026-01-29 20:44:31,0
2026-01-29 20:44:32,0
2026-01-29 20:44:33,0
2026-01-29 20:44:34,0
2026-01-29 20:44:35,0
2026-01-29 20:44:36,0
2026-01-29 20:44:37,0
2026-01-29 20:44:38,0
2026-01-29 20:44:39,0
2026-01-29 20:44:40,0
2026-01-29 20:44:41,0
2026-01-29 20:44:42,0
2026-01-29 20:44:43,0
2026-01-29 20:49:39,1.44
2026-01-29 20:49:40,1.44
2026-01-29 20:49:41,1.44
2026-01-29 20:49:42,1.44
2026-01-29 20:49:43,1.44
2026-01-29 20:49:44,6.63
2026-01-29 20:49:45,6.63
2026-01-29 20:49:46,6.63
2026-01-29 20:49:47,6.63
2026-01-29 20:49:48,6.63
2026-01-29 20:49:49,9.28
2026-01-29 20:49:50,9.28
2026-01-29 20:49:51,9.28
2026-01-29 20:49:52,9.28
2026-01-29 20:49:53,9.28
2026-01-29 20:49:54,9.59
2026-01-29 20:49:55,9.59
2026-01-29 20:49:56,9.59
2026-01-29 20:49:57,9.59
2026-01-29 20:49:58,9.59
2026-01-29 20:49:59,11.3
2026-01-29 20:50:00,11.3
2026-01-29 20:50:01,11.3
2026-01-29 20:50:02,11.3
2026-01-29 20:50:03,11.3
2026-01-29 20:50:04,9.31
2026-01-29 20:50:05,9.31
2026-01-29 20:50:06,9.31
2026-01-29 20:50:07,9.31
2026-01-29 20:50:08,9.31
2026-01-29 20:50:09,8.87
2026-01-29 20:50:10,8.87
2026-01-29 20:50:11,8.87
2026-01-29 20:50:12,8.87
2026-01-29 20:50:13,8.87
2026-01-29 20:50:14,8.89
2026-01-29 20:50:15,8.89
2026-01-29 20:50:16,8.89
2026-01-29 20:50:17,8.89
2026-01-29 20:50:18,8.89
2026-01-29 20:50:19,8.06
2026-01-29 20:50:20,8.06
2026-01-29 20:50:21,8.06
2026-01-29 20:50:22,8.06
2026-01-29 20:50:23,8.06
2026-01-29 20:50:24,7.82
2026-01-29 20:50:25,7.82
2026-01-29 20:50:26,7.82
2026-01-29 20:50:27,7.82
2026-01-29 20:50:28,7.82
2026-01-29 20:50:29,7.76
2026-01-29 20:50:30,7.76
2026-01-29 20:50:31,7.76
2026-01-29 20:50:32,7.76
2026-01-29 20:50:33,7.76
2026-01-29 20:50:34,7.85
2026-01-29 20:50:35,7.85
2026-01-29 20:50:36,7.85
2026-01-29 20:50:37,7.85
2026-01-29 20:50:38,7.85
2026-01-29 20:50:39,7.82
2026-01-29 20:50:40,7.82
2026-01-29 20:50:41,7.82
2026-01-29 20:50:42,7.82
2026-01-29 20:50:43,7.82
2026-01-29 20:50:44,7.83
2026-01-29 20:50:45,7.83
2026-01-29 20:50:46,7.83
2026-01-29 20:50:47,7.83
2026-01-29 20:50:48,7.83
2026-01-29 20:50:49,7.71
2026-01-29 20:50:50,7.71
2026-01-29 20:50:51,7.71
2026-01-29 20:50:52,7.71
2026-01-29 20:50:53,7.71
2026-01-29 20:50:54,7.83
2026-01-29 20:50:55,7.83
2026-01-29 20:50:56,7.83
2026-01-29 20:50:57,7.83
2026-01-29 20:50:58,7.83
2026-01-29 20:50:59,7.79
2026-01-29 20:51:00,7.79
2026-01-29 20:51:01,7.79
2026-01-29 20:51:02,7.79
2026-01-29 20:51:03,7.79
2026-01-29 20:51:04,7.94
2026-01-29 20:51:05,7.94
2026-01-29 20:51:06,7.94
2026-01-29 20:51:07,7.94
2026-01-29 20:51:08,7.94
2026-01-29 20:51:09,8.04
2026-01-29 20:51:10,8.04
2026-01-29 20:51:11,8.04
2026-01-29 20:51:12,8.04
2026-01-29 20:51:13,8.04
2026-01-29 20:51:14,6.56
2026-01-29 20:51:15,6.56
2026-01-29 20:51:16,6.56
2026-01-29 20:51:17,6.56
2026-01-29 20:51:18,6.56
2026-01-29 20:51:19,6.65
2026-01-29 20:51:20,6.65
2026-01-29 20:51:21,6.65
2026-01-29 20:51:22,6.65
2026-01-29 20:51:23,6.65
2026-01-29 20:51:24,7.55
2026-01-29 20:51:25,7.55
2026-01-29 20:51:26,7.55
2026-01-29 20:51:27,7.55
2026-01-29 20:51:28,7.55
2026-01-29 20:51:29,7.66
2026-01-29 20:51:30,7.66
2026-01-29 20:51:31,7.66
2026-01-29 20:51:32,7.66
2026-01-29 20:51:33,7.66
2026-01-29 20:51:34,7.62
2026-01-29 20:51:35,7.62
2026-01-29 20:51:36,7.62
2026-01-29 20:51:37,7.62
2026-01-29 20:51:38,7.62
2026-01-29 20:51:39,7.49
2026-01-29 20:51:40,7.49
2026-01-29 20:51:41,7.49
2026-01-29 20:51:42,7.49
2026-01-29 20:51:43,7.49
2026-01-29 20:51:44,7.48
2026-01-29 20:51:45,7.48
2026-01-29 20:51:46,7.48
2026-01-29 20:51:47,7.48
2026-01-29 20:51:48,7.48
2026-01-29 20:51:49,7.41
2026-01-29 20:51:50,7.41
2026-01-29 20:51:51,7.41
2026-01-29 20:51:52,7.41
2026-01-29 20:51:53,7.41
2026-01-29 20:51:54,7.49
2026-01-29 20:51:55,7.49
2026-01-29 20:51:56,7.49
2026-01-29 20:51:57,7.49
2026-01-29 20:51:58,7.49
2026-01-29 20:51:59,7.48
2026-01-29 20:52:00,7.48
2026-01-29 20:52:01,7.48
2026-01-29 20:52:02,7.48
2026-01-29 20:52:03,7.48
2026-01-29 20:52:04,7.64
2026-01-29 20:52:05,7.64
2026-01-29 20:52:06,7.64
2026-01-29 20:52:07,7.64
2026-01-29 20:52:08,7.64
2026-01-29 20:52:09,7.58
2026-01-29 20:52:10,7.58
2026-01-29 20:52:11,7.58
2026-01-29 20:52:12,7.58
2026-01-29 20:52:13,7.58
2026-01-29 20:52:14,7.80
2026-01-29 20:52:15,7.80
2026-01-29 20:52:16,7.80
2026-01-29 20:52:17,7.80
2026-01-29 20:52:18,7.80
2026-01-29 20:52:19,8.94
2026-01-29 20:52:20,8.94
2026-01-29 20:52:21,8.94
2026-01-29 20:52:22,8.94
2026-01-29 20:52:23,8.94
2026-01-29 20:52:24,8.87
2026-01-29 20:52:25,8.87
2026-01-29 20:52:26,8.87
2026-01-29 20:52:27,8.87
2026-01-29 20:52:28,8.87
2026-01-29 20:52:29,8.49
2026-01-29 20:52:30,8.49
2026-01-29 20:52:31,8.49
2026-01-29 20:52:32,8.49
2026-01-29 20:52:33,8.49
2026-01-29 20:52:34,10.4
2026-01-29 20:52:35,10.4
2026-01-29 20:52:36,10.4
2026-01-29 20:52:37,10.4
2026-01-29 20:52:38,10.4
2026-01-29 20:52:39,9.16
2026-01-29 20:52:40,9.16
2026-01-29 20:52:41,9.16
2026-01-29 20:52:42,9.16
2026-01-29 20:52:43,9.16
2026-01-29 20:52:44,7.35
2026-01-29 20:52:45,7.35
2026-01-29 20:52:46,7.35
2026-01-29 20:52:47,7.35
2026-01-29 20:52:48,7.35
2026-01-29 20:52:49,8.97
2026-01-29 20:52:50,8.97
2026-01-29 20:52:51,8.97
2026-01-29 20:52:52,8.97
2026-01-29 20:52:53,8.97
2026-01-29 20:52:54,8.92
2026-01-29 20:52:55,8.92
2026-01-29 20:52:56,8.92
2026-01-29 20:52:57,8.92
2026-01-29 20:52:58,8.92
2026-01-29 20:52:59,0
2026-01-29 20:53:00,0
2026-01-29 20:53:01,0
2026-01-29 20:53:02,0
2026-01-29 20:53:03,0
2026-01-29 20:53:04,0
2026-01-29 20:53:05,0
2026-01-29 20:53:06,0
2026-01-29 20:53:07,0
2026-01-29 20:53:08,0
2026-01-29 20:53:09,0
2026-01-29 20:53:10,0
2026-01-29 20:53:11,0
2026-01-29 20:53:12,0
2026-01-29 20:53:13,0
2026-01-29 20:53:14,0
2026-01-29 20:53:15,0
2026-01-29 20:53:16,0
2026-01-29 20:53:17,0
2026-01-29 20:53:18,0
2026-01-29 20:53:19,0
2026-01-29 20:53:20,0
2026-01-29 20:53:21,0
2026-01-29 20:53:22,0
2026-01-29 20:53:23,0
2026-01-29 20:53:24,0
2026-01-29 20:53:25,0
2026-01-29 20:53:26,0
2026-01-29 20:53:27,0
2026-01-29 20:53:28,0
2026-01-29 20:53:29,0
2026-01-29 20:53:30,0
2026-01-29 20:53:31,0
2026-01-29 20:53:32,0
2026-01-29 20:53:33,0
2026-01-29 20:53:34,0
2026-01-29 20:53:35,0
2026-01-29 20:53:36,0
2026-01-29 20:53:37,0
2026-01-29 20:53:38,0
2026-01-29 20:53:39,0
2026-01-29 20:53:40,0
2026-01-29 20:53:41,0
2026-01-29 20:53:42,0
2026-01-29 20:53:43,0
2026-01-29 20:53:44,0
2026-01-29 20:53:45,0
2026-01-29 20:53:46,0
2026-01-29 20:53:47,0
2026-01-29 20:53:48,0
2026-01-29 20:53:49,0
2026-01-29 20:53:50,0
2026-01-29 20:53:51,0
2026-01-29 20:53:52,0
2026-01-29 20:53:53,0
2026-01-29 20:53:54,0
2026-01-29 20:53:55,0
2026-01-29 20:53:56,0
2026-01-29 20:53:57,0
2026-01-29 20:53:58,0
2026-01-29 20:53:59,0
2026-01-29 20:54:00,0
2026-01-29 20:54:01,0
2026-01-29 20:54:02,0
2026-01-29 20:54:03,0
2026-01-29 20:54:04,0
2026-01-29 20:54:05,0
2026-01-29 20:54:06,0
2026-01-29 20:54:07,0
2026-01-29 20:54:08,0
2026-01-29 20:54:09,0
2026-01-29 20:54:10,0
2026-01-29 20:54:11,0
2026-01-29 20:54:12,0
2026-01-29 20:54:13,0
2026-01-29 20:54:14,0
2026-01-29 20:54:15,0
2026-01-29 20:54:16,0
2026-01-29 20:54:17,0
2026-01-29 20:54:18,0
2026-01-29 20:54:19,0
2026-01-29 20:54:20,0
2026-01-29 20:54:21,0
2026-01-29 20:54:22,0
2026-01-29 20:54:23,0
2026-01-29 20:54:24,0
2026-01-29 20:54:25,0
2026-01-29 20:54:26,0
2026-01-29 20:54:27,0
2026-01-29 20:54:28,0
2026-01-29 20:54:29,0
2026-01-29 20:54:30,0
2026-01-29 20:54:31,0
2026-01-29 20:54:32,0
2026-01-29 20:54:33,0
2026-01-29 20:59:34,1.58
2026-01-29 20:59:35,1.58
2026-01-29 20:59:36,1.58
2026-01-29 20:59:37,1.58
2026-01-29 20:59:38,1.58
2026-01-29 20:59:39,8.70
2026-01-29 20:59:40,8.70
2026-01-29 20:59:41,8.70
2026-01-29 20:59:42,8.70
2026-01-29 20:59:43,8.70
2026-01-29 20:59:44,9.92
2026-01-29 20:59:45,9.92
2026-01-29 20:59:46,9.92
2026-01-29 20:59:47,9.92
2026-01-29 20:59:48,9.92
2026-01-29 20:59:49,9.92
2026-01-29 20:59:50,9.92
2026-01-29 20:59:51,9.92
2026-01-29 20:59:52,9.92
2026-01-29 20:59:53,9.92
2026-01-29 20:59:54,11.0
2026-01-29 20:59:55,11.0
2026-01-29 20:59:56,11.0
2026-01-29 20:59:57,11.0
2026-01-29 20:59:58,11.0
2026-01-29 20:59:59,9.45
2026-01-29 21:00:00,9.45
2026-01-29 21:00:01,9.45
2026-01-29 21:00:02,9.45
2026-01-29 21:00:03,9.45
2026-01-29 21:00:04,8.71
2026-01-29 21:00:05,8.71
2026-01-29 21:00:06,8.71
2026-01-29 21:00:07,8.71
2026-01-29 21:00:08,8.71
2026-01-29 21:00:09,8.77
2026-01-29 21:00:10,8.77
2026-01-29 21:00:11,8.77
2026-01-29 21:00:12,8.77
2026-01-29 21:00:13,8.77
2026-01-29 21:00:14,8.95
2026-01-29 21:00:15,8.95
2026-01-29 21:00:16,8.95
2026-01-29 21:00:17,8.95
2026-01-29 21:00:18,8.95
2026-01-29 21:00:19,8.98
2026-01-29 21:00:20,8.98
2026-01-29 21:00:21,8.98
2026-01-29 21:00:22,8.98
2026-01-29 21:00:23,8.98
2026-01-29 21:00:24,8.66
2026-01-29 21:00:25,8.66
2026-01-29 21:00:26,8.66
2026-01-29 21:00:27,8.66
2026-01-29 21:00:28,8.66
2026-01-29 21:00:29,9.08
2026-01-29 21:00:30,9.08
2026-01-29 21:00:31,9.08
2026-01-29 21:00:32,9.08
2026-01-29 21:00:33,9.08
2026-01-29 21:00:34,8.50
2026-01-29 21:00:35,8.50
2026-01-29 21:00:36,8.50
2026-01-29 21:00:37,8.50
2026-01-29 21:00:38,8.50
2026-01-29 21:00:39,10.7
2026-01-29 21:00:40,10.7
2026-01-29 21:00:41,10.7
2026-01-29 21:00:42,10.7
2026-01-29 21:00:43,10.7
2026-01-29 21:00:44,8.76
2026-01-29 21:00:45,8.76
2026-01-29 21:00:46,8.76
2026-01-29 21:00:47,8.76
2026-01-29 21:00:48,8.76
2026-01-29 21:00:49,7.88
2026-01-29 21:00:50,7.88
2026-01-29 21:00:51,7.88
2026-01-29 21:00:52,7.88
2026-01-29 21:00:53,7.88
2026-01-29 21:00:54,7.90
2026-01-29 21:00:55,7.90
2026-01-29 21:00:56,7.90
2026-01-29 21:00:57,7.90
2026-01-29 21:00:58,7.90
2026-01-29 21:00:59,7.76
2026-01-29 21:01:00,7.76
2026-01-29 21:01:01,7.76
2026-01-29 21:01:02,7.76
2026-01-29 21:01:03,7.76
2026-01-29 21:01:04,7.86
2026-01-29 21:01:05,7.86
2026-01-29 21:01:06,7.86
2026-01-29 21:01:07,7.86
2026-01-29 21:01:08,7.86
2026-01-29 21:01:09,7.86
2026-01-29 21:01:10,7.86
2026-01-29 21:01:11,7.86
2026-01-29 21:01:12,7.86
2026-01-29 21:01:13,7.86
2026-01-29 21:01:14,8.02
2026-01-29 21:01:15,8.02
2026-01-29 21:01:16,8.02
2026-01-29 21:01:17,8.02
2026-01-29 21:01:18,8.02
2026-01-29 21:01:19,8.22
2026-01-29 21:01:20,8.22
2026-01-29 21:01:21,8.22
2026-01-29 21:01:22,8.22
2026-01-29 21:01:23,8.22
2026-01-29 21:01:24,7.81
2026-01-29 21:01:25,7.81
2026-01-29 21:01:26,7.81
2026-01-29 21:01:27,7.81
2026-01-29 21:01:28,7.81
2026-01-29 21:01:29,7.75
2026-01-29 21:01:30,7.75
2026-01-29 21:01:31,7.75
2026-01-29 21:01:32,7.75
2026-01-29 21:01:33,7.75
2026-01-29 21:01:34,7.88
2026-01-29 21:01:35,7.88
2026-01-29 21:01:36,7.88
2026-01-29 21:01:37,7.88
2026-01-29 21:01:38,7.88
2026-01-29 21:01:39,7.94
2026-01-29 21:01:40,7.94
2026-01-29 21:01:41,7.94
2026-01-29 21:01:42,7.94
2026-01-29 21:01:43,7.94
2026-01-29 21:01:44,7.85
2026-01-29 21:01:45,7.85
2026-01-29 21:01:46,7.85
2026-01-29 21:01:47,7.85
2026-01-29 21:01:48,7.85
2026-01-29 21:01:49,7.91
2026-01-29 21:01:50,7.91
2026-01-29 21:01:51,7.91
2026-01-29 21:01:52,7.91
2026-01-29 21:01:53,7.91
2026-01-29 21:01:54,7.89
2026-01-29 21:01:55,7.89
2026-01-29 21:01:56,7.89
2026-01-29 21:01:57,7.89
2026-01-29 21:01:58,7.89
2026-01-29 21:01:59,7.40
2026-01-29 21:02:00,7.40
2026-01-29 21:02:01,7.40
2026-01-29 21:02:02,7.40
2026-01-29 21:02:03,7.40
2026-01-29 21:02:04,8.76
2026-01-29 21:02:05,8.76
2026-01-29 21:02:06,8.76
2026-01-29 21:02:07,8.76
2026-01-29 21:02:08,8.76
2026-01-29 21:02:09,8.94
2026-01-29 21:02:10,8.94
2026-01-29 21:02:11,8.94
2026-01-29 21:02:12,8.94
2026-01-29 21:02:13,8.94
2026-01-29 21:02:14,10.5
2026-01-29 21:02:15,10.5
2026-01-29 21:02:16,10.5
2026-01-29 21:02:17,10.5
2026-01-29 21:02:18,10.5
2026-01-29 21:02:19,8.85
2026-01-29 21:02:20,8.85
2026-01-29 21:02:21,8.85
2026-01-29 21:02:22,8.85
2026-01-29 21:02:23,8.85
2026-01-29 21:02:24,9.40
2026-01-29 21:02:25,9.40
2026-01-29 21:02:26,9.40
2026-01-29 21:02:27,9.40
2026-01-29 21:02:28,9.40
2026-01-29 21:02:29,7.47
2026-01-29 21:02:30,7.47
2026-01-29 21:02:31,7.47
2026-01-29 21:02:32,7.47
2026-01-29 21:02:33,7.47
2026-01-29 21:02:34,6.54
2026-01-29 21:02:35,6.54
2026-01-29 21:02:36,6.54
2026-01-29 21:02:37,6.54
2026-01-29 21:02:38,6.54
2026-01-29 21:02:39,6.53
2026-01-29 21:02:40,6.53
2026-01-29 21:02:41,6.53
2026-01-29 21:02:42,6.53
2026-01-29 21:02:43,6.53
2026-01-29 21:02:44,6.50
2026-01-29 21:02:45,6.50
2026-01-29 21:02:46,6.50
2026-01-29 21:02:47,6.50
2026-01-29 21:02:48,6.50
2026-01-29 21:02:49,0
2026-01-29 21:02:50,0
2026-01-29 21:02:51,0
2026-01-29 21:02:52,0
2026-01-29 21:02:53,0
2026-01-29 21:02:54,0
2026-01-29 21:02:55,0
2026-01-29 21:02:56,0
2026-01-29 21:02:57,0
2026-01-29 21:02:58,0
2026-01-29 21:02:59,0
2026-01-29 21:03:00,0
2026-01-29 21:03:01,0
2026-01-29 21:03:02,0
2026-01-29 21:03:03,0
2026-01-29 21:03:04,0
2026-01-29 21:03:05,0
2026-01-29 21:03:06,0
2026-01-29 21:03:07,0
2026-01-29 21:03:08,0
2026-01-29 21:03:09,0
2026-01-29 21:03:10,0
2026-01-29 21:03:11,0
2026-01-29 21:03:12,0
2026-01-29 21:03:13,0
2026-01-29 21:03:14,0
2026-01-29 21:03:15,0
2026-01-29 21:03:16,0
2026-01-29 21:03:17,0
2026-01-29 21:03:18,0
2026-01-29 21:03:19,0
2026-01-29 21:03:20,0
2026-01-29 21:03:21,0
2026-01-29 21:03:22,0
2026-01-29 21:03:23,0
2026-01-29 21:03:24,0
2026-01-29 21:03:25,0
2026-01-29 21:03:26,0
2026-01-29 21:03:27,0
2026-01-29 21:03:28,0
2026-01-29 21:03:29,0
2026-01-29 21:03:30,0
2026-01-29 21:03:31,0
2026-01-29 21:03:32,0
2026-01-29 21:03:33,0
2026-01-29 21:03:34,0
2026-01-29 21:03:35,0
2026-01-29 21:03:36,0
2026-01-29 21:03:37,0
2026-01-29 21:03:38,0
2026-01-29 21:03:39,0
2026-01-29 21:03:40,0
2026-01-29 21:03:41,0
2026-01-29 21:03:42,0
2026-01-29 21:03:43,0
2026-01-29 21:03:44,0
2026-01-29 21:03:45,0
2026-01-29 21:03:46,0
2026-01-29 21:03:47,0
2026-01-29 21:03:48,0
2026-01-29 21:03:49,0
2026-01-29 21:03:50,0
2026-01-29 21:03:51,0
2026-01-29 21:03:52,0
2026-01-29 21:03:53,0
2026-01-29 21:03:54,0
2026-01-29 21:03:55,0
2026-01-29 21:03:56,0
2026-01-29 21:03:57,0
2026-01-29 21:03:58,0
2026-01-29 21:03:59,0
2026-01-29 21:04:00,0
2026-01-29 21:04:01,0
2026-01-29 21:04:02,0
2026-01-29 21:04:03,0
2026-01-29 21:04:04,0
2026-01-29 21:04:05,0
2026-01-29 21:04:06,0
2026-01-29 21:04:07,0
2026-01-29 21:04:08,0
2026-01-29 21:04:09,0
2026-01-29 21:04:10,0
2026-01-29 21:04:11,0
2026-01-29 21:04:12,0
2026-01-29 21:04:13,0
2026-01-29 21:04:14,0
2026-01-29 21:04:15,0
2026-01-29 21:04:16,0
2026-01-29 21:04:17,0
2026-01-29 21:04:18,0
2026-01-29 21:04:19,0
2026-01-29 21:04:20,0
2026-01-29 21:04:21,0
2026-01-29 21:04:22,0
2026-01-29 21:04:23,0
2026-01-29 21:09:24,1.70
2026-01-29 21:09:25,1.70
2026-01-29 21:09:26,1.70
2026-01-29 21:09:27,1.70
2026-01-29 21:09:28,1.70
2026-01-29 21:09:29,8.63
2026-01-29 21:09:30,8.63
2026-01-29 21:09:31,8.63
2026-01-29 21:09:32,8.63
2026-01-29 21:09:33,8.63
2026-01-29 21:09:34,9.92
2026-01-29 21:09:35,9.92
2026-01-29 21:09:36,9.92
2026-01-29 21:09:37,9.92
2026-01-29 21:09:38,9.92
2026-01-29 21:09:39,10.4
2026-01-29 21:09:40,10.4
2026-01-29 21:09:41,10.4
2026-01-29 21:09:42,10.4
2026-01-29 21:09:43,10.4
2026-01-29 21:09:44,11.2
2026-01-29 21:09:45,11.2
2026-01-29 21:09:46,11.2
2026-01-29 21:09:47,11.2
2026-01-29 21:09:48,11.2
2026-01-29 21:09:49,9.58
2026-01-29 21:09:50,9.58
2026-01-29 21:09:51,9.58
2026-01-29 21:09:52,9.58
2026-01-29 21:09:53,9.58
2026-01-29 21:09:54,8.99
2026-01-29 21:09:55,8.99
2026-01-29 21:09:56,8.99
2026-01-29 21:09:57,8.99
2026-01-29 21:09:58,8.99
2026-01-29 21:09:59,8.87
2026-01-29 21:10:00,8.87
2026-01-29 21:10:01,8.87
2026-01-29 21:10:02,8.87
2026-01-29 21:10:03,8.87
2026-01-29 21:10:04,9.07
2026-01-29 21:10:05,9.07
2026-01-29 21:10:06,9.07
2026-01-29 21:10:07,9.07
2026-01-29 21:10:08,9.07
2026-01-29 21:10:09,8.96
2026-01-29 21:10:10,8.96
2026-01-29 21:10:11,8.96
2026-01-29 21:10:12,8.96
2026-01-29 21:10:13,8.96
2026-01-29 21:10:14,8.91
2026-01-29 21:10:15,8.91
2026-01-29 21:10:16,8.91
2026-01-29 21:10:17,8.91
2026-01-29 21:10:18,8.91
2026-01-29 21:10:19,9.05
2026-01-29 21:10:20,9.05
2026-01-29 21:10:21,9.05
2026-01-29 21:10:22,9.05
2026-01-29 21:10:23,9.05
2026-01-29 21:10:24,9.14
2026-01-29 21:10:25,9.14
2026-01-29 21:10:26,9.14
2026-01-29 21:10:27,9.14
2026-01-29 21:10:28,9.14
2026-01-29 21:10:29,8.92
2026-01-29 21:10:30,8.92
2026-01-29 21:10:31,8.92
2026-01-29 21:10:32,8.92
2026-01-29 21:10:33,8.92
2026-01-29 21:10:34,9.03
2026-01-29 21:10:35,9.03
2026-01-29 21:10:36,9.03
2026-01-29 21:10:37,9.03
2026-01-29 21:10:38,9.03
2026-01-29 21:10:39,8.05
2026-01-29 21:10:40,8.05
2026-01-29 21:10:41,8.05
2026-01-29 21:10:42,8.05
2026-01-29 21:10:43,8.05
2026-01-29 21:10:44,9.93
2026-01-29 21:10:45,9.93
2026-01-29 21:10:46,9.93
2026-01-29 21:10:47,9.93
2026-01-29 21:10:48,9.93
2026-01-29 21:10:49,8.85
2026-01-29 21:10:50,8.85
2026-01-29 21:10:51,8.85
2026-01-29 21:10:52,8.85
2026-01-29 21:10:53,8.85
2026-01-29 21:10:54,9.99
2026-01-29 21:10:55,9.99
2026-01-29 21:10:56,9.99
2026-01-29 21:10:57,9.99
2026-01-29 21:10:58,9.99
2026-01-29 21:10:59,8.65
2026-01-29 21:11:00,8.65
2026-01-29 21:11:01,8.65
2026-01-29 21:11:02,8.65
2026-01-29 21:11:03,8.65
2026-01-29 21:11:04,7.78
2026-01-29 21:11:05,7.78
2026-01-29 21:11:06,7.78
2026-01-29 21:11:07,7.78
2026-01-29 21:11:08,7.78
2026-01-29 21:11:09,7.97
2026-01-29 21:11:10,7.97
2026-01-29 21:11:11,7.97
2026-01-29 21:11:12,7.97
2026-01-29 21:11:13,7.97
2026-01-29 21:11:14,7.83
2026-01-29 21:11:15,7.83
2026-01-29 21:11:16,7.83
2026-01-29 21:11:17,7.83
2026-01-29 21:11:18,7.83
2026-01-29 21:11:19,8.15
2026-01-29 21:11:20,8.15
2026-01-29 21:11:21,8.15
2026-01-29 21:11:22,8.15
2026-01-29 21:11:23,8.15
2026-01-29 21:11:24,8.01
2026-01-29 21:11:25,8.01
2026-01-29 21:11:26,8.01
2026-01-29 21:11:27,8.01
2026-01-29 21:11:28,8.01
2026-01-29 21:11:29,7.84
2026-01-29 21:11:30,7.84
2026-01-29 21:11:31,7.84
2026-01-29 21:11:32,7.84
2026-01-29 21:11:33,7.84
2026-01-29 21:11:34,7.81
2026-01-29 21:11:35,7.81
2026-01-29 21:11:36,7.81
2026-01-29 21:11:37,7.81
2026-01-29 21:11:38,7.81
2026-01-29 21:11:39,7.86
2026-01-29 21:11:40,7.86
2026-01-29 21:11:41,7.86
2026-01-29 21:11:42,7.86
2026-01-29 21:11:43,7.86
2026-01-29 21:11:44,7.79
2026-01-29 21:11:45,7.79
2026-01-29 21:11:46,7.79
2026-01-29 21:11:47,7.79
2026-01-29 21:11:48,7.79
2026-01-29 21:11:49,7.82
2026-01-29 21:11:50,7.82
2026-01-29 21:11:51,7.82
2026-01-29 21:11:52,7.82
2026-01-29 21:11:53,7.82
2026-01-29 21:11:54,7.82
2026-01-29 21:11:55,7.82
2026-01-29 21:11:56,7.82
2026-01-29 21:11:57,7.82
2026-01-29 21:11:58,7.82
2026-01-29 21:11:59,7.80
2026-01-29 21:12:00,7.80
2026-01-29 21:12:01,7.80
2026-01-29 21:12:02,7.80
2026-01-29 21:12:03,7.80
2026-01-29 21:12:04,7.82
2026-01-29 21:12:05,7.82
2026-01-29 21:12:06,7.82
2026-01-29 21:12:07,7.82
2026-01-29 21:12:08,7.82
2026-01-29 21:12:09,7.91
2026-01-29 21:12:10,7.91
2026-01-29 21:12:11,7.91
2026-01-29 21:12:12,7.91
2026-01-29 21:12:13,7.91
2026-01-29 21:12:14,8.09
2026-01-29 21:12:15,8.09
2026-01-29 21:12:16,8.09
2026-01-29 21:12:17,8.09
2026-01-29 21:12:18,8.09
2026-01-29 21:12:19,8.14
2026-01-29 21:12:20,8.14
2026-01-29 21:12:21,8.14
2026-01-29 21:12:22,8.14
2026-01-29 21:12:23,8.14
2026-01-29 21:12:24,8.15
2026-01-29 21:12:25,8.15
2026-01-29 21:12:26,8.15
2026-01-29 21:12:27,8.15
2026-01-29 21:12:28,8.15
2026-01-29 21:12:29,7.88
2026-01-29 21:12:30,7.88
2026-01-29 21:12:31,7.88
2026-01-29 21:12:32,7.88
2026-01-29 21:12:33,7.88
2026-01-29 21:12:34,7.92
2026-01-29 21:12:35,7.92
2026-01-29 21:12:36,7.92
2026-01-29 21:12:37,7.92
2026-01-29 21:12:38,7.92
2026-01-29 21:12:39,0
2026-01-29 21:12:40,0
2026-01-29 21:12:41,0
2026-01-29 21:12:42,0
2026-01-29 21:12:43,0
2026-01-29 21:12:44,0
2026-01-29 21:12:45,0
2026-01-29 21:12:46,0
2026-01-29 21:12:47,0
2026-01-29 21:12:48,0
2026-01-29 21:12:49,0
2026-01-29 21:12:50,0
2026-01-29 21:12:51,0
2026-01-29 21:12:52,0
2026-01-29 21:12:53,0
2026-01-29 21:12:54,0
2026-01-29 21:12:55,0
2026-01-29 21:12:56,0
2026-01-29 21:12:57,0
2026-01-29 21:12:58,0
2026-01-29 21:12:59,0
2026-01-29 21:13:00,0
2026-01-29 21:13:01,0
2026-01-29 21:13:02,0
2026-01-29 21:13:03,0
2026-01-29 21:13:04,0
2026-01-29 21:13:05,0
2026-01-29 21:13:06,0
2026-01-29 21:13:07,0
2026-01-29 21:13:08,0
2026-01-29 21:13:09,0
2026-01-29 21:13:10,0
2026-01-29 21:13:11,0
2026-01-29 21:13:12,0
2026-01-29 21:13:13,0
2026-01-29 21:13:14,0
2026-01-29 21:13:15,0
2026-01-29 21:13:16,0
2026-01-29 21:13:17,0
2026-01-29 21:13:18,0
2026-01-29 21:13:19,0
2026-01-29 21:13:20,0
2026-01-29 21:13:21,0
2026-01-29 21:13:22,0
2026-01-29 21:13:23,0
2026-01-29 21:13:24,0
2026-01-29 21:13:25,0
2026-01-29 21:13:26,0
2026-01-29 21:13:27,0
2026-01-29 21:13:28,0
2026-01-29 21:13:29,0
2026-01-29 21:13:30,0
2026-01-29 21:13:31,0
2026-01-29 21:13:32,0
2026-01-29 21:13:33,0
2026-01-29 21:13:34,0
2026-01-29 21:13:35,0
2026-01-29 21:13:36,0
2026-01-29 21:13:37,0
2026-01-29 21:13:38,0
2026-01-29 21:13:39,0
2026-01-29 21:13:40,0
2026-01-29 21:13:41,0
2026-01-29 21:13:42,0
2026-01-29 21:13:43,0
2026-01-29 21:13:44,0
2026-01-29 21:13:45,0
2026-01-29 21:13:46,0
2026-01-29 21:13:47,0
2026-01-29 21:13:48,0
2026-01-29 21:13:49,0
2026-01-29 21:13:50,0
2026-01-29 21:13:51,0
2026-01-29 21:13:52,0
2026-01-29 21:13:53,0
2026-01-29 21:13:54,0
2026-01-29 21:13:55,0
2026-01-29 21:13:56,0
2026-01-29 21:13:57,0
2026-01-29 21:13:58,0
2026-01-29 21:13:59,0
2026-01-29 21:14:00,0
2026-01-29 21:14:01,0
2026-01-29 21:14:02,0
2026-01-29 21:14:03,0
2026-01-29 21:14:04,0
2026-01-29 21:14:05,0
2026-01-29 21:14:06,0
2026-01-29 21:14:07,0
2026-01-29 21:14:08,0
2026-01-29 21:14:09,0
2026-01-29 21:14:10,0
2026-01-29 21:14:11,0
2026-01-29 21:14:12,0
2026-01-29 21:14:13,0
2026-01-29 21:19:14,8.18
2026-01-29 21:19:15,8.18
2026-01-29 21:19:16,8.18
2026-01-29 21:19:17,8.18
2026-01-29 21:19:18,8.18
2026-01-29 21:19:19,8.50
2026-01-29 21:19:20,8.50
2026-01-29 21:19:21,8.50
2026-01-29 21:19:22,8.50
2026-01-29 21:19:23,8.50
2026-01-29 21:19:24,10.6
2026-01-29 21:19:25,10.6
2026-01-29 21:19:26,10.6
2026-01-29 21:19:27,10.6
2026-01-29 21:19:28,10.6
2026-01-29 21:19:29,8.56
2026-01-29 21:19:30,8.56
2026-01-29 21:19:31,8.56
2026-01-29 21:19:32,8.56
2026-01-29 21:19:33,8.56
2026-01-29 21:19:34,6.63
2026-01-29 21:19:35,6.63
2026-01-29 21:19:36,6.63
2026-01-29 21:19:37,6.63
2026-01-29 21:19:38,6.63
2026-01-29 21:19:39,6.70
2026-01-29 21:19:40,6.70
2026-01-29 21:19:41,6.70
2026-01-29 21:19:42,6.70
2026-01-29 21:19:43,6.70
2026-01-29 21:19:44,6.70
2026-01-29 21:19:45,6.70
2026-01-29 21:19:46,6.70
2026-01-29 21:19:47,6.70
2026-01-29 21:19:48,6.70
2026-01-29 21:19:49,6.70
2026-01-29 21:19:50,6.70
2026-01-29 21:19:51,6.70
2026-01-29 21:19:52,6.70
2026-01-29 21:19:53,6.70
2026-01-29 21:19:54,6.67
2026-01-29 21:19:55,6.67
2026-01-29 21:19:56,6.67
2026-01-29 21:19:57,6.67
2026-01-29 21:19:58,6.67
2026-01-29 21:19:59,6.09
2026-01-29 21:20:00,6.09
2026-01-29 21:20:01,6.09
2026-01-29 21:20:02,6.09
2026-01-29 21:20:03,6.09
2026-01-29 21:20:04,8.09
2026-01-29 21:20:05,8.09
2026-01-29 21:20:06,8.09
2026-01-29 21:20:07,8.09
2026-01-29 21:20:08,8.09
2026-01-29 21:20:09,8.25
2026-01-29 21:20:10,8.25
2026-01-29 21:20:11,8.25
2026-01-29 21:20:12,8.25
2026-01-29 21:20:13,8.25
2026-01-29 21:20:14,7.76
2026-01-29 21:20:15,7.76
2026-01-29 21:20:16,7.76
2026-01-29 21:20:17,7.76
2026-01-29 21:20:18,7.76
2026-01-29 21:20:19,7.95
2026-01-29 21:20:20,7.95
2026-01-29 21:20:21,7.95
2026-01-29 21:20:22,7.95
2026-01-29 21:20:23,7.95
2026-01-29 21:20:24,7.98
2026-01-29 21:20:25,7.98
2026-01-29 21:20:26,7.98
2026-01-29 21:20:27,7.98
2026-01-29 21:20:28,7.98
2026-01-29 21:20:29,7.70
2026-01-29 21:20:30,7.70
2026-01-29 21:20:31,7.70
2026-01-29 21:20:32,7.70
2026-01-29 21:20:33,7.70
2026-01-29 21:20:34,7.81
2026-01-29 21:20:35,7.81
2026-01-29 21:20:36,7.81
2026-01-29 21:20:37,7.81
2026-01-29 21:20:38,7.81
2026-01-29 21:20:39,7.76
2026-01-29 21:20:40,7.76
2026-01-29 21:20:41,7.76
2026-01-29 21:20:42,7.76
2026-01-29 21:20:43,7.76
2026-01-29 21:20:44,7.82
2026-01-29 21:20:45,7.82
2026-01-29 21:20:46,7.82
2026-01-29 21:20:47,7.82
2026-01-29 21:20:48,7.82
2026-01-29 21:20:49,7.81
2026-01-29 21:20:50,7.81
2026-01-29 21:20:51,7.81
2026-01-29 21:20:52,7.81
2026-01-29 21:20:53,7.81
2026-01-29 21:20:54,7.74
2026-01-29 21:20:55,7.74
2026-01-29 21:20:56,7.74
2026-01-29 21:20:57,7.74
2026-01-29 21:20:58,7.74
2026-01-29 21:20:59,7.80
2026-01-29 21:21:00,7.80
2026-01-29 21:21:01,7.80
2026-01-29 21:21:02,7.80
2026-01-29 21:21:03,7.80
2026-01-29 21:21:04,7.89
2026-01-29 21:21:05,7.89
2026-01-29 21:21:06,7.89
2026-01-29 21:21:07,7.89
2026-01-29 21:21:08,7.89
2026-01-29 21:21:09,7.90
2026-01-29 21:21:10,7.90
2026-01-29 21:21:11,7.90
2026-01-29 21:21:12,7.90
2026-01-29 21:21:13,7.90
2026-01-29 21:21:14,7.72
2026-01-29 21:21:15,7.72
2026-01-29 21:21:16,7.72
2026-01-29 21:21:17,7.72
2026-01-29 21:21:18,7.72
2026-01-29 21:21:19,7.90
2026-01-29 21:21:20,7.90
2026-01-29 21:21:21,7.90
2026-01-29 21:21:22,7.90
2026-01-29 21:21:23,7.90
2026-01-29 21:21:24,8.05
2026-01-29 21:21:25,8.05
2026-01-29 21:21:26,8.05
2026-01-29 21:21:27,8.05
2026-01-29 21:21:28,8.05
2026-01-29 21:21:29,7.71
2026-01-29 21:21:30,7.71
2026-01-29 21:21:31,7.71
2026-01-29 21:21:32,7.71
2026-01-29 21:21:33,7.71
2026-01-29 21:21:34,7.74
2026-01-29 21:21:35,7.74
2026-01-29 21:21:36,7.74
2026-01-29 21:21:37,7.74
2026-01-29 21:21:38,7.74
2026-01-29 21:21:39,7.81
2026-01-29 21:21:40,7.81
2026-01-29 21:21:41,7.81
2026-01-29 21:21:42,7.81
2026-01-29 21:21:43,7.81
2026-01-29 21:21:44,7.78
2026-01-29 21:21:45,7.78
2026-01-29 21:21:46,7.78
2026-01-29 21:21:47,7.78
2026-01-29 21:21:48,7.78
2026-01-29 21:21:49,7.70
2026-01-29 21:21:50,7.70
2026-01-29 21:21:51,7.70
2026-01-29 21:21:52,7.70
2026-01-29 21:21:53,7.70
2026-01-29 21:21:54,10.1
2026-01-29 21:21:55,10.1
2026-01-29 21:21:56,10.1
2026-01-29 21:21:57,10.1
2026-01-29 21:21:58,10.1
2026-01-29 21:21:59,8.34
2026-01-29 21:22:00,8.34
2026-01-29 21:22:01,8.34
2026-01-29 21:22:02,8.34
2026-01-29 21:22:03,8.34
2026-01-29 21:22:04,6.74
2026-01-29 21:22:05,6.74
2026-01-29 21:22:06,6.74
2026-01-29 21:22:07,6.74
2026-01-29 21:22:08,6.74
2026-01-29 21:22:09,6.85
2026-01-29 21:22:10,6.85
2026-01-29 21:22:11,6.85
2026-01-29 21:22:12,6.85
2026-01-29 21:22:13,6.85
2026-01-29 21:22:14,6.69
2026-01-29 21:22:15,6.69
2026-01-29 21:22:16,6.69
2026-01-29 21:22:17,6.69
2026-01-29 21:22:18,6.69
2026-01-29 21:22:19,6.84
2026-01-29 21:22:20,6.84
2026-01-29 21:22:21,6.84
2026-01-29 21:22:22,6.84
2026-01-29 21:22:23,6.84
2026-01-29 21:22:24,0
2026-01-29 21:22:25,0
2026-01-29 21:22:26,0
2026-01-29 21:22:27,0
2026-01-29 21:22:28,0
2026-01-29 21:22:29,0
2026-01-29 21:22:30,0
2026-01-29 21:22:31,0
2026-01-29 21:22:32,0
2026-01-29 21:22:33,0
2026-01-29 21:22:34,0
2026-01-29 21:22:35,0
2026-01-29 21:22:36,0
2026-01-29 21:22:37,0
2026-01-29 21:22:38,0
2026-01-29 21:22:39,0
2026-01-29 21:22:40,0
2026-01-29 21:22:41,0
2026-01-29 21:22:42,0
2026-01-29 21:22:43,0
2026-01-29 21:22:44,0
2026-01-29 21:22:45,0
2026-01-29 21:22:46,0
2026-01-29 21:22:47,0
2026-01-29 21:22:48,0
2026-01-29 21:22:49,0
2026-01-29 21:22:50,0
2026-01-29 21:22:51,0
2026-01-29 21:22:52,0
2026-01-29 21:22:53,0
2026-01-29 21:22:54,0
2026-01-29 21:22:55,0
2026-01-29 21:22:56,0
2026-01-29 21:22:57,0
2026-01-29 21:22:58,0
2026-01-29 21:22:59,0
2026-01-29 21:23:00,0
2026-01-29 21:23:01,0
2026-01-29 21:23:02,0
2026-01-29 21:23:03,0
2026-01-29 21:23:04,0
2026-01-29 21:23:05,0
2026-01-29 21:23:06,0
2026-01-29 21:23:07,0
2026-01-29 21:23:08,0
2026-01-29 21:23:09,0
2026-01-29 21:23:10,0
2026-01-29 21:23:11,0
2026-01-29 21:23:12,0
2026-01-29 21:23:13,0
2026-01-29 21:23:14,0
2026-01-29 21:23:15,0
2026-01-29 21:23:16,0
2026-01-29 21:23:17,0
2026-01-29 21:23:18,0
2026-01-29 21:23:19,0
2026-01-29 21:23:20,0
2026-01-29 21:23:21,0
2026-01-29 21:23:22,0
2026-01-29 21:23:23,0
2026-01-29 21:23:24,0
2026-01-29 21:23:25,0
2026-01-29 21:23:26,0
2026-01-29 21:23:27,0
2026-01-29 21:23:28,0
2026-01-29 21:23:29,0
2026-01-29 21:23:30,0
2026-01-29 21:23:31,0
2026-01-29 21:23:32,0
2026-01-29 21:23:33,0
2026-01-29 21:23:34,0
2026-01-29 21:23:35,0
2026-01-29 21:23:36,0
2026-01-29 21:23:37,0
2026-01-29 21:23:38,0
2026-01-29 21:23:39,0
2026-01-29 21:23:40,0
2026-01-29 21:23:41,0
2026-01-29 21:23:42,0
2026-01-29 21:23:43,0
2026-01-29 21:23:44,0
2026-01-29 21:23:45,0
2026-01-29 21:23:46,0
2026-01-29 21:23:47,0
2026-01-29 21:23:48,0
2026-01-29 21:23:49,0
2026-01-29 21:23:50,0
2026-01-29 21:23:51,0
2026-01-29 21:23:52,0
2026-01-29 21:23:53,0
2026-01-29 21:23:54,0
2026-01-29 21:23:55,0
2026-01-29 21:23:56,0
2026-01-29 21:23:57,0
2026-01-29 21:23:58,0
2026-01-29 21:28:59,1.43
2026-01-29 21:29:00,1.43
2026-01-29 21:29:01,1.43
2026-01-29 21:29:02,1.43
2026-01-29 21:29:03,1.43
2026-01-29 21:29:04,7.60
2026-01-29 21:29:05,7.60
2026-01-29 21:29:06,7.60
2026-01-29 21:29:07,7.60
2026-01-29 21:29:08,7.60
2026-01-29 21:29:09,11.5
2026-01-29 21:29:10,11.5
2026-01-29 21:29:11,11.5
2026-01-29 21:29:12,11.5
2026-01-29 21:29:13,11.5
2026-01-29 21:29:14,7.90
2026-01-29 21:29:15,7.90
2026-01-29 21:29:16,7.90
2026-01-29 21:29:17,7.90
2026-01-29 21:29:18,7.90
2026-01-29 21:29:19,7.85
2026-01-29 21:29:20,7.85
2026-01-29 21:29:21,7.85
2026-01-29 21:29:22,7.85
2026-01-29 21:29:23,7.85
2026-01-29 21:29:24,7.97
2026-01-29 21:29:25,7.97
2026-01-29 21:29:26,7.97
2026-01-29 21:29:27,7.97
2026-01-29 21:29:28,7.97
2026-01-29 21:29:29,7.98
2026-01-29 21:29:30,7.98
2026-01-29 21:29:31,7.98
2026-01-29 21:29:32,7.98
2026-01-29 21:29:33,7.98
2026-01-29 21:29:34,7.76
2026-01-29 21:29:35,7.76
2026-01-29 21:29:36,7.76
2026-01-29 21:29:37,7.76
2026-01-29 21:29:38,7.76
2026-01-29 21:29:39,7.84
2026-01-29 21:29:40,7.84
2026-01-29 21:29:41,7.84
2026-01-29 21:29:42,7.84
2026-01-29 21:29:43,7.84
2026-01-29 21:29:44,7.88
2026-01-29 21:29:45,7.88
2026-01-29 21:29:46,7.88
2026-01-29 21:29:47,7.88
2026-01-29 21:29:48,7.88
2026-01-29 21:29:49,7.90
2026-01-29 21:29:50,7.90
2026-01-29 21:29:51,7.90
2026-01-29 21:29:52,7.90
2026-01-29 21:29:53,7.90
2026-01-29 21:29:54,7.84
2026-01-29 21:29:55,7.84
2026-01-29 21:29:56,7.84
2026-01-29 21:29:57,7.84
2026-01-29 21:29:58,7.84
2026-01-29 21:29:59,7.81
2026-01-29 21:30:00,7.81
2026-01-29 21:30:01,7.81
2026-01-29 21:30:02,7.81
2026-01-29 21:30:03,7.81
2026-01-29 21:30:04,7.84
2026-01-29 21:30:05,7.84
2026-01-29 21:30:06,7.84
2026-01-29 21:30:07,7.84
2026-01-29 21:30:08,7.84
2026-01-29 21:30:09,7.90
2026-01-29 21:30:10,7.90
2026-01-29 21:30:11,7.90
2026-01-29 21:30:12,7.90
2026-01-29 21:30:13,7.90
2026-01-29 21:30:14,7.87
2026-01-29 21:30:15,7.87
2026-01-29 21:30:16,7.87
2026-01-29 21:30:17,7.87
2026-01-29 21:30:18,7.87
2026-01-29 21:30:19,7.80
2026-01-29 21:30:20,7.80
2026-01-29 21:30:21,7.80
2026-01-29 21:30:22,7.80
2026-01-29 21:30:23,7.80
2026-01-29 21:30:24,7.92
2026-01-29 21:30:25,7.92
2026-01-29 21:30:26,7.92
2026-01-29 21:30:27,7.92
2026-01-29 21:30:28,7.92
2026-01-29 21:30:29,7.98
2026-01-29 21:30:30,7.98
2026-01-29 21:30:31,7.98
2026-01-29 21:30:32,7.98
2026-01-29 21:30:33,7.98
2026-01-29 21:30:34,7.89
2026-01-29 21:30:35,7.89
2026-01-29 21:30:36,7.89
2026-01-29 21:30:37,7.89
2026-01-29 21:30:38,7.89
2026-01-29 21:30:39,7.86
2026-01-29 21:30:40,7.86
2026-01-29 21:30:41,7.86
2026-01-29 21:30:42,7.86
2026-01-29 21:30:43,7.86
2026-01-29 21:30:44,7.83
2026-01-29 21:30:45,7.83
2026-01-29 21:30:46,7.83
2026-01-29 21:30:47,7.83
2026-01-29 21:30:48,7.83
2026-01-29 21:30:49,7.92
2026-01-29 21:30:50,7.92
2026-01-29 21:30:51,7.92
2026-01-29 21:30:52,7.92
2026-01-29 21:30:53,7.92
2026-01-29 21:30:54,7.92
2026-01-29 21:30:55,7.92
2026-01-29 21:30:56,7.92
2026-01-29 21:30:57,7.92
2026-01-29 21:30:58,7.92
2026-01-29 21:30:59,7.81
2026-01-29 21:31:00,7.81
2026-01-29 21:31:01,7.81
2026-01-29 21:31:02,7.81
2026-01-29 21:31:03,7.81
2026-01-29 21:31:04,10.0
2026-01-29 21:31:05,10.0
2026-01-29 21:31:06,10.0
2026-01-29 21:31:07,10.0
2026-01-29 21:31:08,10.0
2026-01-29 21:31:09,8.49
2026-01-29 21:31:10,8.49
2026-01-29 21:31:11,8.49
2026-01-29 21:31:12,8.49
2026-01-29 21:31:13,8.49
2026-01-29 21:31:14,7.55
2026-01-29 21:31:15,7.55
2026-01-29 21:31:16,7.55
2026-01-29 21:31:17,7.55
2026-01-29 21:31:18,7.55
2026-01-29 21:31:19,6.93
2026-01-29 21:31:20,6.93
2026-01-29 21:31:21,6.93
2026-01-29 21:31:22,6.93
2026-01-29 21:31:23,6.93
2026-01-29 21:31:24,7.67
2026-01-29 21:31:25,7.67
2026-01-29 21:31:26,7.67
2026-01-29 21:31:27,7.67
2026-01-29 21:31:28,7.67
2026-01-29 21:31:29,8.45
2026-01-29 21:31:30,8.45
2026-01-29 21:31:31,8.45
2026-01-29 21:31:32,8.45
2026-01-29 21:31:33,8.45
2026-01-29 21:31:34,10.2
2026-01-29 21:31:35,10.2
2026-01-29 21:31:36,10.2
2026-01-29 21:31:37,10.2
2026-01-29 21:31:38,10.2
2026-01-29 21:31:39,8.90
2026-01-29 21:31:40,8.90
2026-01-29 21:31:41,8.90
2026-01-29 21:31:42,8.90
2026-01-29 21:31:43,8.90
2026-01-29 21:31:44,7.64
2026-01-29 21:31:45,7.64
2026-01-29 21:31:46,7.64
2026-01-29 21:31:47,7.64
2026-01-29 21:31:48,7.64
2026-01-29 21:31:49,7.63
2026-01-29 21:31:50,7.63
2026-01-29 21:31:51,7.63
2026-01-29 21:31:52,7.63
2026-01-29 21:31:53,7.63
2026-01-29 21:31:54,7.75
2026-01-29 21:31:55,7.75
2026-01-29 21:31:56,7.75
2026-01-29 21:31:57,7.75
2026-01-29 21:31:58,7.75
2026-01-29 21:31:59,7.66
2026-01-29 21:32:00,7.66
2026-01-29 21:32:01,7.66
2026-01-29 21:32:02,7.66
2026-01-29 21:32:03,7.66
2026-01-29 21:32:04,7.61
2026-01-29 21:32:05,7.61
2026-01-29 21:32:06,7.61
2026-01-29 21:32:07,7.61
2026-01-29 21:32:08,7.61
2026-01-29 21:32:09,7.72
2026-01-29 21:32:10,7.72
2026-01-29 21:32:11,7.72
2026-01-29 21:32:12,7.72
2026-01-29 21:32:13,7.72
2026-01-29 21:32:14,0
2026-01-29 21:32:15,0
2026-01-29 21:32:16,0
2026-01-29 21:32:17,0
2026-01-29 21:32:18,0
2026-01-29 21:32:19,0
2026-01-29 21:32:20,0
2026-01-29 21:32:21,0
2026-01-29 21:32:22,0
2026-01-29 21:32:23,0
2026-01-29 21:32:24,0
2026-01-29 21:32:25,0
2026-01-29 21:32:26,0
2026-01-29 21:32:27,0
2026-01-29 21:32:28,0
2026-01-29 21:32:29,0
2026-01-29 21:32:30,0
2026-01-29 21:32:31,0
2026-01-29 21:32:32,0
2026-01-29 21:32:33,0
2026-01-29 21:32:34,0
2026-01-29 21:32:35,0
2026-01-29 21:32:36,0
2026-01-29 21:32:37,0
2026-01-29 21:32:38,0
2026-01-29 21:32:39,0
2026-01-29 21:32:40,0
2026-01-29 21:32:41,0
2026-01-29 21:32:42,0
2026-01-29 21:32:43,0
2026-01-29 21:32:44,0
2026-01-29 21:32:45,0
2026-01-29 21:32:46,0
2026-01-29 21:32:47,0
2026-01-29 21:32:48,0
2026-01-29 21:32:49,0
2026-01-29 21:32:50,0
2026-01-29 21:32:51,0
2026-01-29 21:32:52,0
2026-01-29 21:32:53,0
2026-01-29 21:32:54,0
2026-01-29 21:32:55,0
2026-01-29 21:32:56,0
2026-01-29 21:32:57,0
2026-01-29 21:32:58,0
2026-01-29 21:32:59,0
2026-01-29 21:33:00,0
2026-01-29 21:33:01,0
2026-01-29 21:33:02,0
2026-01-29 21:33:03,0
2026-01-29 21:33:04,0
2026-01-29 21:33:05,0
2026-01-29 21:33:06,0
2026-01-29 21:33:07,0
2026-01-29 21:33:08,0
2026-01-29 21:33:09,0
2026-01-29 21:33:10,0
2026-01-29 21:33:11,0
2026-01-29 21:33:12,0
2026-01-29 21:33:13,0
2026-01-29 21:33:14,0
2026-01-29 21:33:15,0
2026-01-29 21:33:16,0
2026-01-29 21:33:17,0
2026-01-29 21:33:18,0
2026-01-29 21:33:19,0
2026-01-29 21:33:20,0
2026-01-29 21:33:21,0
2026-01-29 21:33:22,0
2026-01-29 21:33:23,0
2026-01-29 21:33:24,0
2026-01-29 21:33:25,0
2026-01-29 21:33:26,0
2026-01-29 21:33:27,0
2026-01-29 21:33:28,0
2026-01-29 21:33:29,0
2026-01-29 21:33:30,0
2026-01-29 21:33:31,0
2026-01-29 21:33:32,0
2026-01-29 21:33:33,0
2026-01-29 21:33:34,0
2026-01-29 21:33:35,0
2026-01-29 21:33:36,0
2026-01-29 21:33:37,0
2026-01-29 21:33:38,0
2026-01-29 21:33:39,0
2026-01-29 21:33:40,0
2026-01-29 21:33:41,0
2026-01-29 21:33:42,0
2026-01-29 21:33:43,0
2026-01-29 21:33:44,0
2026-01-29 21:33:45,0
2026-01-29 21:33:46,0
2026-01-29 21:33:47,0
2026-01-29 21:33:48,0
2026-01-29 21:38:49,8.47
2026-01-29 21:38:50,8.47
2026-01-29 21:38:51,8.47
2026-01-29 21:38:52,8.47
2026-01-29 21:38:53,8.47
2026-01-29 21:38:54,10.1
2026-01-29 21:38:55,10.1
2026-01-29 21:38:56,10.1
2026-01-29 21:38:57,10.1
2026-01-29 21:38:58,10.1
2026-01-29 21:38:59,7.59
2026-01-29 21:39:00,7.59
2026-01-29 21:39:01,7.59
2026-01-29 21:39:02,7.59
2026-01-29 21:39:03,7.59
2026-01-29 21:39:04,9.49
2026-01-29 21:39:05,9.49
2026-01-29 21:39:06,9.49
2026-01-29 21:39:07,9.49
2026-01-29 21:39:08,9.49
2026-01-29 21:39:09,8.99
2026-01-29 21:39:10,8.99
2026-01-29 21:39:11,8.99
2026-01-29 21:39:12,8.99
2026-01-29 21:39:13,8.99
2026-01-29 21:39:14,8.79
2026-01-29 21:39:15,8.79
2026-01-29 21:39:16,8.79
2026-01-29 21:39:17,8.79
2026-01-29 21:39:18,8.79
2026-01-29 21:39:19,9.48
2026-01-29 21:39:20,9.48
2026-01-29 21:39:21,9.48
2026-01-29 21:39:22,9.48
2026-01-29 21:39:23,9.48
2026-01-29 21:39:24,9.15
2026-01-29 21:39:25,9.15
2026-01-29 21:39:26,9.15
2026-01-29 21:39:27,9.15
2026-01-29 21:39:28,9.15
2026-01-29 21:39:29,8.95
2026-01-29 21:39:30,8.95
2026-01-29 21:39:31,8.95
2026-01-29 21:39:32,8.95
2026-01-29 21:39:33,8.95
2026-01-29 21:39:34,8.90
2026-01-29 21:39:35,8.90
2026-01-29 21:39:36,8.90
2026-01-29 21:39:37,8.90
2026-01-29 21:39:38,8.90
2026-01-29 21:39:39,8.96
2026-01-29 21:39:40,8.96
2026-01-29 21:39:41,8.96
2026-01-29 21:39:42,8.96
2026-01-29 21:39:43,8.96
2026-01-29 21:39:44,9.15
2026-01-29 21:39:45,9.15
2026-01-29 21:39:46,9.15
2026-01-29 21:39:47,9.15
2026-01-29 21:39:48,9.15
2026-01-29 21:39:49,9.22
2026-01-29 21:39:50,9.22
2026-01-29 21:39:51,9.22
2026-01-29 21:39:52,9.22
2026-01-29 21:39:53,9.22
2026-01-29 21:39:54,8.86
2026-01-29 21:39:55,8.86
2026-01-29 21:39:56,8.86
2026-01-29 21:39:57,8.86
2026-01-29 21:39:58,8.86
2026-01-29 21:39:59,8.86
2026-01-29 21:40:00,8.86
2026-01-29 21:40:01,8.86
2026-01-29 21:40:02,8.86
2026-01-29 21:40:03,8.86
2026-01-29 21:40:04,9.30
2026-01-29 21:40:05,9.30
2026-01-29 21:40:06,9.30
2026-01-29 21:40:07,9.30
2026-01-29 21:40:08,9.30
2026-01-29 21:40:09,8.91
2026-01-29 21:40:10,8.91
2026-01-29 21:40:11,8.91
2026-01-29 21:40:12,8.91
2026-01-29 21:40:13,8.91
2026-01-29 21:40:14,8.66
2026-01-29 21:40:15,8.66
2026-01-29 21:40:16,8.66
2026-01-29 21:40:17,8.66
2026-01-29 21:40:18,8.66
2026-01-29 21:40:19,10.3
2026-01-29 21:40:20,10.3
2026-01-29 21:40:21,10.3
2026-01-29 21:40:22,10.3
2026-01-29 21:40:23,10.3
2026-01-29 21:40:24,8.64
2026-01-29 21:40:25,8.64
2026-01-29 21:40:26,8.64
2026-01-29 21:40:27,8.64
2026-01-29 21:40:28,8.64
2026-01-29 21:40:29,7.98
2026-01-29 21:40:30,7.98
2026-01-29 21:40:31,7.98
2026-01-29 21:40:32,7.98
2026-01-29 21:40:33,7.98
2026-01-29 21:40:34,8.13
2026-01-29 21:40:35,8.13
2026-01-29 21:40:36,8.13
2026-01-29 21:40:37,8.13
2026-01-29 21:40:38,8.13
2026-01-29 21:40:39,7.98
2026-01-29 21:40:40,7.98
2026-01-29 21:40:41,7.98
2026-01-29 21:40:42,7.98
2026-01-29 21:40:43,7.98
2026-01-29 21:40:44,8.03
2026-01-29 21:40:45,8.03
2026-01-29 21:40:46,8.03
2026-01-29 21:40:47,8.03
2026-01-29 21:40:48,8.03
2026-01-29 21:40:49,8.04
2026-01-29 21:40:50,8.04
2026-01-29 21:40:51,8.04
2026-01-29 21:40:52,8.04
2026-01-29 21:40:53,8.04
2026-01-29 21:40:54,8.08
2026-01-29 21:40:55,8.08
2026-01-29 21:40:56,8.08
2026-01-29 21:40:57,8.08
2026-01-29 21:40:58,8.08
2026-01-29 21:40:59,7.90
2026-01-29 21:41:00,7.90
2026-01-29 21:41:01,7.90
2026-01-29 21:41:02,7.90
2026-01-29 21:41:03,7.90
2026-01-29 21:41:04,8.26
2026-01-29 21:41:05,8.26
2026-01-29 21:41:06,8.26
2026-01-29 21:41:07,8.26
2026-01-29 21:41:08,8.26
2026-01-29 21:41:09,9.84
2026-01-29 21:41:10,9.84
2026-01-29 21:41:11,9.84
2026-01-29 21:41:12,9.84
2026-01-29 21:41:13,9.84
2026-01-29 21:41:14,6.69
2026-01-29 21:41:15,6.69
2026-01-29 21:41:16,6.69
2026-01-29 21:41:17,6.69
2026-01-29 21:41:18,6.69
2026-01-29 21:41:19,6.73
2026-01-29 21:41:20,6.73
2026-01-29 21:41:21,6.73
2026-01-29 21:41:22,6.73
2026-01-29 21:41:23,6.73
2026-01-29 21:41:24,6.98
2026-01-29 21:41:25,6.98
2026-01-29 21:41:26,6.98
2026-01-29 21:41:27,6.98
2026-01-29 21:41:28,6.98
2026-01-29 21:41:29,7.96
2026-01-29 21:41:30,7.96
2026-01-29 21:41:31,7.96
2026-01-29 21:41:32,7.96
2026-01-29 21:41:33,7.96
2026-01-29 21:41:34,6.67
2026-01-29 21:41:35,6.67
2026-01-29 21:41:36,6.67
2026-01-29 21:41:37,6.67
2026-01-29 21:41:38,6.67
2026-01-29 21:41:39,6.75
2026-01-29 21:41:40,6.75
2026-01-29 21:41:41,6.75
2026-01-29 21:41:42,6.75
2026-01-29 21:41:43,6.75
2026-01-29 21:41:44,6.84
2026-01-29 21:41:45,6.84
2026-01-29 21:41:46,6.84
2026-01-29 21:41:47,6.84
2026-01-29 21:41:48,6.84
2026-01-29 21:41:49,6.72
2026-01-29 21:41:50,6.72
2026-01-29 21:41:51,6.72
2026-01-29 21:41:52,6.72
2026-01-29 21:41:53,6.72
2026-01-29 21:41:54,6.73
2026-01-29 21:41:55,6.73
2026-01-29 21:41:56,6.73
2026-01-29 21:41:57,6.73
2026-01-29 21:41:58,6.73
2026-01-29 21:41:59,6.68
2026-01-29 21:42:00,6.68
2026-01-29 21:42:01,6.68
2026-01-29 21:42:02,6.68
2026-01-29 21:42:03,6.68
2026-01-29 21:42:04,0
2026-01-29 21:42:05,0
2026-01-29 21:42:06,0
2026-01-29 21:42:07,0
2026-01-29 21:42:08,0
2026-01-29 21:42:09,0
2026-01-29 21:42:10,0
2026-01-29 21:42:11,0
2026-01-29 21:42:12,0
2026-01-29 21:42:13,0
2026-01-29 21:42:14,0
2026-01-29 21:42:15,0
2026-01-29 21:42:16,0
2026-01-29 21:42:17,0
2026-01-29 21:42:18,0
2026-01-29 21:42:19,0
2026-01-29 21:42:20,0
2026-01-29 21:42:21,0
2026-01-29 21:42:22,0
2026-01-29 21:42:23,0
2026-01-29 21:42:24,0
2026-01-29 21:42:25,0
2026-01-29 21:42:26,0
2026-01-29 21:42:27,0
2026-01-29 21:42:28,0
2026-01-29 21:42:29,0
2026-01-29 21:42:30,0
2026-01-29 21:42:31,0
2026-01-29 21:42:32,0
2026-01-29 21:42:33,0
2026-01-29 21:42:34,0
2026-01-29 21:42:35,0
2026-01-29 21:42:36,0
2026-01-29 21:42:37,0
2026-01-29 21:42:38,0
2026-01-29 21:42:39,0
2026-01-29 21:42:40,0
2026-01-29 21:42:41,0
2026-01-29 21:42:42,0
2026-01-29 21:42:43,0
2026-01-29 21:42:44,0
2026-01-29 21:42:45,0
2026-01-29 21:42:46,0
2026-01-29 21:42:47,0
2026-01-29 21:42:48,0
2026-01-29 21:42:49,0
2026-01-29 21:42:50,0
2026-01-29 21:42:51,0
2026-01-29 21:42:52,0
2026-01-29 21:42:53,0
2026-01-29 21:42:54,0
2026-01-29 21:42:55,0
2026-01-29 21:42:56,0
2026-01-29 21:42:57,0
2026-01-29 21:42:58,0
2026-01-29 21:42:59,0
2026-01-29 21:43:00,0
2026-01-29 21:43:01,0
2026-01-29 21:43:02,0
2026-01-29 21:43:03,0
2026-01-29 21:43:04,0
2026-01-29 21:43:05,0
2026-01-29 21:43:06,0
2026-01-29 21:43:07,0
2026-01-29 21:43:08,0
2026-01-29 21:43:09,0
2026-01-29 21:43:10,0
2026-01-29 21:43:11,0
2026-01-29 21:43:12,0
2026-01-29 21:43:13,0
2026-01-29 21:43:14,0
2026-01-29 21:43:15,0
2026-01-29 21:43:16,0
2026-01-29 21:43:17,0
2026-01-29 21:43:18,0
2026-01-29 21:43:19,0
2026-01-29 21:43:20,0
2026-01-29 21:43:21,0
2026-01-29 21:43:22,0
2026-01-29 21:43:23,0
2026-01-29 21:43:24,0
2026-01-29 21:43:25,0
2026-01-29 21:43:26,0
2026-01-29 21:43:27,0
2026-01-29 21:43:28,0
2026-01-29 21:43:29,0
2026-01-29 21:43:30,0
2026-01-29 21:43:31,0
2026-01-29 21:43:32,0
2026-01-29 21:43:33,0
2026-01-29 21:43:34,0
2026-01-29 21:43:35,0
2026-01-29 21:43:36,0
2026-01-29 21:43:37,0
2026-01-29 21:43:38,0
2026-01-29 21:48:39,1.23
2026-01-29 21:48:40,1.23
2026-01-29 21:48:41,1.23
2026-01-29 21:48:42,1.23
2026-01-29 21:48:43,1.23
2026-01-29 21:48:44,6.41
2026-01-29 21:48:45,6.41
2026-01-29 21:48:46,6.41
2026-01-29 21:48:47,6.41
2026-01-29 21:48:48,6.41
2026-01-29 21:48:49,6.56
2026-01-29 21:48:50,6.56
2026-01-29 21:48:51,6.56
2026-01-29 21:48:52,6.56
2026-01-29 21:48:53,6.56
2026-01-29 21:48:54,7.38
2026-01-29 21:48:55,7.38
2026-01-29 21:48:56,7.38
2026-01-29 21:48:57,7.38
2026-01-29 21:48:58,7.38
2026-01-29 21:48:59,6.45
2026-01-29 21:49:00,6.45
2026-01-29 21:49:01,6.45
2026-01-29 21:49:02,6.45
2026-01-29 21:49:03,6.45
2026-01-29 21:49:04,6.55
2026-01-29 21:49:05,6.55
2026-01-29 21:49:06,6.55
2026-01-29 21:49:07,6.55
2026-01-29 21:49:08,6.55
2026-01-29 21:49:09,6.68
2026-01-29 21:49:10,6.68
2026-01-29 21:49:11,6.68
2026-01-29 21:49:12,6.68
2026-01-29 21:49:13,6.68
2026-01-29 21:49:14,6.45
2026-01-29 21:49:15,6.45
2026-01-29 21:49:16,6.45
2026-01-29 21:49:17,6.45
2026-01-29 21:49:18,6.45
2026-01-29 21:49:19,6.50
2026-01-29 21:49:20,6.50
2026-01-29 21:49:21,6.50
2026-01-29 21:49:22,6.50
2026-01-29 21:49:23,6.50
2026-01-29 21:49:24,8.57
2026-01-29 21:49:25,8.57
2026-01-29 21:49:26,8.57
2026-01-29 21:49:27,8.57
2026-01-29 21:49:28,8.57
2026-01-29 21:49:29,7.98
2026-01-29 21:49:30,7.98
2026-01-29 21:49:31,7.98
2026-01-29 21:49:32,7.98
2026-01-29 21:49:33,7.98
2026-01-29 21:49:34,7.73
2026-01-29 21:49:35,7.73
2026-01-29 21:49:36,7.73
2026-01-29 21:49:37,7.73
2026-01-29 21:49:38,7.73
2026-01-29 21:49:39,7.78
2026-01-29 21:49:40,7.78
2026-01-29 21:49:41,7.78
2026-01-29 21:49:42,7.78
2026-01-29 21:49:43,7.78
2026-01-29 21:49:44,7.66
2026-01-29 21:49:45,7.66
2026-01-29 21:49:46,7.66
2026-01-29 21:49:47,7.66
2026-01-29 21:49:48,7.66
2026-01-29 21:49:49,7.71
2026-01-29 21:49:50,7.71
2026-01-29 21:49:51,7.71
2026-01-29 21:49:52,7.71
2026-01-29 21:49:53,7.71
2026-01-29 21:49:54,7.76
2026-01-29 21:49:55,7.76
2026-01-29 21:49:56,7.76
2026-01-29 21:49:57,7.76
2026-01-29 21:49:58,7.76
2026-01-29 21:49:59,7.90
2026-01-29 21:50:00,7.90
2026-01-29 21:50:01,7.90
2026-01-29 21:50:02,7.90
2026-01-29 21:50:03,7.90
2026-01-29 21:50:04,7.87
2026-01-29 21:50:05,7.87
2026-01-29 21:50:06,7.87
2026-01-29 21:50:07,7.87
2026-01-29 21:50:08,7.87
2026-01-29 21:50:09,7.93
2026-01-29 21:50:10,7.93
2026-01-29 21:50:11,7.93
2026-01-29 21:50:12,7.93
2026-01-29 21:50:13,7.93
2026-01-29 21:50:14,7.84
2026-01-29 21:50:15,7.84
2026-01-29 21:50:16,7.84
2026-01-29 21:50:17,7.84
2026-01-29 21:50:18,7.84
2026-01-29 21:50:19,7.82
2026-01-29 21:50:20,7.82
2026-01-29 21:50:21,7.82
2026-01-29 21:50:22,7.82
2026-01-29 21:50:23,7.82
2026-01-29 21:50:24,7.85
2026-01-29 21:50:25,7.85
2026-01-29 21:50:26,7.85
2026-01-29 21:50:27,7.85
2026-01-29 21:50:28,7.85
2026-01-29 21:50:29,7.93
2026-01-29 21:50:30,7.93
2026-01-29 21:50:31,7.93
2026-01-29 21:50:32,7.93
2026-01-29 21:50:33,7.93
2026-01-29 21:50:34,7.77
2026-01-29 21:50:35,7.77
2026-01-29 21:50:36,7.77
2026-01-29 21:50:37,7.77
2026-01-29 21:50:38,7.77
2026-01-29 21:50:39,7.75
2026-01-29 21:50:40,7.75
2026-01-29 21:50:41,7.75
2026-01-29 21:50:42,7.75
2026-01-29 21:50:43,7.75
2026-01-29 21:50:44,7.78
2026-01-29 21:50:45,7.78
2026-01-29 21:50:46,7.78
2026-01-29 21:50:47,7.78
2026-01-29 21:50:48,7.78
2026-01-29 21:50:49,7.23
2026-01-29 21:50:50,7.23
2026-01-29 21:50:51,7.23
2026-01-29 21:50:52,7.23
2026-01-29 21:50:53,7.23
2026-01-29 21:50:54,9.29
2026-01-29 21:50:55,9.29
2026-01-29 21:50:56,9.29
2026-01-29 21:50:57,9.29
2026-01-29 21:50:58,9.29
2026-01-29 21:50:59,8.93
2026-01-29 21:51:00,8.93
2026-01-29 21:51:01,8.93
2026-01-29 21:51:02,8.93
2026-01-29 21:51:03,8.93
2026-01-29 21:51:04,10.4
2026-01-29 21:51:05,10.4
2026-01-29 21:51:06,10.4
2026-01-29 21:51:07,10.4
2026-01-29 21:51:08,10.4
2026-01-29 21:51:09,7.98
2026-01-29 21:51:10,7.98
2026-01-29 21:51:11,7.98
2026-01-29 21:51:12,7.98
2026-01-29 21:51:13,7.98
2026-01-29 21:51:14,7.92
2026-01-29 21:51:15,7.92
2026-01-29 21:51:16,7.92
2026-01-29 21:51:17,7.92
2026-01-29 21:51:18,7.92
2026-01-29 21:51:19,8.07
2026-01-29 21:51:20,8.07
2026-01-29 21:51:21,8.07
2026-01-29 21:51:22,8.07
2026-01-29 21:51:23,8.07
2026-01-29 21:51:24,8.00
2026-01-29 21:51:25,8.00
2026-01-29 21:51:26,8.00
2026-01-29 21:51:27,8.00
2026-01-29 21:51:28,8.00
2026-01-29 21:51:29,8.12
2026-01-29 21:51:30,8.12
2026-01-29 21:51:31,8.12
2026-01-29 21:51:32,8.12
2026-01-29 21:51:33,8.12
2026-01-29 21:51:34,7.80
2026-01-29 21:51:35,7.80
2026-01-29 21:51:36,7.80
2026-01-29 21:51:37,7.80
2026-01-29 21:51:38,7.80
2026-01-29 21:51:39,7.98
2026-01-29 21:51:40,7.98
2026-01-29 21:51:41,7.98
2026-01-29 21:51:42,7.98
2026-01-29 21:51:43,7.98
2026-01-29 21:51:44,7.83
2026-01-29 21:51:45,7.83
2026-01-29 21:51:46,7.83
2026-01-29 21:51:47,7.83
2026-01-29 21:51:48,7.83
2026-01-29 21:51:49,7.75
2026-01-29 21:51:50,7.75
2026-01-29 21:51:51,7.75
2026-01-29 21:51:52,7.75
2026-01-29 21:51:53,7.75
2026-01-29 21:51:54,0
2026-01-29 21:51:55,0
2026-01-29 21:51:56,0
2026-01-29 21:51:57,0
2026-01-29 21:51:58,0
2026-01-29 21:51:59,0
2026-01-29 21:52:00,0
2026-01-29 21:52:01,0
2026-01-29 21:52:02,0
2026-01-29 21:52:03,0
2026-01-29 21:52:04,0
2026-01-29 21:52:05,0
2026-01-29 21:52:06,0
2026-01-29 21:52:07,0
2026-01-29 21:52:08,0
2026-01-29 21:52:09,0
2026-01-29 21:52:10,0
2026-01-29 21:52:11,0
2026-01-29 21:52:12,0
2026-01-29 21:52:13,0
2026-01-29 21:52:14,0
2026-01-29 21:52:15,0
2026-01-29 21:52:16,0
2026-01-29 21:52:17,0
2026-01-29 21:52:18,0
2026-01-29 21:52:19,0
2026-01-29 21:52:20,0
2026-01-29 21:52:21,0
2026-01-29 21:52:22,0
2026-01-29 21:52:23,0
2026-01-29 21:52:24,0
2026-01-29 21:52:25,0
2026-01-29 21:52:26,0
2026-01-29 21:52:27,0
2026-01-29 21:52:28,0
2026-01-29 21:52:29,0
2026-01-29 21:52:30,0
2026-01-29 21:52:31,0
2026-01-29 21:52:32,0
2026-01-29 21:52:33,0
2026-01-29 21:52:34,0
2026-01-29 21:52:35,0
2026-01-29 21:52:36,0
2026-01-29 21:52:37,0
2026-01-29 21:52:38,0
2026-01-29 21:52:39,0
2026-01-29 21:52:40,0
2026-01-29 21:52:41,0
2026-01-29 21:52:42,0
2026-01-29 21:52:43,0
2026-01-29 21:52:44,0
2026-01-29 21:52:45,0
2026-01-29 21:52:46,0
2026-01-29 21:52:47,0
2026-01-29 21:52:48,0
2026-01-29 21:52:49,0
2026-01-29 21:52:50,0
2026-01-29 21:52:51,0
2026-01-29 21:52:52,0
2026-01-29 21:52:53,0
2026-01-29 21:52:54,0
2026-01-29 21:52:55,0
2026-01-29 21:52:56,0
2026-01-29 21:52:57,0
2026-01-29 21:52:58,0
2026-01-29 21:52:59,0
2026-01-29 21:53:00,0
2026-01-29 21:53:01,0
2026-01-29 21:53:02,0
2026-01-29 21:53:03,0
2026-01-29 21:53:04,0
2026-01-29 21:53:05,0
2026-01-29 21:53:06,0
2026-01-29 21:53:07,0
2026-01-29 21:53:08,0
2026-01-29 21:53:09,0
2026-01-29 21:53:10,0
2026-01-29 21:53:11,0
2026-01-29 21:53:12,0
2026-01-29 21:53:13,0
2026-01-29 21:53:14,0
2026-01-29 21:53:15,0
2026-01-29 21:53:16,0
2026-01-29 21:53:17,0
2026-01-29 21:53:18,0
2026-01-29 21:53:19,0
2026-01-29 21:53:20,0
2026-01-29 21:53:21,0
2026-01-29 21:53:22,0
2026-01-29 21:53:23,0
2026-01-29 21:53:24,0
2026-01-29 21:53:25,0
2026-01-29 21:53:26,0
2026-01-29 21:53:27,0
2026-01-29 21:53:28,0
2026-01-29 21:58:29,6.91
2026-01-29 21:58:30,6.91
2026-01-29 21:58:31,6.91
2026-01-29 21:58:32,6.91
2026-01-29 21:58:33,6.91
2026-01-29 21:58:34,8.40
2026-01-29 21:58:35,8.40
2026-01-29 21:58:36,8.40
2026-01-29 21:58:37,8.40
2026-01-29 21:58:38,8.40
2026-01-29 21:58:39,8.29
2026-01-29 21:58:40,8.29
2026-01-29 21:58:41,8.29
2026-01-29 21:58:42,8.29
2026-01-29 21:58:43,8.29
2026-01-29 21:58:44,7.74
2026-01-29 21:58:45,7.74
2026-01-29 21:58:46,7.74
2026-01-29 21:58:47,7.74
2026-01-29 21:58:48,7.74
2026-01-29 21:58:49,7.98
2026-01-29 21:58:50,7.98
2026-01-29 21:58:51,7.98
2026-01-29 21:58:52,7.98
2026-01-29 21:58:53,7.98
2026-01-29 21:58:54,7.65
2026-01-29 21:58:55,7.65
2026-01-29 21:58:56,7.65
2026-01-29 21:58:57,7.65
2026-01-29 21:58:58,7.65
2026-01-29 21:58:59,14.2
2026-01-29 21:59:00,14.2
2026-01-29 21:59:01,14.2
2026-01-29 21:59:02,14.2
2026-01-29 21:59:03,14.2
2026-01-29 21:59:04,11.3
2026-01-29 21:59:05,11.3
2026-01-29 21:59:06,11.3
2026-01-29 21:59:07,11.3
2026-01-29 21:59:08,11.3
2026-01-29 21:59:09,12.8
2026-01-29 21:59:10,12.8
2026-01-29 21:59:11,12.8
2026-01-29 21:59:12,12.8
2026-01-29 21:59:13,12.8
2026-01-29 21:59:14,9.94
2026-01-29 21:59:15,9.94
2026-01-29 21:59:16,9.94
2026-01-29 21:59:17,9.94