"Time","gnb-modulation"
2026-01-28 23:16:44,8.05
2026-01-28 23:16:45,8.05
2026-01-28 23:16:46,8.05
2026-01-28 23:16:47,8.05
2026-01-28 23:16:48,8.05
2026-01-28 23:16:49,8.79
2026-01-28 23:16:50,8.79
2026-01-28 23:16:51,8.79
2026-01-28 23:16:52,8.79
2026-01-28 23:16:53,8.79
2026-01-28 23:16:54,8.93
2026-01-28 23:16:55,8.93
2026-01-28 23:16:56,8.93
2026-01-28 23:16:57,8.93
2026-01-28 23:16:58,8.93
2026-01-28 23:16:59,8.54
2026-01-28 23:17:00,8.54
2026-01-28 23:17:01,8.54
2026-01-28 23:17:02,8.54
2026-01-28 23:17:03,8.54
2026-01-28 23:17:04,9.06
2026-01-28 23:17:05,9.06
2026-01-28 23:17:06,9.06
2026-01-28 23:17:07,9.06
2026-01-28 23:17:08,9.06
2026-01-28 23:17:09,7.75
2026-01-28 23:17:10,7.75
2026-01-28 23:17:11,7.75
2026-01-28 23:17:12,7.75
2026-01-28 23:17:13,7.75
2026-01-28 23:17:14,7.73
2026-01-28 23:17:15,7.73
2026-01-28 23:17:16,7.73
2026-01-28 23:17:17,7.73
2026-01-28 23:17:18,7.73
2026-01-28 23:17:19,7.67
2026-01-28 23:17:20,7.67
2026-01-28 23:17:21,7.67
2026-01-28 23:17:22,7.67
2026-01-28 23:17:23,7.67
2026-01-28 23:17:24,7.76
2026-01-28 23:17:25,7.76
2026-01-28 23:17:26,7.76
2026-01-28 23:17:27,7.76
2026-01-28 23:17:28,7.76
2026-01-28 23:17:29,7.73
2026-01-28 23:17:30,7.73
2026-01-28 23:17:31,7.73
2026-01-28 23:17:32,7.73
2026-01-28 23:17:33,7.73
2026-01-28 23:17:34,8.00
2026-01-28 23:17:35,8.00
2026-01-28 23:17:36,8.00
2026-01-28 23:17:37,8.00
2026-01-28 23:17:38,8.00
2026-01-28 23:17:39,7.63
2026-01-28 23:17:40,7.63
2026-01-28 23:17:41,7.63
2026-01-28 23:17:42,7.63
2026-01-28 23:17:43,7.63
2026-01-28 23:17:44,7.64
2026-01-28 23:17:45,7.64
2026-01-28 23:17:46,7.64
2026-01-28 23:17:47,7.64
2026-01-28 23:17:48,7.64
2026-01-28 23:17:49,7.70
2026-01-28 23:17:50,7.70
2026-01-28 23:17:51,7.70
2026-01-28 23:17:52,7.70
2026-01-28 23:17:53,7.70
2026-01-28 23:17:54,7.76
2026-01-28 23:17:55,7.76
2026-01-28 23:17:56,7.76
2026-01-28 23:17:57,7.76
2026-01-28 23:17:58,7.76
2026-01-28 23:17:59,7.80
2026-01-28 23:18:00,7.80
2026-01-28 23:18:01,7.80
2026-01-28 23:18:02,7.80
2026-01-28 23:18:03,7.80
2026-01-28 23:18:04,7.67
2026-01-28 23:18:05,7.67
2026-01-28 23:18:06,7.67
2026-01-28 23:18:07,7.67
2026-01-28 23:18:08,7.67
2026-01-28 23:18:09,7.71
2026-01-28 23:18:10,7.71
2026-01-28 23:18:11,7.71
2026-01-28 23:18:12,7.71
2026-01-28 23:18:13,7.71
2026-01-28 23:18:14,7.64
2026-01-28 23:18:15,7.64
2026-01-28 23:18:16,7.64
2026-01-28 23:18:17,7.64
2026-01-28 23:18:18,7.64
2026-01-28 23:18:19,7.61
2026-01-28 23:18:20,7.61
2026-01-28 23:18:21,7.61
2026-01-28 23:18:22,7.61
2026-01-28 23:18:23,7.61
2026-01-28 23:18:24,7.69
2026-01-28 23:18:25,7.69
2026-01-28 23:18:26,7.69
2026-01-28 23:18:27,7.69
2026-01-28 23:18:28,7.69
2026-01-28 23:18:29,7.69
2026-01-28 23:18:30,7.69
2026-01-28 23:18:31,7.69
2026-01-28 23:18:32,7.69
2026-01-28 23:18:33,7.69
2026-01-28 23:18:34,7.58
2026-01-28 23:18:35,7.58
2026-01-28 23:18:36,7.58
2026-01-28 23:18:37,7.58
2026-01-28 23:18:38,7.58
2026-01-28 23:18:39,9.37
2026-01-28 23:18:40,9.37
2026-01-28 23:18:41,9.37
2026-01-28 23:18:42,9.37
2026-01-28 23:18:43,9.37
2026-01-28 23:18:44,8.67
2026-01-28 23:18:45,8.67
2026-01-28 23:18:46,8.67
2026-01-28 23:18:47,8.67
2026-01-28 23:18:48,8.67
2026-01-28 23:18:49,8.78
2026-01-28 23:18:50,8.78
2026-01-28 23:18:51,8.78
2026-01-28 23:18:52,8.78
2026-01-28 23:18:53,8.78
2026-01-28 23:18:54,8.82
2026-01-28 23:18:55,8.82
2026-01-28 23:18:56,8.82
2026-01-28 23:18:57,8.82
2026-01-28 23:18:58,8.82
2026-01-28 23:18:59,0
2026-01-28 23:19:00,0
2026-01-28 23:19:01,0
2026-01-28 23:19:02,0
2026-01-28 23:19:03,0
2026-01-28 23:19:04,0
2026-01-28 23:19:05,0
2026-01-28 23:19:06,0
2026-01-28 23:19:07,0
2026-01-28 23:19:08,0
2026-01-28 23:19:09,0
2026-01-28 23:19:10,0
2026-01-28 23:19:11,0
2026-01-28 23:19:12,0
2026-01-28 23:19:13,0
2026-01-28 23:19:14,0
2026-01-28 23:19:15,0
2026-01-28 23:19:16,0
2026-01-28 23:19:17,0
2026-01-28 23:19:18,0
2026-01-28 23:19:19,0
2026-01-28 23:19:20,0
2026-01-28 23:19:21,0
2026-01-28 23:19:22,0
2026-01-28 23:19:23,0
2026-01-28 23:19:24,0
2026-01-28 23:19:25,0
2026-01-28 23:19:26,0
2026-01-28 23:19:27,0
2026-01-28 23:19:28,0
2026-01-28 23:19:29,0
2026-01-28 23:19:30,0
2026-01-28 23:19:31,0
2026-01-28 23:19:32,0
2026-01-28 23:19:33,0
2026-01-28 23:19:34,0
2026-01-28 23:19:35,0
2026-01-28 23:19:36,0
2026-01-28 23:19:37,0
2026-01-28 23:19:38,0
2026-01-28 23:19:39,0
2026-01-28 23:19:40,0
2026-01-28 23:19:41,0
2026-01-28 23:19:42,0
2026-01-28 23:19:43,0
2026-01-28 23:19:44,0
2026-01-28 23:19:45,0
2026-01-28 23:19:46,0
2026-01-28 23:19:47,0
2026-01-28 23:19:48,0
2026-01-28 23:19:49,0
2026-01-28 23:19:50,0
2026-01-28 23:19:51,0
2026-01-28 23:19:52,0
2026-01-28 23:19:53,0
2026-01-28 23:19:54,0
2026-01-28 23:19:55,0
2026-01-28 23:19:56,0
2026-01-28 23:19:57,0
2026-01-28 23:19:58,0
2026-01-28 23:19:59,0
2026-01-28 23:20:00,0
2026-01-28 23:20:01,0
2026-01-28 23:20:02,0
2026-01-28 23:20:03,0
2026-01-28 23:20:04,0
2026-01-28 23:20:05,0
2026-01-28 23:20:06,0
2026-01-28 23:20:07,0
2026-01-28 23:20:08,0
2026-01-28 23:20:09,0
2026-01-28 23:20:10,0
2026-01-28 23:20:11,0
2026-01-28 23:20:12,0
2026-01-28 23:20:13,0
2026-01-28 23:20:14,0
2026-01-28 23:20:15,0
2026-01-28 23:20:16,0
2026-01-28 23:20:17,0
2026-01-28 23:20:18,0
2026-01-28 23:20:19,0
2026-01-28 23:20:20,0
2026-01-28 23:20:21,0
2026-01-28 23:20:22,0
2026-01-28 23:20:23,0
2026-01-28 23:20:24,0
2026-01-28 23:20:25,0
2026-01-28 23:20:26,0
2026-01-28 23:20:27,0
2026-01-28 23:20:28,0
2026-01-28 23:20:29,0
2026-01-28 23:20:30,0
2026-01-28 23:20:31,0
2026-01-28 23:20:32,0
2026-01-28 23:20:33,0
2026-01-28 23:25:34,1.77
2026-01-28 23:25:35,1.77
2026-01-28 23:25:36,1.77
2026-01-28 23:25:37,1.77
2026-01-28 23:25:38,1.77
2026-01-28 23:25:39,7.17
2026-01-28 23:25:40,7.17
2026-01-28 23:25:41,7.17
2026-01-28 23:25:42,7.17
2026-01-28 23:25:43,7.17
2026-01-28 23:25:44,7.46
2026-01-28 23:25:45,7.46
2026-01-28 23:25:46,7.46
2026-01-28 23:25:47,7.46
2026-01-28 23:25:48,7.46
2026-01-28 23:25:49,8.42
2026-01-28 23:25:50,8.42
2026-01-28 23:25:51,8.42
2026-01-28 23:25:52,8.42
2026-01-28 23:25:53,8.42
2026-01-28 23:25:54,7.92
2026-01-28 23:25:55,7.92
2026-01-28 23:25:56,7.92
2026-01-28 23:25:57,7.92
2026-01-28 23:25:58,7.92
2026-01-28 23:25:59,8.89
2026-01-28 23:26:00,8.89
2026-01-28 23:26:01,8.89
2026-01-28 23:26:02,8.89
2026-01-28 23:26:03,8.89
2026-01-28 23:26:04,8.73
2026-01-28 23:26:05,8.73
2026-01-28 23:26:06,8.73
2026-01-28 23:26:07,8.73
2026-01-28 23:26:08,8.73
2026-01-28 23:26:09,8.66
2026-01-28 23:26:10,8.66
2026-01-28 23:26:11,8.66
2026-01-28 23:26:12,8.66
2026-01-28 23:26:13,8.66
2026-01-28 23:26:14,8.59
2026-01-28 23:26:15,8.59
2026-01-28 23:26:16,8.59
2026-01-28 23:26:17,8.59
2026-01-28 23:26:18,8.59
2026-01-28 23:26:19,8.66
2026-01-28 23:26:20,8.66
2026-01-28 23:26:21,8.66
2026-01-28 23:26:22,8.66
2026-01-28 23:26:23,8.66
2026-01-28 23:26:24,8.72
2026-01-28 23:26:25,8.72
2026-01-28 23:26:26,8.72
2026-01-28 23:26:27,8.72
2026-01-28 23:26:28,8.72
2026-01-28 23:26:29,8.59
2026-01-28 23:26:30,8.59
2026-01-28 23:26:31,8.59
2026-01-28 23:26:32,8.59
2026-01-28 23:26:33,8.59
2026-01-28 23:26:34,8.70
2026-01-28 23:26:35,8.70
2026-01-28 23:26:36,8.70
2026-01-28 23:26:37,8.70
2026-01-28 23:26:38,8.70
2026-01-28 23:26:39,8.92
2026-01-28 23:26:40,8.92
2026-01-28 23:26:41,8.92
2026-01-28 23:26:42,8.92
2026-01-28 23:26:43,8.92
2026-01-28 23:26:44,8.68
2026-01-28 23:26:45,8.68
2026-01-28 23:26:46,8.68
2026-01-28 23:26:47,8.68
2026-01-28 23:26:48,8.68
2026-01-28 23:26:49,8.46
2026-01-28 23:26:50,8.46
2026-01-28 23:26:51,8.46
2026-01-28 23:26:52,8.46
2026-01-28 23:26:53,8.46
2026-01-28 23:26:54,8.69
2026-01-28 23:26:55,8.69
2026-01-28 23:26:56,8.69
2026-01-28 23:26:57,8.69
2026-01-28 23:26:58,8.69
2026-01-28 23:26:59,8.60
2026-01-28 23:27:00,8.60
2026-01-28 23:27:01,8.60
2026-01-28 23:27:02,8.60
2026-01-28 23:27:03,8.60
2026-01-28 23:27:04,8.65
2026-01-28 23:27:05,8.65
2026-01-28 23:27:06,8.65
2026-01-28 23:27:07,8.65
2026-01-28 23:27:08,8.65
2026-01-28 23:27:09,7.90
2026-01-28 23:27:10,7.90
2026-01-28 23:27:11,7.90
2026-01-28 23:27:12,7.90
2026-01-28 23:27:13,7.90
2026-01-28 23:27:14,7.80
2026-01-28 23:27:15,7.80
2026-01-28 23:27:16,7.80
2026-01-28 23:27:17,7.80
2026-01-28 23:27:18,7.80
2026-01-28 23:27:19,7.83
2026-01-28 23:27:20,7.83
2026-01-28 23:27:21,7.83
2026-01-28 23:27:22,7.83
2026-01-28 23:27:23,7.83
2026-01-28 23:27:24,7.87
2026-01-28 23:27:25,7.87
2026-01-28 23:27:26,7.87
2026-01-28 23:27:27,7.87
2026-01-28 23:27:28,7.87
2026-01-28 23:27:29,7.84
2026-01-28 23:27:30,7.84
2026-01-28 23:27:31,7.84
2026-01-28 23:27:32,7.84
2026-01-28 23:27:33,7.84
2026-01-28 23:27:34,7.91
2026-01-28 23:27:35,7.91
2026-01-28 23:27:36,7.91
2026-01-28 23:27:37,7.91
2026-01-28 23:27:38,7.91
2026-01-28 23:27:39,8.18
2026-01-28 23:27:40,8.18
2026-01-28 23:27:41,8.18
2026-01-28 23:27:42,8.18
2026-01-28 23:27:43,8.18
2026-01-28 23:27:44,7.94
2026-01-28 23:27:45,7.94
2026-01-28 23:27:46,7.94
2026-01-28 23:27:47,7.94
2026-01-28 23:27:48,7.94
2026-01-28 23:27:49,7.83
2026-01-28 23:27:50,7.83
2026-01-28 23:27:51,7.83
2026-01-28 23:27:52,7.83
2026-01-28 23:27:53,7.83
2026-01-28 23:27:54,0
2026-01-28 23:27:55,0
2026-01-28 23:27:56,0
2026-01-28 23:27:57,0
2026-01-28 23:27:58,0
2026-01-28 23:27:59,0
2026-01-28 23:28:00,0
2026-01-28 23:28:01,0
2026-01-28 23:28:02,0
2026-01-28 23:28:03,0
2026-01-28 23:28:04,0
2026-01-28 23:28:05,0
2026-01-28 23:28:06,0
2026-01-28 23:28:07,0
2026-01-28 23:28:08,0
2026-01-28 23:28:09,0
2026-01-28 23:28:10,0
2026-01-28 23:28:11,0
2026-01-28 23:28:12,0
2026-01-28 23:28:13,0
2026-01-28 23:28:14,0
2026-01-28 23:28:15,0
2026-01-28 23:28:16,0
2026-01-28 23:28:17,0
2026-01-28 23:28:18,0
2026-01-28 23:28:19,0
2026-01-28 23:28:20,0
2026-01-28 23:28:21,0
2026-01-28 23:28:22,0
2026-01-28 23:28:23,0
2026-01-28 23:28:24,0
2026-01-28 23:28:25,0
2026-01-28 23:28:26,0
2026-01-28 23:28:27,0
2026-01-28 23:28:28,0
2026-01-28 23:28:29,0
2026-01-28 23:28:30,0
2026-01-28 23:28:31,0
2026-01-28 23:28:32,0
2026-01-28 23:28:33,0
2026-01-28 23:28:34,0
2026-01-28 23:28:35,0
2026-01-28 23:28:36,0
2026-01-28 23:28:37,0
2026-01-28 23:28:38,0
2026-01-28 23:28:39,0
2026-01-28 23:28:40,0
2026-01-28 23:28:41,0
2026-01-28 23:28:42,0
2026-01-28 23:28:43,0
2026-01-28 23:28:44,0
2026-01-28 23:28:45,0
2026-01-28 23:28:46,0
2026-01-28 23:28:47,0
2026-01-28 23:28:48,0
2026-01-28 23:28:49,0
2026-01-28 23:28:50,0
2026-01-28 23:28:51,0
2026-01-28 23:28:52,0
2026-01-28 23:28:53,0
2026-01-28 23:28:54,0
2026-01-28 23:28:55,0
2026-01-28 23:28:56,0
2026-01-28 23:28:57,0
2026-01-28 23:28:58,0
2026-01-28 23:28:59,0
2026-01-28 23:29:00,0
2026-01-28 23:29:01,0
2026-01-28 23:29:02,0
2026-01-28 23:29:03,0
2026-01-28 23:29:04,0
2026-01-28 23:29:05,0
2026-01-28 23:29:06,0
2026-01-28 23:29:07,0
2026-01-28 23:29:08,0
2026-01-28 23:29:09,0
2026-01-28 23:29:10,0
2026-01-28 23:29:11,0
2026-01-28 23:29:12,0
2026-01-28 23:29:13,0
2026-01-28 23:29:14,0
2026-01-28 23:29:15,0
2026-01-28 23:29:16,0
2026-01-28 23:29:17,0
2026-01-28 23:29:18,0
2026-01-28 23:29:19,0
2026-01-28 23:29:20,0
2026-01-28 23:29:21,0
2026-01-28 23:29:22,0
2026-01-28 23:29:23,0
2026-01-28 23:29:24,0
2026-01-28 23:29:25,0
2026-01-28 23:29:26,0
2026-01-28 23:29:27,0
2026-01-28 23:29:28,0
2026-01-28 23:34:24,7.25
2026-01-28 23:34:25,7.25
2026-01-28 23:34:26,7.25
2026-01-28 23:34:27,7.25
2026-01-28 23:34:28,7.25
2026-01-28 23:34:29,8.10
2026-01-28 23:34:30,8.10
2026-01-28 23:34:31,8.10
2026-01-28 23:34:32,8.10
2026-01-28 23:34:33,8.10
2026-01-28 23:34:34,7.96
2026-01-28 23:34:35,7.96
2026-01-28 23:34:36,7.96
2026-01-28 23:34:37,7.96
2026-01-28 23:34:38,7.96
2026-01-28 23:34:39,7.91
2026-01-28 23:34:40,7.91
2026-01-28 23:34:41,7.91
2026-01-28 23:34:42,7.91
2026-01-28 23:34:43,7.91
2026-01-28 23:34:44,8.25
2026-01-28 23:34:45,8.25
2026-01-28 23:34:46,8.25
2026-01-28 23:34:47,8.25
2026-01-28 23:34:48,8.25
2026-01-28 23:34:49,7.81
2026-01-28 23:34:50,7.81
2026-01-28 23:34:51,7.81
2026-01-28 23:34:52,7.81
2026-01-28 23:34:53,7.81
2026-01-28 23:34:54,9.13
2026-01-28 23:34:55,9.13
2026-01-28 23:34:56,9.13
2026-01-28 23:34:57,9.13
2026-01-28 23:34:58,9.13
2026-01-28 23:34:59,7.19
2026-01-28 23:35:00,7.19
2026-01-28 23:35:01,7.19
2026-01-28 23:35:02,7.19
2026-01-28 23:35:03,7.19
2026-01-28 23:35:04,7.14
2026-01-28 23:35:05,7.14
2026-01-28 23:35:06,7.14
2026-01-28 23:35:07,7.14
2026-01-28 23:35:08,7.14
2026-01-28 23:35:09,7.09
2026-01-28 23:35:10,7.09
2026-01-28 23:35:11,7.09
2026-01-28 23:35:12,7.09
2026-01-28 23:35:13,7.09
2026-01-28 23:35:14,7.03
2026-01-28 23:35:15,7.03
2026-01-28 23:35:16,7.03
2026-01-28 23:35:17,7.03
2026-01-28 23:35:18,7.03
2026-01-28 23:35:19,7.75
2026-01-28 23:35:20,7.75
2026-01-28 23:35:21,7.75
2026-01-28 23:35:22,7.75
2026-01-28 23:35:23,7.75
2026-01-28 23:35:24,7.12
2026-01-28 23:35:25,7.12
2026-01-28 23:35:26,7.12
2026-01-28 23:35:27,7.12
2026-01-28 23:35:28,7.12
2026-01-28 23:35:29,7.10
2026-01-28 23:35:30,7.10
2026-01-28 23:35:31,7.10
2026-01-28 23:35:32,7.10
2026-01-28 23:35:33,7.10
2026-01-28 23:35:34,7.01
2026-01-28 23:35:35,7.01
2026-01-28 23:35:36,7.01
2026-01-28 23:35:37,7.01
2026-01-28 23:35:38,7.01
2026-01-28 23:35:39,7.03
2026-01-28 23:35:40,7.03
2026-01-28 23:35:41,7.03
2026-01-28 23:35:42,7.03
2026-01-28 23:35:43,7.03
2026-01-28 23:35:44,7.39
2026-01-28 23:35:45,7.39
2026-01-28 23:35:46,7.39
2026-01-28 23:35:47,7.39
2026-01-28 23:35:48,7.39
2026-01-28 23:35:49,7.78
2026-01-28 23:35:50,7.78
2026-01-28 23:35:51,7.78
2026-01-28 23:35:52,7.78
2026-01-28 23:35:53,7.78
2026-01-28 23:35:54,7.38
2026-01-28 23:35:55,7.38
2026-01-28 23:35:56,7.38
2026-01-28 23:35:57,7.38
2026-01-28 23:35:58,7.38
2026-01-28 23:35:59,8.30
2026-01-28 23:36:00,8.30
2026-01-28 23:36:01,8.30
2026-01-28 23:36:02,8.30
2026-01-28 23:36:03,8.30
2026-01-28 23:36:04,7.98
2026-01-28 23:36:05,7.98
2026-01-28 23:36:06,7.98
2026-01-28 23:36:07,7.98
2026-01-28 23:36:08,7.98
2026-01-28 23:36:09,8.02
2026-01-28 23:36:10,8.02
2026-01-28 23:36:11,8.02
2026-01-28 23:36:12,8.02
2026-01-28 23:36:13,8.02
2026-01-28 23:36:14,7.87
2026-01-28 23:36:15,7.87
2026-01-28 23:36:16,7.87
2026-01-28 23:36:17,7.87
2026-01-28 23:36:18,7.87
2026-01-28 23:36:19,7.90
2026-01-28 23:36:20,7.90
2026-01-28 23:36:21,7.90
2026-01-28 23:36:22,7.90
2026-01-28 23:36:23,7.90
2026-01-28 23:36:24,7.92
2026-01-28 23:36:25,7.92
2026-01-28 23:36:26,7.92
2026-01-28 23:36:27,7.92
2026-01-28 23:36:28,7.92
2026-01-28 23:36:29,7.91
2026-01-28 23:36:30,7.91
2026-01-28 23:36:31,7.91
2026-01-28 23:36:32,7.91
2026-01-28 23:36:33,7.91
2026-01-28 23:36:34,7.90
2026-01-28 23:36:35,7.90
2026-01-28 23:36:36,7.90
2026-01-28 23:36:37,7.90
2026-01-28 23:36:38,7.90
2026-01-28 23:36:39,0
2026-01-28 23:36:40,0
2026-01-28 23:36:41,0
2026-01-28 23:36:42,0
2026-01-28 23:36:43,0
2026-01-28 23:36:44,0
2026-01-28 23:36:45,0
2026-01-28 23:36:46,0
2026-01-28 23:36:47,0
2026-01-28 23:36:48,0
2026-01-28 23:36:49,0
2026-01-28 23:36:50,0
2026-01-28 23:36:51,0
2026-01-28 23:36:52,0
2026-01-28 23:36:53,0
2026-01-28 23:36:54,0
2026-01-28 23:36:55,0
2026-01-28 23:36:56,0
2026-01-28 23:36:57,0
2026-01-28 23:36:58,0
2026-01-28 23:36:59,0
2026-01-28 23:37:00,0
2026-01-28 23:37:01,0
2026-01-28 23:37:02,0
2026-01-28 23:37:03,0
2026-01-28 23:37:04,0
2026-01-28 23:37:05,0
2026-01-28 23:37:06,0
2026-01-28 23:37:07,0
2026-01-28 23:37:08,0
2026-01-28 23:37:09,0
2026-01-28 23:37:10,0
2026-01-28 23:37:11,0
2026-01-28 23:37:12,0
2026-01-28 23:37:13,0
2026-01-28 23:37:14,0
2026-01-28 23:37:15,0
2026-01-28 23:37:16,0
2026-01-28 23:37:17,0
2026-01-28 23:37:18,0
2026-01-28 23:37:19,0
2026-01-28 23:37:20,0
2026-01-28 23:37:21,0
2026-01-28 23:37:22,0
2026-01-28 23:37:23,0
2026-01-28 23:37:24,0
2026-01-28 23:37:25,0
2026-01-28 23:37:26,0
2026-01-28 23:37:27,0
2026-01-28 23:37:28,0
2026-01-28 23:37:29,0
2026-01-28 23:37:30,0
2026-01-28 23:37:31,0
2026-01-28 23:37:32,0
2026-01-28 23:37:33,0
2026-01-28 23:37:34,0
2026-01-28 23:37:35,0
2026-01-28 23:37:36,0
2026-01-28 23:37:37,0
2026-01-28 23:37:38,0
2026-01-28 23:37:39,0
2026-01-28 23:37:40,0
2026-01-28 23:37:41,0
2026-01-28 23:37:42,0
2026-01-28 23:37:43,0
2026-01-28 23:37:44,0
2026-01-28 23:37:45,0
2026-01-28 23:37:46,0
2026-01-28 23:37:47,0
2026-01-28 23:37:48,0
2026-01-28 23:37:49,0
2026-01-28 23:37:50,0
2026-01-28 23:37:51,0
2026-01-28 23:37:52,0
2026-01-28 23:37:53,0
2026-01-28 23:37:54,0
2026-01-28 23:37:55,0
2026-01-28 23:37:56,0
2026-01-28 23:37:57,0
2026-01-28 23:37:58,0
2026-01-28 23:37:59,0
2026-01-28 23:38:00,0
2026-01-28 23:38:01,0
2026-01-28 23:38:02,0
2026-01-28 23:38:03,0
2026-01-28 23:38:04,0
2026-01-28 23:38:05,0
2026-01-28 23:38:06,0
2026-01-28 23:38:07,0
2026-01-28 23:38:08,0
2026-01-28 23:38:09,0
2026-01-28 23:38:10,0
2026-01-28 23:38:11,0
2026-01-28 23:38:12,0
2026-01-28 23:38:13,0
2026-01-28 23:43:19,8.55
2026-01-28 23:43:20,8.55
2026-01-28 23:43:21,8.55
2026-01-28 23:43:22,8.55
2026-01-28 23:43:23,8.55
2026-01-28 23:43:24,9.10
2026-01-28 23:43:25,9.10
2026-01-28 23:43:26,9.10
2026-01-28 23:43:27,9.10
2026-01-28 23:43:28,9.10
2026-01-28 23:43:29,8.85
2026-01-28 23:43:30,8.85
2026-01-28 23:43:31,8.85
2026-01-28 23:43:32,8.85
2026-01-28 23:43:33,8.85
2026-01-28 23:43:34,8.75
2026-01-28 23:43:35,8.75
2026-01-28 23:43:36,8.75
2026-01-28 23:43:37,8.75
2026-01-28 23:43:38,8.75
2026-01-28 23:43:39,8.76
2026-01-28 23:43:40,8.76
2026-01-28 23:43:41,8.76
2026-01-28 23:43:42,8.76
2026-01-28 23:43:43,8.76
2026-01-28 23:43:44,8.99
2026-01-28 23:43:45,8.99
2026-01-28 23:43:46,8.99
2026-01-28 23:43:47,8.99
2026-01-28 23:43:48,8.99
2026-01-28 23:43:49,8.87
2026-01-28 23:43:50,8.87
2026-01-28 23:43:51,8.87
2026-01-28 23:43:52,8.87
2026-01-28 23:43:53,8.87
2026-01-28 23:43:54,8.70
2026-01-28 23:43:55,8.70
2026-01-28 23:43:56,8.70
2026-01-28 23:43:57,8.70
2026-01-28 23:43:58,8.70
2026-01-28 23:43:59,9.11
2026-01-28 23:44:00,9.11
2026-01-28 23:44:01,9.11
2026-01-28 23:44:02,9.11
2026-01-28 23:44:03,9.11
2026-01-28 23:44:04,8.17
2026-01-28 23:44:05,8.17
2026-01-28 23:44:06,8.17
2026-01-28 23:44:07,8.17
2026-01-28 23:44:08,8.17
2026-01-28 23:44:09,8.13
2026-01-28 23:44:10,8.13
2026-01-28 23:44:11,8.13
2026-01-28 23:44:12,8.13
2026-01-28 23:44:13,8.13
2026-01-28 23:44:14,7.96
2026-01-28 23:44:15,7.96
2026-01-28 23:44:16,7.96
2026-01-28 23:44:17,7.96
2026-01-28 23:44:18,7.96
2026-01-28 23:44:19,8.33
2026-01-28 23:44:20,8.33
2026-01-28 23:44:21,8.33
2026-01-28 23:44:22,8.33
2026-01-28 23:44:23,8.33
2026-01-28 23:44:24,7.90
2026-01-28 23:44:25,7.90
2026-01-28 23:44:26,7.90
2026-01-28 23:44:27,7.90
2026-01-28 23:44:28,7.90
2026-01-28 23:44:29,8.39
2026-01-28 23:44:30,8.39
2026-01-28 23:44:31,8.39
2026-01-28 23:44:32,8.39
2026-01-28 23:44:33,8.39
2026-01-28 23:44:34,7.12
2026-01-28 23:44:35,7.12
2026-01-28 23:44:36,7.12
2026-01-28 23:44:37,7.12
2026-01-28 23:44:38,7.12
2026-01-28 23:44:39,7.24
2026-01-28 23:44:40,7.24
2026-01-28 23:44:41,7.24
2026-01-28 23:44:42,7.24
2026-01-28 23:44:43,7.24
2026-01-28 23:44:44,7.36
2026-01-28 23:44:45,7.36
2026-01-28 23:44:46,7.36
2026-01-28 23:44:47,7.36
2026-01-28 23:44:48,7.36
2026-01-28 23:44:49,7.34
2026-01-28 23:44:50,7.34
2026-01-28 23:44:51,7.34
2026-01-28 23:44:52,7.34
2026-01-28 23:44:53,7.34
2026-01-28 23:44:54,7.10
2026-01-28 23:44:55,7.10
2026-01-28 23:44:56,7.10
2026-01-28 23:44:57,7.10
2026-01-28 23:44:58,7.10
2026-01-28 23:44:59,9.25
2026-01-28 23:45:00,9.25
2026-01-28 23:45:01,9.25
2026-01-28 23:45:02,9.25
2026-01-28 23:45:03,9.25
2026-01-28 23:45:04,5.97
2026-01-28 23:45:05,5.97
2026-01-28 23:45:06,5.97
2026-01-28 23:45:07,5.97
2026-01-28 23:45:08,5.97
2026-01-28 23:45:09,6.21
2026-01-28 23:45:10,6.21
2026-01-28 23:45:11,6.21
2026-01-28 23:45:12,6.21
2026-01-28 23:45:13,6.21
2026-01-28 23:45:14,5.95
2026-01-28 23:45:15,5.95
2026-01-28 23:45:16,5.95
2026-01-28 23:45:17,5.95
2026-01-28 23:45:18,5.95
2026-01-28 23:45:19,6.01
2026-01-28 23:45:20,6.01
2026-01-28 23:45:21,6.01
2026-01-28 23:45:22,6.01
2026-01-28 23:45:23,6.01
2026-01-28 23:45:24,5.90
2026-01-28 23:45:25,5.90
2026-01-28 23:45:26,5.90
2026-01-28 23:45:27,5.90
2026-01-28 23:45:28,5.90
2026-01-28 23:45:29,5.86
2026-01-28 23:45:30,5.86
2026-01-28 23:45:31,5.86
2026-01-28 23:45:32,5.86
2026-01-28 23:45:33,5.86
2026-01-28 23:45:34,0
2026-01-28 23:45:35,0
2026-01-28 23:45:36,0
2026-01-28 23:45:37,0
2026-01-28 23:45:38,0
2026-01-28 23:45:39,0
2026-01-28 23:45:40,0
2026-01-28 23:45:41,0
2026-01-28 23:45:42,0
2026-01-28 23:45:43,0
2026-01-28 23:45:44,0
2026-01-28 23:45:45,0
2026-01-28 23:45:46,0
2026-01-28 23:45:47,0
2026-01-28 23:45:48,0
2026-01-28 23:45:49,0
2026-01-28 23:45:50,0
2026-01-28 23:45:51,0
2026-01-28 23:45:52,0
2026-01-28 23:45:53,0
2026-01-28 23:45:54,0
2026-01-28 23:45:55,0
2026-01-28 23:45:56,0
2026-01-28 23:45:57,0
2026-01-28 23:45:58,0
2026-01-28 23:45:59,0
2026-01-28 23:46:00,0
2026-01-28 23:46:01,0
2026-01-28 23:46:02,0
2026-01-28 23:46:03,0
2026-01-28 23:46:04,0
2026-01-28 23:46:05,0
2026-01-28 23:46:06,0
2026-01-28 23:46:07,0
2026-01-28 23:46:08,0
2026-01-28 23:46:09,0
2026-01-28 23:46:10,0
2026-01-28 23:46:11,0
2026-01-28 23:46:12,0
2026-01-28 23:46:13,0
2026-01-28 23:46:14,0
2026-01-28 23:46:15,0
2026-01-28 23:46:16,0
2026-01-28 23:46:17,0
2026-01-28 23:46:18,0
2026-01-28 23:46:19,0
2026-01-28 23:46:20,0
2026-01-28 23:46:21,0
2026-01-28 23:46:22,0
2026-01-28 23:46:23,0
2026-01-28 23:46:24,0
2026-01-28 23:46:25,0
2026-01-28 23:46:26,0
2026-01-28 23:46:27,0
2026-01-28 23:46:28,0
2026-01-28 23:46:29,0
2026-01-28 23:46:30,0
2026-01-28 23:46:31,0
2026-01-28 23:46:32,0
2026-01-28 23:46:33,0
2026-01-28 23:46:34,0
2026-01-28 23:46:35,0
2026-01-28 23:46:36,0
2026-01-28 23:46:37,0
2026-01-28 23:46:38,0
2026-01-28 23:46:39,0
2026-01-28 23:46:40,0
2026-01-28 23:46:41,0
2026-01-28 23:46:42,0
2026-01-28 23:46:43,0
2026-01-28 23:46:44,0
2026-01-28 23:46:45,0
2026-01-28 23:46:46,0
2026-01-28 23:46:47,0
2026-01-28 23:46:48,0
2026-01-28 23:46:49,0
2026-01-28 23:46:50,0
2026-01-28 23:46:51,0
2026-01-28 23:46:52,0
2026-01-28 23:46:53,0
2026-01-28 23:46:54,0
2026-01-28 23:46:55,0
2026-01-28 23:46:56,0
2026-01-28 23:46:57,0
2026-01-28 23:46:58,0
2026-01-28 23:46:59,0
2026-01-28 23:47:00,0
2026-01-28 23:47:01,0
2026-01-28 23:47:02,0
2026-01-28 23:47:03,0
2026-01-28 23:47:04,0
2026-01-28 23:47:05,0
2026-01-28 23:47:06,0
2026-01-28 23:47:07,0
2026-01-28 23:47:08,0
2026-01-28 23:52:04,6.91
2026-01-28 23:52:05,6.91
2026-01-28 23:52:06,6.91
2026-01-28 23:52:07,6.91
2026-01-28 23:52:08,6.91
2026-01-28 23:52:09,8.87
2026-01-28 23:52:10,8.87
2026-01-28 23:52:11,8.87
2026-01-28 23:52:12,8.87
2026-01-28 23:52:13,8.87
2026-01-28 23:52:14,7.90
2026-01-28 23:52:15,7.90
2026-01-28 23:52:16,7.90
2026-01-28 23:52:17,7.90
2026-01-28 23:52:18,7.90
2026-01-28 23:52:19,7.98
2026-01-28 23:52:20,7.98
2026-01-28 23:52:21,7.98
2026-01-28 23:52:22,7.98
2026-01-28 23:52:23,7.98
2026-01-28 23:52:24,7.91
2026-01-28 23:52:25,7.91
2026-01-28 23:52:26,7.91
2026-01-28 23:52:27,7.91
2026-01-28 23:52:28,7.91
2026-01-28 23:52:29,8.19
2026-01-28 23:52:30,8.19
2026-01-28 23:52:31,8.19
2026-01-28 23:52:32,8.19
2026-01-28 23:52:33,8.19
2026-01-28 23:52:34,8.04
2026-01-28 23:52:35,8.04
2026-01-28 23:52:36,8.04
2026-01-28 23:52:37,8.04
2026-01-28 23:52:38,8.04
2026-01-28 23:52:39,7.97
2026-01-28 23:52:40,7.97
2026-01-28 23:52:41,7.97
2026-01-28 23:52:42,7.97
2026-01-28 23:52:43,7.97
2026-01-28 23:52:44,8.30
2026-01-28 23:52:45,8.30
2026-01-28 23:52:46,8.30
2026-01-28 23:52:47,8.30
2026-01-28 23:52:48,8.30
2026-01-28 23:52:49,8.11
2026-01-28 23:52:50,8.11
2026-01-28 23:52:51,8.11
2026-01-28 23:52:52,8.11
2026-01-28 23:52:53,8.11
2026-01-28 23:52:54,8.11
2026-01-28 23:52:55,8.11
2026-01-28 23:52:56,8.11
2026-01-28 23:52:57,8.11
2026-01-28 23:52:58,8.11
2026-01-28 23:52:59,8.04
2026-01-28 23:53:00,8.04
2026-01-28 23:53:01,8.04
2026-01-28 23:53:02,8.04
2026-01-28 23:53:03,8.04
2026-01-28 23:53:04,7.92
2026-01-28 23:53:05,7.92
2026-01-28 23:53:06,7.92
2026-01-28 23:53:07,7.92
2026-01-28 23:53:08,7.92
2026-01-28 23:53:09,8.08
2026-01-28 23:53:10,8.08
2026-01-28 23:53:11,8.08
2026-01-28 23:53:12,8.08
2026-01-28 23:53:13,8.08
2026-01-28 23:53:14,8.02
2026-01-28 23:53:15,8.02
2026-01-28 23:53:16,8.02
2026-01-28 23:53:17,8.02
2026-01-28 23:53:18,8.02
2026-01-28 23:53:19,9.16
2026-01-28 23:53:20,9.16
2026-01-28 23:53:21,9.16
2026-01-28 23:53:22,9.16
2026-01-28 23:53:23,9.16
2026-01-28 23:53:24,8.65
2026-01-28 23:53:25,8.65
2026-01-28 23:53:26,8.65
2026-01-28 23:53:27,8.65
2026-01-28 23:53:28,8.65
2026-01-28 23:53:29,8.97
2026-01-28 23:53:30,8.97
2026-01-28 23:53:31,8.97
2026-01-28 23:53:32,8.97
2026-01-28 23:53:33,8.97
2026-01-28 23:53:34,8.78
2026-01-28 23:53:35,8.78
2026-01-28 23:53:36,8.78
2026-01-28 23:53:37,8.78
2026-01-28 23:53:38,8.78
2026-01-28 23:53:39,8.72
2026-01-28 23:53:40,8.72
2026-01-28 23:53:41,8.72
2026-01-28 23:53:42,8.72
2026-01-28 23:53:43,8.72
2026-01-28 23:53:44,9.07
2026-01-28 23:53:45,9.07
2026-01-28 23:53:46,9.07
2026-01-28 23:53:47,9.07
2026-01-28 23:53:48,9.07
2026-01-28 23:53:49,8.98
2026-01-28 23:53:50,8.98
2026-01-28 23:53:51,8.98
2026-01-28 23:53:52,8.98
2026-01-28 23:53:53,8.98
2026-01-28 23:53:54,8.75
2026-01-28 23:53:55,8.75
2026-01-28 23:53:56,8.75
2026-01-28 23:53:57,8.75
2026-01-28 23:53:58,8.75
2026-01-28 23:53:59,8.72
2026-01-28 23:54:00,8.72
2026-01-28 23:54:01,8.72
2026-01-28 23:54:02,8.72
2026-01-28 23:54:03,8.72
2026-01-28 23:54:04,8.80
2026-01-28 23:54:05,8.80
2026-01-28 23:54:06,8.80
2026-01-28 23:54:07,8.80
2026-01-28 23:54:08,8.80
2026-01-28 23:54:09,8.82
2026-01-28 23:54:10,8.82
2026-01-28 23:54:11,8.82
2026-01-28 23:54:12,8.82
2026-01-28 23:54:13,8.82
2026-01-28 23:54:14,8.89
2026-01-28 23:54:15,8.89
2026-01-28 23:54:16,8.89
2026-01-28 23:54:17,8.89
2026-01-28 23:54:18,8.89
2026-01-28 23:54:19,0
2026-01-28 23:54:20,0
2026-01-28 23:54:21,0
2026-01-28 23:54:22,0
2026-01-28 23:54:23,0
2026-01-28 23:54:24,0
2026-01-28 23:54:25,0
2026-01-28 23:54:26,0
2026-01-28 23:54:27,0
2026-01-28 23:54:28,0
2026-01-28 23:54:29,0
2026-01-28 23:54:30,0
2026-01-28 23:54:31,0
2026-01-28 23:54:32,0
2026-01-28 23:54:33,0
2026-01-28 23:54:34,0
2026-01-28 23:54:35,0
2026-01-28 23:54:36,0
2026-01-28 23:54:37,0
2026-01-28 23:54:38,0
2026-01-28 23:54:39,0
2026-01-28 23:54:40,0
2026-01-28 23:54:41,0
2026-01-28 23:54:42,0
2026-01-28 23:54:43,0
2026-01-28 23:54:44,0
2026-01-28 23:54:45,0
2026-01-28 23:54:46,0
2026-01-28 23:54:47,0
2026-01-28 23:54:48,0
2026-01-28 23:54:49,0
2026-01-28 23:54:50,0
2026-01-28 23:54:51,0
2026-01-28 23:54:52,0
2026-01-28 23:54:53,0
2026-01-28 23:54:54,0
2026-01-28 23:54:55,0
2026-01-28 23:54:56,0
2026-01-28 23:54:57,0
2026-01-28 23:54:58,0
2026-01-28 23:54:59,0
2026-01-28 23:55:00,0
2026-01-28 23:55:01,0
2026-01-28 23:55:02,0
2026-01-28 23:55:03,0
2026-01-28 23:55:04,0
2026-01-28 23:55:05,0
2026-01-28 23:55:06,0
2026-01-28 23:55:07,0
2026-01-28 23:55:08,0
2026-01-28 23:55:09,0
2026-01-28 23:55:10,0
2026-01-28 23:55:11,0
2026-01-28 23:55:12,0
2026-01-28 23:55:13,0
2026-01-28 23:55:14,0
2026-01-28 23:55:15,0
2026-01-28 23:55:16,0
2026-01-28 23:55:17,0
2026-01-28 23:55:18,0
2026-01-28 23:55:19,0
2026-01-28 23:55:20,0
2026-01-28 23:55:21,0
2026-01-28 23:55:22,0
2026-01-28 23:55:23,0
2026-01-28 23:55:24,0
2026-01-28 23:55:25,0
2026-01-28 23:55:26,0
2026-01-28 23:55:27,0
2026-01-28 23:55:28,0
2026-01-28 23:55:29,0
2026-01-28 23:55:30,0
2026-01-28 23:55:31,0
2026-01-28 23:55:32,0
2026-01-28 23:55:33,0
2026-01-28 23:55:34,0
2026-01-28 23:55:35,0
2026-01-28 23:55:36,0
2026-01-28 23:55:37,0
2026-01-28 23:55:38,0
2026-01-28 23:55:39,0
2026-01-28 23:55:40,0
2026-01-28 23:55:41,0
2026-01-28 23:55:42,0
2026-01-28 23:55:43,0
2026-01-28 23:55:44,0
2026-01-28 23:55:45,0
2026-01-28 23:55:46,0
2026-01-28 23:55:47,0
2026-01-28 23:55:48,0
2026-01-28 23:55:49,0
2026-01-28 23:55:50,0
2026-01-28 23:55:51,0
2026-01-28 23:55:52,0
2026-01-28 23:55:53,0
2026-01-29 00:00:59,5.65
2026-01-29 00:01:00,5.65
2026-01-29 00:01:01,5.65
2026-01-29 00:01:02,5.65
2026-01-29 00:01:03,5.65
2026-01-29 00:01:04,7.09
2026-01-29 00:01:05,7.09
2026-01-29 00:01:06,7.09
2026-01-29 00:01:07,7.09
2026-01-29 00:01:08,7.09
2026-01-29 00:01:09,6.79
2026-01-29 00:01:10,6.79
2026-01-29 00:01:11,6.79
2026-01-29 00:01:12,6.79
2026-01-29 00:01:13,6.79
2026-01-29 00:01:14,6.81
2026-01-29 00:01:15,6.81
2026-01-29 00:01:16,6.81
2026-01-29 00:01:17,6.81
2026-01-29 00:01:18,6.81
2026-01-29 00:01:19,6.52
2026-01-29 00:01:20,6.52
2026-01-29 00:01:21,6.52
2026-01-29 00:01:22,6.52
2026-01-29 00:01:23,6.52
2026-01-29 00:01:24,8.18
2026-01-29 00:01:25,8.18
2026-01-29 00:01:26,8.18
2026-01-29 00:01:27,8.18
2026-01-29 00:01:28,8.18
2026-01-29 00:01:29,7.81
2026-01-29 00:01:30,7.81
2026-01-29 00:01:31,7.81
2026-01-29 00:01:32,7.81
2026-01-29 00:01:33,7.81
2026-01-29 00:01:34,8.01
2026-01-29 00:01:35,8.01
2026-01-29 00:01:36,8.01
2026-01-29 00:01:37,8.01
2026-01-29 00:01:38,8.01
2026-01-29 00:01:39,7.89
2026-01-29 00:01:40,7.89
2026-01-29 00:01:41,7.89
2026-01-29 00:01:42,7.89
2026-01-29 00:01:43,7.89
2026-01-29 00:01:44,7.90
2026-01-29 00:01:45,7.90
2026-01-29 00:01:46,7.90
2026-01-29 00:01:47,7.90
2026-01-29 00:01:48,7.90
2026-01-29 00:01:49,7.92
2026-01-29 00:01:50,7.92
2026-01-29 00:01:51,7.92
2026-01-29 00:01:52,7.92
2026-01-29 00:01:53,7.92
2026-01-29 00:01:54,8.16
2026-01-29 00:01:55,8.16
2026-01-29 00:01:56,8.16
2026-01-29 00:01:57,8.16
2026-01-29 00:01:58,8.16
2026-01-29 00:01:59,7.85
2026-01-29 00:02:00,7.85
2026-01-29 00:02:01,7.85
2026-01-29 00:02:02,7.85
2026-01-29 00:02:03,7.85
2026-01-29 00:02:04,7.80
2026-01-29 00:02:05,7.80
2026-01-29 00:02:06,7.80
2026-01-29 00:02:07,7.80
2026-01-29 00:02:08,7.80
2026-01-29 00:02:09,7.78
2026-01-29 00:02:10,7.78
2026-01-29 00:02:11,7.78
2026-01-29 00:02:12,7.78
2026-01-29 00:02:13,7.78
2026-01-29 00:02:14,7.87
2026-01-29 00:02:15,7.87
2026-01-29 00:02:16,7.87
2026-01-29 00:02:17,7.87
2026-01-29 00:02:18,7.87
2026-01-29 00:02:19,7.77
2026-01-29 00:02:20,7.77
2026-01-29 00:02:21,7.77
2026-01-29 00:02:22,7.77
2026-01-29 00:02:23,7.77
2026-01-29 00:02:24,7.84
2026-01-29 00:02:25,7.84
2026-01-29 00:02:26,7.84
2026-01-29 00:02:27,7.84
2026-01-29 00:02:28,7.84
2026-01-29 00:02:29,7.85
2026-01-29 00:02:30,7.85
2026-01-29 00:02:31,7.85
2026-01-29 00:02:32,7.85
2026-01-29 00:02:33,7.85
2026-01-29 00:02:34,8.01
2026-01-29 00:02:35,8.01
2026-01-29 00:02:36,8.01
2026-01-29 00:02:37,8.01
2026-01-29 00:02:38,8.01
2026-01-29 00:02:39,7.77
2026-01-29 00:02:40,7.77
2026-01-29 00:02:41,7.77
2026-01-29 00:02:42,7.77
2026-01-29 00:02:43,7.77
2026-01-29 00:02:44,7.66
2026-01-29 00:02:45,7.66
2026-01-29 00:02:46,7.66
2026-01-29 00:02:47,7.66
2026-01-29 00:02:48,7.66
2026-01-29 00:02:49,7.85
2026-01-29 00:02:50,7.85
2026-01-29 00:02:51,7.85
2026-01-29 00:02:52,7.85
2026-01-29 00:02:53,7.85
2026-01-29 00:02:54,9.25
2026-01-29 00:02:55,9.25
2026-01-29 00:02:56,9.25
2026-01-29 00:02:57,9.25
2026-01-29 00:02:58,9.25
2026-01-29 00:02:59,8.66
2026-01-29 00:03:00,8.66
2026-01-29 00:03:01,8.66
2026-01-29 00:03:02,8.66
2026-01-29 00:03:03,8.66
2026-01-29 00:03:04,8.63
2026-01-29 00:03:05,8.63
2026-01-29 00:03:06,8.63
2026-01-29 00:03:07,8.63
2026-01-29 00:03:08,8.63
2026-01-29 00:03:09,0
2026-01-29 00:03:10,0
2026-01-29 00:03:11,0
2026-01-29 00:03:12,0
2026-01-29 00:03:13,0
2026-01-29 00:03:14,0
2026-01-29 00:03:15,0
2026-01-29 00:03:16,0
2026-01-29 00:03:17,0
2026-01-29 00:03:18,0
2026-01-29 00:03:19,0
2026-01-29 00:03:20,0
2026-01-29 00:03:21,0
2026-01-29 00:03:22,0
2026-01-29 00:03:23,0
2026-01-29 00:03:24,0
2026-01-29 00:03:25,0
2026-01-29 00:03:26,0
2026-01-29 00:03:27,0
2026-01-29 00:03:28,0
2026-01-29 00:03:29,0
2026-01-29 00:03:30,0
2026-01-29 00:03:31,0
2026-01-29 00:03:32,0
2026-01-29 00:03:33,0
2026-01-29 00:03:34,0
2026-01-29 00:03:35,0
2026-01-29 00:03:36,0
2026-01-29 00:03:37,0
2026-01-29 00:03:38,0
2026-01-29 00:03:39,0
2026-01-29 00:03:40,0
2026-01-29 00:03:41,0
2026-01-29 00:03:42,0
2026-01-29 00:03:43,0
2026-01-29 00:03:44,0
2026-01-29 00:03:45,0
2026-01-29 00:03:46,0
2026-01-29 00:03:47,0
2026-01-29 00:03:48,0
2026-01-29 00:03:49,0
2026-01-29 00:03:50,0
2026-01-29 00:03:51,0
2026-01-29 00:03:52,0
2026-01-29 00:03:53,0
2026-01-29 00:03:54,0
2026-01-29 00:03:55,0
2026-01-29 00:03:56,0
2026-01-29 00:03:57,0
2026-01-29 00:03:58,0
2026-01-29 00:03:59,0
2026-01-29 00:04:00,0
2026-01-29 00:04:01,0
2026-01-29 00:04:02,0
2026-01-29 00:04:03,0
2026-01-29 00:04:04,0
2026-01-29 00:04:05,0
2026-01-29 00:04:06,0
2026-01-29 00:04:07,0
2026-01-29 00:04:08,0
2026-01-29 00:04:09,0
2026-01-29 00:04:10,0
2026-01-29 00:04:11,0
2026-01-29 00:04:12,0
2026-01-29 00:04:13,0
2026-01-29 00:04:14,0
2026-01-29 00:04:15,0
2026-01-29 00:04:16,0
2026-01-29 00:04:17,0
2026-01-29 00:04:18,0
2026-01-29 00:04:19,0
2026-01-29 00:04:20,0
2026-01-29 00:04:21,0
2026-01-29 00:04:22,0
2026-01-29 00:04:23,0
2026-01-29 00:04:24,0
2026-01-29 00:04:25,0
2026-01-29 00:04:26,0
2026-01-29 00:04:27,0
2026-01-29 00:04:28,0
2026-01-29 00:04:29,0
2026-01-29 00:04:30,0
2026-01-29 00:04:31,0
2026-01-29 00:04:32,0
2026-01-29 00:04:33,0
2026-01-29 00:04:34,0
2026-01-29 00:04:35,0
2026-01-29 00:04:36,0
2026-01-29 00:04:37,0
2026-01-29 00:04:38,0
2026-01-29 00:04:39,0
2026-01-29 00:04:40,0
2026-01-29 00:04:41,0
2026-01-29 00:04:42,0
2026-01-29 00:04:43,0
2026-01-29 00:09:49,1.95
2026-01-29 00:09:50,1.95
2026-01-29 00:09:51,1.95
2026-01-29 00:09:52,1.95
2026-01-29 00:09:53,1.95
2026-01-29 00:09:54,7.47
2026-01-29 00:09:55,7.47
2026-01-29 00:09:56,7.47
2026-01-29 00:09:57,7.47
2026-01-29 00:09:58,7.47
2026-01-29 00:09:59,7.84
2026-01-29 00:10:00,7.84
2026-01-29 00:10:01,7.84
2026-01-29 00:10:02,7.84
2026-01-29 00:10:03,7.84
2026-01-29 00:10:04,7.97
2026-01-29 00:10:05,7.97
2026-01-29 00:10:06,7.97
2026-01-29 00:10:07,7.97
2026-01-29 00:10:08,7.97
2026-01-29 00:10:09,7.69
2026-01-29 00:10:10,7.69
2026-01-29 00:10:11,7.69
2026-01-29 00:10:12,7.69
2026-01-29 00:10:13,7.69
2026-01-29 00:10:14,7.62
2026-01-29 00:10:15,7.62
2026-01-29 00:10:16,7.62
2026-01-29 00:10:17,7.62
2026-01-29 00:10:18,7.62
2026-01-29 00:10:19,7.91
2026-01-29 00:10:20,7.91
2026-01-29 00:10:21,7.91
2026-01-29 00:10:22,7.91
2026-01-29 00:10:23,7.91
2026-01-29 00:10:24,7.97
2026-01-29 00:10:25,7.97
2026-01-29 00:10:26,7.97
2026-01-29 00:10:27,7.97
2026-01-29 00:10:28,7.97
2026-01-29 00:10:29,7.63
2026-01-29 00:10:30,7.63
2026-01-29 00:10:31,7.63
2026-01-29 00:10:32,7.63
2026-01-29 00:10:33,7.63
2026-01-29 00:10:34,7.78
2026-01-29 00:10:35,7.78
2026-01-29 00:10:36,7.78
2026-01-29 00:10:37,7.78
2026-01-29 00:10:38,7.78
2026-01-29 00:10:39,7.27
2026-01-29 00:10:40,7.27
2026-01-29 00:10:41,7.27
2026-01-29 00:10:42,7.27
2026-01-29 00:10:43,7.27
2026-01-29 00:10:44,8.50
2026-01-29 00:10:45,8.50
2026-01-29 00:10:46,8.50
2026-01-29 00:10:47,8.50
2026-01-29 00:10:48,8.50
2026-01-29 00:10:49,8.65
2026-01-29 00:10:50,8.65
2026-01-29 00:10:51,8.65
2026-01-29 00:10:52,8.65
2026-01-29 00:10:53,8.65
2026-01-29 00:10:54,9.31
2026-01-29 00:10:55,9.31
2026-01-29 00:10:56,9.31
2026-01-29 00:10:57,9.31
2026-01-29 00:10:58,9.31
2026-01-29 00:10:59,8.67
2026-01-29 00:11:00,8.67
2026-01-29 00:11:01,8.67
2026-01-29 00:11:02,8.67
2026-01-29 00:11:03,8.67
2026-01-29 00:11:04,8.67
2026-01-29 00:11:05,8.67
2026-01-29 00:11:06,8.67
2026-01-29 00:11:07,8.67
2026-01-29 00:11:08,8.67
2026-01-29 00:11:09,8.56
2026-01-29 00:11:10,8.56
2026-01-29 00:11:11,8.56
2026-01-29 00:11:12,8.56
2026-01-29 00:11:13,8.56
2026-01-29 00:11:14,8.58
2026-01-29 00:11:15,8.58
2026-01-29 00:11:16,8.58
2026-01-29 00:11:17,8.58
2026-01-29 00:11:18,8.58
2026-01-29 00:11:19,8.61
2026-01-29 00:11:20,8.61
2026-01-29 00:11:21,8.61
2026-01-29 00:11:22,8.61
2026-01-29 00:11:23,8.61
2026-01-29 00:11:24,8.62
2026-01-29 00:11:25,8.62
2026-01-29 00:11:26,8.62
2026-01-29 00:11:27,8.62
2026-01-29 00:11:28,8.62
2026-01-29 00:11:29,8.48
2026-01-29 00:11:30,8.48
2026-01-29 00:11:31,8.48
2026-01-29 00:11:32,8.48
2026-01-29 00:11:33,8.48
2026-01-29 00:11:34,8.72
2026-01-29 00:11:35,8.72
2026-01-29 00:11:36,8.72
2026-01-29 00:11:37,8.72
2026-01-29 00:11:38,8.72
2026-01-29 00:11:39,8.62
2026-01-29 00:11:40,8.62
2026-01-29 00:11:41,8.62
2026-01-29 00:11:42,8.62
2026-01-29 00:11:43,8.62
2026-01-29 00:11:44,8.66
2026-01-29 00:11:45,8.66
2026-01-29 00:11:46,8.66
2026-01-29 00:11:47,8.66
2026-01-29 00:11:48,8.66
2026-01-29 00:11:49,8.57
2026-01-29 00:11:50,8.57
2026-01-29 00:11:51,8.57
2026-01-29 00:11:52,8.57
2026-01-29 00:11:53,8.57
2026-01-29 00:11:54,9.02
2026-01-29 00:11:55,9.02
2026-01-29 00:11:56,9.02
2026-01-29 00:11:57,9.02
2026-01-29 00:11:58,9.02
2026-01-29 00:11:59,8.58
2026-01-29 00:12:00,8.58
2026-01-29 00:12:01,8.58
2026-01-29 00:12:02,8.58
2026-01-29 00:12:03,8.58
2026-01-29 00:12:04,0
2026-01-29 00:12:05,0
2026-01-29 00:12:06,0
2026-01-29 00:12:07,0
2026-01-29 00:12:08,0
2026-01-29 00:12:09,0
2026-01-29 00:12:10,0
2026-01-29 00:12:11,0
2026-01-29 00:12:12,0
2026-01-29 00:12:13,0
2026-01-29 00:12:14,0
2026-01-29 00:12:15,0
2026-01-29 00:12:16,0
2026-01-29 00:12:17,0
2026-01-29 00:12:18,0
2026-01-29 00:12:19,0
2026-01-29 00:12:20,0
2026-01-29 00:12:21,0
2026-01-29 00:12:22,0
2026-01-29 00:12:23,0
2026-01-29 00:12:24,0
2026-01-29 00:12:25,0
2026-01-29 00:12:26,0
2026-01-29 00:12:27,0
2026-01-29 00:12:28,0
2026-01-29 00:12:29,0
2026-01-29 00:12:30,0
2026-01-29 00:12:31,0
2026-01-29 00:12:32,0
2026-01-29 00:12:33,0
2026-01-29 00:12:34,0
2026-01-29 00:12:35,0
2026-01-29 00:12:36,0
2026-01-29 00:12:37,0
2026-01-29 00:12:38,0
2026-01-29 00:12:39,0
2026-01-29 00:12:40,0
2026-01-29 00:12:41,0
2026-01-29 00:12:42,0
2026-01-29 00:12:43,0
2026-01-29 00:12:44,0
2026-01-29 00:12:45,0
2026-01-29 00:12:46,0
2026-01-29 00:12:47,0
2026-01-29 00:12:48,0
2026-01-29 00:12:49,0
2026-01-29 00:12:50,0
2026-01-29 00:12:51,0
2026-01-29 00:12:52,0
2026-01-29 00:12:53,0
2026-01-29 00:12:54,0
2026-01-29 00:12:55,0
2026-01-29 00:12:56,0
2026-01-29 00:12:57,0
2026-01-29 00:12:58,0
2026-01-29 00:12:59,0
2026-01-29 00:13:00,0
2026-01-29 00:13:01,0
2026-01-29 00:13:02,0
2026-01-29 00:13:03,0
2026-01-29 00:13:04,0
2026-01-29 00:13:05,0
2026-01-29 00:13:06,0
2026-01-29 00:13:07,0
2026-01-29 00:13:08,0
2026-01-29 00:13:09,0
2026-01-29 00:13:10,0
2026-01-29 00:13:11,0
2026-01-29 00:13:12,0
2026-01-29 00:13:13,0
2026-01-29 00:13:14,0
2026-01-29 00:13:15,0
2026-01-29 00:13:16,0
2026-01-29 00:13:17,0
2026-01-29 00:13:18,0
2026-01-29 00:13:19,0
2026-01-29 00:13:20,0
2026-01-29 00:13:21,0
2026-01-29 00:13:22,0
2026-01-29 00:13:23,0
2026-01-29 00:13:24,0
2026-01-29 00:13:25,0
2026-01-29 00:13:26,0
2026-01-29 00:13:27,0
2026-01-29 00:13:28,0
2026-01-29 00:13:29,0
2026-01-29 00:13:30,0
2026-01-29 00:13:31,0
2026-01-29 00:13:32,0
2026-01-29 00:13:33,0
2026-01-29 00:13:34,0
2026-01-29 00:13:35,0
2026-01-29 00:13:36,0
2026-01-29 00:13:37,0
2026-01-29 00:13:38,0
2026-01-29 00:18:39,1.22
2026-01-29 00:18:40,1.22
2026-01-29 00:18:41,1.22
2026-01-29 00:18:42,1.22
2026-01-29 00:18:43,1.22
2026-01-29 00:18:44,6.65
2026-01-29 00:18:45,6.65
2026-01-29 00:18:46,6.65
2026-01-29 00:18:47,6.65
2026-01-29 00:18:48,6.65
2026-01-29 00:18:49,7.79
2026-01-29 00:18:50,7.79
2026-01-29 00:18:51,7.79
2026-01-29 00:18:52,7.79
2026-01-29 00:18:53,7.79
2026-01-29 00:18:54,8.19
2026-01-29 00:18:55,8.19
2026-01-29 00:18:56,8.19
2026-01-29 00:18:57,8.19
2026-01-29 00:18:58,8.19
2026-01-29 00:18:59,9.37
2026-01-29 00:19:00,9.37
2026-01-29 00:19:01,9.37
2026-01-29 00:19:02,9.37
2026-01-29 00:19:03,9.37
2026-01-29 00:19:04,8.33
2026-01-29 00:19:05,8.33
2026-01-29 00:19:06,8.33
2026-01-29 00:19:07,8.33
2026-01-29 00:19:08,8.33
2026-01-29 00:19:09,6.84
2026-01-29 00:19:10,6.84
2026-01-29 00:19:11,6.84
2026-01-29 00:19:12,6.84
2026-01-29 00:19:13,6.84
2026-01-29 00:19:14,6.83
2026-01-29 00:19:15,6.83
2026-01-29 00:19:16,6.83
2026-01-29 00:19:17,6.83
2026-01-29 00:19:18,6.83
2026-01-29 00:19:19,6.78
2026-01-29 00:19:20,6.78
2026-01-29 00:19:21,6.78
2026-01-29 00:19:22,6.78
2026-01-29 00:19:23,6.78
2026-01-29 00:19:24,7.09
2026-01-29 00:19:25,7.09
2026-01-29 00:19:26,7.09
2026-01-29 00:19:27,7.09
2026-01-29 00:19:28,7.09
2026-01-29 00:19:29,6.82
2026-01-29 00:19:30,6.82
2026-01-29 00:19:31,6.82
2026-01-29 00:19:32,6.82
2026-01-29 00:19:33,6.82
2026-01-29 00:19:34,6.81
2026-01-29 00:19:35,6.81
2026-01-29 00:19:36,6.81
2026-01-29 00:19:37,6.81
2026-01-29 00:19:38,6.81
2026-01-29 00:19:39,6.76
2026-01-29 00:19:40,6.76
2026-01-29 00:19:41,6.76
2026-01-29 00:19:42,6.76
2026-01-29 00:19:43,6.76
2026-01-29 00:19:44,7.01
2026-01-29 00:19:45,7.01
2026-01-29 00:19:46,7.01
2026-01-29 00:19:47,7.01
2026-01-29 00:19:48,7.01
2026-01-29 00:19:49,7.15
2026-01-29 00:19:50,7.15
2026-01-29 00:19:51,7.15
2026-01-29 00:19:52,7.15
2026-01-29 00:19:53,7.15
2026-01-29 00:19:54,7.02
2026-01-29 00:19:55,7.02
2026-01-29 00:19:56,7.02
2026-01-29 00:19:57,7.02
2026-01-29 00:19:58,7.02
2026-01-29 00:19:59,6.84
2026-01-29 00:20:00,6.84
2026-01-29 00:20:01,6.84
2026-01-29 00:20:02,6.84
2026-01-29 00:20:03,6.84
2026-01-29 00:20:04,6.88
2026-01-29 00:20:05,6.88
2026-01-29 00:20:06,6.88
2026-01-29 00:20:07,6.88
2026-01-29 00:20:08,6.88
2026-01-29 00:20:09,6.79
2026-01-29 00:20:10,6.79
2026-01-29 00:20:11,6.79
2026-01-29 00:20:12,6.79
2026-01-29 00:20:13,6.79
2026-01-29 00:20:14,7.93
2026-01-29 00:20:15,7.93
2026-01-29 00:20:16,7.93
2026-01-29 00:20:17,7.93
2026-01-29 00:20:18,7.93
2026-01-29 00:20:19,7.78
2026-01-29 00:20:20,7.78
2026-01-29 00:20:21,7.78
2026-01-29 00:20:22,7.78
2026-01-29 00:20:23,7.78
2026-01-29 00:20:24,8.01
2026-01-29 00:20:25,8.01
2026-01-29 00:20:26,8.01
2026-01-29 00:20:27,8.01
2026-01-29 00:20:28,8.01
2026-01-29 00:20:29,7.80
2026-01-29 00:20:30,7.80
2026-01-29 00:20:31,7.80
2026-01-29 00:20:32,7.80
2026-01-29 00:20:33,7.80
2026-01-29 00:20:34,7.49
2026-01-29 00:20:35,7.49
2026-01-29 00:20:36,7.49
2026-01-29 00:20:37,7.49
2026-01-29 00:20:38,7.49
2026-01-29 00:20:39,9.49
2026-01-29 00:20:40,9.49
2026-01-29 00:20:41,9.49
2026-01-29 00:20:42,9.49
2026-01-29 00:20:43,9.49
2026-01-29 00:20:44,8.82
2026-01-29 00:20:45,8.82
2026-01-29 00:20:46,8.82
2026-01-29 00:20:47,8.82
2026-01-29 00:20:48,8.82
2026-01-29 00:20:49,8.66
2026-01-29 00:20:50,8.66
2026-01-29 00:20:51,8.66
2026-01-29 00:20:52,8.66
2026-01-29 00:20:53,8.66
2026-01-29 00:20:54,0
2026-01-29 00:20:55,0
2026-01-29 00:20:56,0
2026-01-29 00:20:57,0
2026-01-29 00:20:58,0
2026-01-29 00:20:59,0
2026-01-29 00:21:00,0
2026-01-29 00:21:01,0
2026-01-29 00:21:02,0
2026-01-29 00:21:03,0
2026-01-29 00:21:04,0
2026-01-29 00:21:05,0
2026-01-29 00:21:06,0
2026-01-29 00:21:07,0
2026-01-29 00:21:08,0
2026-01-29 00:21:09,0
2026-01-29 00:21:10,0
2026-01-29 00:21:11,0
2026-01-29 00:21:12,0
2026-01-29 00:21:13,0
2026-01-29 00:21:14,0
2026-01-29 00:21:15,0
2026-01-29 00:21:16,0
2026-01-29 00:21:17,0
2026-01-29 00:21:18,0
2026-01-29 00:21:19,0
2026-01-29 00:21:20,0
2026-01-29 00:21:21,0
2026-01-29 00:21:22,0
2026-01-29 00:21:23,0
2026-01-29 00:21:24,0
2026-01-29 00:21:25,0
2026-01-29 00:21:26,0
2026-01-29 00:21:27,0
2026-01-29 00:21:28,0
2026-01-29 00:21:29,0
2026-01-29 00:21:30,0
2026-01-29 00:21:31,0
2026-01-29 00:21:32,0
2026-01-29 00:21:33,0
2026-01-29 00:21:34,0
2026-01-29 00:21:35,0
2026-01-29 00:21:36,0
2026-01-29 00:21:37,0
2026-01-29 00:21:38,0
2026-01-29 00:21:39,0
2026-01-29 00:21:40,0
2026-01-29 00:21:41,0
2026-01-29 00:21:42,0
2026-01-29 00:21:43,0
2026-01-29 00:21:44,0
2026-01-29 00:21:45,0
2026-01-29 00:21:46,0
2026-01-29 00:21:47,0
2026-01-29 00:21:48,0
2026-01-29 00:21:49,0
2026-01-29 00:21:50,0
2026-01-29 00:21:51,0
2026-01-29 00:21:52,0
2026-01-29 00:21:53,0
2026-01-29 00:21:54,0
2026-01-29 00:21:55,0
2026-01-29 00:21:56,0
2026-01-29 00:21:57,0
2026-01-29 00:21:58,0
2026-01-29 00:21:59,0
2026-01-29 00:22:00,0
2026-01-29 00:22:01,0
2026-01-29 00:22:02,0
2026-01-29 00:22:03,0
2026-01-29 00:22:04,0
2026-01-29 00:22:05,0
2026-01-29 00:22:06,0
2026-01-29 00:22:07,0
2026-01-29 00:22:08,0
2026-01-29 00:22:09,0
2026-01-29 00:22:10,0
2026-01-29 00:22:11,0
2026-01-29 00:22:12,0
2026-01-29 00:22:13,0
2026-01-29 00:22:14,0
2026-01-29 00:22:15,0
2026-01-29 00:22:16,0
2026-01-29 00:22:17,0
2026-01-29 00:22:18,0
2026-01-29 00:22:19,0
2026-01-29 00:22:20,0
2026-01-29 00:22:21,0
2026-01-29 00:22:22,0
2026-01-29 00:22:23,0
2026-01-29 00:22:24,0
2026-01-29 00:22:25,0
2026-01-29 00:22:26,0
2026-01-29 00:22:27,0
2026-01-29 00:22:28,0
2026-01-29 00:27:34,5.83
2026-01-29 00:27:35,5.83
2026-01-29 00:27:36,5.83
2026-01-29 00:27:37,5.83
2026-01-29 00:27:38,5.83
2026-01-29 00:27:39,9.70
2026-01-29 00:27:40,9.70
2026-01-29 00:27:41,9.70
2026-01-29 00:27:42,9.70
2026-01-29 00:27:43,9.70
2026-01-29 00:27:44,9.08
2026-01-29 00:27:45,9.08
2026-01-29 00:27:46,9.08
2026-01-29 00:27:47,9.08
2026-01-29 00:27:48,9.08
2026-01-29 00:27:49,7.82
2026-01-29 00:27:50,7.82
2026-01-29 00:27:51,7.82
2026-01-29 00:27:52,7.82
2026-01-29 00:27:53,7.82
2026-01-29 00:27:54,7.80
2026-01-29 00:27:55,7.80
2026-01-29 00:27:56,7.80
2026-01-29 00:27:57,7.80
2026-01-29 00:27:58,7.80
2026-01-29 00:27:59,7.75
2026-01-29 00:28:00,7.75
2026-01-29 00:28:01,7.75
2026-01-29 00:28:02,7.75
2026-01-29 00:28:03,7.75
2026-01-29 00:28:04,7.76
2026-01-29 00:28:05,7.76
2026-01-29 00:28:06,7.76
2026-01-29 00:28:07,7.76
2026-01-29 00:28:08,7.76
2026-01-29 00:28:09,7.65
2026-01-29 00:28:10,7.65
2026-01-29 00:28:11,7.65
2026-01-29 00:28:12,7.65
2026-01-29 00:28:13,7.65
2026-01-29 00:28:14,7.73
2026-01-29 00:28:15,7.73
2026-01-29 00:28:16,7.73
2026-01-29 00:28:17,7.73
2026-01-29 00:28:18,7.73
2026-01-29 00:28:19,7.63
2026-01-29 00:28:20,7.63
2026-01-29 00:28:21,7.63
2026-01-29 00:28:22,7.63
2026-01-29 00:28:23,7.63
2026-01-29 00:28:24,7.84
2026-01-29 00:28:25,7.84
2026-01-29 00:28:26,7.84
2026-01-29 00:28:27,7.84
2026-01-29 00:28:28,7.84
2026-01-29 00:28:29,7.64
2026-01-29 00:28:30,7.64
2026-01-29 00:28:31,7.64
2026-01-29 00:28:32,7.64
2026-01-29 00:28:33,7.64
2026-01-29 00:28:34,7.63
2026-01-29 00:28:35,7.63
2026-01-29 00:28:36,7.63
2026-01-29 00:28:37,7.63
2026-01-29 00:28:38,7.63
2026-01-29 00:28:39,7.59
2026-01-29 00:28:40,7.59
2026-01-29 00:28:41,7.59
2026-01-29 00:28:42,7.59
2026-01-29 00:28:43,7.59
2026-01-29 00:28:44,7.76
2026-01-29 00:28:45,7.76
2026-01-29 00:28:46,7.76
2026-01-29 00:28:47,7.76
2026-01-29 00:28:48,7.76
2026-01-29 00:28:49,7.64
2026-01-29 00:28:50,7.64
2026-01-29 00:28:51,7.64
2026-01-29 00:28:52,7.64
2026-01-29 00:28:53,7.64
2026-01-29 00:28:54,7.84
2026-01-29 00:28:55,7.84
2026-01-29 00:28:56,7.84
2026-01-29 00:28:57,7.84
2026-01-29 00:28:58,7.84
2026-01-29 00:28:59,7.81
2026-01-29 00:29:00,7.81
2026-01-29 00:29:01,7.81
2026-01-29 00:29:02,7.81
2026-01-29 00:29:03,7.81
2026-01-29 00:29:04,7.85
2026-01-29 00:29:05,7.85
2026-01-29 00:29:06,7.85
2026-01-29 00:29:07,7.85
2026-01-29 00:29:08,7.85
2026-01-29 00:29:09,7.59
2026-01-29 00:29:10,7.59
2026-01-29 00:29:11,7.59
2026-01-29 00:29:12,7.59
2026-01-29 00:29:13,7.59
2026-01-29 00:29:14,7.78
2026-01-29 00:29:15,7.78
2026-01-29 00:29:16,7.78
2026-01-29 00:29:17,7.78
2026-01-29 00:29:18,7.78
2026-01-29 00:29:19,7.58
2026-01-29 00:29:20,7.58
2026-01-29 00:29:21,7.58
2026-01-29 00:29:22,7.58
2026-01-29 00:29:23,7.58
2026-01-29 00:29:24,7.97
2026-01-29 00:29:25,7.97
2026-01-29 00:29:26,7.97
2026-01-29 00:29:27,7.97
2026-01-29 00:29:28,7.97
2026-01-29 00:29:29,7.64
2026-01-29 00:29:30,7.64
2026-01-29 00:29:31,7.64
2026-01-29 00:29:32,7.64
2026-01-29 00:29:33,7.64
2026-01-29 00:29:34,7.70
2026-01-29 00:29:35,7.70
2026-01-29 00:29:36,7.70
2026-01-29 00:29:37,7.70
2026-01-29 00:29:38,7.70
2026-01-29 00:29:39,7.59
2026-01-29 00:29:40,7.59
2026-01-29 00:29:41,7.59
2026-01-29 00:29:42,7.59
2026-01-29 00:29:43,7.59
2026-01-29 00:29:44,7.75
2026-01-29 00:29:45,7.75
2026-01-29 00:29:46,7.75
2026-01-29 00:29:47,7.75
2026-01-29 00:29:48,7.75
2026-01-29 00:29:49,0
2026-01-29 00:29:50,0
2026-01-29 00:29:51,0
2026-01-29 00:29:52,0
2026-01-29 00:29:53,0
2026-01-29 00:29:54,0
2026-01-29 00:29:55,0
2026-01-29 00:29:56,0
2026-01-29 00:29:57,0
2026-01-29 00:29:58,0
2026-01-29 00:29:59,0
2026-01-29 00:30:00,0
2026-01-29 00:30:01,0
2026-01-29 00:30:02,0
2026-01-29 00:30:03,0
2026-01-29 00:30:04,0
2026-01-29 00:30:05,0
2026-01-29 00:30:06,0
2026-01-29 00:30:07,0
2026-01-29 00:30:08,0
2026-01-29 00:30:09,0
2026-01-29 00:30:10,0
2026-01-29 00:30:11,0
2026-01-29 00:30:12,0
2026-01-29 00:30:13,0
2026-01-29 00:30:14,0
2026-01-29 00:30:15,0
2026-01-29 00:30:16,0
2026-01-29 00:30:17,0
2026-01-29 00:30:18,0
2026-01-29 00:30:19,0
2026-01-29 00:30:20,0
2026-01-29 00:30:21,0
2026-01-29 00:30:22,0
2026-01-29 00:30:23,0
2026-01-29 00:30:24,0
2026-01-29 00:30:25,0
2026-01-29 00:30:26,0
2026-01-29 00:30:27,0
2026-01-29 00:30:28,0
2026-01-29 00:30:29,0
2026-01-29 00:30:30,0
2026-01-29 00:30:31,0
2026-01-29 00:30:32,0
2026-01-29 00:30:33,0
2026-01-29 00:30:34,0
2026-01-29 00:30:35,0
2026-01-29 00:30:36,0
2026-01-29 00:30:37,0
2026-01-29 00:30:38,0
2026-01-29 00:30:39,0
2026-01-29 00:30:40,0
2026-01-29 00:30:41,0
2026-01-29 00:30:42,0
2026-01-29 00:30:43,0
2026-01-29 00:30:44,0
2026-01-29 00:30:45,0
2026-01-29 00:30:46,0
2026-01-29 00:30:47,0
2026-01-29 00:30:48,0
2026-01-29 00:30:49,0
2026-01-29 00:30:50,0
2026-01-29 00:30:51,0
2026-01-29 00:30:52,0
2026-01-29 00:30:53,0
2026-01-29 00:30:54,0
2026-01-29 00:30:55,0
2026-01-29 00:30:56,0
2026-01-29 00:30:57,0
2026-01-29 00:30:58,0
2026-01-29 00:30:59,0
2026-01-29 00:31:00,0
2026-01-29 00:31:01,0
2026-01-29 00:31:02,0
2026-01-29 00:31:03,0
2026-01-29 00:31:04,0
2026-01-29 00:31:05,0
2026-01-29 00:31:06,0
2026-01-29 00:31:07,0
2026-01-29 00:31:08,0
2026-01-29 00:31:09,0
2026-01-29 00:31:10,0
2026-01-29 00:31:11,0
2026-01-29 00:31:12,0
2026-01-29 00:31:13,0
2026-01-29 00:31:14,0
2026-01-29 00:31:15,0
2026-01-29 00:31:16,0
2026-01-29 00:31:17,0
2026-01-29 00:31:18,0
2026-01-29 00:31:19,0
2026-01-29 00:31:20,0
2026-01-29 00:31:21,0
2026-01-29 00:31:22,0
2026-01-29 00:31:23,0
2026-01-29 00:36:19,3.19
2026-01-29 00:36:20,3.19
2026-01-29 00:36:21,3.19
2026-01-29 00:36:22,3.19
2026-01-29 00:36:23,3.19
2026-01-29 00:36:24,6.47
2026-01-29 00:36:25,6.47
2026-01-29 00:36:26,6.47
2026-01-29 00:36:27,6.47
2026-01-29 00:36:28,6.47
2026-01-29 00:36:29,7.31
2026-01-29 00:36:30,7.31
2026-01-29 00:36:31,7.31
2026-01-29 00:36:32,7.31
2026-01-29 00:36:33,7.31
2026-01-29 00:36:34,8.08
2026-01-29 00:36:35,8.08
2026-01-29 00:36:36,8.08
2026-01-29 00:36:37,8.08
2026-01-29 00:36:38,8.08
2026-01-29 00:36:39,7.22
2026-01-29 00:36:40,7.22
2026-01-29 00:36:41,7.22
2026-01-29 00:36:42,7.22
2026-01-29 00:36:43,7.22
2026-01-29 00:36:44,9.11
2026-01-29 00:36:45,9.11
2026-01-29 00:36:46,9.11
2026-01-29 00:36:47,9.11
2026-01-29 00:36:48,9.11
2026-01-29 00:36:49,8.73
2026-01-29 00:36:50,8.73
2026-01-29 00:36:51,8.73
2026-01-29 00:36:52,8.73
2026-01-29 00:36:53,8.73
2026-01-29 00:36:54,8.73
2026-01-29 00:36:55,8.73
2026-01-29 00:36:56,8.73
2026-01-29 00:36:57,8.73
2026-01-29 00:36:58,8.73
2026-01-29 00:36:59,8.80
2026-01-29 00:37:00,8.80
2026-01-29 00:37:01,8.80
2026-01-29 00:37:02,8.80
2026-01-29 00:37:03,8.80
2026-01-29 00:37:04,8.81
2026-01-29 00:37:05,8.81
2026-01-29 00:37:06,8.81
2026-01-29 00:37:07,8.81
2026-01-29 00:37:08,8.81
2026-01-29 00:37:09,8.63
2026-01-29 00:37:10,8.63
2026-01-29 00:37:11,8.63
2026-01-29 00:37:12,8.63
2026-01-29 00:37:13,8.63
2026-01-29 00:37:14,8.67
2026-01-29 00:37:15,8.67
2026-01-29 00:37:16,8.67
2026-01-29 00:37:17,8.67
2026-01-29 00:37:18,8.67
2026-01-29 00:37:19,8.47
2026-01-29 00:37:20,8.47
2026-01-29 00:37:21,8.47
2026-01-29 00:37:22,8.47
2026-01-29 00:37:23,8.47
2026-01-29 00:37:24,8.78
2026-01-29 00:37:25,8.78
2026-01-29 00:37:26,8.78
2026-01-29 00:37:27,8.78
2026-01-29 00:37:28,8.78
2026-01-29 00:37:29,8.58
2026-01-29 00:37:30,8.58
2026-01-29 00:37:31,8.58
2026-01-29 00:37:32,8.58
2026-01-29 00:37:33,8.58
2026-01-29 00:37:34,9.75
2026-01-29 00:37:35,9.75
2026-01-29 00:37:36,9.75
2026-01-29 00:37:37,9.75
2026-01-29 00:37:38,9.75
2026-01-29 00:37:39,8.34
2026-01-29 00:37:40,8.34
2026-01-29 00:37:41,8.34
2026-01-29 00:37:42,8.34
2026-01-29 00:37:43,8.34
2026-01-29 00:37:44,7.77
2026-01-29 00:37:45,7.77
2026-01-29 00:37:46,7.77
2026-01-29 00:37:47,7.77
2026-01-29 00:37:48,7.77
2026-01-29 00:37:49,7.58
2026-01-29 00:37:50,7.58
2026-01-29 00:37:51,7.58
2026-01-29 00:37:52,7.58
2026-01-29 00:37:53,7.58
2026-01-29 00:37:54,7.74
2026-01-29 00:37:55,7.74
2026-01-29 00:37:56,7.74
2026-01-29 00:37:57,7.74
2026-01-29 00:37:58,7.74
2026-01-29 00:37:59,7.74
2026-01-29 00:38:00,7.74
2026-01-29 00:38:01,7.74
2026-01-29 00:38:02,7.74
2026-01-29 00:38:03,7.74
2026-01-29 00:38:04,7.88
2026-01-29 00:38:05,7.88
2026-01-29 00:38:06,7.88
2026-01-29 00:38:07,7.88
2026-01-29 00:38:08,7.88
2026-01-29 00:38:09,7.61
2026-01-29 00:38:10,7.61
2026-01-29 00:38:11,7.61
2026-01-29 00:38:12,7.61
2026-01-29 00:38:13,7.61
2026-01-29 00:38:14,7.56
2026-01-29 00:38:15,7.56
2026-01-29 00:38:16,7.56
2026-01-29 00:38:17,7.56
2026-01-29 00:38:18,7.56
2026-01-29 00:38:19,7.59
2026-01-29 00:38:20,7.59
2026-01-29 00:38:21,7.59
2026-01-29 00:38:22,7.59
2026-01-29 00:38:23,7.59
2026-01-29 00:38:24,7.84
2026-01-29 00:38:25,7.84
2026-01-29 00:38:26,7.84
2026-01-29 00:38:27,7.84
2026-01-29 00:38:28,7.84
2026-01-29 00:38:29,7.65
2026-01-29 00:38:30,7.65
2026-01-29 00:38:31,7.65
2026-01-29 00:38:32,7.65
2026-01-29 00:38:33,7.65
2026-01-29 00:38:34,0
2026-01-29 00:38:35,0
2026-01-29 00:38:36,0
2026-01-29 00:38:37,0
2026-01-29 00:38:38,0
2026-01-29 00:38:39,0
2026-01-29 00:38:40,0
2026-01-29 00:38:41,0
2026-01-29 00:38:42,0
2026-01-29 00:38:43,0
2026-01-29 00:38:44,0
2026-01-29 00:38:45,0
2026-01-29 00:38:46,0
2026-01-29 00:38:47,0
2026-01-29 00:38:48,0
2026-01-29 00:38:49,0
2026-01-29 00:38:50,0
2026-01-29 00:38:51,0
2026-01-29 00:38:52,0
2026-01-29 00:38:53,0
2026-01-29 00:38:54,0
2026-01-29 00:38:55,0
2026-01-29 00:38:56,0
2026-01-29 00:38:57,0
2026-01-29 00:38:58,0
2026-01-29 00:38:59,0
2026-01-29 00:39:00,0
2026-01-29 00:39:01,0
2026-01-29 00:39:02,0
2026-01-29 00:39:03,0
2026-01-29 00:39:04,0
2026-01-29 00:39:05,0
2026-01-29 00:39:06,0
2026-01-29 00:39:07,0
2026-01-29 00:39:08,0
2026-01-29 00:39:09,0
2026-01-29 00:39:10,0
2026-01-29 00:39:11,0
2026-01-29 00:39:12,0
2026-01-29 00:39:13,0
2026-01-29 00:39:14,0
2026-01-29 00:39:15,0
2026-01-29 00:39:16,0
2026-01-29 00:39:17,0
2026-01-29 00:39:18,0
2026-01-29 00:39:19,0
2026-01-29 00:39:20,0
2026-01-29 00:39:21,0
2026-01-29 00:39:22,0
2026-01-29 00:39:23,0
2026-01-29 00:39:24,0
2026-01-29 00:39:25,0
2026-01-29 00:39:26,0
2026-01-29 00:39:27,0
2026-01-29 00:39:28,0
2026-01-29 00:39:29,0
2026-01-29 00:39:30,0
2026-01-29 00:39:31,0
2026-01-29 00:39:32,0
2026-01-29 00:39:33,0
2026-01-29 00:39:34,0
2026-01-29 00:39:35,0
2026-01-29 00:39:36,0
2026-01-29 00:39:37,0
2026-01-29 00:39:38,0
2026-01-29 00:39:39,0
2026-01-29 00:39:40,0
2026-01-29 00:39:41,0
2026-01-29 00:39:42,0
2026-01-29 00:39:43,0
2026-01-29 00:39:44,0
2026-01-29 00:39:45,0
2026-01-29 00:39:46,0
2026-01-29 00:39:47,0
2026-01-29 00:39:48,0
2026-01-29 00:39:49,0
2026-01-29 00:39:50,0
2026-01-29 00:39:51,0
2026-01-29 00:39:52,0
2026-01-29 00:39:53,0
2026-01-29 00:39:54,0
2026-01-29 00:39:55,0
2026-01-29 00:39:56,0
2026-01-29 00:39:57,0
2026-01-29 00:39:58,0
2026-01-29 00:39:59,0
2026-01-29 00:40:00,0
2026-01-29 00:40:01,0
2026-01-29 00:40:02,0
2026-01-29 00:40:03,0
2026-01-29 00:40:04,0
2026-01-29 00:40:05,0
2026-01-29 00:40:06,0
2026-01-29 00:40:07,0
2026-01-29 00:40:08,0
2026-01-29 00:45:14,3.63
2026-01-29 00:45:15,3.63
2026-01-29 00:45:16,3.63
2026-01-29 00:45:17,3.63
2026-01-29 00:45:18,3.63
2026-01-29 00:45:19,7.18
2026-01-29 00:45:20,7.18
2026-01-29 00:45:21,7.18
2026-01-29 00:45:22,7.18
2026-01-29 00:45:23,7.18
2026-01-29 00:45:24,8.02
2026-01-29 00:45:25,8.02
2026-01-29 00:45:26,8.02
2026-01-29 00:45:27,8.02
2026-01-29 00:45:28,8.02
2026-01-29 00:45:29,7.89
2026-01-29 00:45:30,7.89
2026-01-29 00:45:31,7.89
2026-01-29 00:45:32,7.89
2026-01-29 00:45:33,7.89
2026-01-29 00:45:34,7.84
2026-01-29 00:45:35,7.84
2026-01-29 00:45:36,7.84
2026-01-29 00:45:37,7.84
2026-01-29 00:45:38,7.84
2026-01-29 00:45:39,7.78
2026-01-29 00:45:40,7.78
2026-01-29 00:45:41,7.78
2026-01-29 00:45:42,7.78
2026-01-29 00:45:43,7.78
2026-01-29 00:45:44,7.90
2026-01-29 00:45:45,7.90
2026-01-29 00:45:46,7.90
2026-01-29 00:45:47,7.90
2026-01-29 00:45:48,7.90
2026-01-29 00:45:49,7.83
2026-01-29 00:45:50,7.83
2026-01-29 00:45:51,7.83
2026-01-29 00:45:52,7.83
2026-01-29 00:45:53,7.83
2026-01-29 00:45:54,7.83
2026-01-29 00:45:55,7.83
2026-01-29 00:45:56,7.83
2026-01-29 00:45:57,7.83
2026-01-29 00:45:58,7.83
2026-01-29 00:45:59,7.86
2026-01-29 00:46:00,7.86
2026-01-29 00:46:01,7.86
2026-01-29 00:46:02,7.86
2026-01-29 00:46:03,7.86
2026-01-29 00:46:04,8.14
2026-01-29 00:46:05,8.14
2026-01-29 00:46:06,8.14
2026-01-29 00:46:07,8.14
2026-01-29 00:46:08,8.14
2026-01-29 00:46:09,7.70
2026-01-29 00:46:10,7.70
2026-01-29 00:46:11,7.70
2026-01-29 00:46:12,7.70
2026-01-29 00:46:13,7.70
2026-01-29 00:46:14,8.93
2026-01-29 00:46:15,8.93
2026-01-29 00:46:16,8.93
2026-01-29 00:46:17,8.93
2026-01-29 00:46:18,8.93
2026-01-29 00:46:19,7.35
2026-01-29 00:46:20,7.35
2026-01-29 00:46:21,7.35
2026-01-29 00:46:22,7.35
2026-01-29 00:46:23,7.35
2026-01-29 00:46:24,7.12
2026-01-29 00:46:25,7.12
2026-01-29 00:46:26,7.12
2026-01-29 00:46:27,7.12
2026-01-29 00:46:28,7.12
2026-01-29 00:46:29,6.48
2026-01-29 00:46:30,6.48
2026-01-29 00:46:31,6.48
2026-01-29 00:46:32,6.48
2026-01-29 00:46:33,6.48
2026-01-29 00:46:34,7.73
2026-01-29 00:46:35,7.73
2026-01-29 00:46:36,7.73
2026-01-29 00:46:37,7.73
2026-01-29 00:46:38,7.73
2026-01-29 00:46:39,7.87
2026-01-29 00:46:40,7.87
2026-01-29 00:46:41,7.87
2026-01-29 00:46:42,7.87
2026-01-29 00:46:43,7.87
2026-01-29 00:46:44,7.98
2026-01-29 00:46:45,7.98
2026-01-29 00:46:46,7.98
2026-01-29 00:46:47,7.98
2026-01-29 00:46:48,7.98
2026-01-29 00:46:49,7.81
2026-01-29 00:46:50,7.81
2026-01-29 00:46:51,7.81
2026-01-29 00:46:52,7.81
2026-01-29 00:46:53,7.81
2026-01-29 00:46:54,7.92
2026-01-29 00:46:55,7.92
2026-01-29 00:46:56,7.92
2026-01-29 00:46:57,7.92
2026-01-29 00:46:58,7.92
2026-01-29 00:46:59,7.89
2026-01-29 00:47:00,7.89
2026-01-29 00:47:01,7.89
2026-01-29 00:47:02,7.89
2026-01-29 00:47:03,7.89
2026-01-29 00:47:04,8.23
2026-01-29 00:47:05,8.23
2026-01-29 00:47:06,8.23
2026-01-29 00:47:07,8.23
2026-01-29 00:47:08,8.23
2026-01-29 00:47:09,7.78
2026-01-29 00:47:10,7.78
2026-01-29 00:47:11,7.78
2026-01-29 00:47:12,7.78
2026-01-29 00:47:13,7.78
2026-01-29 00:47:14,7.81
2026-01-29 00:47:15,7.81
2026-01-29 00:47:16,7.81
2026-01-29 00:47:17,7.81
2026-01-29 00:47:18,7.81
2026-01-29 00:47:19,7.73
2026-01-29 00:47:20,7.73
2026-01-29 00:47:21,7.73
2026-01-29 00:47:22,7.73
2026-01-29 00:47:23,7.73
2026-01-29 00:47:24,7.92
2026-01-29 00:47:25,7.92
2026-01-29 00:47:26,7.92
2026-01-29 00:47:27,7.92
2026-01-29 00:47:28,7.92
2026-01-29 00:47:29,0
2026-01-29 00:47:30,0
2026-01-29 00:47:31,0
2026-01-29 00:47:32,0
2026-01-29 00:47:33,0
2026-01-29 00:47:34,0
2026-01-29 00:47:35,0
2026-01-29 00:47:36,0
2026-01-29 00:47:37,0
2026-01-29 00:47:38,0
2026-01-29 00:47:39,0
2026-01-29 00:47:40,0
2026-01-29 00:47:41,0
2026-01-29 00:47:42,0
2026-01-29 00:47:43,0
2026-01-29 00:47:44,0
2026-01-29 00:47:45,0
2026-01-29 00:47:46,0
2026-01-29 00:47:47,0
2026-01-29 00:47:48,0
2026-01-29 00:47:49,0
2026-01-29 00:47:50,0
2026-01-29 00:47:51,0
2026-01-29 00:47:52,0
2026-01-29 00:47:53,0
2026-01-29 00:47:54,0
2026-01-29 00:47:55,0
2026-01-29 00:47:56,0
2026-01-29 00:47:57,0
2026-01-29 00:47:58,0
2026-01-29 00:47:59,0
2026-01-29 00:48:00,0
2026-01-29 00:48:01,0
2026-01-29 00:48:02,0
2026-01-29 00:48:03,0
2026-01-29 00:48:04,0
2026-01-29 00:48:05,0
2026-01-29 00:48:06,0
2026-01-29 00:48:07,0
2026-01-29 00:48:08,0
2026-01-29 00:48:09,0
2026-01-29 00:48:10,0
2026-01-29 00:48:11,0
2026-01-29 00:48:12,0
2026-01-29 00:48:13,0
2026-01-29 00:48:14,0
2026-01-29 00:48:15,0
2026-01-29 00:48:16,0
2026-01-29 00:48:17,0
2026-01-29 00:48:18,0
2026-01-29 00:48:19,0
2026-01-29 00:48:20,0
2026-01-29 00:48:21,0
2026-01-29 00:48:22,0
2026-01-29 00:48:23,0
2026-01-29 00:48:24,0
2026-01-29 00:48:25,0
2026-01-29 00:48:26,0
2026-01-29 00:48:27,0
2026-01-29 00:48:28,0
2026-01-29 00:48:29,0
2026-01-29 00:48:30,0
2026-01-29 00:48:31,0
2026-01-29 00:48:32,0
2026-01-29 00:48:33,0
2026-01-29 00:48:34,0
2026-01-29 00:48:35,0
2026-01-29 00:48:36,0
2026-01-29 00:48:37,0
2026-01-29 00:48:38,0
2026-01-29 00:48:39,0
2026-01-29 00:48:40,0
2026-01-29 00:48:41,0
2026-01-29 00:48:42,0
2026-01-29 00:48:43,0
2026-01-29 00:48:44,0
2026-01-29 00:48:45,0
2026-01-29 00:48:46,0
2026-01-29 00:48:47,0
2026-01-29 00:48:48,0
2026-01-29 00:48:49,0
2026-01-29 00:48:50,0
2026-01-29 00:48:51,0
2026-01-29 00:48:52,0
2026-01-29 00:48:53,0
2026-01-29 00:48:54,0
2026-01-29 00:48:55,0
2026-01-29 00:48:56,0
2026-01-29 00:48:57,0
2026-01-29 00:48:58,0
2026-01-29 00:48:59,0
2026-01-29 00:49:00,0
2026-01-29 00:49:01,0
2026-01-29 00:49:02,0
2026-01-29 00:49:03,0
2026-01-29 00:54:14,6.54
2026-01-29 00:54:15,6.54
2026-01-29 00:54:16,6.54
2026-01-29 00:54:17,6.54
2026-01-29 00:54:18,6.54
2026-01-29 00:54:19,8.42
2026-01-29 00:54:20,8.42
2026-01-29 00:54:21,8.42
2026-01-29 00:54:22,8.42
2026-01-29 00:54:23,8.42
2026-01-29 00:54:24,9.11
2026-01-29 00:54:25,9.11
2026-01-29 00:54:26,9.11
2026-01-29 00:54:27,9.11
2026-01-29 00:54:28,9.11
2026-01-29 00:54:29,8.82
2026-01-29 00:54:30,8.82
2026-01-29 00:54:31,8.82
2026-01-29 00:54:32,8.82
2026-01-29 00:54:33,8.82
2026-01-29 00:54:34,8.69
2026-01-29 00:54:35,8.69
2026-01-29 00:54:36,8.69
2026-01-29 00:54:37,8.69
2026-01-29 00:54:38,8.69
2026-01-29 00:54:39,8.54
2026-01-29 00:54:40,8.54
2026-01-29 00:54:41,8.54
2026-01-29 00:54:42,8.54
2026-01-29 00:54:43,8.54
2026-01-29 00:54:44,8.76
2026-01-29 00:54:45,8.76
2026-01-29 00:54:46,8.76
2026-01-29 00:54:47,8.76
2026-01-29 00:54:48,8.76
2026-01-29 00:54:49,9.96
2026-01-29 00:54:50,9.96
2026-01-29 00:54:51,9.96
2026-01-29 00:54:52,9.96
2026-01-29 00:54:53,9.96
2026-01-29 00:54:54,9.05
2026-01-29 00:54:55,9.05
2026-01-29 00:54:56,9.05
2026-01-29 00:54:57,9.05
2026-01-29 00:54:58,9.05
2026-01-29 00:54:59,7.80
2026-01-29 00:55:00,7.80
2026-01-29 00:55:01,7.80
2026-01-29 00:55:02,7.80
2026-01-29 00:55:03,7.80
2026-01-29 00:55:04,9.36
2026-01-29 00:55:05,9.36
2026-01-29 00:55:06,9.36
2026-01-29 00:55:07,9.36
2026-01-29 00:55:08,9.36
2026-01-29 00:55:09,7.37
2026-01-29 00:55:10,7.37
2026-01-29 00:55:11,7.37
2026-01-29 00:55:12,7.37
2026-01-29 00:55:13,7.37
2026-01-29 00:55:14,7.09
2026-01-29 00:55:15,7.09
2026-01-29 00:55:16,7.09
2026-01-29 00:55:17,7.09
2026-01-29 00:55:18,7.09
2026-01-29 00:55:19,6.85
2026-01-29 00:55:20,6.85
2026-01-29 00:55:21,6.85
2026-01-29 00:55:22,6.85
2026-01-29 00:55:23,6.85
2026-01-29 00:55:24,7.13
2026-01-29 00:55:25,7.13
2026-01-29 00:55:26,7.13
2026-01-29 00:55:27,7.13
2026-01-29 00:55:28,7.13
2026-01-29 00:55:29,6.97
2026-01-29 00:55:30,6.97
2026-01-29 00:55:31,6.97
2026-01-29 00:55:32,6.97
2026-01-29 00:55:33,6.97
2026-01-29 00:55:34,7.05
2026-01-29 00:55:35,7.05
2026-01-29 00:55:36,7.05
2026-01-29 00:55:37,7.05
2026-01-29 00:55:38,7.05
2026-01-29 00:55:39,6.95
2026-01-29 00:55:40,6.95
2026-01-29 00:55:41,6.95
2026-01-29 00:55:42,6.95
2026-01-29 00:55:43,6.95
2026-01-29 00:55:44,7.09
2026-01-29 00:55:45,7.09
2026-01-29 00:55:46,7.09
2026-01-29 00:55:47,7.09
2026-01-29 00:55:48,7.09
2026-01-29 00:55:49,6.89
2026-01-29 00:55:50,6.89
2026-01-29 00:55:51,6.89
2026-01-29 00:55:52,6.89
2026-01-29 00:55:53,6.89
2026-01-29 00:55:54,6.98
2026-01-29 00:55:55,6.98
2026-01-29 00:55:56,6.98
2026-01-29 00:55:57,6.98
2026-01-29 00:55:58,6.98
2026-01-29 00:55:59,7.00
2026-01-29 00:56:00,7.00
2026-01-29 00:56:01,7.00
2026-01-29 00:56:02,7.00
2026-01-29 00:56:03,7.00
2026-01-29 00:56:04,7.31
2026-01-29 00:56:05,7.31
2026-01-29 00:56:06,7.31
2026-01-29 00:56:07,7.31
2026-01-29 00:56:08,7.31
2026-01-29 00:56:09,6.95
2026-01-29 00:56:10,6.95
2026-01-29 00:56:11,6.95
2026-01-29 00:56:12,6.95
2026-01-29 00:56:13,6.95
2026-01-29 00:56:14,6.94
2026-01-29 00:56:15,6.94
2026-01-29 00:56:16,6.94
2026-01-29 00:56:17,6.94
2026-01-29 00:56:18,6.94
2026-01-29 00:56:19,6.84
2026-01-29 00:56:20,6.84
2026-01-29 00:56:21,6.84
2026-01-29 00:56:22,6.84
2026-01-29 00:56:23,6.84
2026-01-29 00:56:24,7.19
2026-01-29 00:56:25,7.19
2026-01-29 00:56:26,7.19
2026-01-29 00:56:27,7.19
2026-01-29 00:56:28,7.19
2026-01-29 00:56:29,0
2026-01-29 00:56:30,0
2026-01-29 00:56:31,0
2026-01-29 00:56:32,0
2026-01-29 00:56:33,0
2026-01-29 00:56:34,0
2026-01-29 00:56:35,0
2026-01-29 00:56:36,0
2026-01-29 00:56:37,0
2026-01-29 00:56:38,0
2026-01-29 00:56:39,0
2026-01-29 00:56:40,0
2026-01-29 00:56:41,0
2026-01-29 00:56:42,0
2026-01-29 00:56:43,0
2026-01-29 00:56:44,0
2026-01-29 00:56:45,0
2026-01-29 00:56:46,0
2026-01-29 00:56:47,0
2026-01-29 00:56:48,0
2026-01-29 00:56:49,0
2026-01-29 00:56:50,0
2026-01-29 00:56:51,0
2026-01-29 00:56:52,0
2026-01-29 00:56:53,0
2026-01-29 00:56:54,0
2026-01-29 00:56:55,0
2026-01-29 00:56:56,0
2026-01-29 00:56:57,0
2026-01-29 00:56:58,0
2026-01-29 00:56:59,0
2026-01-29 00:57:00,0
2026-01-29 00:57:01,0
2026-01-29 00:57:02,0
2026-01-29 00:57:03,0
2026-01-29 00:57:04,0
2026-01-29 00:57:05,0
2026-01-29 00:57:06,0
2026-01-29 00:57:07,0
2026-01-29 00:57:08,0
2026-01-29 00:57:09,0
2026-01-29 00:57:10,0
2026-01-29 00:57:11,0
2026-01-29 00:57:12,0
2026-01-29 00:57:13,0
2026-01-29 00:57:14,0
2026-01-29 00:57:15,0
2026-01-29 00:57:16,0
2026-01-29 00:57:17,0
2026-01-29 00:57:18,0
2026-01-29 00:57:19,0
2026-01-29 00:57:20,0
2026-01-29 00:57:21,0
2026-01-29 00:57:22,0
2026-01-29 00:57:23,0
2026-01-29 00:57:24,0
2026-01-29 00:57:25,0
2026-01-29 00:57:26,0
2026-01-29 00:57:27,0
2026-01-29 00:57:28,0
2026-01-29 00:57:29,0
2026-01-29 00:57:30,0
2026-01-29 00:57:31,0
2026-01-29 00:57:32,0
2026-01-29 00:57:33,0
2026-01-29 00:57:34,0
2026-01-29 00:57:35,0
2026-01-29 00:57:36,0
2026-01-29 00:57:37,0
2026-01-29 00:57:38,0
2026-01-29 00:57:39,0
2026-01-29 00:57:40,0
2026-01-29 00:57:41,0
2026-01-29 00:57:42,0
2026-01-29 00:57:43,0
2026-01-29 00:57:44,0
2026-01-29 00:57:45,0
2026-01-29 00:57:46,0
2026-01-29 00:57:47,0
2026-01-29 00:57:48,0
2026-01-29 00:57:49,0
2026-01-29 00:57:50,0
2026-01-29 00:57:51,0
2026-01-29 00:57:52,0
2026-01-29 00:57:53,0
2026-01-29 00:57:54,0
2026-01-29 00:57:55,0
2026-01-29 00:57:56,0
2026-01-29 00:57:57,0
2026-01-29 00:57:58,0
2026-01-29 00:57:59,0
2026-01-29 00:58:00,0
2026-01-29 00:58:01,0
2026-01-29 00:58:02,0
2026-01-29 00:58:03,0
2026-01-29 01:03:14,7.91
2026-01-29 01:03:15,7.91
2026-01-29 01:03:16,7.91
2026-01-29 01:03:17,7.91
2026-01-29 01:03:18,7.91
2026-01-29 01:03:19,7.84
2026-01-29 01:03:20,7.84
2026-01-29 01:03:21,7.84
2026-01-29 01:03:22,7.84
2026-01-29 01:03:23,7.84
2026-01-29 01:03:24,8.28
2026-01-29 01:03:25,8.28
2026-01-29 01:03:26,8.28
2026-01-29 01:03:27,8.28
2026-01-29 01:03:28,8.28
2026-01-29 01:03:29,7.94
2026-01-29 01:03:30,7.94
2026-01-29 01:03:31,7.94
2026-01-29 01:03:32,7.94
2026-01-29 01:03:33,7.94
2026-01-29 01:03:34,8.00
2026-01-29 01:03:35,8.00
2026-01-29 01:03:36,8.00
2026-01-29 01:03:37,8.00
2026-01-29 01:03:38,8.00
2026-01-29 01:03:39,7.76
2026-01-29 01:03:40,7.76
2026-01-29 01:03:41,7.76
2026-01-29 01:03:42,7.76
2026-01-29 01:03:43,7.76
2026-01-29 01:03:44,7.93
2026-01-29 01:03:45,7.93
2026-01-29 01:03:46,7.93
2026-01-29 01:03:47,7.93
2026-01-29 01:03:48,7.93
2026-01-29 01:03:49,7.82
2026-01-29 01:03:50,7.82
2026-01-29 01:03:51,7.82
2026-01-29 01:03:52,7.82
2026-01-29 01:03:53,7.82
2026-01-29 01:03:54,7.93
2026-01-29 01:03:55,7.93
2026-01-29 01:03:56,7.93
2026-01-29 01:03:57,7.93
2026-01-29 01:03:58,7.93
2026-01-29 01:03:59,7.80
2026-01-29 01:04:00,7.80
2026-01-29 01:04:01,7.80
2026-01-29 01:04:02,7.80
2026-01-29 01:04:03,7.80
2026-01-29 01:04:04,8.16
2026-01-29 01:04:05,8.16
2026-01-29 01:04:06,8.16
2026-01-29 01:04:07,8.16
2026-01-29 01:04:08,8.16
2026-01-29 01:04:09,8.05
2026-01-29 01:04:10,8.05
2026-01-29 01:04:11,8.05
2026-01-29 01:04:12,8.05
2026-01-29 01:04:13,8.05
2026-01-29 01:04:14,7.73
2026-01-29 01:04:15,7.73
2026-01-29 01:04:16,7.73
2026-01-29 01:04:17,7.73
2026-01-29 01:04:18,7.73
2026-01-29 01:04:19,7.71
2026-01-29 01:04:20,7.71
2026-01-29 01:04:21,7.71
2026-01-29 01:04:22,7.71
2026-01-29 01:04:23,7.71
2026-01-29 01:04:24,8.05
2026-01-29 01:04:25,8.05
2026-01-29 01:04:26,8.05
2026-01-29 01:04:27,8.05
2026-01-29 01:04:28,8.05
2026-01-29 01:04:29,7.96
2026-01-29 01:04:30,7.96
2026-01-29 01:04:31,7.96
2026-01-29 01:04:32,7.96
2026-01-29 01:04:33,7.96
2026-01-29 01:04:34,8.03
2026-01-29 01:04:35,8.03
2026-01-29 01:04:36,8.03
2026-01-29 01:04:37,8.03
2026-01-29 01:04:38,8.03
2026-01-29 01:04:39,7.82
2026-01-29 01:04:40,7.82
2026-01-29 01:04:41,7.82
2026-01-29 01:04:42,7.82
2026-01-29 01:04:43,7.82
2026-01-29 01:04:44,7.90
2026-01-29 01:04:45,7.90
2026-01-29 01:04:46,7.90
2026-01-29 01:04:47,7.90
2026-01-29 01:04:48,7.90
2026-01-29 01:04:49,7.25
2026-01-29 01:04:50,7.25
2026-01-29 01:04:51,7.25
2026-01-29 01:04:52,7.25
2026-01-29 01:04:53,7.25
2026-01-29 01:04:54,8.70
2026-01-29 01:04:55,8.70
2026-01-29 01:04:56,8.70
2026-01-29 01:04:57,8.70
2026-01-29 01:04:58,8.70
2026-01-29 01:04:59,8.75
2026-01-29 01:05:00,8.75
2026-01-29 01:05:01,8.75
2026-01-29 01:05:02,8.75
2026-01-29 01:05:03,8.75
2026-01-29 01:05:04,9.29
2026-01-29 01:05:05,9.29
2026-01-29 01:05:06,9.29
2026-01-29 01:05:07,9.29
2026-01-29 01:05:08,9.29
2026-01-29 01:05:09,9.74
2026-01-29 01:05:10,9.74
2026-01-29 01:05:11,9.74
2026-01-29 01:05:12,9.74
2026-01-29 01:05:13,9.74
2026-01-29 01:05:14,7.87
2026-01-29 01:05:15,7.87
2026-01-29 01:05:16,7.87
2026-01-29 01:05:17,7.87
2026-01-29 01:05:18,7.87
2026-01-29 01:05:19,7.72
2026-01-29 01:05:20,7.72
2026-01-29 01:05:21,7.72
2026-01-29 01:05:22,7.72
2026-01-29 01:05:23,7.72
2026-01-29 01:05:24,8.04
2026-01-29 01:05:25,8.04
2026-01-29 01:05:26,8.04
2026-01-29 01:05:27,8.04
2026-01-29 01:05:28,8.04
2026-01-29 01:05:29,0
2026-01-29 01:05:30,0
2026-01-29 01:05:31,0
2026-01-29 01:05:32,0
2026-01-29 01:05:33,0
2026-01-29 01:05:34,0
2026-01-29 01:05:35,0
2026-01-29 01:05:36,0
2026-01-29 01:05:37,0
2026-01-29 01:05:38,0
2026-01-29 01:05:39,0
2026-01-29 01:05:40,0
2026-01-29 01:05:41,0
2026-01-29 01:05:42,0
2026-01-29 01:05:43,0
2026-01-29 01:05:44,0
2026-01-29 01:05:45,0
2026-01-29 01:05:46,0
2026-01-29 01:05:47,0
2026-01-29 01:05:48,0
2026-01-29 01:05:49,0
2026-01-29 01:05:50,0
2026-01-29 01:05:51,0
2026-01-29 01:05:52,0
2026-01-29 01:05:53,0
2026-01-29 01:05:54,0
2026-01-29 01:05:55,0
2026-01-29 01:05:56,0
2026-01-29 01:05:57,0
2026-01-29 01:05:58,0
2026-01-29 01:05:59,0
2026-01-29 01:06:00,0
2026-01-29 01:06:01,0
2026-01-29 01:06:02,0
2026-01-29 01:06:03,0
2026-01-29 01:06:04,0
2026-01-29 01:06:05,0
2026-01-29 01:06:06,0
2026-01-29 01:06:07,0
2026-01-29 01:06:08,0
2026-01-29 01:06:09,0
2026-01-29 01:06:10,0
2026-01-29 01:06:11,0
2026-01-29 01:06:12,0
2026-01-29 01:06:13,0
2026-01-29 01:06:14,0
2026-01-29 01:06:15,0
2026-01-29 01:06:16,0
2026-01-29 01:06:17,0
2026-01-29 01:06:18,0
2026-01-29 01:06:19,0
2026-01-29 01:06:20,0
2026-01-29 01:06:21,0
2026-01-29 01:06:22,0
2026-01-29 01:06:23,0
2026-01-29 01:06:24,0
2026-01-29 01:06:25,0
2026-01-29 01:06:26,0
2026-01-29 01:06:27,0
2026-01-29 01:06:28,0
2026-01-29 01:06:29,0
2026-01-29 01:06:30,0
2026-01-29 01:06:31,0
2026-01-29 01:06:32,0
2026-01-29 01:06:33,0
2026-01-29 01:06:34,0
2026-01-29 01:06:35,0
2026-01-29 01:06:36,0
2026-01-29 01:06:37,0
2026-01-29 01:06:38,0
2026-01-29 01:06:39,0
2026-01-29 01:06:40,0
2026-01-29 01:06:41,0
2026-01-29 01:06:42,0
2026-01-29 01:06:43,0
2026-01-29 01:06:44,0
2026-01-29 01:06:45,0
2026-01-29 01:06:46,0
2026-01-29 01:06:47,0
2026-01-29 01:06:48,0
2026-01-29 01:06:49,0
2026-01-29 01:06:50,0
2026-01-29 01:06:51,0
2026-01-29 01:06:52,0
2026-01-29 01:06:53,0
2026-01-29 01:06:54,0
2026-01-29 01:06:55,0
2026-01-29 01:06:56,0
2026-01-29 01:06:57,0
2026-01-29 01:06:58,0
2026-01-29 01:06:59,0
2026-01-29 01:07:00,0
2026-01-29 01:07:01,0
2026-01-29 01:07:02,0
2026-01-29 01:07:03,0
2026-01-29 01:12:09,2.63
2026-01-29 01:12:10,2.63
2026-01-29 01:12:11,2.63
2026-01-29 01:12:12,2.63
2026-01-29 01:12:13,2.63
2026-01-29 01:12:14,7.88
2026-01-29 01:12:15,7.88
2026-01-29 01:12:16,7.88
2026-01-29 01:12:17,7.88
2026-01-29 01:12:18,7.88
2026-01-29 01:12:19,7.78
2026-01-29 01:12:20,7.78
2026-01-29 01:12:21,7.78
2026-01-29 01:12:22,7.78
2026-01-29 01:12:23,7.78
2026-01-29 01:12:24,8.16
2026-01-29 01:12:25,8.16
2026-01-29 01:12:26,8.16
2026-01-29 01:12:27,8.16
2026-01-29 01:12:28,8.16
2026-01-29 01:12:29,7.91
2026-01-29 01:12:30,7.91
2026-01-29 01:12:31,7.91
2026-01-29 01:12:32,7.91
2026-01-29 01:12:33,7.91
2026-01-29 01:12:34,7.91
2026-01-29 01:12:35,7.91
2026-01-29 01:12:36,7.91
2026-01-29 01:12:37,7.91
2026-01-29 01:12:38,7.91
2026-01-29 01:12:39,7.87
2026-01-29 01:12:40,7.87
2026-01-29 01:12:41,7.87
2026-01-29 01:12:42,7.87
2026-01-29 01:12:43,7.87
2026-01-29 01:12:44,7.99
2026-01-29 01:12:45,7.99
2026-01-29 01:12:46,7.99
2026-01-29 01:12:47,7.99
2026-01-29 01:12:48,7.99
2026-01-29 01:12:49,7.77
2026-01-29 01:12:50,7.77
2026-01-29 01:12:51,7.77
2026-01-29 01:12:52,7.77
2026-01-29 01:12:53,7.77
2026-01-29 01:12:54,7.84
2026-01-29 01:12:55,7.84
2026-01-29 01:12:56,7.84
2026-01-29 01:12:57,7.84
2026-01-29 01:12:58,7.84
2026-01-29 01:12:59,7.77
2026-01-29 01:13:00,7.77
2026-01-29 01:13:01,7.77
2026-01-29 01:13:02,7.77
2026-01-29 01:13:03,7.77
2026-01-29 01:13:04,8.04
2026-01-29 01:13:05,8.04
2026-01-29 01:13:06,8.04
2026-01-29 01:13:07,8.04
2026-01-29 01:13:08,8.04
2026-01-29 01:13:09,8.05
2026-01-29 01:13:10,8.05
2026-01-29 01:13:11,8.05
2026-01-29 01:13:12,8.05
2026-01-29 01:13:13,8.05
2026-01-29 01:13:14,7.91
2026-01-29 01:13:15,7.91
2026-01-29 01:13:16,7.91
2026-01-29 01:13:17,7.91
2026-01-29 01:13:18,7.91
2026-01-29 01:13:19,7.79
2026-01-29 01:13:20,7.79
2026-01-29 01:13:21,7.79
2026-01-29 01:13:22,7.79
2026-01-29 01:13:23,7.79
2026-01-29 01:13:24,7.96
2026-01-29 01:13:25,7.96
2026-01-29 01:13:26,7.96
2026-01-29 01:13:27,7.96
2026-01-29 01:13:28,7.96
2026-01-29 01:13:29,8.90
2026-01-29 01:13:30,8.90
2026-01-29 01:13:31,8.90
2026-01-29 01:13:32,8.90
2026-01-29 01:13:33,8.90
2026-01-29 01:13:34,7.49
2026-01-29 01:13:35,7.49
2026-01-29 01:13:36,7.49
2026-01-29 01:13:37,7.49
2026-01-29 01:13:38,7.49
2026-01-29 01:13:39,6.94
2026-01-29 01:13:40,6.94
2026-01-29 01:13:41,6.94
2026-01-29 01:13:42,6.94
2026-01-29 01:13:43,6.94
2026-01-29 01:13:44,7.02
2026-01-29 01:13:45,7.02
2026-01-29 01:13:46,7.02
2026-01-29 01:13:47,7.02
2026-01-29 01:13:48,7.02
2026-01-29 01:13:49,6.81
2026-01-29 01:13:50,6.81
2026-01-29 01:13:51,6.81
2026-01-29 01:13:52,6.81
2026-01-29 01:13:53,6.81
2026-01-29 01:13:54,8.11
2026-01-29 01:13:55,8.11
2026-01-29 01:13:56,8.11
2026-01-29 01:13:57,8.11
2026-01-29 01:13:58,8.11
2026-01-29 01:13:59,7.85
2026-01-29 01:14:00,7.85
2026-01-29 01:14:01,7.85
2026-01-29 01:14:02,7.85
2026-01-29 01:14:03,7.85
2026-01-29 01:14:04,8.08
2026-01-29 01:14:05,8.08
2026-01-29 01:14:06,8.08
2026-01-29 01:14:07,8.08
2026-01-29 01:14:08,8.08
2026-01-29 01:14:09,8.01
2026-01-29 01:14:10,8.01
2026-01-29 01:14:11,8.01
2026-01-29 01:14:12,8.01
2026-01-29 01:14:13,8.01
2026-01-29 01:14:14,7.84
2026-01-29 01:14:15,7.84
2026-01-29 01:14:16,7.84
2026-01-29 01:14:17,7.84
2026-01-29 01:14:18,7.84
2026-01-29 01:14:19,7.68
2026-01-29 01:14:20,7.68
2026-01-29 01:14:21,7.68
2026-01-29 01:14:22,7.68
2026-01-29 01:14:23,7.68
2026-01-29 01:14:24,0
2026-01-29 01:14:25,0
2026-01-29 01:14:26,0
2026-01-29 01:14:27,0
2026-01-29 01:14:28,0
2026-01-29 01:14:29,0
2026-01-29 01:14:30,0
2026-01-29 01:14:31,0
2026-01-29 01:14:32,0
2026-01-29 01:14:33,0
2026-01-29 01:14:34,0
2026-01-29 01:14:35,0
2026-01-29 01:14:36,0
2026-01-29 01:14:37,0
2026-01-29 01:14:38,0
2026-01-29 01:14:39,0
2026-01-29 01:14:40,0
2026-01-29 01:14:41,0
2026-01-29 01:14:42,0
2026-01-29 01:14:43,0
2026-01-29 01:14:44,0
2026-01-29 01:14:45,0
2026-01-29 01:14:46,0
2026-01-29 01:14:47,0
2026-01-29 01:14:48,0
2026-01-29 01:14:49,0
2026-01-29 01:14:50,0
2026-01-29 01:14:51,0
2026-01-29 01:14:52,0
2026-01-29 01:14:53,0
2026-01-29 01:14:54,0
2026-01-29 01:14:55,0
2026-01-29 01:14:56,0
2026-01-29 01:14:57,0
2026-01-29 01:14:58,0
2026-01-29 01:14:59,0
2026-01-29 01:15:00,0
2026-01-29 01:15:01,0
2026-01-29 01:15:02,0
2026-01-29 01:15:03,0
2026-01-29 01:15:04,0
2026-01-29 01:15:05,0
2026-01-29 01:15:06,0
2026-01-29 01:15:07,0
2026-01-29 01:15:08,0
2026-01-29 01:15:09,0
2026-01-29 01:15:10,0
2026-01-29 01:15:11,0
2026-01-29 01:15:12,0
2026-01-29 01:15:13,0
2026-01-29 01:15:14,0
2026-01-29 01:15:15,0
2026-01-29 01:15:16,0
2026-01-29 01:15:17,0
2026-01-29 01:15:18,0
2026-01-29 01:15:19,0
2026-01-29 01:15:20,0
2026-01-29 01:15:21,0
2026-01-29 01:15:22,0
2026-01-29 01:15:23,0
2026-01-29 01:15:24,0
2026-01-29 01:15:25,0
2026-01-29 01:15:26,0
2026-01-29 01:15:27,0
2026-01-29 01:15:28,0
2026-01-29 01:15:29,0
2026-01-29 01:15:30,0
2026-01-29 01:15:31,0
2026-01-29 01:15:32,0
2026-01-29 01:15:33,0
2026-01-29 01:15:34,0
2026-01-29 01:15:35,0
2026-01-29 01:15:36,0
2026-01-29 01:15:37,0
2026-01-29 01:15:38,0
2026-01-29 01:15:39,0
2026-01-29 01:15:40,0
2026-01-29 01:15:41,0
2026-01-29 01:15:42,0
2026-01-29 01:15:43,0
2026-01-29 01:15:44,0
2026-01-29 01:15:45,0
2026-01-29 01:15:46,0
2026-01-29 01:15:47,0
2026-01-29 01:15:48,0
2026-01-29 01:15:49,0
2026-01-29 01:15:50,0
2026-01-29 01:15:51,0
2026-01-29 01:15:52,0
2026-01-29 01:15:53,0
2026-01-29 01:15:54,0
2026-01-29 01:15:55,0
2026-01-29 01:15:56,0
2026-01-29 01:15:57,0
2026-01-29 01:15:58,0
2026-01-29 01:21:09,6.93
2026-01-29 01:21:10,6.93
2026-01-29 01:21:11,6.93
2026-01-29 01:21:12,6.93
2026-01-29 01:21:13,6.93
2026-01-29 01:21:14,7.88
2026-01-29 01:21:15,7.88
2026-01-29 01:21:16,7.88
2026-01-29 01:21:17,7.88
2026-01-29 01:21:18,7.88
2026-01-29 01:21:19,7.86
2026-01-29 01:21:20,7.86
2026-01-29 01:21:21,7.86
2026-01-29 01:21:22,7.86
2026-01-29 01:21:23,7.86
2026-01-29 01:21:24,7.97
2026-01-29 01:21:25,7.97
2026-01-29 01:21:26,7.97
2026-01-29 01:21:27,7.97
2026-01-29 01:21:28,7.97
2026-01-29 01:21:29,7.76
2026-01-29 01:21:30,7.76
2026-01-29 01:21:31,7.76
2026-01-29 01:21:32,7.76
2026-01-29 01:21:33,7.76
2026-01-29 01:21:34,7.79
2026-01-29 01:21:35,7.79
2026-01-29 01:21:36,7.79
2026-01-29 01:21:37,7.79
2026-01-29 01:21:38,7.79
2026-01-29 01:21:39,7.68
2026-01-29 01:21:40,7.68
2026-01-29 01:21:41,7.68
2026-01-29 01:21:42,7.68
2026-01-29 01:21:43,7.68
2026-01-29 01:21:44,7.79
2026-01-29 01:21:45,7.79
2026-01-29 01:21:46,7.79
2026-01-29 01:21:47,7.79
2026-01-29 01:21:48,7.79
2026-01-29 01:21:49,7.73
2026-01-29 01:21:50,7.73
2026-01-29 01:21:51,7.73
2026-01-29 01:21:52,7.73
2026-01-29 01:21:53,7.73
2026-01-29 01:21:54,7.80
2026-01-29 01:21:55,7.80
2026-01-29 01:21:56,7.80
2026-01-29 01:21:57,7.80
2026-01-29 01:21:58,7.80
2026-01-29 01:21:59,7.74
2026-01-29 01:22:00,7.74
2026-01-29 01:22:01,7.74
2026-01-29 01:22:02,7.74
2026-01-29 01:22:03,7.74
2026-01-29 01:22:04,7.82
2026-01-29 01:22:05,7.82
2026-01-29 01:22:06,7.82
2026-01-29 01:22:07,7.82
2026-01-29 01:22:08,7.82
2026-01-29 01:22:09,8.11
2026-01-29 01:22:10,8.11
2026-01-29 01:22:11,8.11
2026-01-29 01:22:12,8.11
2026-01-29 01:22:13,8.11
2026-01-29 01:22:14,7.70
2026-01-29 01:22:15,7.70
2026-01-29 01:22:16,7.70
2026-01-29 01:22:17,7.70
2026-01-29 01:22:18,7.70
2026-01-29 01:22:19,7.74
2026-01-29 01:22:20,7.74
2026-01-29 01:22:21,7.74
2026-01-29 01:22:22,7.74
2026-01-29 01:22:23,7.74
2026-01-29 01:22:24,8.08
2026-01-29 01:22:25,8.08
2026-01-29 01:22:26,8.08
2026-01-29 01:22:27,8.08
2026-01-29 01:22:28,8.08
2026-01-29 01:22:29,7.79
2026-01-29 01:22:30,7.79
2026-01-29 01:22:31,7.79
2026-01-29 01:22:32,7.79
2026-01-29 01:22:33,7.79
2026-01-29 01:22:34,7.86
2026-01-29 01:22:35,7.86
2026-01-29 01:22:36,7.86
2026-01-29 01:22:37,7.86
2026-01-29 01:22:38,7.86
2026-01-29 01:22:39,7.74
2026-01-29 01:22:40,7.74
2026-01-29 01:22:41,7.74
2026-01-29 01:22:42,7.74
2026-01-29 01:22:43,7.74
2026-01-29 01:22:44,7.78
2026-01-29 01:22:45,7.78
2026-01-29 01:22:46,7.78
2026-01-29 01:22:47,7.78
2026-01-29 01:22:48,7.78
2026-01-29 01:22:49,7.78
2026-01-29 01:22:50,7.78
2026-01-29 01:22:51,7.78
2026-01-29 01:22:52,7.78
2026-01-29 01:22:53,7.78
2026-01-29 01:22:54,7.94
2026-01-29 01:22:55,7.94
2026-01-29 01:22:56,7.94
2026-01-29 01:22:57,7.94
2026-01-29 01:22:58,7.94
2026-01-29 01:22:59,7.70
2026-01-29 01:23:00,7.70
2026-01-29 01:23:01,7.70
2026-01-29 01:23:02,7.70
2026-01-29 01:23:03,7.70
2026-01-29 01:23:04,7.82
2026-01-29 01:23:05,7.82
2026-01-29 01:23:06,7.82
2026-01-29 01:23:07,7.82
2026-01-29 01:23:08,7.82
2026-01-29 01:23:09,8.14
2026-01-29 01:23:10,8.14
2026-01-29 01:23:11,8.14
2026-01-29 01:23:12,8.14
2026-01-29 01:23:13,8.14
2026-01-29 01:23:14,7.91
2026-01-29 01:23:15,7.91
2026-01-29 01:23:16,7.91
2026-01-29 01:23:17,7.91
2026-01-29 01:23:18,7.91
2026-01-29 01:23:19,7.84
2026-01-29 01:23:20,7.84
2026-01-29 01:23:21,7.84
2026-01-29 01:23:22,7.84
2026-01-29 01:23:23,7.84
2026-01-29 01:23:24,0
2026-01-29 01:23:25,0
2026-01-29 01:23:26,0
2026-01-29 01:23:27,0
2026-01-29 01:23:28,0
2026-01-29 01:23:29,0
2026-01-29 01:23:30,0
2026-01-29 01:23:31,0
2026-01-29 01:23:32,0
2026-01-29 01:23:33,0
2026-01-29 01:23:34,0
2026-01-29 01:23:35,0
2026-01-29 01:23:36,0
2026-01-29 01:23:37,0
2026-01-29 01:23:38,0
2026-01-29 01:23:39,0
2026-01-29 01:23:40,0
2026-01-29 01:23:41,0
2026-01-29 01:23:42,0
2026-01-29 01:23:43,0
2026-01-29 01:23:44,0
2026-01-29 01:23:45,0
2026-01-29 01:23:46,0
2026-01-29 01:23:47,0
2026-01-29 01:23:48,0
2026-01-29 01:23:49,0
2026-01-29 01:23:50,0
2026-01-29 01:23:51,0
2026-01-29 01:23:52,0
2026-01-29 01:23:53,0
2026-01-29 01:23:54,0
2026-01-29 01:23:55,0
2026-01-29 01:23:56,0
2026-01-29 01:23:57,0
2026-01-29 01:23:58,0
2026-01-29 01:23:59,0
2026-01-29 01:24:00,0
2026-01-29 01:24:01,0
2026-01-29 01:24:02,0
2026-01-29 01:24:03,0
2026-01-29 01:24:04,0
2026-01-29 01:24:05,0
2026-01-29 01:24:06,0
2026-01-29 01:24:07,0
2026-01-29 01:24:08,0
2026-01-29 01:24:09,0
2026-01-29 01:24:10,0
2026-01-29 01:24:11,0
2026-01-29 01:24:12,0
2026-01-29 01:24:13,0
2026-01-29 01:24:14,0
2026-01-29 01:24:15,0
2026-01-29 01:24:16,0
2026-01-29 01:24:17,0
2026-01-29 01:24:18,0
2026-01-29 01:24:19,0
2026-01-29 01:24:20,0
2026-01-29 01:24:21,0
2026-01-29 01:24:22,0
2026-01-29 01:24:23,0
2026-01-29 01:24:24,0
2026-01-29 01:24:25,0
2026-01-29 01:24:26,0
2026-01-29 01:24:27,0
2026-01-29 01:24:28,0
2026-01-29 01:24:29,0
2026-01-29 01:24:30,0
2026-01-29 01:24:31,0
2026-01-29 01:24:32,0
2026-01-29 01:24:33,0
2026-01-29 01:24:34,0
2026-01-29 01:24:35,0
2026-01-29 01:24:36,0
2026-01-29 01:24:37,0
2026-01-29 01:24:38,0
2026-01-29 01:24:39,0
2026-01-29 01:24:40,0
2026-01-29 01:24:41,0
2026-01-29 01:24:42,0
2026-01-29 01:24:43,0
2026-01-29 01:24:44,0
2026-01-29 01:24:45,0
2026-01-29 01:24:46,0
2026-01-29 01:24:47,0
2026-01-29 01:24:48,0
2026-01-29 01:24:49,0
2026-01-29 01:24:50,0
2026-01-29 01:24:51,0
2026-01-29 01:24:52,0
2026-01-29 01:24:53,0
2026-01-29 01:24:54,0
2026-01-29 01:24:55,0
2026-01-29 01:24:56,0
2026-01-29 01:24:57,0
2026-01-29 01:24:58,0
2026-01-29 01:30:04,6.85
2026-01-29 01:30:05,6.85
2026-01-29 01:30:06,6.85
2026-01-29 01:30:07,6.85
2026-01-29 01:30:08,6.85
2026-01-29 01:30:09,8.66
2026-01-29 01:30:10,8.66
2026-01-29 01:30:11,8.66
2026-01-29 01:30:12,8.66
2026-01-29 01:30:13,8.66
2026-01-29 01:30:14,7.94
2026-01-29 01:30:15,7.94
2026-01-29 01:30:16,7.94
2026-01-29 01:30:17,7.94
2026-01-29 01:30:18,7.94
2026-01-29 01:30:19,7.37
2026-01-29 01:30:20,7.37
2026-01-29 01:30:21,7.37
2026-01-29 01:30:22,7.37
2026-01-29 01:30:23,7.37
2026-01-29 01:30:24,9.45
2026-01-29 01:30:25,9.45
2026-01-29 01:30:26,9.45
2026-01-29 01:30:27,9.45
2026-01-29 01:30:28,9.45
2026-01-29 01:30:29,8.72
2026-01-29 01:30:30,8.72
2026-01-29 01:30:31,8.72
2026-01-29 01:30:32,8.72
2026-01-29 01:30:33,8.72
2026-01-29 01:30:34,8.82
2026-01-29 01:30:35,8.82
2026-01-29 01:30:36,8.82
2026-01-29 01:30:37,8.82
2026-01-29 01:30:38,8.82
2026-01-29 01:30:39,8.62
2026-01-29 01:30:40,8.62
2026-01-29 01:30:41,8.62
2026-01-29 01:30:42,8.62
2026-01-29 01:30:43,8.62
2026-01-29 01:30:44,8.75
2026-01-29 01:30:45,8.75
2026-01-29 01:30:46,8.75
2026-01-29 01:30:47,8.75
2026-01-29 01:30:48,8.75
2026-01-29 01:30:49,8.80
2026-01-29 01:30:50,8.80
2026-01-29 01:30:51,8.80
2026-01-29 01:30:52,8.80
2026-01-29 01:30:53,8.80
2026-01-29 01:30:54,8.81
2026-01-29 01:30:55,8.81
2026-01-29 01:30:56,8.81
2026-01-29 01:30:57,8.81
2026-01-29 01:30:58,8.81
2026-01-29 01:30:59,8.48
2026-01-29 01:31:00,8.48
2026-01-29 01:31:01,8.48
2026-01-29 01:31:02,8.48
2026-01-29 01:31:03,8.48
2026-01-29 01:31:04,8.75
2026-01-29 01:31:05,8.75
2026-01-29 01:31:06,8.75
2026-01-29 01:31:07,8.75
2026-01-29 01:31:08,8.75
2026-01-29 01:31:09,8.73
2026-01-29 01:31:10,8.73
2026-01-29 01:31:11,8.73
2026-01-29 01:31:12,8.73
2026-01-29 01:31:13,8.73
2026-01-29 01:31:14,8.60
2026-01-29 01:31:15,8.60
2026-01-29 01:31:16,8.60
2026-01-29 01:31:17,8.60
2026-01-29 01:31:18,8.60
2026-01-29 01:31:19,8.56
2026-01-29 01:31:20,8.56
2026-01-29 01:31:21,8.56
2026-01-29 01:31:22,8.56
2026-01-29 01:31:23,8.56
2026-01-29 01:31:24,8.71
2026-01-29 01:31:25,8.71
2026-01-29 01:31:26,8.71
2026-01-29 01:31:27,8.71
2026-01-29 01:31:28,8.71
2026-01-29 01:31:29,8.94
2026-01-29 01:31:30,8.94
2026-01-29 01:31:31,8.94
2026-01-29 01:31:32,8.94
2026-01-29 01:31:33,8.94
2026-01-29 01:31:34,8.67
2026-01-29 01:31:35,8.67
2026-01-29 01:31:36,8.67
2026-01-29 01:31:37,8.67
2026-01-29 01:31:38,8.67
2026-01-29 01:31:39,8.61
2026-01-29 01:31:40,8.61
2026-01-29 01:31:41,8.61
2026-01-29 01:31:42,8.61
2026-01-29 01:31:43,8.61
2026-01-29 01:31:44,8.64
2026-01-29 01:31:45,8.64
2026-01-29 01:31:46,8.64
2026-01-29 01:31:47,8.64
2026-01-29 01:31:48,8.64
2026-01-29 01:31:49,8.66
2026-01-29 01:31:50,8.66
2026-01-29 01:31:51,8.66
2026-01-29 01:31:52,8.66
2026-01-29 01:31:53,8.66
2026-01-29 01:31:54,8.65
2026-01-29 01:31:55,8.65
2026-01-29 01:31:56,8.65
2026-01-29 01:31:57,8.65
2026-01-29 01:31:58,8.65
2026-01-29 01:31:59,8.64
2026-01-29 01:32:00,8.64
2026-01-29 01:32:01,8.64
2026-01-29 01:32:02,8.64
2026-01-29 01:32:03,8.64
2026-01-29 01:32:04,8.63
2026-01-29 01:32:05,8.63
2026-01-29 01:32:06,8.63
2026-01-29 01:32:07,8.63
2026-01-29 01:32:08,8.63
2026-01-29 01:32:09,8.87
2026-01-29 01:32:10,8.87
2026-01-29 01:32:11,8.87
2026-01-29 01:32:12,8.87
2026-01-29 01:32:13,8.87
2026-01-29 01:32:14,8.63
2026-01-29 01:32:15,8.63
2026-01-29 01:32:16,8.63
2026-01-29 01:32:17,8.63
2026-01-29 01:32:18,8.63
2026-01-29 01:32:19,0
2026-01-29 01:32:20,0
2026-01-29 01:32:21,0
2026-01-29 01:32:22,0
2026-01-29 01:32:23,0
2026-01-29 01:32:24,0
2026-01-29 01:32:25,0
2026-01-29 01:32:26,0
2026-01-29 01:32:27,0
2026-01-29 01:32:28,0
2026-01-29 01:32:29,0
2026-01-29 01:32:30,0
2026-01-29 01:32:31,0
2026-01-29 01:32:32,0
2026-01-29 01:32:33,0
2026-01-29 01:32:34,0
2026-01-29 01:32:35,0
2026-01-29 01:32:36,0
2026-01-29 01:32:37,0
2026-01-29 01:32:38,0
2026-01-29 01:32:39,0
2026-01-29 01:32:40,0
2026-01-29 01:32:41,0
2026-01-29 01:32:42,0
2026-01-29 01:32:43,0
2026-01-29 01:32:44,0
2026-01-29 01:32:45,0
2026-01-29 01:32:46,0
2026-01-29 01:32:47,0
2026-01-29 01:32:48,0
2026-01-29 01:32:49,0
2026-01-29 01:32:50,0
2026-01-29 01:32:51,0
2026-01-29 01:32:52,0
2026-01-29 01:32:53,0
2026-01-29 01:32:54,0
2026-01-29 01:32:55,0
2026-01-29 01:32:56,0
2026-01-29 01:32:57,0
2026-01-29 01:32:58,0
2026-01-29 01:32:59,0
2026-01-29 01:33:00,0
2026-01-29 01:33:01,0
2026-01-29 01:33:02,0
2026-01-29 01:33:03,0
2026-01-29 01:33:04,0
2026-01-29 01:33:05,0
2026-01-29 01:33:06,0
2026-01-29 01:33:07,0
2026-01-29 01:33:08,0
2026-01-29 01:33:09,0
2026-01-29 01:33:10,0
2026-01-29 01:33:11,0
2026-01-29 01:33:12,0
2026-01-29 01:33:13,0
2026-01-29 01:33:14,0
2026-01-29 01:33:15,0
2026-01-29 01:33:16,0
2026-01-29 01:33:17,0
2026-01-29 01:33:18,0
2026-01-29 01:33:19,0
2026-01-29 01:33:20,0
2026-01-29 01:33:21,0
2026-01-29 01:33:22,0
2026-01-29 01:33:23,0
2026-01-29 01:33:24,0
2026-01-29 01:33:25,0
2026-01-29 01:33:26,0
2026-01-29 01:33:27,0
2026-01-29 01:33:28,0
2026-01-29 01:33:29,0
2026-01-29 01:33:30,0
2026-01-29 01:33:31,0
2026-01-29 01:33:32,0
2026-01-29 01:33:33,0
2026-01-29 01:33:34,0
2026-01-29 01:33:35,0
2026-01-29 01:33:36,0
2026-01-29 01:33:37,0
2026-01-29 01:33:38,0
2026-01-29 01:33:39,0
2026-01-29 01:33:40,0
2026-01-29 01:33:41,0
2026-01-29 01:33:42,0
2026-01-29 01:33:43,0
2026-01-29 01:33:44,0
2026-01-29 01:33:45,0
2026-01-29 01:33:46,0
2026-01-29 01:33:47,0
2026-01-29 01:33:48,0
2026-01-29 01:33:49,0
2026-01-29 01:33:50,0
2026-01-29 01:33:51,0
2026-01-29 01:33:52,0
2026-01-29 01:33:53,0
2026-01-29 01:38:59,4.75
2026-01-29 01:39:00,4.75
2026-01-29 01:39:01,4.75
2026-01-29 01:39:02,4.75
2026-01-29 01:39:03,4.75
2026-01-29 01:39:04,9.17
2026-01-29 01:39:05,9.17
2026-01-29 01:39:06,9.17
2026-01-29 01:39:07,9.17
2026-01-29 01:39:08,9.17
2026-01-29 01:39:09,8.89
2026-01-29 01:39:10,8.89
2026-01-29 01:39:11,8.89
2026-01-29 01:39:12,8.89
2026-01-29 01:39:13,8.89
2026-01-29 01:39:14,8.68
2026-01-29 01:39:15,8.68
2026-01-29 01:39:16,8.68
2026-01-29 01:39:17,8.68
2026-01-29 01:39:18,8.68
2026-01-29 01:39:19,8.68
2026-01-29 01:39:20,8.68
2026-01-29 01:39:21,8.68
2026-01-29 01:39:22,8.68
2026-01-29 01:39:23,8.68
2026-01-29 01:39:24,8.65
2026-01-29 01:39:25,8.65
2026-01-29 01:39:26,8.65
2026-01-29 01:39:27,8.65
2026-01-29 01:39:28,8.65
2026-01-29 01:39:29,8.68
2026-01-29 01:39:30,8.68
2026-01-29 01:39:31,8.68
2026-01-29 01:39:32,8.68
2026-01-29 01:39:33,8.68
2026-01-29 01:39:34,8.66
2026-01-29 01:39:35,8.66
2026-01-29 01:39:36,8.66
2026-01-29 01:39:37,8.66
2026-01-29 01:39:38,8.66
2026-01-29 01:39:39,8.67
2026-01-29 01:39:40,8.67
2026-01-29 01:39:41,8.67
2026-01-29 01:39:42,8.67
2026-01-29 01:39:43,8.67
2026-01-29 01:39:44,8.58
2026-01-29 01:39:45,8.58
2026-01-29 01:39:46,8.58
2026-01-29 01:39:47,8.58
2026-01-29 01:39:48,8.58
2026-01-29 01:39:49,8.50
2026-01-29 01:39:50,8.50
2026-01-29 01:39:51,8.50
2026-01-29 01:39:52,8.50
2026-01-29 01:39:53,8.50
2026-01-29 01:39:54,8.60
2026-01-29 01:39:55,8.60
2026-01-29 01:39:56,8.60
2026-01-29 01:39:57,8.60
2026-01-29 01:39:58,8.60
2026-01-29 01:39:59,8.58
2026-01-29 01:40:00,8.58
2026-01-29 01:40:01,8.58
2026-01-29 01:40:02,8.58
2026-01-29 01:40:03,8.58
2026-01-29 01:40:04,8.83
2026-01-29 01:40:05,8.83
2026-01-29 01:40:06,8.83
2026-01-29 01:40:07,8.83
2026-01-29 01:40:08,8.83
2026-01-29 01:40:09,8.69
2026-01-29 01:40:10,8.69
2026-01-29 01:40:11,8.69
2026-01-29 01:40:12,8.69
2026-01-29 01:40:13,8.69
2026-01-29 01:40:14,8.60
2026-01-29 01:40:15,8.60
2026-01-29 01:40:16,8.60
2026-01-29 01:40:17,8.60
2026-01-29 01:40:18,8.60
2026-01-29 01:40:19,8.56
2026-01-29 01:40:20,8.56
2026-01-29 01:40:21,8.56
2026-01-29 01:40:22,8.56
2026-01-29 01:40:23,8.56
2026-01-29 01:40:24,8.63
2026-01-29 01:40:25,8.63
2026-01-29 01:40:26,8.63
2026-01-29 01:40:27,8.63
2026-01-29 01:40:28,8.63
2026-01-29 01:40:29,8.50
2026-01-29 01:40:30,8.50
2026-01-29 01:40:31,8.50
2026-01-29 01:40:32,8.50
2026-01-29 01:40:33,8.50
2026-01-29 01:40:34,8.75
2026-01-29 01:40:35,8.75
2026-01-29 01:40:36,8.75
2026-01-29 01:40:37,8.75
2026-01-29 01:40:38,8.75
2026-01-29 01:40:39,8.63
2026-01-29 01:40:40,8.63
2026-01-29 01:40:41,8.63
2026-01-29 01:40:42,8.63
2026-01-29 01:40:43,8.63
2026-01-29 01:40:44,8.07
2026-01-29 01:40:45,8.07
2026-01-29 01:40:46,8.07
2026-01-29 01:40:47,8.07
2026-01-29 01:40:48,8.07
2026-01-29 01:40:49,7.78
2026-01-29 01:40:50,7.78
2026-01-29 01:40:51,7.78
2026-01-29 01:40:52,7.78
2026-01-29 01:40:53,7.78
2026-01-29 01:40:54,7.89
2026-01-29 01:40:55,7.89
2026-01-29 01:40:56,7.89
2026-01-29 01:40:57,7.89
2026-01-29 01:40:58,7.89
2026-01-29 01:40:59,7.95
2026-01-29 01:41:00,7.95
2026-01-29 01:41:01,7.95
2026-01-29 01:41:02,7.95
2026-01-29 01:41:03,7.95
2026-01-29 01:41:04,7.88
2026-01-29 01:41:05,7.88
2026-01-29 01:41:06,7.88
2026-01-29 01:41:07,7.88
2026-01-29 01:41:08,7.88
2026-01-29 01:41:09,7.97
2026-01-29 01:41:10,7.97
2026-01-29 01:41:11,7.97
2026-01-29 01:41:12,7.97
2026-01-29 01:41:13,7.97
2026-01-29 01:41:14,0
2026-01-29 01:41:15,0
2026-01-29 01:41:16,0
2026-01-29 01:41:17,0
2026-01-29 01:41:18,0
2026-01-29 01:41:19,0
2026-01-29 01:41:20,0
2026-01-29 01:41:21,0
2026-01-29 01:41:22,0
2026-01-29 01:41:23,0
2026-01-29 01:41:24,0
2026-01-29 01:41:25,0
2026-01-29 01:41:26,0
2026-01-29 01:41:27,0
2026-01-29 01:41:28,0
2026-01-29 01:41:29,0
2026-01-29 01:41:30,0
2026-01-29 01:41:31,0
2026-01-29 01:41:32,0
2026-01-29 01:41:33,0
2026-01-29 01:41:34,0
2026-01-29 01:41:35,0
2026-01-29 01:41:36,0
2026-01-29 01:41:37,0
2026-01-29 01:41:38,0
2026-01-29 01:41:39,0
2026-01-29 01:41:40,0
2026-01-29 01:41:41,0
2026-01-29 01:41:42,0
2026-01-29 01:41:43,0
2026-01-29 01:41:44,0
2026-01-29 01:41:45,0
2026-01-29 01:41:46,0
2026-01-29 01:41:47,0
2026-01-29 01:41:48,0
2026-01-29 01:41:49,0
2026-01-29 01:41:50,0
2026-01-29 01:41:51,0
2026-01-29 01:41:52,0
2026-01-29 01:41:53,0
2026-01-29 01:41:54,0
2026-01-29 01:41:55,0
2026-01-29 01:41:56,0
2026-01-29 01:41:57,0
2026-01-29 01:41:58,0
2026-01-29 01:41:59,0
2026-01-29 01:42:00,0
2026-01-29 01:42:01,0
2026-01-29 01:42:02,0
2026-01-29 01:42:03,0
2026-01-29 01:42:04,0
2026-01-29 01:42:05,0
2026-01-29 01:42:06,0
2026-01-29 01:42:07,0
2026-01-29 01:42:08,0
2026-01-29 01:42:09,0
2026-01-29 01:42:10,0
2026-01-29 01:42:11,0
2026-01-29 01:42:12,0
2026-01-29 01:42:13,0
2026-01-29 01:42:14,0
2026-01-29 01:42:15,0
2026-01-29 01:42:16,0
2026-01-29 01:42:17,0
2026-01-29 01:42:18,0
2026-01-29 01:42:19,0
2026-01-29 01:42:20,0
2026-01-29 01:42:21,0
2026-01-29 01:42:22,0
2026-01-29 01:42:23,0
2026-01-29 01:42:24,0
2026-01-29 01:42:25,0
2026-01-29 01:42:26,0
2026-01-29 01:42:27,0
2026-01-29 01:42:28,0
2026-01-29 01:42:29,0
2026-01-29 01:42:30,0
2026-01-29 01:42:31,0
2026-01-29 01:42:32,0
2026-01-29 01:42:33,0
2026-01-29 01:42:34,0
2026-01-29 01:42:35,0
2026-01-29 01:42:36,0
2026-01-29 01:42:37,0
2026-01-29 01:42:38,0
2026-01-29 01:42:39,0
2026-01-29 01:42:40,0
2026-01-29 01:42:41,0
2026-01-29 01:42:42,0
2026-01-29 01:42:43,0
2026-01-29 01:42:44,0
2026-01-29 01:42:45,0
2026-01-29 01:42:46,0
2026-01-29 01:42:47,0
2026-01-29 01:42:48,0
2026-01-29 01:47:54,4.82
2026-01-29 01:47:55,4.82
2026-01-29 01:47:56,4.82
2026-01-29 01:47:57,4.82
2026-01-29 01:47:58,4.82
2026-01-29 01:47:59,9.51
2026-01-29 01:48:00,9.51
2026-01-29 01:48:01,9.51
2026-01-29 01:48:02,9.51
2026-01-29 01:48:03,9.51
2026-01-29 01:48:04,8.64
2026-01-29 01:48:05,8.64
2026-01-29 01:48:06,8.64
2026-01-29 01:48:07,8.64
2026-01-29 01:48:08,8.64
2026-01-29 01:48:09,8.53
2026-01-29 01:48:10,8.53
2026-01-29 01:48:11,8.53
2026-01-29 01:48:12,8.53
2026-01-29 01:48:13,8.53
2026-01-29 01:48:14,8.59
2026-01-29 01:48:15,8.59
2026-01-29 01:48:16,8.59
2026-01-29 01:48:17,8.59
2026-01-29 01:48:18,8.59
2026-01-29 01:48:19,8.50
2026-01-29 01:48:20,8.50
2026-01-29 01:48:21,8.50
2026-01-29 01:48:22,8.50
2026-01-29 01:48:23,8.50
2026-01-29 01:48:24,8.59
2026-01-29 01:48:25,8.59
2026-01-29 01:48:26,8.59
2026-01-29 01:48:27,8.59
2026-01-29 01:48:28,8.59
2026-01-29 01:48:29,8.42
2026-01-29 01:48:30,8.42
2026-01-29 01:48:31,8.42
2026-01-29 01:48:32,8.42
2026-01-29 01:48:33,8.42
2026-01-29 01:48:34,8.60
2026-01-29 01:48:35,8.60
2026-01-29 01:48:36,8.60
2026-01-29 01:48:37,8.60
2026-01-29 01:48:38,8.60
2026-01-29 01:48:39,8.68
2026-01-29 01:48:40,8.68
2026-01-29 01:48:41,8.68
2026-01-29 01:48:42,8.68
2026-01-29 01:48:43,8.68
2026-01-29 01:48:44,8.60
2026-01-29 01:48:45,8.60
2026-01-29 01:48:46,8.60
2026-01-29 01:48:47,8.60
2026-01-29 01:48:48,8.60
2026-01-29 01:48:49,8.36
2026-01-29 01:48:50,8.36
2026-01-29 01:48:51,8.36
2026-01-29 01:48:52,8.36
2026-01-29 01:48:53,8.36
2026-01-29 01:48:54,9.74
2026-01-29 01:48:55,9.74
2026-01-29 01:48:56,9.74
2026-01-29 01:48:57,9.74
2026-01-29 01:48:58,9.74
2026-01-29 01:48:59,7.82
2026-01-29 01:49:00,7.82
2026-01-29 01:49:01,7.82
2026-01-29 01:49:02,7.82
2026-01-29 01:49:03,7.82
2026-01-29 01:49:04,7.93
2026-01-29 01:49:05,7.93
2026-01-29 01:49:06,7.93
2026-01-29 01:49:07,7.93
2026-01-29 01:49:08,7.93
2026-01-29 01:49:09,7.79
2026-01-29 01:49:10,7.79
2026-01-29 01:49:11,7.79
2026-01-29 01:49:12,7.79
2026-01-29 01:49:13,7.79
2026-01-29 01:49:14,7.84
2026-01-29 01:49:15,7.84
2026-01-29 01:49:16,7.84
2026-01-29 01:49:17,7.84
2026-01-29 01:49:18,7.84
2026-01-29 01:49:19,7.80
2026-01-29 01:49:20,7.80
2026-01-29 01:49:21,7.80
2026-01-29 01:49:22,7.80
2026-01-29 01:49:23,7.80
2026-01-29 01:49:24,7.81
2026-01-29 01:49:25,7.81
2026-01-29 01:49:26,7.81
2026-01-29 01:49:27,7.81
2026-01-29 01:49:28,7.81
2026-01-29 01:49:29,7.87
2026-01-29 01:49:30,7.87
2026-01-29 01:49:31,7.87
2026-01-29 01:49:32,7.87
2026-01-29 01:49:33,7.87
2026-01-29 01:49:34,7.82
2026-01-29 01:49:35,7.82
2026-01-29 01:49:36,7.82
2026-01-29 01:49:37,7.82
2026-01-29 01:49:38,7.82
2026-01-29 01:49:39,7.79
2026-01-29 01:49:40,7.79
2026-01-29 01:49:41,7.79
2026-01-29 01:49:42,7.79
2026-01-29 01:49:43,7.79
2026-01-29 01:49:44,7.83
2026-01-29 01:49:45,7.83
2026-01-29 01:49:46,7.83
2026-01-29 01:49:47,7.83
2026-01-29 01:49:48,7.83
2026-01-29 01:49:49,7.62
2026-01-29 01:49:50,7.62
2026-01-29 01:49:51,7.62
2026-01-29 01:49:52,7.62
2026-01-29 01:49:53,7.62
2026-01-29 01:49:54,7.83
2026-01-29 01:49:55,7.83
2026-01-29 01:49:56,7.83
2026-01-29 01:49:57,7.83
2026-01-29 01:49:58,7.83
2026-01-29 01:49:59,7.75
2026-01-29 01:50:00,7.75
2026-01-29 01:50:01,7.75
2026-01-29 01:50:02,7.75
2026-01-29 01:50:03,7.75
2026-01-29 01:50:04,7.92
2026-01-29 01:50:05,7.92
2026-01-29 01:50:06,7.92
2026-01-29 01:50:07,7.92
2026-01-29 01:50:08,7.92
2026-01-29 01:50:09,0
2026-01-29 01:50:10,0
2026-01-29 01:50:11,0
2026-01-29 01:50:12,0
2026-01-29 01:50:13,0
2026-01-29 01:50:14,0
2026-01-29 01:50:15,0
2026-01-29 01:50:16,0
2026-01-29 01:50:17,0
2026-01-29 01:50:18,0
2026-01-29 01:50:19,0
2026-01-29 01:50:20,0
2026-01-29 01:50:21,0
2026-01-29 01:50:22,0
2026-01-29 01:50:23,0
2026-01-29 01:50:24,0
2026-01-29 01:50:25,0
2026-01-29 01:50:26,0
2026-01-29 01:50:27,0
2026-01-29 01:50:28,0
2026-01-29 01:50:29,0
2026-01-29 01:50:30,0
2026-01-29 01:50:31,0
2026-01-29 01:50:32,0
2026-01-29 01:50:33,0
2026-01-29 01:50:34,0
2026-01-29 01:50:35,0
2026-01-29 01:50:36,0
2026-01-29 01:50:37,0
2026-01-29 01:50:38,0
2026-01-29 01:50:39,0
2026-01-29 01:50:40,0
2026-01-29 01:50:41,0
2026-01-29 01:50:42,0
2026-01-29 01:50:43,0
2026-01-29 01:50:44,0
2026-01-29 01:50:45,0
2026-01-29 01:50:46,0
2026-01-29 01:50:47,0
2026-01-29 01:50:48,0
2026-01-29 01:50:49,0
2026-01-29 01:50:50,0
2026-01-29 01:50:51,0
2026-01-29 01:50:52,0
2026-01-29 01:50:53,0
2026-01-29 01:50:54,0
2026-01-29 01:50:55,0
2026-01-29 01:50:56,0
2026-01-29 01:50:57,0
2026-01-29 01:50:58,0
2026-01-29 01:50:59,0
2026-01-29 01:51:00,0
2026-01-29 01:51:01,0
2026-01-29 01:51:02,0
2026-01-29 01:51:03,0
2026-01-29 01:51:04,0
2026-01-29 01:51:05,0
2026-01-29 01:51:06,0
2026-01-29 01:51:07,0
2026-01-29 01:51:08,0
2026-01-29 01:51:09,0
2026-01-29 01:51:10,0
2026-01-29 01:51:11,0
2026-01-29 01:51:12,0
2026-01-29 01:51:13,0
2026-01-29 01:51:14,0
2026-01-29 01:51:15,0
2026-01-29 01:51:16,0
2026-01-29 01:51:17,0
2026-01-29 01:51:18,0
2026-01-29 01:51:19,0
2026-01-29 01:51:20,0
2026-01-29 01:51:21,0
2026-01-29 01:51:22,0
2026-01-29 01:51:23,0
2026-01-29 01:51:24,0
2026-01-29 01:51:25,0
2026-01-29 01:51:26,0
2026-01-29 01:51:27,0
2026-01-29 01:51:28,0
2026-01-29 01:51:29,0
2026-01-29 01:51:30,0
2026-01-29 01:51:31,0
2026-01-29 01:51:32,0
2026-01-29 01:51:33,0
2026-01-29 01:51:34,0
2026-01-29 01:51:35,0
2026-01-29 01:51:36,0
2026-01-29 01:51:37,0
2026-01-29 01:51:38,0
2026-01-29 01:51:39,0
2026-01-29 01:51:40,0
2026-01-29 01:51:41,0
2026-01-29 01:51:42,0
2026-01-29 01:51:43,0
2026-01-29 01:56:54,5.68
2026-01-29 01:56:55,5.68
2026-01-29 01:56:56,5.68
2026-01-29 01:56:57,5.68
2026-01-29 01:56:58,5.68
2026-01-29 01:56:59,6.68
2026-01-29 01:57:00,6.68
2026-01-29 01:57:01,6.68
2026-01-29 01:57:02,6.68
2026-01-29 01:57:03,6.68
2026-01-29 01:57:04,6.90
2026-01-29 01:57:05,6.90
2026-01-29 01:57:06,6.90
2026-01-29 01:57:07,6.90
2026-01-29 01:57:08,6.90
2026-01-29 01:57:09,6.71
2026-01-29 01:57:10,6.71
2026-01-29 01:57:11,6.71
2026-01-29 01:57:12,6.71
2026-01-29 01:57:13,6.71
2026-01-29 01:57:14,7.05
2026-01-29 01:57:15,7.05
2026-01-29 01:57:16,7.05
2026-01-29 01:57:17,7.05
2026-01-29 01:57:18,7.05
2026-01-29 01:57:19,6.84
2026-01-29 01:57:20,6.84
2026-01-29 01:57:21,6.84
2026-01-29 01:57:22,6.84
2026-01-29 01:57:23,6.84
2026-01-29 01:57:24,6.80
2026-01-29 01:57:25,6.80
2026-01-29 01:57:26,6.80
2026-01-29 01:57:27,6.80
2026-01-29 01:57:28,6.80
2026-01-29 01:57:29,6.67
2026-01-29 01:57:30,6.67
2026-01-29 01:57:31,6.67
2026-01-29 01:57:32,6.67
2026-01-29 01:57:33,6.67
2026-01-29 01:57:34,6.76
2026-01-29 01:57:35,6.76
2026-01-29 01:57:36,6.76
2026-01-29 01:57:37,6.76
2026-01-29 01:57:38,6.76
2026-01-29 01:57:39,6.80
2026-01-29 01:57:40,6.80
2026-01-29 01:57:41,6.80
2026-01-29 01:57:42,6.80
2026-01-29 01:57:43,6.80
2026-01-29 01:57:44,6.79
2026-01-29 01:57:45,6.79
2026-01-29 01:57:46,6.79
2026-01-29 01:57:47,6.79
2026-01-29 01:57:48,6.79
2026-01-29 01:57:49,6.70
2026-01-29 01:57:50,6.70
2026-01-29 01:57:51,6.70
2026-01-29 01:57:52,6.70
2026-01-29 01:57:53,6.70
2026-01-29 01:57:54,6.85
2026-01-29 01:57:55,6.85
2026-01-29 01:57:56,6.85
2026-01-29 01:57:57,6.85
2026-01-29 01:57:58,6.85
2026-01-29 01:57:59,6.77
2026-01-29 01:58:00,6.77
2026-01-29 01:58:01,6.77
2026-01-29 01:58:02,6.77
2026-01-29 01:58:03,6.77
2026-01-29 01:58:04,7.20
2026-01-29 01:58:05,7.20
2026-01-29 01:58:06,7.20
2026-01-29 01:58:07,7.20
2026-01-29 01:58:08,7.20
2026-01-29 01:58:09,8.07
2026-01-29 01:58:10,8.07
2026-01-29 01:58:11,8.07
2026-01-29 01:58:12,8.07
2026-01-29 01:58:13,8.07
2026-01-29 01:58:14,8.21
2026-01-29 01:58:15,8.21
2026-01-29 01:58:16,8.21
2026-01-29 01:58:17,8.21
2026-01-29 01:58:18,8.21
2026-01-29 01:58:19,7.89
2026-01-29 01:58:20,7.89
2026-01-29 01:58:21,7.89
2026-01-29 01:58:22,7.89
2026-01-29 01:58:23,7.89
2026-01-29 01:58:24,7.88
2026-01-29 01:58:25,7.88
2026-01-29 01:58:26,7.88
2026-01-29 01:58:27,7.88
2026-01-29 01:58:28,7.88
2026-01-29 01:58:29,7.73
2026-01-29 01:58:30,7.73
2026-01-29 01:58:31,7.73
2026-01-29 01:58:32,7.73
2026-01-29 01:58:33,7.73
2026-01-29 01:58:34,7.93
2026-01-29 01:58:35,7.93
2026-01-29 01:58:36,7.93
2026-01-29 01:58:37,7.93
2026-01-29 01:58:38,7.93
2026-01-29 01:58:39,7.83
2026-01-29 01:58:40,7.83
2026-01-29 01:58:41,7.83
2026-01-29 01:58:42,7.83
2026-01-29 01:58:43,7.83
2026-01-29 01:58:44,7.84
2026-01-29 01:58:45,7.84
2026-01-29 01:58:46,7.84
2026-01-29 01:58:47,7.84
2026-01-29 01:58:48,7.84
2026-01-29 01:58:49,7.61
2026-01-29 01:58:50,7.61
2026-01-29 01:58:51,7.61
2026-01-29 01:58:52,7.61
2026-01-29 01:58:53,7.61
2026-01-29 01:58:54,7.95
2026-01-29 01:58:55,7.95
2026-01-29 01:58:56,7.95
2026-01-29 01:58:57,7.95
2026-01-29 01:58:58,7.95
2026-01-29 01:58:59,7.82
2026-01-29 01:59:00,7.82
2026-01-29 01:59:01,7.82
2026-01-29 01:59:02,7.82
2026-01-29 01:59:03,7.82
2026-01-29 01:59:04,7.94
2026-01-29 01:59:05,7.94
2026-01-29 01:59:06,7.94
2026-01-29 01:59:07,7.94
2026-01-29 01:59:08,7.94
2026-01-29 01:59:09,0
2026-01-29 01:59:10,0
2026-01-29 01:59:11,0
2026-01-29 01:59:12,0
2026-01-29 01:59:13,0
2026-01-29 01:59:14,0
2026-01-29 01:59:15,0
2026-01-29 01:59:16,0
2026-01-29 01:59:17,0
2026-01-29 01:59:18,0
2026-01-29 01:59:19,0
2026-01-29 01:59:20,0
2026-01-29 01:59:21,0
2026-01-29 01:59:22,0
2026-01-29 01:59:23,0
2026-01-29 01:59:24,0
2026-01-29 01:59:25,0
2026-01-29 01:59:26,0
2026-01-29 01:59:27,0
2026-01-29 01:59:28,0
2026-01-29 01:59:29,0
2026-01-29 01:59:30,0
2026-01-29 01:59:31,0
2026-01-29 01:59:32,0
2026-01-29 01:59:33,0
2026-01-29 01:59:34,0
2026-01-29 01:59:35,0
2026-01-29 01:59:36,0
2026-01-29 01:59:37,0
2026-01-29 01:59:38,0
2026-01-29 01:59:39,0
2026-01-29 01:59:40,0
2026-01-29 01:59:41,0
2026-01-29 01:59:42,0
2026-01-29 01:59:43,0
2026-01-29 01:59:44,0
2026-01-29 01:59:45,0
2026-01-29 01:59:46,0
2026-01-29 01:59:47,0
2026-01-29 01:59:48,0
2026-01-29 01:59:49,0
2026-01-29 01:59:50,0
2026-01-29 01:59:51,0
2026-01-29 01:59:52,0
2026-01-29 01:59:53,0
2026-01-29 01:59:54,0
2026-01-29 01:59:55,0
2026-01-29 01:59:56,0
2026-01-29 01:59:57,0
2026-01-29 01:59:58,0
2026-01-29 01:59:59,0
2026-01-29 02:00:00,0
2026-01-29 02:00:01,0
2026-01-29 02:00:02,0
2026-01-29 02:00:03,0
2026-01-29 02:00:04,0
2026-01-29 02:00:05,0
2026-01-29 02:00:06,0
2026-01-29 02:00:07,0
2026-01-29 02:00:08,0
2026-01-29 02:00:09,0
2026-01-29 02:00:10,0
2026-01-29 02:00:11,0
2026-01-29 02:00:12,0
2026-01-29 02:00:13,0
2026-01-29 02:00:14,0
2026-01-29 02:00:15,0
2026-01-29 02:00:16,0
2026-01-29 02:00:17,0
2026-01-29 02:00:18,0
2026-01-29 02:00:19,0
2026-01-29 02:00:20,0
2026-01-29 02:00:21,0
2026-01-29 02:00:22,0
2026-01-29 02:00:23,0
2026-01-29 02:00:24,0
2026-01-29 02:00:25,0
2026-01-29 02:00:26,0
2026-01-29 02:00:27,0
2026-01-29 02:00:28,0
2026-01-29 02:00:29,0
2026-01-29 02:00:30,0
2026-01-29 02:00:31,0
2026-01-29 02:00:32,0
2026-01-29 02:00:33,0
2026-01-29 02:00:34,0
2026-01-29 02:00:35,0
2026-01-29 02:00:36,0
2026-01-29 02:00:37,0
2026-01-29 02:00:38,0
2026-01-29 02:00:39,0
2026-01-29 02:00:40,0
2026-01-29 02:00:41,0
2026-01-29 02:00:42,0
2026-01-29 02:00:43,0
2026-01-29 02:05:44,5.06
2026-01-29 02:05:45,5.06
2026-01-29 02:05:46,5.06
2026-01-29 02:05:47,5.06
2026-01-29 02:05:48,5.06
2026-01-29 02:05:49,8.16
2026-01-29 02:05:50,8.16
2026-01-29 02:05:51,8.16
2026-01-29 02:05:52,8.16
2026-01-29 02:05:53,8.16
2026-01-29 02:05:54,5.93
2026-01-29 02:05:55,5.93
2026-01-29 02:05:56,5.93
2026-01-29 02:05:57,5.93
2026-01-29 02:05:58,5.93
2026-01-29 02:05:59,6.06
2026-01-29 02:06:00,6.06
2026-01-29 02:06:01,6.06
2026-01-29 02:06:02,6.06
2026-01-29 02:06:03,6.06
2026-01-29 02:06:04,5.96
2026-01-29 02:06:05,5.96
2026-01-29 02:06:06,5.96
2026-01-29 02:06:07,5.96
2026-01-29 02:06:08,5.96
2026-01-29 02:06:09,5.76
2026-01-29 02:06:10,5.76
2026-01-29 02:06:11,5.76
2026-01-29 02:06:12,5.76
2026-01-29 02:06:13,5.76
2026-01-29 02:06:14,5.73
2026-01-29 02:06:15,5.73
2026-01-29 02:06:16,5.73
2026-01-29 02:06:17,5.73
2026-01-29 02:06:18,5.73
2026-01-29 02:06:19,6.13
2026-01-29 02:06:20,6.13
2026-01-29 02:06:21,6.13
2026-01-29 02:06:22,6.13
2026-01-29 02:06:23,6.13
2026-01-29 02:06:24,5.89
2026-01-29 02:06:25,5.89
2026-01-29 02:06:26,5.89
2026-01-29 02:06:27,5.89
2026-01-29 02:06:28,5.89
2026-01-29 02:06:29,5.67
2026-01-29 02:06:30,5.67
2026-01-29 02:06:31,5.67
2026-01-29 02:06:32,5.67
2026-01-29 02:06:33,5.67
2026-01-29 02:06:34,5.86
2026-01-29 02:06:35,5.86
2026-01-29 02:06:36,5.86
2026-01-29 02:06:37,5.86
2026-01-29 02:06:38,5.86
2026-01-29 02:06:39,5.87
2026-01-29 02:06:40,5.87
2026-01-29 02:06:41,5.87
2026-01-29 02:06:42,5.87
2026-01-29 02:06:43,5.87
2026-01-29 02:06:44,5.79
2026-01-29 02:06:45,5.79
2026-01-29 02:06:46,5.79
2026-01-29 02:06:47,5.79
2026-01-29 02:06:48,5.79
2026-01-29 02:06:49,5.62
2026-01-29 02:06:50,5.62
2026-01-29 02:06:51,5.62
2026-01-29 02:06:52,5.62
2026-01-29 02:06:53,5.62
2026-01-29 02:06:54,5.87
2026-01-29 02:06:55,5.87
2026-01-29 02:06:56,5.87
2026-01-29 02:06:57,5.87
2026-01-29 02:06:58,5.87
2026-01-29 02:06:59,5.89
2026-01-29 02:07:00,5.89
2026-01-29 02:07:01,5.89
2026-01-29 02:07:02,5.89
2026-01-29 02:07:03,5.89
2026-01-29 02:07:04,6.98
2026-01-29 02:07:05,6.98
2026-01-29 02:07:06,6.98
2026-01-29 02:07:07,6.98
2026-01-29 02:07:08,6.98
2026-01-29 02:07:09,6.76
2026-01-29 02:07:10,6.76
2026-01-29 02:07:11,6.76
2026-01-29 02:07:12,6.76
2026-01-29 02:07:13,6.76
2026-01-29 02:07:14,6.79
2026-01-29 02:07:15,6.79
2026-01-29 02:07:16,6.79
2026-01-29 02:07:17,6.79
2026-01-29 02:07:18,6.79
2026-01-29 02:07:19,6.96
2026-01-29 02:07:20,6.96
2026-01-29 02:07:21,6.96
2026-01-29 02:07:22,6.96
2026-01-29 02:07:23,6.96
2026-01-29 02:07:24,7.67
2026-01-29 02:07:25,7.67
2026-01-29 02:07:26,7.67
2026-01-29 02:07:27,7.67
2026-01-29 02:07:28,7.67
2026-01-29 02:07:29,7.66
2026-01-29 02:07:30,7.66
2026-01-29 02:07:31,7.66
2026-01-29 02:07:32,7.66
2026-01-29 02:07:33,7.66
2026-01-29 02:07:34,7.94
2026-01-29 02:07:35,7.94
2026-01-29 02:07:36,7.94
2026-01-29 02:07:37,7.94
2026-01-29 02:07:38,7.94
2026-01-29 02:07:39,7.73
2026-01-29 02:07:40,7.73
2026-01-29 02:07:41,7.73
2026-01-29 02:07:42,7.73
2026-01-29 02:07:43,7.73
2026-01-29 02:07:44,7.75
2026-01-29 02:07:45,7.75
2026-01-29 02:07:46,7.75
2026-01-29 02:07:47,7.75
2026-01-29 02:07:48,7.75
2026-01-29 02:07:49,7.55
2026-01-29 02:07:50,7.55
2026-01-29 02:07:51,7.55
2026-01-29 02:07:52,7.55
2026-01-29 02:07:53,7.55
2026-01-29 02:07:54,8.23
2026-01-29 02:07:55,8.23
2026-01-29 02:07:56,8.23
2026-01-29 02:07:57,8.23
2026-01-29 02:07:58,8.23
2026-01-29 02:07:59,0
2026-01-29 02:08:00,0
2026-01-29 02:08:01,0
2026-01-29 02:08:02,0
2026-01-29 02:08:03,0
2026-01-29 02:08:04,0
2026-01-29 02:08:05,0
2026-01-29 02:08:06,0
2026-01-29 02:08:07,0
2026-01-29 02:08:08,0
2026-01-29 02:08:09,0
2026-01-29 02:08:10,0
2026-01-29 02:08:11,0
2026-01-29 02:08:12,0
2026-01-29 02:08:13,0
2026-01-29 02:08:14,0
2026-01-29 02:08:15,0
2026-01-29 02:08:16,0
2026-01-29 02:08:17,0
2026-01-29 02:08:18,0
2026-01-29 02:08:19,0
2026-01-29 02:08:20,0
2026-01-29 02:08:21,0
2026-01-29 02:08:22,0
2026-01-29 02:08:23,0
2026-01-29 02:08:24,0
2026-01-29 02:08:25,0
2026-01-29 02:08:26,0
2026-01-29 02:08:27,0
2026-01-29 02:08:28,0
2026-01-29 02:08:29,0
2026-01-29 02:08:30,0
2026-01-29 02:08:31,0
2026-01-29 02:08:32,0
2026-01-29 02:08:33,0
2026-01-29 02:08:34,0
2026-01-29 02:08:35,0
2026-01-29 02:08:36,0
2026-01-29 02:08:37,0
2026-01-29 02:08:38,0
2026-01-29 02:08:39,0
2026-01-29 02:08:40,0
2026-01-29 02:08:41,0
2026-01-29 02:08:42,0
2026-01-29 02:08:43,0
2026-01-29 02:08:44,0
2026-01-29 02:08:45,0
2026-01-29 02:08:46,0
2026-01-29 02:08:47,0
2026-01-29 02:08:48,0
2026-01-29 02:08:49,0
2026-01-29 02:08:50,0
2026-01-29 02:08:51,0
2026-01-29 02:08:52,0
2026-01-29 02:08:53,0
2026-01-29 02:08:54,0
2026-01-29 02:08:55,0
2026-01-29 02:08:56,0
2026-01-29 02:08:57,0
2026-01-29 02:08:58,0
2026-01-29 02:08:59,0
2026-01-29 02:09:00,0
2026-01-29 02:09:01,0
2026-01-29 02:09:02,0
2026-01-29 02:09:03,0
2026-01-29 02:09:04,0
2026-01-29 02:09:05,0
2026-01-29 02:09:06,0
2026-01-29 02:09:07,0
2026-01-29 02:09:08,0
2026-01-29 02:09:09,0
2026-01-29 02:09:10,0
2026-01-29 02:09:11,0
2026-01-29 02:09:12,0
2026-01-29 02:09:13,0
2026-01-29 02:09:14,0
2026-01-29 02:09:15,0
2026-01-29 02:09:16,0
2026-01-29 02:09:17,0
2026-01-29 02:09:18,0
2026-01-29 02:09:19,0
2026-01-29 02:09:20,0
2026-01-29 02:09:21,0
2026-01-29 02:09:22,0
2026-01-29 02:09:23,0
2026-01-29 02:09:24,0
2026-01-29 02:09:25,0
2026-01-29 02:09:26,0
2026-01-29 02:09:27,0
2026-01-29 02:09:28,0
2026-01-29 02:09:29,0
2026-01-29 02:09:30,0
2026-01-29 02:09:31,0
2026-01-29 02:09:32,0
2026-01-29 02:09:33,0