"Time","gnb-crc"
2026-01-28 23:12:56,8.64
2026-01-28 23:12:57,8.64
2026-01-28 23:12:58,8.64
2026-01-28 23:12:59,8.47
2026-01-28 23:13:00,8.47
2026-01-28 23:13:01,8.47
2026-01-28 23:13:02,8.47
2026-01-28 23:13:03,8.47
2026-01-28 23:13:04,8.48
2026-01-28 23:13:05,8.48
2026-01-28 23:13:06,8.48
2026-01-28 23:13:07,8.48
2026-01-28 23:13:08,8.48
2026-01-28 23:13:09,10.1
2026-01-28 23:13:10,10.1
2026-01-28 23:13:11,10.1
2026-01-28 23:13:12,10.1
2026-01-28 23:13:13,10.1
2026-01-28 23:13:14,7.87
2026-01-28 23:13:15,7.87
2026-01-28 23:13:16,7.87
2026-01-28 23:13:17,7.87
2026-01-28 23:13:18,7.87
2026-01-28 23:13:19,7.77
2026-01-28 23:13:20,7.77
2026-01-28 23:13:21,7.77
2026-01-28 23:13:22,7.77
2026-01-28 23:13:23,7.77
2026-01-28 23:13:24,7.91
2026-01-28 23:13:25,7.91
2026-01-28 23:13:26,7.91
2026-01-28 23:13:27,7.91
2026-01-28 23:13:28,7.91
2026-01-28 23:13:29,7.97
2026-01-28 23:13:30,7.97
2026-01-28 23:13:31,7.97
2026-01-28 23:13:32,7.97
2026-01-28 23:13:33,7.97
2026-01-28 23:13:34,8.09
2026-01-28 23:13:35,8.09
2026-01-28 23:13:36,8.09
2026-01-28 23:13:37,8.09
2026-01-28 23:13:38,8.09
2026-01-28 23:13:39,7.82
2026-01-28 23:13:40,7.82
2026-01-28 23:13:41,7.82
2026-01-28 23:13:42,7.82
2026-01-28 23:13:43,7.82
2026-01-28 23:13:44,7.84
2026-01-28 23:13:45,7.84
2026-01-28 23:13:46,7.84
2026-01-28 23:13:47,7.84
2026-01-28 23:13:48,7.84
2026-01-28 23:13:49,0
2026-01-28 23:13:50,0
2026-01-28 23:13:51,0
2026-01-28 23:13:52,0
2026-01-28 23:13:53,0
2026-01-28 23:13:54,0
2026-01-28 23:13:55,0
2026-01-28 23:13:56,0
2026-01-28 23:13:57,0
2026-01-28 23:13:58,0
2026-01-28 23:13:59,0
2026-01-28 23:14:00,0
2026-01-28 23:14:01,0
2026-01-28 23:14:02,0
2026-01-28 23:14:03,0
2026-01-28 23:14:04,0
2026-01-28 23:14:05,0
2026-01-28 23:14:06,0
2026-01-28 23:14:07,0
2026-01-28 23:14:08,0
2026-01-28 23:14:09,0
2026-01-28 23:14:10,0
2026-01-28 23:14:11,0
2026-01-28 23:14:12,0
2026-01-28 23:14:13,0
2026-01-28 23:14:14,0
2026-01-28 23:14:15,0
2026-01-28 23:14:16,0
2026-01-28 23:14:17,0
2026-01-28 23:14:18,0
2026-01-28 23:14:19,0
2026-01-28 23:14:20,0
2026-01-28 23:14:21,0
2026-01-28 23:14:22,0
2026-01-28 23:14:23,0
2026-01-28 23:14:24,0
2026-01-28 23:14:25,0
2026-01-28 23:14:26,0
2026-01-28 23:14:27,0
2026-01-28 23:14:28,0
2026-01-28 23:14:29,0
2026-01-28 23:14:30,0
2026-01-28 23:14:31,0
2026-01-28 23:14:32,0
2026-01-28 23:14:33,0
2026-01-28 23:14:34,0
2026-01-28 23:14:35,0
2026-01-28 23:14:36,0
2026-01-28 23:14:37,0
2026-01-28 23:14:38,0
2026-01-28 23:14:39,0
2026-01-28 23:14:40,0
2026-01-28 23:14:41,0
2026-01-28 23:14:42,0
2026-01-28 23:14:43,0
2026-01-28 23:14:44,0
2026-01-28 23:14:45,0
2026-01-28 23:14:46,0
2026-01-28 23:14:47,0
2026-01-28 23:14:48,0
2026-01-28 23:14:49,0
2026-01-28 23:14:50,0
2026-01-28 23:14:51,0
2026-01-28 23:14:52,0
2026-01-28 23:14:53,0
2026-01-28 23:14:54,0
2026-01-28 23:14:55,0
2026-01-28 23:14:56,0
2026-01-28 23:14:57,0
2026-01-28 23:14:58,0
2026-01-28 23:14:59,0
2026-01-28 23:15:00,0
2026-01-28 23:15:01,0
2026-01-28 23:15:02,0
2026-01-28 23:15:03,0
2026-01-28 23:15:04,0
2026-01-28 23:15:05,0
2026-01-28 23:15:06,0
2026-01-28 23:15:07,0
2026-01-28 23:15:08,0
2026-01-28 23:15:09,0
2026-01-28 23:15:10,0
2026-01-28 23:15:11,0
2026-01-28 23:15:12,0
2026-01-28 23:15:13,0
2026-01-28 23:15:14,0
2026-01-28 23:15:15,0
2026-01-28 23:15:16,0
2026-01-28 23:15:17,0
2026-01-28 23:15:18,0
2026-01-28 23:15:19,0
2026-01-28 23:15:20,0
2026-01-28 23:15:21,0
2026-01-28 23:15:22,0
2026-01-28 23:15:23,0
2026-01-28 23:20:24,4.76
2026-01-28 23:20:25,4.76
2026-01-28 23:20:26,4.76
2026-01-28 23:20:27,4.76
2026-01-28 23:20:28,4.76
2026-01-28 23:20:29,6.84
2026-01-28 23:20:30,6.84
2026-01-28 23:20:31,6.84
2026-01-28 23:20:32,6.84
2026-01-28 23:20:33,6.84
2026-01-28 23:20:34,7.26
2026-01-28 23:20:35,7.26
2026-01-28 23:20:36,7.26
2026-01-28 23:20:37,7.26
2026-01-28 23:20:38,7.26
2026-01-28 23:20:39,7.31
2026-01-28 23:20:40,7.31
2026-01-28 23:20:41,7.31
2026-01-28 23:20:42,7.31
2026-01-28 23:20:43,7.31
2026-01-28 23:20:44,7.68
2026-01-28 23:20:45,7.68
2026-01-28 23:20:46,7.68
2026-01-28 23:20:47,7.68
2026-01-28 23:20:48,7.68
2026-01-28 23:20:49,6.74
2026-01-28 23:20:50,6.74
2026-01-28 23:20:51,6.74
2026-01-28 23:20:52,6.74
2026-01-28 23:20:53,6.74
2026-01-28 23:20:54,6.90
2026-01-28 23:20:55,6.90
2026-01-28 23:20:56,6.90
2026-01-28 23:20:57,6.90
2026-01-28 23:20:58,6.90
2026-01-28 23:20:59,6.77
2026-01-28 23:21:00,6.77
2026-01-28 23:21:01,6.77
2026-01-28 23:21:02,6.77
2026-01-28 23:21:03,6.77
2026-01-28 23:21:04,6.78
2026-01-28 23:21:05,6.78
2026-01-28 23:21:06,6.78
2026-01-28 23:21:07,6.78
2026-01-28 23:21:08,6.78
2026-01-28 23:21:09,6.79
2026-01-28 23:21:10,6.79
2026-01-28 23:21:11,6.79
2026-01-28 23:21:12,6.79
2026-01-28 23:21:13,6.79
2026-01-28 23:21:14,6.72
2026-01-28 23:21:15,6.72
2026-01-28 23:21:16,6.72
2026-01-28 23:21:17,6.72
2026-01-28 23:21:18,6.72
2026-01-28 23:21:19,6.80
2026-01-28 23:21:20,6.80
2026-01-28 23:21:21,6.80
2026-01-28 23:21:22,6.80
2026-01-28 23:21:23,6.80
2026-01-28 23:21:24,6.88
2026-01-28 23:21:25,6.88
2026-01-28 23:21:26,6.88
2026-01-28 23:21:27,6.88
2026-01-28 23:21:28,6.88
2026-01-28 23:21:29,6.77
2026-01-28 23:21:30,6.77
2026-01-28 23:21:31,6.77
2026-01-28 23:21:32,6.77
2026-01-28 23:21:33,6.77
2026-01-28 23:21:34,6.78
2026-01-28 23:21:35,6.78
2026-01-28 23:21:36,6.78
2026-01-28 23:21:37,6.78
2026-01-28 23:21:38,6.78
2026-01-28 23:21:39,7.27
2026-01-28 23:21:40,7.27
2026-01-28 23:21:41,7.27
2026-01-28 23:21:42,7.27
2026-01-28 23:21:43,7.27
2026-01-28 23:21:44,6.70
2026-01-28 23:21:45,6.70
2026-01-28 23:21:46,6.70
2026-01-28 23:21:47,6.70
2026-01-28 23:21:48,6.70
2026-01-28 23:21:49,6.64
2026-01-28 23:21:50,6.64
2026-01-28 23:21:51,6.64
2026-01-28 23:21:52,6.64
2026-01-28 23:21:53,6.64
2026-01-28 23:21:54,6.73
2026-01-28 23:21:55,6.73
2026-01-28 23:21:56,6.73
2026-01-28 23:21:57,6.73
2026-01-28 23:21:58,6.73
2026-01-28 23:21:59,6.86
2026-01-28 23:22:00,6.86
2026-01-28 23:22:01,6.86
2026-01-28 23:22:02,6.86
2026-01-28 23:22:03,6.86
2026-01-28 23:22:04,6.71
2026-01-28 23:22:05,6.71
2026-01-28 23:22:06,6.71
2026-01-28 23:22:07,6.71
2026-01-28 23:22:08,6.71
2026-01-28 23:22:09,6.78
2026-01-28 23:22:10,6.78
2026-01-28 23:22:11,6.78
2026-01-28 23:22:12,6.78
2026-01-28 23:22:13,6.78
2026-01-28 23:22:14,6.13
2026-01-28 23:22:15,6.13
2026-01-28 23:22:16,6.13
2026-01-28 23:22:17,6.13
2026-01-28 23:22:18,6.13
2026-01-28 23:22:19,8.28
2026-01-28 23:22:20,8.28
2026-01-28 23:22:21,8.28
2026-01-28 23:22:22,8.28
2026-01-28 23:22:23,8.28
2026-01-28 23:22:24,9.25
2026-01-28 23:22:25,9.25
2026-01-28 23:22:26,9.25
2026-01-28 23:22:27,9.25
2026-01-28 23:22:28,9.25
2026-01-28 23:22:29,8.56
2026-01-28 23:22:30,8.56
2026-01-28 23:22:31,8.56
2026-01-28 23:22:32,8.56
2026-01-28 23:22:33,8.56
2026-01-28 23:22:34,8.71
2026-01-28 23:22:35,8.71
2026-01-28 23:22:36,8.71
2026-01-28 23:22:37,8.71
2026-01-28 23:22:38,8.71
2026-01-28 23:22:39,9.24
2026-01-28 23:22:40,9.24
2026-01-28 23:22:41,9.24
2026-01-28 23:22:42,9.24
2026-01-28 23:22:43,9.24
2026-01-28 23:22:44,0
2026-01-28 23:22:45,0
2026-01-28 23:22:46,0
2026-01-28 23:22:47,0
2026-01-28 23:22:48,0
2026-01-28 23:22:49,0
2026-01-28 23:22:50,0
2026-01-28 23:22:51,0
2026-01-28 23:22:52,0
2026-01-28 23:22:53,0
2026-01-28 23:22:54,0
2026-01-28 23:22:55,0
2026-01-28 23:22:56,0
2026-01-28 23:22:57,0
2026-01-28 23:22:58,0
2026-01-28 23:22:59,0
2026-01-28 23:23:00,0
2026-01-28 23:23:01,0
2026-01-28 23:23:02,0
2026-01-28 23:23:03,0
2026-01-28 23:23:04,0
2026-01-28 23:23:05,0
2026-01-28 23:23:06,0
2026-01-28 23:23:07,0
2026-01-28 23:23:08,0
2026-01-28 23:23:09,0
2026-01-28 23:23:10,0
2026-01-28 23:23:11,0
2026-01-28 23:23:12,0
2026-01-28 23:23:13,0
2026-01-28 23:23:14,0
2026-01-28 23:23:15,0
2026-01-28 23:23:16,0
2026-01-28 23:23:17,0
2026-01-28 23:23:18,0
2026-01-28 23:23:19,0
2026-01-28 23:23:20,0
2026-01-28 23:23:21,0
2026-01-28 23:23:22,0
2026-01-28 23:23:23,0
2026-01-28 23:23:24,0
2026-01-28 23:23:25,0
2026-01-28 23:23:26,0
2026-01-28 23:23:27,0
2026-01-28 23:23:28,0
2026-01-28 23:23:29,0
2026-01-28 23:23:30,0
2026-01-28 23:23:31,0
2026-01-28 23:23:32,0
2026-01-28 23:23:33,0
2026-01-28 23:23:34,0
2026-01-28 23:23:35,0
2026-01-28 23:23:36,0
2026-01-28 23:23:37,0
2026-01-28 23:23:38,0
2026-01-28 23:23:39,0
2026-01-28 23:23:40,0
2026-01-28 23:23:41,0
2026-01-28 23:23:42,0
2026-01-28 23:23:43,0
2026-01-28 23:23:44,0
2026-01-28 23:23:45,0
2026-01-28 23:23:46,0
2026-01-28 23:23:47,0
2026-01-28 23:23:48,0
2026-01-28 23:23:49,0
2026-01-28 23:23:50,0
2026-01-28 23:23:51,0
2026-01-28 23:23:52,0
2026-01-28 23:23:53,0
2026-01-28 23:23:54,0
2026-01-28 23:23:55,0
2026-01-28 23:23:56,0
2026-01-28 23:23:57,0
2026-01-28 23:23:58,0
2026-01-28 23:23:59,0
2026-01-28 23:24:00,0
2026-01-28 23:24:01,0
2026-01-28 23:24:02,0
2026-01-28 23:24:03,0
2026-01-28 23:24:04,0
2026-01-28 23:24:05,0
2026-01-28 23:24:06,0
2026-01-28 23:24:07,0
2026-01-28 23:24:08,0
2026-01-28 23:24:09,0
2026-01-28 23:24:10,0
2026-01-28 23:24:11,0
2026-01-28 23:24:12,0
2026-01-28 23:24:13,0
2026-01-28 23:24:14,0
2026-01-28 23:24:15,0
2026-01-28 23:24:16,0
2026-01-28 23:24:17,0
2026-01-28 23:24:18,0
2026-01-28 23:29:19,7.35
2026-01-28 23:29:20,7.35
2026-01-28 23:29:21,7.35
2026-01-28 23:29:22,7.35
2026-01-28 23:29:23,7.35
2026-01-28 23:29:24,8.05
2026-01-28 23:29:25,8.05
2026-01-28 23:29:26,8.05
2026-01-28 23:29:27,8.05
2026-01-28 23:29:28,8.05
2026-01-28 23:29:29,8.10
2026-01-28 23:29:30,8.10
2026-01-28 23:29:31,8.10
2026-01-28 23:29:32,8.10
2026-01-28 23:29:33,8.10
2026-01-28 23:29:34,7.68
2026-01-28 23:29:35,7.68
2026-01-28 23:29:36,7.68
2026-01-28 23:29:37,7.68
2026-01-28 23:29:38,7.68
2026-01-28 23:29:39,7.99
2026-01-28 23:29:40,7.99
2026-01-28 23:29:41,7.99
2026-01-28 23:29:42,7.99
2026-01-28 23:29:43,7.99
2026-01-28 23:29:44,7.75
2026-01-28 23:29:45,7.75
2026-01-28 23:29:46,7.75
2026-01-28 23:29:47,7.75
2026-01-28 23:29:48,7.75
2026-01-28 23:29:49,7.66
2026-01-28 23:29:50,7.66
2026-01-28 23:29:51,7.66
2026-01-28 23:29:52,7.66
2026-01-28 23:29:53,7.66
2026-01-28 23:29:54,9.40
2026-01-28 23:29:55,9.40
2026-01-28 23:29:56,9.40
2026-01-28 23:29:57,9.40
2026-01-28 23:29:58,9.40
2026-01-28 23:29:59,6.84
2026-01-28 23:30:00,6.84
2026-01-28 23:30:01,6.84
2026-01-28 23:30:02,6.84
2026-01-28 23:30:03,6.84
2026-01-28 23:30:04,6.64
2026-01-28 23:30:05,6.64
2026-01-28 23:30:06,6.64
2026-01-28 23:30:07,6.64
2026-01-28 23:30:08,6.64
2026-01-28 23:30:09,7.88
2026-01-28 23:30:10,7.88
2026-01-28 23:30:11,7.88
2026-01-28 23:30:12,7.88
2026-01-28 23:30:13,7.88
2026-01-28 23:30:14,7.54
2026-01-28 23:30:15,7.54
2026-01-28 23:30:16,7.54
2026-01-28 23:30:17,7.54
2026-01-28 23:30:18,7.54
2026-01-28 23:30:19,7.60
2026-01-28 23:30:20,7.60
2026-01-28 23:30:21,7.60
2026-01-28 23:30:22,7.60
2026-01-28 23:30:23,7.60
2026-01-28 23:30:24,7.56
2026-01-28 23:30:25,7.56
2026-01-28 23:30:26,7.56
2026-01-28 23:30:27,7.56
2026-01-28 23:30:28,7.56
2026-01-28 23:30:29,7.49
2026-01-28 23:30:30,7.49
2026-01-28 23:30:31,7.49
2026-01-28 23:30:32,7.49
2026-01-28 23:30:33,7.49
2026-01-28 23:30:34,7.56
2026-01-28 23:30:35,7.56
2026-01-28 23:30:36,7.56
2026-01-28 23:30:37,7.56
2026-01-28 23:30:38,7.56
2026-01-28 23:30:39,7.74
2026-01-28 23:30:40,7.74
2026-01-28 23:30:41,7.74
2026-01-28 23:30:42,7.74
2026-01-28 23:30:43,7.74
2026-01-28 23:30:44,7.63
2026-01-28 23:30:45,7.63
2026-01-28 23:30:46,7.63
2026-01-28 23:30:47,7.63
2026-01-28 23:30:48,7.63
2026-01-28 23:30:49,7.43
2026-01-28 23:30:50,7.43
2026-01-28 23:30:51,7.43
2026-01-28 23:30:52,7.43
2026-01-28 23:30:53,7.43
2026-01-28 23:30:54,7.66
2026-01-28 23:30:55,7.66
2026-01-28 23:30:56,7.66
2026-01-28 23:30:57,7.66
2026-01-28 23:30:58,7.66
2026-01-28 23:30:59,7.62
2026-01-28 23:31:00,7.62
2026-01-28 23:31:01,7.62
2026-01-28 23:31:02,7.62
2026-01-28 23:31:03,7.62
2026-01-28 23:31:04,7.72
2026-01-28 23:31:05,7.72
2026-01-28 23:31:06,7.72
2026-01-28 23:31:07,7.72
2026-01-28 23:31:08,7.72
2026-01-28 23:31:09,7.63
2026-01-28 23:31:10,7.63
2026-01-28 23:31:11,7.63
2026-01-28 23:31:12,7.63
2026-01-28 23:31:13,7.63
2026-01-28 23:31:14,7.61
2026-01-28 23:31:15,7.61
2026-01-28 23:31:16,7.61
2026-01-28 23:31:17,7.61
2026-01-28 23:31:18,7.61
2026-01-28 23:31:19,7.51
2026-01-28 23:31:20,7.51
2026-01-28 23:31:21,7.51
2026-01-28 23:31:22,7.51
2026-01-28 23:31:23,7.51
2026-01-28 23:31:24,7.67
2026-01-28 23:31:25,7.67
2026-01-28 23:31:26,7.67
2026-01-28 23:31:27,7.67
2026-01-28 23:31:28,7.67
2026-01-28 23:31:29,7.75
2026-01-28 23:31:30,7.75
2026-01-28 23:31:31,7.75
2026-01-28 23:31:32,7.75
2026-01-28 23:31:33,7.75
2026-01-28 23:31:34,7.57
2026-01-28 23:31:35,7.57
2026-01-28 23:31:36,7.57
2026-01-28 23:31:37,7.57
2026-01-28 23:31:38,7.57
2026-01-28 23:31:39,0
2026-01-28 23:31:40,0
2026-01-28 23:31:41,0
2026-01-28 23:31:42,0
2026-01-28 23:31:43,0
2026-01-28 23:31:44,0
2026-01-28 23:31:45,0
2026-01-28 23:31:46,0
2026-01-28 23:31:47,0
2026-01-28 23:31:48,0
2026-01-28 23:31:49,0
2026-01-28 23:31:50,0
2026-01-28 23:31:51,0
2026-01-28 23:31:52,0
2026-01-28 23:31:53,0
2026-01-28 23:31:54,0
2026-01-28 23:31:55,0
2026-01-28 23:31:56,0
2026-01-28 23:31:57,0
2026-01-28 23:31:58,0
2026-01-28 23:31:59,0
2026-01-28 23:32:00,0
2026-01-28 23:32:01,0
2026-01-28 23:32:02,0
2026-01-28 23:32:03,0
2026-01-28 23:32:04,0
2026-01-28 23:32:05,0
2026-01-28 23:32:06,0
2026-01-28 23:32:07,0
2026-01-28 23:32:08,0
2026-01-28 23:32:09,0
2026-01-28 23:32:10,0
2026-01-28 23:32:11,0
2026-01-28 23:32:12,0
2026-01-28 23:32:13,0
2026-01-28 23:32:14,0
2026-01-28 23:32:15,0
2026-01-28 23:32:16,0
2026-01-28 23:32:17,0
2026-01-28 23:32:18,0
2026-01-28 23:32:19,0
2026-01-28 23:32:20,0
2026-01-28 23:32:21,0
2026-01-28 23:32:22,0
2026-01-28 23:32:23,0
2026-01-28 23:32:24,0
2026-01-28 23:32:25,0
2026-01-28 23:32:26,0
2026-01-28 23:32:27,0
2026-01-28 23:32:28,0
2026-01-28 23:32:29,0
2026-01-28 23:32:30,0
2026-01-28 23:32:31,0
2026-01-28 23:32:32,0
2026-01-28 23:32:33,0
2026-01-28 23:32:34,0
2026-01-28 23:32:35,0
2026-01-28 23:32:36,0
2026-01-28 23:32:37,0
2026-01-28 23:32:38,0
2026-01-28 23:32:39,0
2026-01-28 23:32:40,0
2026-01-28 23:32:41,0
2026-01-28 23:32:42,0
2026-01-28 23:32:43,0
2026-01-28 23:32:44,0
2026-01-28 23:32:45,0
2026-01-28 23:32:46,0
2026-01-28 23:32:47,0
2026-01-28 23:32:48,0
2026-01-28 23:32:49,0
2026-01-28 23:32:50,0
2026-01-28 23:32:51,0
2026-01-28 23:32:52,0
2026-01-28 23:32:53,0
2026-01-28 23:32:54,0
2026-01-28 23:32:55,0
2026-01-28 23:32:56,0
2026-01-28 23:32:57,0
2026-01-28 23:32:58,0
2026-01-28 23:32:59,0
2026-01-28 23:33:00,0
2026-01-28 23:33:01,0
2026-01-28 23:33:02,0
2026-01-28 23:33:03,0
2026-01-28 23:33:04,0
2026-01-28 23:33:05,0
2026-01-28 23:33:06,0
2026-01-28 23:33:07,0
2026-01-28 23:33:08,0
2026-01-28 23:33:09,0
2026-01-28 23:33:10,0
2026-01-28 23:33:11,0
2026-01-28 23:33:12,0
2026-01-28 23:33:13,0
2026-01-28 23:38:24,6.71
2026-01-28 23:38:25,6.71
2026-01-28 23:38:26,6.71
2026-01-28 23:38:27,6.71
2026-01-28 23:38:28,6.71
2026-01-28 23:38:29,7.11
2026-01-28 23:38:30,7.11
2026-01-28 23:38:31,7.11
2026-01-28 23:38:32,7.11
2026-01-28 23:38:33,7.11
2026-01-28 23:38:34,7.02
2026-01-28 23:38:35,7.02
2026-01-28 23:38:36,7.02
2026-01-28 23:38:37,7.02
2026-01-28 23:38:38,7.02
2026-01-28 23:38:39,7.04
2026-01-28 23:38:40,7.04
2026-01-28 23:38:41,7.04
2026-01-28 23:38:42,7.04
2026-01-28 23:38:43,7.04
2026-01-28 23:38:44,7.23
2026-01-28 23:38:45,7.23
2026-01-28 23:38:46,7.23
2026-01-28 23:38:47,7.23
2026-01-28 23:38:48,7.23
2026-01-28 23:38:49,6.85
2026-01-28 23:38:50,6.85
2026-01-28 23:38:51,6.85
2026-01-28 23:38:52,6.85
2026-01-28 23:38:53,6.85
2026-01-28 23:38:54,7.08
2026-01-28 23:38:55,7.08
2026-01-28 23:38:56,7.08
2026-01-28 23:38:57,7.08
2026-01-28 23:38:58,7.08
2026-01-28 23:38:59,6.97
2026-01-28 23:39:00,6.97
2026-01-28 23:39:01,6.97
2026-01-28 23:39:02,6.97
2026-01-28 23:39:03,6.97
2026-01-28 23:39:04,7.02
2026-01-28 23:39:05,7.02
2026-01-28 23:39:06,7.02
2026-01-28 23:39:07,7.02
2026-01-28 23:39:08,7.02
2026-01-28 23:39:09,6.82
2026-01-28 23:39:10,6.82
2026-01-28 23:39:11,6.82
2026-01-28 23:39:12,6.82
2026-01-28 23:39:13,6.82
2026-01-28 23:39:14,8.17
2026-01-28 23:39:15,8.17
2026-01-28 23:39:16,8.17
2026-01-28 23:39:17,8.17
2026-01-28 23:39:18,8.17
2026-01-28 23:39:19,7.60
2026-01-28 23:39:20,7.60
2026-01-28 23:39:21,7.60
2026-01-28 23:39:22,7.60
2026-01-28 23:39:23,7.60
2026-01-28 23:39:24,6.83
2026-01-28 23:39:25,6.83
2026-01-28 23:39:26,6.83
2026-01-28 23:39:27,6.83
2026-01-28 23:39:28,6.83
2026-01-28 23:39:29,6.66
2026-01-28 23:39:30,6.66
2026-01-28 23:39:31,6.66
2026-01-28 23:39:32,6.66
2026-01-28 23:39:33,6.66
2026-01-28 23:39:34,6.77
2026-01-28 23:39:35,6.77
2026-01-28 23:39:36,6.77
2026-01-28 23:39:37,6.77
2026-01-28 23:39:38,6.77
2026-01-28 23:39:39,7.51
2026-01-28 23:39:40,7.51
2026-01-28 23:39:41,7.51
2026-01-28 23:39:42,7.51
2026-01-28 23:39:43,7.51
2026-01-28 23:39:44,8.04
2026-01-28 23:39:45,8.04
2026-01-28 23:39:46,8.04
2026-01-28 23:39:47,8.04
2026-01-28 23:39:48,8.04
2026-01-28 23:39:49,7.37
2026-01-28 23:39:50,7.37
2026-01-28 23:39:51,7.37
2026-01-28 23:39:52,7.37
2026-01-28 23:39:53,7.37
2026-01-28 23:39:54,7.60
2026-01-28 23:39:55,7.60
2026-01-28 23:39:56,7.60
2026-01-28 23:39:57,7.60
2026-01-28 23:39:58,7.60
2026-01-28 23:39:59,7.62
2026-01-28 23:40:00,7.62
2026-01-28 23:40:01,7.62
2026-01-28 23:40:02,7.62
2026-01-28 23:40:03,7.62
2026-01-28 23:40:04,7.64
2026-01-28 23:40:05,7.64
2026-01-28 23:40:06,7.64
2026-01-28 23:40:07,7.64
2026-01-28 23:40:08,7.64
2026-01-28 23:40:09,7.56
2026-01-28 23:40:10,7.56
2026-01-28 23:40:11,7.56
2026-01-28 23:40:12,7.56
2026-01-28 23:40:13,7.56
2026-01-28 23:40:14,7.51
2026-01-28 23:40:15,7.51
2026-01-28 23:40:16,7.51
2026-01-28 23:40:17,7.51
2026-01-28 23:40:18,7.51
2026-01-28 23:40:19,7.70
2026-01-28 23:40:20,7.70
2026-01-28 23:40:21,7.70
2026-01-28 23:40:22,7.70
2026-01-28 23:40:23,7.70
2026-01-28 23:40:24,7.64
2026-01-28 23:40:25,7.64
2026-01-28 23:40:26,7.64
2026-01-28 23:40:27,7.64
2026-01-28 23:40:28,7.64
2026-01-28 23:40:29,7.51
2026-01-28 23:40:30,7.51
2026-01-28 23:40:31,7.51
2026-01-28 23:40:32,7.51
2026-01-28 23:40:33,7.51
2026-01-28 23:40:34,7.60
2026-01-28 23:40:35,7.60
2026-01-28 23:40:36,7.60
2026-01-28 23:40:37,7.60
2026-01-28 23:40:38,7.60
2026-01-28 23:40:39,7.60
2026-01-28 23:40:40,7.60
2026-01-28 23:40:41,7.60
2026-01-28 23:40:42,7.60
2026-01-28 23:40:43,7.60
2026-01-28 23:40:44,0
2026-01-28 23:40:45,0
2026-01-28 23:40:46,0
2026-01-28 23:40:47,0
2026-01-28 23:40:48,0
2026-01-28 23:40:49,0
2026-01-28 23:40:50,0
2026-01-28 23:40:51,0
2026-01-28 23:40:52,0
2026-01-28 23:40:53,0
2026-01-28 23:40:54,0
2026-01-28 23:40:55,0
2026-01-28 23:40:56,0
2026-01-28 23:40:57,0
2026-01-28 23:40:58,0
2026-01-28 23:40:59,0
2026-01-28 23:41:00,0
2026-01-28 23:41:01,0
2026-01-28 23:41:02,0
2026-01-28 23:41:03,0
2026-01-28 23:41:04,0
2026-01-28 23:41:05,0
2026-01-28 23:41:06,0
2026-01-28 23:41:07,0
2026-01-28 23:41:08,0
2026-01-28 23:41:09,0
2026-01-28 23:41:10,0
2026-01-28 23:41:11,0
2026-01-28 23:41:12,0
2026-01-28 23:41:13,0
2026-01-28 23:41:14,0
2026-01-28 23:41:15,0
2026-01-28 23:41:16,0
2026-01-28 23:41:17,0
2026-01-28 23:41:18,0
2026-01-28 23:41:19,0
2026-01-28 23:41:20,0
2026-01-28 23:41:21,0
2026-01-28 23:41:22,0
2026-01-28 23:41:23,0
2026-01-28 23:41:24,0
2026-01-28 23:41:25,0
2026-01-28 23:41:26,0
2026-01-28 23:41:27,0
2026-01-28 23:41:28,0
2026-01-28 23:41:29,0
2026-01-28 23:41:30,0
2026-01-28 23:41:31,0
2026-01-28 23:41:32,0
2026-01-28 23:41:33,0
2026-01-28 23:41:34,0
2026-01-28 23:41:35,0
2026-01-28 23:41:36,0
2026-01-28 23:41:37,0
2026-01-28 23:41:38,0
2026-01-28 23:41:39,0
2026-01-28 23:41:40,0
2026-01-28 23:41:41,0
2026-01-28 23:41:42,0
2026-01-28 23:41:43,0
2026-01-28 23:41:44,0
2026-01-28 23:41:45,0
2026-01-28 23:41:46,0
2026-01-28 23:41:47,0
2026-01-28 23:41:48,0
2026-01-28 23:41:49,0
2026-01-28 23:41:50,0
2026-01-28 23:41:51,0
2026-01-28 23:41:52,0
2026-01-28 23:41:53,0
2026-01-28 23:41:54,0
2026-01-28 23:41:55,0
2026-01-28 23:41:56,0
2026-01-28 23:41:57,0
2026-01-28 23:41:58,0
2026-01-28 23:41:59,0
2026-01-28 23:42:00,0
2026-01-28 23:42:01,0
2026-01-28 23:42:02,0
2026-01-28 23:42:03,0
2026-01-28 23:42:04,0
2026-01-28 23:42:05,0
2026-01-28 23:42:06,0
2026-01-28 23:42:07,0
2026-01-28 23:42:08,0
2026-01-28 23:42:09,0
2026-01-28 23:42:10,0
2026-01-28 23:42:11,0
2026-01-28 23:42:12,0
2026-01-28 23:42:13,0
2026-01-28 23:42:14,0
2026-01-28 23:42:15,0
2026-01-28 23:42:16,0
2026-01-28 23:42:17,0
2026-01-28 23:42:18,0
2026-01-28 23:47:19,7.20
2026-01-28 23:47:20,7.20
2026-01-28 23:47:21,7.20
2026-01-28 23:47:22,7.20
2026-01-28 23:47:23,7.20
2026-01-28 23:47:24,7.72
2026-01-28 23:47:25,7.72
2026-01-28 23:47:26,7.72
2026-01-28 23:47:27,7.72
2026-01-28 23:47:28,7.72
2026-01-28 23:47:29,8.47
2026-01-28 23:47:30,8.47
2026-01-28 23:47:31,8.47
2026-01-28 23:47:32,8.47
2026-01-28 23:47:33,8.47
2026-01-28 23:47:34,7.81
2026-01-28 23:47:35,7.81
2026-01-28 23:47:36,7.81
2026-01-28 23:47:37,7.81
2026-01-28 23:47:38,7.81
2026-01-28 23:47:39,7.82
2026-01-28 23:47:40,7.82
2026-01-28 23:47:41,7.82
2026-01-28 23:47:42,7.82
2026-01-28 23:47:43,7.82
2026-01-28 23:47:44,7.97
2026-01-28 23:47:45,7.97
2026-01-28 23:47:46,7.97
2026-01-28 23:47:47,7.97
2026-01-28 23:47:48,7.97
2026-01-28 23:47:49,8.04
2026-01-28 23:47:50,8.04
2026-01-28 23:47:51,8.04
2026-01-28 23:47:52,8.04
2026-01-28 23:47:53,8.04
2026-01-28 23:47:54,7.83
2026-01-28 23:47:55,7.83
2026-01-28 23:47:56,7.83
2026-01-28 23:47:57,7.83
2026-01-28 23:47:58,7.83
2026-01-28 23:47:59,8.02
2026-01-28 23:48:00,8.02
2026-01-28 23:48:01,8.02
2026-01-28 23:48:02,8.02
2026-01-28 23:48:03,8.02
2026-01-28 23:48:04,7.90
2026-01-28 23:48:05,7.90
2026-01-28 23:48:06,7.90
2026-01-28 23:48:07,7.90
2026-01-28 23:48:08,7.90
2026-01-28 23:48:09,8.05
2026-01-28 23:48:10,8.05
2026-01-28 23:48:11,8.05
2026-01-28 23:48:12,8.05
2026-01-28 23:48:13,8.05
2026-01-28 23:48:14,7.76
2026-01-28 23:48:15,7.76
2026-01-28 23:48:16,7.76
2026-01-28 23:48:17,7.76
2026-01-28 23:48:18,7.76
2026-01-28 23:48:19,7.89
2026-01-28 23:48:20,7.89
2026-01-28 23:48:21,7.89
2026-01-28 23:48:22,7.89
2026-01-28 23:48:23,7.89
2026-01-28 23:48:24,7.83
2026-01-28 23:48:25,7.83
2026-01-28 23:48:26,7.83
2026-01-28 23:48:27,7.83
2026-01-28 23:48:28,7.83
2026-01-28 23:48:29,8.05
2026-01-28 23:48:30,8.05
2026-01-28 23:48:31,8.05
2026-01-28 23:48:32,8.05
2026-01-28 23:48:33,8.05
2026-01-28 23:48:34,7.86
2026-01-28 23:48:35,7.86
2026-01-28 23:48:36,7.86
2026-01-28 23:48:37,7.86
2026-01-28 23:48:38,7.86
2026-01-28 23:48:39,7.93
2026-01-28 23:48:40,7.93
2026-01-28 23:48:41,7.93
2026-01-28 23:48:42,7.93
2026-01-28 23:48:43,7.93
2026-01-28 23:48:44,7.94
2026-01-28 23:48:45,7.94
2026-01-28 23:48:46,7.94
2026-01-28 23:48:47,7.94
2026-01-28 23:48:48,7.94
2026-01-28 23:48:49,8.82
2026-01-28 23:48:50,8.82
2026-01-28 23:48:51,8.82
2026-01-28 23:48:52,8.82
2026-01-28 23:48:53,8.82
2026-01-28 23:48:54,6.78
2026-01-28 23:48:55,6.78
2026-01-28 23:48:56,6.78
2026-01-28 23:48:57,6.78
2026-01-28 23:48:58,6.78
2026-01-28 23:48:59,6.80
2026-01-28 23:49:00,6.80
2026-01-28 23:49:01,6.80
2026-01-28 23:49:02,6.80
2026-01-28 23:49:03,6.80
2026-01-28 23:49:04,6.88
2026-01-28 23:49:05,6.88
2026-01-28 23:49:06,6.88
2026-01-28 23:49:07,6.88
2026-01-28 23:49:08,6.88
2026-01-28 23:49:09,6.96
2026-01-28 23:49:10,6.96
2026-01-28 23:49:11,6.96
2026-01-28 23:49:12,6.96
2026-01-28 23:49:13,6.96
2026-01-28 23:49:14,6.74
2026-01-28 23:49:15,6.74
2026-01-28 23:49:16,6.74
2026-01-28 23:49:17,6.74
2026-01-28 23:49:18,6.74
2026-01-28 23:49:19,7.17
2026-01-28 23:49:20,7.17
2026-01-28 23:49:21,7.17
2026-01-28 23:49:22,7.17
2026-01-28 23:49:23,7.17
2026-01-28 23:49:24,6.35
2026-01-28 23:49:25,6.35
2026-01-28 23:49:26,6.35
2026-01-28 23:49:27,6.35
2026-01-28 23:49:28,6.35
2026-01-28 23:49:29,7.88
2026-01-28 23:49:30,7.88
2026-01-28 23:49:31,7.88
2026-01-28 23:49:32,7.88
2026-01-28 23:49:33,7.88
2026-01-28 23:49:34,8.22
2026-01-28 23:49:35,8.22
2026-01-28 23:49:36,8.22
2026-01-28 23:49:37,8.22
2026-01-28 23:49:38,8.22
2026-01-28 23:49:39,7.70
2026-01-28 23:49:40,7.70
2026-01-28 23:49:41,7.70
2026-01-28 23:49:42,7.70
2026-01-28 23:49:43,7.70
2026-01-28 23:49:44,0
2026-01-28 23:49:45,0
2026-01-28 23:49:46,0
2026-01-28 23:49:47,0
2026-01-28 23:49:48,0
2026-01-28 23:49:49,0
2026-01-28 23:49:50,0
2026-01-28 23:49:51,0
2026-01-28 23:49:52,0
2026-01-28 23:49:53,0
2026-01-28 23:49:54,0
2026-01-28 23:49:55,0
2026-01-28 23:49:56,0
2026-01-28 23:49:57,0
2026-01-28 23:49:58,0
2026-01-28 23:49:59,0
2026-01-28 23:50:00,0
2026-01-28 23:50:01,0
2026-01-28 23:50:02,0
2026-01-28 23:50:03,0
2026-01-28 23:50:04,0
2026-01-28 23:50:05,0
2026-01-28 23:50:06,0
2026-01-28 23:50:07,0
2026-01-28 23:50:08,0
2026-01-28 23:50:09,0
2026-01-28 23:50:10,0
2026-01-28 23:50:11,0
2026-01-28 23:50:12,0
2026-01-28 23:50:13,0
2026-01-28 23:50:14,0
2026-01-28 23:50:15,0
2026-01-28 23:50:16,0
2026-01-28 23:50:17,0
2026-01-28 23:50:18,0
2026-01-28 23:50:19,0
2026-01-28 23:50:20,0
2026-01-28 23:50:21,0
2026-01-28 23:50:22,0
2026-01-28 23:50:23,0
2026-01-28 23:50:24,0
2026-01-28 23:50:25,0
2026-01-28 23:50:26,0
2026-01-28 23:50:27,0
2026-01-28 23:50:28,0
2026-01-28 23:50:29,0
2026-01-28 23:50:30,0
2026-01-28 23:50:31,0
2026-01-28 23:50:32,0
2026-01-28 23:50:33,0
2026-01-28 23:50:34,0
2026-01-28 23:50:35,0
2026-01-28 23:50:36,0
2026-01-28 23:50:37,0
2026-01-28 23:50:38,0
2026-01-28 23:50:39,0
2026-01-28 23:50:40,0
2026-01-28 23:50:41,0
2026-01-28 23:50:42,0
2026-01-28 23:50:43,0
2026-01-28 23:50:44,0
2026-01-28 23:50:45,0
2026-01-28 23:50:46,0
2026-01-28 23:50:47,0
2026-01-28 23:50:48,0
2026-01-28 23:50:49,0
2026-01-28 23:50:50,0
2026-01-28 23:50:51,0
2026-01-28 23:50:52,0
2026-01-28 23:50:53,0
2026-01-28 23:50:54,0
2026-01-28 23:50:55,0
2026-01-28 23:50:56,0
2026-01-28 23:50:57,0
2026-01-28 23:50:58,0
2026-01-28 23:50:59,0
2026-01-28 23:51:00,0
2026-01-28 23:51:01,0
2026-01-28 23:51:02,0
2026-01-28 23:51:03,0
2026-01-28 23:51:04,0
2026-01-28 23:51:05,0
2026-01-28 23:51:06,0
2026-01-28 23:51:07,0
2026-01-28 23:51:08,0
2026-01-28 23:51:09,0
2026-01-28 23:51:10,0
2026-01-28 23:51:11,0
2026-01-28 23:51:12,0
2026-01-28 23:51:13,0
2026-01-28 23:56:24,8.65
2026-01-28 23:56:25,8.65
2026-01-28 23:56:26,8.65
2026-01-28 23:56:27,8.65
2026-01-28 23:56:28,8.65
2026-01-28 23:56:29,9.36
2026-01-28 23:56:30,9.36
2026-01-28 23:56:31,9.36
2026-01-28 23:56:32,9.36
2026-01-28 23:56:33,9.36
2026-01-28 23:56:34,8.63
2026-01-28 23:56:35,8.63
2026-01-28 23:56:36,8.63
2026-01-28 23:56:37,8.63
2026-01-28 23:56:38,8.63
2026-01-28 23:56:39,8.51
2026-01-28 23:56:40,8.51
2026-01-28 23:56:41,8.51
2026-01-28 23:56:42,8.51
2026-01-28 23:56:43,8.51
2026-01-28 23:56:44,8.94
2026-01-28 23:56:45,8.94
2026-01-28 23:56:46,8.94
2026-01-28 23:56:47,8.94
2026-01-28 23:56:48,8.94
2026-01-28 23:56:49,8.70
2026-01-28 23:56:50,8.70
2026-01-28 23:56:51,8.70
2026-01-28 23:56:52,8.70
2026-01-28 23:56:53,8.70
2026-01-28 23:56:54,8.40
2026-01-28 23:56:55,8.40
2026-01-28 23:56:56,8.40
2026-01-28 23:56:57,8.40
2026-01-28 23:56:58,8.40
2026-01-28 23:56:59,8.48
2026-01-28 23:57:00,8.48
2026-01-28 23:57:01,8.48
2026-01-28 23:57:02,8.48
2026-01-28 23:57:03,8.48
2026-01-28 23:57:04,8.61
2026-01-28 23:57:05,8.61
2026-01-28 23:57:06,8.61
2026-01-28 23:57:07,8.61
2026-01-28 23:57:08,8.61
2026-01-28 23:57:09,8.61
2026-01-28 23:57:10,8.61
2026-01-28 23:57:11,8.61
2026-01-28 23:57:12,8.61
2026-01-28 23:57:13,8.61
2026-01-28 23:57:14,8.46
2026-01-28 23:57:15,8.46
2026-01-28 23:57:16,8.46
2026-01-28 23:57:17,8.46
2026-01-28 23:57:18,8.46
2026-01-28 23:57:19,8.53
2026-01-28 23:57:20,8.53
2026-01-28 23:57:21,8.53
2026-01-28 23:57:22,8.53
2026-01-28 23:57:23,8.53
2026-01-28 23:57:24,8.66
2026-01-28 23:57:25,8.66
2026-01-28 23:57:26,8.66
2026-01-28 23:57:27,8.66
2026-01-28 23:57:28,8.66
2026-01-28 23:57:29,8.57
2026-01-28 23:57:30,8.57
2026-01-28 23:57:31,8.57
2026-01-28 23:57:32,8.57
2026-01-28 23:57:33,8.57
2026-01-28 23:57:34,8.37
2026-01-28 23:57:35,8.37
2026-01-28 23:57:36,8.37
2026-01-28 23:57:37,8.37
2026-01-28 23:57:38,8.37
2026-01-28 23:57:39,8.56
2026-01-28 23:57:40,8.56
2026-01-28 23:57:41,8.56
2026-01-28 23:57:42,8.56
2026-01-28 23:57:43,8.56
2026-01-28 23:57:44,9.00
2026-01-28 23:57:45,9.00
2026-01-28 23:57:46,9.00
2026-01-28 23:57:47,9.00
2026-01-28 23:57:48,9.00
2026-01-28 23:57:49,8.67
2026-01-28 23:57:50,8.67
2026-01-28 23:57:51,8.67
2026-01-28 23:57:52,8.67
2026-01-28 23:57:53,8.67
2026-01-28 23:57:54,8.52
2026-01-28 23:57:55,8.52
2026-01-28 23:57:56,8.52
2026-01-28 23:57:57,8.52
2026-01-28 23:57:58,8.52
2026-01-28 23:57:59,8.54
2026-01-28 23:58:00,8.54
2026-01-28 23:58:01,8.54
2026-01-28 23:58:02,8.54
2026-01-28 23:58:03,8.54
2026-01-28 23:58:04,8.90
2026-01-28 23:58:05,8.90
2026-01-28 23:58:06,8.90
2026-01-28 23:58:07,8.90
2026-01-28 23:58:08,8.90
2026-01-28 23:58:09,8.93
2026-01-28 23:58:10,8.93
2026-01-28 23:58:11,8.93
2026-01-28 23:58:12,8.93
2026-01-28 23:58:13,8.93
2026-01-28 23:58:14,8.47
2026-01-28 23:58:15,8.47
2026-01-28 23:58:16,8.47
2026-01-28 23:58:17,8.47
2026-01-28 23:58:18,8.47
2026-01-28 23:58:19,8.58
2026-01-28 23:58:20,8.58
2026-01-28 23:58:21,8.58
2026-01-28 23:58:22,8.58
2026-01-28 23:58:23,8.58
2026-01-28 23:58:24,8.52
2026-01-28 23:58:25,8.52
2026-01-28 23:58:26,8.52
2026-01-28 23:58:27,8.52
2026-01-28 23:58:28,8.52
2026-01-28 23:58:29,8.61
2026-01-28 23:58:30,8.61
2026-01-28 23:58:31,8.61
2026-01-28 23:58:32,8.61
2026-01-28 23:58:33,8.61
2026-01-28 23:58:34,8.49
2026-01-28 23:58:35,8.49
2026-01-28 23:58:36,8.49
2026-01-28 23:58:37,8.49
2026-01-28 23:58:38,8.49
2026-01-28 23:58:39,8.48
2026-01-28 23:58:40,8.48
2026-01-28 23:58:41,8.48
2026-01-28 23:58:42,8.48
2026-01-28 23:58:43,8.48
2026-01-28 23:58:44,0
2026-01-28 23:58:45,0
2026-01-28 23:58:46,0
2026-01-28 23:58:47,0
2026-01-28 23:58:48,0
2026-01-28 23:58:49,0
2026-01-28 23:58:50,0
2026-01-28 23:58:51,0
2026-01-28 23:58:52,0
2026-01-28 23:58:53,0
2026-01-28 23:58:54,0
2026-01-28 23:58:55,0
2026-01-28 23:58:56,0
2026-01-28 23:58:57,0
2026-01-28 23:58:58,0
2026-01-28 23:58:59,0
2026-01-28 23:59:00,0
2026-01-28 23:59:01,0
2026-01-28 23:59:02,0
2026-01-28 23:59:03,0
2026-01-28 23:59:04,0
2026-01-28 23:59:05,0
2026-01-28 23:59:06,0
2026-01-28 23:59:07,0
2026-01-28 23:59:08,0
2026-01-28 23:59:09,0
2026-01-28 23:59:10,0
2026-01-28 23:59:11,0
2026-01-28 23:59:12,0
2026-01-28 23:59:13,0
2026-01-28 23:59:14,0
2026-01-28 23:59:15,0
2026-01-28 23:59:16,0
2026-01-28 23:59:17,0
2026-01-28 23:59:18,0
2026-01-28 23:59:19,0
2026-01-28 23:59:20,0
2026-01-28 23:59:21,0
2026-01-28 23:59:22,0
2026-01-28 23:59:23,0
2026-01-28 23:59:24,0
2026-01-28 23:59:25,0
2026-01-28 23:59:26,0
2026-01-28 23:59:27,0
2026-01-28 23:59:28,0
2026-01-28 23:59:29,0
2026-01-28 23:59:30,0
2026-01-28 23:59:31,0
2026-01-28 23:59:32,0
2026-01-28 23:59:33,0
2026-01-28 23:59:34,0
2026-01-28 23:59:35,0
2026-01-28 23:59:36,0
2026-01-28 23:59:37,0
2026-01-28 23:59:38,0
2026-01-28 23:59:39,0
2026-01-28 23:59:40,0
2026-01-28 23:59:41,0
2026-01-28 23:59:42,0
2026-01-28 23:59:43,0
2026-01-28 23:59:44,0
2026-01-28 23:59:45,0
2026-01-28 23:59:46,0
2026-01-28 23:59:47,0
2026-01-28 23:59:48,0
2026-01-28 23:59:49,0
2026-01-28 23:59:50,0
2026-01-28 23:59:51,0
2026-01-28 23:59:52,0
2026-01-28 23:59:53,0
2026-01-28 23:59:54,0
2026-01-28 23:59:55,0
2026-01-28 23:59:56,0
2026-01-28 23:59:57,0
2026-01-28 23:59:58,0
2026-01-28 23:59:59,0
2026-01-29 00:00:00,0
2026-01-29 00:00:01,0
2026-01-29 00:00:02,0
2026-01-29 00:00:03,0
2026-01-29 00:00:04,0
2026-01-29 00:00:05,0
2026-01-29 00:00:06,0
2026-01-29 00:00:07,0
2026-01-29 00:00:08,0
2026-01-29 00:00:09,0
2026-01-29 00:00:10,0
2026-01-29 00:00:11,0
2026-01-29 00:00:12,0
2026-01-29 00:00:13,0
2026-01-29 00:00:14,0
2026-01-29 00:00:15,0
2026-01-29 00:00:16,0
2026-01-29 00:00:17,0
2026-01-29 00:00:18,0
2026-01-29 00:05:19,2.51
2026-01-29 00:05:20,2.51
2026-01-29 00:05:21,2.51
2026-01-29 00:05:22,2.51
2026-01-29 00:05:23,2.51
2026-01-29 00:05:24,8.05
2026-01-29 00:05:25,8.05
2026-01-29 00:05:26,8.05
2026-01-29 00:05:27,8.05
2026-01-29 00:05:28,8.05
2026-01-29 00:05:29,7.84
2026-01-29 00:05:30,7.84
2026-01-29 00:05:31,7.84
2026-01-29 00:05:32,7.84
2026-01-29 00:05:33,7.84
2026-01-29 00:05:34,7.54
2026-01-29 00:05:35,7.54
2026-01-29 00:05:36,7.54
2026-01-29 00:05:37,7.54
2026-01-29 00:05:38,7.54
2026-01-29 00:05:39,7.36
2026-01-29 00:05:40,7.36
2026-01-29 00:05:41,7.36
2026-01-29 00:05:42,7.36
2026-01-29 00:05:43,7.36
2026-01-29 00:05:44,6.76
2026-01-29 00:05:45,6.76
2026-01-29 00:05:46,6.76
2026-01-29 00:05:47,6.76
2026-01-29 00:05:48,6.76
2026-01-29 00:05:49,6.86
2026-01-29 00:05:50,6.86
2026-01-29 00:05:51,6.86
2026-01-29 00:05:52,6.86
2026-01-29 00:05:53,6.86
2026-01-29 00:05:54,7.06
2026-01-29 00:05:55,7.06
2026-01-29 00:05:56,7.06
2026-01-29 00:05:57,7.06
2026-01-29 00:05:58,7.06
2026-01-29 00:05:59,6.75
2026-01-29 00:06:00,6.75
2026-01-29 00:06:01,6.75
2026-01-29 00:06:02,6.75
2026-01-29 00:06:03,6.75
2026-01-29 00:06:04,6.82
2026-01-29 00:06:05,6.82
2026-01-29 00:06:06,6.82
2026-01-29 00:06:07,6.82
2026-01-29 00:06:08,6.82
2026-01-29 00:06:09,6.71
2026-01-29 00:06:10,6.71
2026-01-29 00:06:11,6.71
2026-01-29 00:06:12,6.71
2026-01-29 00:06:13,6.71
2026-01-29 00:06:14,6.74
2026-01-29 00:06:15,6.74
2026-01-29 00:06:16,6.74
2026-01-29 00:06:17,6.74
2026-01-29 00:06:18,6.74
2026-01-29 00:06:19,8.01
2026-01-29 00:06:20,8.01
2026-01-29 00:06:21,8.01
2026-01-29 00:06:22,8.01
2026-01-29 00:06:23,8.01
2026-01-29 00:06:24,7.77
2026-01-29 00:06:25,7.77
2026-01-29 00:06:26,7.77
2026-01-29 00:06:27,7.77
2026-01-29 00:06:28,7.77
2026-01-29 00:06:29,7.64
2026-01-29 00:06:30,7.64
2026-01-29 00:06:31,7.64
2026-01-29 00:06:32,7.64
2026-01-29 00:06:33,7.64
2026-01-29 00:06:34,7.81
2026-01-29 00:06:35,7.81
2026-01-29 00:06:36,7.81
2026-01-29 00:06:37,7.81
2026-01-29 00:06:38,7.81
2026-01-29 00:06:39,7.65
2026-01-29 00:06:40,7.65
2026-01-29 00:06:41,7.65
2026-01-29 00:06:42,7.65
2026-01-29 00:06:43,7.65
2026-01-29 00:06:44,7.70
2026-01-29 00:06:45,7.70
2026-01-29 00:06:46,7.70
2026-01-29 00:06:47,7.70
2026-01-29 00:06:48,7.70
2026-01-29 00:06:49,7.68
2026-01-29 00:06:50,7.68
2026-01-29 00:06:51,7.68
2026-01-29 00:06:52,7.68
2026-01-29 00:06:53,7.68
2026-01-29 00:06:54,7.84
2026-01-29 00:06:55,7.84
2026-01-29 00:06:56,7.84
2026-01-29 00:06:57,7.84
2026-01-29 00:06:58,7.84
2026-01-29 00:06:59,7.68
2026-01-29 00:07:00,7.68
2026-01-29 00:07:01,7.68
2026-01-29 00:07:02,7.68
2026-01-29 00:07:03,7.68
2026-01-29 00:07:04,8.83
2026-01-29 00:07:05,8.83
2026-01-29 00:07:06,8.83
2026-01-29 00:07:07,8.83
2026-01-29 00:07:08,8.83
2026-01-29 00:07:09,8.34
2026-01-29 00:07:10,8.34
2026-01-29 00:07:11,8.34
2026-01-29 00:07:12,8.34
2026-01-29 00:07:13,8.34
2026-01-29 00:07:14,8.53
2026-01-29 00:07:15,8.53
2026-01-29 00:07:16,8.53
2026-01-29 00:07:17,8.53
2026-01-29 00:07:18,8.53
2026-01-29 00:07:19,8.35
2026-01-29 00:07:20,8.35
2026-01-29 00:07:21,8.35
2026-01-29 00:07:22,8.35
2026-01-29 00:07:23,8.35
2026-01-29 00:07:24,8.55
2026-01-29 00:07:25,8.55
2026-01-29 00:07:26,8.55
2026-01-29 00:07:27,8.55
2026-01-29 00:07:28,8.55
2026-01-29 00:07:29,8.32
2026-01-29 00:07:30,8.32
2026-01-29 00:07:31,8.32
2026-01-29 00:07:32,8.32
2026-01-29 00:07:33,8.32
2026-01-29 00:07:34,9.49
2026-01-29 00:07:35,9.49
2026-01-29 00:07:36,9.49
2026-01-29 00:07:37,9.49
2026-01-29 00:07:38,9.49
2026-01-29 00:07:39,8.02
2026-01-29 00:07:40,8.02
2026-01-29 00:07:41,8.02
2026-01-29 00:07:42,8.02
2026-01-29 00:07:43,8.02
2026-01-29 00:07:44,0
2026-01-29 00:07:45,0
2026-01-29 00:07:46,0
2026-01-29 00:07:47,0
2026-01-29 00:07:48,0
2026-01-29 00:07:49,0
2026-01-29 00:07:50,0
2026-01-29 00:07:51,0
2026-01-29 00:07:52,0
2026-01-29 00:07:53,0
2026-01-29 00:07:54,0
2026-01-29 00:07:55,0
2026-01-29 00:07:56,0
2026-01-29 00:07:57,0
2026-01-29 00:07:58,0
2026-01-29 00:07:59,0
2026-01-29 00:08:00,0
2026-01-29 00:08:01,0
2026-01-29 00:08:02,0
2026-01-29 00:08:03,0
2026-01-29 00:08:04,0
2026-01-29 00:08:05,0
2026-01-29 00:08:06,0
2026-01-29 00:08:07,0
2026-01-29 00:08:08,0
2026-01-29 00:08:09,0
2026-01-29 00:08:10,0
2026-01-29 00:08:11,0
2026-01-29 00:08:12,0
2026-01-29 00:08:13,0
2026-01-29 00:08:14,0
2026-01-29 00:08:15,0
2026-01-29 00:08:16,0
2026-01-29 00:08:17,0
2026-01-29 00:08:18,0
2026-01-29 00:08:19,0
2026-01-29 00:08:20,0
2026-01-29 00:08:21,0
2026-01-29 00:08:22,0
2026-01-29 00:08:23,0
2026-01-29 00:08:24,0
2026-01-29 00:08:25,0
2026-01-29 00:08:26,0
2026-01-29 00:08:27,0
2026-01-29 00:08:28,0
2026-01-29 00:08:29,0
2026-01-29 00:08:30,0
2026-01-29 00:08:31,0
2026-01-29 00:08:32,0
2026-01-29 00:08:33,0
2026-01-29 00:08:34,0
2026-01-29 00:08:35,0
2026-01-29 00:08:36,0
2026-01-29 00:08:37,0
2026-01-29 00:08:38,0
2026-01-29 00:08:39,0
2026-01-29 00:08:40,0
2026-01-29 00:08:41,0
2026-01-29 00:08:42,0
2026-01-29 00:08:43,0
2026-01-29 00:08:44,0
2026-01-29 00:08:45,0
2026-01-29 00:08:46,0
2026-01-29 00:08:47,0
2026-01-29 00:08:48,0
2026-01-29 00:08:49,0
2026-01-29 00:08:50,0
2026-01-29 00:08:51,0
2026-01-29 00:08:52,0
2026-01-29 00:08:53,0
2026-01-29 00:08:54,0
2026-01-29 00:08:55,0
2026-01-29 00:08:56,0
2026-01-29 00:08:57,0
2026-01-29 00:08:58,0
2026-01-29 00:08:59,0
2026-01-29 00:09:00,0
2026-01-29 00:09:01,0
2026-01-29 00:09:02,0
2026-01-29 00:09:03,0
2026-01-29 00:09:04,0
2026-01-29 00:09:05,0
2026-01-29 00:09:06,0
2026-01-29 00:09:07,0
2026-01-29 00:09:08,0
2026-01-29 00:09:09,0
2026-01-29 00:09:10,0
2026-01-29 00:09:11,0
2026-01-29 00:09:12,0
2026-01-29 00:09:13,0
2026-01-29 00:14:24,4.09
2026-01-29 00:14:25,4.09
2026-01-29 00:14:26,4.09
2026-01-29 00:14:27,4.09
2026-01-29 00:14:28,4.09
2026-01-29 00:14:29,8.06
2026-01-29 00:14:30,8.06
2026-01-29 00:14:31,8.06
2026-01-29 00:14:32,8.06
2026-01-29 00:14:33,8.06
2026-01-29 00:14:34,10.0
2026-01-29 00:14:35,10.0
2026-01-29 00:14:36,10.0
2026-01-29 00:14:37,10.0
2026-01-29 00:14:38,10.0
2026-01-29 00:14:39,8.98
2026-01-29 00:14:40,8.98
2026-01-29 00:14:41,8.98
2026-01-29 00:14:42,8.98
2026-01-29 00:14:43,8.98
2026-01-29 00:14:44,9.58
2026-01-29 00:14:45,9.58
2026-01-29 00:14:46,9.58
2026-01-29 00:14:47,9.58
2026-01-29 00:14:48,9.58
2026-01-29 00:14:49,8.38
2026-01-29 00:14:50,8.38
2026-01-29 00:14:51,8.38
2026-01-29 00:14:52,8.38
2026-01-29 00:14:53,8.38
2026-01-29 00:14:54,6.98
2026-01-29 00:14:55,6.98
2026-01-29 00:14:56,6.98
2026-01-29 00:14:57,6.98
2026-01-29 00:14:58,6.98
2026-01-29 00:14:59,6.74
2026-01-29 00:15:00,6.74
2026-01-29 00:15:01,6.74
2026-01-29 00:15:02,6.74
2026-01-29 00:15:03,6.74
2026-01-29 00:15:04,6.87
2026-01-29 00:15:05,6.87
2026-01-29 00:15:06,6.87
2026-01-29 00:15:07,6.87
2026-01-29 00:15:08,6.87
2026-01-29 00:15:09,6.79
2026-01-29 00:15:10,6.79
2026-01-29 00:15:11,6.79
2026-01-29 00:15:12,6.79
2026-01-29 00:15:13,6.79
2026-01-29 00:15:14,6.72
2026-01-29 00:15:15,6.72
2026-01-29 00:15:16,6.72
2026-01-29 00:15:17,6.72
2026-01-29 00:15:18,6.72
2026-01-29 00:15:19,6.65
2026-01-29 00:15:20,6.65
2026-01-29 00:15:21,6.65
2026-01-29 00:15:22,6.65
2026-01-29 00:15:23,6.65
2026-01-29 00:15:24,6.95
2026-01-29 00:15:25,6.95
2026-01-29 00:15:26,6.95
2026-01-29 00:15:27,6.95
2026-01-29 00:15:28,6.95
2026-01-29 00:15:29,6.73
2026-01-29 00:15:30,6.73
2026-01-29 00:15:31,6.73
2026-01-29 00:15:32,6.73
2026-01-29 00:15:33,6.73
2026-01-29 00:15:34,6.87
2026-01-29 00:15:35,6.87
2026-01-29 00:15:36,6.87
2026-01-29 00:15:37,6.87
2026-01-29 00:15:38,6.87
2026-01-29 00:15:39,6.75
2026-01-29 00:15:40,6.75
2026-01-29 00:15:41,6.75
2026-01-29 00:15:42,6.75
2026-01-29 00:15:43,6.75
2026-01-29 00:15:44,6.82
2026-01-29 00:15:45,6.82
2026-01-29 00:15:46,6.82
2026-01-29 00:15:47,6.82
2026-01-29 00:15:48,6.82
2026-01-29 00:15:49,6.83
2026-01-29 00:15:50,6.83
2026-01-29 00:15:51,6.83
2026-01-29 00:15:52,6.83
2026-01-29 00:15:53,6.83
2026-01-29 00:15:54,6.99
2026-01-29 00:15:55,6.99
2026-01-29 00:15:56,6.99
2026-01-29 00:15:57,6.99
2026-01-29 00:15:58,6.99
2026-01-29 00:15:59,6.72
2026-01-29 00:16:00,6.72
2026-01-29 00:16:01,6.72
2026-01-29 00:16:02,6.72
2026-01-29 00:16:03,6.72
2026-01-29 00:16:04,6.95
2026-01-29 00:16:05,6.95
2026-01-29 00:16:06,6.95
2026-01-29 00:16:07,6.95
2026-01-29 00:16:08,6.95
2026-01-29 00:16:09,6.82
2026-01-29 00:16:10,6.82
2026-01-29 00:16:11,6.82
2026-01-29 00:16:12,6.82
2026-01-29 00:16:13,6.82
2026-01-29 00:16:14,6.78
2026-01-29 00:16:15,6.78
2026-01-29 00:16:16,6.78
2026-01-29 00:16:17,6.78
2026-01-29 00:16:18,6.78
2026-01-29 00:16:19,6.34
2026-01-29 00:16:20,6.34
2026-01-29 00:16:21,6.34
2026-01-29 00:16:22,6.34
2026-01-29 00:16:23,6.34
2026-01-29 00:16:24,7.96
2026-01-29 00:16:25,7.96
2026-01-29 00:16:26,7.96
2026-01-29 00:16:27,7.96
2026-01-29 00:16:28,7.96
2026-01-29 00:16:29,7.60
2026-01-29 00:16:30,7.60
2026-01-29 00:16:31,7.60
2026-01-29 00:16:32,7.60
2026-01-29 00:16:33,7.60
2026-01-29 00:16:34,7.75
2026-01-29 00:16:35,7.75
2026-01-29 00:16:36,7.75
2026-01-29 00:16:37,7.75
2026-01-29 00:16:38,7.75
2026-01-29 00:16:39,7.66
2026-01-29 00:16:40,7.66
2026-01-29 00:16:41,7.66
2026-01-29 00:16:42,7.66
2026-01-29 00:16:43,7.66
2026-01-29 00:16:44,0
2026-01-29 00:16:45,0
2026-01-29 00:16:46,0
2026-01-29 00:16:47,0
2026-01-29 00:16:48,0
2026-01-29 00:16:49,0
2026-01-29 00:16:50,0
2026-01-29 00:16:51,0
2026-01-29 00:16:52,0
2026-01-29 00:16:53,0
2026-01-29 00:16:54,0
2026-01-29 00:16:55,0
2026-01-29 00:16:56,0
2026-01-29 00:16:57,0
2026-01-29 00:16:58,0
2026-01-29 00:16:59,0
2026-01-29 00:17:00,0
2026-01-29 00:17:01,0
2026-01-29 00:17:02,0
2026-01-29 00:17:03,0
2026-01-29 00:17:04,0
2026-01-29 00:17:05,0
2026-01-29 00:17:06,0
2026-01-29 00:17:07,0
2026-01-29 00:17:08,0
2026-01-29 00:17:09,0
2026-01-29 00:17:10,0
2026-01-29 00:17:11,0
2026-01-29 00:17:12,0
2026-01-29 00:17:13,0
2026-01-29 00:17:14,0
2026-01-29 00:17:15,0
2026-01-29 00:17:16,0
2026-01-29 00:17:17,0
2026-01-29 00:17:18,0
2026-01-29 00:17:19,0
2026-01-29 00:17:20,0
2026-01-29 00:17:21,0
2026-01-29 00:17:22,0
2026-01-29 00:17:23,0
2026-01-29 00:17:24,0
2026-01-29 00:17:25,0
2026-01-29 00:17:26,0
2026-01-29 00:17:27,0
2026-01-29 00:17:28,0
2026-01-29 00:17:29,0
2026-01-29 00:17:30,0
2026-01-29 00:17:31,0
2026-01-29 00:17:32,0
2026-01-29 00:17:33,0
2026-01-29 00:17:34,0
2026-01-29 00:17:35,0
2026-01-29 00:17:36,0
2026-01-29 00:17:37,0
2026-01-29 00:17:38,0
2026-01-29 00:17:39,0
2026-01-29 00:17:40,0
2026-01-29 00:17:41,0
2026-01-29 00:17:42,0
2026-01-29 00:17:43,0
2026-01-29 00:17:44,0
2026-01-29 00:17:45,0
2026-01-29 00:17:46,0
2026-01-29 00:17:47,0
2026-01-29 00:17:48,0
2026-01-29 00:17:49,0
2026-01-29 00:17:50,0
2026-01-29 00:17:51,0
2026-01-29 00:17:52,0
2026-01-29 00:17:53,0
2026-01-29 00:17:54,0
2026-01-29 00:17:55,0
2026-01-29 00:17:56,0
2026-01-29 00:17:57,0
2026-01-29 00:17:58,0
2026-01-29 00:17:59,0
2026-01-29 00:18:00,0
2026-01-29 00:18:01,0
2026-01-29 00:18:02,0
2026-01-29 00:18:03,0
2026-01-29 00:18:04,0
2026-01-29 00:18:05,0
2026-01-29 00:18:06,0
2026-01-29 00:18:07,0
2026-01-29 00:18:08,0
2026-01-29 00:18:09,0
2026-01-29 00:18:10,0
2026-01-29 00:18:11,0
2026-01-29 00:18:12,0
2026-01-29 00:18:13,0
2026-01-29 00:18:14,0
2026-01-29 00:18:15,0
2026-01-29 00:18:16,0
2026-01-29 00:18:17,0
2026-01-29 00:18:18,0
2026-01-29 00:23:24,1.29
2026-01-29 00:23:25,1.29
2026-01-29 00:23:26,1.29
2026-01-29 00:23:27,1.29
2026-01-29 00:23:28,1.29
2026-01-29 00:23:29,6.46
2026-01-29 00:23:30,6.46
2026-01-29 00:23:31,6.46
2026-01-29 00:23:32,6.46
2026-01-29 00:23:33,6.46
2026-01-29 00:23:34,7.83
2026-01-29 00:23:35,7.83
2026-01-29 00:23:36,7.83
2026-01-29 00:23:37,7.83
2026-01-29 00:23:38,7.83
2026-01-29 00:23:39,7.90
2026-01-29 00:23:40,7.90
2026-01-29 00:23:41,7.90
2026-01-29 00:23:42,7.90
2026-01-29 00:23:43,7.90
2026-01-29 00:23:44,7.73
2026-01-29 00:23:45,7.73
2026-01-29 00:23:46,7.73
2026-01-29 00:23:47,7.73
2026-01-29 00:23:48,7.73
2026-01-29 00:23:49,7.60
2026-01-29 00:23:50,7.60
2026-01-29 00:23:51,7.60
2026-01-29 00:23:52,7.60
2026-01-29 00:23:53,7.60
2026-01-29 00:23:54,7.86
2026-01-29 00:23:55,7.86
2026-01-29 00:23:56,7.86
2026-01-29 00:23:57,7.86
2026-01-29 00:23:58,7.86
2026-01-29 00:23:59,7.86
2026-01-29 00:24:00,7.86
2026-01-29 00:24:01,7.86
2026-01-29 00:24:02,7.86
2026-01-29 00:24:03,7.86
2026-01-29 00:24:04,7.77
2026-01-29 00:24:05,7.77
2026-01-29 00:24:06,7.77
2026-01-29 00:24:07,7.77
2026-01-29 00:24:08,7.77
2026-01-29 00:24:09,7.62
2026-01-29 00:24:10,7.62
2026-01-29 00:24:11,7.62
2026-01-29 00:24:12,7.62
2026-01-29 00:24:13,7.62
2026-01-29 00:24:14,7.70
2026-01-29 00:24:15,7.70
2026-01-29 00:24:16,7.70
2026-01-29 00:24:17,7.70
2026-01-29 00:24:18,7.70
2026-01-29 00:24:19,7.67
2026-01-29 00:24:20,7.67
2026-01-29 00:24:21,7.67
2026-01-29 00:24:22,7.67
2026-01-29 00:24:23,7.67
2026-01-29 00:24:24,7.85
2026-01-29 00:24:25,7.85
2026-01-29 00:24:26,7.85
2026-01-29 00:24:27,7.85
2026-01-29 00:24:28,7.85
2026-01-29 00:24:29,7.65
2026-01-29 00:24:30,7.65
2026-01-29 00:24:31,7.65
2026-01-29 00:24:32,7.65
2026-01-29 00:24:33,7.65
2026-01-29 00:24:34,7.73
2026-01-29 00:24:35,7.73
2026-01-29 00:24:36,7.73
2026-01-29 00:24:37,7.73
2026-01-29 00:24:38,7.73
2026-01-29 00:24:39,7.59
2026-01-29 00:24:40,7.59
2026-01-29 00:24:41,7.59
2026-01-29 00:24:42,7.59
2026-01-29 00:24:43,7.59
2026-01-29 00:24:44,7.72
2026-01-29 00:24:45,7.72
2026-01-29 00:24:46,7.72
2026-01-29 00:24:47,7.72
2026-01-29 00:24:48,7.72
2026-01-29 00:24:49,9.42
2026-01-29 00:24:50,9.42
2026-01-29 00:24:51,9.42
2026-01-29 00:24:52,9.42
2026-01-29 00:24:53,9.42
2026-01-29 00:24:54,8.74
2026-01-29 00:24:55,8.74
2026-01-29 00:24:56,8.74
2026-01-29 00:24:57,8.74
2026-01-29 00:24:58,8.74
2026-01-29 00:24:59,6.97
2026-01-29 00:25:00,6.97
2026-01-29 00:25:01,6.97
2026-01-29 00:25:02,6.97
2026-01-29 00:25:03,6.97
2026-01-29 00:25:04,6.91
2026-01-29 00:25:05,6.91
2026-01-29 00:25:06,6.91
2026-01-29 00:25:07,6.91
2026-01-29 00:25:08,6.91
2026-01-29 00:25:09,6.78
2026-01-29 00:25:10,6.78
2026-01-29 00:25:11,6.78
2026-01-29 00:25:12,6.78
2026-01-29 00:25:13,6.78
2026-01-29 00:25:14,6.70
2026-01-29 00:25:15,6.70
2026-01-29 00:25:16,6.70
2026-01-29 00:25:17,6.70
2026-01-29 00:25:18,6.70
2026-01-29 00:25:19,6.73
2026-01-29 00:25:20,6.73
2026-01-29 00:25:21,6.73
2026-01-29 00:25:22,6.73
2026-01-29 00:25:23,6.73
2026-01-29 00:25:24,6.85
2026-01-29 00:25:25,6.85
2026-01-29 00:25:26,6.85
2026-01-29 00:25:27,6.85
2026-01-29 00:25:28,6.85
2026-01-29 00:25:29,6.70
2026-01-29 00:25:30,6.70
2026-01-29 00:25:31,6.70
2026-01-29 00:25:32,6.70
2026-01-29 00:25:33,6.70
2026-01-29 00:25:34,6.88
2026-01-29 00:25:35,6.88
2026-01-29 00:25:36,6.88
2026-01-29 00:25:37,6.88
2026-01-29 00:25:38,6.88
2026-01-29 00:25:39,6.81
2026-01-29 00:25:40,6.81
2026-01-29 00:25:41,6.81
2026-01-29 00:25:42,6.81
2026-01-29 00:25:43,6.81
2026-01-29 00:25:44,6.83
2026-01-29 00:25:45,6.83
2026-01-29 00:25:46,6.83
2026-01-29 00:25:47,6.83
2026-01-29 00:25:48,6.83
2026-01-29 00:25:49,0
2026-01-29 00:25:50,0
2026-01-29 00:25:51,0
2026-01-29 00:25:52,0
2026-01-29 00:25:53,0
2026-01-29 00:25:54,0
2026-01-29 00:25:55,0
2026-01-29 00:25:56,0
2026-01-29 00:25:57,0
2026-01-29 00:25:58,0
2026-01-29 00:25:59,0
2026-01-29 00:26:00,0
2026-01-29 00:26:01,0
2026-01-29 00:26:02,0
2026-01-29 00:26:03,0
2026-01-29 00:26:04,0
2026-01-29 00:26:05,0
2026-01-29 00:26:06,0
2026-01-29 00:26:07,0
2026-01-29 00:26:08,0
2026-01-29 00:26:09,0
2026-01-29 00:26:10,0
2026-01-29 00:26:11,0
2026-01-29 00:26:12,0
2026-01-29 00:26:13,0
2026-01-29 00:26:14,0
2026-01-29 00:26:15,0
2026-01-29 00:26:16,0
2026-01-29 00:26:17,0
2026-01-29 00:26:18,0
2026-01-29 00:26:19,0
2026-01-29 00:26:20,0
2026-01-29 00:26:21,0
2026-01-29 00:26:22,0
2026-01-29 00:26:23,0
2026-01-29 00:26:24,0
2026-01-29 00:26:25,0
2026-01-29 00:26:26,0
2026-01-29 00:26:27,0
2026-01-29 00:26:28,0
2026-01-29 00:26:29,0
2026-01-29 00:26:30,0
2026-01-29 00:26:31,0
2026-01-29 00:26:32,0
2026-01-29 00:26:33,0
2026-01-29 00:26:34,0
2026-01-29 00:26:35,0
2026-01-29 00:26:36,0
2026-01-29 00:26:37,0
2026-01-29 00:26:38,0
2026-01-29 00:26:39,0
2026-01-29 00:26:40,0
2026-01-29 00:26:41,0
2026-01-29 00:26:42,0
2026-01-29 00:26:43,0
2026-01-29 00:26:44,0
2026-01-29 00:26:45,0
2026-01-29 00:26:46,0
2026-01-29 00:26:47,0
2026-01-29 00:26:48,0
2026-01-29 00:26:49,0
2026-01-29 00:26:50,0
2026-01-29 00:26:51,0
2026-01-29 00:26:52,0
2026-01-29 00:26:53,0
2026-01-29 00:26:54,0
2026-01-29 00:26:55,0
2026-01-29 00:26:56,0
2026-01-29 00:26:57,0
2026-01-29 00:26:58,0
2026-01-29 00:26:59,0
2026-01-29 00:27:00,0
2026-01-29 00:27:01,0
2026-01-29 00:27:02,0
2026-01-29 00:27:03,0
2026-01-29 00:27:04,0
2026-01-29 00:27:05,0
2026-01-29 00:27:06,0
2026-01-29 00:27:07,0
2026-01-29 00:27:08,0
2026-01-29 00:27:09,0
2026-01-29 00:27:10,0
2026-01-29 00:27:11,0
2026-01-29 00:27:12,0
2026-01-29 00:27:13,0
2026-01-29 00:27:14,0
2026-01-29 00:27:15,0
2026-01-29 00:27:16,0
2026-01-29 00:27:17,0
2026-01-29 00:27:18,0
2026-01-29 00:27:19,0
2026-01-29 00:27:20,0
2026-01-29 00:27:21,0
2026-01-29 00:27:22,0
2026-01-29 00:27:23,0
2026-01-29 00:32:29,4.92
2026-01-29 00:32:30,4.92
2026-01-29 00:32:31,4.92
2026-01-29 00:32:32,4.92
2026-01-29 00:32:33,4.92
2026-01-29 00:32:34,7.52
2026-01-29 00:32:35,7.52
2026-01-29 00:32:36,7.52
2026-01-29 00:32:37,7.52
2026-01-29 00:32:38,7.52
2026-01-29 00:32:39,8.81
2026-01-29 00:32:40,8.81
2026-01-29 00:32:41,8.81
2026-01-29 00:32:42,8.81
2026-01-29 00:32:43,8.81
2026-01-29 00:32:44,7.21
2026-01-29 00:32:45,7.21
2026-01-29 00:32:46,7.21
2026-01-29 00:32:47,7.21
2026-01-29 00:32:48,7.21
2026-01-29 00:32:49,6.78
2026-01-29 00:32:50,6.78
2026-01-29 00:32:51,6.78
2026-01-29 00:32:52,6.78
2026-01-29 00:32:53,6.78
2026-01-29 00:32:54,7.08
2026-01-29 00:32:55,7.08
2026-01-29 00:32:56,7.08
2026-01-29 00:32:57,7.08
2026-01-29 00:32:58,7.08
2026-01-29 00:32:59,7.06
2026-01-29 00:33:00,7.06
2026-01-29 00:33:01,7.06
2026-01-29 00:33:02,7.06
2026-01-29 00:33:03,7.06
2026-01-29 00:33:04,6.97
2026-01-29 00:33:05,6.97
2026-01-29 00:33:06,6.97
2026-01-29 00:33:07,6.97
2026-01-29 00:33:08,6.97
2026-01-29 00:33:09,6.78
2026-01-29 00:33:10,6.78
2026-01-29 00:33:11,6.78
2026-01-29 00:33:12,6.78
2026-01-29 00:33:13,6.78
2026-01-29 00:33:14,6.80
2026-01-29 00:33:15,6.80
2026-01-29 00:33:16,6.80
2026-01-29 00:33:17,6.80
2026-01-29 00:33:18,6.80
2026-01-29 00:33:19,6.71
2026-01-29 00:33:20,6.71
2026-01-29 00:33:21,6.71
2026-01-29 00:33:22,6.71
2026-01-29 00:33:23,6.71
2026-01-29 00:33:24,7.03
2026-01-29 00:33:25,7.03
2026-01-29 00:33:26,7.03
2026-01-29 00:33:27,7.03
2026-01-29 00:33:28,7.03
2026-01-29 00:33:29,6.80
2026-01-29 00:33:30,6.80
2026-01-29 00:33:31,6.80
2026-01-29 00:33:32,6.80
2026-01-29 00:33:33,6.80
2026-01-29 00:33:34,6.91
2026-01-29 00:33:35,6.91
2026-01-29 00:33:36,6.91
2026-01-29 00:33:37,6.91
2026-01-29 00:33:38,6.91
2026-01-29 00:33:39,6.73
2026-01-29 00:33:40,6.73
2026-01-29 00:33:41,6.73
2026-01-29 00:33:42,6.73
2026-01-29 00:33:43,6.73
2026-01-29 00:33:44,6.90
2026-01-29 00:33:45,6.90
2026-01-29 00:33:46,6.90
2026-01-29 00:33:47,6.90
2026-01-29 00:33:48,6.90
2026-01-29 00:33:49,6.80
2026-01-29 00:33:50,6.80
2026-01-29 00:33:51,6.80
2026-01-29 00:33:52,6.80
2026-01-29 00:33:53,6.80
2026-01-29 00:33:54,7.04
2026-01-29 00:33:55,7.04
2026-01-29 00:33:56,7.04
2026-01-29 00:33:57,7.04
2026-01-29 00:33:58,7.04
2026-01-29 00:33:59,6.94
2026-01-29 00:34:00,6.94
2026-01-29 00:34:01,6.94
2026-01-29 00:34:02,6.94
2026-01-29 00:34:03,6.94
2026-01-29 00:34:04,7.04
2026-01-29 00:34:05,7.04
2026-01-29 00:34:06,7.04
2026-01-29 00:34:07,7.04
2026-01-29 00:34:08,7.04
2026-01-29 00:34:09,6.43
2026-01-29 00:34:10,6.43
2026-01-29 00:34:11,6.43
2026-01-29 00:34:12,6.43
2026-01-29 00:34:13,6.43
2026-01-29 00:34:14,7.94
2026-01-29 00:34:15,7.94
2026-01-29 00:34:16,7.94
2026-01-29 00:34:17,7.94
2026-01-29 00:34:18,7.94
2026-01-29 00:34:19,7.73
2026-01-29 00:34:20,7.73
2026-01-29 00:34:21,7.73
2026-01-29 00:34:22,7.73
2026-01-29 00:34:23,7.73
2026-01-29 00:34:24,7.87
2026-01-29 00:34:25,7.87
2026-01-29 00:34:26,7.87
2026-01-29 00:34:27,7.87
2026-01-29 00:34:28,7.87
2026-01-29 00:34:29,7.66
2026-01-29 00:34:30,7.66
2026-01-29 00:34:31,7.66
2026-01-29 00:34:32,7.66
2026-01-29 00:34:33,7.66
2026-01-29 00:34:34,7.71
2026-01-29 00:34:35,7.71
2026-01-29 00:34:36,7.71
2026-01-29 00:34:37,7.71
2026-01-29 00:34:38,7.71
2026-01-29 00:34:39,7.54
2026-01-29 00:34:40,7.54
2026-01-29 00:34:41,7.54
2026-01-29 00:34:42,7.54
2026-01-29 00:34:43,7.54
2026-01-29 00:34:44,7.86
2026-01-29 00:34:45,7.86
2026-01-29 00:34:46,7.86
2026-01-29 00:34:47,7.86
2026-01-29 00:34:48,7.86
2026-01-29 00:34:49,0
2026-01-29 00:34:50,0
2026-01-29 00:34:51,0
2026-01-29 00:34:52,0
2026-01-29 00:34:53,0
2026-01-29 00:34:54,0
2026-01-29 00:34:55,0
2026-01-29 00:34:56,0
2026-01-29 00:34:57,0
2026-01-29 00:34:58,0
2026-01-29 00:34:59,0
2026-01-29 00:35:00,0
2026-01-29 00:35:01,0
2026-01-29 00:35:02,0
2026-01-29 00:35:03,0
2026-01-29 00:35:04,0
2026-01-29 00:35:05,0
2026-01-29 00:35:06,0
2026-01-29 00:35:07,0
2026-01-29 00:35:08,0
2026-01-29 00:35:09,0
2026-01-29 00:35:10,0
2026-01-29 00:35:11,0
2026-01-29 00:35:12,0
2026-01-29 00:35:13,0
2026-01-29 00:35:14,0
2026-01-29 00:35:15,0
2026-01-29 00:35:16,0
2026-01-29 00:35:17,0
2026-01-29 00:35:18,0
2026-01-29 00:35:19,0
2026-01-29 00:35:20,0
2026-01-29 00:35:21,0
2026-01-29 00:35:22,0
2026-01-29 00:35:23,0
2026-01-29 00:35:24,0
2026-01-29 00:35:25,0
2026-01-29 00:35:26,0
2026-01-29 00:35:27,0
2026-01-29 00:35:28,0
2026-01-29 00:35:29,0
2026-01-29 00:35:30,0
2026-01-29 00:35:31,0
2026-01-29 00:35:32,0
2026-01-29 00:35:33,0
2026-01-29 00:35:34,0
2026-01-29 00:35:35,0
2026-01-29 00:35:36,0
2026-01-29 00:35:37,0
2026-01-29 00:35:38,0
2026-01-29 00:35:39,0
2026-01-29 00:35:40,0
2026-01-29 00:35:41,0
2026-01-29 00:35:42,0
2026-01-29 00:35:43,0
2026-01-29 00:35:44,0
2026-01-29 00:35:45,0
2026-01-29 00:35:46,0
2026-01-29 00:35:47,0
2026-01-29 00:35:48,0
2026-01-29 00:35:49,0
2026-01-29 00:35:50,0
2026-01-29 00:35:51,0
2026-01-29 00:35:52,0
2026-01-29 00:35:53,0
2026-01-29 00:35:54,0
2026-01-29 00:35:55,0
2026-01-29 00:35:56,0
2026-01-29 00:35:57,0
2026-01-29 00:35:58,0
2026-01-29 00:35:59,0
2026-01-29 00:36:00,0
2026-01-29 00:36:01,0
2026-01-29 00:36:02,0
2026-01-29 00:36:03,0
2026-01-29 00:36:04,0
2026-01-29 00:36:05,0
2026-01-29 00:36:06,0
2026-01-29 00:36:07,0
2026-01-29 00:36:08,0
2026-01-29 00:36:09,0
2026-01-29 00:36:10,0
2026-01-29 00:36:11,0
2026-01-29 00:36:12,0
2026-01-29 00:36:13,0
2026-01-29 00:36:14,0
2026-01-29 00:36:15,0
2026-01-29 00:36:16,0
2026-01-29 00:36:17,0
2026-01-29 00:36:18,0
2026-01-29 00:36:19,0
2026-01-29 00:36:20,0
2026-01-29 00:36:21,0
2026-01-29 00:36:22,0
2026-01-29 00:36:23,0
2026-01-29 00:41:29,4.98
2026-01-29 00:41:30,4.98
2026-01-29 00:41:31,4.98
2026-01-29 00:41:32,4.98
2026-01-29 00:41:33,4.98
2026-01-29 00:41:34,6.54
2026-01-29 00:41:35,6.54
2026-01-29 00:41:36,6.54
2026-01-29 00:41:37,6.54
2026-01-29 00:41:38,6.54
2026-01-29 00:41:39,6.69
2026-01-29 00:41:40,6.69
2026-01-29 00:41:41,6.69
2026-01-29 00:41:42,6.69
2026-01-29 00:41:43,6.69
2026-01-29 00:41:44,6.46
2026-01-29 00:41:45,6.46
2026-01-29 00:41:46,6.46
2026-01-29 00:41:47,6.46
2026-01-29 00:41:48,6.46
2026-01-29 00:41:49,6.44
2026-01-29 00:41:50,6.44
2026-01-29 00:41:51,6.44
2026-01-29 00:41:52,6.44
2026-01-29 00:41:53,6.44
2026-01-29 00:41:54,6.53
2026-01-29 00:41:55,6.53
2026-01-29 00:41:56,6.53
2026-01-29 00:41:57,6.53
2026-01-29 00:41:58,6.53
2026-01-29 00:41:59,6.57
2026-01-29 00:42:00,6.57
2026-01-29 00:42:01,6.57
2026-01-29 00:42:02,6.57
2026-01-29 00:42:03,6.57
2026-01-29 00:42:04,6.74
2026-01-29 00:42:05,6.74
2026-01-29 00:42:06,6.74
2026-01-29 00:42:07,6.74
2026-01-29 00:42:08,6.74
2026-01-29 00:42:09,6.29
2026-01-29 00:42:10,6.29
2026-01-29 00:42:11,6.29
2026-01-29 00:42:12,6.29
2026-01-29 00:42:13,6.29
2026-01-29 00:42:14,7.83
2026-01-29 00:42:15,7.83
2026-01-29 00:42:16,7.83
2026-01-29 00:42:17,7.83
2026-01-29 00:42:18,7.83
2026-01-29 00:42:19,7.66
2026-01-29 00:42:20,7.66
2026-01-29 00:42:21,7.66
2026-01-29 00:42:22,7.66
2026-01-29 00:42:23,7.66
2026-01-29 00:42:24,7.70
2026-01-29 00:42:25,7.70
2026-01-29 00:42:26,7.70
2026-01-29 00:42:27,7.70
2026-01-29 00:42:28,7.70
2026-01-29 00:42:29,7.68
2026-01-29 00:42:30,7.68
2026-01-29 00:42:31,7.68
2026-01-29 00:42:32,7.68
2026-01-29 00:42:33,7.68
2026-01-29 00:42:34,7.82
2026-01-29 00:42:35,7.82
2026-01-29 00:42:36,7.82
2026-01-29 00:42:37,7.82
2026-01-29 00:42:38,7.82
2026-01-29 00:42:39,7.60
2026-01-29 00:42:40,7.60
2026-01-29 00:42:41,7.60
2026-01-29 00:42:42,7.60
2026-01-29 00:42:43,7.60
2026-01-29 00:42:44,7.72
2026-01-29 00:42:45,7.72
2026-01-29 00:42:46,7.72
2026-01-29 00:42:47,7.72
2026-01-29 00:42:48,7.72
2026-01-29 00:42:49,7.58
2026-01-29 00:42:50,7.58
2026-01-29 00:42:51,7.58
2026-01-29 00:42:52,7.58
2026-01-29 00:42:53,7.58
2026-01-29 00:42:54,7.76
2026-01-29 00:42:55,7.76
2026-01-29 00:42:56,7.76
2026-01-29 00:42:57,7.76
2026-01-29 00:42:58,7.76
2026-01-29 00:42:59,7.78
2026-01-29 00:43:00,7.78
2026-01-29 00:43:01,7.78
2026-01-29 00:43:02,7.78
2026-01-29 00:43:03,7.78
2026-01-29 00:43:04,8.12
2026-01-29 00:43:05,8.12
2026-01-29 00:43:06,8.12
2026-01-29 00:43:07,8.12
2026-01-29 00:43:08,8.12
2026-01-29 00:43:09,7.50
2026-01-29 00:43:10,7.50
2026-01-29 00:43:11,7.50
2026-01-29 00:43:12,7.50
2026-01-29 00:43:13,7.50
2026-01-29 00:43:14,8.48
2026-01-29 00:43:15,8.48
2026-01-29 00:43:16,8.48
2026-01-29 00:43:17,8.48
2026-01-29 00:43:18,8.48
2026-01-29 00:43:19,8.44
2026-01-29 00:43:20,8.44
2026-01-29 00:43:21,8.44
2026-01-29 00:43:22,8.44
2026-01-29 00:43:23,8.44
2026-01-29 00:43:24,8.78
2026-01-29 00:43:25,8.78
2026-01-29 00:43:26,8.78
2026-01-29 00:43:27,8.78
2026-01-29 00:43:28,8.78
2026-01-29 00:43:29,8.51
2026-01-29 00:43:30,8.51
2026-01-29 00:43:31,8.51
2026-01-29 00:43:32,8.51
2026-01-29 00:43:33,8.51
2026-01-29 00:43:34,8.67
2026-01-29 00:43:35,8.67
2026-01-29 00:43:36,8.67
2026-01-29 00:43:37,8.67
2026-01-29 00:43:38,8.67
2026-01-29 00:43:39,8.35
2026-01-29 00:43:40,8.35
2026-01-29 00:43:41,8.35
2026-01-29 00:43:42,8.35
2026-01-29 00:43:43,8.35
2026-01-29 00:43:44,8.58
2026-01-29 00:43:45,8.58
2026-01-29 00:43:46,8.58
2026-01-29 00:43:47,8.58
2026-01-29 00:43:48,8.58
2026-01-29 00:43:49,0
2026-01-29 00:43:50,0
2026-01-29 00:43:51,0
2026-01-29 00:43:52,0
2026-01-29 00:43:53,0
2026-01-29 00:43:54,0
2026-01-29 00:43:55,0
2026-01-29 00:43:56,0
2026-01-29 00:43:57,0
2026-01-29 00:43:58,0
2026-01-29 00:43:59,0
2026-01-29 00:44:00,0
2026-01-29 00:44:01,0
2026-01-29 00:44:02,0
2026-01-29 00:44:03,0
2026-01-29 00:44:04,0
2026-01-29 00:44:05,0
2026-01-29 00:44:06,0
2026-01-29 00:44:07,0
2026-01-29 00:44:08,0
2026-01-29 00:44:09,0
2026-01-29 00:44:10,0
2026-01-29 00:44:11,0
2026-01-29 00:44:12,0
2026-01-29 00:44:13,0
2026-01-29 00:44:14,0
2026-01-29 00:44:15,0
2026-01-29 00:44:16,0
2026-01-29 00:44:17,0
2026-01-29 00:44:18,0
2026-01-29 00:44:19,0
2026-01-29 00:44:20,0
2026-01-29 00:44:21,0
2026-01-29 00:44:22,0
2026-01-29 00:44:23,0
2026-01-29 00:44:24,0
2026-01-29 00:44:25,0
2026-01-29 00:44:26,0
2026-01-29 00:44:27,0
2026-01-29 00:44:28,0
2026-01-29 00:44:29,0
2026-01-29 00:44:30,0
2026-01-29 00:44:31,0
2026-01-29 00:44:32,0
2026-01-29 00:44:33,0
2026-01-29 00:44:34,0
2026-01-29 00:44:35,0
2026-01-29 00:44:36,0
2026-01-29 00:44:37,0
2026-01-29 00:44:38,0
2026-01-29 00:44:39,0
2026-01-29 00:44:40,0
2026-01-29 00:44:41,0
2026-01-29 00:44:42,0
2026-01-29 00:44:43,0
2026-01-29 00:44:44,0
2026-01-29 00:44:45,0
2026-01-29 00:44:46,0
2026-01-29 00:44:47,0
2026-01-29 00:44:48,0
2026-01-29 00:44:49,0
2026-01-29 00:44:50,0
2026-01-29 00:44:51,0
2026-01-29 00:44:52,0
2026-01-29 00:44:53,0
2026-01-29 00:44:54,0
2026-01-29 00:44:55,0
2026-01-29 00:44:56,0
2026-01-29 00:44:57,0
2026-01-29 00:44:58,0
2026-01-29 00:44:59,0
2026-01-29 00:45:00,0
2026-01-29 00:45:01,0
2026-01-29 00:45:02,0
2026-01-29 00:45:03,0
2026-01-29 00:45:04,0
2026-01-29 00:45:05,0
2026-01-29 00:45:06,0
2026-01-29 00:45:07,0
2026-01-29 00:45:08,0
2026-01-29 00:45:09,0
2026-01-29 00:45:10,0
2026-01-29 00:45:11,0
2026-01-29 00:45:12,0
2026-01-29 00:45:13,0
2026-01-29 00:45:14,0
2026-01-29 00:45:15,0
2026-01-29 00:45:16,0
2026-01-29 00:45:17,0
2026-01-29 00:45:18,0
2026-01-29 00:45:19,0
2026-01-29 00:45:20,0
2026-01-29 00:45:21,0
2026-01-29 00:45:22,0
2026-01-29 00:45:23,0
2026-01-29 00:50:24,2.98
2026-01-29 00:50:25,2.98
2026-01-29 00:50:26,2.98
2026-01-29 00:50:27,2.98
2026-01-29 00:50:28,2.98
2026-01-29 00:50:29,7.84
2026-01-29 00:50:30,7.84
2026-01-29 00:50:31,7.84
2026-01-29 00:50:32,7.84
2026-01-29 00:50:33,7.84
2026-01-29 00:50:34,8.88
2026-01-29 00:50:35,8.88
2026-01-29 00:50:36,8.88
2026-01-29 00:50:37,8.88
2026-01-29 00:50:38,8.88
2026-01-29 00:50:39,8.95
2026-01-29 00:50:40,8.95
2026-01-29 00:50:41,8.95
2026-01-29 00:50:42,8.95
2026-01-29 00:50:43,8.95
2026-01-29 00:50:44,8.63
2026-01-29 00:50:45,8.63
2026-01-29 00:50:46,8.63
2026-01-29 00:50:47,8.63
2026-01-29 00:50:48,8.63
2026-01-29 00:50:49,8.42
2026-01-29 00:50:50,8.42
2026-01-29 00:50:51,8.42
2026-01-29 00:50:52,8.42
2026-01-29 00:50:53,8.42
2026-01-29 00:50:54,8.60
2026-01-29 00:50:55,8.60
2026-01-29 00:50:56,8.60
2026-01-29 00:50:57,8.60
2026-01-29 00:50:58,8.60
2026-01-29 00:50:59,8.44
2026-01-29 00:51:00,8.44
2026-01-29 00:51:01,8.44
2026-01-29 00:51:02,8.44
2026-01-29 00:51:03,8.44
2026-01-29 00:51:04,8.97
2026-01-29 00:51:05,8.97
2026-01-29 00:51:06,8.97
2026-01-29 00:51:07,8.97
2026-01-29 00:51:08,8.97
2026-01-29 00:51:09,8.41
2026-01-29 00:51:10,8.41
2026-01-29 00:51:11,8.41
2026-01-29 00:51:12,8.41
2026-01-29 00:51:13,8.41
2026-01-29 00:51:14,8.45
2026-01-29 00:51:15,8.45
2026-01-29 00:51:16,8.45
2026-01-29 00:51:17,8.45
2026-01-29 00:51:18,8.45
2026-01-29 00:51:19,8.35
2026-01-29 00:51:20,8.35
2026-01-29 00:51:21,8.35
2026-01-29 00:51:22,8.35
2026-01-29 00:51:23,8.35
2026-01-29 00:51:24,8.67
2026-01-29 00:51:25,8.67
2026-01-29 00:51:26,8.67
2026-01-29 00:51:27,8.67
2026-01-29 00:51:28,8.67
2026-01-29 00:51:29,8.76
2026-01-29 00:51:30,8.76
2026-01-29 00:51:31,8.76
2026-01-29 00:51:32,8.76
2026-01-29 00:51:33,8.76
2026-01-29 00:51:34,8.63
2026-01-29 00:51:35,8.63
2026-01-29 00:51:36,8.63
2026-01-29 00:51:37,8.63
2026-01-29 00:51:38,8.63
2026-01-29 00:51:39,8.35
2026-01-29 00:51:40,8.35
2026-01-29 00:51:41,8.35
2026-01-29 00:51:42,8.35
2026-01-29 00:51:43,8.35
2026-01-29 00:51:44,8.60
2026-01-29 00:51:45,8.60
2026-01-29 00:51:46,8.60
2026-01-29 00:51:47,8.60
2026-01-29 00:51:48,8.60
2026-01-29 00:51:49,8.38
2026-01-29 00:51:50,8.38
2026-01-29 00:51:51,8.38
2026-01-29 00:51:52,8.38
2026-01-29 00:51:53,8.38
2026-01-29 00:51:54,8.49
2026-01-29 00:51:55,8.49
2026-01-29 00:51:56,8.49
2026-01-29 00:51:57,8.49
2026-01-29 00:51:58,8.49
2026-01-29 00:51:59,8.35
2026-01-29 00:52:00,8.35
2026-01-29 00:52:01,8.35
2026-01-29 00:52:02,8.35
2026-01-29 00:52:03,8.35
2026-01-29 00:52:04,8.90
2026-01-29 00:52:05,8.90
2026-01-29 00:52:06,8.90
2026-01-29 00:52:07,8.90
2026-01-29 00:52:08,8.90
2026-01-29 00:52:09,8.42
2026-01-29 00:52:10,8.42
2026-01-29 00:52:11,8.42
2026-01-29 00:52:12,8.42
2026-01-29 00:52:13,8.42
2026-01-29 00:52:14,8.54
2026-01-29 00:52:15,8.54
2026-01-29 00:52:16,8.54
2026-01-29 00:52:17,8.54
2026-01-29 00:52:18,8.54
2026-01-29 00:52:19,8.26
2026-01-29 00:52:20,8.26
2026-01-29 00:52:21,8.26
2026-01-29 00:52:22,8.26
2026-01-29 00:52:23,8.26
2026-01-29 00:52:24,8.63
2026-01-29 00:52:25,8.63
2026-01-29 00:52:26,8.63
2026-01-29 00:52:27,8.63
2026-01-29 00:52:28,8.63
2026-01-29 00:52:29,8.39
2026-01-29 00:52:30,8.39
2026-01-29 00:52:31,8.39
2026-01-29 00:52:32,8.39
2026-01-29 00:52:33,8.39
2026-01-29 00:52:34,8.59
2026-01-29 00:52:35,8.59
2026-01-29 00:52:36,8.59
2026-01-29 00:52:37,8.59
2026-01-29 00:52:38,8.59
2026-01-29 00:52:39,8.35
2026-01-29 00:52:40,8.35
2026-01-29 00:52:41,8.35
2026-01-29 00:52:42,8.35
2026-01-29 00:52:43,8.35
2026-01-29 00:52:44,8.56
2026-01-29 00:52:45,8.56
2026-01-29 00:52:46,8.56
2026-01-29 00:52:47,8.56
2026-01-29 00:52:48,8.56
2026-01-29 00:52:49,0
2026-01-29 00:52:50,0
2026-01-29 00:52:51,0
2026-01-29 00:52:52,0
2026-01-29 00:52:53,0
2026-01-29 00:52:54,0
2026-01-29 00:52:55,0
2026-01-29 00:52:56,0
2026-01-29 00:52:57,0
2026-01-29 00:52:58,0
2026-01-29 00:52:59,0
2026-01-29 00:53:00,0
2026-01-29 00:53:01,0
2026-01-29 00:53:02,0
2026-01-29 00:53:03,0
2026-01-29 00:53:04,0
2026-01-29 00:53:05,0
2026-01-29 00:53:06,0
2026-01-29 00:53:07,0
2026-01-29 00:53:08,0
2026-01-29 00:53:09,0
2026-01-29 00:53:10,0
2026-01-29 00:53:11,0
2026-01-29 00:53:12,0
2026-01-29 00:53:13,0
2026-01-29 00:53:14,0
2026-01-29 00:53:15,0
2026-01-29 00:53:16,0
2026-01-29 00:53:17,0
2026-01-29 00:53:18,0
2026-01-29 00:53:19,0
2026-01-29 00:53:20,0
2026-01-29 00:53:21,0
2026-01-29 00:53:22,0
2026-01-29 00:53:23,0
2026-01-29 00:53:24,0
2026-01-29 00:53:25,0
2026-01-29 00:53:26,0
2026-01-29 00:53:27,0
2026-01-29 00:53:28,0
2026-01-29 00:53:29,0
2026-01-29 00:53:30,0
2026-01-29 00:53:31,0
2026-01-29 00:53:32,0
2026-01-29 00:53:33,0
2026-01-29 00:53:34,0
2026-01-29 00:53:35,0
2026-01-29 00:53:36,0
2026-01-29 00:53:37,0
2026-01-29 00:53:38,0
2026-01-29 00:53:39,0
2026-01-29 00:53:40,0
2026-01-29 00:53:41,0
2026-01-29 00:53:42,0
2026-01-29 00:53:43,0
2026-01-29 00:53:44,0
2026-01-29 00:53:45,0
2026-01-29 00:53:46,0
2026-01-29 00:53:47,0
2026-01-29 00:53:48,0
2026-01-29 00:53:49,0
2026-01-29 00:53:50,0
2026-01-29 00:53:51,0
2026-01-29 00:53:52,0
2026-01-29 00:53:53,0
2026-01-29 00:53:54,0
2026-01-29 00:53:55,0
2026-01-29 00:53:56,0
2026-01-29 00:53:57,0
2026-01-29 00:53:58,0
2026-01-29 00:53:59,0
2026-01-29 00:54:00,0
2026-01-29 00:54:01,0
2026-01-29 00:54:02,0
2026-01-29 00:54:03,0
2026-01-29 00:54:04,0
2026-01-29 00:54:05,0
2026-01-29 00:54:06,0
2026-01-29 00:54:07,0
2026-01-29 00:54:08,0
2026-01-29 00:54:09,0
2026-01-29 00:54:10,0
2026-01-29 00:54:11,0
2026-01-29 00:54:12,0
2026-01-29 00:54:13,0
2026-01-29 00:54:14,0
2026-01-29 00:54:15,0
2026-01-29 00:54:16,0
2026-01-29 00:54:17,0
2026-01-29 00:54:18,0
2026-01-29 00:54:19,0
2026-01-29 00:54:20,0
2026-01-29 00:54:21,0
2026-01-29 00:54:22,0
2026-01-29 00:54:23,0
2026-01-29 00:59:29,5.68
2026-01-29 00:59:30,5.68
2026-01-29 00:59:31,5.68
2026-01-29 00:59:32,5.68
2026-01-29 00:59:33,5.68
2026-01-29 00:59:34,8.48
2026-01-29 00:59:35,8.48
2026-01-29 00:59:36,8.48
2026-01-29 00:59:37,8.48
2026-01-29 00:59:38,8.48
2026-01-29 00:59:39,8.61
2026-01-29 00:59:40,8.61
2026-01-29 00:59:41,8.61
2026-01-29 00:59:42,8.61
2026-01-29 00:59:43,8.61
2026-01-29 00:59:44,8.64
2026-01-29 00:59:45,8.64
2026-01-29 00:59:46,8.64
2026-01-29 00:59:47,8.64
2026-01-29 00:59:48,8.64
2026-01-29 00:59:49,8.51
2026-01-29 00:59:50,8.51
2026-01-29 00:59:51,8.51
2026-01-29 00:59:52,8.51
2026-01-29 00:59:53,8.51
2026-01-29 00:59:54,9.12
2026-01-29 00:59:55,9.12
2026-01-29 00:59:56,9.12
2026-01-29 00:59:57,9.12
2026-01-29 00:59:58,9.12
2026-01-29 00:59:59,7.67
2026-01-29 01:00:00,7.67
2026-01-29 01:00:01,7.67
2026-01-29 01:00:02,7.67
2026-01-29 01:00:03,7.67
2026-01-29 01:00:04,8.00
2026-01-29 01:00:05,8.00
2026-01-29 01:00:06,8.00
2026-01-29 01:00:07,8.00
2026-01-29 01:00:08,8.00
2026-01-29 01:00:09,7.75
2026-01-29 01:00:10,7.75
2026-01-29 01:00:11,7.75
2026-01-29 01:00:12,7.75
2026-01-29 01:00:13,7.75
2026-01-29 01:00:14,7.78
2026-01-29 01:00:15,7.78
2026-01-29 01:00:16,7.78
2026-01-29 01:00:17,7.78
2026-01-29 01:00:18,7.78
2026-01-29 01:00:19,7.72
2026-01-29 01:00:20,7.72
2026-01-29 01:00:21,7.72
2026-01-29 01:00:22,7.72
2026-01-29 01:00:23,7.72
2026-01-29 01:00:24,7.84
2026-01-29 01:00:25,7.84
2026-01-29 01:00:26,7.84
2026-01-29 01:00:27,7.84
2026-01-29 01:00:28,7.84
2026-01-29 01:00:29,7.58
2026-01-29 01:00:30,7.58
2026-01-29 01:00:31,7.58
2026-01-29 01:00:32,7.58
2026-01-29 01:00:33,7.58
2026-01-29 01:00:34,7.75
2026-01-29 01:00:35,7.75
2026-01-29 01:00:36,7.75
2026-01-29 01:00:37,7.75
2026-01-29 01:00:38,7.75
2026-01-29 01:00:39,7.60
2026-01-29 01:00:40,7.60
2026-01-29 01:00:41,7.60
2026-01-29 01:00:42,7.60
2026-01-29 01:00:43,7.60
2026-01-29 01:00:44,7.68
2026-01-29 01:00:45,7.68
2026-01-29 01:00:46,7.68
2026-01-29 01:00:47,7.68
2026-01-29 01:00:48,7.68
2026-01-29 01:00:49,7.65
2026-01-29 01:00:50,7.65
2026-01-29 01:00:51,7.65
2026-01-29 01:00:52,7.65
2026-01-29 01:00:53,7.65
2026-01-29 01:00:54,7.76
2026-01-29 01:00:55,7.76
2026-01-29 01:00:56,7.76
2026-01-29 01:00:57,7.76
2026-01-29 01:00:58,7.76
2026-01-29 01:00:59,7.65
2026-01-29 01:01:00,7.65
2026-01-29 01:01:01,7.65
2026-01-29 01:01:02,7.65
2026-01-29 01:01:03,7.65
2026-01-29 01:01:04,7.92
2026-01-29 01:01:05,7.92
2026-01-29 01:01:06,7.92
2026-01-29 01:01:07,7.92
2026-01-29 01:01:08,7.92
2026-01-29 01:01:09,7.78
2026-01-29 01:01:10,7.78
2026-01-29 01:01:11,7.78
2026-01-29 01:01:12,7.78
2026-01-29 01:01:13,7.78
2026-01-29 01:01:14,7.66
2026-01-29 01:01:15,7.66
2026-01-29 01:01:16,7.66
2026-01-29 01:01:17,7.66
2026-01-29 01:01:18,7.66
2026-01-29 01:01:19,7.59
2026-01-29 01:01:20,7.59
2026-01-29 01:01:21,7.59
2026-01-29 01:01:22,7.59
2026-01-29 01:01:23,7.59
2026-01-29 01:01:24,7.38
2026-01-29 01:01:25,7.38
2026-01-29 01:01:26,7.38
2026-01-29 01:01:27,7.38
2026-01-29 01:01:28,7.38
2026-01-29 01:01:29,8.33
2026-01-29 01:01:30,8.33
2026-01-29 01:01:31,8.33
2026-01-29 01:01:32,8.33
2026-01-29 01:01:33,8.33
2026-01-29 01:01:34,8.79
2026-01-29 01:01:35,8.79
2026-01-29 01:01:36,8.79
2026-01-29 01:01:37,8.79
2026-01-29 01:01:38,8.79
2026-01-29 01:01:39,8.37
2026-01-29 01:01:40,8.37
2026-01-29 01:01:41,8.37
2026-01-29 01:01:42,8.37
2026-01-29 01:01:43,8.37
2026-01-29 01:01:44,8.58
2026-01-29 01:01:45,8.58
2026-01-29 01:01:46,8.58
2026-01-29 01:01:47,8.58
2026-01-29 01:01:48,8.58
2026-01-29 01:01:49,9.56
2026-01-29 01:01:50,9.56
2026-01-29 01:01:51,9.56
2026-01-29 01:01:52,9.56
2026-01-29 01:01:53,9.56
2026-01-29 01:01:54,8.52
2026-01-29 01:01:55,8.52
2026-01-29 01:01:56,8.52
2026-01-29 01:01:57,8.52
2026-01-29 01:01:58,8.52
2026-01-29 01:01:59,0
2026-01-29 01:02:00,0
2026-01-29 01:02:01,0
2026-01-29 01:02:02,0
2026-01-29 01:02:03,0
2026-01-29 01:02:04,0
2026-01-29 01:02:05,0
2026-01-29 01:02:06,0
2026-01-29 01:02:07,0
2026-01-29 01:02:08,0
2026-01-29 01:02:09,0
2026-01-29 01:02:10,0
2026-01-29 01:02:11,0
2026-01-29 01:02:12,0
2026-01-29 01:02:13,0
2026-01-29 01:02:14,0
2026-01-29 01:02:15,0
2026-01-29 01:02:16,0
2026-01-29 01:02:17,0
2026-01-29 01:02:18,0
2026-01-29 01:02:19,0
2026-01-29 01:02:20,0
2026-01-29 01:02:21,0
2026-01-29 01:02:22,0
2026-01-29 01:02:23,0
2026-01-29 01:02:24,0
2026-01-29 01:02:25,0
2026-01-29 01:02:26,0
2026-01-29 01:02:27,0
2026-01-29 01:02:28,0
2026-01-29 01:02:29,0
2026-01-29 01:02:30,0
2026-01-29 01:02:31,0
2026-01-29 01:02:32,0
2026-01-29 01:02:33,0
2026-01-29 01:02:34,0
2026-01-29 01:02:35,0
2026-01-29 01:02:36,0
2026-01-29 01:02:37,0
2026-01-29 01:02:38,0
2026-01-29 01:02:39,0
2026-01-29 01:02:40,0
2026-01-29 01:02:41,0
2026-01-29 01:02:42,0
2026-01-29 01:02:43,0
2026-01-29 01:02:44,0
2026-01-29 01:02:45,0
2026-01-29 01:02:46,0
2026-01-29 01:02:47,0
2026-01-29 01:02:48,0
2026-01-29 01:02:49,0
2026-01-29 01:02:50,0
2026-01-29 01:02:51,0
2026-01-29 01:02:52,0
2026-01-29 01:02:53,0
2026-01-29 01:02:54,0
2026-01-29 01:02:55,0
2026-01-29 01:02:56,0
2026-01-29 01:02:57,0
2026-01-29 01:02:58,0
2026-01-29 01:02:59,0
2026-01-29 01:03:00,0
2026-01-29 01:03:01,0
2026-01-29 01:03:02,0
2026-01-29 01:03:03,0
2026-01-29 01:03:04,0
2026-01-29 01:03:05,0
2026-01-29 01:03:06,0
2026-01-29 01:03:07,0
2026-01-29 01:03:08,0
2026-01-29 01:03:09,0
2026-01-29 01:03:10,0
2026-01-29 01:03:11,0
2026-01-29 01:03:12,0
2026-01-29 01:03:13,0
2026-01-29 01:03:14,0
2026-01-29 01:03:15,0
2026-01-29 01:03:16,0
2026-01-29 01:03:17,0
2026-01-29 01:03:18,0
2026-01-29 01:03:19,0
2026-01-29 01:03:20,0
2026-01-29 01:03:21,0
2026-01-29 01:03:22,0
2026-01-29 01:03:23,0
2026-01-29 01:03:24,0
2026-01-29 01:03:25,0
2026-01-29 01:03:26,0
2026-01-29 01:03:27,0
2026-01-29 01:03:28,0
2026-01-29 01:03:29,0
2026-01-29 01:03:30,0
2026-01-29 01:03:31,0
2026-01-29 01:03:32,0
2026-01-29 01:03:33,0
2026-01-29 01:08:39,1.00
2026-01-29 01:08:40,1.00
2026-01-29 01:08:41,1.00
2026-01-29 01:08:42,1.00
2026-01-29 01:08:43,1.00
2026-01-29 01:08:44,5.13
2026-01-29 01:08:45,5.13
2026-01-29 01:08:46,5.13
2026-01-29 01:08:47,5.13
2026-01-29 01:08:48,5.13
2026-01-29 01:08:49,6.29
2026-01-29 01:08:50,6.29
2026-01-29 01:08:51,6.29
2026-01-29 01:08:52,6.29
2026-01-29 01:08:53,6.29
2026-01-29 01:08:54,6.72
2026-01-29 01:08:55,6.72
2026-01-29 01:08:56,6.72
2026-01-29 01:08:57,6.72
2026-01-29 01:08:58,6.72
2026-01-29 01:08:59,7.57
2026-01-29 01:09:00,7.57
2026-01-29 01:09:01,7.57
2026-01-29 01:09:02,7.57
2026-01-29 01:09:03,7.57
2026-01-29 01:09:04,7.66
2026-01-29 01:09:05,7.66
2026-01-29 01:09:06,7.66
2026-01-29 01:09:07,7.66
2026-01-29 01:09:08,7.66
2026-01-29 01:09:09,7.52
2026-01-29 01:09:10,7.52
2026-01-29 01:09:11,7.52
2026-01-29 01:09:12,7.52
2026-01-29 01:09:13,7.52
2026-01-29 01:09:14,7.34
2026-01-29 01:09:15,7.34
2026-01-29 01:09:16,7.34
2026-01-29 01:09:17,7.34
2026-01-29 01:09:18,7.34
2026-01-29 01:09:19,7.33
2026-01-29 01:09:20,7.33
2026-01-29 01:09:21,7.33
2026-01-29 01:09:22,7.33
2026-01-29 01:09:23,7.33
2026-01-29 01:09:24,7.45
2026-01-29 01:09:25,7.45
2026-01-29 01:09:26,7.45
2026-01-29 01:09:27,7.45
2026-01-29 01:09:28,7.45
2026-01-29 01:09:29,7.39
2026-01-29 01:09:30,7.39
2026-01-29 01:09:31,7.39
2026-01-29 01:09:32,7.39
2026-01-29 01:09:33,7.39
2026-01-29 01:09:34,8.67
2026-01-29 01:09:35,8.67
2026-01-29 01:09:36,8.67
2026-01-29 01:09:37,8.67
2026-01-29 01:09:38,8.67
2026-01-29 01:09:39,7.19
2026-01-29 01:09:40,7.19
2026-01-29 01:09:41,7.19
2026-01-29 01:09:42,7.19
2026-01-29 01:09:43,7.19
2026-01-29 01:09:44,6.59
2026-01-29 01:09:45,6.59
2026-01-29 01:09:46,6.59
2026-01-29 01:09:47,6.59
2026-01-29 01:09:48,6.59
2026-01-29 01:09:49,6.47
2026-01-29 01:09:50,6.47
2026-01-29 01:09:51,6.47
2026-01-29 01:09:52,6.47
2026-01-29 01:09:53,6.47
2026-01-29 01:09:54,6.51
2026-01-29 01:09:55,6.51
2026-01-29 01:09:56,6.51
2026-01-29 01:09:57,6.51
2026-01-29 01:09:58,6.51
2026-01-29 01:09:59,6.42
2026-01-29 01:10:00,6.42
2026-01-29 01:10:01,6.42
2026-01-29 01:10:02,6.42
2026-01-29 01:10:03,6.42
2026-01-29 01:10:04,6.65
2026-01-29 01:10:05,6.65
2026-01-29 01:10:06,6.65
2026-01-29 01:10:07,6.65
2026-01-29 01:10:08,6.65
2026-01-29 01:10:09,8.12
2026-01-29 01:10:10,8.12
2026-01-29 01:10:11,8.12
2026-01-29 01:10:12,8.12
2026-01-29 01:10:13,8.12
2026-01-29 01:10:14,7.60
2026-01-29 01:10:15,7.60
2026-01-29 01:10:16,7.60
2026-01-29 01:10:17,7.60
2026-01-29 01:10:18,7.60
2026-01-29 01:10:19,7.66
2026-01-29 01:10:20,7.66
2026-01-29 01:10:21,7.66
2026-01-29 01:10:22,7.66
2026-01-29 01:10:23,7.66
2026-01-29 01:10:24,7.83
2026-01-29 01:10:25,7.83
2026-01-29 01:10:26,7.83
2026-01-29 01:10:27,7.83
2026-01-29 01:10:28,7.83
2026-01-29 01:10:29,7.69
2026-01-29 01:10:30,7.69
2026-01-29 01:10:31,7.69
2026-01-29 01:10:32,7.69
2026-01-29 01:10:33,7.69
2026-01-29 01:10:34,7.73
2026-01-29 01:10:35,7.73
2026-01-29 01:10:36,7.73
2026-01-29 01:10:37,7.73
2026-01-29 01:10:38,7.73
2026-01-29 01:10:39,7.60
2026-01-29 01:10:40,7.60
2026-01-29 01:10:41,7.60
2026-01-29 01:10:42,7.60
2026-01-29 01:10:43,7.60
2026-01-29 01:10:44,7.78
2026-01-29 01:10:45,7.78
2026-01-29 01:10:46,7.78
2026-01-29 01:10:47,7.78
2026-01-29 01:10:48,7.78
2026-01-29 01:10:49,7.80
2026-01-29 01:10:50,7.80
2026-01-29 01:10:51,7.80
2026-01-29 01:10:52,7.80
2026-01-29 01:10:53,7.80
2026-01-29 01:10:54,7.98
2026-01-29 01:10:55,7.98
2026-01-29 01:10:56,7.98
2026-01-29 01:10:57,7.98
2026-01-29 01:10:58,7.98
2026-01-29 01:10:59,0
2026-01-29 01:11:00,0
2026-01-29 01:11:01,0
2026-01-29 01:11:02,0
2026-01-29 01:11:03,0
2026-01-29 01:11:04,0
2026-01-29 01:11:05,0
2026-01-29 01:11:06,0
2026-01-29 01:11:07,0
2026-01-29 01:11:08,0
2026-01-29 01:11:09,0
2026-01-29 01:11:10,0
2026-01-29 01:11:11,0
2026-01-29 01:11:12,0
2026-01-29 01:11:13,0
2026-01-29 01:11:14,0
2026-01-29 01:11:15,0
2026-01-29 01:11:16,0
2026-01-29 01:11:17,0
2026-01-29 01:11:18,0
2026-01-29 01:11:19,0
2026-01-29 01:11:20,0
2026-01-29 01:11:21,0
2026-01-29 01:11:22,0
2026-01-29 01:11:23,0
2026-01-29 01:11:24,0
2026-01-29 01:11:25,0
2026-01-29 01:11:26,0
2026-01-29 01:11:27,0
2026-01-29 01:11:28,0
2026-01-29 01:11:29,0
2026-01-29 01:11:30,0
2026-01-29 01:11:31,0
2026-01-29 01:11:32,0
2026-01-29 01:11:33,0
2026-01-29 01:11:34,0
2026-01-29 01:11:35,0
2026-01-29 01:11:36,0
2026-01-29 01:11:37,0
2026-01-29 01:11:38,0
2026-01-29 01:11:39,0
2026-01-29 01:11:40,0
2026-01-29 01:11:41,0
2026-01-29 01:11:42,0
2026-01-29 01:11:43,0
2026-01-29 01:11:44,0
2026-01-29 01:11:45,0
2026-01-29 01:11:46,0
2026-01-29 01:11:47,0
2026-01-29 01:11:48,0
2026-01-29 01:11:49,0
2026-01-29 01:11:50,0
2026-01-29 01:11:51,0
2026-01-29 01:11:52,0
2026-01-29 01:11:53,0
2026-01-29 01:11:54,0
2026-01-29 01:11:55,0
2026-01-29 01:11:56,0
2026-01-29 01:11:57,0
2026-01-29 01:11:58,0
2026-01-29 01:11:59,0
2026-01-29 01:12:00,0
2026-01-29 01:12:01,0
2026-01-29 01:12:02,0
2026-01-29 01:12:03,0
2026-01-29 01:12:04,0
2026-01-29 01:12:05,0
2026-01-29 01:12:06,0
2026-01-29 01:12:07,0
2026-01-29 01:12:08,0
2026-01-29 01:12:09,0
2026-01-29 01:12:10,0
2026-01-29 01:12:11,0
2026-01-29 01:12:12,0
2026-01-29 01:12:13,0
2026-01-29 01:12:14,0
2026-01-29 01:12:15,0
2026-01-29 01:12:16,0
2026-01-29 01:12:17,0
2026-01-29 01:12:18,0
2026-01-29 01:12:19,0
2026-01-29 01:12:20,0
2026-01-29 01:12:21,0
2026-01-29 01:12:22,0
2026-01-29 01:12:23,0
2026-01-29 01:12:24,0
2026-01-29 01:12:25,0
2026-01-29 01:12:26,0
2026-01-29 01:12:27,0
2026-01-29 01:12:28,0
2026-01-29 01:12:29,0
2026-01-29 01:12:30,0
2026-01-29 01:12:31,0
2026-01-29 01:12:32,0
2026-01-29 01:12:33,0
2026-01-29 01:17:34,5.48
2026-01-29 01:17:35,5.48
2026-01-29 01:17:36,5.48
2026-01-29 01:17:37,5.48
2026-01-29 01:17:38,5.48
2026-01-29 01:17:39,8.10
2026-01-29 01:17:40,8.10
2026-01-29 01:17:41,8.10
2026-01-29 01:17:42,8.10
2026-01-29 01:17:43,8.10
2026-01-29 01:17:44,7.45
2026-01-29 01:17:45,7.45
2026-01-29 01:17:46,7.45
2026-01-29 01:17:47,7.45
2026-01-29 01:17:48,7.45
2026-01-29 01:17:49,7.50
2026-01-29 01:17:50,7.50
2026-01-29 01:17:51,7.50
2026-01-29 01:17:52,7.50
2026-01-29 01:17:53,7.50
2026-01-29 01:17:54,7.41
2026-01-29 01:17:55,7.41
2026-01-29 01:17:56,7.41
2026-01-29 01:17:57,7.41
2026-01-29 01:17:58,7.41
2026-01-29 01:17:59,7.51
2026-01-29 01:18:00,7.51
2026-01-29 01:18:01,7.51
2026-01-29 01:18:02,7.51
2026-01-29 01:18:03,7.51
2026-01-29 01:18:04,7.42
2026-01-29 01:18:05,7.42
2026-01-29 01:18:06,7.42
2026-01-29 01:18:07,7.42
2026-01-29 01:18:08,7.42
2026-01-29 01:18:09,8.88
2026-01-29 01:18:10,8.88
2026-01-29 01:18:11,8.88
2026-01-29 01:18:12,8.88
2026-01-29 01:18:13,8.88
2026-01-29 01:18:14,7.39
2026-01-29 01:18:15,7.39
2026-01-29 01:18:16,7.39
2026-01-29 01:18:17,7.39
2026-01-29 01:18:18,7.39
2026-01-29 01:18:19,7.36
2026-01-29 01:18:20,7.36
2026-01-29 01:18:21,7.36
2026-01-29 01:18:22,7.36
2026-01-29 01:18:23,7.36
2026-01-29 01:18:24,7.63
2026-01-29 01:18:25,7.63
2026-01-29 01:18:26,7.63
2026-01-29 01:18:27,7.63
2026-01-29 01:18:28,7.63
2026-01-29 01:18:29,7.43
2026-01-29 01:18:30,7.43
2026-01-29 01:18:31,7.43
2026-01-29 01:18:32,7.43
2026-01-29 01:18:33,7.43
2026-01-29 01:18:34,8.34
2026-01-29 01:18:35,8.34
2026-01-29 01:18:36,8.34
2026-01-29 01:18:37,8.34
2026-01-29 01:18:38,8.34
2026-01-29 01:18:39,6.66
2026-01-29 01:18:40,6.66
2026-01-29 01:18:41,6.66
2026-01-29 01:18:42,6.66
2026-01-29 01:18:43,6.66
2026-01-29 01:18:44,6.53
2026-01-29 01:18:45,6.53
2026-01-29 01:18:46,6.53
2026-01-29 01:18:47,6.53
2026-01-29 01:18:48,6.53
2026-01-29 01:18:49,6.61
2026-01-29 01:18:50,6.61
2026-01-29 01:18:51,6.61
2026-01-29 01:18:52,6.61
2026-01-29 01:18:53,6.61
2026-01-29 01:18:54,6.72
2026-01-29 01:18:55,6.72
2026-01-29 01:18:56,6.72
2026-01-29 01:18:57,6.72
2026-01-29 01:18:58,6.72
2026-01-29 01:18:59,6.50
2026-01-29 01:19:00,6.50
2026-01-29 01:19:01,6.50
2026-01-29 01:19:02,6.50
2026-01-29 01:19:03,6.50
2026-01-29 01:19:04,6.23
2026-01-29 01:19:05,6.23
2026-01-29 01:19:06,6.23
2026-01-29 01:19:07,6.23
2026-01-29 01:19:08,6.23
2026-01-29 01:19:09,8.87
2026-01-29 01:19:10,8.87
2026-01-29 01:19:11,8.87
2026-01-29 01:19:12,8.87
2026-01-29 01:19:13,8.87
2026-01-29 01:19:14,7.90
2026-01-29 01:19:15,7.90
2026-01-29 01:19:16,7.90
2026-01-29 01:19:17,7.90
2026-01-29 01:19:18,7.90
2026-01-29 01:19:19,7.84
2026-01-29 01:19:20,7.84
2026-01-29 01:19:21,7.84
2026-01-29 01:19:22,7.84
2026-01-29 01:19:23,7.84
2026-01-29 01:19:24,7.82
2026-01-29 01:19:25,7.82
2026-01-29 01:19:26,7.82
2026-01-29 01:19:27,7.82
2026-01-29 01:19:28,7.82
2026-01-29 01:19:29,7.55
2026-01-29 01:19:30,7.55
2026-01-29 01:19:31,7.55
2026-01-29 01:19:32,7.55
2026-01-29 01:19:33,7.55
2026-01-29 01:19:34,7.61
2026-01-29 01:19:35,7.61
2026-01-29 01:19:36,7.61
2026-01-29 01:19:37,7.61
2026-01-29 01:19:38,7.61
2026-01-29 01:19:39,7.45
2026-01-29 01:19:40,7.45
2026-01-29 01:19:41,7.45
2026-01-29 01:19:42,7.45
2026-01-29 01:19:43,7.45
2026-01-29 01:19:44,7.60
2026-01-29 01:19:45,7.60
2026-01-29 01:19:46,7.60
2026-01-29 01:19:47,7.60
2026-01-29 01:19:48,7.60
2026-01-29 01:19:49,7.55
2026-01-29 01:19:50,7.55
2026-01-29 01:19:51,7.55
2026-01-29 01:19:52,7.55
2026-01-29 01:19:53,7.55
2026-01-29 01:19:54,7.60
2026-01-29 01:19:55,7.60
2026-01-29 01:19:56,7.60
2026-01-29 01:19:57,7.60
2026-01-29 01:19:58,7.60
2026-01-29 01:19:59,7.69
2026-01-29 01:20:00,7.69
2026-01-29 01:20:01,7.69
2026-01-29 01:20:02,7.69
2026-01-29 01:20:03,7.69
2026-01-29 01:20:04,7.70
2026-01-29 01:20:05,7.70
2026-01-29 01:20:06,7.70
2026-01-29 01:20:07,7.70
2026-01-29 01:20:08,7.70
2026-01-29 01:20:09,8.84
2026-01-29 01:20:10,8.84
2026-01-29 01:20:11,8.84
2026-01-29 01:20:12,8.84
2026-01-29 01:20:13,8.84
2026-01-29 01:20:14,7.57
2026-01-29 01:20:15,7.57
2026-01-29 01:20:16,7.57
2026-01-29 01:20:17,7.57
2026-01-29 01:20:18,7.57
2026-01-29 01:20:19,7.62
2026-01-29 01:20:20,7.62
2026-01-29 01:20:21,7.62
2026-01-29 01:20:22,7.62
2026-01-29 01:20:23,7.62
2026-01-29 01:20:24,0
2026-01-29 01:20:25,0
2026-01-29 01:20:26,0
2026-01-29 01:20:27,0
2026-01-29 01:20:28,0
2026-01-29 01:20:29,0
2026-01-29 01:20:30,0
2026-01-29 01:20:31,0
2026-01-29 01:20:32,0
2026-01-29 01:20:33,0
2026-01-29 01:20:34,0
2026-01-29 01:20:35,0
2026-01-29 01:20:36,0
2026-01-29 01:20:37,0
2026-01-29 01:20:38,0
2026-01-29 01:20:39,0
2026-01-29 01:20:40,0
2026-01-29 01:20:41,0
2026-01-29 01:20:42,0
2026-01-29 01:20:43,0
2026-01-29 01:20:44,0
2026-01-29 01:20:45,0
2026-01-29 01:20:46,0
2026-01-29 01:20:47,0
2026-01-29 01:20:48,0
2026-01-29 01:20:49,0
2026-01-29 01:20:50,0
2026-01-29 01:20:51,0
2026-01-29 01:20:52,0
2026-01-29 01:20:53,0
2026-01-29 01:20:54,0
2026-01-29 01:20:55,0
2026-01-29 01:20:56,0
2026-01-29 01:20:57,0
2026-01-29 01:20:58,0
2026-01-29 01:20:59,0
2026-01-29 01:21:00,0
2026-01-29 01:21:01,0
2026-01-29 01:21:02,0
2026-01-29 01:21:03,0
2026-01-29 01:21:04,0
2026-01-29 01:21:05,0
2026-01-29 01:21:06,0
2026-01-29 01:21:07,0
2026-01-29 01:21:08,0
2026-01-29 01:21:09,0
2026-01-29 01:21:10,0
2026-01-29 01:21:11,0
2026-01-29 01:21:12,0
2026-01-29 01:21:13,0
2026-01-29 01:21:14,0
2026-01-29 01:21:15,0
2026-01-29 01:21:16,0
2026-01-29 01:21:17,0
2026-01-29 01:21:18,0
2026-01-29 01:21:19,0
2026-01-29 01:21:20,0
2026-01-29 01:21:21,0
2026-01-29 01:21:22,0
2026-01-29 01:21:23,0
2026-01-29 01:21:24,0
2026-01-29 01:21:25,0
2026-01-29 01:21:26,0
2026-01-29 01:21:27,0
2026-01-29 01:21:28,0
2026-01-29 01:21:29,0
2026-01-29 01:21:30,0
2026-01-29 01:21:31,0
2026-01-29 01:21:32,0
2026-01-29 01:21:33,0
2026-01-29 01:21:34,0
2026-01-29 01:21:35,0
2026-01-29 01:21:36,0
2026-01-29 01:21:37,0
2026-01-29 01:21:38,0
2026-01-29 01:21:39,0
2026-01-29 01:21:40,0
2026-01-29 01:21:41,0
2026-01-29 01:21:42,0
2026-01-29 01:21:43,0
2026-01-29 01:21:44,0
2026-01-29 01:21:45,0
2026-01-29 01:21:46,0
2026-01-29 01:21:47,0
2026-01-29 01:21:48,0
2026-01-29 01:21:49,0
2026-01-29 01:21:50,0
2026-01-29 01:21:51,0
2026-01-29 01:21:52,0
2026-01-29 01:21:53,0
2026-01-29 01:21:54,0
2026-01-29 01:21:55,0
2026-01-29 01:21:56,0
2026-01-29 01:21:57,0
2026-01-29 01:21:58,0
2026-01-29 01:27:09,2.88
2026-01-29 01:27:10,2.88
2026-01-29 01:27:11,2.88
2026-01-29 01:27:12,2.88
2026-01-29 01:27:13,2.88
2026-01-29 01:27:14,6.55
2026-01-29 01:27:15,6.55
2026-01-29 01:27:16,6.55
2026-01-29 01:27:17,6.55
2026-01-29 01:27:18,6.55
2026-01-29 01:27:19,7.04
2026-01-29 01:27:20,7.04
2026-01-29 01:27:21,7.04
2026-01-29 01:27:22,7.04
2026-01-29 01:27:23,7.04
2026-01-29 01:27:24,6.73
2026-01-29 01:27:25,6.73
2026-01-29 01:27:26,6.73
2026-01-29 01:27:27,6.73
2026-01-29 01:27:28,6.73
2026-01-29 01:27:29,6.72
2026-01-29 01:27:30,6.72
2026-01-29 01:27:31,6.72
2026-01-29 01:27:32,6.72
2026-01-29 01:27:33,6.72
2026-01-29 01:27:34,6.64
2026-01-29 01:27:35,6.64
2026-01-29 01:27:36,6.64
2026-01-29 01:27:37,6.64
2026-01-29 01:27:38,6.64
2026-01-29 01:27:39,6.69
2026-01-29 01:27:40,6.69
2026-01-29 01:27:41,6.69
2026-01-29 01:27:42,6.69
2026-01-29 01:27:43,6.69
2026-01-29 01:27:44,6.68
2026-01-29 01:27:45,6.68
2026-01-29 01:27:46,6.68
2026-01-29 01:27:47,6.68
2026-01-29 01:27:48,6.68
2026-01-29 01:27:49,6.53
2026-01-29 01:27:50,6.53
2026-01-29 01:27:51,6.53
2026-01-29 01:27:52,6.53
2026-01-29 01:27:53,6.53
2026-01-29 01:27:54,6.59
2026-01-29 01:27:55,6.59
2026-01-29 01:27:56,6.59
2026-01-29 01:27:57,6.59
2026-01-29 01:27:58,6.59
2026-01-29 01:27:59,6.60
2026-01-29 01:28:00,6.60
2026-01-29 01:28:01,6.60
2026-01-29 01:28:02,6.60
2026-01-29 01:28:03,6.60
2026-01-29 01:28:04,6.56
2026-01-29 01:28:05,6.56
2026-01-29 01:28:06,6.56
2026-01-29 01:28:07,6.56
2026-01-29 01:28:08,6.56
2026-01-29 01:28:09,6.85
2026-01-29 01:28:10,6.85
2026-01-29 01:28:11,6.85
2026-01-29 01:28:12,6.85
2026-01-29 01:28:13,6.85
2026-01-29 01:28:14,6.57
2026-01-29 01:28:15,6.57
2026-01-29 01:28:16,6.57
2026-01-29 01:28:17,6.57
2026-01-29 01:28:18,6.57
2026-01-29 01:28:19,6.70
2026-01-29 01:28:20,6.70
2026-01-29 01:28:21,6.70
2026-01-29 01:28:22,6.70
2026-01-29 01:28:23,6.70
2026-01-29 01:28:24,6.38
2026-01-29 01:28:25,6.38
2026-01-29 01:28:26,6.38
2026-01-29 01:28:27,6.38
2026-01-29 01:28:28,6.38
2026-01-29 01:28:29,7.80
2026-01-29 01:28:30,7.80
2026-01-29 01:28:31,7.80
2026-01-29 01:28:32,7.80
2026-01-29 01:28:33,7.80
2026-01-29 01:28:34,7.67
2026-01-29 01:28:35,7.67
2026-01-29 01:28:36,7.67
2026-01-29 01:28:37,7.67
2026-01-29 01:28:38,7.67
2026-01-29 01:28:39,8.41
2026-01-29 01:28:40,8.41
2026-01-29 01:28:41,8.41
2026-01-29 01:28:42,8.41
2026-01-29 01:28:43,8.41
2026-01-29 01:28:44,7.69
2026-01-29 01:28:45,7.69
2026-01-29 01:28:46,7.69
2026-01-29 01:28:47,7.69
2026-01-29 01:28:48,7.69
2026-01-29 01:28:49,7.88
2026-01-29 01:28:50,7.88
2026-01-29 01:28:51,7.88
2026-01-29 01:28:52,7.88
2026-01-29 01:28:53,7.88
2026-01-29 01:28:54,7.69
2026-01-29 01:28:55,7.69
2026-01-29 01:28:56,7.69
2026-01-29 01:28:57,7.69
2026-01-29 01:28:58,7.69
2026-01-29 01:28:59,7.70
2026-01-29 01:29:00,7.70
2026-01-29 01:29:01,7.70
2026-01-29 01:29:02,7.70
2026-01-29 01:29:03,7.70
2026-01-29 01:29:04,7.66
2026-01-29 01:29:05,7.66
2026-01-29 01:29:06,7.66
2026-01-29 01:29:07,7.66
2026-01-29 01:29:08,7.66
2026-01-29 01:29:09,8.00
2026-01-29 01:29:10,8.00
2026-01-29 01:29:11,8.00
2026-01-29 01:29:12,8.00
2026-01-29 01:29:13,8.00
2026-01-29 01:29:14,7.70
2026-01-29 01:29:15,7.70
2026-01-29 01:29:16,7.70
2026-01-29 01:29:17,7.70
2026-01-29 01:29:18,7.70
2026-01-29 01:29:19,7.89
2026-01-29 01:29:20,7.89
2026-01-29 01:29:21,7.89
2026-01-29 01:29:22,7.89
2026-01-29 01:29:23,7.89
2026-01-29 01:29:24,7.74
2026-01-29 01:29:25,7.74
2026-01-29 01:29:26,7.74
2026-01-29 01:29:27,7.74
2026-01-29 01:29:28,7.74
2026-01-29 01:29:29,0
2026-01-29 01:29:30,0
2026-01-29 01:29:31,0
2026-01-29 01:29:32,0
2026-01-29 01:29:33,0
2026-01-29 01:29:34,0
2026-01-29 01:29:35,0
2026-01-29 01:29:36,0
2026-01-29 01:29:37,0
2026-01-29 01:29:38,0
2026-01-29 01:29:39,0
2026-01-29 01:29:40,0
2026-01-29 01:29:41,0
2026-01-29 01:29:42,0
2026-01-29 01:29:43,0
2026-01-29 01:29:44,0
2026-01-29 01:29:45,0
2026-01-29 01:29:46,0
2026-01-29 01:29:47,0
2026-01-29 01:29:48,0
2026-01-29 01:29:49,0
2026-01-29 01:29:50,0
2026-01-29 01:29:51,0
2026-01-29 01:29:52,0
2026-01-29 01:29:53,0
2026-01-29 01:29:54,0
2026-01-29 01:29:55,0
2026-01-29 01:29:56,0
2026-01-29 01:29:57,0
2026-01-29 01:29:58,0
2026-01-29 01:29:59,0
2026-01-29 01:30:00,0
2026-01-29 01:30:01,0
2026-01-29 01:30:02,0
2026-01-29 01:30:03,0
2026-01-29 01:30:04,0
2026-01-29 01:30:05,0
2026-01-29 01:30:06,0
2026-01-29 01:30:07,0
2026-01-29 01:30:08,0
2026-01-29 01:30:09,0
2026-01-29 01:30:10,0
2026-01-29 01:30:11,0
2026-01-29 01:30:12,0
2026-01-29 01:30:13,0
2026-01-29 01:30:14,0
2026-01-29 01:30:15,0
2026-01-29 01:30:16,0
2026-01-29 01:30:17,0
2026-01-29 01:30:18,0
2026-01-29 01:30:19,0
2026-01-29 01:30:20,0
2026-01-29 01:30:21,0
2026-01-29 01:30:22,0
2026-01-29 01:30:23,0
2026-01-29 01:30:24,0
2026-01-29 01:30:25,0
2026-01-29 01:30:26,0
2026-01-29 01:30:27,0
2026-01-29 01:30:28,0
2026-01-29 01:30:29,0
2026-01-29 01:30:30,0
2026-01-29 01:30:31,0
2026-01-29 01:30:32,0
2026-01-29 01:30:33,0
2026-01-29 01:30:34,0
2026-01-29 01:30:35,0
2026-01-29 01:30:36,0
2026-01-29 01:30:37,0
2026-01-29 01:30:38,0
2026-01-29 01:30:39,0
2026-01-29 01:30:40,0
2026-01-29 01:30:41,0
2026-01-29 01:30:42,0
2026-01-29 01:30:43,0
2026-01-29 01:30:44,0
2026-01-29 01:30:45,0
2026-01-29 01:30:46,0
2026-01-29 01:30:47,0
2026-01-29 01:30:48,0
2026-01-29 01:30:49,0
2026-01-29 01:30:50,0
2026-01-29 01:30:51,0
2026-01-29 01:30:52,0
2026-01-29 01:30:53,0
2026-01-29 01:30:54,0
2026-01-29 01:30:55,0
2026-01-29 01:30:56,0
2026-01-29 01:30:57,0
2026-01-29 01:30:58,0
2026-01-29 01:30:59,0
2026-01-29 01:31:00,0
2026-01-29 01:31:01,0
2026-01-29 01:31:02,0
2026-01-29 01:31:03,0
2026-01-29 01:36:14,5.19
2026-01-29 01:36:15,5.19
2026-01-29 01:36:16,5.19
2026-01-29 01:36:17,5.19
2026-01-29 01:36:18,5.19
2026-01-29 01:36:19,5.72
2026-01-29 01:36:20,5.72
2026-01-29 01:36:21,5.72
2026-01-29 01:36:22,5.72
2026-01-29 01:36:23,5.72
2026-01-29 01:36:24,8.60
2026-01-29 01:36:25,8.60
2026-01-29 01:36:26,8.60
2026-01-29 01:36:27,8.60
2026-01-29 01:36:28,8.60
2026-01-29 01:36:29,4.52
2026-01-29 01:36:30,4.52
2026-01-29 01:36:31,4.52
2026-01-29 01:36:32,4.52
2026-01-29 01:36:33,4.52
2026-01-29 01:36:34,4.59
2026-01-29 01:36:35,4.59
2026-01-29 01:36:36,4.59
2026-01-29 01:36:37,4.59
2026-01-29 01:36:38,4.59
2026-01-29 01:36:39,4.77
2026-01-29 01:36:40,4.77
2026-01-29 01:36:41,4.77
2026-01-29 01:36:42,4.77
2026-01-29 01:36:43,4.77
2026-01-29 01:36:44,4.65
2026-01-29 01:36:45,4.65
2026-01-29 01:36:46,4.65
2026-01-29 01:36:47,4.65
2026-01-29 01:36:48,4.65
2026-01-29 01:36:49,5.27
2026-01-29 01:36:50,5.27
2026-01-29 01:36:51,5.27
2026-01-29 01:36:52,5.27
2026-01-29 01:36:53,5.27
2026-01-29 01:36:54,5.48
2026-01-29 01:36:55,5.48
2026-01-29 01:36:56,5.48
2026-01-29 01:36:57,5.48
2026-01-29 01:36:58,5.48
2026-01-29 01:36:59,5.48
2026-01-29 01:37:00,5.48
2026-01-29 01:37:01,5.48
2026-01-29 01:37:02,5.48
2026-01-29 01:37:03,5.48
2026-01-29 01:37:04,5.01
2026-01-29 01:37:05,5.01
2026-01-29 01:37:06,5.01
2026-01-29 01:37:07,5.01
2026-01-29 01:37:08,5.01
2026-01-29 01:37:09,6.67
2026-01-29 01:37:10,6.67
2026-01-29 01:37:11,6.67
2026-01-29 01:37:12,6.67
2026-01-29 01:37:13,6.67
2026-01-29 01:37:14,6.57
2026-01-29 01:37:15,6.57
2026-01-29 01:37:16,6.57
2026-01-29 01:37:17,6.57
2026-01-29 01:37:18,6.57
2026-01-29 01:37:19,6.36
2026-01-29 01:37:20,6.36
2026-01-29 01:37:21,6.36
2026-01-29 01:37:22,6.36
2026-01-29 01:37:23,6.36
2026-01-29 01:37:24,6.40
2026-01-29 01:37:25,6.40
2026-01-29 01:37:26,6.40
2026-01-29 01:37:27,6.40
2026-01-29 01:37:28,6.40
2026-01-29 01:37:29,6.32
2026-01-29 01:37:30,6.32
2026-01-29 01:37:31,6.32
2026-01-29 01:37:32,6.32
2026-01-29 01:37:33,6.32
2026-01-29 01:37:34,6.41
2026-01-29 01:37:35,6.41
2026-01-29 01:37:36,6.41
2026-01-29 01:37:37,6.41
2026-01-29 01:37:38,6.41
2026-01-29 01:37:39,6.30
2026-01-29 01:37:40,6.30
2026-01-29 01:37:41,6.30
2026-01-29 01:37:42,6.30
2026-01-29 01:37:43,6.30
2026-01-29 01:37:44,6.29
2026-01-29 01:37:45,6.29
2026-01-29 01:37:46,6.29
2026-01-29 01:37:47,6.29
2026-01-29 01:37:48,6.29
2026-01-29 01:37:49,6.28
2026-01-29 01:37:50,6.28
2026-01-29 01:37:51,6.28
2026-01-29 01:37:52,6.28
2026-01-29 01:37:53,6.28
2026-01-29 01:37:54,6.10
2026-01-29 01:37:55,6.10
2026-01-29 01:37:56,6.10
2026-01-29 01:37:57,6.10
2026-01-29 01:37:58,6.10
2026-01-29 01:37:59,9.16
2026-01-29 01:38:00,9.16
2026-01-29 01:38:01,9.16
2026-01-29 01:38:02,9.16
2026-01-29 01:38:03,9.16
2026-01-29 01:38:04,8.82
2026-01-29 01:38:05,8.82
2026-01-29 01:38:06,8.82
2026-01-29 01:38:07,8.82
2026-01-29 01:38:08,8.82
2026-01-29 01:38:09,8.71
2026-01-29 01:38:10,8.71
2026-01-29 01:38:11,8.71
2026-01-29 01:38:12,8.71
2026-01-29 01:38:13,8.71
2026-01-29 01:38:14,8.48
2026-01-29 01:38:15,8.48
2026-01-29 01:38:16,8.48
2026-01-29 01:38:17,8.48
2026-01-29 01:38:18,8.48
2026-01-29 01:38:19,8.49
2026-01-29 01:38:20,8.49
2026-01-29 01:38:21,8.49
2026-01-29 01:38:22,8.49
2026-01-29 01:38:23,8.49
2026-01-29 01:38:24,8.52
2026-01-29 01:38:25,8.52
2026-01-29 01:38:26,8.52
2026-01-29 01:38:27,8.52
2026-01-29 01:38:28,8.52
2026-01-29 01:38:29,8.46
2026-01-29 01:38:30,8.46
2026-01-29 01:38:31,8.46
2026-01-29 01:38:32,8.46
2026-01-29 01:38:33,8.46
2026-01-29 01:38:34,0
2026-01-29 01:38:35,0
2026-01-29 01:38:36,0
2026-01-29 01:38:37,0
2026-01-29 01:38:38,0
2026-01-29 01:38:39,0
2026-01-29 01:38:40,0
2026-01-29 01:38:41,0
2026-01-29 01:38:42,0
2026-01-29 01:38:43,0
2026-01-29 01:38:44,0
2026-01-29 01:38:45,0
2026-01-29 01:38:46,0
2026-01-29 01:38:47,0
2026-01-29 01:38:48,0
2026-01-29 01:38:49,0
2026-01-29 01:38:50,0
2026-01-29 01:38:51,0
2026-01-29 01:38:52,0
2026-01-29 01:38:53,0
2026-01-29 01:38:54,0
2026-01-29 01:38:55,0
2026-01-29 01:38:56,0
2026-01-29 01:38:57,0
2026-01-29 01:38:58,0
2026-01-29 01:38:59,0
2026-01-29 01:39:00,0
2026-01-29 01:39:01,0
2026-01-29 01:39:02,0
2026-01-29 01:39:03,0
2026-01-29 01:39:04,0
2026-01-29 01:39:05,0
2026-01-29 01:39:06,0
2026-01-29 01:39:07,0
2026-01-29 01:39:08,0
2026-01-29 01:39:09,0
2026-01-29 01:39:10,0
2026-01-29 01:39:11,0
2026-01-29 01:39:12,0
2026-01-29 01:39:13,0
2026-01-29 01:39:14,0
2026-01-29 01:39:15,0
2026-01-29 01:39:16,0
2026-01-29 01:39:17,0
2026-01-29 01:39:18,0
2026-01-29 01:39:19,0
2026-01-29 01:39:20,0
2026-01-29 01:39:21,0
2026-01-29 01:39:22,0
2026-01-29 01:39:23,0
2026-01-29 01:39:24,0
2026-01-29 01:39:25,0
2026-01-29 01:39:26,0
2026-01-29 01:39:27,0
2026-01-29 01:39:28,0
2026-01-29 01:39:29,0
2026-01-29 01:39:30,0
2026-01-29 01:39:31,0
2026-01-29 01:39:32,0
2026-01-29 01:39:33,0
2026-01-29 01:39:34,0
2026-01-29 01:39:35,0
2026-01-29 01:39:36,0
2026-01-29 01:39:37,0
2026-01-29 01:39:38,0
2026-01-29 01:39:39,0
2026-01-29 01:39:40,0
2026-01-29 01:39:41,0
2026-01-29 01:39:42,0
2026-01-29 01:39:43,0
2026-01-29 01:39:44,0
2026-01-29 01:39:45,0
2026-01-29 01:39:46,0
2026-01-29 01:39:47,0
2026-01-29 01:39:48,0
2026-01-29 01:39:49,0
2026-01-29 01:39:50,0
2026-01-29 01:39:51,0
2026-01-29 01:39:52,0
2026-01-29 01:39:53,0
2026-01-29 01:39:54,0
2026-01-29 01:39:55,0
2026-01-29 01:39:56,0
2026-01-29 01:39:57,0
2026-01-29 01:39:58,0
2026-01-29 01:39:59,0
2026-01-29 01:40:00,0
2026-01-29 01:40:01,0
2026-01-29 01:40:02,0
2026-01-29 01:40:03,0
2026-01-29 01:40:04,0
2026-01-29 01:40:05,0
2026-01-29 01:40:06,0
2026-01-29 01:40:07,0
2026-01-29 01:40:08,0
2026-01-29 01:45:14,8.62
2026-01-29 01:45:15,8.62
2026-01-29 01:45:16,8.62
2026-01-29 01:45:17,8.62
2026-01-29 01:45:18,8.62
2026-01-29 01:45:19,9.87
2026-01-29 01:45:20,9.87
2026-01-29 01:45:21,9.87
2026-01-29 01:45:22,9.87
2026-01-29 01:45:23,9.87
2026-01-29 01:45:24,8.21
2026-01-29 01:45:25,8.21
2026-01-29 01:45:26,8.21
2026-01-29 01:45:27,8.21
2026-01-29 01:45:28,8.21
2026-01-29 01:45:29,7.54
2026-01-29 01:45:30,7.54
2026-01-29 01:45:31,7.54
2026-01-29 01:45:32,7.54
2026-01-29 01:45:33,7.54
2026-01-29 01:45:34,6.78
2026-01-29 01:45:35,6.78
2026-01-29 01:45:36,6.78
2026-01-29 01:45:37,6.78
2026-01-29 01:45:38,6.78
2026-01-29 01:45:39,6.80
2026-01-29 01:45:40,6.80
2026-01-29 01:45:41,6.80
2026-01-29 01:45:42,6.80
2026-01-29 01:45:43,6.80
2026-01-29 01:45:44,6.70
2026-01-29 01:45:45,6.70
2026-01-29 01:45:46,6.70
2026-01-29 01:45:47,6.70
2026-01-29 01:45:48,6.70
2026-01-29 01:45:49,6.47
2026-01-29 01:45:50,6.47
2026-01-29 01:45:51,6.47
2026-01-29 01:45:52,6.47
2026-01-29 01:45:53,6.47
2026-01-29 01:45:54,6.64
2026-01-29 01:45:55,6.64
2026-01-29 01:45:56,6.64
2026-01-29 01:45:57,6.64
2026-01-29 01:45:58,6.64
2026-01-29 01:45:59,6.61
2026-01-29 01:46:00,6.61
2026-01-29 01:46:01,6.61
2026-01-29 01:46:02,6.61
2026-01-29 01:46:03,6.61
2026-01-29 01:46:04,6.54
2026-01-29 01:46:05,6.54
2026-01-29 01:46:06,6.54
2026-01-29 01:46:07,6.54
2026-01-29 01:46:08,6.54
2026-01-29 01:46:09,6.50
2026-01-29 01:46:10,6.50
2026-01-29 01:46:11,6.50
2026-01-29 01:46:12,6.50
2026-01-29 01:46:13,6.50
2026-01-29 01:46:14,6.56
2026-01-29 01:46:15,6.56
2026-01-29 01:46:16,6.56
2026-01-29 01:46:17,6.56
2026-01-29 01:46:18,6.56
2026-01-29 01:46:19,6.54
2026-01-29 01:46:20,6.54
2026-01-29 01:46:21,6.54
2026-01-29 01:46:22,6.54
2026-01-29 01:46:23,6.54
2026-01-29 01:46:24,6.59
2026-01-29 01:46:25,6.59
2026-01-29 01:46:26,6.59
2026-01-29 01:46:27,6.59
2026-01-29 01:46:28,6.59
2026-01-29 01:46:29,6.44
2026-01-29 01:46:30,6.44
2026-01-29 01:46:31,6.44
2026-01-29 01:46:32,6.44
2026-01-29 01:46:33,6.44
2026-01-29 01:46:34,6.57
2026-01-29 01:46:35,6.57
2026-01-29 01:46:36,6.57
2026-01-29 01:46:37,6.57
2026-01-29 01:46:38,6.57
2026-01-29 01:46:39,6.59
2026-01-29 01:46:40,6.59
2026-01-29 01:46:41,6.59
2026-01-29 01:46:42,6.59
2026-01-29 01:46:43,6.59
2026-01-29 01:46:44,6.54
2026-01-29 01:46:45,6.54
2026-01-29 01:46:46,6.54
2026-01-29 01:46:47,6.54
2026-01-29 01:46:48,6.54
2026-01-29 01:46:49,6.48
2026-01-29 01:46:50,6.48
2026-01-29 01:46:51,6.48
2026-01-29 01:46:52,6.48
2026-01-29 01:46:53,6.48
2026-01-29 01:46:54,7.50
2026-01-29 01:46:55,7.50
2026-01-29 01:46:56,7.50
2026-01-29 01:46:57,7.50
2026-01-29 01:46:58,7.50
2026-01-29 01:46:59,7.53
2026-01-29 01:47:00,7.53
2026-01-29 01:47:01,7.53
2026-01-29 01:47:02,7.53
2026-01-29 01:47:03,7.53
2026-01-29 01:47:04,7.70
2026-01-29 01:47:05,7.70
2026-01-29 01:47:06,7.70
2026-01-29 01:47:07,7.70
2026-01-29 01:47:08,7.70
2026-01-29 01:47:09,7.37
2026-01-29 01:47:10,7.37
2026-01-29 01:47:11,7.37
2026-01-29 01:47:12,7.37
2026-01-29 01:47:13,7.37
2026-01-29 01:47:14,7.50
2026-01-29 01:47:15,7.50
2026-01-29 01:47:16,7.50
2026-01-29 01:47:17,7.50
2026-01-29 01:47:18,7.50
2026-01-29 01:47:19,7.55
2026-01-29 01:47:20,7.55
2026-01-29 01:47:21,7.55
2026-01-29 01:47:22,7.55
2026-01-29 01:47:23,7.55
2026-01-29 01:47:24,7.45
2026-01-29 01:47:25,7.45
2026-01-29 01:47:26,7.45
2026-01-29 01:47:27,7.45
2026-01-29 01:47:28,7.45
2026-01-29 01:47:29,7.33
2026-01-29 01:47:30,7.33
2026-01-29 01:47:31,7.33
2026-01-29 01:47:32,7.33
2026-01-29 01:47:33,7.33
2026-01-29 01:47:34,0
2026-01-29 01:47:35,0
2026-01-29 01:47:36,0
2026-01-29 01:47:37,0
2026-01-29 01:47:38,0
2026-01-29 01:47:39,0
2026-01-29 01:47:40,0
2026-01-29 01:47:41,0
2026-01-29 01:47:42,0
2026-01-29 01:47:43,0
2026-01-29 01:47:44,0
2026-01-29 01:47:45,0
2026-01-29 01:47:46,0
2026-01-29 01:47:47,0
2026-01-29 01:47:48,0
2026-01-29 01:47:49,0
2026-01-29 01:47:50,0
2026-01-29 01:47:51,0
2026-01-29 01:47:52,0
2026-01-29 01:47:53,0
2026-01-29 01:47:54,0
2026-01-29 01:47:55,0
2026-01-29 01:47:56,0
2026-01-29 01:47:57,0
2026-01-29 01:47:58,0
2026-01-29 01:47:59,0
2026-01-29 01:48:00,0
2026-01-29 01:48:01,0
2026-01-29 01:48:02,0
2026-01-29 01:48:03,0
2026-01-29 01:48:04,0
2026-01-29 01:48:05,0
2026-01-29 01:48:06,0
2026-01-29 01:48:07,0
2026-01-29 01:48:08,0
2026-01-29 01:48:09,0
2026-01-29 01:48:10,0
2026-01-29 01:48:11,0
2026-01-29 01:48:12,0
2026-01-29 01:48:13,0
2026-01-29 01:48:14,0
2026-01-29 01:48:15,0
2026-01-29 01:48:16,0
2026-01-29 01:48:17,0
2026-01-29 01:48:18,0
2026-01-29 01:48:19,0
2026-01-29 01:48:20,0
2026-01-29 01:48:21,0
2026-01-29 01:48:22,0
2026-01-29 01:48:23,0
2026-01-29 01:48:24,0
2026-01-29 01:48:25,0
2026-01-29 01:48:26,0
2026-01-29 01:48:27,0
2026-01-29 01:48:28,0
2026-01-29 01:48:29,0
2026-01-29 01:48:30,0
2026-01-29 01:48:31,0
2026-01-29 01:48:32,0
2026-01-29 01:48:33,0
2026-01-29 01:48:34,0
2026-01-29 01:48:35,0
2026-01-29 01:48:36,0
2026-01-29 01:48:37,0
2026-01-29 01:48:38,0
2026-01-29 01:48:39,0
2026-01-29 01:48:40,0
2026-01-29 01:48:41,0
2026-01-29 01:48:42,0
2026-01-29 01:48:43,0
2026-01-29 01:48:44,0
2026-01-29 01:48:45,0
2026-01-29 01:48:46,0
2026-01-29 01:48:47,0
2026-01-29 01:48:48,0
2026-01-29 01:48:49,0
2026-01-29 01:48:50,0
2026-01-29 01:48:51,0
2026-01-29 01:48:52,0
2026-01-29 01:48:53,0
2026-01-29 01:48:54,0
2026-01-29 01:48:55,0
2026-01-29 01:48:56,0
2026-01-29 01:48:57,0
2026-01-29 01:48:58,0
2026-01-29 01:48:59,0
2026-01-29 01:49:00,0
2026-01-29 01:49:01,0
2026-01-29 01:49:02,0
2026-01-29 01:49:03,0
2026-01-29 01:49:04,0
2026-01-29 01:49:05,0
2026-01-29 01:49:06,0
2026-01-29 01:49:07,0
2026-01-29 01:49:08,0
2026-01-29 01:54:14,9.31
2026-01-29 01:54:15,9.31
2026-01-29 01:54:16,9.31
2026-01-29 01:54:17,9.31
2026-01-29 01:54:18,9.31
2026-01-29 01:54:19,8.40
2026-01-29 01:54:20,8.40
2026-01-29 01:54:21,8.40
2026-01-29 01:54:22,8.40
2026-01-29 01:54:23,8.40
2026-01-29 01:54:24,8.01
2026-01-29 01:54:25,8.01
2026-01-29 01:54:26,8.01
2026-01-29 01:54:27,8.01
2026-01-29 01:54:28,8.01
2026-01-29 01:54:29,7.67
2026-01-29 01:54:30,7.67
2026-01-29 01:54:31,7.67
2026-01-29 01:54:32,7.67
2026-01-29 01:54:33,7.67
2026-01-29 01:54:34,7.73
2026-01-29 01:54:35,7.73
2026-01-29 01:54:36,7.73
2026-01-29 01:54:37,7.73
2026-01-29 01:54:38,7.73
2026-01-29 01:54:39,7.64
2026-01-29 01:54:40,7.64
2026-01-29 01:54:41,7.64
2026-01-29 01:54:42,7.64
2026-01-29 01:54:43,7.64
2026-01-29 01:54:44,7.64
2026-01-29 01:54:45,7.64
2026-01-29 01:54:46,7.64
2026-01-29 01:54:47,7.64
2026-01-29 01:54:48,7.64
2026-01-29 01:54:49,7.46
2026-01-29 01:54:50,7.46
2026-01-29 01:54:51,7.46
2026-01-29 01:54:52,7.46
2026-01-29 01:54:53,7.46
2026-01-29 01:54:54,7.72
2026-01-29 01:54:55,7.72
2026-01-29 01:54:56,7.72
2026-01-29 01:54:57,7.72
2026-01-29 01:54:58,7.72
2026-01-29 01:54:59,7.61
2026-01-29 01:55:00,7.61
2026-01-29 01:55:01,7.61
2026-01-29 01:55:02,7.61
2026-01-29 01:55:03,7.61
2026-01-29 01:55:04,7.65
2026-01-29 01:55:05,7.65
2026-01-29 01:55:06,7.65
2026-01-29 01:55:07,7.65
2026-01-29 01:55:08,7.65
2026-01-29 01:55:09,7.53
2026-01-29 01:55:10,7.53
2026-01-29 01:55:11,7.53
2026-01-29 01:55:12,7.53
2026-01-29 01:55:13,7.53
2026-01-29 01:55:14,8.31
2026-01-29 01:55:15,8.31
2026-01-29 01:55:16,8.31
2026-01-29 01:55:17,8.31
2026-01-29 01:55:18,8.31
2026-01-29 01:55:19,7.59
2026-01-29 01:55:20,7.59
2026-01-29 01:55:21,7.59
2026-01-29 01:55:22,7.59
2026-01-29 01:55:23,7.59
2026-01-29 01:55:24,7.63
2026-01-29 01:55:25,7.63
2026-01-29 01:55:26,7.63
2026-01-29 01:55:27,7.63
2026-01-29 01:55:28,7.63
2026-01-29 01:55:29,7.42
2026-01-29 01:55:30,7.42
2026-01-29 01:55:31,7.42
2026-01-29 01:55:32,7.42
2026-01-29 01:55:33,7.42
2026-01-29 01:55:34,5.74
2026-01-29 01:55:35,5.74
2026-01-29 01:55:36,5.74
2026-01-29 01:55:37,5.74
2026-01-29 01:55:38,5.74
2026-01-29 01:55:39,5.69
2026-01-29 01:55:40,5.69
2026-01-29 01:55:41,5.69
2026-01-29 01:55:42,5.69
2026-01-29 01:55:43,5.69
2026-01-29 01:55:44,5.77
2026-01-29 01:55:45,5.77
2026-01-29 01:55:46,5.77
2026-01-29 01:55:47,5.77
2026-01-29 01:55:48,5.77
2026-01-29 01:55:49,5.83
2026-01-29 01:55:50,5.83
2026-01-29 01:55:51,5.83
2026-01-29 01:55:52,5.83
2026-01-29 01:55:53,5.83
2026-01-29 01:55:54,6.84
2026-01-29 01:55:55,6.84
2026-01-29 01:55:56,6.84
2026-01-29 01:55:57,6.84
2026-01-29 01:55:58,6.84
2026-01-29 01:55:59,6.59
2026-01-29 01:56:00,6.59
2026-01-29 01:56:01,6.59
2026-01-29 01:56:02,6.59
2026-01-29 01:56:03,6.59
2026-01-29 01:56:04,6.64
2026-01-29 01:56:05,6.64
2026-01-29 01:56:06,6.64
2026-01-29 01:56:07,6.64
2026-01-29 01:56:08,6.64
2026-01-29 01:56:09,6.34
2026-01-29 01:56:10,6.34
2026-01-29 01:56:11,6.34
2026-01-29 01:56:12,6.34
2026-01-29 01:56:13,6.34
2026-01-29 01:56:14,6.88
2026-01-29 01:56:15,6.88
2026-01-29 01:56:16,6.88
2026-01-29 01:56:17,6.88
2026-01-29 01:56:18,6.88
2026-01-29 01:56:19,6.59
2026-01-29 01:56:20,6.59
2026-01-29 01:56:21,6.59
2026-01-29 01:56:22,6.59
2026-01-29 01:56:23,6.59
2026-01-29 01:56:24,6.57
2026-01-29 01:56:25,6.57
2026-01-29 01:56:26,6.57
2026-01-29 01:56:27,6.57
2026-01-29 01:56:28,6.57
2026-01-29 01:56:29,6.40
2026-01-29 01:56:30,6.40
2026-01-29 01:56:31,6.40
2026-01-29 01:56:32,6.40
2026-01-29 01:56:33,6.40
2026-01-29 01:56:34,0
2026-01-29 01:56:35,0
2026-01-29 01:56:36,0
2026-01-29 01:56:37,0
2026-01-29 01:56:38,0
2026-01-29 01:56:39,0
2026-01-29 01:56:40,0
2026-01-29 01:56:41,0
2026-01-29 01:56:42,0
2026-01-29 01:56:43,0
2026-01-29 01:56:44,0
2026-01-29 01:56:45,0
2026-01-29 01:56:46,0
2026-01-29 01:56:47,0
2026-01-29 01:56:48,0
2026-01-29 01:56:49,0
2026-01-29 01:56:50,0
2026-01-29 01:56:51,0
2026-01-29 01:56:52,0
2026-01-29 01:56:53,0
2026-01-29 01:56:54,0
2026-01-29 01:56:55,0
2026-01-29 01:56:56,0
2026-01-29 01:56:57,0
2026-01-29 01:56:58,0
2026-01-29 01:56:59,0
2026-01-29 01:57:00,0
2026-01-29 01:57:01,0
2026-01-29 01:57:02,0
2026-01-29 01:57:03,0
2026-01-29 01:57:04,0
2026-01-29 01:57:05,0
2026-01-29 01:57:06,0
2026-01-29 01:57:07,0
2026-01-29 01:57:08,0
2026-01-29 01:57:09,0
2026-01-29 01:57:10,0
2026-01-29 01:57:11,0
2026-01-29 01:57:12,0
2026-01-29 01:57:13,0
2026-01-29 01:57:14,0
2026-01-29 01:57:15,0
2026-01-29 01:57:16,0
2026-01-29 01:57:17,0
2026-01-29 01:57:18,0
2026-01-29 01:57:19,0
2026-01-29 01:57:20,0
2026-01-29 01:57:21,0
2026-01-29 01:57:22,0
2026-01-29 01:57:23,0
2026-01-29 01:57:24,0
2026-01-29 01:57:25,0
2026-01-29 01:57:26,0
2026-01-29 01:57:27,0
2026-01-29 01:57:28,0
2026-01-29 01:57:29,0
2026-01-29 01:57:30,0
2026-01-29 01:57:31,0
2026-01-29 01:57:32,0
2026-01-29 01:57:33,0
2026-01-29 01:57:34,0
2026-01-29 01:57:35,0
2026-01-29 01:57:36,0
2026-01-29 01:57:37,0
2026-01-29 01:57:38,0
2026-01-29 01:57:39,0
2026-01-29 01:57:40,0
2026-01-29 01:57:41,0
2026-01-29 01:57:42,0
2026-01-29 01:57:43,0
2026-01-29 01:57:44,0
2026-01-29 01:57:45,0
2026-01-29 01:57:46,0
2026-01-29 01:57:47,0
2026-01-29 01:57:48,0
2026-01-29 01:57:49,0
2026-01-29 01:57:50,0
2026-01-29 01:57:51,0
2026-01-29 01:57:52,0
2026-01-29 01:57:53,0
2026-01-29 01:57:54,0
2026-01-29 01:57:55,0
2026-01-29 01:57:56,0
2026-01-29 01:57:57,0
2026-01-29 01:57:58,0
2026-01-29 01:57:59,0
2026-01-29 01:58:00,0
2026-01-29 01:58:01,0
2026-01-29 01:58:02,0
2026-01-29 01:58:03,0
2026-01-29 01:58:04,0
2026-01-29 01:58:05,0
2026-01-29 01:58:06,0
2026-01-29 01:58:07,0
2026-01-29 01:58:08,0
2026-01-29 02:03:19,9.33
2026-01-29 02:03:20,9.33
2026-01-29 02:03:21,9.33
2026-01-29 02:03:22,9.33
2026-01-29 02:03:23,9.33
2026-01-29 02:03:24,8.49
2026-01-29 02:03:25,8.49
2026-01-29 02:03:26,8.49
2026-01-29 02:03:27,8.49
2026-01-29 02:03:28,8.49
2026-01-29 02:03:29,8.03
2026-01-29 02:03:30,8.03
2026-01-29 02:03:31,8.03
2026-01-29 02:03:32,8.03
2026-01-29 02:03:33,8.03
2026-01-29 02:03:34,8.51
2026-01-29 02:03:35,8.51
2026-01-29 02:03:36,8.51
2026-01-29 02:03:37,8.51
2026-01-29 02:03:38,8.51
2026-01-29 02:03:39,8.44
2026-01-29 02:03:40,8.44
2026-01-29 02:03:41,8.44
2026-01-29 02:03:42,8.44
2026-01-29 02:03:43,8.44
2026-01-29 02:03:44,8.46
2026-01-29 02:03:45,8.46
2026-01-29 02:03:46,8.46
2026-01-29 02:03:47,8.46
2026-01-29 02:03:48,8.46
2026-01-29 02:03:49,8.10
2026-01-29 02:03:50,8.10
2026-01-29 02:03:51,8.10
2026-01-29 02:03:52,8.10
2026-01-29 02:03:53,8.10
2026-01-29 02:03:54,8.47
2026-01-29 02:03:55,8.47
2026-01-29 02:03:56,8.47
2026-01-29 02:03:57,8.47
2026-01-29 02:03:58,8.47
2026-01-29 02:03:59,8.21
2026-01-29 02:04:00,8.21
2026-01-29 02:04:01,8.21
2026-01-29 02:04:02,8.21
2026-01-29 02:04:03,8.21
2026-01-29 02:04:04,10.1
2026-01-29 02:04:05,10.1
2026-01-29 02:04:06,10.1
2026-01-29 02:04:07,10.1
2026-01-29 02:04:08,10.1
2026-01-29 02:04:09,7.11
2026-01-29 02:04:10,7.11
2026-01-29 02:04:11,7.11
2026-01-29 02:04:12,7.11
2026-01-29 02:04:13,7.11
2026-01-29 02:04:14,7.35
2026-01-29 02:04:15,7.35
2026-01-29 02:04:16,7.35
2026-01-29 02:04:17,7.35
2026-01-29 02:04:18,7.35
2026-01-29 02:04:19,7.64
2026-01-29 02:04:20,7.64
2026-01-29 02:04:21,7.64
2026-01-29 02:04:22,7.64
2026-01-29 02:04:23,7.64
2026-01-29 02:04:24,7.38
2026-01-29 02:04:25,7.38
2026-01-29 02:04:26,7.38
2026-01-29 02:04:27,7.38
2026-01-29 02:04:28,7.38
2026-01-29 02:04:29,7.34
2026-01-29 02:04:30,7.34
2026-01-29 02:04:31,7.34
2026-01-29 02:04:32,7.34
2026-01-29 02:04:33,7.34
2026-01-29 02:04:34,7.35
2026-01-29 02:04:35,7.35
2026-01-29 02:04:36,7.35
2026-01-29 02:04:37,7.35
2026-01-29 02:04:38,7.35
2026-01-29 02:04:39,7.19
2026-01-29 02:04:40,7.19
2026-01-29 02:04:41,7.19
2026-01-29 02:04:42,7.19
2026-01-29 02:04:43,7.19
2026-01-29 02:04:44,7.29
2026-01-29 02:04:45,7.29
2026-01-29 02:04:46,7.29
2026-01-29 02:04:47,7.29
2026-01-29 02:04:48,7.29
2026-01-29 02:04:49,7.25
2026-01-29 02:04:50,7.25
2026-01-29 02:04:51,7.25
2026-01-29 02:04:52,7.25
2026-01-29 02:04:53,7.25
2026-01-29 02:04:54,7.42
2026-01-29 02:04:55,7.42
2026-01-29 02:04:56,7.42
2026-01-29 02:04:57,7.42
2026-01-29 02:04:58,7.42
2026-01-29 02:04:59,7.16
2026-01-29 02:05:00,7.16
2026-01-29 02:05:01,7.16
2026-01-29 02:05:02,7.16
2026-01-29 02:05:03,7.16
2026-01-29 02:05:04,7.36
2026-01-29 02:05:05,7.36
2026-01-29 02:05:06,7.36
2026-01-29 02:05:07,7.36
2026-01-29 02:05:08,7.36
2026-01-29 02:05:09,7.29
2026-01-29 02:05:10,7.29
2026-01-29 02:05:11,7.29
2026-01-29 02:05:12,7.29
2026-01-29 02:05:13,7.29
2026-01-29 02:05:14,7.28
2026-01-29 02:05:15,7.28
2026-01-29 02:05:16,7.28
2026-01-29 02:05:17,7.28
2026-01-29 02:05:18,7.28
2026-01-29 02:05:19,7.47
2026-01-29 02:05:20,7.47
2026-01-29 02:05:21,7.47
2026-01-29 02:05:22,7.47
2026-01-29 02:05:23,7.47
2026-01-29 02:05:24,7.33
2026-01-29 02:05:25,7.33
2026-01-29 02:05:26,7.33
2026-01-29 02:05:27,7.33
2026-01-29 02:05:28,7.33
2026-01-29 02:05:29,8.33
2026-01-29 02:05:30,8.33
2026-01-29 02:05:31,8.33
2026-01-29 02:05:32,8.33
2026-01-29 02:05:33,8.33
2026-01-29 02:05:34,6.47
2026-01-29 02:05:35,6.47
2026-01-29 02:05:36,6.47
2026-01-29 02:05:37,6.47
2026-01-29 02:05:38,6.47
2026-01-29 02:05:39,0
2026-01-29 02:05:40,0
2026-01-29 02:05:41,0
2026-01-29 02:05:42,0
2026-01-29 02:05:43,0
2026-01-29 02:05:44,0
2026-01-29 02:05:45,0
2026-01-29 02:05:46,0
2026-01-29 02:05:47,0
2026-01-29 02:05:48,0
2026-01-29 02:05:49,0
2026-01-29 02:05:50,0
2026-01-29 02:05:51,0
2026-01-29 02:05:52,0
2026-01-29 02:05:53,0
2026-01-29 02:05:54,0
2026-01-29 02:05:55,0
2026-01-29 02:05:56,0
2026-01-29 02:05:57,0
2026-01-29 02:05:58,0
2026-01-29 02:05:59,0
2026-01-29 02:06:00,0
2026-01-29 02:06:01,0
2026-01-29 02:06:02,0
2026-01-29 02:06:03,0
2026-01-29 02:06:04,0
2026-01-29 02:06:05,0
2026-01-29 02:06:06,0
2026-01-29 02:06:07,0
2026-01-29 02:06:08,0
2026-01-29 02:06:09,0
2026-01-29 02:06:10,0
2026-01-29 02:06:11,0
2026-01-29 02:06:12,0
2026-01-29 02:06:13,0
2026-01-29 02:06:14,0
2026-01-29 02:06:15,0
2026-01-29 02:06:16,0
2026-01-29 02:06:17,0
2026-01-29 02:06:18,0
2026-01-29 02:06:19,0
2026-01-29 02:06:20,0
2026-01-29 02:06:21,0
2026-01-29 02:06:22,0
2026-01-29 02:06:23,0
2026-01-29 02:06:24,0
2026-01-29 02:06:25,0
2026-01-29 02:06:26,0
2026-01-29 02:06:27,0
2026-01-29 02:06:28,0
2026-01-29 02:06:29,0
2026-01-29 02:06:30,0
2026-01-29 02:06:31,0
2026-01-29 02:06:32,0
2026-01-29 02:06:33,0
2026-01-29 02:06:34,0
2026-01-29 02:06:35,0
2026-01-29 02:06:36,0
2026-01-29 02:06:37,0
2026-01-29 02:06:38,0
2026-01-29 02:06:39,0
2026-01-29 02:06:40,0
2026-01-29 02:06:41,0
2026-01-29 02:06:42,0
2026-01-29 02:06:43,0
2026-01-29 02:06:44,0
2026-01-29 02:06:45,0
2026-01-29 02:06:46,0
2026-01-29 02:06:47,0
2026-01-29 02:06:48,0
2026-01-29 02:06:49,0
2026-01-29 02:06:50,0
2026-01-29 02:06:51,0
2026-01-29 02:06:52,0
2026-01-29 02:06:53,0
2026-01-29 02:06:54,0
2026-01-29 02:06:55,0
2026-01-29 02:06:56,0
2026-01-29 02:06:57,0
2026-01-29 02:06:58,0
2026-01-29 02:06:59,0
2026-01-29 02:07:00,0
2026-01-29 02:07:01,0
2026-01-29 02:07:02,0
2026-01-29 02:07:03,0
2026-01-29 02:07:04,0
2026-01-29 02:07:05,0
2026-01-29 02:07:06,0
2026-01-29 02:07:07,0
2026-01-29 02:07:08,0
2026-01-29 02:07:09,0
2026-01-29 02:07:10,0
2026-01-29 02:07:11,0
2026-01-29 02:07:12,0
2026-01-29 02:07:13,0
2026-01-29 02:12:09,7.62
2026-01-29 02:12:10,7.62
2026-01-29 02:12:11,7.62
2026-01-29 02:12:12,7.62
2026-01-29 02:12:13,7.62
2026-01-29 02:12:14,8.65
2026-01-29 02:12:15,8.65
2026-01-29 02:12:16,8.65
2026-01-29 02:12:17,8.65
2026-01-29 02:12:18,8.65
2026-01-29 02:12:19,8.96
2026-01-29 02:12:20,8.96
2026-01-29 02:12:21,8.96
2026-01-29 02:12:22,8.96
2026-01-29 02:12:23,8.96
2026-01-29 02:12:24,8.74
2026-01-29 02:12:25,8.74
2026-01-29 02:12:26,8.74
2026-01-29 02:12:27,8.74
2026-01-29 02:12:28,8.74
2026-01-29 02:12:29,8.08
2026-01-29 02:12:30,8.08
2026-01-29 02:12:31,8.08
2026-01-29 02:12:32,8.08
2026-01-29 02:12:33,8.08
2026-01-29 02:12:34,8.70
2026-01-29 02:12:35,8.70
2026-01-29 02:12:36,8.70
2026-01-29 02:12:37,8.70
2026-01-29 02:12:38,8.70
2026-01-29 02:12:39,11.1
2026-01-29 02:12:40,11.1
2026-01-29 02:12:41,11.1
2026-01-29 02:12:42,11.1
2026-01-29 02:12:43,11.1
2026-01-29 02:12:44,11.6
2026-01-29 02:12:45,11.6
2026-01-29 02:12:46,11.6
2026-01-29 02:12:47,11.6
2026-01-29 02:12:48,11.6
2026-01-29 02:12:49,9.27
2026-01-29 02:12:50,9.27
2026-01-29 02:12:51,9.27
2026-01-29 02:12:52,9.27
2026-01-29 02:12:53,9.27
2026-01-29 02:12:54,9.99
2026-01-29 02:12:55,9.99
2026-01-29 02:12:56,9.99