"Time","gnb-layer-map"
2026-01-28 23:12:56,8.64
2026-01-28 23:12:57,8.64
2026-01-28 23:12:58,8.64
2026-01-28 23:12:59,8.45
2026-01-28 23:13:00,8.45
2026-01-28 23:13:01,8.45
2026-01-28 23:13:02,8.45
2026-01-28 23:13:03,8.45
2026-01-28 23:13:04,8.48
2026-01-28 23:13:05,8.48
2026-01-28 23:13:06,8.48
2026-01-28 23:13:07,8.48
2026-01-28 23:13:08,8.48
2026-01-28 23:13:09,0
2026-01-28 23:13:10,0
2026-01-28 23:13:11,0
2026-01-28 23:13:12,0
2026-01-28 23:13:13,0
2026-01-28 23:13:14,0
2026-01-28 23:13:15,0
2026-01-28 23:13:16,0
2026-01-28 23:13:17,0
2026-01-28 23:13:18,0
2026-01-28 23:13:19,0
2026-01-28 23:13:20,0
2026-01-28 23:13:21,0
2026-01-28 23:13:22,0
2026-01-28 23:13:23,0
2026-01-28 23:13:24,0
2026-01-28 23:13:25,0
2026-01-28 23:13:26,0
2026-01-28 23:13:27,0
2026-01-28 23:13:28,0
2026-01-28 23:13:29,0
2026-01-28 23:13:30,0
2026-01-28 23:13:31,0
2026-01-28 23:13:32,0
2026-01-28 23:13:33,0
2026-01-28 23:13:34,0
2026-01-28 23:13:35,0
2026-01-28 23:13:36,0
2026-01-28 23:13:37,0
2026-01-28 23:13:38,0
2026-01-28 23:13:39,0
2026-01-28 23:13:40,0
2026-01-28 23:13:41,0
2026-01-28 23:13:42,0
2026-01-28 23:13:43,0
2026-01-28 23:13:44,0
2026-01-28 23:13:45,0
2026-01-28 23:13:46,0
2026-01-28 23:13:47,0
2026-01-28 23:13:48,0
2026-01-28 23:13:49,0
2026-01-28 23:13:50,0
2026-01-28 23:13:51,0
2026-01-28 23:13:52,0
2026-01-28 23:13:53,0
2026-01-28 23:13:54,0
2026-01-28 23:13:55,0
2026-01-28 23:13:56,0
2026-01-28 23:13:57,0
2026-01-28 23:13:58,0
2026-01-28 23:13:59,0
2026-01-28 23:14:00,0
2026-01-28 23:14:01,0
2026-01-28 23:14:02,0
2026-01-28 23:14:03,0
2026-01-28 23:14:04,0
2026-01-28 23:14:05,0
2026-01-28 23:14:06,0
2026-01-28 23:14:07,0
2026-01-28 23:14:08,0
2026-01-28 23:14:09,0
2026-01-28 23:14:10,0
2026-01-28 23:14:11,0
2026-01-28 23:14:12,0
2026-01-28 23:14:13,0
2026-01-28 23:14:14,0
2026-01-28 23:14:15,0
2026-01-28 23:14:16,0
2026-01-28 23:14:17,0
2026-01-28 23:14:18,0
2026-01-28 23:14:19,0
2026-01-28 23:14:20,0
2026-01-28 23:14:21,0
2026-01-28 23:14:22,0
2026-01-28 23:14:23,0
2026-01-28 23:14:24,0
2026-01-28 23:14:25,0
2026-01-28 23:14:26,0
2026-01-28 23:14:27,0
2026-01-28 23:14:28,0
2026-01-28 23:14:29,0
2026-01-28 23:14:30,0
2026-01-28 23:14:31,0
2026-01-28 23:14:32,0
2026-01-28 23:14:33,0
2026-01-28 23:14:34,0
2026-01-28 23:14:35,0
2026-01-28 23:14:36,0
2026-01-28 23:14:37,0
2026-01-28 23:14:38,0
2026-01-28 23:14:39,0
2026-01-28 23:14:40,0
2026-01-28 23:14:41,0
2026-01-28 23:14:42,0
2026-01-28 23:14:43,0
2026-01-28 23:15:04,1.50
2026-01-28 23:15:05,1.50
2026-01-28 23:15:06,1.50
2026-01-28 23:15:07,1.50
2026-01-28 23:15:08,1.50
2026-01-28 23:15:09,7.04
2026-01-28 23:15:10,7.04
2026-01-28 23:15:11,7.04
2026-01-28 23:15:12,7.04
2026-01-28 23:15:13,7.04
2026-01-28 23:15:14,7.13
2026-01-28 23:15:15,7.13
2026-01-28 23:15:16,7.13
2026-01-28 23:15:17,7.13
2026-01-28 23:15:18,7.13
2026-01-28 23:15:19,6.92
2026-01-28 23:15:20,6.92
2026-01-28 23:15:21,6.92
2026-01-28 23:15:22,6.92
2026-01-28 23:15:23,6.92
2026-01-28 23:15:24,7.14
2026-01-28 23:15:25,7.14
2026-01-28 23:15:26,7.14
2026-01-28 23:15:27,7.14
2026-01-28 23:15:28,7.14
2026-01-28 23:15:29,7.67
2026-01-28 23:15:30,7.67
2026-01-28 23:15:31,7.67
2026-01-28 23:15:32,7.67
2026-01-28 23:15:33,7.67
2026-01-28 23:15:34,7.18
2026-01-28 23:15:35,7.18
2026-01-28 23:15:36,7.18
2026-01-28 23:15:37,7.18
2026-01-28 23:15:38,7.18
2026-01-28 23:15:39,6.43
2026-01-28 23:15:40,6.43
2026-01-28 23:15:41,6.43
2026-01-28 23:15:42,6.43
2026-01-28 23:15:43,6.43
2026-01-28 23:15:44,8.09
2026-01-28 23:15:45,8.09
2026-01-28 23:15:46,8.09
2026-01-28 23:15:47,8.09
2026-01-28 23:15:48,8.09
2026-01-28 23:15:49,7.88
2026-01-28 23:15:50,7.88
2026-01-28 23:15:51,7.88
2026-01-28 23:15:52,7.88
2026-01-28 23:15:53,7.88
2026-01-28 23:15:54,7.91
2026-01-28 23:15:55,7.91
2026-01-28 23:15:56,7.91
2026-01-28 23:15:57,7.91
2026-01-28 23:15:58,7.91
2026-01-28 23:15:59,7.80
2026-01-28 23:16:00,7.80
2026-01-28 23:16:01,7.80
2026-01-28 23:16:02,7.80
2026-01-28 23:16:03,7.80
2026-01-28 23:16:04,7.87
2026-01-28 23:16:05,7.87
2026-01-28 23:16:06,7.87
2026-01-28 23:16:07,7.87
2026-01-28 23:16:08,7.87
2026-01-28 23:16:09,7.97
2026-01-28 23:16:10,7.97
2026-01-28 23:16:11,7.97
2026-01-28 23:16:12,7.97
2026-01-28 23:16:13,7.97
2026-01-28 23:16:14,7.77
2026-01-28 23:16:15,7.77
2026-01-28 23:16:16,7.77
2026-01-28 23:16:17,7.77
2026-01-28 23:16:18,7.77
2026-01-28 23:16:19,7.67
2026-01-28 23:16:20,7.67
2026-01-28 23:16:21,7.67
2026-01-28 23:16:22,7.67
2026-01-28 23:16:23,7.67
2026-01-28 23:16:24,7.86
2026-01-28 23:16:25,7.86
2026-01-28 23:16:26,7.86
2026-01-28 23:16:27,7.86
2026-01-28 23:16:28,7.86
2026-01-28 23:16:29,7.91
2026-01-28 23:16:30,7.91
2026-01-28 23:16:31,7.91
2026-01-28 23:16:32,7.91
2026-01-28 23:16:33,7.91
2026-01-28 23:16:34,8.04
2026-01-28 23:16:35,8.04
2026-01-28 23:16:36,8.04
2026-01-28 23:16:37,8.04
2026-01-28 23:16:38,8.04
2026-01-28 23:16:39,7.71
2026-01-28 23:16:40,7.71
2026-01-28 23:16:41,7.71
2026-01-28 23:16:42,7.71
2026-01-28 23:16:43,7.71
2026-01-28 23:16:44,8.05
2026-01-28 23:16:45,8.05
2026-01-28 23:16:46,8.05
2026-01-28 23:16:47,8.05
2026-01-28 23:16:48,8.05
2026-01-28 23:16:49,8.79
2026-01-28 23:16:50,8.79
2026-01-28 23:16:51,8.79
2026-01-28 23:16:52,8.79
2026-01-28 23:16:53,8.79
2026-01-28 23:16:54,8.95
2026-01-28 23:16:55,8.95
2026-01-28 23:16:56,8.95
2026-01-28 23:16:57,8.95
2026-01-28 23:16:58,8.95
2026-01-28 23:16:59,8.54
2026-01-28 23:17:00,8.54
2026-01-28 23:17:01,8.54
2026-01-28 23:17:02,8.54
2026-01-28 23:17:03,8.54
2026-01-28 23:17:04,9.03
2026-01-28 23:17:05,9.03
2026-01-28 23:17:06,9.03
2026-01-28 23:17:07,9.03
2026-01-28 23:17:08,9.03
2026-01-28 23:17:09,7.75
2026-01-28 23:17:10,7.75
2026-01-28 23:17:11,7.75
2026-01-28 23:17:12,7.75
2026-01-28 23:17:13,7.75
2026-01-28 23:17:14,7.73
2026-01-28 23:17:15,7.73
2026-01-28 23:17:16,7.73
2026-01-28 23:17:17,7.73
2026-01-28 23:17:18,7.73
2026-01-28 23:17:19,7.69
2026-01-28 23:17:20,7.69
2026-01-28 23:17:21,7.69
2026-01-28 23:17:22,7.69
2026-01-28 23:17:23,7.69
2026-01-28 23:17:24,7.76
2026-01-28 23:17:25,7.76
2026-01-28 23:17:26,7.76
2026-01-28 23:17:27,7.76
2026-01-28 23:17:28,7.76
2026-01-28 23:17:29,7.73
2026-01-28 23:17:30,7.73
2026-01-28 23:17:31,7.73
2026-01-28 23:17:32,7.73
2026-01-28 23:17:33,7.73
2026-01-28 23:17:34,7.98
2026-01-28 23:17:35,7.98
2026-01-28 23:17:36,7.98
2026-01-28 23:17:37,7.98
2026-01-28 23:17:38,7.98
2026-01-28 23:17:39,7.63
2026-01-28 23:17:40,7.63
2026-01-28 23:17:41,7.63
2026-01-28 23:17:42,7.63
2026-01-28 23:17:43,7.63
2026-01-28 23:17:44,7.64
2026-01-28 23:17:45,7.64
2026-01-28 23:17:46,7.64
2026-01-28 23:17:47,7.64
2026-01-28 23:17:48,7.64
2026-01-28 23:17:49,7.68
2026-01-28 23:17:50,7.68
2026-01-28 23:17:51,7.68
2026-01-28 23:17:52,7.68
2026-01-28 23:17:53,7.68
2026-01-28 23:17:54,7.76
2026-01-28 23:17:55,7.76
2026-01-28 23:17:56,7.76
2026-01-28 23:17:57,7.76
2026-01-28 23:17:58,7.76
2026-01-28 23:17:59,7.80
2026-01-28 23:18:00,7.80
2026-01-28 23:18:01,7.80
2026-01-28 23:18:02,7.80
2026-01-28 23:18:03,7.80
2026-01-28 23:18:04,7.67
2026-01-28 23:18:05,7.67
2026-01-28 23:18:06,7.67
2026-01-28 23:18:07,7.67
2026-01-28 23:18:08,7.67
2026-01-28 23:18:09,7.71
2026-01-28 23:18:10,7.71
2026-01-28 23:18:11,7.71
2026-01-28 23:18:12,7.71
2026-01-28 23:18:13,7.71
2026-01-28 23:18:14,7.64
2026-01-28 23:18:15,7.64
2026-01-28 23:18:16,7.64
2026-01-28 23:18:17,7.64
2026-01-28 23:18:18,7.64
2026-01-28 23:18:19,7.61
2026-01-28 23:18:20,7.61
2026-01-28 23:18:21,7.61
2026-01-28 23:18:22,7.61
2026-01-28 23:18:23,7.61
2026-01-28 23:18:24,7.69
2026-01-28 23:18:25,7.69
2026-01-28 23:18:26,7.69
2026-01-28 23:18:27,7.69
2026-01-28 23:18:28,7.69
2026-01-28 23:18:29,7.69
2026-01-28 23:18:30,7.69
2026-01-28 23:18:31,7.69
2026-01-28 23:18:32,7.69
2026-01-28 23:18:33,7.69
2026-01-28 23:18:34,7.58
2026-01-28 23:18:35,7.58
2026-01-28 23:18:36,7.58
2026-01-28 23:18:37,7.58
2026-01-28 23:18:38,7.58
2026-01-28 23:18:39,9.37
2026-01-28 23:18:40,9.37
2026-01-28 23:18:41,9.37
2026-01-28 23:18:42,9.37
2026-01-28 23:18:43,9.37
2026-01-28 23:18:44,8.65
2026-01-28 23:18:45,8.65
2026-01-28 23:18:46,8.65
2026-01-28 23:18:47,8.65
2026-01-28 23:18:48,8.65
2026-01-28 23:18:49,8.78
2026-01-28 23:18:50,8.78
2026-01-28 23:18:51,8.78
2026-01-28 23:18:52,8.78
2026-01-28 23:18:53,8.78
2026-01-28 23:18:54,8.82
2026-01-28 23:18:55,8.82
2026-01-28 23:18:56,8.82
2026-01-28 23:18:57,8.82
2026-01-28 23:18:58,8.82
2026-01-28 23:18:59,9.66
2026-01-28 23:19:00,9.66
2026-01-28 23:19:01,9.66
2026-01-28 23:19:02,9.66
2026-01-28 23:19:03,9.66
2026-01-28 23:19:04,7.97
2026-01-28 23:19:05,7.97
2026-01-28 23:19:06,7.97
2026-01-28 23:19:07,7.97
2026-01-28 23:19:08,7.97
2026-01-28 23:19:09,7.87
2026-01-28 23:19:10,7.87
2026-01-28 23:19:11,7.87
2026-01-28 23:19:12,7.87
2026-01-28 23:19:13,7.87
2026-01-28 23:19:14,7.89
2026-01-28 23:19:15,7.89
2026-01-28 23:19:16,7.89
2026-01-28 23:19:17,7.89
2026-01-28 23:19:18,7.89
2026-01-28 23:19:19,8.10
2026-01-28 23:19:20,8.10
2026-01-28 23:19:21,8.10
2026-01-28 23:19:22,8.10
2026-01-28 23:19:23,8.10
2026-01-28 23:19:24,7.89
2026-01-28 23:19:25,7.89
2026-01-28 23:19:26,7.89
2026-01-28 23:19:27,7.89
2026-01-28 23:19:28,7.89
2026-01-28 23:19:29,7.82
2026-01-28 23:19:30,7.82
2026-01-28 23:19:31,7.82
2026-01-28 23:19:32,7.82
2026-01-28 23:19:33,7.82
2026-01-28 23:19:34,7.95
2026-01-28 23:19:35,7.95
2026-01-28 23:19:36,7.95
2026-01-28 23:19:37,7.95
2026-01-28 23:19:38,7.95
2026-01-28 23:19:39,8.11
2026-01-28 23:19:40,8.11
2026-01-28 23:19:41,8.11
2026-01-28 23:19:42,8.11
2026-01-28 23:19:43,8.11
2026-01-28 23:19:44,7.80
2026-01-28 23:19:45,7.80
2026-01-28 23:19:46,7.80
2026-01-28 23:19:47,7.80
2026-01-28 23:19:48,7.80
2026-01-28 23:19:49,7.62
2026-01-28 23:19:50,7.62
2026-01-28 23:19:51,7.62
2026-01-28 23:19:52,7.62
2026-01-28 23:19:53,7.62
2026-01-28 23:19:54,0
2026-01-28 23:19:55,0
2026-01-28 23:19:56,0
2026-01-28 23:19:57,0
2026-01-28 23:19:58,0
2026-01-28 23:19:59,0
2026-01-28 23:20:00,0
2026-01-28 23:20:01,0
2026-01-28 23:20:02,0
2026-01-28 23:20:03,0
2026-01-28 23:20:04,0
2026-01-28 23:20:05,0
2026-01-28 23:20:06,0
2026-01-28 23:20:07,0
2026-01-28 23:20:08,0
2026-01-28 23:20:09,0
2026-01-28 23:20:10,0
2026-01-28 23:20:11,0
2026-01-28 23:20:12,0
2026-01-28 23:20:13,0
2026-01-28 23:20:14,0
2026-01-28 23:20:15,0
2026-01-28 23:20:16,0
2026-01-28 23:20:17,0
2026-01-28 23:20:18,0
2026-01-28 23:20:19,0
2026-01-28 23:20:20,0
2026-01-28 23:20:21,0
2026-01-28 23:20:22,0
2026-01-28 23:20:23,0
2026-01-28 23:20:24,0
2026-01-28 23:20:25,0
2026-01-28 23:20:26,0
2026-01-28 23:20:27,0
2026-01-28 23:20:28,0
2026-01-28 23:20:29,0
2026-01-28 23:20:30,0
2026-01-28 23:20:31,0
2026-01-28 23:20:32,0
2026-01-28 23:20:33,0
2026-01-28 23:20:34,0
2026-01-28 23:20:35,0
2026-01-28 23:20:36,0
2026-01-28 23:20:37,0
2026-01-28 23:20:38,0
2026-01-28 23:20:39,0
2026-01-28 23:20:40,0
2026-01-28 23:20:41,0
2026-01-28 23:20:42,0
2026-01-28 23:20:43,0
2026-01-28 23:20:44,0
2026-01-28 23:20:45,0
2026-01-28 23:20:46,0
2026-01-28 23:20:47,0
2026-01-28 23:20:48,0
2026-01-28 23:20:49,0
2026-01-28 23:20:50,0
2026-01-28 23:20:51,0
2026-01-28 23:20:52,0
2026-01-28 23:20:53,0
2026-01-28 23:20:54,0
2026-01-28 23:20:55,0
2026-01-28 23:20:56,0
2026-01-28 23:20:57,0
2026-01-28 23:20:58,0
2026-01-28 23:20:59,0
2026-01-28 23:21:00,0
2026-01-28 23:21:01,0
2026-01-28 23:21:02,0
2026-01-28 23:21:03,0
2026-01-28 23:21:04,0
2026-01-28 23:21:05,0
2026-01-28 23:21:06,0
2026-01-28 23:21:07,0
2026-01-28 23:21:08,0
2026-01-28 23:21:09,0
2026-01-28 23:21:10,0
2026-01-28 23:21:11,0
2026-01-28 23:21:12,0
2026-01-28 23:21:13,0
2026-01-28 23:21:14,0
2026-01-28 23:21:15,0
2026-01-28 23:21:16,0
2026-01-28 23:21:17,0
2026-01-28 23:21:18,0
2026-01-28 23:21:19,0
2026-01-28 23:21:20,0
2026-01-28 23:21:21,0
2026-01-28 23:21:22,0
2026-01-28 23:21:23,0
2026-01-28 23:21:24,0
2026-01-28 23:21:25,0
2026-01-28 23:21:26,0
2026-01-28 23:21:27,0
2026-01-28 23:21:28,0
2026-01-28 23:22:14,5.51
2026-01-28 23:22:15,5.51
2026-01-28 23:22:16,5.51
2026-01-28 23:22:17,5.51
2026-01-28 23:22:18,5.51
2026-01-28 23:22:19,8.28
2026-01-28 23:22:20,8.28
2026-01-28 23:22:21,8.28
2026-01-28 23:22:22,8.28
2026-01-28 23:22:23,8.28
2026-01-28 23:22:24,9.25
2026-01-28 23:22:25,9.25
2026-01-28 23:22:26,9.25
2026-01-28 23:22:27,9.25
2026-01-28 23:22:28,9.25
2026-01-28 23:22:29,8.53
2026-01-28 23:22:30,8.53
2026-01-28 23:22:31,8.53
2026-01-28 23:22:32,8.53
2026-01-28 23:22:33,8.53
2026-01-28 23:22:34,8.68
2026-01-28 23:22:35,8.68
2026-01-28 23:22:36,8.68
2026-01-28 23:22:37,8.68
2026-01-28 23:22:38,8.68
2026-01-28 23:22:39,9.24
2026-01-28 23:22:40,9.24
2026-01-28 23:22:41,9.24
2026-01-28 23:22:42,9.24
2026-01-28 23:22:43,9.24
2026-01-28 23:22:44,10.2
2026-01-28 23:22:45,10.2
2026-01-28 23:22:46,10.2
2026-01-28 23:22:47,10.2
2026-01-28 23:22:48,10.2
2026-01-28 23:22:49,7.71
2026-01-28 23:22:50,7.71
2026-01-28 23:22:51,7.71
2026-01-28 23:22:52,7.71
2026-01-28 23:22:53,7.71
2026-01-28 23:22:54,7.85
2026-01-28 23:22:55,7.85
2026-01-28 23:22:56,7.85
2026-01-28 23:22:57,7.85
2026-01-28 23:22:58,7.85
2026-01-28 23:22:59,7.80
2026-01-28 23:23:00,7.80
2026-01-28 23:23:01,7.80
2026-01-28 23:23:02,7.80
2026-01-28 23:23:03,7.80
2026-01-28 23:23:04,7.85
2026-01-28 23:23:05,7.85
2026-01-28 23:23:06,7.85
2026-01-28 23:23:07,7.85
2026-01-28 23:23:08,7.85
2026-01-28 23:23:09,7.75
2026-01-28 23:23:10,7.75
2026-01-28 23:23:11,7.75
2026-01-28 23:23:12,7.75
2026-01-28 23:23:13,7.75
2026-01-28 23:23:14,7.79
2026-01-28 23:23:15,7.79
2026-01-28 23:23:16,7.79
2026-01-28 23:23:17,7.79
2026-01-28 23:23:18,7.79
2026-01-28 23:23:19,7.84
2026-01-28 23:23:20,7.84
2026-01-28 23:23:21,7.84
2026-01-28 23:23:22,7.84
2026-01-28 23:23:23,7.84
2026-01-28 23:23:24,7.87
2026-01-28 23:23:25,7.87
2026-01-28 23:23:26,7.87
2026-01-28 23:23:27,7.87
2026-01-28 23:23:28,7.87
2026-01-28 23:23:29,7.76
2026-01-28 23:23:30,7.76
2026-01-28 23:23:31,7.76
2026-01-28 23:23:32,7.76
2026-01-28 23:23:33,7.76
2026-01-28 23:23:34,7.88
2026-01-28 23:23:35,7.88
2026-01-28 23:23:36,7.88
2026-01-28 23:23:37,7.88
2026-01-28 23:23:38,7.88
2026-01-28 23:23:39,8.21
2026-01-28 23:23:40,8.21
2026-01-28 23:23:41,8.21
2026-01-28 23:23:42,8.21
2026-01-28 23:23:43,8.21
2026-01-28 23:23:44,7.71
2026-01-28 23:23:45,7.71
2026-01-28 23:23:46,7.71
2026-01-28 23:23:47,7.71
2026-01-28 23:23:48,7.71
2026-01-28 23:23:49,7.70
2026-01-28 23:23:50,7.70
2026-01-28 23:23:51,7.70
2026-01-28 23:23:52,7.70
2026-01-28 23:23:53,7.70
2026-01-28 23:23:54,7.82
2026-01-28 23:23:55,7.82
2026-01-28 23:23:56,7.82
2026-01-28 23:23:57,7.82
2026-01-28 23:23:58,7.82
2026-01-28 23:23:59,7.84
2026-01-28 23:24:00,7.84
2026-01-28 23:24:01,7.84
2026-01-28 23:24:02,7.84
2026-01-28 23:24:03,7.84
2026-01-28 23:24:04,8.11
2026-01-28 23:24:05,8.11
2026-01-28 23:24:06,8.11
2026-01-28 23:24:07,8.11
2026-01-28 23:24:08,8.11
2026-01-28 23:24:09,7.75
2026-01-28 23:24:10,7.75
2026-01-28 23:24:11,7.75
2026-01-28 23:24:12,7.75
2026-01-28 23:24:13,7.75
2026-01-28 23:24:14,9.18
2026-01-28 23:24:15,9.18
2026-01-28 23:24:16,9.18
2026-01-28 23:24:17,9.18
2026-01-28 23:24:18,9.18
2026-01-28 23:24:19,7.13
2026-01-28 23:24:20,7.13
2026-01-28 23:24:21,7.13
2026-01-28 23:24:22,7.13
2026-01-28 23:24:23,7.13
2026-01-28 23:24:24,6.95
2026-01-28 23:24:25,6.95
2026-01-28 23:24:26,6.95
2026-01-28 23:24:27,6.95
2026-01-28 23:24:28,6.95
2026-01-28 23:24:29,6.13
2026-01-28 23:24:30,6.13
2026-01-28 23:24:31,6.13
2026-01-28 23:24:32,6.13
2026-01-28 23:24:33,6.13
2026-01-28 23:24:34,6.08
2026-01-28 23:24:35,6.08
2026-01-28 23:24:36,6.08
2026-01-28 23:24:37,6.08
2026-01-28 23:24:38,6.08
2026-01-28 23:24:39,6.35
2026-01-28 23:24:40,6.35
2026-01-28 23:24:41,6.35
2026-01-28 23:24:42,6.35
2026-01-28 23:24:43,6.35
2026-01-28 23:24:44,6.08
2026-01-28 23:24:45,6.08
2026-01-28 23:24:46,6.08
2026-01-28 23:24:47,6.08
2026-01-28 23:24:48,6.08
2026-01-28 23:24:49,5.94
2026-01-28 23:24:50,5.94
2026-01-28 23:24:51,5.94
2026-01-28 23:24:52,5.94
2026-01-28 23:24:53,5.94
2026-01-28 23:24:54,6.09
2026-01-28 23:24:55,6.09
2026-01-28 23:24:56,6.09
2026-01-28 23:24:57,6.09
2026-01-28 23:24:58,6.09
2026-01-28 23:24:59,6.02
2026-01-28 23:25:00,6.02
2026-01-28 23:25:01,6.02
2026-01-28 23:25:02,6.02
2026-01-28 23:25:03,6.02
2026-01-28 23:25:04,6.16
2026-01-28 23:25:05,6.16
2026-01-28 23:25:06,6.16
2026-01-28 23:25:07,6.16
2026-01-28 23:25:08,6.16
2026-01-28 23:25:09,6.06
2026-01-28 23:25:10,6.06
2026-01-28 23:25:11,6.06
2026-01-28 23:25:12,6.06
2026-01-28 23:25:13,6.06
2026-01-28 23:25:14,6.11
2026-01-28 23:25:15,6.11
2026-01-28 23:25:16,6.11
2026-01-28 23:25:17,6.11
2026-01-28 23:25:18,6.11
2026-01-28 23:25:19,6.05
2026-01-28 23:25:20,6.05
2026-01-28 23:25:21,6.05
2026-01-28 23:25:22,6.05
2026-01-28 23:25:23,6.05
2026-01-28 23:25:24,6.11
2026-01-28 23:25:25,6.11
2026-01-28 23:25:26,6.11
2026-01-28 23:25:27,6.11
2026-01-28 23:25:28,6.11
2026-01-28 23:25:29,6.07
2026-01-28 23:25:30,6.07
2026-01-28 23:25:31,6.07
2026-01-28 23:25:32,6.07
2026-01-28 23:25:33,6.07
2026-01-28 23:25:34,5.76
2026-01-28 23:25:35,5.76
2026-01-28 23:25:36,5.76
2026-01-28 23:25:37,5.76
2026-01-28 23:25:38,5.76
2026-01-28 23:25:39,7.17
2026-01-28 23:25:40,7.17
2026-01-28 23:25:41,7.17
2026-01-28 23:25:42,7.17
2026-01-28 23:25:43,7.17
2026-01-28 23:25:44,7.46
2026-01-28 23:25:45,7.46
2026-01-28 23:25:46,7.46
2026-01-28 23:25:47,7.46
2026-01-28 23:25:48,7.46
2026-01-28 23:25:49,8.42
2026-01-28 23:25:50,8.42
2026-01-28 23:25:51,8.42
2026-01-28 23:25:52,8.42
2026-01-28 23:25:53,8.42
2026-01-28 23:25:54,7.92
2026-01-28 23:25:55,7.92
2026-01-28 23:25:56,7.92
2026-01-28 23:25:57,7.92
2026-01-28 23:25:58,7.92
2026-01-28 23:25:59,8.92
2026-01-28 23:26:00,8.92
2026-01-28 23:26:01,8.92
2026-01-28 23:26:02,8.92
2026-01-28 23:26:03,8.92
2026-01-28 23:26:04,8.73
2026-01-28 23:26:05,8.73
2026-01-28 23:26:06,8.73
2026-01-28 23:26:07,8.73
2026-01-28 23:26:08,8.73
2026-01-28 23:26:09,8.63
2026-01-28 23:26:10,8.63
2026-01-28 23:26:11,8.63
2026-01-28 23:26:12,8.63
2026-01-28 23:26:13,8.63
2026-01-28 23:26:14,8.62
2026-01-28 23:26:15,8.62
2026-01-28 23:26:16,8.62
2026-01-28 23:26:17,8.62
2026-01-28 23:26:18,8.62
2026-01-28 23:26:19,8.66
2026-01-28 23:26:20,8.66
2026-01-28 23:26:21,8.66
2026-01-28 23:26:22,8.66
2026-01-28 23:26:23,8.66
2026-01-28 23:26:24,8.72
2026-01-28 23:26:25,8.72
2026-01-28 23:26:26,8.72
2026-01-28 23:26:27,8.72
2026-01-28 23:26:28,8.72
2026-01-28 23:26:29,8.59
2026-01-28 23:26:30,8.59
2026-01-28 23:26:31,8.59
2026-01-28 23:26:32,8.59
2026-01-28 23:26:33,8.59
2026-01-28 23:26:34,8.70
2026-01-28 23:26:35,8.70
2026-01-28 23:26:36,8.70
2026-01-28 23:26:37,8.70
2026-01-28 23:26:38,8.70
2026-01-28 23:26:39,8.92
2026-01-28 23:26:40,8.92
2026-01-28 23:26:41,8.92
2026-01-28 23:26:42,8.92
2026-01-28 23:26:43,8.92
2026-01-28 23:26:44,8.68
2026-01-28 23:26:45,8.68
2026-01-28 23:26:46,8.68
2026-01-28 23:26:47,8.68
2026-01-28 23:26:48,8.68
2026-01-28 23:26:49,8.43
2026-01-28 23:26:50,8.43
2026-01-28 23:26:51,8.43
2026-01-28 23:26:52,8.43
2026-01-28 23:26:53,8.43
2026-01-28 23:26:54,8.69
2026-01-28 23:26:55,8.69
2026-01-28 23:26:56,8.69
2026-01-28 23:26:57,8.69
2026-01-28 23:26:58,8.69
2026-01-28 23:26:59,8.57
2026-01-28 23:27:00,8.57
2026-01-28 23:27:01,8.57
2026-01-28 23:27:02,8.57
2026-01-28 23:27:03,8.57
2026-01-28 23:27:04,0
2026-01-28 23:27:05,0
2026-01-28 23:27:06,0
2026-01-28 23:27:07,0
2026-01-28 23:27:08,0
2026-01-28 23:27:09,0
2026-01-28 23:27:10,0
2026-01-28 23:27:11,0
2026-01-28 23:27:12,0
2026-01-28 23:27:13,0
2026-01-28 23:27:14,0
2026-01-28 23:27:15,0
2026-01-28 23:27:16,0
2026-01-28 23:27:17,0
2026-01-28 23:27:18,0
2026-01-28 23:27:19,0
2026-01-28 23:27:20,0
2026-01-28 23:27:21,0
2026-01-28 23:27:22,0
2026-01-28 23:27:23,0
2026-01-28 23:27:24,0
2026-01-28 23:27:25,0
2026-01-28 23:27:26,0
2026-01-28 23:27:27,0
2026-01-28 23:27:28,0
2026-01-28 23:27:29,0
2026-01-28 23:27:30,0
2026-01-28 23:27:31,0
2026-01-28 23:27:32,0
2026-01-28 23:27:33,0
2026-01-28 23:27:34,0
2026-01-28 23:27:35,0
2026-01-28 23:27:36,0
2026-01-28 23:27:37,0
2026-01-28 23:27:38,0
2026-01-28 23:27:39,0
2026-01-28 23:27:40,0
2026-01-28 23:27:41,0
2026-01-28 23:27:42,0
2026-01-28 23:27:43,0
2026-01-28 23:27:44,0
2026-01-28 23:27:45,0
2026-01-28 23:27:46,0
2026-01-28 23:27:47,0
2026-01-28 23:27:48,0
2026-01-28 23:27:49,0
2026-01-28 23:27:50,0
2026-01-28 23:27:51,0
2026-01-28 23:27:52,0
2026-01-28 23:27:53,0
2026-01-28 23:27:54,0
2026-01-28 23:27:55,0
2026-01-28 23:27:56,0
2026-01-28 23:27:57,0
2026-01-28 23:27:58,0
2026-01-28 23:27:59,0
2026-01-28 23:28:00,0
2026-01-28 23:28:01,0
2026-01-28 23:28:02,0
2026-01-28 23:28:03,0
2026-01-28 23:28:04,0
2026-01-28 23:28:05,0
2026-01-28 23:28:06,0
2026-01-28 23:28:07,0
2026-01-28 23:28:08,0
2026-01-28 23:28:09,0
2026-01-28 23:28:10,0
2026-01-28 23:28:11,0
2026-01-28 23:28:12,0
2026-01-28 23:28:13,0
2026-01-28 23:28:14,0
2026-01-28 23:28:15,0
2026-01-28 23:28:16,0
2026-01-28 23:28:17,0
2026-01-28 23:28:18,0
2026-01-28 23:28:19,0
2026-01-28 23:28:20,0
2026-01-28 23:28:21,0
2026-01-28 23:28:22,0
2026-01-28 23:28:23,0
2026-01-28 23:28:24,0
2026-01-28 23:28:25,0
2026-01-28 23:28:26,0
2026-01-28 23:28:27,0
2026-01-28 23:28:28,0
2026-01-28 23:28:29,0
2026-01-28 23:28:30,0
2026-01-28 23:28:31,0
2026-01-28 23:28:32,0
2026-01-28 23:28:33,0
2026-01-28 23:28:34,0
2026-01-28 23:28:35,0
2026-01-28 23:28:36,0
2026-01-28 23:28:37,0
2026-01-28 23:28:38,0
2026-01-28 23:30:04,2.25
2026-01-28 23:30:05,2.25
2026-01-28 23:30:06,2.25
2026-01-28 23:30:07,2.25
2026-01-28 23:30:08,2.25
2026-01-28 23:30:09,7.91
2026-01-28 23:30:10,7.91
2026-01-28 23:30:11,7.91
2026-01-28 23:30:12,7.91
2026-01-28 23:30:13,7.91
2026-01-28 23:30:14,7.57
2026-01-28 23:30:15,7.57
2026-01-28 23:30:16,7.57
2026-01-28 23:30:17,7.57
2026-01-28 23:30:18,7.57
2026-01-28 23:30:19,7.57
2026-01-28 23:30:20,7.57
2026-01-28 23:30:21,7.57
2026-01-28 23:30:22,7.57
2026-01-28 23:30:23,7.57
2026-01-28 23:30:24,7.56
2026-01-28 23:30:25,7.56
2026-01-28 23:30:26,7.56
2026-01-28 23:30:27,7.56
2026-01-28 23:30:28,7.56
2026-01-28 23:30:29,7.46
2026-01-28 23:30:30,7.46
2026-01-28 23:30:31,7.46
2026-01-28 23:30:32,7.46
2026-01-28 23:30:33,7.46
2026-01-28 23:30:34,7.56
2026-01-28 23:30:35,7.56
2026-01-28 23:30:36,7.56
2026-01-28 23:30:37,7.56
2026-01-28 23:30:38,7.56
2026-01-28 23:30:39,7.72
2026-01-28 23:30:40,7.72
2026-01-28 23:30:41,7.72
2026-01-28 23:30:42,7.72
2026-01-28 23:30:43,7.72
2026-01-28 23:30:44,7.63
2026-01-28 23:30:45,7.63
2026-01-28 23:30:46,7.63
2026-01-28 23:30:47,7.63
2026-01-28 23:30:48,7.63
2026-01-28 23:30:49,7.43
2026-01-28 23:30:50,7.43
2026-01-28 23:30:51,7.43
2026-01-28 23:30:52,7.43
2026-01-28 23:30:53,7.43
2026-01-28 23:30:54,7.69
2026-01-28 23:30:55,7.69
2026-01-28 23:30:56,7.69
2026-01-28 23:30:57,7.69
2026-01-28 23:30:58,7.69
2026-01-28 23:30:59,7.62
2026-01-28 23:31:00,7.62
2026-01-28 23:31:01,7.62
2026-01-28 23:31:02,7.62
2026-01-28 23:31:03,7.62
2026-01-28 23:31:04,7.72
2026-01-28 23:31:05,7.72
2026-01-28 23:31:06,7.72
2026-01-28 23:31:07,7.72
2026-01-28 23:31:08,7.72
2026-01-28 23:31:09,7.63
2026-01-28 23:31:10,7.63
2026-01-28 23:31:11,7.63
2026-01-28 23:31:12,7.63
2026-01-28 23:31:13,7.63
2026-01-28 23:31:14,7.61
2026-01-28 23:31:15,7.61
2026-01-28 23:31:16,7.61
2026-01-28 23:31:17,7.61
2026-01-28 23:31:18,7.61
2026-01-28 23:31:19,7.51
2026-01-28 23:31:20,7.51
2026-01-28 23:31:21,7.51
2026-01-28 23:31:22,7.51
2026-01-28 23:31:23,7.51
2026-01-28 23:31:24,7.64
2026-01-28 23:31:25,7.64
2026-01-28 23:31:26,7.64
2026-01-28 23:31:27,7.64
2026-01-28 23:31:28,7.64
2026-01-28 23:31:29,7.75
2026-01-28 23:31:30,7.75
2026-01-28 23:31:31,7.75
2026-01-28 23:31:32,7.75
2026-01-28 23:31:33,7.75
2026-01-28 23:31:34,7.60
2026-01-28 23:31:35,7.60
2026-01-28 23:31:36,7.60
2026-01-28 23:31:37,7.60
2026-01-28 23:31:38,7.60
2026-01-28 23:31:39,9.27
2026-01-28 23:31:40,9.27
2026-01-28 23:31:41,9.27
2026-01-28 23:31:42,9.27
2026-01-28 23:31:43,9.27
2026-01-28 23:31:44,7.89
2026-01-28 23:31:45,7.89
2026-01-28 23:31:46,7.89
2026-01-28 23:31:47,7.89
2026-01-28 23:31:48,7.89
2026-01-28 23:31:49,8.03
2026-01-28 23:31:50,8.03
2026-01-28 23:31:51,8.03
2026-01-28 23:31:52,8.03
2026-01-28 23:31:53,8.03
2026-01-28 23:31:54,7.83
2026-01-28 23:31:55,7.83
2026-01-28 23:31:56,7.83
2026-01-28 23:31:57,7.83
2026-01-28 23:31:58,7.83
2026-01-28 23:31:59,7.75
2026-01-28 23:32:00,7.75
2026-01-28 23:32:01,7.75
2026-01-28 23:32:02,7.75
2026-01-28 23:32:03,7.75
2026-01-28 23:32:04,7.82
2026-01-28 23:32:05,7.82
2026-01-28 23:32:06,7.82
2026-01-28 23:32:07,7.82
2026-01-28 23:32:08,7.82
2026-01-28 23:32:09,7.88
2026-01-28 23:32:10,7.88
2026-01-28 23:32:11,7.88
2026-01-28 23:32:12,7.88
2026-01-28 23:32:13,7.88
2026-01-28 23:32:14,7.95
2026-01-28 23:32:15,7.95
2026-01-28 23:32:16,7.95
2026-01-28 23:32:17,7.95
2026-01-28 23:32:18,7.95
2026-01-28 23:32:19,7.91
2026-01-28 23:32:20,7.91
2026-01-28 23:32:21,7.91
2026-01-28 23:32:22,7.91
2026-01-28 23:32:23,7.91
2026-01-28 23:32:24,7.93
2026-01-28 23:32:25,7.93
2026-01-28 23:32:26,7.93
2026-01-28 23:32:27,7.93
2026-01-28 23:32:28,7.93
2026-01-28 23:32:29,7.85
2026-01-28 23:32:30,7.85
2026-01-28 23:32:31,7.85
2026-01-28 23:32:32,7.85
2026-01-28 23:32:33,7.85
2026-01-28 23:32:34,7.87
2026-01-28 23:32:35,7.87
2026-01-28 23:32:36,7.87
2026-01-28 23:32:37,7.87
2026-01-28 23:32:38,7.87
2026-01-28 23:32:39,8.10
2026-01-28 23:32:40,8.10
2026-01-28 23:32:41,8.10
2026-01-28 23:32:42,8.10
2026-01-28 23:32:43,8.10
2026-01-28 23:32:44,7.77
2026-01-28 23:32:45,7.77
2026-01-28 23:32:46,7.77
2026-01-28 23:32:47,7.77
2026-01-28 23:32:48,7.77
2026-01-28 23:32:49,7.67
2026-01-28 23:32:50,7.67
2026-01-28 23:32:51,7.67
2026-01-28 23:32:52,7.67
2026-01-28 23:32:53,7.67
2026-01-28 23:32:54,7.88
2026-01-28 23:32:55,7.88
2026-01-28 23:32:56,7.88
2026-01-28 23:32:57,7.88
2026-01-28 23:32:58,7.88
2026-01-28 23:32:59,7.79
2026-01-28 23:33:00,7.79
2026-01-28 23:33:01,7.79
2026-01-28 23:33:02,7.79
2026-01-28 23:33:03,7.79
2026-01-28 23:33:04,7.85
2026-01-28 23:33:05,7.85
2026-01-28 23:33:06,7.85
2026-01-28 23:33:07,7.85
2026-01-28 23:33:08,7.85
2026-01-28 23:33:09,7.83
2026-01-28 23:33:10,7.83
2026-01-28 23:33:11,7.83
2026-01-28 23:33:12,7.83
2026-01-28 23:33:13,7.83
2026-01-28 23:33:14,8.04
2026-01-28 23:33:15,8.04
2026-01-28 23:33:16,8.04
2026-01-28 23:33:17,8.04
2026-01-28 23:33:18,8.04
2026-01-28 23:33:19,7.84
2026-01-28 23:33:20,7.84
2026-01-28 23:33:21,7.84
2026-01-28 23:33:22,7.84
2026-01-28 23:33:23,7.84
2026-01-28 23:33:24,7.87
2026-01-28 23:33:25,7.87
2026-01-28 23:33:26,7.87
2026-01-28 23:33:27,7.87
2026-01-28 23:33:28,7.87
2026-01-28 23:33:29,7.70
2026-01-28 23:33:30,7.70
2026-01-28 23:33:31,7.70
2026-01-28 23:33:32,7.70
2026-01-28 23:33:33,7.70
2026-01-28 23:33:34,7.74
2026-01-28 23:33:35,7.74
2026-01-28 23:33:36,7.74
2026-01-28 23:33:37,7.74
2026-01-28 23:33:38,7.74
2026-01-28 23:33:39,7.89
2026-01-28 23:33:40,7.89
2026-01-28 23:33:41,7.89
2026-01-28 23:33:42,7.89
2026-01-28 23:33:43,7.89
2026-01-28 23:33:44,7.80
2026-01-28 23:33:45,7.80
2026-01-28 23:33:46,7.80
2026-01-28 23:33:47,7.80
2026-01-28 23:33:48,7.80
2026-01-28 23:33:49,7.64
2026-01-28 23:33:50,7.64
2026-01-28 23:33:51,7.64
2026-01-28 23:33:52,7.64
2026-01-28 23:33:53,7.64
2026-01-28 23:33:54,7.82
2026-01-28 23:33:55,7.82
2026-01-28 23:33:56,7.82
2026-01-28 23:33:57,7.82
2026-01-28 23:33:58,7.82
2026-01-28 23:33:59,7.81
2026-01-28 23:34:00,7.81
2026-01-28 23:34:01,7.81
2026-01-28 23:34:02,7.81
2026-01-28 23:34:03,7.81
2026-01-28 23:34:04,7.87
2026-01-28 23:34:05,7.87
2026-01-28 23:34:06,7.87
2026-01-28 23:34:07,7.87
2026-01-28 23:34:08,7.87
2026-01-28 23:34:09,7.83
2026-01-28 23:34:10,7.83
2026-01-28 23:34:11,7.83
2026-01-28 23:34:12,7.83
2026-01-28 23:34:13,7.83
2026-01-28 23:34:14,8.15
2026-01-28 23:34:15,8.15
2026-01-28 23:34:16,8.15
2026-01-28 23:34:17,8.15
2026-01-28 23:34:18,8.15
2026-01-28 23:34:19,7.85
2026-01-28 23:34:20,7.85
2026-01-28 23:34:21,7.85
2026-01-28 23:34:22,7.85
2026-01-28 23:34:23,7.85
2026-01-28 23:34:24,7.25
2026-01-28 23:34:25,7.25
2026-01-28 23:34:26,7.25
2026-01-28 23:34:27,7.25
2026-01-28 23:34:28,7.25
2026-01-28 23:34:29,8.10
2026-01-28 23:34:30,8.10
2026-01-28 23:34:31,8.10
2026-01-28 23:34:32,8.10
2026-01-28 23:34:33,8.10
2026-01-28 23:34:34,7.96
2026-01-28 23:34:35,7.96
2026-01-28 23:34:36,7.96
2026-01-28 23:34:37,7.96
2026-01-28 23:34:38,7.96
2026-01-28 23:34:39,7.91
2026-01-28 23:34:40,7.91
2026-01-28 23:34:41,7.91
2026-01-28 23:34:42,7.91
2026-01-28 23:34:43,7.91
2026-01-28 23:34:44,8.25
2026-01-28 23:34:45,8.25
2026-01-28 23:34:46,8.25
2026-01-28 23:34:47,8.25
2026-01-28 23:34:48,8.25
2026-01-28 23:34:49,7.84
2026-01-28 23:34:50,7.84
2026-01-28 23:34:51,7.84
2026-01-28 23:34:52,7.84
2026-01-28 23:34:53,7.84
2026-01-28 23:34:54,0
2026-01-28 23:34:55,0
2026-01-28 23:34:56,0
2026-01-28 23:34:57,0
2026-01-28 23:34:58,0
2026-01-28 23:34:59,0
2026-01-28 23:35:00,0
2026-01-28 23:35:01,0
2026-01-28 23:35:02,0
2026-01-28 23:35:03,0
2026-01-28 23:35:04,0
2026-01-28 23:35:05,0
2026-01-28 23:35:06,0
2026-01-28 23:35:07,0
2026-01-28 23:35:08,0
2026-01-28 23:35:09,0
2026-01-28 23:35:10,0
2026-01-28 23:35:11,0
2026-01-28 23:35:12,0
2026-01-28 23:35:13,0
2026-01-28 23:35:14,0
2026-01-28 23:35:15,0
2026-01-28 23:35:16,0
2026-01-28 23:35:17,0
2026-01-28 23:35:18,0
2026-01-28 23:35:19,0
2026-01-28 23:35:20,0
2026-01-28 23:35:21,0
2026-01-28 23:35:22,0
2026-01-28 23:35:23,0
2026-01-28 23:35:24,0
2026-01-28 23:35:25,0
2026-01-28 23:35:26,0
2026-01-28 23:35:27,0
2026-01-28 23:35:28,0
2026-01-28 23:35:29,0
2026-01-28 23:35:30,0
2026-01-28 23:35:31,0
2026-01-28 23:35:32,0
2026-01-28 23:35:33,0
2026-01-28 23:35:34,0
2026-01-28 23:35:35,0
2026-01-28 23:35:36,0
2026-01-28 23:35:37,0
2026-01-28 23:35:38,0
2026-01-28 23:35:39,0
2026-01-28 23:35:40,0
2026-01-28 23:35:41,0
2026-01-28 23:35:42,0
2026-01-28 23:35:43,0
2026-01-28 23:35:44,0
2026-01-28 23:35:45,0
2026-01-28 23:35:46,0
2026-01-28 23:35:47,0
2026-01-28 23:35:48,0
2026-01-28 23:35:49,0
2026-01-28 23:35:50,0
2026-01-28 23:35:51,0
2026-01-28 23:35:52,0
2026-01-28 23:35:53,0
2026-01-28 23:35:54,0
2026-01-28 23:35:55,0
2026-01-28 23:35:56,0
2026-01-28 23:35:57,0
2026-01-28 23:35:58,0
2026-01-28 23:35:59,0
2026-01-28 23:36:00,0
2026-01-28 23:36:01,0
2026-01-28 23:36:02,0
2026-01-28 23:36:03,0
2026-01-28 23:36:04,0
2026-01-28 23:36:05,0
2026-01-28 23:36:06,0
2026-01-28 23:36:07,0
2026-01-28 23:36:08,0
2026-01-28 23:36:09,0
2026-01-28 23:36:10,0
2026-01-28 23:36:11,0
2026-01-28 23:36:12,0
2026-01-28 23:36:13,0
2026-01-28 23:36:14,0
2026-01-28 23:36:15,0
2026-01-28 23:36:16,0
2026-01-28 23:36:17,0
2026-01-28 23:36:18,0
2026-01-28 23:36:19,0
2026-01-28 23:36:20,0
2026-01-28 23:36:21,0
2026-01-28 23:36:22,0
2026-01-28 23:36:23,0
2026-01-28 23:36:24,0
2026-01-28 23:36:25,0
2026-01-28 23:36:26,0
2026-01-28 23:36:27,0
2026-01-28 23:36:28,0
2026-01-28 23:39:14,8.17
2026-01-28 23:39:15,8.17
2026-01-28 23:39:16,8.17
2026-01-28 23:39:17,8.17
2026-01-28 23:39:18,8.17
2026-01-28 23:39:19,7.60
2026-01-28 23:39:20,7.60
2026-01-28 23:39:21,7.60
2026-01-28 23:39:22,7.60
2026-01-28 23:39:23,7.60
2026-01-28 23:39:24,6.83
2026-01-28 23:39:25,6.83
2026-01-28 23:39:26,6.83
2026-01-28 23:39:27,6.83
2026-01-28 23:39:28,6.83
2026-01-28 23:39:29,6.69
2026-01-28 23:39:30,6.69
2026-01-28 23:39:31,6.69
2026-01-28 23:39:32,6.69
2026-01-28 23:39:33,6.69
2026-01-28 23:39:34,6.74
2026-01-28 23:39:35,6.74
2026-01-28 23:39:36,6.74
2026-01-28 23:39:37,6.74
2026-01-28 23:39:38,6.74
2026-01-28 23:39:39,7.48
2026-01-28 23:39:40,7.48
2026-01-28 23:39:41,7.48
2026-01-28 23:39:42,7.48
2026-01-28 23:39:43,7.48
2026-01-28 23:39:44,8.04
2026-01-28 23:39:45,8.04
2026-01-28 23:39:46,8.04
2026-01-28 23:39:47,8.04
2026-01-28 23:39:48,8.04
2026-01-28 23:39:49,7.37
2026-01-28 23:39:50,7.37
2026-01-28 23:39:51,7.37
2026-01-28 23:39:52,7.37
2026-01-28 23:39:53,7.37
2026-01-28 23:39:54,7.64
2026-01-28 23:39:55,7.64
2026-01-28 23:39:56,7.64
2026-01-28 23:39:57,7.64
2026-01-28 23:39:58,7.64
2026-01-28 23:39:59,7.62
2026-01-28 23:40:00,7.62
2026-01-28 23:40:01,7.62
2026-01-28 23:40:02,7.62
2026-01-28 23:40:03,7.62
2026-01-28 23:40:04,7.60
2026-01-28 23:40:05,7.60
2026-01-28 23:40:06,7.60
2026-01-28 23:40:07,7.60
2026-01-28 23:40:08,7.60
2026-01-28 23:40:09,7.56
2026-01-28 23:40:10,7.56
2026-01-28 23:40:11,7.56
2026-01-28 23:40:12,7.56
2026-01-28 23:40:13,7.56
2026-01-28 23:40:14,7.51
2026-01-28 23:40:15,7.51
2026-01-28 23:40:16,7.51
2026-01-28 23:40:17,7.51
2026-01-28 23:40:18,7.51
2026-01-28 23:40:19,7.70
2026-01-28 23:40:20,7.70
2026-01-28 23:40:21,7.70
2026-01-28 23:40:22,7.70
2026-01-28 23:40:23,7.70
2026-01-28 23:40:24,7.60
2026-01-28 23:40:25,7.60
2026-01-28 23:40:26,7.60
2026-01-28 23:40:27,7.60
2026-01-28 23:40:28,7.60
2026-01-28 23:40:29,7.51
2026-01-28 23:40:30,7.51
2026-01-28 23:40:31,7.51
2026-01-28 23:40:32,7.51
2026-01-28 23:40:33,7.51
2026-01-28 23:40:34,7.57
2026-01-28 23:40:35,7.57
2026-01-28 23:40:36,7.57
2026-01-28 23:40:37,7.57
2026-01-28 23:40:38,7.57
2026-01-28 23:40:39,7.60
2026-01-28 23:40:40,7.60
2026-01-28 23:40:41,7.60
2026-01-28 23:40:42,7.60
2026-01-28 23:40:43,7.60
2026-01-28 23:40:44,9.15
2026-01-28 23:40:45,9.15
2026-01-28 23:40:46,9.15
2026-01-28 23:40:47,9.15
2026-01-28 23:40:48,9.15
2026-01-28 23:40:49,7.00
2026-01-28 23:40:50,7.00
2026-01-28 23:40:51,7.00
2026-01-28 23:40:52,7.00
2026-01-28 23:40:53,7.00
2026-01-28 23:40:54,6.88
2026-01-28 23:40:55,6.88
2026-01-28 23:40:56,6.88
2026-01-28 23:40:57,6.88
2026-01-28 23:40:58,6.88
2026-01-28 23:40:59,6.82
2026-01-28 23:41:00,6.82
2026-01-28 23:41:01,6.82
2026-01-28 23:41:02,6.82
2026-01-28 23:41:03,6.82
2026-01-28 23:41:04,6.87
2026-01-28 23:41:05,6.87
2026-01-28 23:41:06,6.87
2026-01-28 23:41:07,6.87
2026-01-28 23:41:08,6.87
2026-01-28 23:41:09,6.90
2026-01-28 23:41:10,6.90
2026-01-28 23:41:11,6.90
2026-01-28 23:41:12,6.90
2026-01-28 23:41:13,6.90
2026-01-28 23:41:14,7.53
2026-01-28 23:41:15,7.53
2026-01-28 23:41:16,7.53
2026-01-28 23:41:17,7.53
2026-01-28 23:41:18,7.53
2026-01-28 23:41:19,7.88
2026-01-28 23:41:20,7.88
2026-01-28 23:41:21,7.88
2026-01-28 23:41:22,7.88
2026-01-28 23:41:23,7.88
2026-01-28 23:41:24,8.19
2026-01-28 23:41:25,8.19
2026-01-28 23:41:26,8.19
2026-01-28 23:41:27,8.19
2026-01-28 23:41:28,8.19
2026-01-28 23:41:29,7.93
2026-01-28 23:41:30,7.93
2026-01-28 23:41:31,7.93
2026-01-28 23:41:32,7.93
2026-01-28 23:41:33,7.93
2026-01-28 23:41:34,7.79
2026-01-28 23:41:35,7.79
2026-01-28 23:41:36,7.79
2026-01-28 23:41:37,7.79
2026-01-28 23:41:38,7.79
2026-01-28 23:41:39,7.83
2026-01-28 23:41:40,7.83
2026-01-28 23:41:41,7.83
2026-01-28 23:41:42,7.83
2026-01-28 23:41:43,7.83
2026-01-28 23:41:44,8.00
2026-01-28 23:41:45,8.00
2026-01-28 23:41:46,8.00
2026-01-28 23:41:47,8.00
2026-01-28 23:41:48,8.00
2026-01-28 23:41:49,7.87
2026-01-28 23:41:50,7.87
2026-01-28 23:41:51,7.87
2026-01-28 23:41:52,7.87
2026-01-28 23:41:53,7.87
2026-01-28 23:41:54,7.79
2026-01-28 23:41:55,7.79
2026-01-28 23:41:56,7.79
2026-01-28 23:41:57,7.79
2026-01-28 23:41:58,7.79
2026-01-28 23:41:59,7.84
2026-01-28 23:42:00,7.84
2026-01-28 23:42:01,7.84
2026-01-28 23:42:02,7.84
2026-01-28 23:42:03,7.84
2026-01-28 23:42:04,7.83
2026-01-28 23:42:05,7.83
2026-01-28 23:42:06,7.83
2026-01-28 23:42:07,7.83
2026-01-28 23:42:08,7.83
2026-01-28 23:42:09,7.91
2026-01-28 23:42:10,7.91
2026-01-28 23:42:11,7.91
2026-01-28 23:42:12,7.91
2026-01-28 23:42:13,7.91
2026-01-28 23:42:14,7.68
2026-01-28 23:42:15,7.68
2026-01-28 23:42:16,7.68
2026-01-28 23:42:17,7.68
2026-01-28 23:42:18,7.68
2026-01-28 23:42:19,8.00
2026-01-28 23:42:20,8.00
2026-01-28 23:42:21,8.00
2026-01-28 23:42:22,8.00
2026-01-28 23:42:23,8.00
2026-01-28 23:42:24,7.76
2026-01-28 23:42:25,7.76
2026-01-28 23:42:26,7.76
2026-01-28 23:42:27,7.76
2026-01-28 23:42:28,7.76
2026-01-28 23:42:29,7.89
2026-01-28 23:42:30,7.89
2026-01-28 23:42:31,7.89
2026-01-28 23:42:32,7.89
2026-01-28 23:42:33,7.89
2026-01-28 23:42:34,7.83
2026-01-28 23:42:35,7.83
2026-01-28 23:42:36,7.83
2026-01-28 23:42:37,7.83
2026-01-28 23:42:38,7.83
2026-01-28 23:42:39,7.96
2026-01-28 23:42:40,7.96
2026-01-28 23:42:41,7.96
2026-01-28 23:42:42,7.96
2026-01-28 23:42:43,7.96
2026-01-28 23:42:44,8.15
2026-01-28 23:42:45,8.15
2026-01-28 23:42:46,8.15
2026-01-28 23:42:47,8.15
2026-01-28 23:42:48,8.15
2026-01-28 23:42:49,7.77
2026-01-28 23:42:50,7.77
2026-01-28 23:42:51,7.77
2026-01-28 23:42:52,7.77
2026-01-28 23:42:53,7.77
2026-01-28 23:42:54,7.81
2026-01-28 23:42:55,7.81
2026-01-28 23:42:56,7.81
2026-01-28 23:42:57,7.81
2026-01-28 23:42:58,7.81
2026-01-28 23:42:59,7.95
2026-01-28 23:43:00,7.95
2026-01-28 23:43:01,7.95
2026-01-28 23:43:02,7.95
2026-01-28 23:43:03,7.95
2026-01-28 23:43:04,7.88
2026-01-28 23:43:05,7.88
2026-01-28 23:43:06,7.88
2026-01-28 23:43:07,7.88
2026-01-28 23:43:08,7.88
2026-01-28 23:43:09,8.00
2026-01-28 23:43:10,8.00
2026-01-28 23:43:11,8.00
2026-01-28 23:43:12,8.00
2026-01-28 23:43:13,8.00
2026-01-28 23:43:14,7.76
2026-01-28 23:43:15,7.76
2026-01-28 23:43:16,7.76
2026-01-28 23:43:17,7.76
2026-01-28 23:43:18,7.76
2026-01-28 23:43:19,8.55
2026-01-28 23:43:20,8.55
2026-01-28 23:43:21,8.55
2026-01-28 23:43:22,8.55
2026-01-28 23:43:23,8.55
2026-01-28 23:43:24,9.10
2026-01-28 23:43:25,9.10
2026-01-28 23:43:26,9.10
2026-01-28 23:43:27,9.10
2026-01-28 23:43:28,9.10
2026-01-28 23:43:29,8.85
2026-01-28 23:43:30,8.85
2026-01-28 23:43:31,8.85
2026-01-28 23:43:32,8.85
2026-01-28 23:43:33,8.85
2026-01-28 23:43:34,8.75
2026-01-28 23:43:35,8.75
2026-01-28 23:43:36,8.75
2026-01-28 23:43:37,8.75
2026-01-28 23:43:38,8.75
2026-01-28 23:43:39,8.76
2026-01-28 23:43:40,8.76
2026-01-28 23:43:41,8.76
2026-01-28 23:43:42,8.76
2026-01-28 23:43:43,8.76
2026-01-28 23:43:44,8.99
2026-01-28 23:43:45,8.99
2026-01-28 23:43:46,8.99
2026-01-28 23:43:47,8.99
2026-01-28 23:43:48,8.99
2026-01-28 23:43:49,8.92
2026-01-28 23:43:50,8.92
2026-01-28 23:43:51,8.92
2026-01-28 23:43:52,8.92
2026-01-28 23:43:53,8.92
2026-01-28 23:43:54,8.70
2026-01-28 23:43:55,8.70
2026-01-28 23:43:56,8.70
2026-01-28 23:43:57,8.70
2026-01-28 23:43:58,8.70
2026-01-28 23:43:59,9.06
2026-01-28 23:44:00,9.06
2026-01-28 23:44:01,9.06
2026-01-28 23:44:02,9.06
2026-01-28 23:44:03,9.06
2026-01-28 23:44:04,0
2026-01-28 23:44:05,0
2026-01-28 23:44:06,0
2026-01-28 23:44:07,0
2026-01-28 23:44:08,0
2026-01-28 23:44:09,0
2026-01-28 23:44:10,0
2026-01-28 23:44:11,0
2026-01-28 23:44:12,0
2026-01-28 23:44:13,0
2026-01-28 23:44:14,0
2026-01-28 23:44:15,0
2026-01-28 23:44:16,0
2026-01-28 23:44:17,0
2026-01-28 23:44:18,0
2026-01-28 23:44:19,0
2026-01-28 23:44:20,0
2026-01-28 23:44:21,0
2026-01-28 23:44:22,0
2026-01-28 23:44:23,0
2026-01-28 23:44:24,0
2026-01-28 23:44:25,0
2026-01-28 23:44:26,0
2026-01-28 23:44:27,0
2026-01-28 23:44:28,0
2026-01-28 23:44:29,0
2026-01-28 23:44:30,0
2026-01-28 23:44:31,0
2026-01-28 23:44:32,0
2026-01-28 23:44:33,0
2026-01-28 23:44:34,0
2026-01-28 23:44:35,0
2026-01-28 23:44:36,0
2026-01-28 23:44:37,0
2026-01-28 23:44:38,0
2026-01-28 23:44:39,0
2026-01-28 23:44:40,0
2026-01-28 23:44:41,0
2026-01-28 23:44:42,0
2026-01-28 23:44:43,0
2026-01-28 23:44:44,0
2026-01-28 23:44:45,0
2026-01-28 23:44:46,0
2026-01-28 23:44:47,0
2026-01-28 23:44:48,0
2026-01-28 23:44:49,0
2026-01-28 23:44:50,0
2026-01-28 23:44:51,0
2026-01-28 23:44:52,0
2026-01-28 23:44:53,0
2026-01-28 23:44:54,0
2026-01-28 23:44:55,0
2026-01-28 23:44:56,0
2026-01-28 23:44:57,0
2026-01-28 23:44:58,0
2026-01-28 23:44:59,0
2026-01-28 23:45:00,0
2026-01-28 23:45:01,0
2026-01-28 23:45:02,0
2026-01-28 23:45:03,0
2026-01-28 23:45:04,0
2026-01-28 23:45:05,0
2026-01-28 23:45:06,0
2026-01-28 23:45:07,0
2026-01-28 23:45:08,0
2026-01-28 23:45:09,0
2026-01-28 23:45:10,0
2026-01-28 23:45:11,0
2026-01-28 23:45:12,0
2026-01-28 23:45:13,0
2026-01-28 23:45:14,0
2026-01-28 23:45:15,0
2026-01-28 23:45:16,0
2026-01-28 23:45:17,0
2026-01-28 23:45:18,0
2026-01-28 23:45:19,0
2026-01-28 23:45:20,0
2026-01-28 23:45:21,0
2026-01-28 23:45:22,0
2026-01-28 23:45:23,0
2026-01-28 23:45:24,0
2026-01-28 23:45:25,0
2026-01-28 23:45:26,0
2026-01-28 23:45:27,0
2026-01-28 23:45:28,0
2026-01-28 23:45:29,0
2026-01-28 23:45:30,0
2026-01-28 23:45:31,0
2026-01-28 23:45:32,0
2026-01-28 23:45:33,0
2026-01-28 23:45:34,0
2026-01-28 23:45:35,0
2026-01-28 23:45:36,0
2026-01-28 23:45:37,0
2026-01-28 23:45:38,0
2026-01-28 23:49:24,4.54
2026-01-28 23:49:25,4.54
2026-01-28 23:49:26,4.54
2026-01-28 23:49:27,4.54
2026-01-28 23:49:28,4.54
2026-01-28 23:49:29,7.88
2026-01-28 23:49:30,7.88
2026-01-28 23:49:31,7.88
2026-01-28 23:49:32,7.88
2026-01-28 23:49:33,7.88
2026-01-28 23:49:34,8.22
2026-01-28 23:49:35,8.22
2026-01-28 23:49:36,8.22
2026-01-28 23:49:37,8.22
2026-01-28 23:49:38,8.22
2026-01-28 23:49:39,7.70
2026-01-28 23:49:40,7.70
2026-01-28 23:49:41,7.70
2026-01-28 23:49:42,7.70
2026-01-28 23:49:43,7.70
2026-01-28 23:49:44,7.58
2026-01-28 23:49:45,7.58
2026-01-28 23:49:46,7.58
2026-01-28 23:49:47,7.58
2026-01-28 23:49:48,7.58
2026-01-28 23:49:49,7.03
2026-01-28 23:49:50,7.03
2026-01-28 23:49:51,7.03
2026-01-28 23:49:52,7.03
2026-01-28 23:49:53,7.03
2026-01-28 23:49:54,6.86
2026-01-28 23:49:55,6.86
2026-01-28 23:49:56,6.86
2026-01-28 23:49:57,6.86
2026-01-28 23:49:58,6.86
2026-01-28 23:49:59,6.98
2026-01-28 23:50:00,6.98
2026-01-28 23:50:01,6.98
2026-01-28 23:50:02,6.98
2026-01-28 23:50:03,6.98
2026-01-28 23:50:04,6.89
2026-01-28 23:50:05,6.89
2026-01-28 23:50:06,6.89
2026-01-28 23:50:07,6.89
2026-01-28 23:50:08,6.89
2026-01-28 23:50:09,6.98
2026-01-28 23:50:10,6.98
2026-01-28 23:50:11,6.98
2026-01-28 23:50:12,6.98
2026-01-28 23:50:13,6.98
2026-01-28 23:50:14,6.72
2026-01-28 23:50:15,6.72
2026-01-28 23:50:16,6.72
2026-01-28 23:50:17,6.72
2026-01-28 23:50:18,6.72
2026-01-28 23:50:19,6.80
2026-01-28 23:50:20,6.80
2026-01-28 23:50:21,6.80
2026-01-28 23:50:22,6.80
2026-01-28 23:50:23,6.80
2026-01-28 23:50:24,6.79
2026-01-28 23:50:25,6.79
2026-01-28 23:50:26,6.79
2026-01-28 23:50:27,6.79
2026-01-28 23:50:28,6.79
2026-01-28 23:50:29,7.08
2026-01-28 23:50:30,7.08
2026-01-28 23:50:31,7.08
2026-01-28 23:50:32,7.08
2026-01-28 23:50:33,7.08
2026-01-28 23:50:34,7.64
2026-01-28 23:50:35,7.64
2026-01-28 23:50:36,7.64
2026-01-28 23:50:37,7.64
2026-01-28 23:50:38,7.64
2026-01-28 23:50:39,6.75
2026-01-28 23:50:40,6.75
2026-01-28 23:50:41,6.75
2026-01-28 23:50:42,6.75
2026-01-28 23:50:43,6.75
2026-01-28 23:50:44,6.98
2026-01-28 23:50:45,6.98
2026-01-28 23:50:46,6.98
2026-01-28 23:50:47,6.98
2026-01-28 23:50:48,6.98
2026-01-28 23:50:49,7.00
2026-01-28 23:50:50,7.00
2026-01-28 23:50:51,7.00
2026-01-28 23:50:52,7.00
2026-01-28 23:50:53,7.00
2026-01-28 23:50:54,6.87
2026-01-28 23:50:55,6.87
2026-01-28 23:50:56,6.87
2026-01-28 23:50:57,6.87
2026-01-28 23:50:58,6.87
2026-01-28 23:50:59,6.83
2026-01-28 23:51:00,6.83
2026-01-28 23:51:01,6.83
2026-01-28 23:51:02,6.83
2026-01-28 23:51:03,6.83
2026-01-28 23:51:04,6.90
2026-01-28 23:51:05,6.90
2026-01-28 23:51:06,6.90
2026-01-28 23:51:07,6.90
2026-01-28 23:51:08,6.90
2026-01-28 23:51:09,6.99
2026-01-28 23:51:10,6.99
2026-01-28 23:51:11,6.99
2026-01-28 23:51:12,6.99
2026-01-28 23:51:13,6.99
2026-01-28 23:51:14,8.22
2026-01-28 23:51:15,8.22
2026-01-28 23:51:16,8.22
2026-01-28 23:51:17,8.22
2026-01-28 23:51:18,8.22
2026-01-28 23:51:19,7.84
2026-01-28 23:51:20,7.84
2026-01-28 23:51:21,7.84
2026-01-28 23:51:22,7.84
2026-01-28 23:51:23,7.84
2026-01-28 23:51:24,7.91
2026-01-28 23:51:25,7.91
2026-01-28 23:51:26,7.91
2026-01-28 23:51:27,7.91
2026-01-28 23:51:28,7.91
2026-01-28 23:51:29,7.94
2026-01-28 23:51:30,7.94
2026-01-28 23:51:31,7.94
2026-01-28 23:51:32,7.94
2026-01-28 23:51:33,7.94
2026-01-28 23:51:34,7.89
2026-01-28 23:51:35,7.89
2026-01-28 23:51:36,7.89
2026-01-28 23:51:37,7.89
2026-01-28 23:51:38,7.89
2026-01-28 23:51:39,7.95
2026-01-28 23:51:40,7.95
2026-01-28 23:51:41,7.95
2026-01-28 23:51:42,7.95
2026-01-28 23:51:43,7.95
2026-01-28 23:51:44,8.95
2026-01-28 23:51:45,8.95
2026-01-28 23:51:46,8.95
2026-01-28 23:51:47,8.95
2026-01-28 23:51:48,8.95
2026-01-28 23:51:49,7.17
2026-01-28 23:51:50,7.17
2026-01-28 23:51:51,7.17
2026-01-28 23:51:52,7.17
2026-01-28 23:51:53,7.17
2026-01-28 23:51:54,6.92
2026-01-28 23:51:55,6.92
2026-01-28 23:51:56,6.92
2026-01-28 23:51:57,6.92
2026-01-28 23:51:58,6.92
2026-01-28 23:51:59,7.28
2026-01-28 23:52:00,7.28
2026-01-28 23:52:01,7.28
2026-01-28 23:52:02,7.28
2026-01-28 23:52:03,7.28
2026-01-28 23:52:04,6.91
2026-01-28 23:52:05,6.91
2026-01-28 23:52:06,6.91
2026-01-28 23:52:07,6.91
2026-01-28 23:52:08,6.91
2026-01-28 23:52:09,8.79
2026-01-28 23:52:10,8.79
2026-01-28 23:52:11,8.79
2026-01-28 23:52:12,8.79
2026-01-28 23:52:13,8.79
2026-01-28 23:52:14,7.90
2026-01-28 23:52:15,7.90
2026-01-28 23:52:16,7.90
2026-01-28 23:52:17,7.90
2026-01-28 23:52:18,7.90
2026-01-28 23:52:19,7.98
2026-01-28 23:52:20,7.98
2026-01-28 23:52:21,7.98
2026-01-28 23:52:22,7.98
2026-01-28 23:52:23,7.98
2026-01-28 23:52:24,7.98
2026-01-28 23:52:25,7.98
2026-01-28 23:52:26,7.98
2026-01-28 23:52:27,7.98
2026-01-28 23:52:28,7.98
2026-01-28 23:52:29,8.26
2026-01-28 23:52:30,8.26
2026-01-28 23:52:31,8.26
2026-01-28 23:52:32,8.26
2026-01-28 23:52:33,8.26
2026-01-28 23:52:34,8.04
2026-01-28 23:52:35,8.04
2026-01-28 23:52:36,8.04
2026-01-28 23:52:37,8.04
2026-01-28 23:52:38,8.04
2026-01-28 23:52:39,7.97
2026-01-28 23:52:40,7.97
2026-01-28 23:52:41,7.97
2026-01-28 23:52:42,7.97
2026-01-28 23:52:43,7.97
2026-01-28 23:52:44,8.30
2026-01-28 23:52:45,8.30
2026-01-28 23:52:46,8.30
2026-01-28 23:52:47,8.30
2026-01-28 23:52:48,8.30
2026-01-28 23:52:49,8.11
2026-01-28 23:52:50,8.11
2026-01-28 23:52:51,8.11
2026-01-28 23:52:52,8.11
2026-01-28 23:52:53,8.11
2026-01-28 23:52:54,8.11
2026-01-28 23:52:55,8.11
2026-01-28 23:52:56,8.11
2026-01-28 23:52:57,8.11
2026-01-28 23:52:58,8.11
2026-01-28 23:52:59,8.04
2026-01-28 23:53:00,8.04
2026-01-28 23:53:01,8.04
2026-01-28 23:53:02,8.04
2026-01-28 23:53:03,8.04
2026-01-28 23:53:04,7.92
2026-01-28 23:53:05,7.92
2026-01-28 23:53:06,7.92
2026-01-28 23:53:07,7.92
2026-01-28 23:53:08,7.92
2026-01-28 23:53:09,8.16
2026-01-28 23:53:10,8.16
2026-01-28 23:53:11,8.16
2026-01-28 23:53:12,8.16
2026-01-28 23:53:13,8.16
2026-01-28 23:53:14,7.94
2026-01-28 23:53:15,7.94
2026-01-28 23:53:16,7.94
2026-01-28 23:53:17,7.94
2026-01-28 23:53:18,7.94
2026-01-28 23:53:19,9.16
2026-01-28 23:53:20,9.16
2026-01-28 23:53:21,9.16
2026-01-28 23:53:22,9.16
2026-01-28 23:53:23,9.16
2026-01-28 23:53:24,8.74
2026-01-28 23:53:25,8.74
2026-01-28 23:53:26,8.74
2026-01-28 23:53:27,8.74
2026-01-28 23:53:28,8.74
2026-01-28 23:53:29,8.97
2026-01-28 23:53:30,8.97
2026-01-28 23:53:31,8.97
2026-01-28 23:53:32,8.97
2026-01-28 23:53:33,8.97
2026-01-28 23:53:34,8.78
2026-01-28 23:53:35,8.78
2026-01-28 23:53:36,8.78
2026-01-28 23:53:37,8.78
2026-01-28 23:53:38,8.78
2026-01-28 23:53:39,8.72
2026-01-28 23:53:40,8.72
2026-01-28 23:53:41,8.72
2026-01-28 23:53:42,8.72
2026-01-28 23:53:43,8.72
2026-01-28 23:53:44,9.07
2026-01-28 23:53:45,9.07
2026-01-28 23:53:46,9.07
2026-01-28 23:53:47,9.07
2026-01-28 23:53:48,9.07
2026-01-28 23:53:49,8.88
2026-01-28 23:53:50,8.88
2026-01-28 23:53:51,8.88
2026-01-28 23:53:52,8.88
2026-01-28 23:53:53,8.88
2026-01-28 23:53:54,8.75
2026-01-28 23:53:55,8.75
2026-01-28 23:53:56,8.75
2026-01-28 23:53:57,8.75
2026-01-28 23:53:58,8.75
2026-01-28 23:53:59,8.72
2026-01-28 23:54:00,8.72
2026-01-28 23:54:01,8.72
2026-01-28 23:54:02,8.72
2026-01-28 23:54:03,8.72
2026-01-28 23:54:04,8.80
2026-01-28 23:54:05,8.80
2026-01-28 23:54:06,8.80
2026-01-28 23:54:07,8.80
2026-01-28 23:54:08,8.80
2026-01-28 23:54:09,8.82
2026-01-28 23:54:10,8.82
2026-01-28 23:54:11,8.82
2026-01-28 23:54:12,8.82
2026-01-28 23:54:13,8.82
2026-01-28 23:54:14,0
2026-01-28 23:54:15,0
2026-01-28 23:54:16,0
2026-01-28 23:54:17,0
2026-01-28 23:54:18,0
2026-01-28 23:54:19,0
2026-01-28 23:54:20,0
2026-01-28 23:54:21,0
2026-01-28 23:54:22,0
2026-01-28 23:54:23,0
2026-01-28 23:54:24,0
2026-01-28 23:54:25,0
2026-01-28 23:54:26,0
2026-01-28 23:54:27,0
2026-01-28 23:54:28,0
2026-01-28 23:54:29,0
2026-01-28 23:54:30,0
2026-01-28 23:54:31,0
2026-01-28 23:54:32,0
2026-01-28 23:54:33,0
2026-01-28 23:54:34,0
2026-01-28 23:54:35,0
2026-01-28 23:54:36,0
2026-01-28 23:54:37,0
2026-01-28 23:54:38,0
2026-01-28 23:54:39,0
2026-01-28 23:54:40,0
2026-01-28 23:54:41,0
2026-01-28 23:54:42,0
2026-01-28 23:54:43,0
2026-01-28 23:54:44,0
2026-01-28 23:54:45,0
2026-01-28 23:54:46,0
2026-01-28 23:54:47,0
2026-01-28 23:54:48,0
2026-01-28 23:54:49,0
2026-01-28 23:54:50,0
2026-01-28 23:54:51,0
2026-01-28 23:54:52,0
2026-01-28 23:54:53,0
2026-01-28 23:54:54,0
2026-01-28 23:54:55,0
2026-01-28 23:54:56,0
2026-01-28 23:54:57,0
2026-01-28 23:54:58,0
2026-01-28 23:54:59,0
2026-01-28 23:55:00,0
2026-01-28 23:55:01,0
2026-01-28 23:55:02,0
2026-01-28 23:55:03,0
2026-01-28 23:55:04,0
2026-01-28 23:55:05,0
2026-01-28 23:55:06,0
2026-01-28 23:55:07,0
2026-01-28 23:55:08,0
2026-01-28 23:55:09,0
2026-01-28 23:55:10,0
2026-01-28 23:55:11,0
2026-01-28 23:55:12,0
2026-01-28 23:55:13,0
2026-01-28 23:55:14,0
2026-01-28 23:55:15,0
2026-01-28 23:55:16,0
2026-01-28 23:55:17,0
2026-01-28 23:55:18,0
2026-01-28 23:55:19,0
2026-01-28 23:55:20,0
2026-01-28 23:55:21,0
2026-01-28 23:55:22,0
2026-01-28 23:55:23,0
2026-01-28 23:55:24,0
2026-01-28 23:55:25,0
2026-01-28 23:55:26,0
2026-01-28 23:55:27,0
2026-01-28 23:55:28,0
2026-01-28 23:55:29,0
2026-01-28 23:55:30,0
2026-01-28 23:55:31,0
2026-01-28 23:55:32,0
2026-01-28 23:55:33,0
2026-01-28 23:55:34,0
2026-01-28 23:55:35,0
2026-01-28 23:55:36,0
2026-01-28 23:55:37,0
2026-01-28 23:55:38,0
2026-01-28 23:55:39,0
2026-01-28 23:55:40,0
2026-01-28 23:55:41,0
2026-01-28 23:55:42,0
2026-01-28 23:55:43,0
2026-01-28 23:55:44,0
2026-01-28 23:55:45,0
2026-01-28 23:55:46,0
2026-01-28 23:55:47,0
2026-01-28 23:55:48,0
2026-01-28 23:56:04,7.16
2026-01-28 23:56:05,7.16
2026-01-28 23:56:06,7.16
2026-01-28 23:56:07,7.16
2026-01-28 23:56:08,7.16
2026-01-28 23:56:09,8.54
2026-01-28 23:56:10,8.54
2026-01-28 23:56:11,8.54
2026-01-28 23:56:12,8.54
2026-01-28 23:56:13,8.54
2026-01-28 23:56:14,7.77
2026-01-28 23:56:15,7.77
2026-01-28 23:56:16,7.77
2026-01-28 23:56:17,7.77
2026-01-28 23:56:18,7.77
2026-01-28 23:56:19,7.76
2026-01-28 23:56:20,7.76
2026-01-28 23:56:21,7.76
2026-01-28 23:56:22,7.76
2026-01-28 23:56:23,7.76
2026-01-28 23:56:24,8.65
2026-01-28 23:56:25,8.65
2026-01-28 23:56:26,8.65
2026-01-28 23:56:27,8.65
2026-01-28 23:56:28,8.65
2026-01-28 23:56:29,9.36
2026-01-28 23:56:30,9.36
2026-01-28 23:56:31,9.36
2026-01-28 23:56:32,9.36
2026-01-28 23:56:33,9.36
2026-01-28 23:56:34,8.63
2026-01-28 23:56:35,8.63
2026-01-28 23:56:36,8.63
2026-01-28 23:56:37,8.63
2026-01-28 23:56:38,8.63
2026-01-28 23:56:39,8.63
2026-01-28 23:56:40,8.63
2026-01-28 23:56:41,8.63
2026-01-28 23:56:42,8.63
2026-01-28 23:56:43,8.63
2026-01-28 23:56:44,8.94
2026-01-28 23:56:45,8.94
2026-01-28 23:56:46,8.94
2026-01-28 23:56:47,8.94
2026-01-28 23:56:48,8.94
2026-01-28 23:56:49,8.70
2026-01-28 23:56:50,8.70
2026-01-28 23:56:51,8.70
2026-01-28 23:56:52,8.70
2026-01-28 23:56:53,8.70
2026-01-28 23:56:54,8.52
2026-01-28 23:56:55,8.52
2026-01-28 23:56:56,8.52
2026-01-28 23:56:57,8.52
2026-01-28 23:56:58,8.52
2026-01-28 23:56:59,8.48
2026-01-28 23:57:00,8.48
2026-01-28 23:57:01,8.48
2026-01-28 23:57:02,8.48
2026-01-28 23:57:03,8.48
2026-01-28 23:57:04,8.61
2026-01-28 23:57:05,8.61
2026-01-28 23:57:06,8.61
2026-01-28 23:57:07,8.61
2026-01-28 23:57:08,8.61
2026-01-28 23:57:09,8.74
2026-01-28 23:57:10,8.74
2026-01-28 23:57:11,8.74
2026-01-28 23:57:12,8.74
2026-01-28 23:57:13,8.74
2026-01-28 23:57:14,8.33
2026-01-28 23:57:15,8.33
2026-01-28 23:57:16,8.33
2026-01-28 23:57:17,8.33
2026-01-28 23:57:18,8.33
2026-01-28 23:57:19,8.53
2026-01-28 23:57:20,8.53
2026-01-28 23:57:21,8.53
2026-01-28 23:57:22,8.53
2026-01-28 23:57:23,8.53
2026-01-28 23:57:24,8.53
2026-01-28 23:57:25,8.53
2026-01-28 23:57:26,8.53
2026-01-28 23:57:27,8.53
2026-01-28 23:57:28,8.53
2026-01-28 23:57:29,8.44
2026-01-28 23:57:30,8.44
2026-01-28 23:57:31,8.44
2026-01-28 23:57:32,8.44
2026-01-28 23:57:33,8.44
2026-01-28 23:57:34,8.51
2026-01-28 23:57:35,8.51
2026-01-28 23:57:36,8.51
2026-01-28 23:57:37,8.51
2026-01-28 23:57:38,8.51
2026-01-28 23:57:39,8.56
2026-01-28 23:57:40,8.56
2026-01-28 23:57:41,8.56
2026-01-28 23:57:42,8.56
2026-01-28 23:57:43,8.56
2026-01-28 23:57:44,9.15
2026-01-28 23:57:45,9.15
2026-01-28 23:57:46,9.15
2026-01-28 23:57:47,9.15
2026-01-28 23:57:48,9.15
2026-01-28 23:57:49,8.67
2026-01-28 23:57:50,8.67
2026-01-28 23:57:51,8.67
2026-01-28 23:57:52,8.67
2026-01-28 23:57:53,8.67
2026-01-28 23:57:54,8.37
2026-01-28 23:57:55,8.37
2026-01-28 23:57:56,8.37
2026-01-28 23:57:57,8.37
2026-01-28 23:57:58,8.37
2026-01-28 23:57:59,8.54
2026-01-28 23:58:00,8.54
2026-01-28 23:58:01,8.54
2026-01-28 23:58:02,8.54
2026-01-28 23:58:03,8.54
2026-01-28 23:58:04,8.75
2026-01-28 23:58:05,8.75
2026-01-28 23:58:06,8.75
2026-01-28 23:58:07,8.75
2026-01-28 23:58:08,8.75
2026-01-28 23:58:09,8.93
2026-01-28 23:58:10,8.93
2026-01-28 23:58:11,8.93
2026-01-28 23:58:12,8.93
2026-01-28 23:58:13,8.93
2026-01-28 23:58:14,8.47
2026-01-28 23:58:15,8.47
2026-01-28 23:58:16,8.47
2026-01-28 23:58:17,8.47
2026-01-28 23:58:18,8.47
2026-01-28 23:58:19,8.43
2026-01-28 23:58:20,8.43
2026-01-28 23:58:21,8.43
2026-01-28 23:58:22,8.43
2026-01-28 23:58:23,8.43
2026-01-28 23:58:24,8.52
2026-01-28 23:58:25,8.52
2026-01-28 23:58:26,8.52
2026-01-28 23:58:27,8.52
2026-01-28 23:58:28,8.52
2026-01-28 23:58:29,8.61
2026-01-28 23:58:30,8.61
2026-01-28 23:58:31,8.61
2026-01-28 23:58:32,8.61
2026-01-28 23:58:33,8.61
2026-01-28 23:58:34,8.49
2026-01-28 23:58:35,8.49
2026-01-28 23:58:36,8.49
2026-01-28 23:58:37,8.49
2026-01-28 23:58:38,8.49
2026-01-28 23:58:39,8.48
2026-01-28 23:58:40,8.48
2026-01-28 23:58:41,8.48
2026-01-28 23:58:42,8.48
2026-01-28 23:58:43,8.48
2026-01-28 23:58:44,9.21
2026-01-28 23:58:45,9.21
2026-01-28 23:58:46,9.21
2026-01-28 23:58:47,9.21
2026-01-28 23:58:48,9.21
2026-01-28 23:58:49,8.28
2026-01-28 23:58:50,8.28
2026-01-28 23:58:51,8.28
2026-01-28 23:58:52,8.28
2026-01-28 23:58:53,8.28
2026-01-28 23:58:54,6.52
2026-01-28 23:58:55,6.52
2026-01-28 23:58:56,6.52
2026-01-28 23:58:57,6.52
2026-01-28 23:58:58,6.52
2026-01-28 23:58:59,6.75
2026-01-28 23:59:00,6.75
2026-01-28 23:59:01,6.75
2026-01-28 23:59:02,6.75
2026-01-28 23:59:03,6.75
2026-01-28 23:59:04,6.68
2026-01-28 23:59:05,6.68
2026-01-28 23:59:06,6.68
2026-01-28 23:59:07,6.68
2026-01-28 23:59:08,6.68
2026-01-28 23:59:09,6.62
2026-01-28 23:59:10,6.62
2026-01-28 23:59:11,6.62
2026-01-28 23:59:12,6.62
2026-01-28 23:59:13,6.62
2026-01-28 23:59:14,6.68
2026-01-28 23:59:15,6.68
2026-01-28 23:59:16,6.68
2026-01-28 23:59:17,6.68
2026-01-28 23:59:18,6.68
2026-01-28 23:59:19,6.85
2026-01-28 23:59:20,6.85
2026-01-28 23:59:21,6.85
2026-01-28 23:59:22,6.85
2026-01-28 23:59:23,6.85
2026-01-28 23:59:24,6.77
2026-01-28 23:59:25,6.77
2026-01-28 23:59:26,6.77
2026-01-28 23:59:27,6.77
2026-01-28 23:59:28,6.77
2026-01-28 23:59:29,6.68
2026-01-28 23:59:30,6.68
2026-01-28 23:59:31,6.68
2026-01-28 23:59:32,6.68
2026-01-28 23:59:33,6.68
2026-01-28 23:59:34,6.91
2026-01-28 23:59:35,6.91
2026-01-28 23:59:36,6.91
2026-01-28 23:59:37,6.91
2026-01-28 23:59:38,6.91
2026-01-28 23:59:39,6.71
2026-01-28 23:59:40,6.71
2026-01-28 23:59:41,6.71
2026-01-28 23:59:42,6.71
2026-01-28 23:59:43,6.71
2026-01-28 23:59:44,6.73
2026-01-28 23:59:45,6.73
2026-01-28 23:59:46,6.73
2026-01-28 23:59:47,6.73
2026-01-28 23:59:48,6.73
2026-01-28 23:59:49,6.75
2026-01-28 23:59:50,6.75
2026-01-28 23:59:51,6.75
2026-01-28 23:59:52,6.75
2026-01-28 23:59:53,6.75
2026-01-28 23:59:54,6.98
2026-01-28 23:59:55,6.98
2026-01-28 23:59:56,6.98
2026-01-28 23:59:57,6.98
2026-01-28 23:59:58,6.98
2026-01-28 23:59:59,6.70
2026-01-29 00:00:00,6.70
2026-01-29 00:00:01,6.70
2026-01-29 00:00:02,6.70
2026-01-29 00:00:03,6.70
2026-01-29 00:00:04,6.87
2026-01-29 00:00:05,6.87
2026-01-29 00:00:06,6.87
2026-01-29 00:00:07,6.87
2026-01-29 00:00:08,6.87
2026-01-29 00:00:09,6.58
2026-01-29 00:00:10,6.58
2026-01-29 00:00:11,6.58
2026-01-29 00:00:12,6.58
2026-01-29 00:00:13,6.58
2026-01-29 00:00:14,6.77
2026-01-29 00:00:15,6.77
2026-01-29 00:00:16,6.77
2026-01-29 00:00:17,6.77
2026-01-29 00:00:18,6.77
2026-01-29 00:00:19,6.76
2026-01-29 00:00:20,6.76
2026-01-29 00:00:21,6.76
2026-01-29 00:00:22,6.76
2026-01-29 00:00:23,6.76
2026-01-29 00:00:24,6.86
2026-01-29 00:00:25,6.86
2026-01-29 00:00:26,6.86
2026-01-29 00:00:27,6.86
2026-01-29 00:00:28,6.86
2026-01-29 00:00:29,6.63
2026-01-29 00:00:30,6.63
2026-01-29 00:00:31,6.63
2026-01-29 00:00:32,6.63
2026-01-29 00:00:33,6.63
2026-01-29 00:00:34,6.81
2026-01-29 00:00:35,6.81
2026-01-29 00:00:36,6.81
2026-01-29 00:00:37,6.81
2026-01-29 00:00:38,6.81
2026-01-29 00:00:39,6.70
2026-01-29 00:00:40,6.70
2026-01-29 00:00:41,6.70
2026-01-29 00:00:42,6.70
2026-01-29 00:00:43,6.70
2026-01-29 00:00:44,7.00
2026-01-29 00:00:45,7.00
2026-01-29 00:00:46,7.00
2026-01-29 00:00:47,7.00
2026-01-29 00:00:48,7.00
2026-01-29 00:00:49,7.41
2026-01-29 00:00:50,7.41
2026-01-29 00:00:51,7.41
2026-01-29 00:00:52,7.41
2026-01-29 00:00:53,7.41
2026-01-29 00:00:54,0
2026-01-29 00:00:55,0
2026-01-29 00:00:56,0
2026-01-29 00:00:57,0
2026-01-29 00:00:58,0
2026-01-29 00:00:59,0
2026-01-29 00:01:00,0
2026-01-29 00:01:01,0
2026-01-29 00:01:02,0
2026-01-29 00:01:03,0
2026-01-29 00:01:04,0
2026-01-29 00:01:05,0
2026-01-29 00:01:06,0
2026-01-29 00:01:07,0
2026-01-29 00:01:08,0
2026-01-29 00:01:09,0
2026-01-29 00:01:10,0
2026-01-29 00:01:11,0
2026-01-29 00:01:12,0
2026-01-29 00:01:13,0
2026-01-29 00:01:14,0
2026-01-29 00:01:15,0
2026-01-29 00:01:16,0
2026-01-29 00:01:17,0
2026-01-29 00:01:18,0
2026-01-29 00:01:19,0
2026-01-29 00:01:20,0
2026-01-29 00:01:21,0
2026-01-29 00:01:22,0
2026-01-29 00:01:23,0
2026-01-29 00:01:24,0
2026-01-29 00:01:25,0
2026-01-29 00:01:26,0
2026-01-29 00:01:27,0
2026-01-29 00:01:28,0
2026-01-29 00:01:29,0
2026-01-29 00:01:30,0
2026-01-29 00:01:31,0
2026-01-29 00:01:32,0
2026-01-29 00:01:33,0
2026-01-29 00:01:34,0
2026-01-29 00:01:35,0
2026-01-29 00:01:36,0
2026-01-29 00:01:37,0
2026-01-29 00:01:38,0
2026-01-29 00:01:39,0
2026-01-29 00:01:40,0
2026-01-29 00:01:41,0
2026-01-29 00:01:42,0
2026-01-29 00:01:43,0
2026-01-29 00:01:44,0
2026-01-29 00:01:45,0
2026-01-29 00:01:46,0
2026-01-29 00:01:47,0
2026-01-29 00:01:48,0
2026-01-29 00:01:49,0
2026-01-29 00:01:50,0
2026-01-29 00:01:51,0
2026-01-29 00:01:52,0
2026-01-29 00:01:53,0
2026-01-29 00:01:54,0
2026-01-29 00:01:55,0
2026-01-29 00:01:56,0
2026-01-29 00:01:57,0
2026-01-29 00:01:58,0
2026-01-29 00:01:59,0
2026-01-29 00:02:00,0
2026-01-29 00:02:01,0
2026-01-29 00:02:02,0
2026-01-29 00:02:03,0
2026-01-29 00:02:04,0
2026-01-29 00:02:05,0
2026-01-29 00:02:06,0
2026-01-29 00:02:07,0
2026-01-29 00:02:08,0
2026-01-29 00:02:09,0
2026-01-29 00:02:10,0
2026-01-29 00:02:11,0
2026-01-29 00:02:12,0
2026-01-29 00:02:13,0
2026-01-29 00:02:14,0
2026-01-29 00:02:15,0
2026-01-29 00:02:16,0
2026-01-29 00:02:17,0
2026-01-29 00:02:18,0
2026-01-29 00:02:19,0
2026-01-29 00:02:20,0
2026-01-29 00:02:21,0
2026-01-29 00:02:22,0
2026-01-29 00:02:23,0
2026-01-29 00:02:44,2.72
2026-01-29 00:02:45,2.72
2026-01-29 00:02:46,2.72
2026-01-29 00:02:47,2.72
2026-01-29 00:02:48,2.72
2026-01-29 00:02:49,7.85
2026-01-29 00:02:50,7.85
2026-01-29 00:02:51,7.85
2026-01-29 00:02:52,7.85
2026-01-29 00:02:53,7.85
2026-01-29 00:02:54,9.25
2026-01-29 00:02:55,9.25
2026-01-29 00:02:56,9.25
2026-01-29 00:02:57,9.25
2026-01-29 00:02:58,9.25
2026-01-29 00:02:59,8.66
2026-01-29 00:03:00,8.66
2026-01-29 00:03:01,8.66
2026-01-29 00:03:02,8.66
2026-01-29 00:03:03,8.66
2026-01-29 00:03:04,8.63
2026-01-29 00:03:05,8.63
2026-01-29 00:03:06,8.63
2026-01-29 00:03:07,8.63
2026-01-29 00:03:08,8.63
2026-01-29 00:03:09,10.1
2026-01-29 00:03:10,10.1
2026-01-29 00:03:11,10.1
2026-01-29 00:03:12,10.1
2026-01-29 00:03:13,10.1
2026-01-29 00:03:14,7.77
2026-01-29 00:03:15,7.77
2026-01-29 00:03:16,7.77
2026-01-29 00:03:17,7.77
2026-01-29 00:03:18,7.77
2026-01-29 00:03:19,7.61
2026-01-29 00:03:20,7.61
2026-01-29 00:03:21,7.61
2026-01-29 00:03:22,7.61
2026-01-29 00:03:23,7.61
2026-01-29 00:03:24,7.71
2026-01-29 00:03:25,7.71
2026-01-29 00:03:26,7.71
2026-01-29 00:03:27,7.71
2026-01-29 00:03:28,7.71
2026-01-29 00:03:29,7.59
2026-01-29 00:03:30,7.59
2026-01-29 00:03:31,7.59
2026-01-29 00:03:32,7.59
2026-01-29 00:03:33,7.59
2026-01-29 00:03:34,7.88
2026-01-29 00:03:35,7.88
2026-01-29 00:03:36,7.88
2026-01-29 00:03:37,7.88
2026-01-29 00:03:38,7.88
2026-01-29 00:03:39,7.75
2026-01-29 00:03:40,7.75
2026-01-29 00:03:41,7.75
2026-01-29 00:03:42,7.75
2026-01-29 00:03:43,7.75
2026-01-29 00:03:44,7.74
2026-01-29 00:03:45,7.74
2026-01-29 00:03:46,7.74
2026-01-29 00:03:47,7.74
2026-01-29 00:03:48,7.74
2026-01-29 00:03:49,7.72
2026-01-29 00:03:50,7.72
2026-01-29 00:03:51,7.72
2026-01-29 00:03:52,7.72
2026-01-29 00:03:53,7.72
2026-01-29 00:03:54,8.07
2026-01-29 00:03:55,8.07
2026-01-29 00:03:56,8.07
2026-01-29 00:03:57,8.07
2026-01-29 00:03:58,8.07
2026-01-29 00:03:59,7.72
2026-01-29 00:04:00,7.72
2026-01-29 00:04:01,7.72
2026-01-29 00:04:02,7.72
2026-01-29 00:04:03,7.72
2026-01-29 00:04:04,7.76
2026-01-29 00:04:05,7.76
2026-01-29 00:04:06,7.76
2026-01-29 00:04:07,7.76
2026-01-29 00:04:08,7.76
2026-01-29 00:04:09,7.60
2026-01-29 00:04:10,7.60
2026-01-29 00:04:11,7.60
2026-01-29 00:04:12,7.60
2026-01-29 00:04:13,7.60
2026-01-29 00:04:14,7.69
2026-01-29 00:04:15,7.69
2026-01-29 00:04:16,7.69
2026-01-29 00:04:17,7.69
2026-01-29 00:04:18,7.69
2026-01-29 00:04:19,7.67
2026-01-29 00:04:20,7.67
2026-01-29 00:04:21,7.67
2026-01-29 00:04:22,7.67
2026-01-29 00:04:23,7.67
2026-01-29 00:04:24,7.72
2026-01-29 00:04:25,7.72
2026-01-29 00:04:26,7.72
2026-01-29 00:04:27,7.72
2026-01-29 00:04:28,7.72
2026-01-29 00:04:29,7.60
2026-01-29 00:04:30,7.60
2026-01-29 00:04:31,7.60
2026-01-29 00:04:32,7.60
2026-01-29 00:04:33,7.60
2026-01-29 00:04:34,7.94
2026-01-29 00:04:35,7.94
2026-01-29 00:04:36,7.94
2026-01-29 00:04:37,7.94
2026-01-29 00:04:38,7.94
2026-01-29 00:04:39,7.80
2026-01-29 00:04:40,7.80
2026-01-29 00:04:41,7.80
2026-01-29 00:04:42,7.80
2026-01-29 00:04:43,7.80
2026-01-29 00:04:44,8.64
2026-01-29 00:04:45,8.64
2026-01-29 00:04:46,8.64
2026-01-29 00:04:47,8.64
2026-01-29 00:04:48,8.64
2026-01-29 00:04:49,7.08
2026-01-29 00:04:50,7.08
2026-01-29 00:04:51,7.08
2026-01-29 00:04:52,7.08
2026-01-29 00:04:53,7.08
2026-01-29 00:04:54,7.18
2026-01-29 00:04:55,7.18
2026-01-29 00:04:56,7.18
2026-01-29 00:04:57,7.18
2026-01-29 00:04:58,7.18
2026-01-29 00:04:59,6.90
2026-01-29 00:05:00,6.90
2026-01-29 00:05:01,6.90
2026-01-29 00:05:02,6.90
2026-01-29 00:05:03,6.90
2026-01-29 00:05:04,6.79
2026-01-29 00:05:05,6.79
2026-01-29 00:05:06,6.79
2026-01-29 00:05:07,6.79
2026-01-29 00:05:08,6.79
2026-01-29 00:05:09,6.75
2026-01-29 00:05:10,6.75
2026-01-29 00:05:11,6.75
2026-01-29 00:05:12,6.75
2026-01-29 00:05:13,6.75
2026-01-29 00:05:14,6.79
2026-01-29 00:05:15,6.79
2026-01-29 00:05:16,6.79
2026-01-29 00:05:17,6.79
2026-01-29 00:05:18,6.79
2026-01-29 00:05:19,6.46
2026-01-29 00:05:20,6.46
2026-01-29 00:05:21,6.46
2026-01-29 00:05:22,6.46
2026-01-29 00:05:23,6.46
2026-01-29 00:05:24,8.06
2026-01-29 00:05:25,8.06
2026-01-29 00:05:26,8.06
2026-01-29 00:05:27,8.06
2026-01-29 00:05:28,8.06
2026-01-29 00:05:29,7.84
2026-01-29 00:05:30,7.84
2026-01-29 00:05:31,7.84
2026-01-29 00:05:32,7.84
2026-01-29 00:05:33,7.84
2026-01-29 00:05:34,7.54
2026-01-29 00:05:35,7.54
2026-01-29 00:05:36,7.54
2026-01-29 00:05:37,7.54
2026-01-29 00:05:38,7.54
2026-01-29 00:05:39,7.36
2026-01-29 00:05:40,7.36
2026-01-29 00:05:41,7.36
2026-01-29 00:05:42,7.36
2026-01-29 00:05:43,7.36
2026-01-29 00:05:44,6.74
2026-01-29 00:05:45,6.74
2026-01-29 00:05:46,6.74
2026-01-29 00:05:47,6.74
2026-01-29 00:05:48,6.74
2026-01-29 00:05:49,6.88
2026-01-29 00:05:50,6.88
2026-01-29 00:05:51,6.88
2026-01-29 00:05:52,6.88
2026-01-29 00:05:53,6.88
2026-01-29 00:05:54,7.06
2026-01-29 00:05:55,7.06
2026-01-29 00:05:56,7.06
2026-01-29 00:05:57,7.06
2026-01-29 00:05:58,7.06
2026-01-29 00:05:59,6.75
2026-01-29 00:06:00,6.75
2026-01-29 00:06:01,6.75
2026-01-29 00:06:02,6.75
2026-01-29 00:06:03,6.75
2026-01-29 00:06:04,6.82
2026-01-29 00:06:05,6.82
2026-01-29 00:06:06,6.82
2026-01-29 00:06:07,6.82
2026-01-29 00:06:08,6.82
2026-01-29 00:06:09,6.73
2026-01-29 00:06:10,6.73
2026-01-29 00:06:11,6.73
2026-01-29 00:06:12,6.73
2026-01-29 00:06:13,6.73
2026-01-29 00:06:14,6.74
2026-01-29 00:06:15,6.74
2026-01-29 00:06:16,6.74
2026-01-29 00:06:17,6.74
2026-01-29 00:06:18,6.74
2026-01-29 00:06:19,8.01
2026-01-29 00:06:20,8.01
2026-01-29 00:06:21,8.01
2026-01-29 00:06:22,8.01
2026-01-29 00:06:23,8.01
2026-01-29 00:06:24,7.76
2026-01-29 00:06:25,7.76
2026-01-29 00:06:26,7.76
2026-01-29 00:06:27,7.76
2026-01-29 00:06:28,7.76
2026-01-29 00:06:29,7.65
2026-01-29 00:06:30,7.65
2026-01-29 00:06:31,7.65
2026-01-29 00:06:32,7.65
2026-01-29 00:06:33,7.65
2026-01-29 00:06:34,7.81
2026-01-29 00:06:35,7.81
2026-01-29 00:06:36,7.81
2026-01-29 00:06:37,7.81
2026-01-29 00:06:38,7.81
2026-01-29 00:06:39,7.65
2026-01-29 00:06:40,7.65
2026-01-29 00:06:41,7.65
2026-01-29 00:06:42,7.65
2026-01-29 00:06:43,7.65
2026-01-29 00:06:44,7.70
2026-01-29 00:06:45,7.70
2026-01-29 00:06:46,7.70
2026-01-29 00:06:47,7.70
2026-01-29 00:06:48,7.70
2026-01-29 00:06:49,7.68
2026-01-29 00:06:50,7.68
2026-01-29 00:06:51,7.68
2026-01-29 00:06:52,7.68
2026-01-29 00:06:53,7.68
2026-01-29 00:06:54,7.83
2026-01-29 00:06:55,7.83
2026-01-29 00:06:56,7.83
2026-01-29 00:06:57,7.83
2026-01-29 00:06:58,7.83
2026-01-29 00:06:59,7.68
2026-01-29 00:07:00,7.68
2026-01-29 00:07:01,7.68
2026-01-29 00:07:02,7.68
2026-01-29 00:07:03,7.68
2026-01-29 00:07:04,8.83
2026-01-29 00:07:05,8.83
2026-01-29 00:07:06,8.83
2026-01-29 00:07:07,8.83
2026-01-29 00:07:08,8.83
2026-01-29 00:07:09,8.36
2026-01-29 00:07:10,8.36
2026-01-29 00:07:11,8.36
2026-01-29 00:07:12,8.36
2026-01-29 00:07:13,8.36
2026-01-29 00:07:14,8.50
2026-01-29 00:07:15,8.50
2026-01-29 00:07:16,8.50
2026-01-29 00:07:17,8.50
2026-01-29 00:07:18,8.50
2026-01-29 00:07:19,8.35
2026-01-29 00:07:20,8.35
2026-01-29 00:07:21,8.35
2026-01-29 00:07:22,8.35
2026-01-29 00:07:23,8.35
2026-01-29 00:07:24,8.55
2026-01-29 00:07:25,8.55
2026-01-29 00:07:26,8.55
2026-01-29 00:07:27,8.55
2026-01-29 00:07:28,8.55
2026-01-29 00:07:29,8.32
2026-01-29 00:07:30,8.32
2026-01-29 00:07:31,8.32
2026-01-29 00:07:32,8.32
2026-01-29 00:07:33,8.32
2026-01-29 00:07:34,0
2026-01-29 00:07:35,0
2026-01-29 00:07:36,0
2026-01-29 00:07:37,0
2026-01-29 00:07:38,0
2026-01-29 00:07:39,0
2026-01-29 00:07:40,0
2026-01-29 00:07:41,0
2026-01-29 00:07:42,0
2026-01-29 00:07:43,0
2026-01-29 00:07:44,0
2026-01-29 00:07:45,0
2026-01-29 00:07:46,0
2026-01-29 00:07:47,0
2026-01-29 00:07:48,0
2026-01-29 00:07:49,0
2026-01-29 00:07:50,0
2026-01-29 00:07:51,0
2026-01-29 00:07:52,0
2026-01-29 00:07:53,0
2026-01-29 00:07:54,0
2026-01-29 00:07:55,0
2026-01-29 00:07:56,0
2026-01-29 00:07:57,0
2026-01-29 00:07:58,0
2026-01-29 00:07:59,0
2026-01-29 00:08:00,0
2026-01-29 00:08:01,0
2026-01-29 00:08:02,0
2026-01-29 00:08:03,0
2026-01-29 00:08:04,0
2026-01-29 00:08:05,0
2026-01-29 00:08:06,0
2026-01-29 00:08:07,0
2026-01-29 00:08:08,0
2026-01-29 00:08:09,0
2026-01-29 00:08:10,0
2026-01-29 00:08:11,0
2026-01-29 00:08:12,0
2026-01-29 00:08:13,0
2026-01-29 00:08:14,0
2026-01-29 00:08:15,0
2026-01-29 00:08:16,0
2026-01-29 00:08:17,0
2026-01-29 00:08:18,0
2026-01-29 00:08:19,0
2026-01-29 00:08:20,0
2026-01-29 00:08:21,0
2026-01-29 00:08:22,0
2026-01-29 00:08:23,0
2026-01-29 00:08:24,0
2026-01-29 00:08:25,0
2026-01-29 00:08:26,0
2026-01-29 00:08:27,0
2026-01-29 00:08:28,0
2026-01-29 00:08:29,0
2026-01-29 00:08:30,0
2026-01-29 00:08:31,0
2026-01-29 00:08:32,0
2026-01-29 00:08:33,0
2026-01-29 00:08:34,0
2026-01-29 00:08:35,0
2026-01-29 00:08:36,0
2026-01-29 00:08:37,0
2026-01-29 00:08:38,0
2026-01-29 00:08:39,0
2026-01-29 00:08:40,0
2026-01-29 00:08:41,0
2026-01-29 00:08:42,0
2026-01-29 00:08:43,0
2026-01-29 00:08:44,0
2026-01-29 00:08:45,0
2026-01-29 00:08:46,0
2026-01-29 00:08:47,0
2026-01-29 00:08:48,0
2026-01-29 00:08:49,0
2026-01-29 00:08:50,0
2026-01-29 00:08:51,0
2026-01-29 00:08:52,0
2026-01-29 00:08:53,0
2026-01-29 00:08:54,0
2026-01-29 00:08:55,0
2026-01-29 00:08:56,0
2026-01-29 00:08:57,0
2026-01-29 00:08:58,0
2026-01-29 00:08:59,0
2026-01-29 00:09:00,0
2026-01-29 00:09:01,0
2026-01-29 00:09:02,0
2026-01-29 00:09:03,0
2026-01-29 00:09:04,0
2026-01-29 00:09:05,0
2026-01-29 00:09:06,0
2026-01-29 00:09:07,0
2026-01-29 00:09:08,0
2026-01-29 00:09:49,5.03
2026-01-29 00:09:50,5.03
2026-01-29 00:09:51,5.03
2026-01-29 00:09:52,5.03
2026-01-29 00:09:53,5.03
2026-01-29 00:09:54,7.47
2026-01-29 00:09:55,7.47
2026-01-29 00:09:56,7.47
2026-01-29 00:09:57,7.47
2026-01-29 00:09:58,7.47
2026-01-29 00:09:59,7.84
2026-01-29 00:10:00,7.84
2026-01-29 00:10:01,7.84
2026-01-29 00:10:02,7.84
2026-01-29 00:10:03,7.84
2026-01-29 00:10:04,7.99
2026-01-29 00:10:05,7.99
2026-01-29 00:10:06,7.99
2026-01-29 00:10:07,7.99
2026-01-29 00:10:08,7.99
2026-01-29 00:10:09,7.69
2026-01-29 00:10:10,7.69
2026-01-29 00:10:11,7.69
2026-01-29 00:10:12,7.69
2026-01-29 00:10:13,7.69
2026-01-29 00:10:14,7.64
2026-01-29 00:10:15,7.64
2026-01-29 00:10:16,7.64
2026-01-29 00:10:17,7.64
2026-01-29 00:10:18,7.64
2026-01-29 00:10:19,7.89
2026-01-29 00:10:20,7.89
2026-01-29 00:10:21,7.89
2026-01-29 00:10:22,7.89
2026-01-29 00:10:23,7.89
2026-01-29 00:10:24,7.97
2026-01-29 00:10:25,7.97
2026-01-29 00:10:26,7.97
2026-01-29 00:10:27,7.97
2026-01-29 00:10:28,7.97
2026-01-29 00:10:29,7.63
2026-01-29 00:10:30,7.63
2026-01-29 00:10:31,7.63
2026-01-29 00:10:32,7.63
2026-01-29 00:10:33,7.63
2026-01-29 00:10:34,7.78
2026-01-29 00:10:35,7.78
2026-01-29 00:10:36,7.78
2026-01-29 00:10:37,7.78
2026-01-29 00:10:38,7.78
2026-01-29 00:10:39,7.27
2026-01-29 00:10:40,7.27
2026-01-29 00:10:41,7.27
2026-01-29 00:10:42,7.27
2026-01-29 00:10:43,7.27
2026-01-29 00:10:44,8.50
2026-01-29 00:10:45,8.50
2026-01-29 00:10:46,8.50
2026-01-29 00:10:47,8.50
2026-01-29 00:10:48,8.50
2026-01-29 00:10:49,8.65
2026-01-29 00:10:50,8.65
2026-01-29 00:10:51,8.65
2026-01-29 00:10:52,8.65
2026-01-29 00:10:53,8.65
2026-01-29 00:10:54,9.31
2026-01-29 00:10:55,9.31
2026-01-29 00:10:56,9.31
2026-01-29 00:10:57,9.31
2026-01-29 00:10:58,9.31
2026-01-29 00:10:59,8.67
2026-01-29 00:11:00,8.67
2026-01-29 00:11:01,8.67
2026-01-29 00:11:02,8.67
2026-01-29 00:11:03,8.67
2026-01-29 00:11:04,8.67
2026-01-29 00:11:05,8.67
2026-01-29 00:11:06,8.67
2026-01-29 00:11:07,8.67
2026-01-29 00:11:08,8.67
2026-01-29 00:11:09,8.54
2026-01-29 00:11:10,8.54
2026-01-29 00:11:11,8.54
2026-01-29 00:11:12,8.54
2026-01-29 00:11:13,8.54
2026-01-29 00:11:14,8.55
2026-01-29 00:11:15,8.55
2026-01-29 00:11:16,8.55
2026-01-29 00:11:17,8.55
2026-01-29 00:11:18,8.55
2026-01-29 00:11:19,8.61
2026-01-29 00:11:20,8.61
2026-01-29 00:11:21,8.61
2026-01-29 00:11:22,8.61
2026-01-29 00:11:23,8.61
2026-01-29 00:11:24,8.64
2026-01-29 00:11:25,8.64
2026-01-29 00:11:26,8.64
2026-01-29 00:11:27,8.64
2026-01-29 00:11:28,8.64
2026-01-29 00:11:29,8.46
2026-01-29 00:11:30,8.46
2026-01-29 00:11:31,8.46
2026-01-29 00:11:32,8.46
2026-01-29 00:11:33,8.46
2026-01-29 00:11:34,8.74
2026-01-29 00:11:35,8.74
2026-01-29 00:11:36,8.74
2026-01-29 00:11:37,8.74
2026-01-29 00:11:38,8.74
2026-01-29 00:11:39,8.62
2026-01-29 00:11:40,8.62
2026-01-29 00:11:41,8.62
2026-01-29 00:11:42,8.62
2026-01-29 00:11:43,8.62
2026-01-29 00:11:44,8.66
2026-01-29 00:11:45,8.66
2026-01-29 00:11:46,8.66
2026-01-29 00:11:47,8.66
2026-01-29 00:11:48,8.66
2026-01-29 00:11:49,8.57
2026-01-29 00:11:50,8.57
2026-01-29 00:11:51,8.57
2026-01-29 00:11:52,8.57
2026-01-29 00:11:53,8.57
2026-01-29 00:11:54,9.02
2026-01-29 00:11:55,9.02
2026-01-29 00:11:56,9.02
2026-01-29 00:11:57,9.02
2026-01-29 00:11:58,9.02
2026-01-29 00:11:59,8.58
2026-01-29 00:12:00,8.58
2026-01-29 00:12:01,8.58
2026-01-29 00:12:02,8.58
2026-01-29 00:12:03,8.58
2026-01-29 00:12:04,10.3
2026-01-29 00:12:05,10.3
2026-01-29 00:12:06,10.3
2026-01-29 00:12:07,10.3
2026-01-29 00:12:08,10.3
2026-01-29 00:12:09,9.05
2026-01-29 00:12:10,9.05
2026-01-29 00:12:11,9.05
2026-01-29 00:12:12,9.05
2026-01-29 00:12:13,9.05
2026-01-29 00:12:14,7.88
2026-01-29 00:12:15,7.88
2026-01-29 00:12:16,7.88
2026-01-29 00:12:17,7.88
2026-01-29 00:12:18,7.88
2026-01-29 00:12:19,7.72
2026-01-29 00:12:20,7.72
2026-01-29 00:12:21,7.72
2026-01-29 00:12:22,7.72
2026-01-29 00:12:23,7.72
2026-01-29 00:12:24,7.76
2026-01-29 00:12:25,7.76
2026-01-29 00:12:26,7.76
2026-01-29 00:12:27,7.76
2026-01-29 00:12:28,7.76
2026-01-29 00:12:29,7.60
2026-01-29 00:12:30,7.60
2026-01-29 00:12:31,7.60
2026-01-29 00:12:32,7.60
2026-01-29 00:12:33,7.60
2026-01-29 00:12:34,7.81
2026-01-29 00:12:35,7.81
2026-01-29 00:12:36,7.81
2026-01-29 00:12:37,7.81
2026-01-29 00:12:38,7.81
2026-01-29 00:12:39,7.68
2026-01-29 00:12:40,7.68
2026-01-29 00:12:41,7.68
2026-01-29 00:12:42,7.68
2026-01-29 00:12:43,7.68
2026-01-29 00:12:44,7.73
2026-01-29 00:12:45,7.73
2026-01-29 00:12:46,7.73
2026-01-29 00:12:47,7.73
2026-01-29 00:12:48,7.73
2026-01-29 00:12:49,8.65
2026-01-29 00:12:50,8.65
2026-01-29 00:12:51,8.65
2026-01-29 00:12:52,8.65
2026-01-29 00:12:53,8.65
2026-01-29 00:12:54,7.43
2026-01-29 00:12:55,7.43
2026-01-29 00:12:56,7.43
2026-01-29 00:12:57,7.43
2026-01-29 00:12:58,7.43
2026-01-29 00:12:59,6.59
2026-01-29 00:13:00,6.59
2026-01-29 00:13:01,6.59
2026-01-29 00:13:02,6.59
2026-01-29 00:13:03,6.59
2026-01-29 00:13:04,6.56
2026-01-29 00:13:05,6.56
2026-01-29 00:13:06,6.56
2026-01-29 00:13:07,6.56
2026-01-29 00:13:08,6.56
2026-01-29 00:13:09,6.59
2026-01-29 00:13:10,6.59
2026-01-29 00:13:11,6.59
2026-01-29 00:13:12,6.59
2026-01-29 00:13:13,6.59
2026-01-29 00:13:14,6.57
2026-01-29 00:13:15,6.57
2026-01-29 00:13:16,6.57
2026-01-29 00:13:17,6.57
2026-01-29 00:13:18,6.57
2026-01-29 00:13:19,6.61
2026-01-29 00:13:20,6.61
2026-01-29 00:13:21,6.61
2026-01-29 00:13:22,6.61
2026-01-29 00:13:23,6.61
2026-01-29 00:13:24,6.60
2026-01-29 00:13:25,6.60
2026-01-29 00:13:26,6.60
2026-01-29 00:13:27,6.60
2026-01-29 00:13:28,6.60
2026-01-29 00:13:29,6.52
2026-01-29 00:13:30,6.52
2026-01-29 00:13:31,6.52
2026-01-29 00:13:32,6.52
2026-01-29 00:13:33,6.52
2026-01-29 00:13:34,6.55
2026-01-29 00:13:35,6.55
2026-01-29 00:13:36,6.55
2026-01-29 00:13:37,6.55
2026-01-29 00:13:38,6.55
2026-01-29 00:13:39,6.56
2026-01-29 00:13:40,6.56
2026-01-29 00:13:41,6.56
2026-01-29 00:13:42,6.56
2026-01-29 00:13:43,6.56
2026-01-29 00:13:44,6.67
2026-01-29 00:13:45,6.67
2026-01-29 00:13:46,6.67
2026-01-29 00:13:47,6.67
2026-01-29 00:13:48,6.67
2026-01-29 00:13:49,6.64
2026-01-29 00:13:50,6.64
2026-01-29 00:13:51,6.64
2026-01-29 00:13:52,6.64
2026-01-29 00:13:53,6.64
2026-01-29 00:13:54,6.78
2026-01-29 00:13:55,6.78
2026-01-29 00:13:56,6.78
2026-01-29 00:13:57,6.78
2026-01-29 00:13:58,6.78
2026-01-29 00:13:59,6.52
2026-01-29 00:14:00,6.52
2026-01-29 00:14:01,6.52
2026-01-29 00:14:02,6.52
2026-01-29 00:14:03,6.52
2026-01-29 00:14:04,6.59
2026-01-29 00:14:05,6.59
2026-01-29 00:14:06,6.59
2026-01-29 00:14:07,6.59
2026-01-29 00:14:08,6.59
2026-01-29 00:14:09,6.52
2026-01-29 00:14:10,6.52
2026-01-29 00:14:11,6.52
2026-01-29 00:14:12,6.52
2026-01-29 00:14:13,6.52
2026-01-29 00:14:14,6.67
2026-01-29 00:14:15,6.67
2026-01-29 00:14:16,6.67
2026-01-29 00:14:17,6.67
2026-01-29 00:14:18,6.67
2026-01-29 00:14:19,6.36
2026-01-29 00:14:20,6.36
2026-01-29 00:14:21,6.36
2026-01-29 00:14:22,6.36
2026-01-29 00:14:23,6.36
2026-01-29 00:14:24,6.97
2026-01-29 00:14:25,6.97
2026-01-29 00:14:26,6.97
2026-01-29 00:14:27,6.97
2026-01-29 00:14:28,6.97
2026-01-29 00:14:29,8.08
2026-01-29 00:14:30,8.08
2026-01-29 00:14:31,8.08
2026-01-29 00:14:32,8.08
2026-01-29 00:14:33,8.08
2026-01-29 00:14:34,0
2026-01-29 00:14:35,0
2026-01-29 00:14:36,0
2026-01-29 00:14:37,0
2026-01-29 00:14:38,0
2026-01-29 00:14:39,0
2026-01-29 00:14:40,0
2026-01-29 00:14:41,0
2026-01-29 00:14:42,0
2026-01-29 00:14:43,0
2026-01-29 00:14:44,0
2026-01-29 00:14:45,0
2026-01-29 00:14:46,0
2026-01-29 00:14:47,0
2026-01-29 00:14:48,0
2026-01-29 00:14:49,0
2026-01-29 00:14:50,0
2026-01-29 00:14:51,0
2026-01-29 00:14:52,0
2026-01-29 00:14:53,0
2026-01-29 00:14:54,0
2026-01-29 00:14:55,0
2026-01-29 00:14:56,0
2026-01-29 00:14:57,0
2026-01-29 00:14:58,0
2026-01-29 00:14:59,0
2026-01-29 00:15:00,0
2026-01-29 00:15:01,0
2026-01-29 00:15:02,0
2026-01-29 00:15:03,0
2026-01-29 00:15:04,0
2026-01-29 00:15:05,0
2026-01-29 00:15:06,0
2026-01-29 00:15:07,0
2026-01-29 00:15:08,0
2026-01-29 00:15:09,0
2026-01-29 00:15:10,0
2026-01-29 00:15:11,0
2026-01-29 00:15:12,0
2026-01-29 00:15:13,0
2026-01-29 00:15:14,0
2026-01-29 00:15:15,0
2026-01-29 00:15:16,0
2026-01-29 00:15:17,0
2026-01-29 00:15:18,0
2026-01-29 00:15:19,0
2026-01-29 00:15:20,0
2026-01-29 00:15:21,0
2026-01-29 00:15:22,0
2026-01-29 00:15:23,0
2026-01-29 00:15:24,0
2026-01-29 00:15:25,0
2026-01-29 00:15:26,0
2026-01-29 00:15:27,0
2026-01-29 00:15:28,0
2026-01-29 00:15:29,0
2026-01-29 00:15:30,0
2026-01-29 00:15:31,0
2026-01-29 00:15:32,0
2026-01-29 00:15:33,0
2026-01-29 00:15:34,0
2026-01-29 00:15:35,0
2026-01-29 00:15:36,0
2026-01-29 00:15:37,0
2026-01-29 00:15:38,0
2026-01-29 00:15:39,0
2026-01-29 00:15:40,0
2026-01-29 00:15:41,0
2026-01-29 00:15:42,0
2026-01-29 00:15:43,0
2026-01-29 00:15:44,0
2026-01-29 00:15:45,0
2026-01-29 00:15:46,0
2026-01-29 00:15:47,0
2026-01-29 00:15:48,0
2026-01-29 00:15:49,0
2026-01-29 00:15:50,0
2026-01-29 00:15:51,0
2026-01-29 00:15:52,0
2026-01-29 00:15:53,0
2026-01-29 00:15:54,0
2026-01-29 00:15:55,0
2026-01-29 00:15:56,0
2026-01-29 00:15:57,0
2026-01-29 00:15:58,0
2026-01-29 00:15:59,0
2026-01-29 00:16:00,0
2026-01-29 00:16:01,0
2026-01-29 00:16:02,0
2026-01-29 00:16:03,0
2026-01-29 00:16:04,0
2026-01-29 00:16:05,0
2026-01-29 00:16:06,0
2026-01-29 00:16:07,0
2026-01-29 00:16:08,0
2026-01-29 00:17:29,5.02
2026-01-29 00:17:30,5.02
2026-01-29 00:17:31,5.02
2026-01-29 00:17:32,5.02
2026-01-29 00:17:33,5.02
2026-01-29 00:17:34,7.73
2026-01-29 00:17:35,7.73
2026-01-29 00:17:36,7.73
2026-01-29 00:17:37,7.73
2026-01-29 00:17:38,7.73
2026-01-29 00:17:39,7.70
2026-01-29 00:17:40,7.70
2026-01-29 00:17:41,7.70
2026-01-29 00:17:42,7.70
2026-01-29 00:17:43,7.70
2026-01-29 00:17:44,7.86
2026-01-29 00:17:45,7.86
2026-01-29 00:17:46,7.86
2026-01-29 00:17:47,7.86
2026-01-29 00:17:48,7.86
2026-01-29 00:17:49,7.83
2026-01-29 00:17:50,7.83
2026-01-29 00:17:51,7.83
2026-01-29 00:17:52,7.83
2026-01-29 00:17:53,7.83
2026-01-29 00:17:54,7.93
2026-01-29 00:17:55,7.93
2026-01-29 00:17:56,7.93
2026-01-29 00:17:57,7.93
2026-01-29 00:17:58,7.93
2026-01-29 00:17:59,7.67
2026-01-29 00:18:00,7.67
2026-01-29 00:18:01,7.67
2026-01-29 00:18:02,7.67
2026-01-29 00:18:03,7.67
2026-01-29 00:18:04,7.90
2026-01-29 00:18:05,7.90
2026-01-29 00:18:06,7.90
2026-01-29 00:18:07,7.90
2026-01-29 00:18:08,7.90
2026-01-29 00:18:09,7.75
2026-01-29 00:18:10,7.75
2026-01-29 00:18:11,7.75
2026-01-29 00:18:12,7.75
2026-01-29 00:18:13,7.75
2026-01-29 00:18:14,7.52
2026-01-29 00:18:15,7.52
2026-01-29 00:18:16,7.52
2026-01-29 00:18:17,7.52
2026-01-29 00:18:18,7.52
2026-01-29 00:18:19,6.69
2026-01-29 00:18:20,6.69
2026-01-29 00:18:21,6.69
2026-01-29 00:18:22,6.69
2026-01-29 00:18:23,6.69
2026-01-29 00:18:24,6.87
2026-01-29 00:18:25,6.87
2026-01-29 00:18:26,6.87
2026-01-29 00:18:27,6.87
2026-01-29 00:18:28,6.87
2026-01-29 00:18:29,6.61
2026-01-29 00:18:30,6.61
2026-01-29 00:18:31,6.61
2026-01-29 00:18:32,6.61
2026-01-29 00:18:33,6.61
2026-01-29 00:18:34,6.70
2026-01-29 00:18:35,6.70
2026-01-29 00:18:36,6.70
2026-01-29 00:18:37,6.70
2026-01-29 00:18:38,6.70
2026-01-29 00:18:39,6.51
2026-01-29 00:18:40,6.51
2026-01-29 00:18:41,6.51
2026-01-29 00:18:42,6.51
2026-01-29 00:18:43,6.51
2026-01-29 00:18:44,6.65
2026-01-29 00:18:45,6.65
2026-01-29 00:18:46,6.65
2026-01-29 00:18:47,6.65
2026-01-29 00:18:48,6.65
2026-01-29 00:18:49,7.79
2026-01-29 00:18:50,7.79
2026-01-29 00:18:51,7.79
2026-01-29 00:18:52,7.79
2026-01-29 00:18:53,7.79
2026-01-29 00:18:54,8.20
2026-01-29 00:18:55,8.20
2026-01-29 00:18:56,8.20
2026-01-29 00:18:57,8.20
2026-01-29 00:18:58,8.20
2026-01-29 00:18:59,9.37
2026-01-29 00:19:00,9.37
2026-01-29 00:19:01,9.37
2026-01-29 00:19:02,9.37
2026-01-29 00:19:03,9.37
2026-01-29 00:19:04,8.33
2026-01-29 00:19:05,8.33
2026-01-29 00:19:06,8.33
2026-01-29 00:19:07,8.33
2026-01-29 00:19:08,8.33
2026-01-29 00:19:09,6.84
2026-01-29 00:19:10,6.84
2026-01-29 00:19:11,6.84
2026-01-29 00:19:12,6.84
2026-01-29 00:19:13,6.84
2026-01-29 00:19:14,6.83
2026-01-29 00:19:15,6.83
2026-01-29 00:19:16,6.83
2026-01-29 00:19:17,6.83
2026-01-29 00:19:18,6.83
2026-01-29 00:19:19,6.78
2026-01-29 00:19:20,6.78
2026-01-29 00:19:21,6.78
2026-01-29 00:19:22,6.78
2026-01-29 00:19:23,6.78
2026-01-29 00:19:24,7.10
2026-01-29 00:19:25,7.10
2026-01-29 00:19:26,7.10
2026-01-29 00:19:27,7.10
2026-01-29 00:19:28,7.10
2026-01-29 00:19:29,6.82
2026-01-29 00:19:30,6.82
2026-01-29 00:19:31,6.82
2026-01-29 00:19:32,6.82
2026-01-29 00:19:33,6.82
2026-01-29 00:19:34,6.80
2026-01-29 00:19:35,6.80
2026-01-29 00:19:36,6.80
2026-01-29 00:19:37,6.80
2026-01-29 00:19:38,6.80
2026-01-29 00:19:39,6.76
2026-01-29 00:19:40,6.76
2026-01-29 00:19:41,6.76
2026-01-29 00:19:42,6.76
2026-01-29 00:19:43,6.76
2026-01-29 00:19:44,7.01
2026-01-29 00:19:45,7.01
2026-01-29 00:19:46,7.01
2026-01-29 00:19:47,7.01
2026-01-29 00:19:48,7.01
2026-01-29 00:19:49,7.15
2026-01-29 00:19:50,7.15
2026-01-29 00:19:51,7.15
2026-01-29 00:19:52,7.15
2026-01-29 00:19:53,7.15
2026-01-29 00:19:54,7.02
2026-01-29 00:19:55,7.02
2026-01-29 00:19:56,7.02
2026-01-29 00:19:57,7.02
2026-01-29 00:19:58,7.02
2026-01-29 00:19:59,6.85
2026-01-29 00:20:00,6.85
2026-01-29 00:20:01,6.85
2026-01-29 00:20:02,6.85
2026-01-29 00:20:03,6.85
2026-01-29 00:20:04,6.86
2026-01-29 00:20:05,6.86
2026-01-29 00:20:06,6.86
2026-01-29 00:20:07,6.86
2026-01-29 00:20:08,6.86
2026-01-29 00:20:09,6.81
2026-01-29 00:20:10,6.81
2026-01-29 00:20:11,6.81
2026-01-29 00:20:12,6.81
2026-01-29 00:20:13,6.81
2026-01-29 00:20:14,7.93
2026-01-29 00:20:15,7.93
2026-01-29 00:20:16,7.93
2026-01-29 00:20:17,7.93
2026-01-29 00:20:18,7.93
2026-01-29 00:20:19,7.78
2026-01-29 00:20:20,7.78
2026-01-29 00:20:21,7.78
2026-01-29 00:20:22,7.78
2026-01-29 00:20:23,7.78
2026-01-29 00:20:24,8.01
2026-01-29 00:20:25,8.01
2026-01-29 00:20:26,8.01
2026-01-29 00:20:27,8.01
2026-01-29 00:20:28,8.01
2026-01-29 00:20:29,7.78
2026-01-29 00:20:30,7.78
2026-01-29 00:20:31,7.78
2026-01-29 00:20:32,7.78
2026-01-29 00:20:33,7.78
2026-01-29 00:20:34,7.49
2026-01-29 00:20:35,7.49
2026-01-29 00:20:36,7.49
2026-01-29 00:20:37,7.49
2026-01-29 00:20:38,7.49
2026-01-29 00:20:39,9.49
2026-01-29 00:20:40,9.49
2026-01-29 00:20:41,9.49
2026-01-29 00:20:42,9.49
2026-01-29 00:20:43,9.49
2026-01-29 00:20:44,8.82
2026-01-29 00:20:45,8.82
2026-01-29 00:20:46,8.82
2026-01-29 00:20:47,8.82
2026-01-29 00:20:48,8.82
2026-01-29 00:20:49,8.66
2026-01-29 00:20:50,8.66
2026-01-29 00:20:51,8.66
2026-01-29 00:20:52,8.66
2026-01-29 00:20:53,8.66
2026-01-29 00:20:54,10.6
2026-01-29 00:20:55,10.6
2026-01-29 00:20:56,10.6
2026-01-29 00:20:57,10.6
2026-01-29 00:20:58,10.6
2026-01-29 00:20:59,9.33
2026-01-29 00:21:00,9.33
2026-01-29 00:21:01,9.33
2026-01-29 00:21:02,9.33
2026-01-29 00:21:03,9.33
2026-01-29 00:21:04,7.78
2026-01-29 00:21:05,7.78
2026-01-29 00:21:06,7.78
2026-01-29 00:21:07,7.78
2026-01-29 00:21:08,7.78
2026-01-29 00:21:09,7.71
2026-01-29 00:21:10,7.71
2026-01-29 00:21:11,7.71
2026-01-29 00:21:12,7.71
2026-01-29 00:21:13,7.71
2026-01-29 00:21:14,7.70
2026-01-29 00:21:15,7.70
2026-01-29 00:21:16,7.70
2026-01-29 00:21:17,7.70
2026-01-29 00:21:18,7.70
2026-01-29 00:21:19,7.72
2026-01-29 00:21:20,7.72
2026-01-29 00:21:21,7.72
2026-01-29 00:21:22,7.72
2026-01-29 00:21:23,7.72
2026-01-29 00:21:24,7.82
2026-01-29 00:21:25,7.82
2026-01-29 00:21:26,7.82
2026-01-29 00:21:27,7.82
2026-01-29 00:21:28,7.82
2026-01-29 00:21:29,7.62
2026-01-29 00:21:30,7.62
2026-01-29 00:21:31,7.62
2026-01-29 00:21:32,7.62
2026-01-29 00:21:33,7.62
2026-01-29 00:21:34,7.70
2026-01-29 00:21:35,7.70
2026-01-29 00:21:36,7.70
2026-01-29 00:21:37,7.70
2026-01-29 00:21:38,7.70
2026-01-29 00:21:39,7.64
2026-01-29 00:21:40,7.64
2026-01-29 00:21:41,7.64
2026-01-29 00:21:42,7.64
2026-01-29 00:21:43,7.64
2026-01-29 00:21:44,7.75
2026-01-29 00:21:45,7.75
2026-01-29 00:21:46,7.75
2026-01-29 00:21:47,7.75
2026-01-29 00:21:48,7.75
2026-01-29 00:21:49,7.65
2026-01-29 00:21:50,7.65
2026-01-29 00:21:51,7.65
2026-01-29 00:21:52,7.65
2026-01-29 00:21:53,7.65
2026-01-29 00:21:54,7.88
2026-01-29 00:21:55,7.88
2026-01-29 00:21:56,7.88
2026-01-29 00:21:57,7.88
2026-01-29 00:21:58,7.88
2026-01-29 00:21:59,7.88
2026-01-29 00:22:00,7.88
2026-01-29 00:22:01,7.88
2026-01-29 00:22:02,7.88
2026-01-29 00:22:03,7.88
2026-01-29 00:22:04,7.82
2026-01-29 00:22:05,7.82
2026-01-29 00:22:06,7.82
2026-01-29 00:22:07,7.82
2026-01-29 00:22:08,7.82
2026-01-29 00:22:09,7.70
2026-01-29 00:22:10,7.70
2026-01-29 00:22:11,7.70
2026-01-29 00:22:12,7.70
2026-01-29 00:22:13,7.70
2026-01-29 00:22:14,0
2026-01-29 00:22:15,0
2026-01-29 00:22:16,0
2026-01-29 00:22:17,0
2026-01-29 00:22:18,0
2026-01-29 00:22:19,0
2026-01-29 00:22:20,0
2026-01-29 00:22:21,0
2026-01-29 00:22:22,0
2026-01-29 00:22:23,0
2026-01-29 00:22:24,0
2026-01-29 00:22:25,0
2026-01-29 00:22:26,0
2026-01-29 00:22:27,0
2026-01-29 00:22:28,0
2026-01-29 00:22:29,0
2026-01-29 00:22:30,0
2026-01-29 00:22:31,0
2026-01-29 00:22:32,0
2026-01-29 00:22:33,0
2026-01-29 00:22:34,0
2026-01-29 00:22:35,0
2026-01-29 00:22:36,0
2026-01-29 00:22:37,0
2026-01-29 00:22:38,0
2026-01-29 00:22:39,0
2026-01-29 00:22:40,0
2026-01-29 00:22:41,0
2026-01-29 00:22:42,0
2026-01-29 00:22:43,0
2026-01-29 00:22:44,0
2026-01-29 00:22:45,0
2026-01-29 00:22:46,0
2026-01-29 00:22:47,0
2026-01-29 00:22:48,0
2026-01-29 00:22:49,0
2026-01-29 00:22:50,0
2026-01-29 00:22:51,0
2026-01-29 00:22:52,0
2026-01-29 00:22:53,0
2026-01-29 00:22:54,0
2026-01-29 00:22:55,0
2026-01-29 00:22:56,0
2026-01-29 00:22:57,0
2026-01-29 00:22:58,0
2026-01-29 00:22:59,0
2026-01-29 00:23:00,0
2026-01-29 00:23:01,0
2026-01-29 00:23:02,0
2026-01-29 00:23:03,0
2026-01-29 00:23:04,0
2026-01-29 00:23:05,0
2026-01-29 00:23:06,0
2026-01-29 00:23:07,0
2026-01-29 00:23:08,0
2026-01-29 00:23:09,0
2026-01-29 00:23:10,0
2026-01-29 00:23:11,0
2026-01-29 00:23:12,0
2026-01-29 00:23:13,0
2026-01-29 00:23:14,0
2026-01-29 00:23:15,0
2026-01-29 00:23:16,0
2026-01-29 00:23:17,0
2026-01-29 00:23:18,0
2026-01-29 00:23:19,0
2026-01-29 00:23:20,0
2026-01-29 00:23:21,0
2026-01-29 00:23:22,0
2026-01-29 00:23:23,0
2026-01-29 00:23:24,0
2026-01-29 00:23:25,0
2026-01-29 00:23:26,0
2026-01-29 00:23:27,0
2026-01-29 00:23:28,0
2026-01-29 00:23:29,0
2026-01-29 00:23:30,0
2026-01-29 00:23:31,0
2026-01-29 00:23:32,0
2026-01-29 00:23:33,0
2026-01-29 00:23:34,0
2026-01-29 00:23:35,0
2026-01-29 00:23:36,0
2026-01-29 00:23:37,0
2026-01-29 00:23:38,0
2026-01-29 00:23:39,0
2026-01-29 00:23:40,0
2026-01-29 00:23:41,0
2026-01-29 00:23:42,0
2026-01-29 00:23:43,0
2026-01-29 00:23:44,0
2026-01-29 00:23:45,0
2026-01-29 00:23:46,0
2026-01-29 00:23:47,0
2026-01-29 00:23:48,0
2026-01-29 00:26:34,5.09
2026-01-29 00:26:35,5.09
2026-01-29 00:26:36,5.09
2026-01-29 00:26:37,5.09
2026-01-29 00:26:38,5.09
2026-01-29 00:26:39,7.70
2026-01-29 00:26:40,7.70
2026-01-29 00:26:41,7.70
2026-01-29 00:26:42,7.70
2026-01-29 00:26:43,7.70
2026-01-29 00:26:44,7.84
2026-01-29 00:26:45,7.84
2026-01-29 00:26:46,7.84
2026-01-29 00:26:47,7.84
2026-01-29 00:26:48,7.84
2026-01-29 00:26:49,7.62
2026-01-29 00:26:50,7.62
2026-01-29 00:26:51,7.62
2026-01-29 00:26:52,7.62
2026-01-29 00:26:53,7.62
2026-01-29 00:26:54,7.91
2026-01-29 00:26:55,7.91
2026-01-29 00:26:56,7.91
2026-01-29 00:26:57,7.91
2026-01-29 00:26:58,7.91
2026-01-29 00:26:59,7.88
2026-01-29 00:27:00,7.88
2026-01-29 00:27:01,7.88
2026-01-29 00:27:02,7.88
2026-01-29 00:27:03,7.88
2026-01-29 00:27:04,7.86
2026-01-29 00:27:05,7.86
2026-01-29 00:27:06,7.86
2026-01-29 00:27:07,7.86
2026-01-29 00:27:08,7.86
2026-01-29 00:27:09,7.68
2026-01-29 00:27:10,7.68
2026-01-29 00:27:11,7.68
2026-01-29 00:27:12,7.68
2026-01-29 00:27:13,7.68
2026-01-29 00:27:14,7.71
2026-01-29 00:27:15,7.71
2026-01-29 00:27:16,7.71
2026-01-29 00:27:17,7.71
2026-01-29 00:27:18,7.71
2026-01-29 00:27:19,7.64
2026-01-29 00:27:20,7.64
2026-01-29 00:27:21,7.64
2026-01-29 00:27:22,7.64
2026-01-29 00:27:23,7.64
2026-01-29 00:27:24,7.89
2026-01-29 00:27:25,7.89
2026-01-29 00:27:26,7.89
2026-01-29 00:27:27,7.89
2026-01-29 00:27:28,7.89
2026-01-29 00:27:29,7.62
2026-01-29 00:27:30,7.62
2026-01-29 00:27:31,7.62
2026-01-29 00:27:32,7.62
2026-01-29 00:27:33,7.62
2026-01-29 00:27:34,7.40
2026-01-29 00:27:35,7.40
2026-01-29 00:27:36,7.40
2026-01-29 00:27:37,7.40
2026-01-29 00:27:38,7.40
2026-01-29 00:27:39,9.70
2026-01-29 00:27:40,9.70
2026-01-29 00:27:41,9.70
2026-01-29 00:27:42,9.70
2026-01-29 00:27:43,9.70
2026-01-29 00:27:44,9.08
2026-01-29 00:27:45,9.08
2026-01-29 00:27:46,9.08
2026-01-29 00:27:47,9.08
2026-01-29 00:27:48,9.08
2026-01-29 00:27:49,7.82
2026-01-29 00:27:50,7.82
2026-01-29 00:27:51,7.82
2026-01-29 00:27:52,7.82
2026-01-29 00:27:53,7.82
2026-01-29 00:27:54,7.80
2026-01-29 00:27:55,7.80
2026-01-29 00:27:56,7.80
2026-01-29 00:27:57,7.80
2026-01-29 00:27:58,7.80
2026-01-29 00:27:59,7.74
2026-01-29 00:28:00,7.74
2026-01-29 00:28:01,7.74
2026-01-29 00:28:02,7.74
2026-01-29 00:28:03,7.74
2026-01-29 00:28:04,7.76
2026-01-29 00:28:05,7.76
2026-01-29 00:28:06,7.76
2026-01-29 00:28:07,7.76
2026-01-29 00:28:08,7.76
2026-01-29 00:28:09,7.67
2026-01-29 00:28:10,7.67
2026-01-29 00:28:11,7.67
2026-01-29 00:28:12,7.67
2026-01-29 00:28:13,7.67
2026-01-29 00:28:14,7.71
2026-01-29 00:28:15,7.71
2026-01-29 00:28:16,7.71
2026-01-29 00:28:17,7.71
2026-01-29 00:28:18,7.71
2026-01-29 00:28:19,7.64
2026-01-29 00:28:20,7.64
2026-01-29 00:28:21,7.64
2026-01-29 00:28:22,7.64
2026-01-29 00:28:23,7.64
2026-01-29 00:28:24,7.84
2026-01-29 00:28:25,7.84
2026-01-29 00:28:26,7.84
2026-01-29 00:28:27,7.84
2026-01-29 00:28:28,7.84
2026-01-29 00:28:29,7.64
2026-01-29 00:28:30,7.64
2026-01-29 00:28:31,7.64
2026-01-29 00:28:32,7.64
2026-01-29 00:28:33,7.64
2026-01-29 00:28:34,7.63
2026-01-29 00:28:35,7.63
2026-01-29 00:28:36,7.63
2026-01-29 00:28:37,7.63
2026-01-29 00:28:38,7.63
2026-01-29 00:28:39,7.58
2026-01-29 00:28:40,7.58
2026-01-29 00:28:41,7.58
2026-01-29 00:28:42,7.58
2026-01-29 00:28:43,7.58
2026-01-29 00:28:44,7.76
2026-01-29 00:28:45,7.76
2026-01-29 00:28:46,7.76
2026-01-29 00:28:47,7.76
2026-01-29 00:28:48,7.76
2026-01-29 00:28:49,7.65
2026-01-29 00:28:50,7.65
2026-01-29 00:28:51,7.65
2026-01-29 00:28:52,7.65
2026-01-29 00:28:53,7.65
2026-01-29 00:28:54,7.83
2026-01-29 00:28:55,7.83
2026-01-29 00:28:56,7.83
2026-01-29 00:28:57,7.83
2026-01-29 00:28:58,7.83
2026-01-29 00:28:59,7.81
2026-01-29 00:29:00,7.81
2026-01-29 00:29:01,7.81
2026-01-29 00:29:02,7.81
2026-01-29 00:29:03,7.81
2026-01-29 00:29:04,7.85
2026-01-29 00:29:05,7.85
2026-01-29 00:29:06,7.85
2026-01-29 00:29:07,7.85
2026-01-29 00:29:08,7.85
2026-01-29 00:29:09,7.61
2026-01-29 00:29:10,7.61
2026-01-29 00:29:11,7.61
2026-01-29 00:29:12,7.61
2026-01-29 00:29:13,7.61
2026-01-29 00:29:14,7.76
2026-01-29 00:29:15,7.76
2026-01-29 00:29:16,7.76
2026-01-29 00:29:17,7.76
2026-01-29 00:29:18,7.76
2026-01-29 00:29:19,7.58
2026-01-29 00:29:20,7.58
2026-01-29 00:29:21,7.58
2026-01-29 00:29:22,7.58
2026-01-29 00:29:23,7.58
2026-01-29 00:29:24,7.97
2026-01-29 00:29:25,7.97
2026-01-29 00:29:26,7.97
2026-01-29 00:29:27,7.97
2026-01-29 00:29:28,7.97
2026-01-29 00:29:29,7.66
2026-01-29 00:29:30,7.66
2026-01-29 00:29:31,7.66
2026-01-29 00:29:32,7.66
2026-01-29 00:29:33,7.66
2026-01-29 00:29:34,7.70
2026-01-29 00:29:35,7.70
2026-01-29 00:29:36,7.70
2026-01-29 00:29:37,7.70
2026-01-29 00:29:38,7.70
2026-01-29 00:29:39,7.59
2026-01-29 00:29:40,7.59
2026-01-29 00:29:41,7.59
2026-01-29 00:29:42,7.59
2026-01-29 00:29:43,7.59
2026-01-29 00:29:44,7.73
2026-01-29 00:29:45,7.73
2026-01-29 00:29:46,7.73
2026-01-29 00:29:47,7.73
2026-01-29 00:29:48,7.73
2026-01-29 00:29:49,8.66
2026-01-29 00:29:50,8.66
2026-01-29 00:29:51,8.66
2026-01-29 00:29:52,8.66
2026-01-29 00:29:53,8.66
2026-01-29 00:29:54,7.49
2026-01-29 00:29:55,7.49
2026-01-29 00:29:56,7.49
2026-01-29 00:29:57,7.49
2026-01-29 00:29:58,7.49
2026-01-29 00:29:59,6.64
2026-01-29 00:30:00,6.64
2026-01-29 00:30:01,6.64
2026-01-29 00:30:02,6.64
2026-01-29 00:30:03,6.64
2026-01-29 00:30:04,7.11
2026-01-29 00:30:05,7.11
2026-01-29 00:30:06,7.11
2026-01-29 00:30:07,7.11
2026-01-29 00:30:08,7.11
2026-01-29 00:30:09,7.89
2026-01-29 00:30:10,7.89
2026-01-29 00:30:11,7.89
2026-01-29 00:30:12,7.89
2026-01-29 00:30:13,7.89
2026-01-29 00:30:14,7.69
2026-01-29 00:30:15,7.69
2026-01-29 00:30:16,7.69
2026-01-29 00:30:17,7.69
2026-01-29 00:30:18,7.69
2026-01-29 00:30:19,7.68
2026-01-29 00:30:20,7.68
2026-01-29 00:30:21,7.68
2026-01-29 00:30:22,7.68
2026-01-29 00:30:23,7.68
2026-01-29 00:30:24,7.87
2026-01-29 00:30:25,7.87
2026-01-29 00:30:26,7.87
2026-01-29 00:30:27,7.87
2026-01-29 00:30:28,7.87
2026-01-29 00:30:29,7.70
2026-01-29 00:30:30,7.70
2026-01-29 00:30:31,7.70
2026-01-29 00:30:32,7.70
2026-01-29 00:30:33,7.70
2026-01-29 00:30:34,7.79
2026-01-29 00:30:35,7.79
2026-01-29 00:30:36,7.79
2026-01-29 00:30:37,7.79
2026-01-29 00:30:38,7.79
2026-01-29 00:30:39,7.70
2026-01-29 00:30:40,7.70
2026-01-29 00:30:41,7.70
2026-01-29 00:30:42,7.70
2026-01-29 00:30:43,7.70
2026-01-29 00:30:44,7.84
2026-01-29 00:30:45,7.84
2026-01-29 00:30:46,7.84
2026-01-29 00:30:47,7.84
2026-01-29 00:30:48,7.84
2026-01-29 00:30:49,7.69
2026-01-29 00:30:50,7.69
2026-01-29 00:30:51,7.69
2026-01-29 00:30:52,7.69
2026-01-29 00:30:53,7.69
2026-01-29 00:30:54,7.92
2026-01-29 00:30:55,7.92
2026-01-29 00:30:56,7.92
2026-01-29 00:30:57,7.92
2026-01-29 00:30:58,7.92
2026-01-29 00:30:59,7.92
2026-01-29 00:31:00,7.92
2026-01-29 00:31:01,7.92
2026-01-29 00:31:02,7.92
2026-01-29 00:31:03,7.92
2026-01-29 00:31:04,8.09
2026-01-29 00:31:05,8.09
2026-01-29 00:31:06,8.09
2026-01-29 00:31:07,8.09
2026-01-29 00:31:08,8.09
2026-01-29 00:31:09,7.70
2026-01-29 00:31:10,7.70
2026-01-29 00:31:11,7.70
2026-01-29 00:31:12,7.70
2026-01-29 00:31:13,7.70
2026-01-29 00:31:14,7.76
2026-01-29 00:31:15,7.76
2026-01-29 00:31:16,7.76
2026-01-29 00:31:17,7.76
2026-01-29 00:31:18,7.76
2026-01-29 00:31:19,0
2026-01-29 00:31:20,0
2026-01-29 00:31:21,0
2026-01-29 00:31:22,0
2026-01-29 00:31:23,0
2026-01-29 00:31:24,0
2026-01-29 00:31:25,0
2026-01-29 00:31:26,0
2026-01-29 00:31:27,0
2026-01-29 00:31:28,0
2026-01-29 00:31:29,0
2026-01-29 00:31:30,0
2026-01-29 00:31:31,0
2026-01-29 00:31:32,0
2026-01-29 00:31:33,0
2026-01-29 00:31:34,0
2026-01-29 00:31:35,0
2026-01-29 00:31:36,0
2026-01-29 00:31:37,0
2026-01-29 00:31:38,0
2026-01-29 00:31:39,0
2026-01-29 00:31:40,0
2026-01-29 00:31:41,0
2026-01-29 00:31:42,0
2026-01-29 00:31:43,0
2026-01-29 00:31:44,0
2026-01-29 00:31:45,0
2026-01-29 00:31:46,0
2026-01-29 00:31:47,0
2026-01-29 00:31:48,0
2026-01-29 00:31:49,0
2026-01-29 00:31:50,0
2026-01-29 00:31:51,0
2026-01-29 00:31:52,0
2026-01-29 00:31:53,0
2026-01-29 00:31:54,0
2026-01-29 00:31:55,0
2026-01-29 00:31:56,0
2026-01-29 00:31:57,0
2026-01-29 00:31:58,0
2026-01-29 00:31:59,0
2026-01-29 00:32:00,0
2026-01-29 00:32:01,0
2026-01-29 00:32:02,0
2026-01-29 00:32:03,0
2026-01-29 00:32:04,0
2026-01-29 00:32:05,0
2026-01-29 00:32:06,0
2026-01-29 00:32:07,0
2026-01-29 00:32:08,0
2026-01-29 00:32:09,0
2026-01-29 00:32:10,0
2026-01-29 00:32:11,0
2026-01-29 00:32:12,0
2026-01-29 00:32:13,0
2026-01-29 00:32:14,0
2026-01-29 00:32:15,0
2026-01-29 00:32:16,0
2026-01-29 00:32:17,0
2026-01-29 00:32:18,0
2026-01-29 00:32:19,0
2026-01-29 00:32:20,0
2026-01-29 00:32:21,0
2026-01-29 00:32:22,0
2026-01-29 00:32:23,0
2026-01-29 00:32:24,0
2026-01-29 00:32:25,0
2026-01-29 00:32:26,0
2026-01-29 00:32:27,0
2026-01-29 00:32:28,0
2026-01-29 00:32:29,0
2026-01-29 00:32:30,0
2026-01-29 00:32:31,0
2026-01-29 00:32:32,0
2026-01-29 00:32:33,0
2026-01-29 00:32:34,0
2026-01-29 00:32:35,0
2026-01-29 00:32:36,0
2026-01-29 00:32:37,0
2026-01-29 00:32:38,0
2026-01-29 00:32:39,0
2026-01-29 00:32:40,0
2026-01-29 00:32:41,0
2026-01-29 00:32:42,0
2026-01-29 00:32:43,0
2026-01-29 00:32:44,0
2026-01-29 00:32:45,0
2026-01-29 00:32:46,0
2026-01-29 00:32:47,0
2026-01-29 00:32:48,0
2026-01-29 00:32:49,0
2026-01-29 00:32:50,0
2026-01-29 00:32:51,0
2026-01-29 00:32:52,0
2026-01-29 00:32:53,0
2026-01-29 00:36:39,7.12
2026-01-29 00:36:40,7.12
2026-01-29 00:36:41,7.12
2026-01-29 00:36:42,7.12
2026-01-29 00:36:43,7.12
2026-01-29 00:36:44,9.09
2026-01-29 00:36:45,9.09
2026-01-29 00:36:46,9.09
2026-01-29 00:36:47,9.09
2026-01-29 00:36:48,9.09
2026-01-29 00:36:49,8.75
2026-01-29 00:36:50,8.75
2026-01-29 00:36:51,8.75
2026-01-29 00:36:52,8.75
2026-01-29 00:36:53,8.75
2026-01-29 00:36:54,8.73
2026-01-29 00:36:55,8.73
2026-01-29 00:36:56,8.73
2026-01-29 00:36:57,8.73
2026-01-29 00:36:58,8.73
2026-01-29 00:36:59,8.80
2026-01-29 00:37:00,8.80
2026-01-29 00:37:01,8.80
2026-01-29 00:37:02,8.80
2026-01-29 00:37:03,8.80
2026-01-29 00:37:04,8.81
2026-01-29 00:37:05,8.81
2026-01-29 00:37:06,8.81
2026-01-29 00:37:07,8.81
2026-01-29 00:37:08,8.81
2026-01-29 00:37:09,8.63
2026-01-29 00:37:10,8.63
2026-01-29 00:37:11,8.63
2026-01-29 00:37:12,8.63
2026-01-29 00:37:13,8.63
2026-01-29 00:37:14,8.67
2026-01-29 00:37:15,8.67
2026-01-29 00:37:16,8.67
2026-01-29 00:37:17,8.67
2026-01-29 00:37:18,8.67
2026-01-29 00:37:19,8.47
2026-01-29 00:37:20,8.47
2026-01-29 00:37:21,8.47
2026-01-29 00:37:22,8.47
2026-01-29 00:37:23,8.47
2026-01-29 00:37:24,8.78
2026-01-29 00:37:25,8.78
2026-01-29 00:37:26,8.78
2026-01-29 00:37:27,8.78
2026-01-29 00:37:28,8.78
2026-01-29 00:37:29,8.58
2026-01-29 00:37:30,8.58
2026-01-29 00:37:31,8.58
2026-01-29 00:37:32,8.58
2026-01-29 00:37:33,8.58
2026-01-29 00:37:34,9.73
2026-01-29 00:37:35,9.73
2026-01-29 00:37:36,9.73
2026-01-29 00:37:37,9.73
2026-01-29 00:37:38,9.73
2026-01-29 00:37:39,8.34
2026-01-29 00:37:40,8.34
2026-01-29 00:37:41,8.34
2026-01-29 00:37:42,8.34
2026-01-29 00:37:43,8.34
2026-01-29 00:37:44,7.77
2026-01-29 00:37:45,7.77
2026-01-29 00:37:46,7.77
2026-01-29 00:37:47,7.77
2026-01-29 00:37:48,7.77
2026-01-29 00:37:49,7.58
2026-01-29 00:37:50,7.58
2026-01-29 00:37:51,7.58
2026-01-29 00:37:52,7.58
2026-01-29 00:37:53,7.58
2026-01-29 00:37:54,7.75
2026-01-29 00:37:55,7.75
2026-01-29 00:37:56,7.75
2026-01-29 00:37:57,7.75
2026-01-29 00:37:58,7.75
2026-01-29 00:37:59,7.74
2026-01-29 00:38:00,7.74
2026-01-29 00:38:01,7.74
2026-01-29 00:38:02,7.74
2026-01-29 00:38:03,7.74
2026-01-29 00:38:04,7.88
2026-01-29 00:38:05,7.88
2026-01-29 00:38:06,7.88
2026-01-29 00:38:07,7.88
2026-01-29 00:38:08,7.88
2026-01-29 00:38:09,7.61
2026-01-29 00:38:10,7.61
2026-01-29 00:38:11,7.61
2026-01-29 00:38:12,7.61
2026-01-29 00:38:13,7.61
2026-01-29 00:38:14,7.59
2026-01-29 00:38:15,7.59
2026-01-29 00:38:16,7.59
2026-01-29 00:38:17,7.59
2026-01-29 00:38:18,7.59
2026-01-29 00:38:19,7.59
2026-01-29 00:38:20,7.59
2026-01-29 00:38:21,7.59
2026-01-29 00:38:22,7.59
2026-01-29 00:38:23,7.59
2026-01-29 00:38:24,7.82
2026-01-29 00:38:25,7.82
2026-01-29 00:38:26,7.82
2026-01-29 00:38:27,7.82
2026-01-29 00:38:28,7.82
2026-01-29 00:38:29,7.65
2026-01-29 00:38:30,7.65
2026-01-29 00:38:31,7.65
2026-01-29 00:38:32,7.65
2026-01-29 00:38:33,7.65
2026-01-29 00:38:34,9.22
2026-01-29 00:38:35,9.22
2026-01-29 00:38:36,9.22
2026-01-29 00:38:37,9.22
2026-01-29 00:38:38,9.22
2026-01-29 00:38:39,7.70
2026-01-29 00:38:40,7.70
2026-01-29 00:38:41,7.70
2026-01-29 00:38:42,7.70
2026-01-29 00:38:43,7.70
2026-01-29 00:38:44,6.78
2026-01-29 00:38:45,6.78
2026-01-29 00:38:46,6.78
2026-01-29 00:38:47,6.78
2026-01-29 00:38:48,6.78
2026-01-29 00:38:49,6.64
2026-01-29 00:38:50,6.64
2026-01-29 00:38:51,6.64
2026-01-29 00:38:52,6.64
2026-01-29 00:38:53,6.64
2026-01-29 00:38:54,6.83
2026-01-29 00:38:55,6.83
2026-01-29 00:38:56,6.83
2026-01-29 00:38:57,6.83
2026-01-29 00:38:58,6.83
2026-01-29 00:38:59,6.79
2026-01-29 00:39:00,6.79
2026-01-29 00:39:01,6.79
2026-01-29 00:39:02,6.79
2026-01-29 00:39:03,6.79
2026-01-29 00:39:04,6.91
2026-01-29 00:39:05,6.91
2026-01-29 00:39:06,6.91
2026-01-29 00:39:07,6.91
2026-01-29 00:39:08,6.91
2026-01-29 00:39:09,6.75
2026-01-29 00:39:10,6.75
2026-01-29 00:39:11,6.75
2026-01-29 00:39:12,6.75
2026-01-29 00:39:13,6.75
2026-01-29 00:39:14,6.76
2026-01-29 00:39:15,6.76
2026-01-29 00:39:16,6.76
2026-01-29 00:39:17,6.76
2026-01-29 00:39:18,6.76
2026-01-29 00:39:19,6.67
2026-01-29 00:39:20,6.67
2026-01-29 00:39:21,6.67
2026-01-29 00:39:22,6.67
2026-01-29 00:39:23,6.67
2026-01-29 00:39:24,6.89
2026-01-29 00:39:25,6.89
2026-01-29 00:39:26,6.89
2026-01-29 00:39:27,6.89
2026-01-29 00:39:28,6.89
2026-01-29 00:39:29,6.65
2026-01-29 00:39:30,6.65
2026-01-29 00:39:31,6.65
2026-01-29 00:39:32,6.65
2026-01-29 00:39:33,6.65
2026-01-29 00:39:34,6.75
2026-01-29 00:39:35,6.75
2026-01-29 00:39:36,6.75
2026-01-29 00:39:37,6.75
2026-01-29 00:39:38,6.75
2026-01-29 00:39:39,6.58
2026-01-29 00:39:40,6.58
2026-01-29 00:39:41,6.58
2026-01-29 00:39:42,6.58
2026-01-29 00:39:43,6.58
2026-01-29 00:39:44,6.77
2026-01-29 00:39:45,6.77
2026-01-29 00:39:46,6.77
2026-01-29 00:39:47,6.77
2026-01-29 00:39:48,6.77
2026-01-29 00:39:49,6.63
2026-01-29 00:39:50,6.63
2026-01-29 00:39:51,6.63
2026-01-29 00:39:52,6.63
2026-01-29 00:39:53,6.63
2026-01-29 00:39:54,6.75
2026-01-29 00:39:55,6.75
2026-01-29 00:39:56,6.75
2026-01-29 00:39:57,6.75
2026-01-29 00:39:58,6.75
2026-01-29 00:39:59,6.92
2026-01-29 00:40:00,6.92
2026-01-29 00:40:01,6.92
2026-01-29 00:40:02,6.92
2026-01-29 00:40:03,6.92
2026-01-29 00:40:04,7.33
2026-01-29 00:40:05,7.33
2026-01-29 00:40:06,7.33
2026-01-29 00:40:07,7.33
2026-01-29 00:40:08,7.33
2026-01-29 00:40:09,6.53
2026-01-29 00:40:10,6.53
2026-01-29 00:40:11,6.53
2026-01-29 00:40:12,6.53
2026-01-29 00:40:13,6.53
2026-01-29 00:40:14,7.67
2026-01-29 00:40:15,7.67
2026-01-29 00:40:16,7.67
2026-01-29 00:40:17,7.67
2026-01-29 00:40:18,7.67
2026-01-29 00:40:19,7.70
2026-01-29 00:40:20,7.70
2026-01-29 00:40:21,7.70
2026-01-29 00:40:22,7.70
2026-01-29 00:40:23,7.70
2026-01-29 00:40:24,8.08
2026-01-29 00:40:25,8.08
2026-01-29 00:40:26,8.08
2026-01-29 00:40:27,8.08
2026-01-29 00:40:28,8.08
2026-01-29 00:40:29,7.80
2026-01-29 00:40:30,7.80
2026-01-29 00:40:31,7.80
2026-01-29 00:40:32,7.80
2026-01-29 00:40:33,7.80
2026-01-29 00:40:34,9.30
2026-01-29 00:40:35,9.30
2026-01-29 00:40:36,9.30
2026-01-29 00:40:37,9.30
2026-01-29 00:40:38,9.30
2026-01-29 00:40:39,7.70
2026-01-29 00:40:40,7.70
2026-01-29 00:40:41,7.70
2026-01-29 00:40:42,7.70
2026-01-29 00:40:43,7.70
2026-01-29 00:40:44,6.61
2026-01-29 00:40:45,6.61
2026-01-29 00:40:46,6.61
2026-01-29 00:40:47,6.61
2026-01-29 00:40:48,6.61
2026-01-29 00:40:49,6.48
2026-01-29 00:40:50,6.48
2026-01-29 00:40:51,6.48
2026-01-29 00:40:52,6.48
2026-01-29 00:40:53,6.48
2026-01-29 00:40:54,6.56
2026-01-29 00:40:55,6.56
2026-01-29 00:40:56,6.56
2026-01-29 00:40:57,6.56
2026-01-29 00:40:58,6.56
2026-01-29 00:40:59,6.67
2026-01-29 00:41:00,6.67
2026-01-29 00:41:01,6.67
2026-01-29 00:41:02,6.67
2026-01-29 00:41:03,6.67
2026-01-29 00:41:04,6.78
2026-01-29 00:41:05,6.78
2026-01-29 00:41:06,6.78
2026-01-29 00:41:07,6.78
2026-01-29 00:41:08,6.78
2026-01-29 00:41:09,6.54
2026-01-29 00:41:10,6.54
2026-01-29 00:41:11,6.54
2026-01-29 00:41:12,6.54
2026-01-29 00:41:13,6.54
2026-01-29 00:41:14,6.54
2026-01-29 00:41:15,6.54
2026-01-29 00:41:16,6.54
2026-01-29 00:41:17,6.54
2026-01-29 00:41:18,6.54
2026-01-29 00:41:19,6.55
2026-01-29 00:41:20,6.55
2026-01-29 00:41:21,6.55
2026-01-29 00:41:22,6.55
2026-01-29 00:41:23,6.55
2026-01-29 00:41:24,0
2026-01-29 00:41:25,0
2026-01-29 00:41:26,0
2026-01-29 00:41:27,0
2026-01-29 00:41:28,0
2026-01-29 00:41:29,0
2026-01-29 00:41:30,0
2026-01-29 00:41:31,0
2026-01-29 00:41:32,0
2026-01-29 00:41:33,0
2026-01-29 00:41:34,0
2026-01-29 00:41:35,0
2026-01-29 00:41:36,0
2026-01-29 00:41:37,0
2026-01-29 00:41:38,0
2026-01-29 00:41:39,0
2026-01-29 00:41:40,0
2026-01-29 00:41:41,0
2026-01-29 00:41:42,0
2026-01-29 00:41:43,0
2026-01-29 00:41:44,0
2026-01-29 00:41:45,0
2026-01-29 00:41:46,0
2026-01-29 00:41:47,0
2026-01-29 00:41:48,0
2026-01-29 00:41:49,0
2026-01-29 00:41:50,0
2026-01-29 00:41:51,0
2026-01-29 00:41:52,0
2026-01-29 00:41:53,0
2026-01-29 00:41:54,0
2026-01-29 00:41:55,0
2026-01-29 00:41:56,0
2026-01-29 00:41:57,0
2026-01-29 00:41:58,0
2026-01-29 00:41:59,0
2026-01-29 00:42:00,0
2026-01-29 00:42:01,0
2026-01-29 00:42:02,0
2026-01-29 00:42:03,0
2026-01-29 00:42:04,0
2026-01-29 00:42:05,0
2026-01-29 00:42:06,0
2026-01-29 00:42:07,0
2026-01-29 00:42:08,0
2026-01-29 00:42:09,0
2026-01-29 00:42:10,0
2026-01-29 00:42:11,0
2026-01-29 00:42:12,0
2026-01-29 00:42:13,0
2026-01-29 00:42:14,0
2026-01-29 00:42:15,0
2026-01-29 00:42:16,0
2026-01-29 00:42:17,0
2026-01-29 00:42:18,0
2026-01-29 00:42:19,0
2026-01-29 00:42:20,0
2026-01-29 00:42:21,0
2026-01-29 00:42:22,0
2026-01-29 00:42:23,0
2026-01-29 00:42:24,0
2026-01-29 00:42:25,0
2026-01-29 00:42:26,0
2026-01-29 00:42:27,0
2026-01-29 00:42:28,0
2026-01-29 00:42:29,0
2026-01-29 00:42:30,0
2026-01-29 00:42:31,0
2026-01-29 00:42:32,0
2026-01-29 00:42:33,0
2026-01-29 00:42:34,0
2026-01-29 00:42:35,0
2026-01-29 00:42:36,0
2026-01-29 00:42:37,0
2026-01-29 00:42:38,0
2026-01-29 00:42:39,0
2026-01-29 00:42:40,0
2026-01-29 00:42:41,0
2026-01-29 00:42:42,0
2026-01-29 00:42:43,0
2026-01-29 00:42:44,0
2026-01-29 00:42:45,0
2026-01-29 00:42:46,0
2026-01-29 00:42:47,0
2026-01-29 00:42:48,0
2026-01-29 00:42:49,0
2026-01-29 00:42:50,0
2026-01-29 00:42:51,0
2026-01-29 00:42:52,0
2026-01-29 00:42:53,0
2026-01-29 00:42:54,0
2026-01-29 00:42:55,0
2026-01-29 00:42:56,0
2026-01-29 00:42:57,0
2026-01-29 00:42:58,0
2026-01-29 00:43:09,1.40
2026-01-29 00:43:10,1.40
2026-01-29 00:43:11,1.40
2026-01-29 00:43:12,1.40
2026-01-29 00:43:13,1.40
2026-01-29 00:43:14,8.48
2026-01-29 00:43:15,8.48
2026-01-29 00:43:16,8.48
2026-01-29 00:43:17,8.48
2026-01-29 00:43:18,8.48
2026-01-29 00:43:19,8.44
2026-01-29 00:43:20,8.44
2026-01-29 00:43:21,8.44
2026-01-29 00:43:22,8.44
2026-01-29 00:43:23,8.44
2026-01-29 00:43:24,8.78
2026-01-29 00:43:25,8.78
2026-01-29 00:43:26,8.78
2026-01-29 00:43:27,8.78
2026-01-29 00:43:28,8.78
2026-01-29 00:43:29,8.51
2026-01-29 00:43:30,8.51
2026-01-29 00:43:31,8.51
2026-01-29 00:43:32,8.51
2026-01-29 00:43:33,8.51
2026-01-29 00:43:34,8.67
2026-01-29 00:43:35,8.67
2026-01-29 00:43:36,8.67
2026-01-29 00:43:37,8.67
2026-01-29 00:43:38,8.67
2026-01-29 00:43:39,8.35
2026-01-29 00:43:40,8.35
2026-01-29 00:43:41,8.35
2026-01-29 00:43:42,8.35
2026-01-29 00:43:43,8.35
2026-01-29 00:43:44,8.56
2026-01-29 00:43:45,8.56
2026-01-29 00:43:46,8.56
2026-01-29 00:43:47,8.56
2026-01-29 00:43:48,8.56
2026-01-29 00:43:49,9.62
2026-01-29 00:43:50,9.62
2026-01-29 00:43:51,9.62
2026-01-29 00:43:52,9.62
2026-01-29 00:43:53,9.62
2026-01-29 00:43:54,8.60
2026-01-29 00:43:55,8.60
2026-01-29 00:43:56,8.60
2026-01-29 00:43:57,8.60
2026-01-29 00:43:58,8.60
2026-01-29 00:43:59,7.73
2026-01-29 00:44:00,7.73
2026-01-29 00:44:01,7.73
2026-01-29 00:44:02,7.73
2026-01-29 00:44:03,7.73
2026-01-29 00:44:04,8.12
2026-01-29 00:44:05,8.12
2026-01-29 00:44:06,8.12
2026-01-29 00:44:07,8.12
2026-01-29 00:44:08,8.12
2026-01-29 00:44:09,7.66
2026-01-29 00:44:10,7.66
2026-01-29 00:44:11,7.66
2026-01-29 00:44:12,7.66
2026-01-29 00:44:13,7.66
2026-01-29 00:44:14,7.73
2026-01-29 00:44:15,7.73
2026-01-29 00:44:16,7.73
2026-01-29 00:44:17,7.73
2026-01-29 00:44:18,7.73
2026-01-29 00:44:19,7.59
2026-01-29 00:44:20,7.59
2026-01-29 00:44:21,7.59
2026-01-29 00:44:22,7.59
2026-01-29 00:44:23,7.59
2026-01-29 00:44:24,7.90
2026-01-29 00:44:25,7.90
2026-01-29 00:44:26,7.90
2026-01-29 00:44:27,7.90
2026-01-29 00:44:28,7.90
2026-01-29 00:44:29,7.63
2026-01-29 00:44:30,7.63
2026-01-29 00:44:31,7.63
2026-01-29 00:44:32,7.63
2026-01-29 00:44:33,7.63
2026-01-29 00:44:34,7.80
2026-01-29 00:44:35,7.80
2026-01-29 00:44:36,7.80
2026-01-29 00:44:37,7.80
2026-01-29 00:44:38,7.80
2026-01-29 00:44:39,7.69
2026-01-29 00:44:40,7.69
2026-01-29 00:44:41,7.69
2026-01-29 00:44:42,7.69
2026-01-29 00:44:43,7.69
2026-01-29 00:44:44,7.85
2026-01-29 00:44:45,7.85
2026-01-29 00:44:46,7.85
2026-01-29 00:44:47,7.85
2026-01-29 00:44:48,7.85
2026-01-29 00:44:49,7.68
2026-01-29 00:44:50,7.68
2026-01-29 00:44:51,7.68
2026-01-29 00:44:52,7.68
2026-01-29 00:44:53,7.68
2026-01-29 00:44:54,7.77
2026-01-29 00:44:55,7.77
2026-01-29 00:44:56,7.77
2026-01-29 00:44:57,7.77
2026-01-29 00:44:58,7.77
2026-01-29 00:44:59,8.70
2026-01-29 00:45:00,8.70
2026-01-29 00:45:01,8.70
2026-01-29 00:45:02,8.70
2026-01-29 00:45:03,8.70
2026-01-29 00:45:04,7.59
2026-01-29 00:45:05,7.59
2026-01-29 00:45:06,7.59
2026-01-29 00:45:07,7.59
2026-01-29 00:45:08,7.59
2026-01-29 00:45:09,6.91
2026-01-29 00:45:10,6.91
2026-01-29 00:45:11,6.91
2026-01-29 00:45:12,6.91
2026-01-29 00:45:13,6.91
2026-01-29 00:45:14,6.46
2026-01-29 00:45:15,6.46
2026-01-29 00:45:16,6.46
2026-01-29 00:45:17,6.46
2026-01-29 00:45:18,6.46
2026-01-29 00:45:19,7.18
2026-01-29 00:45:20,7.18
2026-01-29 00:45:21,7.18
2026-01-29 00:45:22,7.18
2026-01-29 00:45:23,7.18
2026-01-29 00:45:24,8.02
2026-01-29 00:45:25,8.02
2026-01-29 00:45:26,8.02
2026-01-29 00:45:27,8.02
2026-01-29 00:45:28,8.02
2026-01-29 00:45:29,7.89
2026-01-29 00:45:30,7.89
2026-01-29 00:45:31,7.89
2026-01-29 00:45:32,7.89
2026-01-29 00:45:33,7.89
2026-01-29 00:45:34,7.84
2026-01-29 00:45:35,7.84
2026-01-29 00:45:36,7.84
2026-01-29 00:45:37,7.84
2026-01-29 00:45:38,7.84
2026-01-29 00:45:39,7.78
2026-01-29 00:45:40,7.78
2026-01-29 00:45:41,7.78
2026-01-29 00:45:42,7.78
2026-01-29 00:45:43,7.78
2026-01-29 00:45:44,7.90
2026-01-29 00:45:45,7.90
2026-01-29 00:45:46,7.90
2026-01-29 00:45:47,7.90
2026-01-29 00:45:48,7.90
2026-01-29 00:45:49,7.83
2026-01-29 00:45:50,7.83
2026-01-29 00:45:51,7.83
2026-01-29 00:45:52,7.83
2026-01-29 00:45:53,7.83
2026-01-29 00:45:54,7.83
2026-01-29 00:45:55,7.83
2026-01-29 00:45:56,7.83
2026-01-29 00:45:57,7.83
2026-01-29 00:45:58,7.83
2026-01-29 00:45:59,7.86
2026-01-29 00:46:00,7.86
2026-01-29 00:46:01,7.86
2026-01-29 00:46:02,7.86
2026-01-29 00:46:03,7.86
2026-01-29 00:46:04,8.14
2026-01-29 00:46:05,8.14
2026-01-29 00:46:06,8.14
2026-01-29 00:46:07,8.14
2026-01-29 00:46:08,8.14
2026-01-29 00:46:09,7.70
2026-01-29 00:46:10,7.70
2026-01-29 00:46:11,7.70
2026-01-29 00:46:12,7.70
2026-01-29 00:46:13,7.70
2026-01-29 00:46:14,8.93
2026-01-29 00:46:15,8.93
2026-01-29 00:46:16,8.93
2026-01-29 00:46:17,8.93
2026-01-29 00:46:18,8.93
2026-01-29 00:46:19,7.34
2026-01-29 00:46:20,7.34
2026-01-29 00:46:21,7.34
2026-01-29 00:46:22,7.34
2026-01-29 00:46:23,7.34
2026-01-29 00:46:24,7.14
2026-01-29 00:46:25,7.14
2026-01-29 00:46:26,7.14
2026-01-29 00:46:27,7.14
2026-01-29 00:46:28,7.14
2026-01-29 00:46:29,6.47
2026-01-29 00:46:30,6.47
2026-01-29 00:46:31,6.47
2026-01-29 00:46:32,6.47
2026-01-29 00:46:33,6.47
2026-01-29 00:46:34,7.73
2026-01-29 00:46:35,7.73
2026-01-29 00:46:36,7.73
2026-01-29 00:46:37,7.73
2026-01-29 00:46:38,7.73
2026-01-29 00:46:39,7.89
2026-01-29 00:46:40,7.89
2026-01-29 00:46:41,7.89
2026-01-29 00:46:42,7.89
2026-01-29 00:46:43,7.89
2026-01-29 00:46:44,7.98
2026-01-29 00:46:45,7.98
2026-01-29 00:46:46,7.98
2026-01-29 00:46:47,7.98
2026-01-29 00:46:48,7.98
2026-01-29 00:46:49,7.81
2026-01-29 00:46:50,7.81
2026-01-29 00:46:51,7.81
2026-01-29 00:46:52,7.81
2026-01-29 00:46:53,7.81
2026-01-29 00:46:54,7.92
2026-01-29 00:46:55,7.92
2026-01-29 00:46:56,7.92
2026-01-29 00:46:57,7.92
2026-01-29 00:46:58,7.92
2026-01-29 00:46:59,7.89
2026-01-29 00:47:00,7.89
2026-01-29 00:47:01,7.89
2026-01-29 00:47:02,7.89
2026-01-29 00:47:03,7.89
2026-01-29 00:47:04,8.23
2026-01-29 00:47:05,8.23
2026-01-29 00:47:06,8.23
2026-01-29 00:47:07,8.23
2026-01-29 00:47:08,8.23
2026-01-29 00:47:09,7.76
2026-01-29 00:47:10,7.76
2026-01-29 00:47:11,7.76
2026-01-29 00:47:12,7.76
2026-01-29 00:47:13,7.76
2026-01-29 00:47:14,7.81
2026-01-29 00:47:15,7.81
2026-01-29 00:47:16,7.81
2026-01-29 00:47:17,7.81
2026-01-29 00:47:18,7.81
2026-01-29 00:47:19,7.73
2026-01-29 00:47:20,7.73
2026-01-29 00:47:21,7.73
2026-01-29 00:47:22,7.73
2026-01-29 00:47:23,7.73
2026-01-29 00:47:24,7.92
2026-01-29 00:47:25,7.92
2026-01-29 00:47:26,7.92
2026-01-29 00:47:27,7.92
2026-01-29 00:47:28,7.92
2026-01-29 00:47:29,9.18
2026-01-29 00:47:30,9.18
2026-01-29 00:47:31,9.18
2026-01-29 00:47:32,9.18
2026-01-29 00:47:33,9.18
2026-01-29 00:47:34,8.10
2026-01-29 00:47:35,8.10
2026-01-29 00:47:36,8.10
2026-01-29 00:47:37,8.10
2026-01-29 00:47:38,8.10
2026-01-29 00:47:39,6.79
2026-01-29 00:47:40,6.79
2026-01-29 00:47:41,6.79
2026-01-29 00:47:42,6.79
2026-01-29 00:47:43,6.79
2026-01-29 00:47:44,8.15
2026-01-29 00:47:45,8.15
2026-01-29 00:47:46,8.15
2026-01-29 00:47:47,8.15
2026-01-29 00:47:48,8.15
2026-01-29 00:47:49,6.52
2026-01-29 00:47:50,6.52
2026-01-29 00:47:51,6.52
2026-01-29 00:47:52,6.52
2026-01-29 00:47:53,6.52
2026-01-29 00:47:54,6.94
2026-01-29 00:47:55,6.94
2026-01-29 00:47:56,6.94
2026-01-29 00:47:57,6.94
2026-01-29 00:47:58,6.94
2026-01-29 00:47:59,0
2026-01-29 00:48:00,0
2026-01-29 00:48:01,0
2026-01-29 00:48:02,0
2026-01-29 00:48:03,0
2026-01-29 00:48:04,0
2026-01-29 00:48:05,0
2026-01-29 00:48:06,0
2026-01-29 00:48:07,0
2026-01-29 00:48:08,0
2026-01-29 00:48:09,0
2026-01-29 00:48:10,0
2026-01-29 00:48:11,0
2026-01-29 00:48:12,0
2026-01-29 00:48:13,0
2026-01-29 00:48:14,0
2026-01-29 00:48:15,0
2026-01-29 00:48:16,0
2026-01-29 00:48:17,0
2026-01-29 00:48:18,0
2026-01-29 00:48:19,0
2026-01-29 00:48:20,0
2026-01-29 00:48:21,0
2026-01-29 00:48:22,0
2026-01-29 00:48:23,0
2026-01-29 00:48:24,0
2026-01-29 00:48:25,0
2026-01-29 00:48:26,0
2026-01-29 00:48:27,0
2026-01-29 00:48:28,0
2026-01-29 00:48:29,0
2026-01-29 00:48:30,0
2026-01-29 00:48:31,0
2026-01-29 00:48:32,0
2026-01-29 00:48:33,0
2026-01-29 00:48:34,0
2026-01-29 00:48:35,0
2026-01-29 00:48:36,0
2026-01-29 00:48:37,0
2026-01-29 00:48:38,0
2026-01-29 00:48:39,0
2026-01-29 00:48:40,0
2026-01-29 00:48:41,0
2026-01-29 00:48:42,0
2026-01-29 00:48:43,0
2026-01-29 00:48:44,0
2026-01-29 00:48:45,0
2026-01-29 00:48:46,0
2026-01-29 00:48:47,0
2026-01-29 00:48:48,0
2026-01-29 00:48:49,0
2026-01-29 00:48:50,0
2026-01-29 00:48:51,0
2026-01-29 00:48:52,0
2026-01-29 00:48:53,0
2026-01-29 00:48:54,0
2026-01-29 00:48:55,0
2026-01-29 00:48:56,0
2026-01-29 00:48:57,0
2026-01-29 00:48:58,0
2026-01-29 00:48:59,0
2026-01-29 00:49:00,0
2026-01-29 00:49:01,0
2026-01-29 00:49:02,0
2026-01-29 00:49:03,0
2026-01-29 00:49:04,0
2026-01-29 00:49:05,0
2026-01-29 00:49:06,0
2026-01-29 00:49:07,0
2026-01-29 00:49:08,0
2026-01-29 00:49:09,0
2026-01-29 00:49:10,0
2026-01-29 00:49:11,0
2026-01-29 00:49:12,0
2026-01-29 00:49:13,0
2026-01-29 00:49:14,0
2026-01-29 00:49:15,0
2026-01-29 00:49:16,0
2026-01-29 00:49:17,0
2026-01-29 00:49:18,0
2026-01-29 00:49:19,0
2026-01-29 00:49:20,0
2026-01-29 00:49:21,0
2026-01-29 00:49:22,0
2026-01-29 00:49:23,0
2026-01-29 00:49:24,0
2026-01-29 00:49:25,0
2026-01-29 00:49:26,0
2026-01-29 00:49:27,0
2026-01-29 00:49:28,0
2026-01-29 00:49:29,0
2026-01-29 00:49:30,0
2026-01-29 00:49:31,0
2026-01-29 00:49:32,0
2026-01-29 00:49:33,0
2026-01-29 00:49:59,1.26
2026-01-29 00:50:00,1.26
2026-01-29 00:50:01,1.26
2026-01-29 00:50:02,1.26
2026-01-29 00:50:03,1.26
2026-01-29 00:50:04,7.12
2026-01-29 00:50:05,7.12
2026-01-29 00:50:06,7.12
2026-01-29 00:50:07,7.12
2026-01-29 00:50:08,7.12
2026-01-29 00:50:09,8.08
2026-01-29 00:50:10,8.08
2026-01-29 00:50:11,8.08
2026-01-29 00:50:12,8.08
2026-01-29 00:50:13,8.08
2026-01-29 00:50:14,7.65
2026-01-29 00:50:15,7.65
2026-01-29 00:50:16,7.65
2026-01-29 00:50:17,7.65
2026-01-29 00:50:18,7.65
2026-01-29 00:50:19,7.65
2026-01-29 00:50:20,7.65
2026-01-29 00:50:21,7.65
2026-01-29 00:50:22,7.65
2026-01-29 00:50:23,7.65
2026-01-29 00:50:24,7.72
2026-01-29 00:50:25,7.72
2026-01-29 00:50:26,7.72
2026-01-29 00:50:27,7.72
2026-01-29 00:50:28,7.72
2026-01-29 00:50:29,7.84
2026-01-29 00:50:30,7.84
2026-01-29 00:50:31,7.84
2026-01-29 00:50:32,7.84
2026-01-29 00:50:33,7.84
2026-01-29 00:50:34,8.90
2026-01-29 00:50:35,8.90
2026-01-29 00:50:36,8.90
2026-01-29 00:50:37,8.90
2026-01-29 00:50:38,8.90
2026-01-29 00:50:39,8.93
2026-01-29 00:50:40,8.93
2026-01-29 00:50:41,8.93
2026-01-29 00:50:42,8.93
2026-01-29 00:50:43,8.93
2026-01-29 00:50:44,8.63
2026-01-29 00:50:45,8.63
2026-01-29 00:50:46,8.63
2026-01-29 00:50:47,8.63
2026-01-29 00:50:48,8.63
2026-01-29 00:50:49,8.42
2026-01-29 00:50:50,8.42
2026-01-29 00:50:51,8.42
2026-01-29 00:50:52,8.42
2026-01-29 00:50:53,8.42
2026-01-29 00:50:54,8.60
2026-01-29 00:50:55,8.60
2026-01-29 00:50:56,8.60
2026-01-29 00:50:57,8.60
2026-01-29 00:50:58,8.60
2026-01-29 00:50:59,8.44
2026-01-29 00:51:00,8.44
2026-01-29 00:51:01,8.44
2026-01-29 00:51:02,8.44
2026-01-29 00:51:03,8.44
2026-01-29 00:51:04,8.95
2026-01-29 00:51:05,8.95
2026-01-29 00:51:06,8.95
2026-01-29 00:51:07,8.95
2026-01-29 00:51:08,8.95
2026-01-29 00:51:09,8.43
2026-01-29 00:51:10,8.43
2026-01-29 00:51:11,8.43
2026-01-29 00:51:12,8.43
2026-01-29 00:51:13,8.43
2026-01-29 00:51:14,8.45
2026-01-29 00:51:15,8.45
2026-01-29 00:51:16,8.45
2026-01-29 00:51:17,8.45
2026-01-29 00:51:18,8.45
2026-01-29 00:51:19,8.33
2026-01-29 00:51:20,8.33
2026-01-29 00:51:21,8.33
2026-01-29 00:51:22,8.33
2026-01-29 00:51:23,8.33
2026-01-29 00:51:24,8.67
2026-01-29 00:51:25,8.67
2026-01-29 00:51:26,8.67
2026-01-29 00:51:27,8.67
2026-01-29 00:51:28,8.67
2026-01-29 00:51:29,8.76
2026-01-29 00:51:30,8.76
2026-01-29 00:51:31,8.76
2026-01-29 00:51:32,8.76
2026-01-29 00:51:33,8.76
2026-01-29 00:51:34,8.65
2026-01-29 00:51:35,8.65
2026-01-29 00:51:36,8.65
2026-01-29 00:51:37,8.65
2026-01-29 00:51:38,8.65
2026-01-29 00:51:39,8.36
2026-01-29 00:51:40,8.36
2026-01-29 00:51:41,8.36
2026-01-29 00:51:42,8.36
2026-01-29 00:51:43,8.36
2026-01-29 00:51:44,8.60
2026-01-29 00:51:45,8.60
2026-01-29 00:51:46,8.60
2026-01-29 00:51:47,8.60
2026-01-29 00:51:48,8.60
2026-01-29 00:51:49,8.37
2026-01-29 00:51:50,8.37
2026-01-29 00:51:51,8.37
2026-01-29 00:51:52,8.37
2026-01-29 00:51:53,8.37
2026-01-29 00:51:54,8.49
2026-01-29 00:51:55,8.49
2026-01-29 00:51:56,8.49
2026-01-29 00:51:57,8.49
2026-01-29 00:51:58,8.49
2026-01-29 00:51:59,8.35
2026-01-29 00:52:00,8.35
2026-01-29 00:52:01,8.35
2026-01-29 00:52:02,8.35
2026-01-29 00:52:03,8.35
2026-01-29 00:52:04,8.90
2026-01-29 00:52:05,8.90
2026-01-29 00:52:06,8.90
2026-01-29 00:52:07,8.90
2026-01-29 00:52:08,8.90
2026-01-29 00:52:09,8.42
2026-01-29 00:52:10,8.42
2026-01-29 00:52:11,8.42
2026-01-29 00:52:12,8.42
2026-01-29 00:52:13,8.42
2026-01-29 00:52:14,8.52
2026-01-29 00:52:15,8.52
2026-01-29 00:52:16,8.52
2026-01-29 00:52:17,8.52
2026-01-29 00:52:18,8.52
2026-01-29 00:52:19,8.26
2026-01-29 00:52:20,8.26
2026-01-29 00:52:21,8.26
2026-01-29 00:52:22,8.26
2026-01-29 00:52:23,8.26
2026-01-29 00:52:24,8.63
2026-01-29 00:52:25,8.63
2026-01-29 00:52:26,8.63
2026-01-29 00:52:27,8.63
2026-01-29 00:52:28,8.63
2026-01-29 00:52:29,8.39
2026-01-29 00:52:30,8.39
2026-01-29 00:52:31,8.39
2026-01-29 00:52:32,8.39
2026-01-29 00:52:33,8.39
2026-01-29 00:52:34,8.59
2026-01-29 00:52:35,8.59
2026-01-29 00:52:36,8.59
2026-01-29 00:52:37,8.59
2026-01-29 00:52:38,8.59
2026-01-29 00:52:39,8.36
2026-01-29 00:52:40,8.36
2026-01-29 00:52:41,8.36
2026-01-29 00:52:42,8.36
2026-01-29 00:52:43,8.36
2026-01-29 00:52:44,8.56
2026-01-29 00:52:45,8.56
2026-01-29 00:52:46,8.56
2026-01-29 00:52:47,8.56
2026-01-29 00:52:48,8.56
2026-01-29 00:52:49,9.35
2026-01-29 00:52:50,9.35
2026-01-29 00:52:51,9.35
2026-01-29 00:52:52,9.35
2026-01-29 00:52:53,9.35
2026-01-29 00:52:54,8.30
2026-01-29 00:52:55,8.30
2026-01-29 00:52:56,8.30
2026-01-29 00:52:57,8.30
2026-01-29 00:52:58,8.30
2026-01-29 00:52:59,7.71
2026-01-29 00:53:00,7.71
2026-01-29 00:53:01,7.71
2026-01-29 00:53:02,7.71
2026-01-29 00:53:03,7.71
2026-01-29 00:53:04,8.11
2026-01-29 00:53:05,8.11
2026-01-29 00:53:06,8.11
2026-01-29 00:53:07,8.11
2026-01-29 00:53:08,8.11
2026-01-29 00:53:09,7.69
2026-01-29 00:53:10,7.69
2026-01-29 00:53:11,7.69
2026-01-29 00:53:12,7.69
2026-01-29 00:53:13,7.69
2026-01-29 00:53:14,7.72
2026-01-29 00:53:15,7.72
2026-01-29 00:53:16,7.72
2026-01-29 00:53:17,7.72
2026-01-29 00:53:18,7.72
2026-01-29 00:53:19,7.68
2026-01-29 00:53:20,7.68
2026-01-29 00:53:21,7.68
2026-01-29 00:53:22,7.68
2026-01-29 00:53:23,7.68
2026-01-29 00:53:24,7.80
2026-01-29 00:53:25,7.80
2026-01-29 00:53:26,7.80
2026-01-29 00:53:27,7.80
2026-01-29 00:53:28,7.80
2026-01-29 00:53:29,7.62
2026-01-29 00:53:30,7.62
2026-01-29 00:53:31,7.62
2026-01-29 00:53:32,7.62
2026-01-29 00:53:33,7.62
2026-01-29 00:53:34,7.79
2026-01-29 00:53:35,7.79
2026-01-29 00:53:36,7.79
2026-01-29 00:53:37,7.79
2026-01-29 00:53:38,7.79
2026-01-29 00:53:39,7.65
2026-01-29 00:53:40,7.65
2026-01-29 00:53:41,7.65
2026-01-29 00:53:42,7.65
2026-01-29 00:53:43,7.65
2026-01-29 00:53:44,7.78
2026-01-29 00:53:45,7.78
2026-01-29 00:53:46,7.78
2026-01-29 00:53:47,7.78
2026-01-29 00:53:48,7.78
2026-01-29 00:53:49,7.59
2026-01-29 00:53:50,7.59
2026-01-29 00:53:51,7.59
2026-01-29 00:53:52,7.59
2026-01-29 00:53:53,7.59
2026-01-29 00:53:54,7.73
2026-01-29 00:53:55,7.73
2026-01-29 00:53:56,7.73
2026-01-29 00:53:57,7.73
2026-01-29 00:53:58,7.73
2026-01-29 00:53:59,7.66
2026-01-29 00:54:00,7.66
2026-01-29 00:54:01,7.66
2026-01-29 00:54:02,7.66
2026-01-29 00:54:03,7.66
2026-01-29 00:54:04,8.09
2026-01-29 00:54:05,8.09
2026-01-29 00:54:06,8.09
2026-01-29 00:54:07,8.09
2026-01-29 00:54:08,8.09
2026-01-29 00:54:09,7.70
2026-01-29 00:54:10,7.70
2026-01-29 00:54:11,7.70
2026-01-29 00:54:12,7.70
2026-01-29 00:54:13,7.70
2026-01-29 00:54:14,7.25
2026-01-29 00:54:15,7.25
2026-01-29 00:54:16,7.25
2026-01-29 00:54:17,7.25
2026-01-29 00:54:18,7.25
2026-01-29 00:54:19,8.42
2026-01-29 00:54:20,8.42
2026-01-29 00:54:21,8.42
2026-01-29 00:54:22,8.42
2026-01-29 00:54:23,8.42
2026-01-29 00:54:24,9.11
2026-01-29 00:54:25,9.11
2026-01-29 00:54:26,9.11
2026-01-29 00:54:27,9.11
2026-01-29 00:54:28,9.11
2026-01-29 00:54:29,8.82
2026-01-29 00:54:30,8.82
2026-01-29 00:54:31,8.82
2026-01-29 00:54:32,8.82
2026-01-29 00:54:33,8.82
2026-01-29 00:54:34,8.69
2026-01-29 00:54:35,8.69
2026-01-29 00:54:36,8.69
2026-01-29 00:54:37,8.69
2026-01-29 00:54:38,8.69
2026-01-29 00:54:39,8.54
2026-01-29 00:54:40,8.54
2026-01-29 00:54:41,8.54
2026-01-29 00:54:42,8.54
2026-01-29 00:54:43,8.54
2026-01-29 00:54:44,8.74
2026-01-29 00:54:45,8.74
2026-01-29 00:54:46,8.74
2026-01-29 00:54:47,8.74
2026-01-29 00:54:48,8.74
2026-01-29 00:54:49,0
2026-01-29 00:54:50,0
2026-01-29 00:54:51,0
2026-01-29 00:54:52,0
2026-01-29 00:54:53,0
2026-01-29 00:54:54,0
2026-01-29 00:54:55,0
2026-01-29 00:54:56,0
2026-01-29 00:54:57,0
2026-01-29 00:54:58,0
2026-01-29 00:54:59,0
2026-01-29 00:55:00,0
2026-01-29 00:55:01,0
2026-01-29 00:55:02,0
2026-01-29 00:55:03,0
2026-01-29 00:55:04,0
2026-01-29 00:55:05,0
2026-01-29 00:55:06,0
2026-01-29 00:55:07,0
2026-01-29 00:55:08,0
2026-01-29 00:55:09,0
2026-01-29 00:55:10,0
2026-01-29 00:55:11,0
2026-01-29 00:55:12,0
2026-01-29 00:55:13,0
2026-01-29 00:55:14,0
2026-01-29 00:55:15,0
2026-01-29 00:55:16,0
2026-01-29 00:55:17,0
2026-01-29 00:55:18,0
2026-01-29 00:55:19,0
2026-01-29 00:55:20,0
2026-01-29 00:55:21,0
2026-01-29 00:55:22,0
2026-01-29 00:55:23,0
2026-01-29 00:55:24,0
2026-01-29 00:55:25,0
2026-01-29 00:55:26,0
2026-01-29 00:55:27,0
2026-01-29 00:55:28,0
2026-01-29 00:55:29,0
2026-01-29 00:55:30,0
2026-01-29 00:55:31,0
2026-01-29 00:55:32,0
2026-01-29 00:55:33,0
2026-01-29 00:55:34,0
2026-01-29 00:55:35,0
2026-01-29 00:55:36,0
2026-01-29 00:55:37,0
2026-01-29 00:55:38,0
2026-01-29 00:55:39,0
2026-01-29 00:55:40,0
2026-01-29 00:55:41,0
2026-01-29 00:55:42,0
2026-01-29 00:55:43,0
2026-01-29 00:55:44,0
2026-01-29 00:55:45,0
2026-01-29 00:55:46,0
2026-01-29 00:55:47,0
2026-01-29 00:55:48,0
2026-01-29 00:55:49,0
2026-01-29 00:55:50,0
2026-01-29 00:55:51,0
2026-01-29 00:55:52,0
2026-01-29 00:55:53,0
2026-01-29 00:55:54,0
2026-01-29 00:55:55,0
2026-01-29 00:55:56,0
2026-01-29 00:55:57,0
2026-01-29 00:55:58,0
2026-01-29 00:55:59,0
2026-01-29 00:56:00,0
2026-01-29 00:56:01,0
2026-01-29 00:56:02,0
2026-01-29 00:56:03,0
2026-01-29 00:56:04,0
2026-01-29 00:56:05,0
2026-01-29 00:56:06,0
2026-01-29 00:56:07,0
2026-01-29 00:56:08,0
2026-01-29 00:56:09,0
2026-01-29 00:56:10,0
2026-01-29 00:56:11,0
2026-01-29 00:56:12,0
2026-01-29 00:56:13,0
2026-01-29 00:56:14,0
2026-01-29 00:56:15,0
2026-01-29 00:56:16,0
2026-01-29 00:56:17,0
2026-01-29 00:56:18,0
2026-01-29 00:56:19,0
2026-01-29 00:56:20,0
2026-01-29 00:56:21,0
2026-01-29 00:56:22,0
2026-01-29 00:56:23,0
2026-01-29 00:56:59,1.28
2026-01-29 00:57:00,1.28
2026-01-29 00:57:01,1.28
2026-01-29 00:57:02,1.28
2026-01-29 00:57:03,1.28
2026-01-29 00:57:04,8.31
2026-01-29 00:57:05,8.31
2026-01-29 00:57:06,8.31
2026-01-29 00:57:07,8.31
2026-01-29 00:57:08,8.31
2026-01-29 00:57:09,7.70
2026-01-29 00:57:10,7.70
2026-01-29 00:57:11,7.70
2026-01-29 00:57:12,7.70
2026-01-29 00:57:13,7.70
2026-01-29 00:57:14,6.64
2026-01-29 00:57:15,6.64
2026-01-29 00:57:16,6.64
2026-01-29 00:57:17,6.64
2026-01-29 00:57:18,6.64
2026-01-29 00:57:19,6.64
2026-01-29 00:57:20,6.64
2026-01-29 00:57:21,6.64
2026-01-29 00:57:22,6.64
2026-01-29 00:57:23,6.64
2026-01-29 00:57:24,6.81
2026-01-29 00:57:25,6.81
2026-01-29 00:57:26,6.81
2026-01-29 00:57:27,6.81
2026-01-29 00:57:28,6.81
2026-01-29 00:57:29,6.62
2026-01-29 00:57:30,6.62
2026-01-29 00:57:31,6.62
2026-01-29 00:57:32,6.62
2026-01-29 00:57:33,6.62
2026-01-29 00:57:34,6.77
2026-01-29 00:57:35,6.77
2026-01-29 00:57:36,6.77
2026-01-29 00:57:37,6.77
2026-01-29 00:57:38,6.77
2026-01-29 00:57:39,6.64
2026-01-29 00:57:40,6.64
2026-01-29 00:57:41,6.64
2026-01-29 00:57:42,6.64
2026-01-29 00:57:43,6.64
2026-01-29 00:57:44,6.77
2026-01-29 00:57:45,6.77
2026-01-29 00:57:46,6.77
2026-01-29 00:57:47,6.77
2026-01-29 00:57:48,6.77
2026-01-29 00:57:49,6.65
2026-01-29 00:57:50,6.65
2026-01-29 00:57:51,6.65
2026-01-29 00:57:52,6.65
2026-01-29 00:57:53,6.65
2026-01-29 00:57:54,6.68
2026-01-29 00:57:55,6.68
2026-01-29 00:57:56,6.68
2026-01-29 00:57:57,6.68
2026-01-29 00:57:58,6.68
2026-01-29 00:57:59,6.73
2026-01-29 00:58:00,6.73
2026-01-29 00:58:01,6.73
2026-01-29 00:58:02,6.73
2026-01-29 00:58:03,6.73
2026-01-29 00:58:04,7.19
2026-01-29 00:58:05,7.19
2026-01-29 00:58:06,7.19
2026-01-29 00:58:07,7.19
2026-01-29 00:58:08,7.19
2026-01-29 00:58:09,6.68
2026-01-29 00:58:10,6.68
2026-01-29 00:58:11,6.68
2026-01-29 00:58:12,6.68
2026-01-29 00:58:13,6.68
2026-01-29 00:58:14,6.61
2026-01-29 00:58:15,6.61
2026-01-29 00:58:16,6.61
2026-01-29 00:58:17,6.61
2026-01-29 00:58:18,6.61
2026-01-29 00:58:19,6.56
2026-01-29 00:58:20,6.56
2026-01-29 00:58:21,6.56
2026-01-29 00:58:22,6.56
2026-01-29 00:58:23,6.56
2026-01-29 00:58:24,6.89
2026-01-29 00:58:25,6.89
2026-01-29 00:58:26,6.89
2026-01-29 00:58:27,6.89
2026-01-29 00:58:28,6.89
2026-01-29 00:58:29,6.65
2026-01-29 00:58:30,6.65
2026-01-29 00:58:31,6.65
2026-01-29 00:58:32,6.65
2026-01-29 00:58:33,6.65
2026-01-29 00:58:34,6.74
2026-01-29 00:58:35,6.74
2026-01-29 00:58:36,6.74
2026-01-29 00:58:37,6.74
2026-01-29 00:58:38,6.74
2026-01-29 00:58:39,6.74
2026-01-29 00:58:40,6.74
2026-01-29 00:58:41,6.74
2026-01-29 00:58:42,6.74
2026-01-29 00:58:43,6.74
2026-01-29 00:58:44,6.79
2026-01-29 00:58:45,6.79
2026-01-29 00:58:46,6.79
2026-01-29 00:58:47,6.79
2026-01-29 00:58:48,6.79
2026-01-29 00:58:49,6.64
2026-01-29 00:58:50,6.64
2026-01-29 00:58:51,6.64
2026-01-29 00:58:52,6.64
2026-01-29 00:58:53,6.64
2026-01-29 00:58:54,6.67
2026-01-29 00:58:55,6.67
2026-01-29 00:58:56,6.67
2026-01-29 00:58:57,6.67
2026-01-29 00:58:58,6.67
2026-01-29 00:58:59,6.73
2026-01-29 00:59:00,6.73
2026-01-29 00:59:01,6.73
2026-01-29 00:59:02,6.73
2026-01-29 00:59:03,6.73
2026-01-29 00:59:04,6.73
2026-01-29 00:59:05,6.73
2026-01-29 00:59:06,6.73
2026-01-29 00:59:07,6.73
2026-01-29 00:59:08,6.73
2026-01-29 00:59:09,7.18
2026-01-29 00:59:10,7.18
2026-01-29 00:59:11,7.18
2026-01-29 00:59:12,7.18
2026-01-29 00:59:13,7.18
2026-01-29 00:59:14,8.17
2026-01-29 00:59:15,8.17
2026-01-29 00:59:16,8.17
2026-01-29 00:59:17,8.17
2026-01-29 00:59:18,8.17
2026-01-29 00:59:19,7.71
2026-01-29 00:59:20,7.71
2026-01-29 00:59:21,7.71
2026-01-29 00:59:22,7.71
2026-01-29 00:59:23,7.71
2026-01-29 00:59:24,7.87
2026-01-29 00:59:25,7.87
2026-01-29 00:59:26,7.87
2026-01-29 00:59:27,7.87
2026-01-29 00:59:28,7.87
2026-01-29 00:59:29,7.25
2026-01-29 00:59:30,7.25
2026-01-29 00:59:31,7.25
2026-01-29 00:59:32,7.25
2026-01-29 00:59:33,7.25
2026-01-29 00:59:34,8.48
2026-01-29 00:59:35,8.48
2026-01-29 00:59:36,8.48
2026-01-29 00:59:37,8.48
2026-01-29 00:59:38,8.48
2026-01-29 00:59:39,8.61
2026-01-29 00:59:40,8.61
2026-01-29 00:59:41,8.61
2026-01-29 00:59:42,8.61
2026-01-29 00:59:43,8.61
2026-01-29 00:59:44,8.66
2026-01-29 00:59:45,8.66
2026-01-29 00:59:46,8.66
2026-01-29 00:59:47,8.66
2026-01-29 00:59:48,8.66
2026-01-29 00:59:49,8.51
2026-01-29 00:59:50,8.51
2026-01-29 00:59:51,8.51
2026-01-29 00:59:52,8.51
2026-01-29 00:59:53,8.51
2026-01-29 00:59:54,9.14
2026-01-29 00:59:55,9.14
2026-01-29 00:59:56,9.14
2026-01-29 00:59:57,9.14
2026-01-29 00:59:58,9.14
2026-01-29 00:59:59,7.67
2026-01-29 01:00:00,7.67
2026-01-29 01:00:01,7.67
2026-01-29 01:00:02,7.67
2026-01-29 01:00:03,7.67
2026-01-29 01:00:04,7.97
2026-01-29 01:00:05,7.97
2026-01-29 01:00:06,7.97
2026-01-29 01:00:07,7.97
2026-01-29 01:00:08,7.97
2026-01-29 01:00:09,7.75
2026-01-29 01:00:10,7.75
2026-01-29 01:00:11,7.75
2026-01-29 01:00:12,7.75
2026-01-29 01:00:13,7.75
2026-01-29 01:00:14,7.80
2026-01-29 01:00:15,7.80
2026-01-29 01:00:16,7.80
2026-01-29 01:00:17,7.80
2026-01-29 01:00:18,7.80
2026-01-29 01:00:19,7.72
2026-01-29 01:00:20,7.72
2026-01-29 01:00:21,7.72
2026-01-29 01:00:22,7.72
2026-01-29 01:00:23,7.72
2026-01-29 01:00:24,7.82
2026-01-29 01:00:25,7.82
2026-01-29 01:00:26,7.82
2026-01-29 01:00:27,7.82
2026-01-29 01:00:28,7.82
2026-01-29 01:00:29,7.58
2026-01-29 01:00:30,7.58
2026-01-29 01:00:31,7.58
2026-01-29 01:00:32,7.58
2026-01-29 01:00:33,7.58
2026-01-29 01:00:34,7.77
2026-01-29 01:00:35,7.77
2026-01-29 01:00:36,7.77
2026-01-29 01:00:37,7.77
2026-01-29 01:00:38,7.77
2026-01-29 01:00:39,7.60
2026-01-29 01:00:40,7.60
2026-01-29 01:00:41,7.60
2026-01-29 01:00:42,7.60
2026-01-29 01:00:43,7.60
2026-01-29 01:00:44,7.68
2026-01-29 01:00:45,7.68
2026-01-29 01:00:46,7.68
2026-01-29 01:00:47,7.68
2026-01-29 01:00:48,7.68
2026-01-29 01:00:49,7.65
2026-01-29 01:00:50,7.65
2026-01-29 01:00:51,7.65
2026-01-29 01:00:52,7.65
2026-01-29 01:00:53,7.65
2026-01-29 01:00:54,7.76
2026-01-29 01:00:55,7.76
2026-01-29 01:00:56,7.76
2026-01-29 01:00:57,7.76
2026-01-29 01:00:58,7.76
2026-01-29 01:00:59,7.65
2026-01-29 01:01:00,7.65
2026-01-29 01:01:01,7.65
2026-01-29 01:01:02,7.65
2026-01-29 01:01:03,7.65
2026-01-29 01:01:04,7.90
2026-01-29 01:01:05,7.90
2026-01-29 01:01:06,7.90
2026-01-29 01:01:07,7.90
2026-01-29 01:01:08,7.90
2026-01-29 01:01:09,7.78
2026-01-29 01:01:10,7.78
2026-01-29 01:01:11,7.78
2026-01-29 01:01:12,7.78
2026-01-29 01:01:13,7.78
2026-01-29 01:01:14,7.64
2026-01-29 01:01:15,7.64
2026-01-29 01:01:16,7.64
2026-01-29 01:01:17,7.64
2026-01-29 01:01:18,7.64
2026-01-29 01:01:19,7.59
2026-01-29 01:01:20,7.59
2026-01-29 01:01:21,7.59
2026-01-29 01:01:22,7.59
2026-01-29 01:01:23,7.59
2026-01-29 01:01:24,7.38
2026-01-29 01:01:25,7.38
2026-01-29 01:01:26,7.38
2026-01-29 01:01:27,7.38
2026-01-29 01:01:28,7.38
2026-01-29 01:01:29,8.35
2026-01-29 01:01:30,8.35
2026-01-29 01:01:31,8.35
2026-01-29 01:01:32,8.35
2026-01-29 01:01:33,8.35
2026-01-29 01:01:34,8.78
2026-01-29 01:01:35,8.78
2026-01-29 01:01:36,8.78
2026-01-29 01:01:37,8.78
2026-01-29 01:01:38,8.78
2026-01-29 01:01:39,8.39
2026-01-29 01:01:40,8.39
2026-01-29 01:01:41,8.39
2026-01-29 01:01:42,8.39
2026-01-29 01:01:43,8.39
2026-01-29 01:01:44,8.58
2026-01-29 01:01:45,8.58
2026-01-29 01:01:46,8.58
2026-01-29 01:01:47,8.58
2026-01-29 01:01:48,8.58
2026-01-29 01:01:49,0
2026-01-29 01:01:50,0
2026-01-29 01:01:51,0
2026-01-29 01:01:52,0
2026-01-29 01:01:53,0
2026-01-29 01:01:54,0
2026-01-29 01:01:55,0
2026-01-29 01:01:56,0
2026-01-29 01:01:57,0
2026-01-29 01:01:58,0
2026-01-29 01:01:59,0
2026-01-29 01:02:00,0
2026-01-29 01:02:01,0
2026-01-29 01:02:02,0
2026-01-29 01:02:03,0
2026-01-29 01:02:04,0
2026-01-29 01:02:05,0
2026-01-29 01:02:06,0
2026-01-29 01:02:07,0
2026-01-29 01:02:08,0
2026-01-29 01:02:09,0
2026-01-29 01:02:10,0
2026-01-29 01:02:11,0
2026-01-29 01:02:12,0
2026-01-29 01:02:13,0
2026-01-29 01:02:14,0
2026-01-29 01:02:15,0
2026-01-29 01:02:16,0
2026-01-29 01:02:17,0
2026-01-29 01:02:18,0
2026-01-29 01:02:19,0
2026-01-29 01:02:20,0
2026-01-29 01:02:21,0
2026-01-29 01:02:22,0
2026-01-29 01:02:23,0
2026-01-29 01:02:24,0
2026-01-29 01:02:25,0
2026-01-29 01:02:26,0
2026-01-29 01:02:27,0
2026-01-29 01:02:28,0
2026-01-29 01:02:29,0
2026-01-29 01:02:30,0
2026-01-29 01:02:31,0
2026-01-29 01:02:32,0
2026-01-29 01:02:33,0
2026-01-29 01:02:34,0
2026-01-29 01:02:35,0
2026-01-29 01:02:36,0
2026-01-29 01:02:37,0
2026-01-29 01:02:38,0
2026-01-29 01:02:39,0
2026-01-29 01:02:40,0
2026-01-29 01:02:41,0
2026-01-29 01:02:42,0
2026-01-29 01:02:43,0
2026-01-29 01:02:44,0
2026-01-29 01:02:45,0
2026-01-29 01:02:46,0
2026-01-29 01:02:47,0
2026-01-29 01:02:48,0
2026-01-29 01:02:49,0
2026-01-29 01:02:50,0
2026-01-29 01:02:51,0
2026-01-29 01:02:52,0
2026-01-29 01:02:53,0
2026-01-29 01:02:54,0
2026-01-29 01:02:55,0
2026-01-29 01:02:56,0
2026-01-29 01:02:57,0
2026-01-29 01:02:58,0
2026-01-29 01:02:59,0
2026-01-29 01:03:00,0
2026-01-29 01:03:01,0
2026-01-29 01:03:02,0
2026-01-29 01:03:03,0
2026-01-29 01:03:04,0
2026-01-29 01:03:05,0
2026-01-29 01:03:06,0
2026-01-29 01:03:07,0
2026-01-29 01:03:08,0
2026-01-29 01:03:09,0
2026-01-29 01:03:10,0
2026-01-29 01:03:11,0
2026-01-29 01:03:12,0
2026-01-29 01:03:13,0
2026-01-29 01:03:14,0
2026-01-29 01:03:15,0
2026-01-29 01:03:16,0
2026-01-29 01:03:17,0
2026-01-29 01:03:18,0
2026-01-29 01:03:19,0
2026-01-29 01:03:20,0
2026-01-29 01:03:21,0
2026-01-29 01:03:22,0
2026-01-29 01:03:23,0
2026-01-29 01:04:49,7.18
2026-01-29 01:04:50,7.18
2026-01-29 01:04:51,7.18
2026-01-29 01:04:52,7.18
2026-01-29 01:04:53,7.18
2026-01-29 01:04:54,8.70
2026-01-29 01:04:55,8.70
2026-01-29 01:04:56,8.70
2026-01-29 01:04:57,8.70
2026-01-29 01:04:58,8.70
2026-01-29 01:04:59,8.75
2026-01-29 01:05:00,8.75
2026-01-29 01:05:01,8.75
2026-01-29 01:05:02,8.75
2026-01-29 01:05:03,8.75
2026-01-29 01:05:04,9.29
2026-01-29 01:05:05,9.29
2026-01-29 01:05:06,9.29
2026-01-29 01:05:07,9.29
2026-01-29 01:05:08,9.29
2026-01-29 01:05:09,9.72
2026-01-29 01:05:10,9.72
2026-01-29 01:05:11,9.72
2026-01-29 01:05:12,9.72
2026-01-29 01:05:13,9.72
2026-01-29 01:05:14,7.87
2026-01-29 01:05:15,7.87
2026-01-29 01:05:16,7.87
2026-01-29 01:05:17,7.87
2026-01-29 01:05:18,7.87
2026-01-29 01:05:19,7.72
2026-01-29 01:05:20,7.72
2026-01-29 01:05:21,7.72
2026-01-29 01:05:22,7.72
2026-01-29 01:05:23,7.72
2026-01-29 01:05:24,8.04
2026-01-29 01:05:25,8.04
2026-01-29 01:05:26,8.04
2026-01-29 01:05:27,8.04
2026-01-29 01:05:28,8.04
2026-01-29 01:05:29,8.73
2026-01-29 01:05:30,8.73
2026-01-29 01:05:31,8.73
2026-01-29 01:05:32,8.73
2026-01-29 01:05:33,8.73
2026-01-29 01:05:34,7.60
2026-01-29 01:05:35,7.60
2026-01-29 01:05:36,7.60
2026-01-29 01:05:37,7.60
2026-01-29 01:05:38,7.60
2026-01-29 01:05:39,7.36
2026-01-29 01:05:40,7.36
2026-01-29 01:05:41,7.36
2026-01-29 01:05:42,7.36
2026-01-29 01:05:43,7.36
2026-01-29 01:05:44,6.97
2026-01-29 01:05:45,6.97
2026-01-29 01:05:46,6.97
2026-01-29 01:05:47,6.97
2026-01-29 01:05:48,6.97
2026-01-29 01:05:49,6.78
2026-01-29 01:05:50,6.78
2026-01-29 01:05:51,6.78
2026-01-29 01:05:52,6.78
2026-01-29 01:05:53,6.78
2026-01-29 01:05:54,6.88
2026-01-29 01:05:55,6.88
2026-01-29 01:05:56,6.88
2026-01-29 01:05:57,6.88
2026-01-29 01:05:58,6.88
2026-01-29 01:05:59,6.79
2026-01-29 01:06:00,6.79
2026-01-29 01:06:01,6.79
2026-01-29 01:06:02,6.79
2026-01-29 01:06:03,6.79
2026-01-29 01:06:04,7.07
2026-01-29 01:06:05,7.07
2026-01-29 01:06:06,7.07
2026-01-29 01:06:07,7.07
2026-01-29 01:06:08,7.07
2026-01-29 01:06:09,7.01
2026-01-29 01:06:10,7.01
2026-01-29 01:06:11,7.01
2026-01-29 01:06:12,7.01
2026-01-29 01:06:13,7.01
2026-01-29 01:06:14,6.86
2026-01-29 01:06:15,6.86
2026-01-29 01:06:16,6.86
2026-01-29 01:06:17,6.86
2026-01-29 01:06:18,6.86
2026-01-29 01:06:19,6.73
2026-01-29 01:06:20,6.73
2026-01-29 01:06:21,6.73
2026-01-29 01:06:22,6.73
2026-01-29 01:06:23,6.73
2026-01-29 01:06:24,6.95
2026-01-29 01:06:25,6.95
2026-01-29 01:06:26,6.95
2026-01-29 01:06:27,6.95
2026-01-29 01:06:28,6.95
2026-01-29 01:06:29,6.78
2026-01-29 01:06:30,6.78
2026-01-29 01:06:31,6.78
2026-01-29 01:06:32,6.78
2026-01-29 01:06:33,6.78
2026-01-29 01:06:34,6.88
2026-01-29 01:06:35,6.88
2026-01-29 01:06:36,6.88
2026-01-29 01:06:37,6.88
2026-01-29 01:06:38,6.88
2026-01-29 01:06:39,7.35
2026-01-29 01:06:40,7.35
2026-01-29 01:06:41,7.35
2026-01-29 01:06:42,7.35
2026-01-29 01:06:43,7.35
2026-01-29 01:06:44,7.53
2026-01-29 01:06:45,7.53
2026-01-29 01:06:46,7.53
2026-01-29 01:06:47,7.53
2026-01-29 01:06:48,7.53
2026-01-29 01:06:49,6.83
2026-01-29 01:06:50,6.83
2026-01-29 01:06:51,6.83
2026-01-29 01:06:52,6.83
2026-01-29 01:06:53,6.83
2026-01-29 01:06:54,6.69
2026-01-29 01:06:55,6.69
2026-01-29 01:06:56,6.69
2026-01-29 01:06:57,6.69
2026-01-29 01:06:58,6.69
2026-01-29 01:06:59,6.68
2026-01-29 01:07:00,6.68
2026-01-29 01:07:01,6.68
2026-01-29 01:07:02,6.68
2026-01-29 01:07:03,6.68
2026-01-29 01:07:04,7.04
2026-01-29 01:07:05,7.04
2026-01-29 01:07:06,7.04
2026-01-29 01:07:07,7.04
2026-01-29 01:07:08,7.04
2026-01-29 01:07:09,6.87
2026-01-29 01:07:10,6.87
2026-01-29 01:07:11,6.87
2026-01-29 01:07:12,6.87
2026-01-29 01:07:13,6.87
2026-01-29 01:07:14,6.74
2026-01-29 01:07:15,6.74
2026-01-29 01:07:16,6.74
2026-01-29 01:07:17,6.74
2026-01-29 01:07:18,6.74
2026-01-29 01:07:19,6.63
2026-01-29 01:07:20,6.63
2026-01-29 01:07:21,6.63
2026-01-29 01:07:22,6.63
2026-01-29 01:07:23,6.63
2026-01-29 01:07:24,6.85
2026-01-29 01:07:25,6.85
2026-01-29 01:07:26,6.85
2026-01-29 01:07:27,6.85
2026-01-29 01:07:28,6.85
2026-01-29 01:07:29,6.64
2026-01-29 01:07:30,6.64
2026-01-29 01:07:31,6.64
2026-01-29 01:07:32,6.64
2026-01-29 01:07:33,6.64
2026-01-29 01:07:34,6.71
2026-01-29 01:07:35,6.71
2026-01-29 01:07:36,6.71
2026-01-29 01:07:37,6.71
2026-01-29 01:07:38,6.71
2026-01-29 01:07:39,6.64
2026-01-29 01:07:40,6.64
2026-01-29 01:07:41,6.64
2026-01-29 01:07:42,6.64
2026-01-29 01:07:43,6.64
2026-01-29 01:07:44,6.80
2026-01-29 01:07:45,6.80
2026-01-29 01:07:46,6.80
2026-01-29 01:07:47,6.80
2026-01-29 01:07:48,6.80
2026-01-29 01:07:49,6.66
2026-01-29 01:07:50,6.66
2026-01-29 01:07:51,6.66
2026-01-29 01:07:52,6.66
2026-01-29 01:07:53,6.66
2026-01-29 01:07:54,6.66
2026-01-29 01:07:55,6.66
2026-01-29 01:07:56,6.66
2026-01-29 01:07:57,6.66
2026-01-29 01:07:58,6.66
2026-01-29 01:07:59,6.63
2026-01-29 01:08:00,6.63
2026-01-29 01:08:01,6.63
2026-01-29 01:08:02,6.63
2026-01-29 01:08:03,6.63
2026-01-29 01:08:04,6.91
2026-01-29 01:08:05,6.91
2026-01-29 01:08:06,6.91
2026-01-29 01:08:07,6.91
2026-01-29 01:08:08,6.91
2026-01-29 01:08:09,6.85
2026-01-29 01:08:10,6.85
2026-01-29 01:08:11,6.85
2026-01-29 01:08:12,6.85
2026-01-29 01:08:13,6.85
2026-01-29 01:08:14,6.74
2026-01-29 01:08:15,6.74
2026-01-29 01:08:16,6.74
2026-01-29 01:08:17,6.74
2026-01-29 01:08:18,6.74
2026-01-29 01:08:19,6.56
2026-01-29 01:08:20,6.56
2026-01-29 01:08:21,6.56
2026-01-29 01:08:22,6.56
2026-01-29 01:08:23,6.56
2026-01-29 01:08:24,6.84
2026-01-29 01:08:25,6.84
2026-01-29 01:08:26,6.84
2026-01-29 01:08:27,6.84
2026-01-29 01:08:28,6.84
2026-01-29 01:08:29,8.24
2026-01-29 01:08:30,8.24
2026-01-29 01:08:31,8.24
2026-01-29 01:08:32,8.24
2026-01-29 01:08:33,8.24
2026-01-29 01:08:34,6.67
2026-01-29 01:08:35,6.67
2026-01-29 01:08:36,6.67
2026-01-29 01:08:37,6.67
2026-01-29 01:08:38,6.67
2026-01-29 01:08:39,5.32
2026-01-29 01:08:40,5.32
2026-01-29 01:08:41,5.32
2026-01-29 01:08:42,5.32
2026-01-29 01:08:43,5.32
2026-01-29 01:08:44,5.14
2026-01-29 01:08:45,5.14
2026-01-29 01:08:46,5.14
2026-01-29 01:08:47,5.14
2026-01-29 01:08:48,5.14
2026-01-29 01:08:49,6.29
2026-01-29 01:08:50,6.29
2026-01-29 01:08:51,6.29
2026-01-29 01:08:52,6.29
2026-01-29 01:08:53,6.29
2026-01-29 01:08:54,6.72
2026-01-29 01:08:55,6.72
2026-01-29 01:08:56,6.72
2026-01-29 01:08:57,6.72
2026-01-29 01:08:58,6.72
2026-01-29 01:08:59,7.56
2026-01-29 01:09:00,7.56
2026-01-29 01:09:01,7.56
2026-01-29 01:09:02,7.56
2026-01-29 01:09:03,7.56
2026-01-29 01:09:04,7.66
2026-01-29 01:09:05,7.66
2026-01-29 01:09:06,7.66
2026-01-29 01:09:07,7.66
2026-01-29 01:09:08,7.66
2026-01-29 01:09:09,7.52
2026-01-29 01:09:10,7.52
2026-01-29 01:09:11,7.52
2026-01-29 01:09:12,7.52
2026-01-29 01:09:13,7.52
2026-01-29 01:09:14,7.34
2026-01-29 01:09:15,7.34
2026-01-29 01:09:16,7.34
2026-01-29 01:09:17,7.34
2026-01-29 01:09:18,7.34
2026-01-29 01:09:19,7.32
2026-01-29 01:09:20,7.32
2026-01-29 01:09:21,7.32
2026-01-29 01:09:22,7.32
2026-01-29 01:09:23,7.32
2026-01-29 01:09:24,7.45
2026-01-29 01:09:25,7.45
2026-01-29 01:09:26,7.45
2026-01-29 01:09:27,7.45
2026-01-29 01:09:28,7.45
2026-01-29 01:09:29,7.39
2026-01-29 01:09:30,7.39
2026-01-29 01:09:31,7.39
2026-01-29 01:09:32,7.39
2026-01-29 01:09:33,7.39
2026-01-29 01:09:34,0
2026-01-29 01:09:35,0
2026-01-29 01:09:36,0
2026-01-29 01:09:37,0
2026-01-29 01:09:38,0
2026-01-29 01:09:39,0
2026-01-29 01:09:40,0
2026-01-29 01:09:41,0
2026-01-29 01:09:42,0
2026-01-29 01:09:43,0
2026-01-29 01:09:44,0
2026-01-29 01:09:45,0
2026-01-29 01:09:46,0
2026-01-29 01:09:47,0
2026-01-29 01:09:48,0
2026-01-29 01:09:49,0
2026-01-29 01:09:50,0
2026-01-29 01:09:51,0
2026-01-29 01:09:52,0
2026-01-29 01:09:53,0
2026-01-29 01:09:54,0
2026-01-29 01:09:55,0
2026-01-29 01:09:56,0
2026-01-29 01:09:57,0
2026-01-29 01:09:58,0
2026-01-29 01:09:59,0
2026-01-29 01:10:00,0
2026-01-29 01:10:01,0
2026-01-29 01:10:02,0
2026-01-29 01:10:03,0
2026-01-29 01:10:04,0
2026-01-29 01:10:05,0
2026-01-29 01:10:06,0
2026-01-29 01:10:07,0
2026-01-29 01:10:08,0
2026-01-29 01:10:09,0
2026-01-29 01:10:10,0
2026-01-29 01:10:11,0
2026-01-29 01:10:12,0
2026-01-29 01:10:13,0
2026-01-29 01:10:14,0
2026-01-29 01:10:15,0
2026-01-29 01:10:16,0
2026-01-29 01:10:17,0
2026-01-29 01:10:18,0
2026-01-29 01:10:19,0
2026-01-29 01:10:20,0
2026-01-29 01:10:21,0
2026-01-29 01:10:22,0
2026-01-29 01:10:23,0
2026-01-29 01:10:24,0
2026-01-29 01:10:25,0
2026-01-29 01:10:26,0
2026-01-29 01:10:27,0
2026-01-29 01:10:28,0
2026-01-29 01:10:29,0
2026-01-29 01:10:30,0
2026-01-29 01:10:31,0
2026-01-29 01:10:32,0
2026-01-29 01:10:33,0
2026-01-29 01:10:34,0
2026-01-29 01:10:35,0
2026-01-29 01:10:36,0
2026-01-29 01:10:37,0
2026-01-29 01:10:38,0
2026-01-29 01:10:39,0
2026-01-29 01:10:40,0
2026-01-29 01:10:41,0
2026-01-29 01:10:42,0
2026-01-29 01:10:43,0
2026-01-29 01:10:44,0
2026-01-29 01:10:45,0
2026-01-29 01:10:46,0
2026-01-29 01:10:47,0
2026-01-29 01:10:48,0
2026-01-29 01:10:49,0
2026-01-29 01:10:50,0
2026-01-29 01:10:51,0
2026-01-29 01:10:52,0
2026-01-29 01:10:53,0
2026-01-29 01:10:54,0
2026-01-29 01:10:55,0
2026-01-29 01:10:56,0
2026-01-29 01:10:57,0
2026-01-29 01:10:58,0
2026-01-29 01:10:59,0
2026-01-29 01:11:00,0
2026-01-29 01:11:01,0
2026-01-29 01:11:02,0
2026-01-29 01:11:03,0
2026-01-29 01:11:04,0
2026-01-29 01:11:05,0
2026-01-29 01:11:06,0
2026-01-29 01:11:07,0
2026-01-29 01:11:08,0
2026-01-29 01:13:44,1.31
2026-01-29 01:13:45,1.31
2026-01-29 01:13:46,1.31
2026-01-29 01:13:47,1.31
2026-01-29 01:13:48,1.31
2026-01-29 01:13:49,6.81
2026-01-29 01:13:50,6.81
2026-01-29 01:13:51,6.81
2026-01-29 01:13:52,6.81
2026-01-29 01:13:53,6.81
2026-01-29 01:13:54,8.11
2026-01-29 01:13:55,8.11
2026-01-29 01:13:56,8.11
2026-01-29 01:13:57,8.11
2026-01-29 01:13:58,8.11
2026-01-29 01:13:59,7.85
2026-01-29 01:14:00,7.85
2026-01-29 01:14:01,7.85
2026-01-29 01:14:02,7.85
2026-01-29 01:14:03,7.85
2026-01-29 01:14:04,8.08
2026-01-29 01:14:05,8.08
2026-01-29 01:14:06,8.08
2026-01-29 01:14:07,8.08
2026-01-29 01:14:08,8.08
2026-01-29 01:14:09,8.01
2026-01-29 01:14:10,8.01
2026-01-29 01:14:11,8.01
2026-01-29 01:14:12,8.01
2026-01-29 01:14:13,8.01
2026-01-29 01:14:14,7.81
2026-01-29 01:14:15,7.81
2026-01-29 01:14:16,7.81
2026-01-29 01:14:17,7.81
2026-01-29 01:14:18,7.81
2026-01-29 01:14:19,7.69
2026-01-29 01:14:20,7.69
2026-01-29 01:14:21,7.69
2026-01-29 01:14:22,7.69
2026-01-29 01:14:23,7.69
2026-01-29 01:14:24,9.55
2026-01-29 01:14:25,9.55
2026-01-29 01:14:26,9.55
2026-01-29 01:14:27,9.55
2026-01-29 01:14:28,9.55
2026-01-29 01:14:29,8.04
2026-01-29 01:14:30,8.04
2026-01-29 01:14:31,8.04
2026-01-29 01:14:32,8.04
2026-01-29 01:14:33,8.04
2026-01-29 01:14:34,6.90
2026-01-29 01:14:35,6.90
2026-01-29 01:14:36,6.90
2026-01-29 01:14:37,6.90
2026-01-29 01:14:38,6.90
2026-01-29 01:14:39,6.79
2026-01-29 01:14:40,6.79
2026-01-29 01:14:41,6.79
2026-01-29 01:14:42,6.79
2026-01-29 01:14:43,6.79
2026-01-29 01:14:44,7.02
2026-01-29 01:14:45,7.02
2026-01-29 01:14:46,7.02
2026-01-29 01:14:47,7.02
2026-01-29 01:14:48,7.02
2026-01-29 01:14:49,6.86
2026-01-29 01:14:50,6.86
2026-01-29 01:14:51,6.86
2026-01-29 01:14:52,6.86
2026-01-29 01:14:53,6.86
2026-01-29 01:14:54,6.93
2026-01-29 01:14:55,6.93
2026-01-29 01:14:56,6.93
2026-01-29 01:14:57,6.93
2026-01-29 01:14:58,6.93
2026-01-29 01:14:59,6.46
2026-01-29 01:15:00,6.46
2026-01-29 01:15:01,6.46
2026-01-29 01:15:02,6.46
2026-01-29 01:15:03,6.46
2026-01-29 01:15:04,7.63
2026-01-29 01:15:05,7.63
2026-01-29 01:15:06,7.63
2026-01-29 01:15:07,7.63
2026-01-29 01:15:08,7.63
2026-01-29 01:15:09,9.61
2026-01-29 01:15:10,9.61
2026-01-29 01:15:11,9.61
2026-01-29 01:15:12,9.61
2026-01-29 01:15:13,9.61
2026-01-29 01:15:14,6.68
2026-01-29 01:15:15,6.68
2026-01-29 01:15:16,6.68
2026-01-29 01:15:17,6.68
2026-01-29 01:15:18,6.68
2026-01-29 01:15:19,6.81
2026-01-29 01:15:20,6.81
2026-01-29 01:15:21,6.81
2026-01-29 01:15:22,6.81
2026-01-29 01:15:23,6.81
2026-01-29 01:15:24,7.09
2026-01-29 01:15:25,7.09
2026-01-29 01:15:26,7.09
2026-01-29 01:15:27,7.09
2026-01-29 01:15:28,7.09
2026-01-29 01:15:29,6.85
2026-01-29 01:15:30,6.85
2026-01-29 01:15:31,6.85
2026-01-29 01:15:32,6.85
2026-01-29 01:15:33,6.85
2026-01-29 01:15:34,6.98
2026-01-29 01:15:35,6.98
2026-01-29 01:15:36,6.98
2026-01-29 01:15:37,6.98
2026-01-29 01:15:38,6.98
2026-01-29 01:15:39,6.93
2026-01-29 01:15:40,6.93
2026-01-29 01:15:41,6.93
2026-01-29 01:15:42,6.93
2026-01-29 01:15:43,6.93
2026-01-29 01:15:44,6.90
2026-01-29 01:15:45,6.90
2026-01-29 01:15:46,6.90
2026-01-29 01:15:47,6.90
2026-01-29 01:15:48,6.90
2026-01-29 01:15:49,6.99
2026-01-29 01:15:50,6.99
2026-01-29 01:15:51,6.99
2026-01-29 01:15:52,6.99
2026-01-29 01:15:53,6.99
2026-01-29 01:15:54,6.93
2026-01-29 01:15:55,6.93
2026-01-29 01:15:56,6.93
2026-01-29 01:15:57,6.93
2026-01-29 01:15:58,6.93
2026-01-29 01:15:59,7.24
2026-01-29 01:16:00,7.24
2026-01-29 01:16:01,7.24
2026-01-29 01:16:02,7.24
2026-01-29 01:16:03,7.24
2026-01-29 01:16:04,6.99
2026-01-29 01:16:05,6.99
2026-01-29 01:16:06,6.99
2026-01-29 01:16:07,6.99
2026-01-29 01:16:08,6.99
2026-01-29 01:16:09,6.91
2026-01-29 01:16:10,6.91
2026-01-29 01:16:11,6.91
2026-01-29 01:16:12,6.91
2026-01-29 01:16:13,6.91
2026-01-29 01:16:14,6.73
2026-01-29 01:16:15,6.73
2026-01-29 01:16:16,6.73
2026-01-29 01:16:17,6.73
2026-01-29 01:16:18,6.73
2026-01-29 01:16:19,6.75
2026-01-29 01:16:20,6.75
2026-01-29 01:16:21,6.75
2026-01-29 01:16:22,6.75
2026-01-29 01:16:23,6.75
2026-01-29 01:16:24,8.37
2026-01-29 01:16:25,8.37
2026-01-29 01:16:26,8.37
2026-01-29 01:16:27,8.37
2026-01-29 01:16:28,8.37
2026-01-29 01:16:29,5.75
2026-01-29 01:16:30,5.75
2026-01-29 01:16:31,5.75
2026-01-29 01:16:32,5.75
2026-01-29 01:16:33,5.75
2026-01-29 01:16:34,5.84
2026-01-29 01:16:35,5.84
2026-01-29 01:16:36,5.84
2026-01-29 01:16:37,5.84
2026-01-29 01:16:38,5.84
2026-01-29 01:16:39,5.66
2026-01-29 01:16:40,5.66
2026-01-29 01:16:41,5.66
2026-01-29 01:16:42,5.66
2026-01-29 01:16:43,5.66
2026-01-29 01:16:44,7.59
2026-01-29 01:16:45,7.59
2026-01-29 01:16:46,7.59
2026-01-29 01:16:47,7.59
2026-01-29 01:16:48,7.59
2026-01-29 01:16:49,6.82
2026-01-29 01:16:50,6.82
2026-01-29 01:16:51,6.82
2026-01-29 01:16:52,6.82
2026-01-29 01:16:53,6.82
2026-01-29 01:16:54,6.81
2026-01-29 01:16:55,6.81
2026-01-29 01:16:56,6.81
2026-01-29 01:16:57,6.81
2026-01-29 01:16:58,6.81
2026-01-29 01:16:59,6.64
2026-01-29 01:17:00,6.64
2026-01-29 01:17:01,6.64
2026-01-29 01:17:02,6.64
2026-01-29 01:17:03,6.64
2026-01-29 01:17:04,6.67
2026-01-29 01:17:05,6.67
2026-01-29 01:17:06,6.67
2026-01-29 01:17:07,6.67
2026-01-29 01:17:08,6.67
2026-01-29 01:17:09,7.79
2026-01-29 01:17:10,7.79
2026-01-29 01:17:11,7.79
2026-01-29 01:17:12,7.79
2026-01-29 01:17:13,7.79
2026-01-29 01:17:14,6.63
2026-01-29 01:17:15,6.63
2026-01-29 01:17:16,6.63
2026-01-29 01:17:17,6.63
2026-01-29 01:17:18,6.63
2026-01-29 01:17:19,6.73
2026-01-29 01:17:20,6.73
2026-01-29 01:17:21,6.73
2026-01-29 01:17:22,6.73
2026-01-29 01:17:23,6.73
2026-01-29 01:17:24,7.00
2026-01-29 01:17:25,7.00
2026-01-29 01:17:26,7.00
2026-01-29 01:17:27,7.00
2026-01-29 01:17:28,7.00
2026-01-29 01:17:29,6.83
2026-01-29 01:17:30,6.83
2026-01-29 01:17:31,6.83
2026-01-29 01:17:32,6.83
2026-01-29 01:17:33,6.83
2026-01-29 01:17:34,6.08
2026-01-29 01:17:35,6.08
2026-01-29 01:17:36,6.08
2026-01-29 01:17:37,6.08
2026-01-29 01:17:38,6.08
2026-01-29 01:17:39,8.10
2026-01-29 01:17:40,8.10
2026-01-29 01:17:41,8.10
2026-01-29 01:17:42,8.10
2026-01-29 01:17:43,8.10
2026-01-29 01:17:44,7.45
2026-01-29 01:17:45,7.45
2026-01-29 01:17:46,7.45
2026-01-29 01:17:47,7.45
2026-01-29 01:17:48,7.45
2026-01-29 01:17:49,7.50
2026-01-29 01:17:50,7.50
2026-01-29 01:17:51,7.50
2026-01-29 01:17:52,7.50
2026-01-29 01:17:53,7.50
2026-01-29 01:17:54,7.41
2026-01-29 01:17:55,7.41
2026-01-29 01:17:56,7.41
2026-01-29 01:17:57,7.41
2026-01-29 01:17:58,7.41
2026-01-29 01:17:59,7.53
2026-01-29 01:18:00,7.53
2026-01-29 01:18:01,7.53
2026-01-29 01:18:02,7.53
2026-01-29 01:18:03,7.53
2026-01-29 01:18:04,7.42
2026-01-29 01:18:05,7.42
2026-01-29 01:18:06,7.42
2026-01-29 01:18:07,7.42
2026-01-29 01:18:08,7.42
2026-01-29 01:18:09,8.88
2026-01-29 01:18:10,8.88
2026-01-29 01:18:11,8.88
2026-01-29 01:18:12,8.88
2026-01-29 01:18:13,8.88
2026-01-29 01:18:14,7.39
2026-01-29 01:18:15,7.39
2026-01-29 01:18:16,7.39
2026-01-29 01:18:17,7.39
2026-01-29 01:18:18,7.39
2026-01-29 01:18:19,7.36
2026-01-29 01:18:20,7.36
2026-01-29 01:18:21,7.36
2026-01-29 01:18:22,7.36
2026-01-29 01:18:23,7.36
2026-01-29 01:18:24,7.65
2026-01-29 01:18:25,7.65
2026-01-29 01:18:26,7.65
2026-01-29 01:18:27,7.65
2026-01-29 01:18:28,7.65
2026-01-29 01:18:29,7.43
2026-01-29 01:18:30,7.43
2026-01-29 01:18:31,7.43
2026-01-29 01:18:32,7.43
2026-01-29 01:18:33,7.43
2026-01-29 01:18:34,0
2026-01-29 01:18:35,0
2026-01-29 01:18:36,0
2026-01-29 01:18:37,0
2026-01-29 01:18:38,0
2026-01-29 01:18:39,0
2026-01-29 01:18:40,0
2026-01-29 01:18:41,0
2026-01-29 01:18:42,0
2026-01-29 01:18:43,0
2026-01-29 01:18:44,0
2026-01-29 01:18:45,0
2026-01-29 01:18:46,0
2026-01-29 01:18:47,0
2026-01-29 01:18:48,0
2026-01-29 01:18:49,0
2026-01-29 01:18:50,0
2026-01-29 01:18:51,0
2026-01-29 01:18:52,0
2026-01-29 01:18:53,0
2026-01-29 01:18:54,0
2026-01-29 01:18:55,0
2026-01-29 01:18:56,0
2026-01-29 01:18:57,0
2026-01-29 01:18:58,0
2026-01-29 01:18:59,0
2026-01-29 01:19:00,0
2026-01-29 01:19:01,0
2026-01-29 01:19:02,0
2026-01-29 01:19:03,0
2026-01-29 01:19:04,0
2026-01-29 01:19:05,0
2026-01-29 01:19:06,0
2026-01-29 01:19:07,0
2026-01-29 01:19:08,0
2026-01-29 01:19:09,0
2026-01-29 01:19:10,0
2026-01-29 01:19:11,0
2026-01-29 01:19:12,0
2026-01-29 01:19:13,0
2026-01-29 01:19:14,0
2026-01-29 01:19:15,0
2026-01-29 01:19:16,0
2026-01-29 01:19:17,0
2026-01-29 01:19:18,0
2026-01-29 01:19:19,0
2026-01-29 01:19:20,0
2026-01-29 01:19:21,0
2026-01-29 01:19:22,0
2026-01-29 01:19:23,0
2026-01-29 01:19:24,0
2026-01-29 01:19:25,0
2026-01-29 01:19:26,0
2026-01-29 01:19:27,0
2026-01-29 01:19:28,0
2026-01-29 01:19:29,0
2026-01-29 01:19:30,0
2026-01-29 01:19:31,0
2026-01-29 01:19:32,0
2026-01-29 01:19:33,0
2026-01-29 01:19:34,0
2026-01-29 01:19:35,0
2026-01-29 01:19:36,0
2026-01-29 01:19:37,0
2026-01-29 01:19:38,0
2026-01-29 01:19:39,0
2026-01-29 01:19:40,0
2026-01-29 01:19:41,0
2026-01-29 01:19:42,0
2026-01-29 01:19:43,0
2026-01-29 01:19:44,0
2026-01-29 01:19:45,0
2026-01-29 01:19:46,0
2026-01-29 01:19:47,0
2026-01-29 01:19:48,0
2026-01-29 01:19:49,0
2026-01-29 01:19:50,0
2026-01-29 01:19:51,0
2026-01-29 01:19:52,0
2026-01-29 01:19:53,0
2026-01-29 01:19:54,0
2026-01-29 01:19:55,0
2026-01-29 01:19:56,0
2026-01-29 01:19:57,0
2026-01-29 01:19:58,0
2026-01-29 01:19:59,0
2026-01-29 01:20:00,0
2026-01-29 01:20:01,0
2026-01-29 01:20:02,0
2026-01-29 01:20:03,0
2026-01-29 01:20:04,0
2026-01-29 01:20:05,0
2026-01-29 01:20:06,0
2026-01-29 01:20:07,0
2026-01-29 01:20:08,0
2026-01-29 01:23:49,4.68
2026-01-29 01:23:50,4.68
2026-01-29 01:23:51,4.68
2026-01-29 01:23:52,4.68
2026-01-29 01:23:53,4.68
2026-01-29 01:23:54,7.68
2026-01-29 01:23:55,7.68
2026-01-29 01:23:56,7.68
2026-01-29 01:23:57,7.68
2026-01-29 01:23:58,7.68
2026-01-29 01:23:59,8.10
2026-01-29 01:24:00,8.10
2026-01-29 01:24:01,8.10
2026-01-29 01:24:02,8.10
2026-01-29 01:24:03,8.10
2026-01-29 01:24:04,7.67
2026-01-29 01:24:05,7.67
2026-01-29 01:24:06,7.67
2026-01-29 01:24:07,7.67
2026-01-29 01:24:08,7.67
2026-01-29 01:24:09,7.99
2026-01-29 01:24:10,7.99
2026-01-29 01:24:11,7.99
2026-01-29 01:24:12,7.99
2026-01-29 01:24:13,7.99
2026-01-29 01:24:14,7.61
2026-01-29 01:24:15,7.61
2026-01-29 01:24:16,7.61
2026-01-29 01:24:17,7.61
2026-01-29 01:24:18,7.61
2026-01-29 01:24:19,7.61
2026-01-29 01:24:20,7.61
2026-01-29 01:24:21,7.61
2026-01-29 01:24:22,7.61
2026-01-29 01:24:23,7.61
2026-01-29 01:24:24,7.94
2026-01-29 01:24:25,7.94
2026-01-29 01:24:26,7.94
2026-01-29 01:24:27,7.94
2026-01-29 01:24:28,7.94
2026-01-29 01:24:29,7.77
2026-01-29 01:24:30,7.77
2026-01-29 01:24:31,7.77
2026-01-29 01:24:32,7.77
2026-01-29 01:24:33,7.77
2026-01-29 01:24:34,7.64
2026-01-29 01:24:35,7.64
2026-01-29 01:24:36,7.64
2026-01-29 01:24:37,7.64
2026-01-29 01:24:38,7.64
2026-01-29 01:24:39,7.61
2026-01-29 01:24:40,7.61
2026-01-29 01:24:41,7.61
2026-01-29 01:24:42,7.61
2026-01-29 01:24:43,7.61
2026-01-29 01:24:44,7.75
2026-01-29 01:24:45,7.75
2026-01-29 01:24:46,7.75
2026-01-29 01:24:47,7.75
2026-01-29 01:24:48,7.75
2026-01-29 01:24:49,7.67
2026-01-29 01:24:50,7.67
2026-01-29 01:24:51,7.67
2026-01-29 01:24:52,7.67
2026-01-29 01:24:53,7.67
2026-01-29 01:24:54,7.78
2026-01-29 01:24:55,7.78
2026-01-29 01:24:56,7.78
2026-01-29 01:24:57,7.78
2026-01-29 01:24:58,7.78
2026-01-29 01:24:59,7.64
2026-01-29 01:25:00,7.64
2026-01-29 01:25:01,7.64
2026-01-29 01:25:02,7.64
2026-01-29 01:25:03,7.64
2026-01-29 01:25:04,7.69
2026-01-29 01:25:05,7.69
2026-01-29 01:25:06,7.69
2026-01-29 01:25:07,7.69
2026-01-29 01:25:08,7.69
2026-01-29 01:25:09,7.98
2026-01-29 01:25:10,7.98
2026-01-29 01:25:11,7.98
2026-01-29 01:25:12,7.98
2026-01-29 01:25:13,7.98
2026-01-29 01:25:14,8.31
2026-01-29 01:25:15,8.31
2026-01-29 01:25:16,8.31
2026-01-29 01:25:17,8.31
2026-01-29 01:25:18,8.31
2026-01-29 01:25:19,6.71
2026-01-29 01:25:20,6.71
2026-01-29 01:25:21,6.71
2026-01-29 01:25:22,6.71
2026-01-29 01:25:23,6.71
2026-01-29 01:25:24,6.91
2026-01-29 01:25:25,6.91
2026-01-29 01:25:26,6.91
2026-01-29 01:25:27,6.91
2026-01-29 01:25:28,6.91
2026-01-29 01:25:29,6.81
2026-01-29 01:25:30,6.81
2026-01-29 01:25:31,6.81
2026-01-29 01:25:32,6.81
2026-01-29 01:25:33,6.81
2026-01-29 01:25:34,7.10
2026-01-29 01:25:35,7.10
2026-01-29 01:25:36,7.10
2026-01-29 01:25:37,7.10
2026-01-29 01:25:38,7.10
2026-01-29 01:25:39,6.73
2026-01-29 01:25:40,6.73
2026-01-29 01:25:41,6.73
2026-01-29 01:25:42,6.73
2026-01-29 01:25:43,6.73
2026-01-29 01:25:44,6.76
2026-01-29 01:25:45,6.76
2026-01-29 01:25:46,6.76
2026-01-29 01:25:47,6.76
2026-01-29 01:25:48,6.76
2026-01-29 01:25:49,6.71
2026-01-29 01:25:50,6.71
2026-01-29 01:25:51,6.71
2026-01-29 01:25:52,6.71
2026-01-29 01:25:53,6.71
2026-01-29 01:25:54,6.77
2026-01-29 01:25:55,6.77
2026-01-29 01:25:56,6.77
2026-01-29 01:25:57,6.77
2026-01-29 01:25:58,6.77
2026-01-29 01:25:59,6.68
2026-01-29 01:26:00,6.68
2026-01-29 01:26:01,6.68
2026-01-29 01:26:02,6.68
2026-01-29 01:26:03,6.68
2026-01-29 01:26:04,6.77
2026-01-29 01:26:05,6.77
2026-01-29 01:26:06,6.77
2026-01-29 01:26:07,6.77
2026-01-29 01:26:08,6.77
2026-01-29 01:26:09,7.05
2026-01-29 01:26:10,7.05
2026-01-29 01:26:11,7.05
2026-01-29 01:26:12,7.05
2026-01-29 01:26:13,7.05
2026-01-29 01:26:14,6.89
2026-01-29 01:26:15,6.89
2026-01-29 01:26:16,6.89
2026-01-29 01:26:17,6.89
2026-01-29 01:26:18,6.89
2026-01-29 01:26:19,6.68
2026-01-29 01:26:20,6.68
2026-01-29 01:26:21,6.68
2026-01-29 01:26:22,6.68
2026-01-29 01:26:23,6.68
2026-01-29 01:26:24,6.99
2026-01-29 01:26:25,6.99
2026-01-29 01:26:26,6.99
2026-01-29 01:26:27,6.99
2026-01-29 01:26:28,6.99
2026-01-29 01:26:29,6.82
2026-01-29 01:26:30,6.82
2026-01-29 01:26:31,6.82
2026-01-29 01:26:32,6.82
2026-01-29 01:26:33,6.82
2026-01-29 01:26:34,6.94
2026-01-29 01:26:35,6.94
2026-01-29 01:26:36,6.94
2026-01-29 01:26:37,6.94
2026-01-29 01:26:38,6.94
2026-01-29 01:26:39,6.92
2026-01-29 01:26:40,6.92
2026-01-29 01:26:41,6.92
2026-01-29 01:26:42,6.92
2026-01-29 01:26:43,6.92
2026-01-29 01:26:44,5.29
2026-01-29 01:26:45,5.29
2026-01-29 01:26:46,5.29
2026-01-29 01:26:47,5.29
2026-01-29 01:26:48,5.29
2026-01-29 01:26:49,6.99
2026-01-29 01:26:50,6.99
2026-01-29 01:26:51,6.99
2026-01-29 01:26:52,6.99
2026-01-29 01:26:53,6.99
2026-01-29 01:26:54,6.65
2026-01-29 01:26:55,6.65
2026-01-29 01:26:56,6.65
2026-01-29 01:26:57,6.65
2026-01-29 01:26:58,6.65
2026-01-29 01:26:59,6.64
2026-01-29 01:27:00,6.64
2026-01-29 01:27:01,6.64
2026-01-29 01:27:02,6.64
2026-01-29 01:27:03,6.64
2026-01-29 01:27:04,7.90
2026-01-29 01:27:05,7.90
2026-01-29 01:27:06,7.90
2026-01-29 01:27:07,7.90
2026-01-29 01:27:08,7.90
2026-01-29 01:27:09,5.67
2026-01-29 01:27:10,5.67
2026-01-29 01:27:11,5.67
2026-01-29 01:27:12,5.67
2026-01-29 01:27:13,5.67
2026-01-29 01:27:14,6.55
2026-01-29 01:27:15,6.55
2026-01-29 01:27:16,6.55
2026-01-29 01:27:17,6.55
2026-01-29 01:27:18,6.55
2026-01-29 01:27:19,7.04
2026-01-29 01:27:20,7.04
2026-01-29 01:27:21,7.04
2026-01-29 01:27:22,7.04
2026-01-29 01:27:23,7.04
2026-01-29 01:27:24,6.73
2026-01-29 01:27:25,6.73
2026-01-29 01:27:26,6.73
2026-01-29 01:27:27,6.73
2026-01-29 01:27:28,6.73
2026-01-29 01:27:29,6.74
2026-01-29 01:27:30,6.74
2026-01-29 01:27:31,6.74
2026-01-29 01:27:32,6.74
2026-01-29 01:27:33,6.74
2026-01-29 01:27:34,6.60
2026-01-29 01:27:35,6.60
2026-01-29 01:27:36,6.60
2026-01-29 01:27:37,6.60
2026-01-29 01:27:38,6.60
2026-01-29 01:27:39,6.69
2026-01-29 01:27:40,6.69
2026-01-29 01:27:41,6.69
2026-01-29 01:27:42,6.69
2026-01-29 01:27:43,6.69
2026-01-29 01:27:44,6.68
2026-01-29 01:27:45,6.68
2026-01-29 01:27:46,6.68
2026-01-29 01:27:47,6.68
2026-01-29 01:27:48,6.68
2026-01-29 01:27:49,6.53
2026-01-29 01:27:50,6.53
2026-01-29 01:27:51,6.53
2026-01-29 01:27:52,6.53
2026-01-29 01:27:53,6.53
2026-01-29 01:27:54,6.59
2026-01-29 01:27:55,6.59
2026-01-29 01:27:56,6.59
2026-01-29 01:27:57,6.59
2026-01-29 01:27:58,6.59
2026-01-29 01:27:59,6.60
2026-01-29 01:28:00,6.60
2026-01-29 01:28:01,6.60
2026-01-29 01:28:02,6.60
2026-01-29 01:28:03,6.60
2026-01-29 01:28:04,6.56
2026-01-29 01:28:05,6.56
2026-01-29 01:28:06,6.56
2026-01-29 01:28:07,6.56
2026-01-29 01:28:08,6.56
2026-01-29 01:28:09,6.85
2026-01-29 01:28:10,6.85
2026-01-29 01:28:11,6.85
2026-01-29 01:28:12,6.85
2026-01-29 01:28:13,6.85
2026-01-29 01:28:14,6.55
2026-01-29 01:28:15,6.55
2026-01-29 01:28:16,6.55
2026-01-29 01:28:17,6.55
2026-01-29 01:28:18,6.55
2026-01-29 01:28:19,6.70
2026-01-29 01:28:20,6.70
2026-01-29 01:28:21,6.70
2026-01-29 01:28:22,6.70
2026-01-29 01:28:23,6.70
2026-01-29 01:28:24,6.39
2026-01-29 01:28:25,6.39
2026-01-29 01:28:26,6.39
2026-01-29 01:28:27,6.39
2026-01-29 01:28:28,6.39
2026-01-29 01:28:29,7.80
2026-01-29 01:28:30,7.80
2026-01-29 01:28:31,7.80
2026-01-29 01:28:32,7.80
2026-01-29 01:28:33,7.80
2026-01-29 01:28:34,7.70
2026-01-29 01:28:35,7.70
2026-01-29 01:28:36,7.70
2026-01-29 01:28:37,7.70
2026-01-29 01:28:38,7.70
2026-01-29 01:28:39,0
2026-01-29 01:28:40,0
2026-01-29 01:28:41,0
2026-01-29 01:28:42,0
2026-01-29 01:28:43,0
2026-01-29 01:28:44,0
2026-01-29 01:28:45,0
2026-01-29 01:28:46,0
2026-01-29 01:28:47,0
2026-01-29 01:28:48,0
2026-01-29 01:28:49,0
2026-01-29 01:28:50,0
2026-01-29 01:28:51,0
2026-01-29 01:28:52,0
2026-01-29 01:28:53,0
2026-01-29 01:28:54,0
2026-01-29 01:28:55,0
2026-01-29 01:28:56,0
2026-01-29 01:28:57,0
2026-01-29 01:28:58,0
2026-01-29 01:28:59,0
2026-01-29 01:29:00,0
2026-01-29 01:29:01,0
2026-01-29 01:29:02,0
2026-01-29 01:29:03,0
2026-01-29 01:29:04,0
2026-01-29 01:29:05,0
2026-01-29 01:29:06,0
2026-01-29 01:29:07,0
2026-01-29 01:29:08,0
2026-01-29 01:29:09,0
2026-01-29 01:29:10,0
2026-01-29 01:29:11,0
2026-01-29 01:29:12,0
2026-01-29 01:29:13,0
2026-01-29 01:29:14,0
2026-01-29 01:29:15,0
2026-01-29 01:29:16,0
2026-01-29 01:29:17,0
2026-01-29 01:29:18,0
2026-01-29 01:29:19,0
2026-01-29 01:29:20,0
2026-01-29 01:29:21,0
2026-01-29 01:29:22,0
2026-01-29 01:29:23,0
2026-01-29 01:29:24,0
2026-01-29 01:29:25,0
2026-01-29 01:29:26,0
2026-01-29 01:29:27,0
2026-01-29 01:29:28,0
2026-01-29 01:29:29,0
2026-01-29 01:29:30,0
2026-01-29 01:29:31,0
2026-01-29 01:29:32,0
2026-01-29 01:29:33,0
2026-01-29 01:29:34,0
2026-01-29 01:29:35,0
2026-01-29 01:29:36,0
2026-01-29 01:29:37,0
2026-01-29 01:29:38,0
2026-01-29 01:29:39,0
2026-01-29 01:29:40,0
2026-01-29 01:29:41,0
2026-01-29 01:29:42,0
2026-01-29 01:29:43,0
2026-01-29 01:29:44,0
2026-01-29 01:29:45,0
2026-01-29 01:29:46,0
2026-01-29 01:29:47,0
2026-01-29 01:29:48,0
2026-01-29 01:29:49,0
2026-01-29 01:29:50,0
2026-01-29 01:29:51,0
2026-01-29 01:29:52,0
2026-01-29 01:29:53,0
2026-01-29 01:29:54,0
2026-01-29 01:29:55,0
2026-01-29 01:29:56,0
2026-01-29 01:29:57,0
2026-01-29 01:29:58,0
2026-01-29 01:29:59,0
2026-01-29 01:30:00,0
2026-01-29 01:30:01,0
2026-01-29 01:30:02,0
2026-01-29 01:30:03,0
2026-01-29 01:30:04,0
2026-01-29 01:30:05,0
2026-01-29 01:30:06,0
2026-01-29 01:30:07,0
2026-01-29 01:30:08,0
2026-01-29 01:30:09,0
2026-01-29 01:30:10,0
2026-01-29 01:30:11,0
2026-01-29 01:30:12,0
2026-01-29 01:30:13,0
2026-01-29 01:30:19,5.98
2026-01-29 01:30:20,5.98
2026-01-29 01:30:21,5.98
2026-01-29 01:30:22,5.98
2026-01-29 01:30:23,5.98
2026-01-29 01:30:24,9.45
2026-01-29 01:30:25,9.45
2026-01-29 01:30:26,9.45
2026-01-29 01:30:27,9.45
2026-01-29 01:30:28,9.45
2026-01-29 01:30:29,8.74
2026-01-29 01:30:30,8.74
2026-01-29 01:30:31,8.74
2026-01-29 01:30:32,8.74
2026-01-29 01:30:33,8.74
2026-01-29 01:30:34,8.82
2026-01-29 01:30:35,8.82
2026-01-29 01:30:36,8.82
2026-01-29 01:30:37,8.82
2026-01-29 01:30:38,8.82
2026-01-29 01:30:39,8.62
2026-01-29 01:30:40,8.62
2026-01-29 01:30:41,8.62
2026-01-29 01:30:42,8.62
2026-01-29 01:30:43,8.62
2026-01-29 01:30:44,8.75
2026-01-29 01:30:45,8.75
2026-01-29 01:30:46,8.75
2026-01-29 01:30:47,8.75
2026-01-29 01:30:48,8.75
2026-01-29 01:30:49,8.80
2026-01-29 01:30:50,8.80
2026-01-29 01:30:51,8.80
2026-01-29 01:30:52,8.80
2026-01-29 01:30:53,8.80
2026-01-29 01:30:54,8.81
2026-01-29 01:30:55,8.81
2026-01-29 01:30:56,8.81
2026-01-29 01:30:57,8.81
2026-01-29 01:30:58,8.81
2026-01-29 01:30:59,8.48
2026-01-29 01:31:00,8.48
2026-01-29 01:31:01,8.48
2026-01-29 01:31:02,8.48
2026-01-29 01:31:03,8.48
2026-01-29 01:31:04,8.77
2026-01-29 01:31:05,8.77
2026-01-29 01:31:06,8.77
2026-01-29 01:31:07,8.77
2026-01-29 01:31:08,8.77
2026-01-29 01:31:09,8.73
2026-01-29 01:31:10,8.73
2026-01-29 01:31:11,8.73
2026-01-29 01:31:12,8.73
2026-01-29 01:31:13,8.73
2026-01-29 01:31:14,8.63
2026-01-29 01:31:15,8.63
2026-01-29 01:31:16,8.63
2026-01-29 01:31:17,8.63
2026-01-29 01:31:18,8.63
2026-01-29 01:31:19,8.53
2026-01-29 01:31:20,8.53
2026-01-29 01:31:21,8.53
2026-01-29 01:31:22,8.53
2026-01-29 01:31:23,8.53
2026-01-29 01:31:24,8.71
2026-01-29 01:31:25,8.71
2026-01-29 01:31:26,8.71
2026-01-29 01:31:27,8.71
2026-01-29 01:31:28,8.71
2026-01-29 01:31:29,8.92
2026-01-29 01:31:30,8.92
2026-01-29 01:31:31,8.92
2026-01-29 01:31:32,8.92
2026-01-29 01:31:33,8.92
2026-01-29 01:31:34,8.67
2026-01-29 01:31:35,8.67
2026-01-29 01:31:36,8.67
2026-01-29 01:31:37,8.67
2026-01-29 01:31:38,8.67
2026-01-29 01:31:39,8.61
2026-01-29 01:31:40,8.61
2026-01-29 01:31:41,8.61
2026-01-29 01:31:42,8.61
2026-01-29 01:31:43,8.61
2026-01-29 01:31:44,8.64
2026-01-29 01:31:45,8.64
2026-01-29 01:31:46,8.64
2026-01-29 01:31:47,8.64
2026-01-29 01:31:48,8.64
2026-01-29 01:31:49,8.66
2026-01-29 01:31:50,8.66
2026-01-29 01:31:51,8.66
2026-01-29 01:31:52,8.66
2026-01-29 01:31:53,8.66
2026-01-29 01:31:54,8.65
2026-01-29 01:31:55,8.65
2026-01-29 01:31:56,8.65
2026-01-29 01:31:57,8.65
2026-01-29 01:31:58,8.65
2026-01-29 01:31:59,8.64
2026-01-29 01:32:00,8.64
2026-01-29 01:32:01,8.64
2026-01-29 01:32:02,8.64
2026-01-29 01:32:03,8.64
2026-01-29 01:32:04,8.63
2026-01-29 01:32:05,8.63
2026-01-29 01:32:06,8.63
2026-01-29 01:32:07,8.63
2026-01-29 01:32:08,8.63
2026-01-29 01:32:09,8.87
2026-01-29 01:32:10,8.87
2026-01-29 01:32:11,8.87
2026-01-29 01:32:12,8.87
2026-01-29 01:32:13,8.87
2026-01-29 01:32:14,8.63
2026-01-29 01:32:15,8.63
2026-01-29 01:32:16,8.63
2026-01-29 01:32:17,8.63
2026-01-29 01:32:18,8.63
2026-01-29 01:32:19,9.49
2026-01-29 01:32:20,9.49
2026-01-29 01:32:21,9.49
2026-01-29 01:32:22,9.49
2026-01-29 01:32:23,9.49
2026-01-29 01:32:24,7.94
2026-01-29 01:32:25,7.94
2026-01-29 01:32:26,7.94
2026-01-29 01:32:27,7.94
2026-01-29 01:32:28,7.94
2026-01-29 01:32:29,7.79
2026-01-29 01:32:30,7.79
2026-01-29 01:32:31,7.79
2026-01-29 01:32:32,7.79
2026-01-29 01:32:33,7.79
2026-01-29 01:32:34,7.69
2026-01-29 01:32:35,7.69
2026-01-29 01:32:36,7.69
2026-01-29 01:32:37,7.69
2026-01-29 01:32:38,7.69
2026-01-29 01:32:39,7.72
2026-01-29 01:32:40,7.72
2026-01-29 01:32:41,7.72
2026-01-29 01:32:42,7.72
2026-01-29 01:32:43,7.72
2026-01-29 01:32:44,7.61
2026-01-29 01:32:45,7.61
2026-01-29 01:32:46,7.61
2026-01-29 01:32:47,7.61
2026-01-29 01:32:48,7.61
2026-01-29 01:32:49,7.71
2026-01-29 01:32:50,7.71
2026-01-29 01:32:51,7.71
2026-01-29 01:32:52,7.71
2026-01-29 01:32:53,7.71
2026-01-29 01:32:54,7.64
2026-01-29 01:32:55,7.64
2026-01-29 01:32:56,7.64
2026-01-29 01:32:57,7.64
2026-01-29 01:32:58,7.64
2026-01-29 01:32:59,7.69
2026-01-29 01:33:00,7.69
2026-01-29 01:33:01,7.69
2026-01-29 01:33:02,7.69
2026-01-29 01:33:03,7.69
2026-01-29 01:33:04,7.73
2026-01-29 01:33:05,7.73
2026-01-29 01:33:06,7.73
2026-01-29 01:33:07,7.73
2026-01-29 01:33:08,7.73
2026-01-29 01:33:09,7.90
2026-01-29 01:33:10,7.90
2026-01-29 01:33:11,7.90
2026-01-29 01:33:12,7.90
2026-01-29 01:33:13,7.90
2026-01-29 01:33:14,7.63
2026-01-29 01:33:15,7.63
2026-01-29 01:33:16,7.63
2026-01-29 01:33:17,7.63
2026-01-29 01:33:18,7.63
2026-01-29 01:33:19,7.67
2026-01-29 01:33:20,7.67
2026-01-29 01:33:21,7.67
2026-01-29 01:33:22,7.67
2026-01-29 01:33:23,7.67
2026-01-29 01:33:24,7.77
2026-01-29 01:33:25,7.77
2026-01-29 01:33:26,7.77
2026-01-29 01:33:27,7.77
2026-01-29 01:33:28,7.77
2026-01-29 01:33:29,7.86
2026-01-29 01:33:30,7.86
2026-01-29 01:33:31,7.86
2026-01-29 01:33:32,7.86
2026-01-29 01:33:33,7.86
2026-01-29 01:33:34,7.66
2026-01-29 01:33:35,7.66
2026-01-29 01:33:36,7.66
2026-01-29 01:33:37,7.66
2026-01-29 01:33:38,7.66
2026-01-29 01:33:39,7.58
2026-01-29 01:33:40,7.58
2026-01-29 01:33:41,7.58
2026-01-29 01:33:42,7.58
2026-01-29 01:33:43,7.58
2026-01-29 01:33:44,7.64
2026-01-29 01:33:45,7.64
2026-01-29 01:33:46,7.64
2026-01-29 01:33:47,7.64
2026-01-29 01:33:48,7.64
2026-01-29 01:33:49,7.67
2026-01-29 01:33:50,7.67
2026-01-29 01:33:51,7.67
2026-01-29 01:33:52,7.67
2026-01-29 01:33:53,7.67
2026-01-29 01:33:54,7.61
2026-01-29 01:33:55,7.61
2026-01-29 01:33:56,7.61
2026-01-29 01:33:57,7.61
2026-01-29 01:33:58,7.61
2026-01-29 01:33:59,7.61
2026-01-29 01:34:00,7.61
2026-01-29 01:34:01,7.61
2026-01-29 01:34:02,7.61
2026-01-29 01:34:03,7.61
2026-01-29 01:34:04,7.66
2026-01-29 01:34:05,7.66
2026-01-29 01:34:06,7.66
2026-01-29 01:34:07,7.66
2026-01-29 01:34:08,7.66
2026-01-29 01:34:09,7.99
2026-01-29 01:34:10,7.99
2026-01-29 01:34:11,7.99
2026-01-29 01:34:12,7.99
2026-01-29 01:34:13,7.99
2026-01-29 01:34:14,7.65
2026-01-29 01:34:15,7.65
2026-01-29 01:34:16,7.65
2026-01-29 01:34:17,7.65
2026-01-29 01:34:18,7.65
2026-01-29 01:34:19,7.65
2026-01-29 01:34:20,7.65
2026-01-29 01:34:21,7.65
2026-01-29 01:34:22,7.65
2026-01-29 01:34:23,7.65
2026-01-29 01:34:24,7.83
2026-01-29 01:34:25,7.83
2026-01-29 01:34:26,7.83
2026-01-29 01:34:27,7.83
2026-01-29 01:34:28,7.83
2026-01-29 01:34:29,7.89
2026-01-29 01:34:30,7.89
2026-01-29 01:34:31,7.89
2026-01-29 01:34:32,7.89
2026-01-29 01:34:33,7.89
2026-01-29 01:34:34,7.64
2026-01-29 01:34:35,7.64
2026-01-29 01:34:36,7.64
2026-01-29 01:34:37,7.64
2026-01-29 01:34:38,7.64
2026-01-29 01:34:39,7.66
2026-01-29 01:34:40,7.66
2026-01-29 01:34:41,7.66
2026-01-29 01:34:42,7.66
2026-01-29 01:34:43,7.66
2026-01-29 01:34:44,7.67
2026-01-29 01:34:45,7.67
2026-01-29 01:34:46,7.67
2026-01-29 01:34:47,7.67
2026-01-29 01:34:48,7.67
2026-01-29 01:34:49,7.74
2026-01-29 01:34:50,7.74
2026-01-29 01:34:51,7.74
2026-01-29 01:34:52,7.74
2026-01-29 01:34:53,7.74
2026-01-29 01:34:54,7.83
2026-01-29 01:34:55,7.83
2026-01-29 01:34:56,7.83
2026-01-29 01:34:57,7.83
2026-01-29 01:34:58,7.83
2026-01-29 01:34:59,7.69
2026-01-29 01:35:00,7.69
2026-01-29 01:35:01,7.69
2026-01-29 01:35:02,7.69
2026-01-29 01:35:03,7.69
2026-01-29 01:35:04,7.70
2026-01-29 01:35:05,7.70
2026-01-29 01:35:06,7.70
2026-01-29 01:35:07,7.70
2026-01-29 01:35:08,7.70
2026-01-29 01:35:09,0
2026-01-29 01:35:10,0
2026-01-29 01:35:11,0
2026-01-29 01:35:12,0
2026-01-29 01:35:13,0
2026-01-29 01:35:14,0
2026-01-29 01:35:15,0
2026-01-29 01:35:16,0
2026-01-29 01:35:17,0
2026-01-29 01:35:18,0
2026-01-29 01:35:19,0
2026-01-29 01:35:20,0
2026-01-29 01:35:21,0
2026-01-29 01:35:22,0
2026-01-29 01:35:23,0
2026-01-29 01:35:24,0
2026-01-29 01:35:25,0
2026-01-29 01:35:26,0
2026-01-29 01:35:27,0
2026-01-29 01:35:28,0
2026-01-29 01:35:29,0
2026-01-29 01:35:30,0
2026-01-29 01:35:31,0
2026-01-29 01:35:32,0
2026-01-29 01:35:33,0
2026-01-29 01:35:34,0
2026-01-29 01:35:35,0
2026-01-29 01:35:36,0
2026-01-29 01:35:37,0
2026-01-29 01:35:38,0
2026-01-29 01:35:39,0
2026-01-29 01:35:40,0
2026-01-29 01:35:41,0
2026-01-29 01:35:42,0
2026-01-29 01:35:43,0
2026-01-29 01:35:44,0
2026-01-29 01:35:45,0
2026-01-29 01:35:46,0
2026-01-29 01:35:47,0
2026-01-29 01:35:48,0
2026-01-29 01:35:49,0
2026-01-29 01:35:50,0
2026-01-29 01:35:51,0
2026-01-29 01:35:52,0
2026-01-29 01:35:53,0
2026-01-29 01:35:54,0
2026-01-29 01:35:55,0
2026-01-29 01:35:56,0
2026-01-29 01:35:57,0
2026-01-29 01:35:58,0
2026-01-29 01:35:59,0
2026-01-29 01:36:00,0
2026-01-29 01:36:01,0
2026-01-29 01:36:02,0
2026-01-29 01:36:03,0
2026-01-29 01:36:04,0
2026-01-29 01:36:05,0
2026-01-29 01:36:06,0
2026-01-29 01:36:07,0
2026-01-29 01:36:08,0
2026-01-29 01:36:09,0
2026-01-29 01:36:10,0
2026-01-29 01:36:11,0
2026-01-29 01:36:12,0
2026-01-29 01:36:13,0
2026-01-29 01:36:14,0
2026-01-29 01:36:15,0
2026-01-29 01:36:16,0
2026-01-29 01:36:17,0
2026-01-29 01:36:18,0
2026-01-29 01:36:19,0
2026-01-29 01:36:20,0
2026-01-29 01:36:21,0
2026-01-29 01:36:22,0
2026-01-29 01:36:23,0
2026-01-29 01:36:24,0
2026-01-29 01:36:25,0
2026-01-29 01:36:26,0
2026-01-29 01:36:27,0
2026-01-29 01:36:28,0
2026-01-29 01:36:29,0
2026-01-29 01:36:30,0
2026-01-29 01:36:31,0
2026-01-29 01:36:32,0
2026-01-29 01:36:33,0
2026-01-29 01:36:34,0
2026-01-29 01:36:35,0
2026-01-29 01:36:36,0
2026-01-29 01:36:37,0
2026-01-29 01:36:38,0
2026-01-29 01:36:39,0
2026-01-29 01:36:40,0
2026-01-29 01:36:41,0
2026-01-29 01:36:42,0
2026-01-29 01:36:43,0
2026-01-29 01:37:04,3.06
2026-01-29 01:37:05,3.06
2026-01-29 01:37:06,3.06
2026-01-29 01:37:07,3.06
2026-01-29 01:37:08,3.06
2026-01-29 01:37:09,6.65
2026-01-29 01:37:10,6.65
2026-01-29 01:37:11,6.65
2026-01-29 01:37:12,6.65
2026-01-29 01:37:13,6.65
2026-01-29 01:37:14,6.57
2026-01-29 01:37:15,6.57
2026-01-29 01:37:16,6.57
2026-01-29 01:37:17,6.57
2026-01-29 01:37:18,6.57
2026-01-29 01:37:19,6.36
2026-01-29 01:37:20,6.36
2026-01-29 01:37:21,6.36
2026-01-29 01:37:22,6.36
2026-01-29 01:37:23,6.36
2026-01-29 01:37:24,6.38
2026-01-29 01:37:25,6.38
2026-01-29 01:37:26,6.38
2026-01-29 01:37:27,6.38
2026-01-29 01:37:28,6.38
2026-01-29 01:37:29,6.34
2026-01-29 01:37:30,6.34
2026-01-29 01:37:31,6.34
2026-01-29 01:37:32,6.34
2026-01-29 01:37:33,6.34
2026-01-29 01:37:34,6.44
2026-01-29 01:37:35,6.44
2026-01-29 01:37:36,6.44
2026-01-29 01:37:37,6.44
2026-01-29 01:37:38,6.44
2026-01-29 01:37:39,6.30
2026-01-29 01:37:40,6.30
2026-01-29 01:37:41,6.30
2026-01-29 01:37:42,6.30
2026-01-29 01:37:43,6.30
2026-01-29 01:37:44,6.27
2026-01-29 01:37:45,6.27
2026-01-29 01:37:46,6.27
2026-01-29 01:37:47,6.27
2026-01-29 01:37:48,6.27
2026-01-29 01:37:49,6.28
2026-01-29 01:37:50,6.28
2026-01-29 01:37:51,6.28
2026-01-29 01:37:52,6.28
2026-01-29 01:37:53,6.28
2026-01-29 01:37:54,6.10
2026-01-29 01:37:55,6.10
2026-01-29 01:37:56,6.10
2026-01-29 01:37:57,6.10
2026-01-29 01:37:58,6.10
2026-01-29 01:37:59,9.18
2026-01-29 01:38:00,9.18
2026-01-29 01:38:01,9.18
2026-01-29 01:38:02,9.18
2026-01-29 01:38:03,9.18
2026-01-29 01:38:04,8.85
2026-01-29 01:38:05,8.85
2026-01-29 01:38:06,8.85
2026-01-29 01:38:07,8.85
2026-01-29 01:38:08,8.85
2026-01-29 01:38:09,8.68
2026-01-29 01:38:10,8.68
2026-01-29 01:38:11,8.68
2026-01-29 01:38:12,8.68
2026-01-29 01:38:13,8.68
2026-01-29 01:38:14,8.48
2026-01-29 01:38:15,8.48
2026-01-29 01:38:16,8.48
2026-01-29 01:38:17,8.48
2026-01-29 01:38:18,8.48
2026-01-29 01:38:19,8.46
2026-01-29 01:38:20,8.46
2026-01-29 01:38:21,8.46
2026-01-29 01:38:22,8.46
2026-01-29 01:38:23,8.46
2026-01-29 01:38:24,8.52
2026-01-29 01:38:25,8.52
2026-01-29 01:38:26,8.52
2026-01-29 01:38:27,8.52
2026-01-29 01:38:28,8.52
2026-01-29 01:38:29,8.46
2026-01-29 01:38:30,8.46
2026-01-29 01:38:31,8.46
2026-01-29 01:38:32,8.46
2026-01-29 01:38:33,8.46
2026-01-29 01:38:34,7.88
2026-01-29 01:38:35,7.88
2026-01-29 01:38:36,7.88
2026-01-29 01:38:37,7.88
2026-01-29 01:38:38,7.88
2026-01-29 01:38:39,7.72
2026-01-29 01:38:40,7.72
2026-01-29 01:38:41,7.72
2026-01-29 01:38:42,7.72
2026-01-29 01:38:43,7.72
2026-01-29 01:38:44,7.64
2026-01-29 01:38:45,7.64
2026-01-29 01:38:46,7.64
2026-01-29 01:38:47,7.64
2026-01-29 01:38:48,7.64
2026-01-29 01:38:49,7.61
2026-01-29 01:38:50,7.61
2026-01-29 01:38:51,7.61
2026-01-29 01:38:52,7.61
2026-01-29 01:38:53,7.61
2026-01-29 01:38:54,7.72
2026-01-29 01:38:55,7.72
2026-01-29 01:38:56,7.72
2026-01-29 01:38:57,7.72
2026-01-29 01:38:58,7.72
2026-01-29 01:38:59,7.51
2026-01-29 01:39:00,7.51
2026-01-29 01:39:01,7.51
2026-01-29 01:39:02,7.51
2026-01-29 01:39:03,7.51
2026-01-29 01:39:04,9.14
2026-01-29 01:39:05,9.14
2026-01-29 01:39:06,9.14
2026-01-29 01:39:07,9.14
2026-01-29 01:39:08,9.14
2026-01-29 01:39:09,8.89
2026-01-29 01:39:10,8.89
2026-01-29 01:39:11,8.89
2026-01-29 01:39:12,8.89
2026-01-29 01:39:13,8.89
2026-01-29 01:39:14,8.68
2026-01-29 01:39:15,8.68
2026-01-29 01:39:16,8.68
2026-01-29 01:39:17,8.68
2026-01-29 01:39:18,8.68
2026-01-29 01:39:19,8.68
2026-01-29 01:39:20,8.68
2026-01-29 01:39:21,8.68
2026-01-29 01:39:22,8.68
2026-01-29 01:39:23,8.68
2026-01-29 01:39:24,8.65
2026-01-29 01:39:25,8.65
2026-01-29 01:39:26,8.65
2026-01-29 01:39:27,8.65
2026-01-29 01:39:28,8.65
2026-01-29 01:39:29,8.68
2026-01-29 01:39:30,8.68
2026-01-29 01:39:31,8.68
2026-01-29 01:39:32,8.68
2026-01-29 01:39:33,8.68
2026-01-29 01:39:34,8.66
2026-01-29 01:39:35,8.66
2026-01-29 01:39:36,8.66
2026-01-29 01:39:37,8.66
2026-01-29 01:39:38,8.66
2026-01-29 01:39:39,8.67
2026-01-29 01:39:40,8.67
2026-01-29 01:39:41,8.67
2026-01-29 01:39:42,8.67
2026-01-29 01:39:43,8.67
2026-01-29 01:39:44,8.56
2026-01-29 01:39:45,8.56
2026-01-29 01:39:46,8.56
2026-01-29 01:39:47,8.56
2026-01-29 01:39:48,8.56
2026-01-29 01:39:49,8.47
2026-01-29 01:39:50,8.47
2026-01-29 01:39:51,8.47
2026-01-29 01:39:52,8.47
2026-01-29 01:39:53,8.47
2026-01-29 01:39:54,8.63
2026-01-29 01:39:55,8.63
2026-01-29 01:39:56,8.63
2026-01-29 01:39:57,8.63
2026-01-29 01:39:58,8.63
2026-01-29 01:39:59,8.58
2026-01-29 01:40:00,8.58
2026-01-29 01:40:01,8.58
2026-01-29 01:40:02,8.58
2026-01-29 01:40:03,8.58
2026-01-29 01:40:04,8.83
2026-01-29 01:40:05,8.83
2026-01-29 01:40:06,8.83
2026-01-29 01:40:07,8.83
2026-01-29 01:40:08,8.83
2026-01-29 01:40:09,8.72
2026-01-29 01:40:10,8.72
2026-01-29 01:40:11,8.72
2026-01-29 01:40:12,8.72
2026-01-29 01:40:13,8.72
2026-01-29 01:40:14,8.63
2026-01-29 01:40:15,8.63
2026-01-29 01:40:16,8.63
2026-01-29 01:40:17,8.63
2026-01-29 01:40:18,8.63
2026-01-29 01:40:19,8.53
2026-01-29 01:40:20,8.53
2026-01-29 01:40:21,8.53
2026-01-29 01:40:22,8.53
2026-01-29 01:40:23,8.53
2026-01-29 01:40:24,8.63
2026-01-29 01:40:25,8.63
2026-01-29 01:40:26,8.63
2026-01-29 01:40:27,8.63
2026-01-29 01:40:28,8.63
2026-01-29 01:40:29,8.50
2026-01-29 01:40:30,8.50
2026-01-29 01:40:31,8.50
2026-01-29 01:40:32,8.50
2026-01-29 01:40:33,8.50
2026-01-29 01:40:34,8.75
2026-01-29 01:40:35,8.75
2026-01-29 01:40:36,8.75
2026-01-29 01:40:37,8.75
2026-01-29 01:40:38,8.75
2026-01-29 01:40:39,8.63
2026-01-29 01:40:40,8.63
2026-01-29 01:40:41,8.63
2026-01-29 01:40:42,8.63
2026-01-29 01:40:43,8.63
2026-01-29 01:40:44,8.07
2026-01-29 01:40:45,8.07
2026-01-29 01:40:46,8.07
2026-01-29 01:40:47,8.07
2026-01-29 01:40:48,8.07
2026-01-29 01:40:49,7.75
2026-01-29 01:40:50,7.75
2026-01-29 01:40:51,7.75
2026-01-29 01:40:52,7.75
2026-01-29 01:40:53,7.75
2026-01-29 01:40:54,7.89
2026-01-29 01:40:55,7.89
2026-01-29 01:40:56,7.89
2026-01-29 01:40:57,7.89
2026-01-29 01:40:58,7.89
2026-01-29 01:40:59,7.93
2026-01-29 01:41:00,7.93
2026-01-29 01:41:01,7.93
2026-01-29 01:41:02,7.93
2026-01-29 01:41:03,7.93
2026-01-29 01:41:04,7.90
2026-01-29 01:41:05,7.90
2026-01-29 01:41:06,7.90
2026-01-29 01:41:07,7.90
2026-01-29 01:41:08,7.90
2026-01-29 01:41:09,7.97
2026-01-29 01:41:10,7.97
2026-01-29 01:41:11,7.97
2026-01-29 01:41:12,7.97
2026-01-29 01:41:13,7.97
2026-01-29 01:41:14,9.42
2026-01-29 01:41:15,9.42
2026-01-29 01:41:16,9.42
2026-01-29 01:41:17,9.42
2026-01-29 01:41:18,9.42
2026-01-29 01:41:19,6.81
2026-01-29 01:41:20,6.81
2026-01-29 01:41:21,6.81
2026-01-29 01:41:22,6.81
2026-01-29 01:41:23,6.81
2026-01-29 01:41:24,6.91
2026-01-29 01:41:25,6.91
2026-01-29 01:41:26,6.91
2026-01-29 01:41:27,6.91
2026-01-29 01:41:28,6.91
2026-01-29 01:41:29,6.76
2026-01-29 01:41:30,6.76
2026-01-29 01:41:31,6.76
2026-01-29 01:41:32,6.76
2026-01-29 01:41:33,6.76
2026-01-29 01:41:34,6.86
2026-01-29 01:41:35,6.86
2026-01-29 01:41:36,6.86
2026-01-29 01:41:37,6.86
2026-01-29 01:41:38,6.86
2026-01-29 01:41:39,6.92
2026-01-29 01:41:40,6.92
2026-01-29 01:41:41,6.92
2026-01-29 01:41:42,6.92
2026-01-29 01:41:43,6.92
2026-01-29 01:41:44,6.84
2026-01-29 01:41:45,6.84
2026-01-29 01:41:46,6.84
2026-01-29 01:41:47,6.84
2026-01-29 01:41:48,6.84
2026-01-29 01:41:49,6.77
2026-01-29 01:41:50,6.77
2026-01-29 01:41:51,6.77
2026-01-29 01:41:52,6.77
2026-01-29 01:41:53,6.77
2026-01-29 01:41:54,0
2026-01-29 01:41:55,0
2026-01-29 01:41:56,0
2026-01-29 01:41:57,0
2026-01-29 01:41:58,0
2026-01-29 01:41:59,0
2026-01-29 01:42:00,0
2026-01-29 01:42:01,0
2026-01-29 01:42:02,0
2026-01-29 01:42:03,0
2026-01-29 01:42:04,0
2026-01-29 01:42:05,0
2026-01-29 01:42:06,0
2026-01-29 01:42:07,0
2026-01-29 01:42:08,0
2026-01-29 01:42:09,0
2026-01-29 01:42:10,0
2026-01-29 01:42:11,0
2026-01-29 01:42:12,0
2026-01-29 01:42:13,0
2026-01-29 01:42:14,0
2026-01-29 01:42:15,0
2026-01-29 01:42:16,0
2026-01-29 01:42:17,0
2026-01-29 01:42:18,0
2026-01-29 01:42:19,0
2026-01-29 01:42:20,0
2026-01-29 01:42:21,0
2026-01-29 01:42:22,0
2026-01-29 01:42:23,0
2026-01-29 01:42:24,0
2026-01-29 01:42:25,0
2026-01-29 01:42:26,0
2026-01-29 01:42:27,0
2026-01-29 01:42:28,0
2026-01-29 01:42:29,0
2026-01-29 01:42:30,0
2026-01-29 01:42:31,0
2026-01-29 01:42:32,0
2026-01-29 01:42:33,0
2026-01-29 01:42:34,0
2026-01-29 01:42:35,0
2026-01-29 01:42:36,0
2026-01-29 01:42:37,0
2026-01-29 01:42:38,0
2026-01-29 01:42:39,0
2026-01-29 01:42:40,0
2026-01-29 01:42:41,0
2026-01-29 01:42:42,0
2026-01-29 01:42:43,0
2026-01-29 01:42:44,0
2026-01-29 01:42:45,0
2026-01-29 01:42:46,0
2026-01-29 01:42:47,0
2026-01-29 01:42:48,0
2026-01-29 01:42:49,0
2026-01-29 01:42:50,0
2026-01-29 01:42:51,0
2026-01-29 01:42:52,0
2026-01-29 01:42:53,0
2026-01-29 01:42:54,0
2026-01-29 01:42:55,0
2026-01-29 01:42:56,0
2026-01-29 01:42:57,0
2026-01-29 01:42:58,0
2026-01-29 01:42:59,0
2026-01-29 01:43:00,0
2026-01-29 01:43:01,0
2026-01-29 01:43:02,0
2026-01-29 01:43:03,0
2026-01-29 01:43:04,0
2026-01-29 01:43:05,0
2026-01-29 01:43:06,0
2026-01-29 01:43:07,0
2026-01-29 01:43:08,0
2026-01-29 01:43:09,0
2026-01-29 01:43:10,0
2026-01-29 01:43:11,0
2026-01-29 01:43:12,0
2026-01-29 01:43:13,0
2026-01-29 01:43:14,0
2026-01-29 01:43:15,0
2026-01-29 01:43:16,0
2026-01-29 01:43:17,0
2026-01-29 01:43:18,0
2026-01-29 01:43:19,0
2026-01-29 01:43:20,0
2026-01-29 01:43:21,0
2026-01-29 01:43:22,0
2026-01-29 01:43:23,0
2026-01-29 01:43:24,0
2026-01-29 01:43:25,0
2026-01-29 01:43:26,0
2026-01-29 01:43:27,0
2026-01-29 01:43:28,0
2026-01-29 01:44:09,8.19
2026-01-29 01:44:10,8.19
2026-01-29 01:44:11,8.19
2026-01-29 01:44:12,8.19
2026-01-29 01:44:13,8.19
2026-01-29 01:44:14,7.70
2026-01-29 01:44:15,7.70
2026-01-29 01:44:16,7.70
2026-01-29 01:44:17,7.70
2026-01-29 01:44:18,7.70
2026-01-29 01:44:19,7.76
2026-01-29 01:44:20,7.76
2026-01-29 01:44:21,7.76
2026-01-29 01:44:22,7.76
2026-01-29 01:44:23,7.76
2026-01-29 01:44:24,7.70
2026-01-29 01:44:25,7.70
2026-01-29 01:44:26,7.70
2026-01-29 01:44:27,7.70
2026-01-29 01:44:28,7.70
2026-01-29 01:44:29,7.74
2026-01-29 01:44:30,7.74
2026-01-29 01:44:31,7.74
2026-01-29 01:44:32,7.74
2026-01-29 01:44:33,7.74
2026-01-29 01:44:34,7.74
2026-01-29 01:44:35,7.74
2026-01-29 01:44:36,7.74
2026-01-29 01:44:37,7.74
2026-01-29 01:44:38,7.74
2026-01-29 01:44:39,7.72
2026-01-29 01:44:40,7.72
2026-01-29 01:44:41,7.72
2026-01-29 01:44:42,7.72
2026-01-29 01:44:43,7.72
2026-01-29 01:44:44,7.69
2026-01-29 01:44:45,7.69
2026-01-29 01:44:46,7.69
2026-01-29 01:44:47,7.69
2026-01-29 01:44:48,7.69
2026-01-29 01:44:49,7.63
2026-01-29 01:44:50,7.63
2026-01-29 01:44:51,7.63
2026-01-29 01:44:52,7.63
2026-01-29 01:44:53,7.63
2026-01-29 01:44:54,7.75
2026-01-29 01:44:55,7.75
2026-01-29 01:44:56,7.75
2026-01-29 01:44:57,7.75
2026-01-29 01:44:58,7.75
2026-01-29 01:44:59,7.81
2026-01-29 01:45:00,7.81
2026-01-29 01:45:01,7.81
2026-01-29 01:45:02,7.81
2026-01-29 01:45:03,7.81
2026-01-29 01:45:04,7.69
2026-01-29 01:45:05,7.69
2026-01-29 01:45:06,7.69
2026-01-29 01:45:07,7.69
2026-01-29 01:45:08,7.69
2026-01-29 01:45:09,7.67
2026-01-29 01:45:10,7.67
2026-01-29 01:45:11,7.67
2026-01-29 01:45:12,7.67
2026-01-29 01:45:13,7.67
2026-01-29 01:45:14,8.65
2026-01-29 01:45:15,8.65
2026-01-29 01:45:16,8.65
2026-01-29 01:45:17,8.65
2026-01-29 01:45:18,8.65
2026-01-29 01:45:19,9.87
2026-01-29 01:45:20,9.87
2026-01-29 01:45:21,9.87
2026-01-29 01:45:22,9.87
2026-01-29 01:45:23,9.87
2026-01-29 01:45:24,8.18
2026-01-29 01:45:25,8.18
2026-01-29 01:45:26,8.18
2026-01-29 01:45:27,8.18
2026-01-29 01:45:28,8.18
2026-01-29 01:45:29,7.57
2026-01-29 01:45:30,7.57
2026-01-29 01:45:31,7.57
2026-01-29 01:45:32,7.57
2026-01-29 01:45:33,7.57
2026-01-29 01:45:34,6.75
2026-01-29 01:45:35,6.75
2026-01-29 01:45:36,6.75
2026-01-29 01:45:37,6.75
2026-01-29 01:45:38,6.75
2026-01-29 01:45:39,6.80
2026-01-29 01:45:40,6.80
2026-01-29 01:45:41,6.80
2026-01-29 01:45:42,6.80
2026-01-29 01:45:43,6.80
2026-01-29 01:45:44,6.70
2026-01-29 01:45:45,6.70
2026-01-29 01:45:46,6.70
2026-01-29 01:45:47,6.70
2026-01-29 01:45:48,6.70
2026-01-29 01:45:49,6.50
2026-01-29 01:45:50,6.50
2026-01-29 01:45:51,6.50
2026-01-29 01:45:52,6.50
2026-01-29 01:45:53,6.50
2026-01-29 01:45:54,6.64
2026-01-29 01:45:55,6.64
2026-01-29 01:45:56,6.64
2026-01-29 01:45:57,6.64
2026-01-29 01:45:58,6.64
2026-01-29 01:45:59,6.61
2026-01-29 01:46:00,6.61
2026-01-29 01:46:01,6.61
2026-01-29 01:46:02,6.61
2026-01-29 01:46:03,6.61
2026-01-29 01:46:04,6.57
2026-01-29 01:46:05,6.57
2026-01-29 01:46:06,6.57
2026-01-29 01:46:07,6.57
2026-01-29 01:46:08,6.57
2026-01-29 01:46:09,6.52
2026-01-29 01:46:10,6.52
2026-01-29 01:46:11,6.52
2026-01-29 01:46:12,6.52
2026-01-29 01:46:13,6.52
2026-01-29 01:46:14,6.53
2026-01-29 01:46:15,6.53
2026-01-29 01:46:16,6.53
2026-01-29 01:46:17,6.53
2026-01-29 01:46:18,6.53
2026-01-29 01:46:19,6.56
2026-01-29 01:46:20,6.56
2026-01-29 01:46:21,6.56
2026-01-29 01:46:22,6.56
2026-01-29 01:46:23,6.56
2026-01-29 01:46:24,6.57
2026-01-29 01:46:25,6.57
2026-01-29 01:46:26,6.57
2026-01-29 01:46:27,6.57
2026-01-29 01:46:28,6.57
2026-01-29 01:46:29,6.44
2026-01-29 01:46:30,6.44
2026-01-29 01:46:31,6.44
2026-01-29 01:46:32,6.44
2026-01-29 01:46:33,6.44
2026-01-29 01:46:34,6.57
2026-01-29 01:46:35,6.57
2026-01-29 01:46:36,6.57
2026-01-29 01:46:37,6.57
2026-01-29 01:46:38,6.57
2026-01-29 01:46:39,6.59
2026-01-29 01:46:40,6.59
2026-01-29 01:46:41,6.59
2026-01-29 01:46:42,6.59
2026-01-29 01:46:43,6.59
2026-01-29 01:46:44,6.54
2026-01-29 01:46:45,6.54
2026-01-29 01:46:46,6.54
2026-01-29 01:46:47,6.54
2026-01-29 01:46:48,6.54
2026-01-29 01:46:49,6.46
2026-01-29 01:46:50,6.46
2026-01-29 01:46:51,6.46
2026-01-29 01:46:52,6.46
2026-01-29 01:46:53,6.46
2026-01-29 01:46:54,7.50
2026-01-29 01:46:55,7.50
2026-01-29 01:46:56,7.50
2026-01-29 01:46:57,7.50
2026-01-29 01:46:58,7.50
2026-01-29 01:46:59,7.50
2026-01-29 01:47:00,7.50
2026-01-29 01:47:01,7.50
2026-01-29 01:47:02,7.50
2026-01-29 01:47:03,7.50
2026-01-29 01:47:04,7.74
2026-01-29 01:47:05,7.74
2026-01-29 01:47:06,7.74
2026-01-29 01:47:07,7.74
2026-01-29 01:47:08,7.74
2026-01-29 01:47:09,7.37
2026-01-29 01:47:10,7.37
2026-01-29 01:47:11,7.37
2026-01-29 01:47:12,7.37
2026-01-29 01:47:13,7.37
2026-01-29 01:47:14,7.50
2026-01-29 01:47:15,7.50
2026-01-29 01:47:16,7.50
2026-01-29 01:47:17,7.50
2026-01-29 01:47:18,7.50
2026-01-29 01:47:19,7.52
2026-01-29 01:47:20,7.52
2026-01-29 01:47:21,7.52
2026-01-29 01:47:22,7.52
2026-01-29 01:47:23,7.52
2026-01-29 01:47:24,7.45
2026-01-29 01:47:25,7.45
2026-01-29 01:47:26,7.45
2026-01-29 01:47:27,7.45
2026-01-29 01:47:28,7.45
2026-01-29 01:47:29,7.33
2026-01-29 01:47:30,7.33
2026-01-29 01:47:31,7.33
2026-01-29 01:47:32,7.33
2026-01-29 01:47:33,7.33
2026-01-29 01:47:34,7.73
2026-01-29 01:47:35,7.73
2026-01-29 01:47:36,7.73
2026-01-29 01:47:37,7.73
2026-01-29 01:47:38,7.73
2026-01-29 01:47:39,6.64
2026-01-29 01:47:40,6.64
2026-01-29 01:47:41,6.64
2026-01-29 01:47:42,6.64
2026-01-29 01:47:43,6.64
2026-01-29 01:47:44,6.60
2026-01-29 01:47:45,6.60
2026-01-29 01:47:46,6.60
2026-01-29 01:47:47,6.60
2026-01-29 01:47:48,6.60
2026-01-29 01:47:49,6.55
2026-01-29 01:47:50,6.55
2026-01-29 01:47:51,6.55
2026-01-29 01:47:52,6.55
2026-01-29 01:47:53,6.55
2026-01-29 01:47:54,6.24
2026-01-29 01:47:55,6.24
2026-01-29 01:47:56,6.24
2026-01-29 01:47:57,6.24
2026-01-29 01:47:58,6.24
2026-01-29 01:47:59,9.51
2026-01-29 01:48:00,9.51
2026-01-29 01:48:01,9.51
2026-01-29 01:48:02,9.51
2026-01-29 01:48:03,9.51
2026-01-29 01:48:04,8.68
2026-01-29 01:48:05,8.68
2026-01-29 01:48:06,8.68
2026-01-29 01:48:07,8.68
2026-01-29 01:48:08,8.68
2026-01-29 01:48:09,8.53
2026-01-29 01:48:10,8.53
2026-01-29 01:48:11,8.53
2026-01-29 01:48:12,8.53
2026-01-29 01:48:13,8.53
2026-01-29 01:48:14,8.63
2026-01-29 01:48:15,8.63
2026-01-29 01:48:16,8.63
2026-01-29 01:48:17,8.63
2026-01-29 01:48:18,8.63
2026-01-29 01:48:19,8.50
2026-01-29 01:48:20,8.50
2026-01-29 01:48:21,8.50
2026-01-29 01:48:22,8.50
2026-01-29 01:48:23,8.50
2026-01-29 01:48:24,8.55
2026-01-29 01:48:25,8.55
2026-01-29 01:48:26,8.55
2026-01-29 01:48:27,8.55
2026-01-29 01:48:28,8.55
2026-01-29 01:48:29,8.42
2026-01-29 01:48:30,8.42
2026-01-29 01:48:31,8.42
2026-01-29 01:48:32,8.42
2026-01-29 01:48:33,8.42
2026-01-29 01:48:34,8.56
2026-01-29 01:48:35,8.56
2026-01-29 01:48:36,8.56
2026-01-29 01:48:37,8.56
2026-01-29 01:48:38,8.56
2026-01-29 01:48:39,8.68
2026-01-29 01:48:40,8.68
2026-01-29 01:48:41,8.68
2026-01-29 01:48:42,8.68
2026-01-29 01:48:43,8.68
2026-01-29 01:48:44,8.60
2026-01-29 01:48:45,8.60
2026-01-29 01:48:46,8.60
2026-01-29 01:48:47,8.60
2026-01-29 01:48:48,8.60
2026-01-29 01:48:49,8.40
2026-01-29 01:48:50,8.40
2026-01-29 01:48:51,8.40
2026-01-29 01:48:52,8.40
2026-01-29 01:48:53,8.40
2026-01-29 01:48:54,0
2026-01-29 01:48:55,0
2026-01-29 01:48:56,0
2026-01-29 01:48:57,0
2026-01-29 01:48:58,0
2026-01-29 01:48:59,0
2026-01-29 01:49:00,0
2026-01-29 01:49:01,0
2026-01-29 01:49:02,0
2026-01-29 01:49:03,0
2026-01-29 01:49:04,0
2026-01-29 01:49:05,0
2026-01-29 01:49:06,0
2026-01-29 01:49:07,0
2026-01-29 01:49:08,0
2026-01-29 01:49:09,0
2026-01-29 01:49:10,0
2026-01-29 01:49:11,0
2026-01-29 01:49:12,0
2026-01-29 01:49:13,0
2026-01-29 01:49:14,0
2026-01-29 01:49:15,0
2026-01-29 01:49:16,0
2026-01-29 01:49:17,0
2026-01-29 01:49:18,0
2026-01-29 01:49:19,0
2026-01-29 01:49:20,0
2026-01-29 01:49:21,0
2026-01-29 01:49:22,0
2026-01-29 01:49:23,0
2026-01-29 01:49:24,0
2026-01-29 01:49:25,0
2026-01-29 01:49:26,0
2026-01-29 01:49:27,0
2026-01-29 01:49:28,0
2026-01-29 01:49:29,0
2026-01-29 01:49:30,0
2026-01-29 01:49:31,0
2026-01-29 01:49:32,0
2026-01-29 01:49:33,0
2026-01-29 01:49:34,0
2026-01-29 01:49:35,0
2026-01-29 01:49:36,0
2026-01-29 01:49:37,0
2026-01-29 01:49:38,0
2026-01-29 01:49:39,0
2026-01-29 01:49:40,0
2026-01-29 01:49:41,0
2026-01-29 01:49:42,0
2026-01-29 01:49:43,0
2026-01-29 01:49:44,0
2026-01-29 01:49:45,0
2026-01-29 01:49:46,0
2026-01-29 01:49:47,0
2026-01-29 01:49:48,0
2026-01-29 01:49:49,0
2026-01-29 01:49:50,0
2026-01-29 01:49:51,0
2026-01-29 01:49:52,0
2026-01-29 01:49:53,0
2026-01-29 01:49:54,0
2026-01-29 01:49:55,0
2026-01-29 01:49:56,0
2026-01-29 01:49:57,0
2026-01-29 01:49:58,0
2026-01-29 01:49:59,0
2026-01-29 01:50:00,0
2026-01-29 01:50:01,0
2026-01-29 01:50:02,0
2026-01-29 01:50:03,0
2026-01-29 01:50:04,0
2026-01-29 01:50:05,0
2026-01-29 01:50:06,0
2026-01-29 01:50:07,0
2026-01-29 01:50:08,0
2026-01-29 01:50:09,0
2026-01-29 01:50:10,0
2026-01-29 01:50:11,0
2026-01-29 01:50:12,0
2026-01-29 01:50:13,0
2026-01-29 01:50:14,0
2026-01-29 01:50:15,0
2026-01-29 01:50:16,0
2026-01-29 01:50:17,0
2026-01-29 01:50:18,0
2026-01-29 01:50:19,0
2026-01-29 01:50:20,0
2026-01-29 01:50:21,0
2026-01-29 01:50:22,0
2026-01-29 01:50:23,0
2026-01-29 01:50:24,0
2026-01-29 01:50:25,0
2026-01-29 01:50:26,0
2026-01-29 01:50:27,0
2026-01-29 01:50:28,0
2026-01-29 01:51:49,5.28
2026-01-29 01:51:50,5.28
2026-01-29 01:51:51,5.28
2026-01-29 01:51:52,5.28
2026-01-29 01:51:53,5.28
2026-01-29 01:51:54,7.97
2026-01-29 01:51:55,7.97
2026-01-29 01:51:56,7.97
2026-01-29 01:51:57,7.97
2026-01-29 01:51:58,7.97
2026-01-29 01:51:59,7.71
2026-01-29 01:52:00,7.71
2026-01-29 01:52:01,7.71
2026-01-29 01:52:02,7.71
2026-01-29 01:52:03,7.71
2026-01-29 01:52:04,7.74
2026-01-29 01:52:05,7.74
2026-01-29 01:52:06,7.74
2026-01-29 01:52:07,7.74
2026-01-29 01:52:08,7.74
2026-01-29 01:52:09,7.62
2026-01-29 01:52:10,7.62
2026-01-29 01:52:11,7.62
2026-01-29 01:52:12,7.62
2026-01-29 01:52:13,7.62
2026-01-29 01:52:14,8.46
2026-01-29 01:52:15,8.46
2026-01-29 01:52:16,8.46
2026-01-29 01:52:17,8.46
2026-01-29 01:52:18,8.46
2026-01-29 01:52:19,7.67
2026-01-29 01:52:20,7.67
2026-01-29 01:52:21,7.67
2026-01-29 01:52:22,7.67
2026-01-29 01:52:23,7.67
2026-01-29 01:52:24,7.66
2026-01-29 01:52:25,7.66
2026-01-29 01:52:26,7.66
2026-01-29 01:52:27,7.66
2026-01-29 01:52:28,7.66
2026-01-29 01:52:29,7.63
2026-01-29 01:52:30,7.63
2026-01-29 01:52:31,7.63
2026-01-29 01:52:32,7.63
2026-01-29 01:52:33,7.63
2026-01-29 01:52:34,7.69
2026-01-29 01:52:35,7.69
2026-01-29 01:52:36,7.69
2026-01-29 01:52:37,7.69
2026-01-29 01:52:38,7.69
2026-01-29 01:52:39,7.65
2026-01-29 01:52:40,7.65
2026-01-29 01:52:41,7.65
2026-01-29 01:52:42,7.65
2026-01-29 01:52:43,7.65
2026-01-29 01:52:44,7.65
2026-01-29 01:52:45,7.65
2026-01-29 01:52:46,7.65
2026-01-29 01:52:47,7.65
2026-01-29 01:52:48,7.65
2026-01-29 01:52:49,7.42
2026-01-29 01:52:50,7.42
2026-01-29 01:52:51,7.42
2026-01-29 01:52:52,7.42
2026-01-29 01:52:53,7.42
2026-01-29 01:52:54,7.75
2026-01-29 01:52:55,7.75
2026-01-29 01:52:56,7.75
2026-01-29 01:52:57,7.75
2026-01-29 01:52:58,7.75
2026-01-29 01:52:59,7.74
2026-01-29 01:53:00,7.74
2026-01-29 01:53:01,7.74
2026-01-29 01:53:02,7.74
2026-01-29 01:53:03,7.74
2026-01-29 01:53:04,7.76
2026-01-29 01:53:05,7.76
2026-01-29 01:53:06,7.76
2026-01-29 01:53:07,7.76
2026-01-29 01:53:08,7.76
2026-01-29 01:53:09,7.59
2026-01-29 01:53:10,7.59
2026-01-29 01:53:11,7.59
2026-01-29 01:53:12,7.59
2026-01-29 01:53:13,7.59
2026-01-29 01:53:14,8.40
2026-01-29 01:53:15,8.40
2026-01-29 01:53:16,8.40
2026-01-29 01:53:17,8.40
2026-01-29 01:53:18,8.40
2026-01-29 01:53:19,7.59
2026-01-29 01:53:20,7.59
2026-01-29 01:53:21,7.59
2026-01-29 01:53:22,7.59
2026-01-29 01:53:23,7.59
2026-01-29 01:53:24,7.65
2026-01-29 01:53:25,7.65
2026-01-29 01:53:26,7.65
2026-01-29 01:53:27,7.65
2026-01-29 01:53:28,7.65
2026-01-29 01:53:29,7.52
2026-01-29 01:53:30,7.52
2026-01-29 01:53:31,7.52
2026-01-29 01:53:32,7.52
2026-01-29 01:53:33,7.52
2026-01-29 01:53:34,7.68
2026-01-29 01:53:35,7.68
2026-01-29 01:53:36,7.68
2026-01-29 01:53:37,7.68
2026-01-29 01:53:38,7.68
2026-01-29 01:53:39,7.60
2026-01-29 01:53:40,7.60
2026-01-29 01:53:41,7.60
2026-01-29 01:53:42,7.60
2026-01-29 01:53:43,7.60
2026-01-29 01:53:44,7.60
2026-01-29 01:53:45,7.60
2026-01-29 01:53:46,7.60
2026-01-29 01:53:47,7.60
2026-01-29 01:53:48,7.60
2026-01-29 01:53:49,7.49
2026-01-29 01:53:50,7.49
2026-01-29 01:53:51,7.49
2026-01-29 01:53:52,7.49
2026-01-29 01:53:53,7.49
2026-01-29 01:53:54,7.73
2026-01-29 01:53:55,7.73
2026-01-29 01:53:56,7.73
2026-01-29 01:53:57,7.73
2026-01-29 01:53:58,7.73
2026-01-29 01:53:59,7.55
2026-01-29 01:54:00,7.55
2026-01-29 01:54:01,7.55
2026-01-29 01:54:02,7.55
2026-01-29 01:54:03,7.55
2026-01-29 01:54:04,7.78
2026-01-29 01:54:05,7.78
2026-01-29 01:54:06,7.78
2026-01-29 01:54:07,7.78
2026-01-29 01:54:08,7.78
2026-01-29 01:54:09,7.62
2026-01-29 01:54:10,7.62
2026-01-29 01:54:11,7.62
2026-01-29 01:54:12,7.62
2026-01-29 01:54:13,7.62
2026-01-29 01:54:14,9.31
2026-01-29 01:54:15,9.31
2026-01-29 01:54:16,9.31
2026-01-29 01:54:17,9.31
2026-01-29 01:54:18,9.31
2026-01-29 01:54:19,8.40
2026-01-29 01:54:20,8.40
2026-01-29 01:54:21,8.40
2026-01-29 01:54:22,8.40
2026-01-29 01:54:23,8.40
2026-01-29 01:54:24,8.01
2026-01-29 01:54:25,8.01
2026-01-29 01:54:26,8.01
2026-01-29 01:54:27,8.01
2026-01-29 01:54:28,8.01
2026-01-29 01:54:29,7.71
2026-01-29 01:54:30,7.71
2026-01-29 01:54:31,7.71
2026-01-29 01:54:32,7.71
2026-01-29 01:54:33,7.71
2026-01-29 01:54:34,7.73
2026-01-29 01:54:35,7.73
2026-01-29 01:54:36,7.73
2026-01-29 01:54:37,7.73
2026-01-29 01:54:38,7.73
2026-01-29 01:54:39,7.64
2026-01-29 01:54:40,7.64
2026-01-29 01:54:41,7.64
2026-01-29 01:54:42,7.64
2026-01-29 01:54:43,7.64
2026-01-29 01:54:44,7.64
2026-01-29 01:54:45,7.64
2026-01-29 01:54:46,7.64
2026-01-29 01:54:47,7.64
2026-01-29 01:54:48,7.64
2026-01-29 01:54:49,7.43
2026-01-29 01:54:50,7.43
2026-01-29 01:54:51,7.43
2026-01-29 01:54:52,7.43
2026-01-29 01:54:53,7.43
2026-01-29 01:54:54,7.72
2026-01-29 01:54:55,7.72
2026-01-29 01:54:56,7.72
2026-01-29 01:54:57,7.72
2026-01-29 01:54:58,7.72
2026-01-29 01:54:59,7.61
2026-01-29 01:55:00,7.61
2026-01-29 01:55:01,7.61
2026-01-29 01:55:02,7.61
2026-01-29 01:55:03,7.61
2026-01-29 01:55:04,7.65
2026-01-29 01:55:05,7.65
2026-01-29 01:55:06,7.65
2026-01-29 01:55:07,7.65
2026-01-29 01:55:08,7.65
2026-01-29 01:55:09,7.53
2026-01-29 01:55:10,7.53
2026-01-29 01:55:11,7.53
2026-01-29 01:55:12,7.53
2026-01-29 01:55:13,7.53
2026-01-29 01:55:14,8.35
2026-01-29 01:55:15,8.35
2026-01-29 01:55:16,8.35
2026-01-29 01:55:17,8.35
2026-01-29 01:55:18,8.35
2026-01-29 01:55:19,7.59
2026-01-29 01:55:20,7.59
2026-01-29 01:55:21,7.59
2026-01-29 01:55:22,7.59
2026-01-29 01:55:23,7.59
2026-01-29 01:55:24,7.59
2026-01-29 01:55:25,7.59
2026-01-29 01:55:26,7.59
2026-01-29 01:55:27,7.59
2026-01-29 01:55:28,7.59
2026-01-29 01:55:29,7.42
2026-01-29 01:55:30,7.42
2026-01-29 01:55:31,7.42
2026-01-29 01:55:32,7.42
2026-01-29 01:55:33,7.42
2026-01-29 01:55:34,5.74
2026-01-29 01:55:35,5.74
2026-01-29 01:55:36,5.74
2026-01-29 01:55:37,5.74
2026-01-29 01:55:38,5.74
2026-01-29 01:55:39,5.69
2026-01-29 01:55:40,5.69
2026-01-29 01:55:41,5.69
2026-01-29 01:55:42,5.69
2026-01-29 01:55:43,5.69
2026-01-29 01:55:44,5.77
2026-01-29 01:55:45,5.77
2026-01-29 01:55:46,5.77
2026-01-29 01:55:47,5.77
2026-01-29 01:55:48,5.77
2026-01-29 01:55:49,5.83
2026-01-29 01:55:50,5.83
2026-01-29 01:55:51,5.83
2026-01-29 01:55:52,5.83
2026-01-29 01:55:53,5.83
2026-01-29 01:55:54,6.84
2026-01-29 01:55:55,6.84
2026-01-29 01:55:56,6.84
2026-01-29 01:55:57,6.84
2026-01-29 01:55:58,6.84
2026-01-29 01:55:59,6.59
2026-01-29 01:56:00,6.59
2026-01-29 01:56:01,6.59
2026-01-29 01:56:02,6.59
2026-01-29 01:56:03,6.59
2026-01-29 01:56:04,6.64
2026-01-29 01:56:05,6.64
2026-01-29 01:56:06,6.64
2026-01-29 01:56:07,6.64
2026-01-29 01:56:08,6.64
2026-01-29 01:56:09,6.37
2026-01-29 01:56:10,6.37
2026-01-29 01:56:11,6.37
2026-01-29 01:56:12,6.37
2026-01-29 01:56:13,6.37
2026-01-29 01:56:14,6.81
2026-01-29 01:56:15,6.81
2026-01-29 01:56:16,6.81
2026-01-29 01:56:17,6.81
2026-01-29 01:56:18,6.81
2026-01-29 01:56:19,6.59
2026-01-29 01:56:20,6.59
2026-01-29 01:56:21,6.59
2026-01-29 01:56:22,6.59
2026-01-29 01:56:23,6.59
2026-01-29 01:56:24,6.57
2026-01-29 01:56:25,6.57
2026-01-29 01:56:26,6.57
2026-01-29 01:56:27,6.57
2026-01-29 01:56:28,6.57
2026-01-29 01:56:29,6.40
2026-01-29 01:56:30,6.40
2026-01-29 01:56:31,6.40
2026-01-29 01:56:32,6.40
2026-01-29 01:56:33,6.40
2026-01-29 01:56:34,6.92
2026-01-29 01:56:35,6.92
2026-01-29 01:56:36,6.92
2026-01-29 01:56:37,6.92
2026-01-29 01:56:38,6.92
2026-01-29 01:56:39,0
2026-01-29 01:56:40,0
2026-01-29 01:56:41,0
2026-01-29 01:56:42,0
2026-01-29 01:56:43,0
2026-01-29 01:56:44,0
2026-01-29 01:56:45,0
2026-01-29 01:56:46,0
2026-01-29 01:56:47,0
2026-01-29 01:56:48,0
2026-01-29 01:56:49,0
2026-01-29 01:56:50,0
2026-01-29 01:56:51,0
2026-01-29 01:56:52,0
2026-01-29 01:56:53,0
2026-01-29 01:56:54,0
2026-01-29 01:56:55,0
2026-01-29 01:56:56,0
2026-01-29 01:56:57,0
2026-01-29 01:56:58,0
2026-01-29 01:56:59,0
2026-01-29 01:57:00,0
2026-01-29 01:57:01,0
2026-01-29 01:57:02,0
2026-01-29 01:57:03,0
2026-01-29 01:57:04,0
2026-01-29 01:57:05,0
2026-01-29 01:57:06,0
2026-01-29 01:57:07,0
2026-01-29 01:57:08,0
2026-01-29 01:57:09,0
2026-01-29 01:57:10,0
2026-01-29 01:57:11,0
2026-01-29 01:57:12,0
2026-01-29 01:57:13,0
2026-01-29 01:57:14,0
2026-01-29 01:57:15,0
2026-01-29 01:57:16,0
2026-01-29 01:57:17,0
2026-01-29 01:57:18,0
2026-01-29 01:57:19,0
2026-01-29 01:57:20,0
2026-01-29 01:57:21,0
2026-01-29 01:57:22,0
2026-01-29 01:57:23,0
2026-01-29 01:57:24,0
2026-01-29 01:57:25,0
2026-01-29 01:57:26,0
2026-01-29 01:57:27,0
2026-01-29 01:57:28,0
2026-01-29 01:57:29,0
2026-01-29 01:57:30,0
2026-01-29 01:57:31,0
2026-01-29 01:57:32,0
2026-01-29 01:57:33,0
2026-01-29 01:57:34,0
2026-01-29 01:57:35,0
2026-01-29 01:57:36,0
2026-01-29 01:57:37,0
2026-01-29 01:57:38,0
2026-01-29 01:57:39,0
2026-01-29 01:57:40,0
2026-01-29 01:57:41,0
2026-01-29 01:57:42,0
2026-01-29 01:57:43,0
2026-01-29 01:57:44,0
2026-01-29 01:57:45,0
2026-01-29 01:57:46,0
2026-01-29 01:57:47,0
2026-01-29 01:57:48,0
2026-01-29 01:57:49,0
2026-01-29 01:57:50,0
2026-01-29 01:57:51,0
2026-01-29 01:57:52,0
2026-01-29 01:57:53,0
2026-01-29 01:57:54,0
2026-01-29 01:57:55,0
2026-01-29 01:57:56,0
2026-01-29 01:57:57,0
2026-01-29 01:57:58,0
2026-01-29 01:57:59,0
2026-01-29 01:58:00,0
2026-01-29 01:58:01,0
2026-01-29 01:58:02,0
2026-01-29 01:58:03,0
2026-01-29 01:58:04,0
2026-01-29 01:58:05,0
2026-01-29 01:58:06,0
2026-01-29 01:58:07,0
2026-01-29 01:58:08,0
2026-01-29 01:58:09,0
2026-01-29 01:58:10,0
2026-01-29 01:58:11,0
2026-01-29 01:58:12,0
2026-01-29 01:58:13,0
2026-01-29 02:00:54,7.83
2026-01-29 02:00:55,7.83
2026-01-29 02:00:56,7.83
2026-01-29 02:00:57,7.83
2026-01-29 02:00:58,7.83
2026-01-29 02:00:59,7.92
2026-01-29 02:01:00,7.92
2026-01-29 02:01:01,7.92
2026-01-29 02:01:02,7.92
2026-01-29 02:01:03,7.92
2026-01-29 02:01:04,8.08
2026-01-29 02:01:05,8.08
2026-01-29 02:01:06,8.08
2026-01-29 02:01:07,8.08
2026-01-29 02:01:08,8.08
2026-01-29 02:01:09,7.63
2026-01-29 02:01:10,7.63
2026-01-29 02:01:11,7.63
2026-01-29 02:01:12,7.63
2026-01-29 02:01:13,7.63
2026-01-29 02:01:14,7.85
2026-01-29 02:01:15,7.85
2026-01-29 02:01:16,7.85
2026-01-29 02:01:17,7.85
2026-01-29 02:01:18,7.85
2026-01-29 02:01:19,7.84
2026-01-29 02:01:20,7.84
2026-01-29 02:01:21,7.84
2026-01-29 02:01:22,7.84
2026-01-29 02:01:23,7.84
2026-01-29 02:01:24,7.72
2026-01-29 02:01:25,7.72
2026-01-29 02:01:26,7.72
2026-01-29 02:01:27,7.72
2026-01-29 02:01:28,7.72
2026-01-29 02:01:29,7.44
2026-01-29 02:01:30,7.44
2026-01-29 02:01:31,7.44
2026-01-29 02:01:32,7.44
2026-01-29 02:01:33,7.44
2026-01-29 02:01:34,7.78
2026-01-29 02:01:35,7.78
2026-01-29 02:01:36,7.78
2026-01-29 02:01:37,7.78
2026-01-29 02:01:38,7.78
2026-01-29 02:01:39,7.75
2026-01-29 02:01:40,7.75
2026-01-29 02:01:41,7.75
2026-01-29 02:01:42,7.75
2026-01-29 02:01:43,7.75
2026-01-29 02:01:44,7.67
2026-01-29 02:01:45,7.67
2026-01-29 02:01:46,7.67
2026-01-29 02:01:47,7.67
2026-01-29 02:01:48,7.67
2026-01-29 02:01:49,7.63
2026-01-29 02:01:50,7.63
2026-01-29 02:01:51,7.63
2026-01-29 02:01:52,7.63
2026-01-29 02:01:53,7.63
2026-01-29 02:01:54,7.78
2026-01-29 02:01:55,7.78
2026-01-29 02:01:56,7.78
2026-01-29 02:01:57,7.78
2026-01-29 02:01:58,7.78
2026-01-29 02:01:59,7.61
2026-01-29 02:02:00,7.61
2026-01-29 02:02:01,7.61
2026-01-29 02:02:02,7.61
2026-01-29 02:02:03,7.61
2026-01-29 02:02:04,7.82
2026-01-29 02:02:05,7.82
2026-01-29 02:02:06,7.82
2026-01-29 02:02:07,7.82
2026-01-29 02:02:08,7.82
2026-01-29 02:02:09,7.59
2026-01-29 02:02:10,7.59
2026-01-29 02:02:11,7.59
2026-01-29 02:02:12,7.59
2026-01-29 02:02:13,7.59
2026-01-29 02:02:14,7.88
2026-01-29 02:02:15,7.88
2026-01-29 02:02:16,7.88
2026-01-29 02:02:17,7.88
2026-01-29 02:02:18,7.88
2026-01-29 02:02:19,7.98
2026-01-29 02:02:20,7.98
2026-01-29 02:02:21,7.98
2026-01-29 02:02:22,7.98
2026-01-29 02:02:23,7.98
2026-01-29 02:02:24,7.70
2026-01-29 02:02:25,7.70
2026-01-29 02:02:26,7.70
2026-01-29 02:02:27,7.70
2026-01-29 02:02:28,7.70
2026-01-29 02:02:29,7.37
2026-01-29 02:02:30,7.37
2026-01-29 02:02:31,7.37
2026-01-29 02:02:32,7.37
2026-01-29 02:02:33,7.37
2026-01-29 02:02:34,7.71
2026-01-29 02:02:35,7.71
2026-01-29 02:02:36,7.71
2026-01-29 02:02:37,7.71
2026-01-29 02:02:38,7.71
2026-01-29 02:02:39,7.64
2026-01-29 02:02:40,7.64
2026-01-29 02:02:41,7.64
2026-01-29 02:02:42,7.64
2026-01-29 02:02:43,7.64
2026-01-29 02:02:44,7.64
2026-01-29 02:02:45,7.64
2026-01-29 02:02:46,7.64
2026-01-29 02:02:47,7.64
2026-01-29 02:02:48,7.64
2026-01-29 02:02:49,7.38
2026-01-29 02:02:50,7.38
2026-01-29 02:02:51,7.38
2026-01-29 02:02:52,7.38
2026-01-29 02:02:53,7.38
2026-01-29 02:02:54,7.77
2026-01-29 02:02:55,7.77
2026-01-29 02:02:56,7.77
2026-01-29 02:02:57,7.77
2026-01-29 02:02:58,7.77
2026-01-29 02:02:59,7.61
2026-01-29 02:03:00,7.61
2026-01-29 02:03:01,7.61
2026-01-29 02:03:02,7.61
2026-01-29 02:03:03,7.61
2026-01-29 02:03:04,7.70
2026-01-29 02:03:05,7.70
2026-01-29 02:03:06,7.70
2026-01-29 02:03:07,7.70
2026-01-29 02:03:08,7.70
2026-01-29 02:03:09,7.48
2026-01-29 02:03:10,7.48
2026-01-29 02:03:11,7.48
2026-01-29 02:03:12,7.48
2026-01-29 02:03:13,7.48
2026-01-29 02:03:14,7.71
2026-01-29 02:03:15,7.71
2026-01-29 02:03:16,7.71
2026-01-29 02:03:17,7.71
2026-01-29 02:03:18,7.71
2026-01-29 02:03:19,9.33
2026-01-29 02:03:20,9.33
2026-01-29 02:03:21,9.33
2026-01-29 02:03:22,9.33
2026-01-29 02:03:23,9.33
2026-01-29 02:03:24,8.49
2026-01-29 02:03:25,8.49
2026-01-29 02:03:26,8.49
2026-01-29 02:03:27,8.49
2026-01-29 02:03:28,8.49
2026-01-29 02:03:29,8.03
2026-01-29 02:03:30,8.03
2026-01-29 02:03:31,8.03
2026-01-29 02:03:32,8.03
2026-01-29 02:03:33,8.03
2026-01-29 02:03:34,8.51
2026-01-29 02:03:35,8.51
2026-01-29 02:03:36,8.51
2026-01-29 02:03:37,8.51
2026-01-29 02:03:38,8.51
2026-01-29 02:03:39,8.51
2026-01-29 02:03:40,8.51
2026-01-29 02:03:41,8.51
2026-01-29 02:03:42,8.51
2026-01-29 02:03:43,8.51
2026-01-29 02:03:44,8.46
2026-01-29 02:03:45,8.46
2026-01-29 02:03:46,8.46
2026-01-29 02:03:47,8.46
2026-01-29 02:03:48,8.46
2026-01-29 02:03:49,8.10
2026-01-29 02:03:50,8.10
2026-01-29 02:03:51,8.10
2026-01-29 02:03:52,8.10
2026-01-29 02:03:53,8.10
2026-01-29 02:03:54,8.47
2026-01-29 02:03:55,8.47
2026-01-29 02:03:56,8.47
2026-01-29 02:03:57,8.47
2026-01-29 02:03:58,8.47
2026-01-29 02:03:59,8.21
2026-01-29 02:04:00,8.21
2026-01-29 02:04:01,8.21
2026-01-29 02:04:02,8.21
2026-01-29 02:04:03,8.21
2026-01-29 02:04:04,10.1
2026-01-29 02:04:05,10.1
2026-01-29 02:04:06,10.1
2026-01-29 02:04:07,10.1
2026-01-29 02:04:08,10.1
2026-01-29 02:04:09,7.11
2026-01-29 02:04:10,7.11
2026-01-29 02:04:11,7.11
2026-01-29 02:04:12,7.11
2026-01-29 02:04:13,7.11
2026-01-29 02:04:14,7.35
2026-01-29 02:04:15,7.35
2026-01-29 02:04:16,7.35
2026-01-29 02:04:17,7.35
2026-01-29 02:04:18,7.35
2026-01-29 02:04:19,7.64
2026-01-29 02:04:20,7.64
2026-01-29 02:04:21,7.64
2026-01-29 02:04:22,7.64
2026-01-29 02:04:23,7.64
2026-01-29 02:04:24,7.32
2026-01-29 02:04:25,7.32
2026-01-29 02:04:26,7.32
2026-01-29 02:04:27,7.32
2026-01-29 02:04:28,7.32
2026-01-29 02:04:29,7.34
2026-01-29 02:04:30,7.34
2026-01-29 02:04:31,7.34
2026-01-29 02:04:32,7.34
2026-01-29 02:04:33,7.34
2026-01-29 02:04:34,7.35
2026-01-29 02:04:35,7.35
2026-01-29 02:04:36,7.35
2026-01-29 02:04:37,7.35
2026-01-29 02:04:38,7.35
2026-01-29 02:04:39,7.19
2026-01-29 02:04:40,7.19
2026-01-29 02:04:41,7.19
2026-01-29 02:04:42,7.19
2026-01-29 02:04:43,7.19
2026-01-29 02:04:44,7.35
2026-01-29 02:04:45,7.35
2026-01-29 02:04:46,7.35
2026-01-29 02:04:47,7.35
2026-01-29 02:04:48,7.35
2026-01-29 02:04:49,7.25
2026-01-29 02:04:50,7.25
2026-01-29 02:04:51,7.25
2026-01-29 02:04:52,7.25
2026-01-29 02:04:53,7.25
2026-01-29 02:04:54,7.42
2026-01-29 02:04:55,7.42
2026-01-29 02:04:56,7.42
2026-01-29 02:04:57,7.42
2026-01-29 02:04:58,7.42
2026-01-29 02:04:59,7.11
2026-01-29 02:05:00,7.11
2026-01-29 02:05:01,7.11
2026-01-29 02:05:02,7.11
2026-01-29 02:05:03,7.11
2026-01-29 02:05:04,7.36
2026-01-29 02:05:05,7.36
2026-01-29 02:05:06,7.36
2026-01-29 02:05:07,7.36
2026-01-29 02:05:08,7.36
2026-01-29 02:05:09,7.29
2026-01-29 02:05:10,7.29
2026-01-29 02:05:11,7.29
2026-01-29 02:05:12,7.29
2026-01-29 02:05:13,7.29
2026-01-29 02:05:14,7.28
2026-01-29 02:05:15,7.28
2026-01-29 02:05:16,7.28
2026-01-29 02:05:17,7.28
2026-01-29 02:05:18,7.28
2026-01-29 02:05:19,7.53
2026-01-29 02:05:20,7.53
2026-01-29 02:05:21,7.53
2026-01-29 02:05:22,7.53
2026-01-29 02:05:23,7.53
2026-01-29 02:05:24,7.33
2026-01-29 02:05:25,7.33
2026-01-29 02:05:26,7.33
2026-01-29 02:05:27,7.33
2026-01-29 02:05:28,7.33
2026-01-29 02:05:29,8.33
2026-01-29 02:05:30,8.33
2026-01-29 02:05:31,8.33
2026-01-29 02:05:32,8.33
2026-01-29 02:05:33,8.33
2026-01-29 02:05:34,6.52
2026-01-29 02:05:35,6.52
2026-01-29 02:05:36,6.52
2026-01-29 02:05:37,6.52
2026-01-29 02:05:38,6.52
2026-01-29 02:05:39,0
2026-01-29 02:05:40,0
2026-01-29 02:05:41,0
2026-01-29 02:05:42,0
2026-01-29 02:05:43,0
2026-01-29 02:05:44,0
2026-01-29 02:05:45,0
2026-01-29 02:05:46,0
2026-01-29 02:05:47,0
2026-01-29 02:05:48,0
2026-01-29 02:05:49,0
2026-01-29 02:05:50,0
2026-01-29 02:05:51,0
2026-01-29 02:05:52,0
2026-01-29 02:05:53,0
2026-01-29 02:05:54,0
2026-01-29 02:05:55,0
2026-01-29 02:05:56,0
2026-01-29 02:05:57,0
2026-01-29 02:05:58,0
2026-01-29 02:05:59,0
2026-01-29 02:06:00,0
2026-01-29 02:06:01,0
2026-01-29 02:06:02,0
2026-01-29 02:06:03,0
2026-01-29 02:06:04,0
2026-01-29 02:06:05,0
2026-01-29 02:06:06,0
2026-01-29 02:06:07,0
2026-01-29 02:06:08,0
2026-01-29 02:06:09,0
2026-01-29 02:06:10,0
2026-01-29 02:06:11,0
2026-01-29 02:06:12,0
2026-01-29 02:06:13,0
2026-01-29 02:06:14,0
2026-01-29 02:06:15,0
2026-01-29 02:06:16,0
2026-01-29 02:06:17,0
2026-01-29 02:06:18,0
2026-01-29 02:06:19,0
2026-01-29 02:06:20,0
2026-01-29 02:06:21,0
2026-01-29 02:06:22,0
2026-01-29 02:06:23,0
2026-01-29 02:06:24,0
2026-01-29 02:06:25,0
2026-01-29 02:06:26,0
2026-01-29 02:06:27,0
2026-01-29 02:06:28,0
2026-01-29 02:06:29,0
2026-01-29 02:06:30,0
2026-01-29 02:06:31,0
2026-01-29 02:06:32,0
2026-01-29 02:06:33,0
2026-01-29 02:06:34,0
2026-01-29 02:06:35,0
2026-01-29 02:06:36,0
2026-01-29 02:06:37,0
2026-01-29 02:06:38,0
2026-01-29 02:06:39,0
2026-01-29 02:06:40,0
2026-01-29 02:06:41,0
2026-01-29 02:06:42,0
2026-01-29 02:06:43,0
2026-01-29 02:06:44,0
2026-01-29 02:06:45,0
2026-01-29 02:06:46,0
2026-01-29 02:06:47,0
2026-01-29 02:06:48,0
2026-01-29 02:06:49,0
2026-01-29 02:06:50,0
2026-01-29 02:06:51,0
2026-01-29 02:06:52,0
2026-01-29 02:06:53,0
2026-01-29 02:06:54,0
2026-01-29 02:06:55,0
2026-01-29 02:06:56,0
2026-01-29 02:06:57,0
2026-01-29 02:06:58,0
2026-01-29 02:06:59,0
2026-01-29 02:07:00,0
2026-01-29 02:07:01,0
2026-01-29 02:07:02,0
2026-01-29 02:07:03,0
2026-01-29 02:07:04,0
2026-01-29 02:07:05,0
2026-01-29 02:07:06,0
2026-01-29 02:07:07,0
2026-01-29 02:07:08,0
2026-01-29 02:07:09,0
2026-01-29 02:07:10,0
2026-01-29 02:07:11,0
2026-01-29 02:07:12,0
2026-01-29 02:07:13,0
2026-01-29 02:10:59,6.66
2026-01-29 02:11:00,6.66
2026-01-29 02:11:01,6.66
2026-01-29 02:11:02,6.66
2026-01-29 02:11:03,6.66
2026-01-29 02:11:04,8.07
2026-01-29 02:11:05,8.07
2026-01-29 02:11:06,8.07
2026-01-29 02:11:07,8.07
2026-01-29 02:11:08,8.07
2026-01-29 02:11:09,7.68
2026-01-29 02:11:10,7.68
2026-01-29 02:11:11,7.68
2026-01-29 02:11:12,7.68
2026-01-29 02:11:13,7.68
2026-01-29 02:11:14,8.01
2026-01-29 02:11:15,8.01
2026-01-29 02:11:16,8.01
2026-01-29 02:11:17,8.01
2026-01-29 02:11:18,8.01
2026-01-29 02:11:19,8.58
2026-01-29 02:11:20,8.58
2026-01-29 02:11:21,8.58
2026-01-29 02:11:22,8.58
2026-01-29 02:11:23,8.58
2026-01-29 02:11:24,7.82
2026-01-29 02:11:25,7.82
2026-01-29 02:11:26,7.82
2026-01-29 02:11:27,7.82
2026-01-29 02:11:28,7.82
2026-01-29 02:11:29,7.72
2026-01-29 02:11:30,7.72
2026-01-29 02:11:31,7.72
2026-01-29 02:11:32,7.72
2026-01-29 02:11:33,7.72
2026-01-29 02:11:34,7.88
2026-01-29 02:11:35,7.88
2026-01-29 02:11:36,7.88
2026-01-29 02:11:37,7.88
2026-01-29 02:11:38,7.88
2026-01-29 02:11:39,7.70
2026-01-29 02:11:40,7.70
2026-01-29 02:11:41,7.70
2026-01-29 02:11:42,7.70
2026-01-29 02:11:43,7.70
2026-01-29 02:11:44,7.81
2026-01-29 02:11:45,7.81
2026-01-29 02:11:46,7.81
2026-01-29 02:11:47,7.81
2026-01-29 02:11:48,7.81
2026-01-29 02:11:49,7.65
2026-01-29 02:11:50,7.65
2026-01-29 02:11:51,7.65
2026-01-29 02:11:52,7.65
2026-01-29 02:11:53,7.65
2026-01-29 02:11:54,7.85
2026-01-29 02:11:55,7.85
2026-01-29 02:11:56,7.85
2026-01-29 02:11:57,7.85
2026-01-29 02:11:58,7.85
2026-01-29 02:11:59,7.91
2026-01-29 02:12:00,7.91
2026-01-29 02:12:01,7.91
2026-01-29 02:12:02,7.91
2026-01-29 02:12:03,7.91
2026-01-29 02:12:04,7.79
2026-01-29 02:12:05,7.79
2026-01-29 02:12:06,7.79
2026-01-29 02:12:07,7.79
2026-01-29 02:12:08,7.79
2026-01-29 02:12:09,7.62
2026-01-29 02:12:10,7.62
2026-01-29 02:12:11,7.62
2026-01-29 02:12:12,7.62
2026-01-29 02:12:13,7.62
2026-01-29 02:12:14,8.50
2026-01-29 02:12:15,8.50
2026-01-29 02:12:16,8.50
2026-01-29 02:12:17,8.50
2026-01-29 02:12:18,8.50
2026-01-29 02:12:19,8.81
2026-01-29 02:12:20,8.81
2026-01-29 02:12:21,8.81
2026-01-29 02:12:22,8.81
2026-01-29 02:12:23,8.81
2026-01-29 02:12:24,8.90
2026-01-29 02:12:25,8.90
2026-01-29 02:12:26,8.90
2026-01-29 02:12:27,8.90
2026-01-29 02:12:28,8.90
2026-01-29 02:12:29,8.08
2026-01-29 02:12:30,8.08
2026-01-29 02:12:31,8.08
2026-01-29 02:12:32,8.08
2026-01-29 02:12:33,8.08
2026-01-29 02:12:34,8.55
2026-01-29 02:12:35,8.55
2026-01-29 02:12:36,8.55
2026-01-29 02:12:37,8.55
2026-01-29 02:12:38,8.55
2026-01-29 02:12:39,11.1
2026-01-29 02:12:40,11.1
2026-01-29 02:12:41,11.1
2026-01-29 02:12:42,11.1
2026-01-29 02:12:43,11.1
2026-01-29 02:12:44,11.8
2026-01-29 02:12:45,11.8
2026-01-29 02:12:46,11.8
2026-01-29 02:12:47,11.8
2026-01-29 02:12:48,11.8
2026-01-29 02:12:49,9.27
2026-01-29 02:12:50,9.27
2026-01-29 02:12:51,9.27
2026-01-29 02:12:52,9.27
2026-01-29 02:12:53,9.27
2026-01-29 02:12:54,9.99
2026-01-29 02:12:55,9.99
2026-01-29 02:12:56,9.99