"Time","ue-ch-est"
2026-01-28 10:16:43,0
2026-01-28 10:16:44,0
2026-01-28 10:16:45,0
2026-01-28 10:16:46,0
2026-01-28 10:16:47,0
2026-01-28 10:16:48,0
2026-01-28 10:16:49,0
2026-01-28 10:16:50,0
2026-01-28 10:16:51,0
2026-01-28 10:16:52,0
2026-01-28 10:16:53,0
2026-01-28 10:16:54,0
2026-01-28 10:16:55,0
2026-01-28 10:16:56,0
2026-01-28 10:16:57,0
2026-01-28 10:16:58,0
2026-01-28 10:16:59,0
2026-01-28 10:17:00,0
2026-01-28 10:17:01,0
2026-01-28 10:17:02,0
2026-01-28 10:17:03,0
2026-01-28 10:17:04,0
2026-01-28 10:17:05,0
2026-01-28 10:17:06,0
2026-01-28 10:17:07,0
2026-01-28 10:17:08,0
2026-01-28 10:17:09,0
2026-01-28 10:17:10,0
2026-01-28 10:17:11,0
2026-01-28 10:17:12,0
2026-01-28 10:17:13,0
2026-01-28 10:17:14,0
2026-01-28 10:17:15,0
2026-01-28 10:17:16,0
2026-01-28 10:17:17,0
2026-01-28 10:17:18,0
2026-01-28 10:17:19,0
2026-01-28 10:17:20,0
2026-01-28 10:17:21,0
2026-01-28 10:17:22,0
2026-01-28 10:17:23,0
2026-01-28 10:17:24,0
2026-01-28 10:17:25,0
2026-01-28 10:17:26,0
2026-01-28 10:17:27,0
2026-01-28 10:17:28,0
2026-01-28 10:17:29,0
2026-01-28 10:17:30,0
2026-01-28 10:17:31,0
2026-01-28 10:17:32,0
2026-01-28 10:17:33,0
2026-01-28 10:17:34,0
2026-01-28 10:17:35,0
2026-01-28 10:17:36,0
2026-01-28 10:17:37,0
2026-01-28 10:17:38,0
2026-01-28 10:17:39,0
2026-01-28 10:17:40,0
2026-01-28 10:17:41,0
2026-01-28 10:17:42,0
2026-01-28 10:17:43,0
2026-01-28 10:17:44,0
2026-01-28 10:17:45,0
2026-01-28 10:17:46,0
2026-01-28 10:17:47,0
2026-01-28 10:17:48,0
2026-01-28 10:17:49,0
2026-01-28 10:17:50,0
2026-01-28 10:17:51,0
2026-01-28 10:17:52,0
2026-01-28 10:17:53,0
2026-01-28 10:17:54,0
2026-01-28 10:17:55,0
2026-01-28 10:17:56,0
2026-01-28 10:17:57,0
2026-01-28 10:17:58,0
2026-01-28 10:18:49,6.53
2026-01-28 10:18:50,6.53
2026-01-28 10:18:51,6.53
2026-01-28 10:18:52,6.53
2026-01-28 10:18:53,6.53
2026-01-28 10:18:54,7.71
2026-01-28 10:18:55,7.71
2026-01-28 10:18:56,7.71
2026-01-28 10:18:57,7.71
2026-01-28 10:18:58,7.71
2026-01-28 10:18:59,8.23
2026-01-28 10:19:00,8.23
2026-01-28 10:19:01,8.23
2026-01-28 10:19:02,8.23
2026-01-28 10:19:03,8.23
2026-01-28 10:19:04,7.58
2026-01-28 10:19:05,7.58
2026-01-28 10:19:06,7.58
2026-01-28 10:19:07,7.58
2026-01-28 10:19:08,7.58
2026-01-28 10:19:09,7.42
2026-01-28 10:19:10,7.42
2026-01-28 10:19:11,7.42
2026-01-28 10:19:12,7.42
2026-01-28 10:19:13,7.42
2026-01-28 10:19:14,7.30
2026-01-28 10:19:15,7.30
2026-01-28 10:19:16,7.30
2026-01-28 10:19:17,7.30
2026-01-28 10:19:18,7.30
2026-01-28 10:19:19,7.94
2026-01-28 10:19:20,7.94
2026-01-28 10:19:21,7.94
2026-01-28 10:19:22,7.94
2026-01-28 10:19:23,7.94
2026-01-28 10:19:24,5.99
2026-01-28 10:19:25,5.99
2026-01-28 10:19:26,5.99
2026-01-28 10:19:27,5.99
2026-01-28 10:19:28,5.99
2026-01-28 10:19:29,5.21
2026-01-28 10:19:30,5.21
2026-01-28 10:19:31,5.21
2026-01-28 10:19:32,5.21
2026-01-28 10:19:33,5.21
2026-01-28 10:19:34,5.35
2026-01-28 10:19:35,5.35
2026-01-28 10:19:36,5.35
2026-01-28 10:19:37,5.35
2026-01-28 10:19:38,5.35
2026-01-28 10:19:39,5.00
2026-01-28 10:19:40,5.00
2026-01-28 10:19:41,5.00
2026-01-28 10:19:42,5.00
2026-01-28 10:19:43,5.00
2026-01-28 10:19:44,5.07
2026-01-28 10:19:45,5.07
2026-01-28 10:19:46,5.07
2026-01-28 10:19:47,5.07
2026-01-28 10:19:48,5.07
2026-01-28 10:19:49,5.15
2026-01-28 10:19:50,5.15
2026-01-28 10:19:51,5.15
2026-01-28 10:19:52,5.15
2026-01-28 10:19:53,5.15
2026-01-28 10:19:54,5.42
2026-01-28 10:19:55,5.42
2026-01-28 10:19:56,5.42
2026-01-28 10:19:57,5.42
2026-01-28 10:19:58,5.42
2026-01-28 10:19:59,5.10
2026-01-28 10:20:00,5.10
2026-01-28 10:20:01,5.10
2026-01-28 10:20:02,5.10
2026-01-28 10:20:03,5.10
2026-01-28 10:20:04,5.19
2026-01-28 10:20:05,5.19
2026-01-28 10:20:06,5.19
2026-01-28 10:20:07,5.19
2026-01-28 10:20:08,5.19
2026-01-28 10:20:09,5.16
2026-01-28 10:20:10,5.16
2026-01-28 10:20:11,5.16
2026-01-28 10:20:12,5.16
2026-01-28 10:20:13,5.16
2026-01-28 10:20:14,4.01
2026-01-28 10:20:15,4.01
2026-01-28 10:20:16,4.01
2026-01-28 10:20:17,4.01
2026-01-28 10:20:18,4.01
2026-01-28 10:20:19,8.32
2026-01-28 10:20:20,8.32
2026-01-28 10:20:21,8.32
2026-01-28 10:20:22,8.32
2026-01-28 10:20:23,8.32
2026-01-28 10:20:24,5.53
2026-01-28 10:20:25,5.53
2026-01-28 10:20:26,5.53
2026-01-28 10:20:27,5.53
2026-01-28 10:20:28,5.53
2026-01-28 10:20:29,5.47
2026-01-28 10:20:30,5.47
2026-01-28 10:20:31,5.47
2026-01-28 10:20:32,5.47
2026-01-28 10:20:33,5.47
2026-01-28 10:20:34,5.29
2026-01-28 10:20:35,5.29
2026-01-28 10:20:36,5.29
2026-01-28 10:20:37,5.29
2026-01-28 10:20:38,5.29
2026-01-28 10:20:39,4.97
2026-01-28 10:20:40,4.97
2026-01-28 10:20:41,4.97
2026-01-28 10:20:42,4.97
2026-01-28 10:20:43,4.97
2026-01-28 10:20:44,5.00
2026-01-28 10:20:45,5.00
2026-01-28 10:20:46,5.00
2026-01-28 10:20:47,5.00
2026-01-28 10:20:48,5.00
2026-01-28 10:20:49,5.28
2026-01-28 10:20:50,5.28
2026-01-28 10:20:51,5.28
2026-01-28 10:20:52,5.28
2026-01-28 10:20:53,5.28
2026-01-28 10:20:54,5.59
2026-01-28 10:20:55,5.59
2026-01-28 10:20:56,5.59
2026-01-28 10:20:57,5.59
2026-01-28 10:20:58,5.59
2026-01-28 10:20:59,4.96
2026-01-28 10:21:00,4.96
2026-01-28 10:21:01,4.96
2026-01-28 10:21:02,4.96
2026-01-28 10:21:03,4.96
2026-01-28 10:21:04,5.14
2026-01-28 10:21:05,5.14
2026-01-28 10:21:06,5.14
2026-01-28 10:21:07,5.14
2026-01-28 10:21:08,5.14
2026-01-28 10:21:09,5.23
2026-01-28 10:21:10,5.23
2026-01-28 10:21:11,5.23
2026-01-28 10:21:12,5.23
2026-01-28 10:21:13,5.23
2026-01-28 10:21:14,5.01
2026-01-28 10:21:15,5.01
2026-01-28 10:21:16,5.01
2026-01-28 10:21:17,5.01
2026-01-28 10:21:18,5.01
2026-01-28 10:21:19,4.75
2026-01-28 10:21:20,4.75
2026-01-28 10:21:21,4.75
2026-01-28 10:21:22,4.75
2026-01-28 10:21:23,4.75
2026-01-28 10:21:24,6.30
2026-01-28 10:21:25,6.30
2026-01-28 10:21:26,6.30
2026-01-28 10:21:27,6.30
2026-01-28 10:21:28,6.30
2026-01-28 10:21:29,6.69
2026-01-28 10:21:30,6.69
2026-01-28 10:21:31,6.69
2026-01-28 10:21:32,6.69
2026-01-28 10:21:33,6.69
2026-01-28 10:21:34,6.58
2026-01-28 10:21:35,6.58
2026-01-28 10:21:36,6.58
2026-01-28 10:21:37,6.58
2026-01-28 10:21:38,6.58
2026-01-28 10:21:39,6.19
2026-01-28 10:21:40,6.19
2026-01-28 10:21:41,6.19
2026-01-28 10:21:42,6.19
2026-01-28 10:21:43,6.19
2026-01-28 10:21:44,6.19
2026-01-28 10:21:45,6.19
2026-01-28 10:21:46,6.19
2026-01-28 10:21:47,6.19
2026-01-28 10:21:48,6.19
2026-01-28 10:21:49,6.27
2026-01-28 10:21:50,6.27
2026-01-28 10:21:51,6.27
2026-01-28 10:21:52,6.27
2026-01-28 10:21:53,6.27
2026-01-28 10:21:54,6.70
2026-01-28 10:21:55,6.70
2026-01-28 10:21:56,6.70
2026-01-28 10:21:57,6.70
2026-01-28 10:21:58,6.70
2026-01-28 10:21:59,6.19
2026-01-28 10:22:00,6.19
2026-01-28 10:22:01,6.19
2026-01-28 10:22:02,6.19
2026-01-28 10:22:03,6.19
2026-01-28 10:22:04,7.95
2026-01-28 10:22:05,7.95
2026-01-28 10:22:06,7.95
2026-01-28 10:22:07,7.95
2026-01-28 10:22:08,7.95
2026-01-28 10:22:09,8.04
2026-01-28 10:22:10,8.04
2026-01-28 10:22:11,8.04
2026-01-28 10:22:12,8.04
2026-01-28 10:22:13,8.04
2026-01-28 10:22:14,0
2026-01-28 10:22:15,0
2026-01-28 10:22:16,0
2026-01-28 10:22:17,0
2026-01-28 10:22:18,0
2026-01-28 10:22:19,0
2026-01-28 10:22:20,0
2026-01-28 10:22:21,0
2026-01-28 10:22:22,0
2026-01-28 10:22:23,0
2026-01-28 10:22:24,0
2026-01-28 10:22:25,0
2026-01-28 10:22:26,0
2026-01-28 10:22:27,0
2026-01-28 10:22:28,0
2026-01-28 10:22:29,0
2026-01-28 10:22:30,0
2026-01-28 10:22:31,0
2026-01-28 10:22:32,0
2026-01-28 10:22:33,0
2026-01-28 10:22:34,0
2026-01-28 10:22:35,0
2026-01-28 10:22:36,0
2026-01-28 10:22:37,0
2026-01-28 10:22:38,0
2026-01-28 10:22:39,0
2026-01-28 10:22:40,0
2026-01-28 10:22:41,0
2026-01-28 10:22:42,0
2026-01-28 10:22:43,0
2026-01-28 10:22:44,0
2026-01-28 10:22:45,0
2026-01-28 10:22:46,0
2026-01-28 10:22:47,0
2026-01-28 10:22:48,0
2026-01-28 10:22:49,0
2026-01-28 10:22:50,0
2026-01-28 10:22:51,0
2026-01-28 10:22:52,0
2026-01-28 10:22:53,0
2026-01-28 10:22:54,0
2026-01-28 10:22:55,0
2026-01-28 10:22:56,0
2026-01-28 10:22:57,0
2026-01-28 10:22:58,0
2026-01-28 10:22:59,0
2026-01-28 10:23:00,0
2026-01-28 10:23:01,0
2026-01-28 10:23:02,0
2026-01-28 10:23:03,0
2026-01-28 10:23:04,0
2026-01-28 10:23:05,0
2026-01-28 10:23:06,0
2026-01-28 10:23:07,0
2026-01-28 10:23:08,0
2026-01-28 10:23:09,0
2026-01-28 10:23:10,0
2026-01-28 10:23:11,0
2026-01-28 10:23:12,0
2026-01-28 10:23:13,0
2026-01-28 10:23:14,0
2026-01-28 10:23:15,0
2026-01-28 10:23:16,0
2026-01-28 10:23:17,0
2026-01-28 10:23:18,0
2026-01-28 10:23:19,0
2026-01-28 10:23:20,0
2026-01-28 10:23:21,0
2026-01-28 10:23:22,0
2026-01-28 10:23:23,0
2026-01-28 10:23:24,0
2026-01-28 10:23:25,0
2026-01-28 10:23:26,0
2026-01-28 10:23:27,0
2026-01-28 10:23:28,0
2026-01-28 10:23:29,0
2026-01-28 10:23:30,0
2026-01-28 10:23:31,0
2026-01-28 10:23:32,0
2026-01-28 10:23:33,0
2026-01-28 10:23:34,0
2026-01-28 10:23:35,0
2026-01-28 10:23:36,0
2026-01-28 10:23:37,0
2026-01-28 10:23:38,0
2026-01-28 10:23:39,0
2026-01-28 10:23:40,0
2026-01-28 10:23:41,0
2026-01-28 10:23:42,0
2026-01-28 10:23:43,0
2026-01-28 10:23:44,0
2026-01-28 10:23:45,0
2026-01-28 10:23:46,0
2026-01-28 10:23:47,0
2026-01-28 10:23:48,0
2026-01-28 10:25:04,5.63
2026-01-28 10:25:05,5.63
2026-01-28 10:25:06,5.63
2026-01-28 10:25:07,5.63
2026-01-28 10:25:08,5.63
2026-01-28 10:25:09,7.92
2026-01-28 10:25:10,7.92
2026-01-28 10:25:11,7.92
2026-01-28 10:25:12,7.92
2026-01-28 10:25:13,7.92
2026-01-28 10:25:14,6.13
2026-01-28 10:25:15,6.13
2026-01-28 10:25:16,6.13
2026-01-28 10:25:17,6.13
2026-01-28 10:25:18,6.13
2026-01-28 10:25:19,6.13
2026-01-28 10:25:20,6.13
2026-01-28 10:25:21,6.13
2026-01-28 10:25:22,6.13
2026-01-28 10:25:23,6.13
2026-01-28 10:25:24,6.16
2026-01-28 10:25:25,6.16
2026-01-28 10:25:26,6.16
2026-01-28 10:25:27,6.16
2026-01-28 10:25:28,6.16
2026-01-28 10:25:29,6.23
2026-01-28 10:25:30,6.23
2026-01-28 10:25:31,6.23
2026-01-28 10:25:32,6.23
2026-01-28 10:25:33,6.23
2026-01-28 10:25:34,6.30
2026-01-28 10:25:35,6.30
2026-01-28 10:25:36,6.30
2026-01-28 10:25:37,6.30
2026-01-28 10:25:38,6.30
2026-01-28 10:25:39,6.15
2026-01-28 10:25:40,6.15
2026-01-28 10:25:41,6.15
2026-01-28 10:25:42,6.15
2026-01-28 10:25:43,6.15
2026-01-28 10:25:44,6.03
2026-01-28 10:25:45,6.03
2026-01-28 10:25:46,6.03
2026-01-28 10:25:47,6.03
2026-01-28 10:25:48,6.03
2026-01-28 10:25:49,6.16
2026-01-28 10:25:50,6.16
2026-01-28 10:25:51,6.16
2026-01-28 10:25:52,6.16
2026-01-28 10:25:53,6.16
2026-01-28 10:25:54,8.48
2026-01-28 10:25:55,8.48
2026-01-28 10:25:56,8.48
2026-01-28 10:25:57,8.48
2026-01-28 10:25:58,8.48
2026-01-28 10:25:59,8.80
2026-01-28 10:26:00,8.80
2026-01-28 10:26:01,8.80
2026-01-28 10:26:02,8.80
2026-01-28 10:26:03,8.80
2026-01-28 10:26:04,9.17
2026-01-28 10:26:05,9.17
2026-01-28 10:26:06,9.17
2026-01-28 10:26:07,9.17
2026-01-28 10:26:08,9.17
2026-01-28 10:26:09,8.42
2026-01-28 10:26:10,8.42
2026-01-28 10:26:11,8.42
2026-01-28 10:26:12,8.42
2026-01-28 10:26:13,8.42
2026-01-28 10:26:14,8.56
2026-01-28 10:26:15,8.56
2026-01-28 10:26:16,8.56
2026-01-28 10:26:17,8.56
2026-01-28 10:26:18,8.56
2026-01-28 10:26:19,8.59
2026-01-28 10:26:20,8.59
2026-01-28 10:26:21,8.59
2026-01-28 10:26:22,8.59
2026-01-28 10:26:23,8.59
2026-01-28 10:26:24,8.60
2026-01-28 10:26:25,8.60
2026-01-28 10:26:26,8.60
2026-01-28 10:26:27,8.60
2026-01-28 10:26:28,8.60
2026-01-28 10:26:29,8.75
2026-01-28 10:26:30,8.75
2026-01-28 10:26:31,8.75
2026-01-28 10:26:32,8.75
2026-01-28 10:26:33,8.75
2026-01-28 10:26:34,8.65
2026-01-28 10:26:35,8.65
2026-01-28 10:26:36,8.65
2026-01-28 10:26:37,8.65
2026-01-28 10:26:38,8.65
2026-01-28 10:26:39,8.71
2026-01-28 10:26:40,8.71
2026-01-28 10:26:41,8.71
2026-01-28 10:26:42,8.71
2026-01-28 10:26:43,8.71
2026-01-28 10:26:44,8.39
2026-01-28 10:26:45,8.39
2026-01-28 10:26:46,8.39
2026-01-28 10:26:47,8.39
2026-01-28 10:26:48,8.39
2026-01-28 10:26:49,8.42
2026-01-28 10:26:50,8.42
2026-01-28 10:26:51,8.42
2026-01-28 10:26:52,8.42
2026-01-28 10:26:53,8.42
2026-01-28 10:26:54,8.70
2026-01-28 10:26:55,8.70
2026-01-28 10:26:56,8.70
2026-01-28 10:26:57,8.70
2026-01-28 10:26:58,8.70
2026-01-28 10:26:59,8.01
2026-01-28 10:27:00,8.01
2026-01-28 10:27:01,8.01
2026-01-28 10:27:02,8.01
2026-01-28 10:27:03,8.01
2026-01-28 10:27:04,12.8
2026-01-28 10:27:05,12.8
2026-01-28 10:27:06,12.8
2026-01-28 10:27:07,12.8
2026-01-28 10:27:08,12.8
2026-01-28 10:27:09,7.52
2026-01-28 10:27:10,7.52
2026-01-28 10:27:11,7.52
2026-01-28 10:27:12,7.52
2026-01-28 10:27:13,7.52
2026-01-28 10:27:14,7.46
2026-01-28 10:27:15,7.46
2026-01-28 10:27:16,7.46
2026-01-28 10:27:17,7.46
2026-01-28 10:27:18,7.46
2026-01-28 10:27:19,7.42
2026-01-28 10:27:20,7.42
2026-01-28 10:27:21,7.42
2026-01-28 10:27:22,7.42
2026-01-28 10:27:23,7.42
2026-01-28 10:27:24,7.41
2026-01-28 10:27:25,7.41
2026-01-28 10:27:26,7.41
2026-01-28 10:27:27,7.41
2026-01-28 10:27:28,7.41
2026-01-28 10:27:29,7.49
2026-01-28 10:27:30,7.49
2026-01-28 10:27:31,7.49
2026-01-28 10:27:32,7.49
2026-01-28 10:27:33,7.49
2026-01-28 10:27:34,7.56
2026-01-28 10:27:35,7.56
2026-01-28 10:27:36,7.56
2026-01-28 10:27:37,7.56
2026-01-28 10:27:38,7.56
2026-01-28 10:27:39,6.46
2026-01-28 10:27:40,6.46
2026-01-28 10:27:41,6.46
2026-01-28 10:27:42,6.46
2026-01-28 10:27:43,6.46
2026-01-28 10:27:44,6.17
2026-01-28 10:27:45,6.17
2026-01-28 10:27:46,6.17
2026-01-28 10:27:47,6.17
2026-01-28 10:27:48,6.17
2026-01-28 10:27:49,6.23
2026-01-28 10:27:50,6.23
2026-01-28 10:27:51,6.23
2026-01-28 10:27:52,6.23
2026-01-28 10:27:53,6.23
2026-01-28 10:27:54,6.66
2026-01-28 10:27:55,6.66
2026-01-28 10:27:56,6.66
2026-01-28 10:27:57,6.66
2026-01-28 10:27:58,6.66
2026-01-28 10:27:59,6.34
2026-01-28 10:28:00,6.34
2026-01-28 10:28:01,6.34
2026-01-28 10:28:02,6.34
2026-01-28 10:28:03,6.34
2026-01-28 10:28:04,6.37
2026-01-28 10:28:05,6.37
2026-01-28 10:28:06,6.37
2026-01-28 10:28:07,6.37
2026-01-28 10:28:08,6.37
2026-01-28 10:28:09,6.27
2026-01-28 10:28:10,6.27
2026-01-28 10:28:11,6.27
2026-01-28 10:28:12,6.27
2026-01-28 10:28:13,6.27
2026-01-28 10:28:14,6.34
2026-01-28 10:28:15,6.34
2026-01-28 10:28:16,6.34
2026-01-28 10:28:17,6.34
2026-01-28 10:28:18,6.34
2026-01-28 10:28:19,6.31
2026-01-28 10:28:20,6.31
2026-01-28 10:28:21,6.31
2026-01-28 10:28:22,6.31
2026-01-28 10:28:23,6.31
2026-01-28 10:28:24,6.17
2026-01-28 10:28:25,6.17
2026-01-28 10:28:26,6.17
2026-01-28 10:28:27,6.17
2026-01-28 10:28:28,6.17
2026-01-28 10:28:29,6.25
2026-01-28 10:28:30,6.25
2026-01-28 10:28:31,6.25
2026-01-28 10:28:32,6.25
2026-01-28 10:28:33,6.25
2026-01-28 10:28:34,0
2026-01-28 10:28:35,0
2026-01-28 10:28:36,0
2026-01-28 10:28:37,0
2026-01-28 10:28:38,0
2026-01-28 10:28:39,0
2026-01-28 10:28:40,0
2026-01-28 10:28:41,0
2026-01-28 10:28:42,0
2026-01-28 10:28:43,0
2026-01-28 10:28:44,0
2026-01-28 10:28:45,0
2026-01-28 10:28:46,0
2026-01-28 10:28:47,0
2026-01-28 10:28:48,0
2026-01-28 10:28:49,0
2026-01-28 10:28:50,0
2026-01-28 10:28:51,0
2026-01-28 10:28:52,0
2026-01-28 10:28:53,0
2026-01-28 10:28:54,0
2026-01-28 10:28:55,0
2026-01-28 10:28:56,0
2026-01-28 10:28:57,0
2026-01-28 10:28:58,0
2026-01-28 10:28:59,0
2026-01-28 10:29:00,0
2026-01-28 10:29:01,0
2026-01-28 10:29:02,0
2026-01-28 10:29:03,0
2026-01-28 10:29:04,0
2026-01-28 10:29:05,0
2026-01-28 10:29:06,0
2026-01-28 10:29:07,0
2026-01-28 10:29:08,0
2026-01-28 10:29:09,0
2026-01-28 10:29:10,0
2026-01-28 10:29:11,0
2026-01-28 10:29:12,0
2026-01-28 10:29:13,0
2026-01-28 10:29:14,0
2026-01-28 10:29:15,0
2026-01-28 10:29:16,0
2026-01-28 10:29:17,0
2026-01-28 10:29:18,0
2026-01-28 10:29:19,0
2026-01-28 10:29:20,0
2026-01-28 10:29:21,0
2026-01-28 10:29:22,0
2026-01-28 10:29:23,0
2026-01-28 10:29:24,0
2026-01-28 10:29:25,0
2026-01-28 10:29:26,0
2026-01-28 10:29:27,0
2026-01-28 10:29:28,0
2026-01-28 10:29:29,0
2026-01-28 10:29:30,0
2026-01-28 10:29:31,0
2026-01-28 10:29:32,0
2026-01-28 10:29:33,0
2026-01-28 10:29:34,0
2026-01-28 10:29:35,0
2026-01-28 10:29:36,0
2026-01-28 10:29:37,0
2026-01-28 10:29:38,0
2026-01-28 10:29:39,0
2026-01-28 10:29:40,0
2026-01-28 10:29:41,0
2026-01-28 10:29:42,0
2026-01-28 10:29:43,0
2026-01-28 10:29:44,0
2026-01-28 10:29:45,0
2026-01-28 10:29:46,0
2026-01-28 10:29:47,0
2026-01-28 10:29:48,0
2026-01-28 10:29:49,0
2026-01-28 10:29:50,0
2026-01-28 10:29:51,0
2026-01-28 10:29:52,0
2026-01-28 10:29:53,0
2026-01-28 10:29:54,0
2026-01-28 10:29:55,0
2026-01-28 10:29:56,0
2026-01-28 10:29:57,0
2026-01-28 10:29:58,0
2026-01-28 10:29:59,0
2026-01-28 10:30:00,0
2026-01-28 10:30:01,0
2026-01-28 10:30:02,0
2026-01-28 10:30:03,0
2026-01-28 10:30:04,0
2026-01-28 10:30:05,0
2026-01-28 10:30:06,0
2026-01-28 10:30:07,0
2026-01-28 10:30:08,0
2026-01-28 10:32:49,3.31
2026-01-28 10:32:50,3.31
2026-01-28 10:32:51,3.31
2026-01-28 10:32:52,3.31
2026-01-28 10:32:53,3.31
2026-01-28 10:32:54,5.90
2026-01-28 10:32:55,5.90
2026-01-28 10:32:56,5.90
2026-01-28 10:32:57,5.90
2026-01-28 10:32:58,5.90
2026-01-28 10:32:59,6.72
2026-01-28 10:33:00,6.72
2026-01-28 10:33:01,6.72
2026-01-28 10:33:02,6.72
2026-01-28 10:33:03,6.72
2026-01-28 10:33:04,6.86
2026-01-28 10:33:05,6.86
2026-01-28 10:33:06,6.86
2026-01-28 10:33:07,6.86
2026-01-28 10:33:08,6.86
2026-01-28 10:33:09,6.08
2026-01-28 10:33:10,6.08
2026-01-28 10:33:11,6.08
2026-01-28 10:33:12,6.08
2026-01-28 10:33:13,6.08
2026-01-28 10:33:14,7.45
2026-01-28 10:33:15,7.45
2026-01-28 10:33:16,7.45
2026-01-28 10:33:17,7.45
2026-01-28 10:33:18,7.45
2026-01-28 10:33:19,7.49
2026-01-28 10:33:20,7.49
2026-01-28 10:33:21,7.49
2026-01-28 10:33:22,7.49
2026-01-28 10:33:23,7.49
2026-01-28 10:33:24,7.70
2026-01-28 10:33:25,7.70
2026-01-28 10:33:26,7.70
2026-01-28 10:33:27,7.70
2026-01-28 10:33:28,7.70
2026-01-28 10:33:29,7.59
2026-01-28 10:33:30,7.59
2026-01-28 10:33:31,7.59
2026-01-28 10:33:32,7.59
2026-01-28 10:33:33,7.59
2026-01-28 10:33:34,7.80
2026-01-28 10:33:35,7.80
2026-01-28 10:33:36,7.80
2026-01-28 10:33:37,7.80
2026-01-28 10:33:38,7.80
2026-01-28 10:33:39,8.14
2026-01-28 10:33:40,8.14
2026-01-28 10:33:41,8.14
2026-01-28 10:33:42,8.14
2026-01-28 10:33:43,8.14
2026-01-28 10:33:44,6.82
2026-01-28 10:33:45,6.82
2026-01-28 10:33:46,6.82
2026-01-28 10:33:47,6.82
2026-01-28 10:33:48,6.82
2026-01-28 10:33:49,8.26
2026-01-28 10:33:50,8.26
2026-01-28 10:33:51,8.26
2026-01-28 10:33:52,8.26
2026-01-28 10:33:53,8.26
2026-01-28 10:33:54,9.65
2026-01-28 10:33:55,9.65
2026-01-28 10:33:56,9.65
2026-01-28 10:33:57,9.65
2026-01-28 10:33:58,9.65
2026-01-28 10:33:59,9.00
2026-01-28 10:34:00,9.00
2026-01-28 10:34:01,9.00
2026-01-28 10:34:02,9.00
2026-01-28 10:34:03,9.00
2026-01-28 10:34:04,8.71
2026-01-28 10:34:05,8.71
2026-01-28 10:34:06,8.71
2026-01-28 10:34:07,8.71
2026-01-28 10:34:08,8.71
2026-01-28 10:34:09,8.62
2026-01-28 10:34:10,8.62
2026-01-28 10:34:11,8.62
2026-01-28 10:34:12,8.62
2026-01-28 10:34:13,8.62
2026-01-28 10:34:14,8.67
2026-01-28 10:34:15,8.67
2026-01-28 10:34:16,8.67
2026-01-28 10:34:17,8.67
2026-01-28 10:34:18,8.67
2026-01-28 10:34:19,8.54
2026-01-28 10:34:20,8.54
2026-01-28 10:34:21,8.54
2026-01-28 10:34:22,8.54
2026-01-28 10:34:23,8.54
2026-01-28 10:34:24,8.52
2026-01-28 10:34:25,8.52
2026-01-28 10:34:26,8.52
2026-01-28 10:34:27,8.52
2026-01-28 10:34:28,8.52
2026-01-28 10:34:29,8.61
2026-01-28 10:34:30,8.61
2026-01-28 10:34:31,8.61
2026-01-28 10:34:32,8.61
2026-01-28 10:34:33,8.61
2026-01-28 10:34:34,8.61
2026-01-28 10:34:35,8.61
2026-01-28 10:34:36,8.61
2026-01-28 10:34:37,8.61
2026-01-28 10:34:38,8.61
2026-01-28 10:34:39,8.70
2026-01-28 10:34:40,8.70
2026-01-28 10:34:41,8.70
2026-01-28 10:34:42,8.70
2026-01-28 10:34:43,8.70
2026-01-28 10:34:44,8.72
2026-01-28 10:34:45,8.72
2026-01-28 10:34:46,8.72
2026-01-28 10:34:47,8.72
2026-01-28 10:34:48,8.72
2026-01-28 10:34:49,9.50
2026-01-28 10:34:50,9.50
2026-01-28 10:34:51,9.50
2026-01-28 10:34:52,9.50
2026-01-28 10:34:53,9.50
2026-01-28 10:34:54,7.79
2026-01-28 10:34:55,7.79
2026-01-28 10:34:56,7.79
2026-01-28 10:34:57,7.79
2026-01-28 10:34:58,7.79
2026-01-28 10:34:59,7.41
2026-01-28 10:35:00,7.41
2026-01-28 10:35:01,7.41
2026-01-28 10:35:02,7.41
2026-01-28 10:35:03,7.41
2026-01-28 10:35:04,7.45
2026-01-28 10:35:05,7.45
2026-01-28 10:35:06,7.45
2026-01-28 10:35:07,7.45
2026-01-28 10:35:08,7.45
2026-01-28 10:35:09,7.35
2026-01-28 10:35:10,7.35
2026-01-28 10:35:11,7.35
2026-01-28 10:35:12,7.35
2026-01-28 10:35:13,7.35
2026-01-28 10:35:14,7.48
2026-01-28 10:35:15,7.48
2026-01-28 10:35:16,7.48
2026-01-28 10:35:17,7.48
2026-01-28 10:35:18,7.48
2026-01-28 10:35:19,7.29
2026-01-28 10:35:20,7.29
2026-01-28 10:35:21,7.29
2026-01-28 10:35:22,7.29
2026-01-28 10:35:23,7.29
2026-01-28 10:35:24,7.40
2026-01-28 10:35:25,7.40
2026-01-28 10:35:26,7.40
2026-01-28 10:35:27,7.40
2026-01-28 10:35:28,7.40
2026-01-28 10:35:29,7.29
2026-01-28 10:35:30,7.29
2026-01-28 10:35:31,7.29
2026-01-28 10:35:32,7.29
2026-01-28 10:35:33,7.29
2026-01-28 10:35:34,7.36
2026-01-28 10:35:35,7.36
2026-01-28 10:35:36,7.36
2026-01-28 10:35:37,7.36
2026-01-28 10:35:38,7.36
2026-01-28 10:35:39,7.41
2026-01-28 10:35:40,7.41
2026-01-28 10:35:41,7.41
2026-01-28 10:35:42,7.41
2026-01-28 10:35:43,7.41
2026-01-28 10:35:44,6.97
2026-01-28 10:35:45,6.97
2026-01-28 10:35:46,6.97
2026-01-28 10:35:47,6.97
2026-01-28 10:35:48,6.97
2026-01-28 10:35:49,8.53
2026-01-28 10:35:50,8.53
2026-01-28 10:35:51,8.53
2026-01-28 10:35:52,8.53
2026-01-28 10:35:53,8.53
2026-01-28 10:35:54,8.40
2026-01-28 10:35:55,8.40
2026-01-28 10:35:56,8.40
2026-01-28 10:35:57,8.40
2026-01-28 10:35:58,8.40
2026-01-28 10:35:59,8.60
2026-01-28 10:36:00,8.60
2026-01-28 10:36:01,8.60
2026-01-28 10:36:02,8.60
2026-01-28 10:36:03,8.60
2026-01-28 10:36:04,10.3
2026-01-28 10:36:05,10.3
2026-01-28 10:36:06,10.3
2026-01-28 10:36:07,10.3
2026-01-28 10:36:08,10.3
2026-01-28 10:36:09,8.68
2026-01-28 10:36:10,8.68
2026-01-28 10:36:11,8.68
2026-01-28 10:36:12,8.68
2026-01-28 10:36:13,8.68
2026-01-28 10:36:14,0
2026-01-28 10:36:15,0
2026-01-28 10:36:16,0
2026-01-28 10:36:17,0
2026-01-28 10:36:18,0
2026-01-28 10:36:19,0
2026-01-28 10:36:20,0
2026-01-28 10:36:21,0
2026-01-28 10:36:22,0
2026-01-28 10:36:23,0
2026-01-28 10:36:24,0
2026-01-28 10:36:25,0
2026-01-28 10:36:26,0
2026-01-28 10:36:27,0
2026-01-28 10:36:28,0
2026-01-28 10:36:29,0
2026-01-28 10:36:30,0
2026-01-28 10:36:31,0
2026-01-28 10:36:32,0
2026-01-28 10:36:33,0
2026-01-28 10:36:34,0
2026-01-28 10:36:35,0
2026-01-28 10:36:36,0
2026-01-28 10:36:37,0
2026-01-28 10:36:38,0
2026-01-28 10:36:39,0
2026-01-28 10:36:40,0
2026-01-28 10:36:41,0
2026-01-28 10:36:42,0
2026-01-28 10:36:43,0
2026-01-28 10:36:44,0
2026-01-28 10:36:45,0
2026-01-28 10:36:46,0
2026-01-28 10:36:47,0
2026-01-28 10:36:48,0
2026-01-28 10:36:49,0
2026-01-28 10:36:50,0
2026-01-28 10:36:51,0
2026-01-28 10:36:52,0
2026-01-28 10:36:53,0
2026-01-28 10:36:54,0
2026-01-28 10:36:55,0
2026-01-28 10:36:56,0
2026-01-28 10:36:57,0
2026-01-28 10:36:58,0
2026-01-28 10:36:59,0
2026-01-28 10:37:00,0
2026-01-28 10:37:01,0
2026-01-28 10:37:02,0
2026-01-28 10:37:03,0
2026-01-28 10:37:04,0
2026-01-28 10:37:05,0
2026-01-28 10:37:06,0
2026-01-28 10:37:07,0
2026-01-28 10:37:08,0
2026-01-28 10:37:09,0
2026-01-28 10:37:10,0
2026-01-28 10:37:11,0
2026-01-28 10:37:12,0
2026-01-28 10:37:13,0
2026-01-28 10:37:14,0
2026-01-28 10:37:15,0
2026-01-28 10:37:16,0
2026-01-28 10:37:17,0
2026-01-28 10:37:18,0
2026-01-28 10:37:19,0
2026-01-28 10:37:20,0
2026-01-28 10:37:21,0
2026-01-28 10:37:22,0
2026-01-28 10:37:23,0
2026-01-28 10:37:24,0
2026-01-28 10:37:25,0
2026-01-28 10:37:26,0
2026-01-28 10:37:27,0
2026-01-28 10:37:28,0
2026-01-28 10:37:29,0
2026-01-28 10:37:30,0
2026-01-28 10:37:31,0
2026-01-28 10:37:32,0
2026-01-28 10:37:33,0
2026-01-28 10:37:34,0
2026-01-28 10:37:35,0
2026-01-28 10:37:36,0
2026-01-28 10:37:37,0
2026-01-28 10:37:38,0
2026-01-28 10:37:39,0
2026-01-28 10:37:40,0
2026-01-28 10:37:41,0
2026-01-28 10:37:42,0
2026-01-28 10:37:43,0
2026-01-28 10:37:44,0
2026-01-28 10:37:45,0
2026-01-28 10:37:46,0
2026-01-28 10:37:47,0
2026-01-28 10:37:48,0
2026-01-28 10:42:59,4.39
2026-01-28 10:43:00,4.39
2026-01-28 10:43:01,4.39
2026-01-28 10:43:02,4.39
2026-01-28 10:43:03,4.39
2026-01-28 10:43:04,8.32
2026-01-28 10:43:05,8.32
2026-01-28 10:43:06,8.32
2026-01-28 10:43:07,8.32
2026-01-28 10:43:08,8.32
2026-01-28 10:43:09,9.33
2026-01-28 10:43:10,9.33
2026-01-28 10:43:11,9.33
2026-01-28 10:43:12,9.33
2026-01-28 10:43:13,9.33
2026-01-28 10:43:14,8.57
2026-01-28 10:43:15,8.57
2026-01-28 10:43:16,8.57
2026-01-28 10:43:17,8.57
2026-01-28 10:43:18,8.57
2026-01-28 10:43:19,8.62
2026-01-28 10:43:20,8.62
2026-01-28 10:43:21,8.62
2026-01-28 10:43:22,8.62
2026-01-28 10:43:23,8.62
2026-01-28 10:43:24,8.50
2026-01-28 10:43:25,8.50
2026-01-28 10:43:26,8.50
2026-01-28 10:43:27,8.50
2026-01-28 10:43:28,8.50
2026-01-28 10:43:29,8.63
2026-01-28 10:43:30,8.63
2026-01-28 10:43:31,8.63
2026-01-28 10:43:32,8.63
2026-01-28 10:43:33,8.63
2026-01-28 10:43:34,8.56
2026-01-28 10:43:35,8.56
2026-01-28 10:43:36,8.56
2026-01-28 10:43:37,8.56
2026-01-28 10:43:38,8.56
2026-01-28 10:43:39,8.63
2026-01-28 10:43:40,8.63
2026-01-28 10:43:41,8.63
2026-01-28 10:43:42,8.63
2026-01-28 10:43:43,8.63
2026-01-28 10:43:44,8.58
2026-01-28 10:43:45,8.58
2026-01-28 10:43:46,8.58
2026-01-28 10:43:47,8.58
2026-01-28 10:43:48,8.58
2026-01-28 10:43:49,8.54
2026-01-28 10:43:50,8.54
2026-01-28 10:43:51,8.54
2026-01-28 10:43:52,8.54
2026-01-28 10:43:53,8.54
2026-01-28 10:43:54,8.53
2026-01-28 10:43:55,8.53
2026-01-28 10:43:56,8.53
2026-01-28 10:43:57,8.53
2026-01-28 10:43:58,8.53
2026-01-28 10:43:59,8.53
2026-01-28 10:44:00,8.53
2026-01-28 10:44:01,8.53
2026-01-28 10:44:02,8.53
2026-01-28 10:44:03,8.53
2026-01-28 10:44:04,8.64
2026-01-28 10:44:05,8.64
2026-01-28 10:44:06,8.64
2026-01-28 10:44:07,8.64
2026-01-28 10:44:08,8.64
2026-01-28 10:44:09,8.75
2026-01-28 10:44:10,8.75
2026-01-28 10:44:11,8.75
2026-01-28 10:44:12,8.75
2026-01-28 10:44:13,8.75
2026-01-28 10:44:14,8.79
2026-01-28 10:44:15,8.79
2026-01-28 10:44:16,8.79
2026-01-28 10:44:17,8.79
2026-01-28 10:44:18,8.79
2026-01-28 10:44:19,8.54
2026-01-28 10:44:20,8.54
2026-01-28 10:44:21,8.54
2026-01-28 10:44:22,8.54
2026-01-28 10:44:23,8.54
2026-01-28 10:44:24,8.57
2026-01-28 10:44:25,8.57
2026-01-28 10:44:26,8.57
2026-01-28 10:44:27,8.57
2026-01-28 10:44:28,8.57
2026-01-28 10:44:29,9.29
2026-01-28 10:44:30,9.29
2026-01-28 10:44:31,9.29
2026-01-28 10:44:32,9.29
2026-01-28 10:44:33,9.29
2026-01-28 10:44:34,7.49
2026-01-28 10:44:35,7.49
2026-01-28 10:44:36,7.49
2026-01-28 10:44:37,7.49
2026-01-28 10:44:38,7.49
2026-01-28 10:44:39,7.46
2026-01-28 10:44:40,7.46
2026-01-28 10:44:41,7.46
2026-01-28 10:44:42,7.46
2026-01-28 10:44:43,7.46
2026-01-28 10:44:44,7.32
2026-01-28 10:44:45,7.32
2026-01-28 10:44:46,7.32
2026-01-28 10:44:47,7.32
2026-01-28 10:44:48,7.32
2026-01-28 10:44:49,7.30
2026-01-28 10:44:50,7.30
2026-01-28 10:44:51,7.30
2026-01-28 10:44:52,7.30
2026-01-28 10:44:53,7.30
2026-01-28 10:44:54,7.32
2026-01-28 10:44:55,7.32
2026-01-28 10:44:56,7.32
2026-01-28 10:44:57,7.32
2026-01-28 10:44:58,7.32
2026-01-28 10:44:59,7.39
2026-01-28 10:45:00,7.39
2026-01-28 10:45:01,7.39
2026-01-28 10:45:02,7.39
2026-01-28 10:45:03,7.39
2026-01-28 10:45:04,7.44
2026-01-28 10:45:05,7.44
2026-01-28 10:45:06,7.44
2026-01-28 10:45:07,7.44
2026-01-28 10:45:08,7.44
2026-01-28 10:45:09,7.57
2026-01-28 10:45:10,7.57
2026-01-28 10:45:11,7.57
2026-01-28 10:45:12,7.57
2026-01-28 10:45:13,7.57
2026-01-28 10:45:14,7.50
2026-01-28 10:45:15,7.50
2026-01-28 10:45:16,7.50
2026-01-28 10:45:17,7.50
2026-01-28 10:45:18,7.50
2026-01-28 10:45:19,6.12
2026-01-28 10:45:20,6.12
2026-01-28 10:45:21,6.12
2026-01-28 10:45:22,6.12
2026-01-28 10:45:23,6.12
2026-01-28 10:45:24,8.10
2026-01-28 10:45:25,8.10
2026-01-28 10:45:26,8.10
2026-01-28 10:45:27,8.10
2026-01-28 10:45:28,8.10
2026-01-28 10:45:29,5.21
2026-01-28 10:45:30,5.21
2026-01-28 10:45:31,5.21
2026-01-28 10:45:32,5.21
2026-01-28 10:45:33,5.21
2026-01-28 10:45:34,6.37
2026-01-28 10:45:35,6.37
2026-01-28 10:45:36,6.37
2026-01-28 10:45:37,6.37
2026-01-28 10:45:38,6.37
2026-01-28 10:45:39,6.47
2026-01-28 10:45:40,6.47
2026-01-28 10:45:41,6.47
2026-01-28 10:45:42,6.47
2026-01-28 10:45:43,6.47
2026-01-28 10:45:44,6.29
2026-01-28 10:45:45,6.29
2026-01-28 10:45:46,6.29
2026-01-28 10:45:47,6.29
2026-01-28 10:45:48,6.29
2026-01-28 10:45:49,6.30
2026-01-28 10:45:50,6.30
2026-01-28 10:45:51,6.30
2026-01-28 10:45:52,6.30
2026-01-28 10:45:53,6.30
2026-01-28 10:45:54,6.31
2026-01-28 10:45:55,6.31
2026-01-28 10:45:56,6.31
2026-01-28 10:45:57,6.31
2026-01-28 10:45:58,6.31
2026-01-28 10:45:59,6.19
2026-01-28 10:46:00,6.19
2026-01-28 10:46:01,6.19
2026-01-28 10:46:02,6.19
2026-01-28 10:46:03,6.19
2026-01-28 10:46:04,6.46
2026-01-28 10:46:05,6.46
2026-01-28 10:46:06,6.46
2026-01-28 10:46:07,6.46
2026-01-28 10:46:08,6.46
2026-01-28 10:46:09,6.43
2026-01-28 10:46:10,6.43
2026-01-28 10:46:11,6.43
2026-01-28 10:46:12,6.43
2026-01-28 10:46:13,6.43
2026-01-28 10:46:14,6.30
2026-01-28 10:46:15,6.30
2026-01-28 10:46:16,6.30
2026-01-28 10:46:17,6.30
2026-01-28 10:46:18,6.30
2026-01-28 10:46:19,6.30
2026-01-28 10:46:20,6.30
2026-01-28 10:46:21,6.30
2026-01-28 10:46:22,6.30
2026-01-28 10:46:23,6.30
2026-01-28 10:46:24,8.77
2026-01-28 10:46:25,8.77
2026-01-28 10:46:26,8.77
2026-01-28 10:46:27,8.77
2026-01-28 10:46:28,8.77
2026-01-28 10:46:29,0
2026-01-28 10:46:30,0
2026-01-28 10:46:31,0
2026-01-28 10:46:32,0
2026-01-28 10:46:33,0
2026-01-28 10:46:34,0
2026-01-28 10:46:35,0
2026-01-28 10:46:36,0
2026-01-28 10:46:37,0
2026-01-28 10:46:38,0
2026-01-28 10:46:39,0
2026-01-28 10:46:40,0
2026-01-28 10:46:41,0
2026-01-28 10:46:42,0
2026-01-28 10:46:43,0
2026-01-28 10:46:44,0
2026-01-28 10:46:45,0
2026-01-28 10:46:46,0
2026-01-28 10:46:47,0
2026-01-28 10:46:48,0
2026-01-28 10:46:49,0
2026-01-28 10:46:50,0
2026-01-28 10:46:51,0
2026-01-28 10:46:52,0
2026-01-28 10:46:53,0
2026-01-28 10:46:54,0
2026-01-28 10:46:55,0
2026-01-28 10:46:56,0
2026-01-28 10:46:57,0
2026-01-28 10:46:58,0
2026-01-28 10:46:59,0
2026-01-28 10:47:00,0
2026-01-28 10:47:01,0
2026-01-28 10:47:02,0
2026-01-28 10:47:03,0
2026-01-28 10:47:04,0
2026-01-28 10:47:05,0
2026-01-28 10:47:06,0
2026-01-28 10:47:07,0
2026-01-28 10:47:08,0
2026-01-28 10:47:09,0
2026-01-28 10:47:10,0
2026-01-28 10:47:11,0
2026-01-28 10:47:12,0
2026-01-28 10:47:13,0
2026-01-28 10:47:14,0
2026-01-28 10:47:15,0
2026-01-28 10:47:16,0
2026-01-28 10:47:17,0
2026-01-28 10:47:18,0
2026-01-28 10:47:19,0
2026-01-28 10:47:20,0
2026-01-28 10:47:21,0
2026-01-28 10:47:22,0
2026-01-28 10:47:23,0
2026-01-28 10:47:24,0
2026-01-28 10:47:25,0
2026-01-28 10:47:26,0
2026-01-28 10:47:27,0
2026-01-28 10:47:28,0
2026-01-28 10:47:29,0
2026-01-28 10:47:30,0
2026-01-28 10:47:31,0
2026-01-28 10:47:32,0
2026-01-28 10:47:33,0
2026-01-28 10:47:34,0
2026-01-28 10:47:35,0
2026-01-28 10:47:36,0
2026-01-28 10:47:37,0
2026-01-28 10:47:38,0
2026-01-28 10:47:39,0
2026-01-28 10:47:40,0
2026-01-28 10:47:41,0
2026-01-28 10:47:42,0
2026-01-28 10:47:43,0
2026-01-28 10:47:44,0
2026-01-28 10:47:45,0
2026-01-28 10:47:46,0
2026-01-28 10:47:47,0
2026-01-28 10:47:48,0
2026-01-28 10:47:49,0
2026-01-28 10:47:50,0
2026-01-28 10:47:51,0
2026-01-28 10:47:52,0
2026-01-28 10:47:53,0
2026-01-28 10:47:54,0
2026-01-28 10:47:55,0
2026-01-28 10:47:56,0
2026-01-28 10:47:57,0
2026-01-28 10:47:58,0
2026-01-28 10:47:59,0
2026-01-28 10:48:00,0
2026-01-28 10:48:01,0
2026-01-28 10:48:02,0
2026-01-28 10:48:03,0
2026-01-28 10:48:14,5.06
2026-01-28 10:48:15,5.06
2026-01-28 10:48:16,5.06
2026-01-28 10:48:17,5.06
2026-01-28 10:48:18,5.06
2026-01-28 10:48:19,6.14
2026-01-28 10:48:20,6.14
2026-01-28 10:48:21,6.14
2026-01-28 10:48:22,6.14
2026-01-28 10:48:23,6.14
2026-01-28 10:48:24,6.34
2026-01-28 10:48:25,6.34
2026-01-28 10:48:26,6.34
2026-01-28 10:48:27,6.34
2026-01-28 10:48:28,6.34
2026-01-28 10:48:29,8.61
2026-01-28 10:48:30,8.61
2026-01-28 10:48:31,8.61
2026-01-28 10:48:32,8.61
2026-01-28 10:48:33,8.61
2026-01-28 10:48:34,7.15
2026-01-28 10:48:35,7.15
2026-01-28 10:48:36,7.15
2026-01-28 10:48:37,7.15
2026-01-28 10:48:38,7.15
2026-01-28 10:48:39,8.67
2026-01-28 10:48:40,8.67
2026-01-28 10:48:41,8.67
2026-01-28 10:48:42,8.67
2026-01-28 10:48:43,8.67
2026-01-28 10:48:44,4.37
2026-01-28 10:48:45,4.37
2026-01-28 10:48:46,4.37
2026-01-28 10:48:47,4.37
2026-01-28 10:48:48,4.37
2026-01-28 10:48:49,3.89
2026-01-28 10:48:50,3.89
2026-01-28 10:48:51,3.89
2026-01-28 10:48:52,3.89
2026-01-28 10:48:53,3.89
2026-01-28 10:48:54,3.92
2026-01-28 10:48:55,3.92
2026-01-28 10:48:56,3.92
2026-01-28 10:48:57,3.92
2026-01-28 10:48:58,3.92
2026-01-28 10:48:59,3.01
2026-01-28 10:49:00,3.01
2026-01-28 10:49:01,3.01
2026-01-28 10:49:02,3.01
2026-01-28 10:49:03,3.01
2026-01-28 10:49:04,4.28
2026-01-28 10:49:05,4.28
2026-01-28 10:49:06,4.28
2026-01-28 10:49:07,4.28
2026-01-28 10:49:08,4.28
2026-01-28 10:49:09,5.56
2026-01-28 10:49:10,5.56
2026-01-28 10:49:11,5.56
2026-01-28 10:49:12,5.56
2026-01-28 10:49:13,5.56
2026-01-28 10:49:14,4.66
2026-01-28 10:49:15,4.66
2026-01-28 10:49:16,4.66
2026-01-28 10:49:17,4.66
2026-01-28 10:49:18,4.66
2026-01-28 10:49:19,4.94
2026-01-28 10:49:20,4.94
2026-01-28 10:49:21,4.94
2026-01-28 10:49:22,4.94
2026-01-28 10:49:23,4.94
2026-01-28 10:49:24,6.27
2026-01-28 10:49:25,6.27
2026-01-28 10:49:26,6.27
2026-01-28 10:49:27,6.27
2026-01-28 10:49:28,6.27
2026-01-28 10:49:29,6.40
2026-01-28 10:49:30,6.40
2026-01-28 10:49:31,6.40
2026-01-28 10:49:32,6.40
2026-01-28 10:49:33,6.40
2026-01-28 10:49:34,6.58
2026-01-28 10:49:35,6.58
2026-01-28 10:49:36,6.58
2026-01-28 10:49:37,6.58
2026-01-28 10:49:38,6.58
2026-01-28 10:49:39,6.27
2026-01-28 10:49:40,6.27
2026-01-28 10:49:41,6.27
2026-01-28 10:49:42,6.27
2026-01-28 10:49:43,6.27
2026-01-28 10:49:44,6.47
2026-01-28 10:49:45,6.47
2026-01-28 10:49:46,6.47
2026-01-28 10:49:47,6.47
2026-01-28 10:49:48,6.47
2026-01-28 10:49:49,6.14
2026-01-28 10:49:50,6.14
2026-01-28 10:49:51,6.14
2026-01-28 10:49:52,6.14
2026-01-28 10:49:53,6.14
2026-01-28 10:49:54,6.21
2026-01-28 10:49:55,6.21
2026-01-28 10:49:56,6.21
2026-01-28 10:49:57,6.21
2026-01-28 10:49:58,6.21
2026-01-28 10:49:59,6.09
2026-01-28 10:50:00,6.09
2026-01-28 10:50:01,6.09
2026-01-28 10:50:02,6.09
2026-01-28 10:50:03,6.09
2026-01-28 10:50:04,6.35
2026-01-28 10:50:05,6.35
2026-01-28 10:50:06,6.35
2026-01-28 10:50:07,6.35
2026-01-28 10:50:08,6.35
2026-01-28 10:50:09,6.44
2026-01-28 10:50:10,6.44
2026-01-28 10:50:11,6.44
2026-01-28 10:50:12,6.44
2026-01-28 10:50:13,6.44
2026-01-28 10:50:14,6.12
2026-01-28 10:50:15,6.12
2026-01-28 10:50:16,6.12
2026-01-28 10:50:17,6.12
2026-01-28 10:50:18,6.12
2026-01-28 10:50:19,6.21
2026-01-28 10:50:20,6.21
2026-01-28 10:50:21,6.21
2026-01-28 10:50:22,6.21
2026-01-28 10:50:23,6.21
2026-01-28 10:50:24,6.17
2026-01-28 10:50:25,6.17
2026-01-28 10:50:26,6.17
2026-01-28 10:50:27,6.17
2026-01-28 10:50:28,6.17
2026-01-28 10:50:29,6.21
2026-01-28 10:50:30,6.21
2026-01-28 10:50:31,6.21
2026-01-28 10:50:32,6.21
2026-01-28 10:50:33,6.21
2026-01-28 10:50:34,6.24
2026-01-28 10:50:35,6.24
2026-01-28 10:50:36,6.24
2026-01-28 10:50:37,6.24
2026-01-28 10:50:38,6.24
2026-01-28 10:50:39,6.23
2026-01-28 10:50:40,6.23
2026-01-28 10:50:41,6.23
2026-01-28 10:50:42,6.23
2026-01-28 10:50:43,6.23
2026-01-28 10:50:44,6.15
2026-01-28 10:50:45,6.15
2026-01-28 10:50:46,6.15
2026-01-28 10:50:47,6.15
2026-01-28 10:50:48,6.15
2026-01-28 10:50:49,6.18
2026-01-28 10:50:50,6.18
2026-01-28 10:50:51,6.18
2026-01-28 10:50:52,6.18
2026-01-28 10:50:53,6.18
2026-01-28 10:50:54,6.24
2026-01-28 10:50:55,6.24
2026-01-28 10:50:56,6.24
2026-01-28 10:50:57,6.24
2026-01-28 10:50:58,6.24
2026-01-28 10:50:59,6.14
2026-01-28 10:51:00,6.14
2026-01-28 10:51:01,6.14
2026-01-28 10:51:02,6.14
2026-01-28 10:51:03,6.14
2026-01-28 10:51:04,6.08
2026-01-28 10:51:05,6.08
2026-01-28 10:51:06,6.08
2026-01-28 10:51:07,6.08
2026-01-28 10:51:08,6.08
2026-01-28 10:51:09,6.63
2026-01-28 10:51:10,6.63
2026-01-28 10:51:11,6.63
2026-01-28 10:51:12,6.63
2026-01-28 10:51:13,6.63
2026-01-28 10:51:14,7.82
2026-01-28 10:51:15,7.82
2026-01-28 10:51:16,7.82
2026-01-28 10:51:17,7.82
2026-01-28 10:51:18,7.82
2026-01-28 10:51:19,7.85
2026-01-28 10:51:20,7.85
2026-01-28 10:51:21,7.85
2026-01-28 10:51:22,7.85
2026-01-28 10:51:23,7.85
2026-01-28 10:51:24,7.45
2026-01-28 10:51:25,7.45
2026-01-28 10:51:26,7.45
2026-01-28 10:51:27,7.45
2026-01-28 10:51:28,7.45
2026-01-28 10:51:29,7.44
2026-01-28 10:51:30,7.44
2026-01-28 10:51:31,7.44
2026-01-28 10:51:32,7.44
2026-01-28 10:51:33,7.44
2026-01-28 10:51:34,7.56
2026-01-28 10:51:35,7.56
2026-01-28 10:51:36,7.56
2026-01-28 10:51:37,7.56
2026-01-28 10:51:38,7.56
2026-01-28 10:51:39,0
2026-01-28 10:51:40,0
2026-01-28 10:51:41,0
2026-01-28 10:51:42,0
2026-01-28 10:51:43,0
2026-01-28 10:51:44,0
2026-01-28 10:51:45,0
2026-01-28 10:51:46,0
2026-01-28 10:51:47,0
2026-01-28 10:51:48,0
2026-01-28 10:51:49,0
2026-01-28 10:51:50,0
2026-01-28 10:51:51,0
2026-01-28 10:51:52,0
2026-01-28 10:51:53,0
2026-01-28 10:51:54,0
2026-01-28 10:51:55,0
2026-01-28 10:51:56,0
2026-01-28 10:51:57,0
2026-01-28 10:51:58,0
2026-01-28 10:51:59,0
2026-01-28 10:52:00,0
2026-01-28 10:52:01,0
2026-01-28 10:52:02,0
2026-01-28 10:52:03,0
2026-01-28 10:52:04,0
2026-01-28 10:52:05,0
2026-01-28 10:52:06,0
2026-01-28 10:52:07,0
2026-01-28 10:52:08,0
2026-01-28 10:52:09,0
2026-01-28 10:52:10,0
2026-01-28 10:52:11,0
2026-01-28 10:52:12,0
2026-01-28 10:52:13,0
2026-01-28 10:52:14,0
2026-01-28 10:52:15,0
2026-01-28 10:52:16,0
2026-01-28 10:52:17,0
2026-01-28 10:52:18,0
2026-01-28 10:52:19,0
2026-01-28 10:52:20,0
2026-01-28 10:52:21,0
2026-01-28 10:52:22,0
2026-01-28 10:52:23,0
2026-01-28 10:52:24,0
2026-01-28 10:52:25,0
2026-01-28 10:52:26,0
2026-01-28 10:52:27,0
2026-01-28 10:52:28,0
2026-01-28 10:52:29,0
2026-01-28 10:52:30,0
2026-01-28 10:52:31,0
2026-01-28 10:52:32,0
2026-01-28 10:52:33,0
2026-01-28 10:52:34,0
2026-01-28 10:52:35,0
2026-01-28 10:52:36,0
2026-01-28 10:52:37,0
2026-01-28 10:52:38,0
2026-01-28 10:52:39,0
2026-01-28 10:52:40,0
2026-01-28 10:52:41,0
2026-01-28 10:52:42,0
2026-01-28 10:52:43,0
2026-01-28 10:52:44,0
2026-01-28 10:52:45,0
2026-01-28 10:52:46,0
2026-01-28 10:52:47,0
2026-01-28 10:52:48,0
2026-01-28 10:52:49,0
2026-01-28 10:52:50,0
2026-01-28 10:52:51,0
2026-01-28 10:52:52,0
2026-01-28 10:52:53,0
2026-01-28 10:52:54,0
2026-01-28 10:52:55,0
2026-01-28 10:52:56,0
2026-01-28 10:52:57,0
2026-01-28 10:52:58,0
2026-01-28 10:52:59,0
2026-01-28 10:53:00,0
2026-01-28 10:53:01,0
2026-01-28 10:53:02,0
2026-01-28 10:53:03,0
2026-01-28 10:53:04,0
2026-01-28 10:53:05,0
2026-01-28 10:53:06,0
2026-01-28 10:53:07,0
2026-01-28 10:53:08,0
2026-01-28 10:53:09,0
2026-01-28 10:53:10,0
2026-01-28 10:53:11,0
2026-01-28 10:53:12,0
2026-01-28 10:53:13,0
2026-01-28 10:53:39,7.28
2026-01-28 10:53:40,7.28
2026-01-28 10:53:41,7.28
2026-01-28 10:53:42,7.28
2026-01-28 10:53:43,7.28
2026-01-28 10:53:44,7.76
2026-01-28 10:53:45,7.76
2026-01-28 10:53:46,7.76
2026-01-28 10:53:47,7.76
2026-01-28 10:53:48,7.76
2026-01-28 10:53:49,10.6
2026-01-28 10:53:50,10.6
2026-01-28 10:53:51,10.6
2026-01-28 10:53:52,10.6
2026-01-28 10:53:53,10.6
2026-01-28 10:53:54,9.65
2026-01-28 10:53:55,9.65
2026-01-28 10:53:56,9.65
2026-01-28 10:53:57,9.65
2026-01-28 10:53:58,9.65
2026-01-28 10:53:59,8.57
2026-01-28 10:54:00,8.57
2026-01-28 10:54:01,8.57
2026-01-28 10:54:02,8.57
2026-01-28 10:54:03,8.57
2026-01-28 10:54:04,8.63
2026-01-28 10:54:05,8.63
2026-01-28 10:54:06,8.63
2026-01-28 10:54:07,8.63
2026-01-28 10:54:08,8.63
2026-01-28 10:54:09,8.91
2026-01-28 10:54:10,8.91
2026-01-28 10:54:11,8.91
2026-01-28 10:54:12,8.91
2026-01-28 10:54:13,8.91
2026-01-28 10:54:14,7.82
2026-01-28 10:54:15,7.82
2026-01-28 10:54:16,7.82
2026-01-28 10:54:17,7.82
2026-01-28 10:54:18,7.82
2026-01-28 10:54:19,7.40
2026-01-28 10:54:20,7.40
2026-01-28 10:54:21,7.40
2026-01-28 10:54:22,7.40
2026-01-28 10:54:23,7.40
2026-01-28 10:54:24,7.29
2026-01-28 10:54:25,7.29
2026-01-28 10:54:26,7.29
2026-01-28 10:54:27,7.29
2026-01-28 10:54:28,7.29
2026-01-28 10:54:29,7.30
2026-01-28 10:54:30,7.30
2026-01-28 10:54:31,7.30
2026-01-28 10:54:32,7.30
2026-01-28 10:54:33,7.30
2026-01-28 10:54:34,8.83
2026-01-28 10:54:35,8.83
2026-01-28 10:54:36,8.83
2026-01-28 10:54:37,8.83
2026-01-28 10:54:38,8.83
2026-01-28 10:54:39,8.59
2026-01-28 10:54:40,8.59
2026-01-28 10:54:41,8.59
2026-01-28 10:54:42,8.59
2026-01-28 10:54:43,8.59
2026-01-28 10:54:44,5.40
2026-01-28 10:54:45,5.40
2026-01-28 10:54:46,5.40
2026-01-28 10:54:47,5.40
2026-01-28 10:54:48,5.40
2026-01-28 10:54:49,5.04
2026-01-28 10:54:50,5.04
2026-01-28 10:54:51,5.04
2026-01-28 10:54:52,5.04
2026-01-28 10:54:53,5.04
2026-01-28 10:54:54,5.12
2026-01-28 10:54:55,5.12
2026-01-28 10:54:56,5.12
2026-01-28 10:54:57,5.12
2026-01-28 10:54:58,5.12
2026-01-28 10:54:59,5.14
2026-01-28 10:55:00,5.14
2026-01-28 10:55:01,5.14
2026-01-28 10:55:02,5.14
2026-01-28 10:55:03,5.14
2026-01-28 10:55:04,5.20
2026-01-28 10:55:05,5.20
2026-01-28 10:55:06,5.20
2026-01-28 10:55:07,5.20
2026-01-28 10:55:08,5.20
2026-01-28 10:55:09,5.13
2026-01-28 10:55:10,5.13
2026-01-28 10:55:11,5.13
2026-01-28 10:55:12,5.13
2026-01-28 10:55:13,5.13
2026-01-28 10:55:14,5.66
2026-01-28 10:55:15,5.66
2026-01-28 10:55:16,5.66
2026-01-28 10:55:17,5.66
2026-01-28 10:55:18,5.66
2026-01-28 10:55:19,8.36
2026-01-28 10:55:20,8.36
2026-01-28 10:55:21,8.36
2026-01-28 10:55:22,8.36
2026-01-28 10:55:23,8.36
2026-01-28 10:55:24,6.84
2026-01-28 10:55:25,6.84
2026-01-28 10:55:26,6.84
2026-01-28 10:55:27,6.84
2026-01-28 10:55:28,6.84
2026-01-28 10:55:29,6.07
2026-01-28 10:55:30,6.07
2026-01-28 10:55:31,6.07
2026-01-28 10:55:32,6.07
2026-01-28 10:55:33,6.07
2026-01-28 10:55:34,6.12
2026-01-28 10:55:35,6.12
2026-01-28 10:55:36,6.12
2026-01-28 10:55:37,6.12
2026-01-28 10:55:38,6.12
2026-01-28 10:55:39,6.06
2026-01-28 10:55:40,6.06
2026-01-28 10:55:41,6.06
2026-01-28 10:55:42,6.06
2026-01-28 10:55:43,6.06
2026-01-28 10:55:44,6.04
2026-01-28 10:55:45,6.04
2026-01-28 10:55:46,6.04
2026-01-28 10:55:47,6.04
2026-01-28 10:55:48,6.04
2026-01-28 10:55:49,6.10
2026-01-28 10:55:50,6.10
2026-01-28 10:55:51,6.10
2026-01-28 10:55:52,6.10
2026-01-28 10:55:53,6.10
2026-01-28 10:55:54,6.07
2026-01-28 10:55:55,6.07
2026-01-28 10:55:56,6.07
2026-01-28 10:55:57,6.07
2026-01-28 10:55:58,6.07
2026-01-28 10:55:59,6.06
2026-01-28 10:56:00,6.06
2026-01-28 10:56:01,6.06
2026-01-28 10:56:02,6.06
2026-01-28 10:56:03,6.06
2026-01-28 10:56:04,6.22
2026-01-28 10:56:05,6.22
2026-01-28 10:56:06,6.22
2026-01-28 10:56:07,6.22
2026-01-28 10:56:08,6.22
2026-01-28 10:56:09,6.33
2026-01-28 10:56:10,6.33
2026-01-28 10:56:11,6.33
2026-01-28 10:56:12,6.33
2026-01-28 10:56:13,6.33
2026-01-28 10:56:14,6.03
2026-01-28 10:56:15,6.03
2026-01-28 10:56:16,6.03
2026-01-28 10:56:17,6.03
2026-01-28 10:56:18,6.03
2026-01-28 10:56:19,6.02
2026-01-28 10:56:20,6.02
2026-01-28 10:56:21,6.02
2026-01-28 10:56:22,6.02
2026-01-28 10:56:23,6.02
2026-01-28 10:56:24,6.07
2026-01-28 10:56:25,6.07
2026-01-28 10:56:26,6.07
2026-01-28 10:56:27,6.07
2026-01-28 10:56:28,6.07
2026-01-28 10:56:29,6.08
2026-01-28 10:56:30,6.08
2026-01-28 10:56:31,6.08
2026-01-28 10:56:32,6.08
2026-01-28 10:56:33,6.08
2026-01-28 10:56:34,6.06
2026-01-28 10:56:35,6.06
2026-01-28 10:56:36,6.06
2026-01-28 10:56:37,6.06
2026-01-28 10:56:38,6.06
2026-01-28 10:56:39,8.03
2026-01-28 10:56:40,8.03
2026-01-28 10:56:41,8.03
2026-01-28 10:56:42,8.03
2026-01-28 10:56:43,8.03
2026-01-28 10:56:44,5.92
2026-01-28 10:56:45,5.92
2026-01-28 10:56:46,5.92
2026-01-28 10:56:47,5.92
2026-01-28 10:56:48,5.92
2026-01-28 10:56:49,5.02
2026-01-28 10:56:50,5.02
2026-01-28 10:56:51,5.02
2026-01-28 10:56:52,5.02
2026-01-28 10:56:53,5.02
2026-01-28 10:56:54,5.27
2026-01-28 10:56:55,5.27
2026-01-28 10:56:56,5.27
2026-01-28 10:56:57,5.27
2026-01-28 10:56:58,5.27
2026-01-28 10:56:59,5.18
2026-01-28 10:57:00,5.18
2026-01-28 10:57:01,5.18
2026-01-28 10:57:02,5.18
2026-01-28 10:57:03,5.18
2026-01-28 10:57:04,0
2026-01-28 10:57:05,0
2026-01-28 10:57:06,0
2026-01-28 10:57:07,0
2026-01-28 10:57:08,0
2026-01-28 10:57:09,0
2026-01-28 10:57:10,0
2026-01-28 10:57:11,0
2026-01-28 10:57:12,0
2026-01-28 10:57:13,0
2026-01-28 10:57:14,0
2026-01-28 10:57:15,0
2026-01-28 10:57:16,0
2026-01-28 10:57:17,0
2026-01-28 10:57:18,0
2026-01-28 10:57:19,0
2026-01-28 10:57:20,0
2026-01-28 10:57:21,0
2026-01-28 10:57:22,0
2026-01-28 10:57:23,0
2026-01-28 10:57:24,0
2026-01-28 10:57:25,0
2026-01-28 10:57:26,0
2026-01-28 10:57:27,0
2026-01-28 10:57:28,0
2026-01-28 10:57:29,0
2026-01-28 10:57:30,0
2026-01-28 10:57:31,0
2026-01-28 10:57:32,0
2026-01-28 10:57:33,0
2026-01-28 10:57:34,0
2026-01-28 10:57:35,0
2026-01-28 10:57:36,0
2026-01-28 10:57:37,0
2026-01-28 10:57:38,0
2026-01-28 10:57:39,0
2026-01-28 10:57:40,0
2026-01-28 10:57:41,0
2026-01-28 10:57:42,0
2026-01-28 10:57:43,0
2026-01-28 10:57:44,0
2026-01-28 10:57:45,0
2026-01-28 10:57:46,0
2026-01-28 10:57:47,0
2026-01-28 10:57:48,0
2026-01-28 10:57:49,0
2026-01-28 10:57:50,0
2026-01-28 10:57:51,0
2026-01-28 10:57:52,0
2026-01-28 10:57:53,0
2026-01-28 10:57:54,0
2026-01-28 10:57:55,0
2026-01-28 10:57:56,0
2026-01-28 10:57:57,0
2026-01-28 10:57:58,0
2026-01-28 10:57:59,0
2026-01-28 10:58:00,0
2026-01-28 10:58:01,0
2026-01-28 10:58:02,0
2026-01-28 10:58:03,0
2026-01-28 10:58:04,0
2026-01-28 10:58:05,0
2026-01-28 10:58:06,0
2026-01-28 10:58:07,0
2026-01-28 10:58:08,0
2026-01-28 10:58:09,0
2026-01-28 10:58:10,0
2026-01-28 10:58:11,0
2026-01-28 10:58:12,0
2026-01-28 10:58:13,0
2026-01-28 10:58:14,0
2026-01-28 10:58:15,0
2026-01-28 10:58:16,0
2026-01-28 10:58:17,0
2026-01-28 10:58:18,0
2026-01-28 10:58:19,0
2026-01-28 10:58:20,0
2026-01-28 10:58:21,0
2026-01-28 10:58:22,0
2026-01-28 10:58:23,0
2026-01-28 10:58:24,0
2026-01-28 10:58:25,0
2026-01-28 10:58:26,0
2026-01-28 10:58:27,0
2026-01-28 10:58:28,0
2026-01-28 10:58:29,0
2026-01-28 10:58:30,0
2026-01-28 10:58:31,0
2026-01-28 10:58:32,0
2026-01-28 10:58:33,0
2026-01-28 10:58:34,0
2026-01-28 10:58:35,0
2026-01-28 10:58:36,0
2026-01-28 10:58:37,0
2026-01-28 10:58:38,0
2026-01-28 10:59:14,2.70
2026-01-28 10:59:15,2.70
2026-01-28 10:59:16,2.70
2026-01-28 10:59:17,2.70
2026-01-28 10:59:18,2.70
2026-01-28 10:59:19,5.70
2026-01-28 10:59:20,5.70
2026-01-28 10:59:21,5.70
2026-01-28 10:59:22,5.70
2026-01-28 10:59:23,5.70
2026-01-28 10:59:24,6.57
2026-01-28 10:59:25,6.57
2026-01-28 10:59:26,6.57
2026-01-28 10:59:27,6.57
2026-01-28 10:59:28,6.57
2026-01-28 10:59:29,6.18
2026-01-28 10:59:30,6.18
2026-01-28 10:59:31,6.18
2026-01-28 10:59:32,6.18
2026-01-28 10:59:33,6.18
2026-01-28 10:59:34,6.21
2026-01-28 10:59:35,6.21
2026-01-28 10:59:36,6.21
2026-01-28 10:59:37,6.21
2026-01-28 10:59:38,6.21
2026-01-28 10:59:39,6.22
2026-01-28 10:59:40,6.22
2026-01-28 10:59:41,6.22
2026-01-28 10:59:42,6.22
2026-01-28 10:59:43,6.22
2026-01-28 10:59:44,6.25
2026-01-28 10:59:45,6.25
2026-01-28 10:59:46,6.25
2026-01-28 10:59:47,6.25
2026-01-28 10:59:48,6.25
2026-01-28 10:59:49,6.15
2026-01-28 10:59:50,6.15
2026-01-28 10:59:51,6.15
2026-01-28 10:59:52,6.15
2026-01-28 10:59:53,6.15
2026-01-28 10:59:54,6.20
2026-01-28 10:59:55,6.20
2026-01-28 10:59:56,6.20
2026-01-28 10:59:57,6.20
2026-01-28 10:59:58,6.20
2026-01-28 10:59:59,6.24
2026-01-28 11:00:00,6.24
2026-01-28 11:00:01,6.24
2026-01-28 11:00:02,6.24
2026-01-28 11:00:03,6.24
2026-01-28 11:00:04,6.21
2026-01-28 11:00:05,6.21
2026-01-28 11:00:06,6.21
2026-01-28 11:00:07,6.21
2026-01-28 11:00:08,6.21
2026-01-28 11:00:09,6.39
2026-01-28 11:00:10,6.39
2026-01-28 11:00:11,6.39
2026-01-28 11:00:12,6.39
2026-01-28 11:00:13,6.39
2026-01-28 11:00:14,6.20
2026-01-28 11:00:15,6.20
2026-01-28 11:00:16,6.20
2026-01-28 11:00:17,6.20
2026-01-28 11:00:18,6.20
2026-01-28 11:00:19,5.97
2026-01-28 11:00:20,5.97
2026-01-28 11:00:21,5.97
2026-01-28 11:00:22,5.97
2026-01-28 11:00:23,5.97
2026-01-28 11:00:24,7.20
2026-01-28 11:00:25,7.20
2026-01-28 11:00:26,7.20
2026-01-28 11:00:27,7.20
2026-01-28 11:00:28,7.20
2026-01-28 11:00:29,8.41
2026-01-28 11:00:30,8.41
2026-01-28 11:00:31,8.41
2026-01-28 11:00:32,8.41
2026-01-28 11:00:33,8.41
2026-01-28 11:00:34,6.62
2026-01-28 11:00:35,6.62
2026-01-28 11:00:36,6.62
2026-01-28 11:00:37,6.62
2026-01-28 11:00:38,6.62
2026-01-28 11:00:39,6.25
2026-01-28 11:00:40,6.25
2026-01-28 11:00:41,6.25
2026-01-28 11:00:42,6.25
2026-01-28 11:00:43,6.25
2026-01-28 11:00:44,6.18
2026-01-28 11:00:45,6.18
2026-01-28 11:00:46,6.18
2026-01-28 11:00:47,6.18
2026-01-28 11:00:48,6.18
2026-01-28 11:00:49,5.83
2026-01-28 11:00:50,5.83
2026-01-28 11:00:51,5.83
2026-01-28 11:00:52,5.83
2026-01-28 11:00:53,5.83
2026-01-28 11:00:54,7.07
2026-01-28 11:00:55,7.07
2026-01-28 11:00:56,7.07
2026-01-28 11:00:57,7.07
2026-01-28 11:00:58,7.07
2026-01-28 11:00:59,7.62
2026-01-28 11:01:00,7.62
2026-01-28 11:01:01,7.62
2026-01-28 11:01:02,7.62
2026-01-28 11:01:03,7.62
2026-01-28 11:01:04,7.20
2026-01-28 11:01:05,7.20
2026-01-28 11:01:06,7.20
2026-01-28 11:01:07,7.20
2026-01-28 11:01:08,7.20
2026-01-28 11:01:09,7.71
2026-01-28 11:01:10,7.71
2026-01-28 11:01:11,7.71
2026-01-28 11:01:12,7.71
2026-01-28 11:01:13,7.71
2026-01-28 11:01:14,8.98
2026-01-28 11:01:15,8.98
2026-01-28 11:01:16,8.98
2026-01-28 11:01:17,8.98
2026-01-28 11:01:18,8.98
2026-01-28 11:01:19,8.75
2026-01-28 11:01:20,8.75
2026-01-28 11:01:21,8.75
2026-01-28 11:01:22,8.75
2026-01-28 11:01:23,8.75
2026-01-28 11:01:24,8.56
2026-01-28 11:01:25,8.56
2026-01-28 11:01:26,8.56
2026-01-28 11:01:27,8.56
2026-01-28 11:01:28,8.56
2026-01-28 11:01:29,8.62
2026-01-28 11:01:30,8.62
2026-01-28 11:01:31,8.62
2026-01-28 11:01:32,8.62
2026-01-28 11:01:33,8.62
2026-01-28 11:01:34,8.57
2026-01-28 11:01:35,8.57
2026-01-28 11:01:36,8.57
2026-01-28 11:01:37,8.57
2026-01-28 11:01:38,8.57
2026-01-28 11:01:39,8.56
2026-01-28 11:01:40,8.56
2026-01-28 11:01:41,8.56
2026-01-28 11:01:42,8.56
2026-01-28 11:01:43,8.56
2026-01-28 11:01:44,8.59
2026-01-28 11:01:45,8.59
2026-01-28 11:01:46,8.59
2026-01-28 11:01:47,8.59
2026-01-28 11:01:48,8.59
2026-01-28 11:01:49,8.50
2026-01-28 11:01:50,8.50
2026-01-28 11:01:51,8.50
2026-01-28 11:01:52,8.50
2026-01-28 11:01:53,8.50
2026-01-28 11:01:54,8.59
2026-01-28 11:01:55,8.59
2026-01-28 11:01:56,8.59
2026-01-28 11:01:57,8.59
2026-01-28 11:01:58,8.59
2026-01-28 11:01:59,8.59
2026-01-28 11:02:00,8.59
2026-01-28 11:02:01,8.59
2026-01-28 11:02:02,8.59
2026-01-28 11:02:03,8.59
2026-01-28 11:02:04,8.70
2026-01-28 11:02:05,8.70
2026-01-28 11:02:06,8.70
2026-01-28 11:02:07,8.70
2026-01-28 11:02:08,8.70
2026-01-28 11:02:09,8.74
2026-01-28 11:02:10,8.74
2026-01-28 11:02:11,8.74
2026-01-28 11:02:12,8.74
2026-01-28 11:02:13,8.74
2026-01-28 11:02:14,8.57
2026-01-28 11:02:15,8.57
2026-01-28 11:02:16,8.57
2026-01-28 11:02:17,8.57
2026-01-28 11:02:18,8.57
2026-01-28 11:02:19,8.54
2026-01-28 11:02:20,8.54
2026-01-28 11:02:21,8.54
2026-01-28 11:02:22,8.54
2026-01-28 11:02:23,8.54
2026-01-28 11:02:24,8.53
2026-01-28 11:02:25,8.53
2026-01-28 11:02:26,8.53
2026-01-28 11:02:27,8.53
2026-01-28 11:02:28,8.53
2026-01-28 11:02:29,8.67
2026-01-28 11:02:30,8.67
2026-01-28 11:02:31,8.67
2026-01-28 11:02:32,8.67
2026-01-28 11:02:33,8.67
2026-01-28 11:02:34,8.62
2026-01-28 11:02:35,8.62
2026-01-28 11:02:36,8.62
2026-01-28 11:02:37,8.62
2026-01-28 11:02:38,8.62
2026-01-28 11:02:39,8.65
2026-01-28 11:02:40,8.65
2026-01-28 11:02:41,8.65
2026-01-28 11:02:42,8.65
2026-01-28 11:02:43,8.65
2026-01-28 11:02:44,0
2026-01-28 11:02:45,0
2026-01-28 11:02:46,0
2026-01-28 11:02:47,0
2026-01-28 11:02:48,0
2026-01-28 11:02:49,0
2026-01-28 11:02:50,0
2026-01-28 11:02:51,0
2026-01-28 11:02:52,0
2026-01-28 11:02:53,0
2026-01-28 11:02:54,0
2026-01-28 11:02:55,0
2026-01-28 11:02:56,0
2026-01-28 11:02:57,0
2026-01-28 11:02:58,0
2026-01-28 11:02:59,0
2026-01-28 11:03:00,0
2026-01-28 11:03:01,0
2026-01-28 11:03:02,0
2026-01-28 11:03:03,0
2026-01-28 11:03:04,0
2026-01-28 11:03:05,0
2026-01-28 11:03:06,0
2026-01-28 11:03:07,0
2026-01-28 11:03:08,0
2026-01-28 11:03:09,0
2026-01-28 11:03:10,0
2026-01-28 11:03:11,0
2026-01-28 11:03:12,0
2026-01-28 11:03:13,0
2026-01-28 11:03:14,0
2026-01-28 11:03:15,0
2026-01-28 11:03:16,0
2026-01-28 11:03:17,0
2026-01-28 11:03:18,0
2026-01-28 11:03:19,0
2026-01-28 11:03:20,0
2026-01-28 11:03:21,0
2026-01-28 11:03:22,0
2026-01-28 11:03:23,0
2026-01-28 11:03:24,0
2026-01-28 11:03:25,0
2026-01-28 11:03:26,0
2026-01-28 11:03:27,0
2026-01-28 11:03:28,0
2026-01-28 11:03:29,0
2026-01-28 11:03:30,0
2026-01-28 11:03:31,0
2026-01-28 11:03:32,0
2026-01-28 11:03:33,0
2026-01-28 11:03:34,0
2026-01-28 11:03:35,0
2026-01-28 11:03:36,0
2026-01-28 11:03:37,0
2026-01-28 11:03:38,0
2026-01-28 11:03:39,0
2026-01-28 11:03:40,0
2026-01-28 11:03:41,0
2026-01-28 11:03:42,0
2026-01-28 11:03:43,0
2026-01-28 11:03:44,0
2026-01-28 11:03:45,0
2026-01-28 11:03:46,0
2026-01-28 11:03:47,0
2026-01-28 11:03:48,0
2026-01-28 11:03:49,0
2026-01-28 11:03:50,0
2026-01-28 11:03:51,0
2026-01-28 11:03:52,0
2026-01-28 11:03:53,0
2026-01-28 11:03:54,0
2026-01-28 11:03:55,0
2026-01-28 11:03:56,0
2026-01-28 11:03:57,0
2026-01-28 11:03:58,0
2026-01-28 11:03:59,0
2026-01-28 11:04:00,0
2026-01-28 11:04:01,0
2026-01-28 11:04:02,0
2026-01-28 11:04:03,0
2026-01-28 11:04:04,0
2026-01-28 11:04:05,0
2026-01-28 11:04:06,0
2026-01-28 11:04:07,0
2026-01-28 11:04:08,0
2026-01-28 11:04:09,0
2026-01-28 11:04:10,0
2026-01-28 11:04:11,0
2026-01-28 11:04:12,0
2026-01-28 11:04:13,0
2026-01-28 11:04:14,0
2026-01-28 11:04:15,0
2026-01-28 11:04:16,0
2026-01-28 11:04:17,0
2026-01-28 11:04:18,0
2026-01-28 11:05:34,0.939
2026-01-28 11:05:35,0.939
2026-01-28 11:05:36,0.939
2026-01-28 11:05:37,0.939
2026-01-28 11:05:38,0.939
2026-01-28 11:05:39,4.85
2026-01-28 11:05:40,4.85
2026-01-28 11:05:41,4.85
2026-01-28 11:05:42,4.85
2026-01-28 11:05:43,4.85
2026-01-28 11:05:44,6.65
2026-01-28 11:05:45,6.65
2026-01-28 11:05:46,6.65
2026-01-28 11:05:47,6.65
2026-01-28 11:05:48,6.65
2026-01-28 11:05:49,6.20
2026-01-28 11:05:50,6.20
2026-01-28 11:05:51,6.20
2026-01-28 11:05:52,6.20
2026-01-28 11:05:53,6.20
2026-01-28 11:05:54,6.30
2026-01-28 11:05:55,6.30
2026-01-28 11:05:56,6.30
2026-01-28 11:05:57,6.30
2026-01-28 11:05:58,6.30
2026-01-28 11:05:59,6.14
2026-01-28 11:06:00,6.14
2026-01-28 11:06:01,6.14
2026-01-28 11:06:02,6.14
2026-01-28 11:06:03,6.14
2026-01-28 11:06:04,6.22
2026-01-28 11:06:05,6.22
2026-01-28 11:06:06,6.22
2026-01-28 11:06:07,6.22
2026-01-28 11:06:08,6.22
2026-01-28 11:06:09,6.31
2026-01-28 11:06:10,6.31
2026-01-28 11:06:11,6.31
2026-01-28 11:06:12,6.31
2026-01-28 11:06:13,6.31
2026-01-28 11:06:14,6.28
2026-01-28 11:06:15,6.28
2026-01-28 11:06:16,6.28
2026-01-28 11:06:17,6.28
2026-01-28 11:06:18,6.28
2026-01-28 11:06:19,6.15
2026-01-28 11:06:20,6.15
2026-01-28 11:06:21,6.15
2026-01-28 11:06:22,6.15
2026-01-28 11:06:23,6.15
2026-01-28 11:06:24,6.23
2026-01-28 11:06:25,6.23
2026-01-28 11:06:26,6.23
2026-01-28 11:06:27,6.23
2026-01-28 11:06:28,6.23
2026-01-28 11:06:29,6.34
2026-01-28 11:06:30,6.34
2026-01-28 11:06:31,6.34
2026-01-28 11:06:32,6.34
2026-01-28 11:06:33,6.34
2026-01-28 11:06:34,6.49
2026-01-28 11:06:35,6.49
2026-01-28 11:06:36,6.49
2026-01-28 11:06:37,6.49
2026-01-28 11:06:38,6.49
2026-01-28 11:06:39,6.24
2026-01-28 11:06:40,6.24
2026-01-28 11:06:41,6.24
2026-01-28 11:06:42,6.24
2026-01-28 11:06:43,6.24
2026-01-28 11:06:44,6.22
2026-01-28 11:06:45,6.22
2026-01-28 11:06:46,6.22
2026-01-28 11:06:47,6.22
2026-01-28 11:06:48,6.22
2026-01-28 11:06:49,6.19
2026-01-28 11:06:50,6.19
2026-01-28 11:06:51,6.19
2026-01-28 11:06:52,6.19
2026-01-28 11:06:53,6.19
2026-01-28 11:06:54,6.22
2026-01-28 11:06:55,6.22
2026-01-28 11:06:56,6.22
2026-01-28 11:06:57,6.22
2026-01-28 11:06:58,6.22
2026-01-28 11:06:59,6.26
2026-01-28 11:07:00,6.26
2026-01-28 11:07:01,6.26
2026-01-28 11:07:02,6.26
2026-01-28 11:07:03,6.26
2026-01-28 11:07:04,5.67
2026-01-28 11:07:05,5.67
2026-01-28 11:07:06,5.67
2026-01-28 11:07:07,5.67
2026-01-28 11:07:08,5.67
2026-01-28 11:07:09,8.35
2026-01-28 11:07:10,8.35
2026-01-28 11:07:11,8.35
2026-01-28 11:07:12,8.35
2026-01-28 11:07:13,8.35
2026-01-28 11:07:14,6.29
2026-01-28 11:07:15,6.29
2026-01-28 11:07:16,6.29
2026-01-28 11:07:17,6.29
2026-01-28 11:07:18,6.29
2026-01-28 11:07:19,6.21
2026-01-28 11:07:20,6.21
2026-01-28 11:07:21,6.21
2026-01-28 11:07:22,6.21
2026-01-28 11:07:23,6.21
2026-01-28 11:07:24,6.25
2026-01-28 11:07:25,6.25
2026-01-28 11:07:26,6.25
2026-01-28 11:07:27,6.25
2026-01-28 11:07:28,6.25
2026-01-28 11:07:29,6.21
2026-01-28 11:07:30,6.21
2026-01-28 11:07:31,6.21
2026-01-28 11:07:32,6.21
2026-01-28 11:07:33,6.21
2026-01-28 11:07:34,6.30
2026-01-28 11:07:35,6.30
2026-01-28 11:07:36,6.30
2026-01-28 11:07:37,6.30
2026-01-28 11:07:38,6.30
2026-01-28 11:07:39,6.28
2026-01-28 11:07:40,6.28
2026-01-28 11:07:41,6.28
2026-01-28 11:07:42,6.28
2026-01-28 11:07:43,6.28
2026-01-28 11:07:44,6.19
2026-01-28 11:07:45,6.19
2026-01-28 11:07:46,6.19
2026-01-28 11:07:47,6.19
2026-01-28 11:07:48,6.19
2026-01-28 11:07:49,6.27
2026-01-28 11:07:50,6.27
2026-01-28 11:07:51,6.27
2026-01-28 11:07:52,6.27
2026-01-28 11:07:53,6.27
2026-01-28 11:07:54,6.24
2026-01-28 11:07:55,6.24
2026-01-28 11:07:56,6.24
2026-01-28 11:07:57,6.24
2026-01-28 11:07:58,6.24
2026-01-28 11:07:59,6.25
2026-01-28 11:08:00,6.25
2026-01-28 11:08:01,6.25
2026-01-28 11:08:02,6.25
2026-01-28 11:08:03,6.25
2026-01-28 11:08:04,6.31
2026-01-28 11:08:05,6.31
2026-01-28 11:08:06,6.31
2026-01-28 11:08:07,6.31
2026-01-28 11:08:08,6.31
2026-01-28 11:08:09,7.84
2026-01-28 11:08:10,7.84
2026-01-28 11:08:11,7.84
2026-01-28 11:08:12,7.84
2026-01-28 11:08:13,7.84
2026-01-28 11:08:14,6.86
2026-01-28 11:08:15,6.86
2026-01-28 11:08:16,6.86
2026-01-28 11:08:17,6.86
2026-01-28 11:08:18,6.86
2026-01-28 11:08:19,4.98
2026-01-28 11:08:20,4.98
2026-01-28 11:08:21,4.98
2026-01-28 11:08:22,4.98
2026-01-28 11:08:23,4.98
2026-01-28 11:08:24,5.05
2026-01-28 11:08:25,5.05
2026-01-28 11:08:26,5.05
2026-01-28 11:08:27,5.05
2026-01-28 11:08:28,5.05
2026-01-28 11:08:29,5.05
2026-01-28 11:08:30,5.05
2026-01-28 11:08:31,5.05
2026-01-28 11:08:32,5.05
2026-01-28 11:08:33,5.05
2026-01-28 11:08:34,5.16
2026-01-28 11:08:35,5.16
2026-01-28 11:08:36,5.16
2026-01-28 11:08:37,5.16
2026-01-28 11:08:38,5.16
2026-01-28 11:08:39,5.08
2026-01-28 11:08:40,5.08
2026-01-28 11:08:41,5.08
2026-01-28 11:08:42,5.08
2026-01-28 11:08:43,5.08
2026-01-28 11:08:44,5.12
2026-01-28 11:08:45,5.12
2026-01-28 11:08:46,5.12
2026-01-28 11:08:47,5.12
2026-01-28 11:08:48,5.12
2026-01-28 11:08:49,5.06
2026-01-28 11:08:50,5.06
2026-01-28 11:08:51,5.06
2026-01-28 11:08:52,5.06
2026-01-28 11:08:53,5.06
2026-01-28 11:08:54,5.11
2026-01-28 11:08:55,5.11
2026-01-28 11:08:56,5.11
2026-01-28 11:08:57,5.11
2026-01-28 11:08:58,5.11
2026-01-28 11:08:59,0
2026-01-28 11:09:00,0
2026-01-28 11:09:01,0
2026-01-28 11:09:02,0
2026-01-28 11:09:03,0
2026-01-28 11:09:04,0
2026-01-28 11:09:05,0
2026-01-28 11:09:06,0
2026-01-28 11:09:07,0
2026-01-28 11:09:08,0
2026-01-28 11:09:09,0
2026-01-28 11:09:10,0
2026-01-28 11:09:11,0
2026-01-28 11:09:12,0
2026-01-28 11:09:13,0
2026-01-28 11:09:14,0
2026-01-28 11:09:15,0
2026-01-28 11:09:16,0
2026-01-28 11:09:17,0
2026-01-28 11:09:18,0
2026-01-28 11:09:19,0
2026-01-28 11:09:20,0
2026-01-28 11:09:21,0
2026-01-28 11:09:22,0
2026-01-28 11:09:23,0
2026-01-28 11:09:24,0
2026-01-28 11:09:25,0
2026-01-28 11:09:26,0
2026-01-28 11:09:27,0
2026-01-28 11:09:28,0
2026-01-28 11:09:29,0
2026-01-28 11:09:30,0
2026-01-28 11:09:31,0
2026-01-28 11:09:32,0
2026-01-28 11:09:33,0
2026-01-28 11:09:34,0
2026-01-28 11:09:35,0
2026-01-28 11:09:36,0
2026-01-28 11:09:37,0
2026-01-28 11:09:38,0
2026-01-28 11:09:39,0
2026-01-28 11:09:40,0
2026-01-28 11:09:41,0
2026-01-28 11:09:42,0
2026-01-28 11:09:43,0
2026-01-28 11:09:44,0
2026-01-28 11:09:45,0
2026-01-28 11:09:46,0
2026-01-28 11:09:47,0
2026-01-28 11:09:48,0
2026-01-28 11:09:49,0
2026-01-28 11:09:50,0
2026-01-28 11:09:51,0
2026-01-28 11:09:52,0
2026-01-28 11:09:53,0
2026-01-28 11:09:54,0
2026-01-28 11:09:55,0
2026-01-28 11:09:56,0
2026-01-28 11:09:57,0
2026-01-28 11:09:58,0
2026-01-28 11:09:59,0
2026-01-28 11:10:00,0
2026-01-28 11:10:01,0
2026-01-28 11:10:02,0
2026-01-28 11:10:03,0
2026-01-28 11:10:04,0
2026-01-28 11:10:05,0
2026-01-28 11:10:06,0
2026-01-28 11:10:07,0
2026-01-28 11:10:08,0
2026-01-28 11:10:09,0
2026-01-28 11:10:10,0
2026-01-28 11:10:11,0
2026-01-28 11:10:12,0
2026-01-28 11:10:13,0
2026-01-28 11:10:14,0
2026-01-28 11:10:15,0
2026-01-28 11:10:16,0
2026-01-28 11:10:17,0
2026-01-28 11:10:18,0
2026-01-28 11:10:19,0
2026-01-28 11:10:20,0
2026-01-28 11:10:21,0
2026-01-28 11:10:22,0
2026-01-28 11:10:23,0
2026-01-28 11:10:24,0
2026-01-28 11:10:25,0
2026-01-28 11:10:26,0
2026-01-28 11:10:27,0
2026-01-28 11:10:28,0
2026-01-28 11:10:29,0
2026-01-28 11:10:30,0
2026-01-28 11:10:31,0
2026-01-28 11:10:32,0
2026-01-28 11:10:33,0
2026-01-28 11:13:19,3.57
2026-01-28 11:13:20,3.57
2026-01-28 11:13:21,3.57
2026-01-28 11:13:22,3.57
2026-01-28 11:13:23,3.57
2026-01-28 11:13:24,6.31
2026-01-28 11:13:25,6.31
2026-01-28 11:13:26,6.31
2026-01-28 11:13:27,6.31
2026-01-28 11:13:28,6.31
2026-01-28 11:13:29,6.38
2026-01-28 11:13:30,6.38
2026-01-28 11:13:31,6.38
2026-01-28 11:13:32,6.38
2026-01-28 11:13:33,6.38
2026-01-28 11:13:34,6.36
2026-01-28 11:13:35,6.36
2026-01-28 11:13:36,6.36
2026-01-28 11:13:37,6.36
2026-01-28 11:13:38,6.36
2026-01-28 11:13:39,6.42
2026-01-28 11:13:40,6.42
2026-01-28 11:13:41,6.42
2026-01-28 11:13:42,6.42
2026-01-28 11:13:43,6.42
2026-01-28 11:13:44,7.71
2026-01-28 11:13:45,7.71
2026-01-28 11:13:46,7.71
2026-01-28 11:13:47,7.71
2026-01-28 11:13:48,7.71
2026-01-28 11:13:49,4.62
2026-01-28 11:13:50,4.62
2026-01-28 11:13:51,4.62
2026-01-28 11:13:52,4.62
2026-01-28 11:13:53,4.62
2026-01-28 11:13:54,6.53
2026-01-28 11:13:55,6.53
2026-01-28 11:13:56,6.53
2026-01-28 11:13:57,6.53
2026-01-28 11:13:58,6.53
2026-01-28 11:13:59,7.62
2026-01-28 11:14:00,7.62
2026-01-28 11:14:01,7.62
2026-01-28 11:14:02,7.62
2026-01-28 11:14:03,7.62
2026-01-28 11:14:04,6.42
2026-01-28 11:14:05,6.42
2026-01-28 11:14:06,6.42
2026-01-28 11:14:07,6.42
2026-01-28 11:14:08,6.42
2026-01-28 11:14:09,6.58
2026-01-28 11:14:10,6.58
2026-01-28 11:14:11,6.58
2026-01-28 11:14:12,6.58
2026-01-28 11:14:13,6.58
2026-01-28 11:14:14,6.33
2026-01-28 11:14:15,6.33
2026-01-28 11:14:16,6.33
2026-01-28 11:14:17,6.33
2026-01-28 11:14:18,6.33
2026-01-28 11:14:19,6.20
2026-01-28 11:14:20,6.20
2026-01-28 11:14:21,6.20
2026-01-28 11:14:22,6.20
2026-01-28 11:14:23,6.20
2026-01-28 11:14:24,6.25
2026-01-28 11:14:25,6.25
2026-01-28 11:14:26,6.25
2026-01-28 11:14:27,6.25
2026-01-28 11:14:28,6.25
2026-01-28 11:14:29,7.65
2026-01-28 11:14:30,7.65
2026-01-28 11:14:31,7.65
2026-01-28 11:14:32,7.65
2026-01-28 11:14:33,7.65
2026-01-28 11:14:34,5.49
2026-01-28 11:14:35,5.49
2026-01-28 11:14:36,5.49
2026-01-28 11:14:37,5.49
2026-01-28 11:14:38,5.49
2026-01-28 11:14:39,5.46
2026-01-28 11:14:40,5.46
2026-01-28 11:14:41,5.46
2026-01-28 11:14:42,5.46
2026-01-28 11:14:43,5.46
2026-01-28 11:14:44,5.09
2026-01-28 11:14:45,5.09
2026-01-28 11:14:46,5.09
2026-01-28 11:14:47,5.09
2026-01-28 11:14:48,5.09
2026-01-28 11:14:49,4.48
2026-01-28 11:14:50,4.48
2026-01-28 11:14:51,4.48
2026-01-28 11:14:52,4.48
2026-01-28 11:14:53,4.48
2026-01-28 11:14:54,5.65
2026-01-28 11:14:55,5.65
2026-01-28 11:14:56,5.65
2026-01-28 11:14:57,5.65
2026-01-28 11:14:58,5.65
2026-01-28 11:14:59,6.52
2026-01-28 11:15:00,6.52
2026-01-28 11:15:01,6.52
2026-01-28 11:15:02,6.52
2026-01-28 11:15:03,6.52
2026-01-28 11:15:04,6.29
2026-01-28 11:15:05,6.29
2026-01-28 11:15:06,6.29
2026-01-28 11:15:07,6.29
2026-01-28 11:15:08,6.29
2026-01-28 11:15:09,6.39
2026-01-28 11:15:10,6.39
2026-01-28 11:15:11,6.39
2026-01-28 11:15:12,6.39
2026-01-28 11:15:13,6.39
2026-01-28 11:15:14,6.35
2026-01-28 11:15:15,6.35
2026-01-28 11:15:16,6.35
2026-01-28 11:15:17,6.35
2026-01-28 11:15:18,6.35
2026-01-28 11:15:19,6.32
2026-01-28 11:15:20,6.32
2026-01-28 11:15:21,6.32
2026-01-28 11:15:22,6.32
2026-01-28 11:15:23,6.32
2026-01-28 11:15:24,6.26
2026-01-28 11:15:25,6.26
2026-01-28 11:15:26,6.26
2026-01-28 11:15:27,6.26
2026-01-28 11:15:28,6.26
2026-01-28 11:15:29,6.32
2026-01-28 11:15:30,6.32
2026-01-28 11:15:31,6.32
2026-01-28 11:15:32,6.32
2026-01-28 11:15:33,6.32
2026-01-28 11:15:34,6.23
2026-01-28 11:15:35,6.23
2026-01-28 11:15:36,6.23
2026-01-28 11:15:37,6.23
2026-01-28 11:15:38,6.23
2026-01-28 11:15:39,6.26
2026-01-28 11:15:40,6.26
2026-01-28 11:15:41,6.26
2026-01-28 11:15:42,6.26
2026-01-28 11:15:43,6.26
2026-01-28 11:15:44,6.21
2026-01-28 11:15:45,6.21
2026-01-28 11:15:46,6.21
2026-01-28 11:15:47,6.21
2026-01-28 11:15:48,6.21
2026-01-28 11:15:49,6.27
2026-01-28 11:15:50,6.27
2026-01-28 11:15:51,6.27
2026-01-28 11:15:52,6.27
2026-01-28 11:15:53,6.27
2026-01-28 11:15:54,6.23
2026-01-28 11:15:55,6.23
2026-01-28 11:15:56,6.23
2026-01-28 11:15:57,6.23
2026-01-28 11:15:58,6.23
2026-01-28 11:15:59,6.23
2026-01-28 11:16:00,6.23
2026-01-28 11:16:01,6.23
2026-01-28 11:16:02,6.23
2026-01-28 11:16:03,6.23
2026-01-28 11:16:04,6.26
2026-01-28 11:16:05,6.26
2026-01-28 11:16:06,6.26
2026-01-28 11:16:07,6.26
2026-01-28 11:16:08,6.26
2026-01-28 11:16:09,6.14
2026-01-28 11:16:10,6.14
2026-01-28 11:16:11,6.14
2026-01-28 11:16:12,6.14
2026-01-28 11:16:13,6.14
2026-01-28 11:16:14,7.63
2026-01-28 11:16:15,7.63
2026-01-28 11:16:16,7.63
2026-01-28 11:16:17,7.63
2026-01-28 11:16:18,7.63
2026-01-28 11:16:19,7.38
2026-01-28 11:16:20,7.38
2026-01-28 11:16:21,7.38
2026-01-28 11:16:22,7.38
2026-01-28 11:16:23,7.38
2026-01-28 11:16:24,7.58
2026-01-28 11:16:25,7.58
2026-01-28 11:16:26,7.58
2026-01-28 11:16:27,7.58
2026-01-28 11:16:28,7.58
2026-01-28 11:16:29,7.66
2026-01-28 11:16:30,7.66
2026-01-28 11:16:31,7.66
2026-01-28 11:16:32,7.66
2026-01-28 11:16:33,7.66
2026-01-28 11:16:34,7.44
2026-01-28 11:16:35,7.44
2026-01-28 11:16:36,7.44
2026-01-28 11:16:37,7.44
2026-01-28 11:16:38,7.44
2026-01-28 11:16:39,7.44
2026-01-28 11:16:40,7.44
2026-01-28 11:16:41,7.44
2026-01-28 11:16:42,7.44
2026-01-28 11:16:43,7.44
2026-01-28 11:16:44,0
2026-01-28 11:16:45,0
2026-01-28 11:16:46,0
2026-01-28 11:16:47,0
2026-01-28 11:16:48,0
2026-01-28 11:16:49,0
2026-01-28 11:16:50,0
2026-01-28 11:16:51,0
2026-01-28 11:16:52,0
2026-01-28 11:16:53,0
2026-01-28 11:16:54,0
2026-01-28 11:16:55,0
2026-01-28 11:16:56,0
2026-01-28 11:16:57,0
2026-01-28 11:16:58,0
2026-01-28 11:16:59,0
2026-01-28 11:17:00,0
2026-01-28 11:17:01,0
2026-01-28 11:17:02,0
2026-01-28 11:17:03,0
2026-01-28 11:17:04,0
2026-01-28 11:17:05,0
2026-01-28 11:17:06,0
2026-01-28 11:17:07,0
2026-01-28 11:17:08,0
2026-01-28 11:17:09,0
2026-01-28 11:17:10,0
2026-01-28 11:17:11,0
2026-01-28 11:17:12,0
2026-01-28 11:17:13,0
2026-01-28 11:17:14,0
2026-01-28 11:17:15,0
2026-01-28 11:17:16,0
2026-01-28 11:17:17,0
2026-01-28 11:17:18,0
2026-01-28 11:17:19,0
2026-01-28 11:17:20,0
2026-01-28 11:17:21,0
2026-01-28 11:17:22,0
2026-01-28 11:17:23,0
2026-01-28 11:17:24,0
2026-01-28 11:17:25,0
2026-01-28 11:17:26,0
2026-01-28 11:17:27,0
2026-01-28 11:17:28,0
2026-01-28 11:17:29,0
2026-01-28 11:17:30,0
2026-01-28 11:17:31,0
2026-01-28 11:17:32,0
2026-01-28 11:17:33,0
2026-01-28 11:17:34,0
2026-01-28 11:17:35,0
2026-01-28 11:17:36,0
2026-01-28 11:17:37,0
2026-01-28 11:17:38,0
2026-01-28 11:17:39,0
2026-01-28 11:17:40,0
2026-01-28 11:17:41,0
2026-01-28 11:17:42,0
2026-01-28 11:17:43,0
2026-01-28 11:17:44,0
2026-01-28 11:17:45,0
2026-01-28 11:17:46,0
2026-01-28 11:17:47,0
2026-01-28 11:17:48,0
2026-01-28 11:17:49,0
2026-01-28 11:17:50,0
2026-01-28 11:17:51,0
2026-01-28 11:17:52,0
2026-01-28 11:17:53,0
2026-01-28 11:17:54,0
2026-01-28 11:17:55,0
2026-01-28 11:17:56,0
2026-01-28 11:17:57,0
2026-01-28 11:17:58,0
2026-01-28 11:17:59,0
2026-01-28 11:18:00,0
2026-01-28 11:18:01,0
2026-01-28 11:18:02,0
2026-01-28 11:18:03,0
2026-01-28 11:18:04,0
2026-01-28 11:18:05,0
2026-01-28 11:18:06,0
2026-01-28 11:18:07,0
2026-01-28 11:18:08,0
2026-01-28 11:18:09,0
2026-01-28 11:18:10,0
2026-01-28 11:18:11,0
2026-01-28 11:18:12,0
2026-01-28 11:18:13,0
2026-01-28 11:18:14,0
2026-01-28 11:18:15,0
2026-01-28 11:18:16,0
2026-01-28 11:18:17,0
2026-01-28 11:18:18,0
2026-01-28 11:23:14,2.79
2026-01-28 11:23:15,2.79
2026-01-28 11:23:16,2.79
2026-01-28 11:23:17,2.79
2026-01-28 11:23:18,2.79
2026-01-28 11:23:19,5.91
2026-01-28 11:23:20,5.91
2026-01-28 11:23:21,5.91
2026-01-28 11:23:22,5.91
2026-01-28 11:23:23,5.91
2026-01-28 11:23:24,6.38
2026-01-28 11:23:25,6.38
2026-01-28 11:23:26,6.38
2026-01-28 11:23:27,6.38
2026-01-28 11:23:28,6.38
2026-01-28 11:23:29,7.67
2026-01-28 11:23:30,7.67
2026-01-28 11:23:31,7.67
2026-01-28 11:23:32,7.67
2026-01-28 11:23:33,7.67
2026-01-28 11:23:34,7.40
2026-01-28 11:23:35,7.40
2026-01-28 11:23:36,7.40
2026-01-28 11:23:37,7.40
2026-01-28 11:23:38,7.40
2026-01-28 11:23:39,6.59
2026-01-28 11:23:40,6.59
2026-01-28 11:23:41,6.59
2026-01-28 11:23:42,6.59
2026-01-28 11:23:43,6.59
2026-01-28 11:23:44,6.17
2026-01-28 11:23:45,6.17
2026-01-28 11:23:46,6.17
2026-01-28 11:23:47,6.17
2026-01-28 11:23:48,6.17
2026-01-28 11:23:49,6.24
2026-01-28 11:23:50,6.24
2026-01-28 11:23:51,6.24
2026-01-28 11:23:52,6.24
2026-01-28 11:23:53,6.24
2026-01-28 11:23:54,6.15
2026-01-28 11:23:55,6.15
2026-01-28 11:23:56,6.15
2026-01-28 11:23:57,6.15
2026-01-28 11:23:58,6.15
2026-01-28 11:23:59,6.19
2026-01-28 11:24:00,6.19
2026-01-28 11:24:01,6.19
2026-01-28 11:24:02,6.19
2026-01-28 11:24:03,6.19
2026-01-28 11:24:04,6.21
2026-01-28 11:24:05,6.21
2026-01-28 11:24:06,6.21
2026-01-28 11:24:07,6.21
2026-01-28 11:24:08,6.21
2026-01-28 11:24:09,6.20
2026-01-28 11:24:10,6.20
2026-01-28 11:24:11,6.20
2026-01-28 11:24:12,6.20
2026-01-28 11:24:13,6.20
2026-01-28 11:24:14,6.40
2026-01-28 11:24:15,6.40
2026-01-28 11:24:16,6.40
2026-01-28 11:24:17,6.40
2026-01-28 11:24:18,6.40
2026-01-28 11:24:19,6.50
2026-01-28 11:24:20,6.50
2026-01-28 11:24:21,6.50
2026-01-28 11:24:22,6.50
2026-01-28 11:24:23,6.50
2026-01-28 11:24:24,6.15
2026-01-28 11:24:25,6.15
2026-01-28 11:24:26,6.15
2026-01-28 11:24:27,6.15
2026-01-28 11:24:28,6.15
2026-01-28 11:24:29,6.14
2026-01-28 11:24:30,6.14
2026-01-28 11:24:31,6.14
2026-01-28 11:24:32,6.14
2026-01-28 11:24:33,6.14
2026-01-28 11:24:34,6.22
2026-01-28 11:24:35,6.22
2026-01-28 11:24:36,6.22
2026-01-28 11:24:37,6.22
2026-01-28 11:24:38,6.22
2026-01-28 11:24:39,6.29
2026-01-28 11:24:40,6.29
2026-01-28 11:24:41,6.29
2026-01-28 11:24:42,6.29
2026-01-28 11:24:43,6.29
2026-01-28 11:24:44,5.64
2026-01-28 11:24:45,5.64
2026-01-28 11:24:46,5.64
2026-01-28 11:24:47,5.64
2026-01-28 11:24:48,5.64
2026-01-28 11:24:49,7.21
2026-01-28 11:24:50,7.21
2026-01-28 11:24:51,7.21
2026-01-28 11:24:52,7.21
2026-01-28 11:24:53,7.21
2026-01-28 11:24:54,7.64
2026-01-28 11:24:55,7.64
2026-01-28 11:24:56,7.64
2026-01-28 11:24:57,7.64
2026-01-28 11:24:58,7.64
2026-01-28 11:24:59,7.36
2026-01-28 11:25:00,7.36
2026-01-28 11:25:01,7.36
2026-01-28 11:25:02,7.36
2026-01-28 11:25:03,7.36
2026-01-28 11:25:04,7.41
2026-01-28 11:25:05,7.41
2026-01-28 11:25:06,7.41
2026-01-28 11:25:07,7.41
2026-01-28 11:25:08,7.41
2026-01-28 11:25:09,7.46
2026-01-28 11:25:10,7.46
2026-01-28 11:25:11,7.46
2026-01-28 11:25:12,7.46
2026-01-28 11:25:13,7.46
2026-01-28 11:25:14,7.51
2026-01-28 11:25:15,7.51
2026-01-28 11:25:16,7.51
2026-01-28 11:25:17,7.51
2026-01-28 11:25:18,7.51
2026-01-28 11:25:19,7.66
2026-01-28 11:25:20,7.66
2026-01-28 11:25:21,7.66
2026-01-28 11:25:22,7.66
2026-01-28 11:25:23,7.66
2026-01-28 11:25:24,7.34
2026-01-28 11:25:25,7.34
2026-01-28 11:25:26,7.34
2026-01-28 11:25:27,7.34
2026-01-28 11:25:28,7.34
2026-01-28 11:25:29,7.36
2026-01-28 11:25:30,7.36
2026-01-28 11:25:31,7.36
2026-01-28 11:25:32,7.36
2026-01-28 11:25:33,7.36
2026-01-28 11:25:34,7.46
2026-01-28 11:25:35,7.46
2026-01-28 11:25:36,7.46
2026-01-28 11:25:37,7.46
2026-01-28 11:25:38,7.46
2026-01-28 11:25:39,7.49
2026-01-28 11:25:40,7.49
2026-01-28 11:25:41,7.49
2026-01-28 11:25:42,7.49
2026-01-28 11:25:43,7.49
2026-01-28 11:25:44,7.38
2026-01-28 11:25:45,7.38
2026-01-28 11:25:46,7.38
2026-01-28 11:25:47,7.38
2026-01-28 11:25:48,7.38
2026-01-28 11:25:49,7.45
2026-01-28 11:25:50,7.45
2026-01-28 11:25:51,7.45
2026-01-28 11:25:52,7.45
2026-01-28 11:25:53,7.45
2026-01-28 11:25:54,7.35
2026-01-28 11:25:55,7.35
2026-01-28 11:25:56,7.35
2026-01-28 11:25:57,7.35
2026-01-28 11:25:58,7.35
2026-01-28 11:25:59,7.40
2026-01-28 11:26:00,7.40
2026-01-28 11:26:01,7.40
2026-01-28 11:26:02,7.40
2026-01-28 11:26:03,7.40
2026-01-28 11:26:04,7.36
2026-01-28 11:26:05,7.36
2026-01-28 11:26:06,7.36
2026-01-28 11:26:07,7.36
2026-01-28 11:26:08,7.36
2026-01-28 11:26:09,7.43
2026-01-28 11:26:10,7.43
2026-01-28 11:26:11,7.43
2026-01-28 11:26:12,7.43
2026-01-28 11:26:13,7.43
2026-01-28 11:26:14,7.51
2026-01-28 11:26:15,7.51
2026-01-28 11:26:16,7.51
2026-01-28 11:26:17,7.51
2026-01-28 11:26:18,7.51
2026-01-28 11:26:19,7.69
2026-01-28 11:26:20,7.69
2026-01-28 11:26:21,7.69
2026-01-28 11:26:22,7.69
2026-01-28 11:26:23,7.69
2026-01-28 11:26:24,7.38
2026-01-28 11:26:25,7.38
2026-01-28 11:26:26,7.38
2026-01-28 11:26:27,7.38
2026-01-28 11:26:28,7.38
2026-01-28 11:26:29,7.35
2026-01-28 11:26:30,7.35
2026-01-28 11:26:31,7.35
2026-01-28 11:26:32,7.35
2026-01-28 11:26:33,7.35
2026-01-28 11:26:34,7.47
2026-01-28 11:26:35,7.47
2026-01-28 11:26:36,7.47
2026-01-28 11:26:37,7.47
2026-01-28 11:26:38,7.47
2026-01-28 11:26:39,0
2026-01-28 11:26:40,0
2026-01-28 11:26:41,0
2026-01-28 11:26:42,0
2026-01-28 11:26:43,0
2026-01-28 11:26:44,0
2026-01-28 11:26:45,0
2026-01-28 11:26:46,0
2026-01-28 11:26:47,0
2026-01-28 11:26:48,0
2026-01-28 11:26:49,0
2026-01-28 11:26:50,0
2026-01-28 11:26:51,0
2026-01-28 11:26:52,0
2026-01-28 11:26:53,0
2026-01-28 11:26:54,0
2026-01-28 11:26:55,0
2026-01-28 11:26:56,0
2026-01-28 11:26:57,0
2026-01-28 11:26:58,0
2026-01-28 11:26:59,0
2026-01-28 11:27:00,0
2026-01-28 11:27:01,0
2026-01-28 11:27:02,0
2026-01-28 11:27:03,0
2026-01-28 11:27:04,0
2026-01-28 11:27:05,0
2026-01-28 11:27:06,0
2026-01-28 11:27:07,0
2026-01-28 11:27:08,0
2026-01-28 11:27:09,0
2026-01-28 11:27:10,0
2026-01-28 11:27:11,0
2026-01-28 11:27:12,0
2026-01-28 11:27:13,0
2026-01-28 11:27:14,0
2026-01-28 11:27:15,0
2026-01-28 11:27:16,0
2026-01-28 11:27:17,0
2026-01-28 11:27:18,0
2026-01-28 11:27:19,0
2026-01-28 11:27:20,0
2026-01-28 11:27:21,0
2026-01-28 11:27:22,0
2026-01-28 11:27:23,0
2026-01-28 11:27:24,0
2026-01-28 11:27:25,0
2026-01-28 11:27:26,0
2026-01-28 11:27:27,0
2026-01-28 11:27:28,0
2026-01-28 11:27:29,0
2026-01-28 11:27:30,0
2026-01-28 11:27:31,0
2026-01-28 11:27:32,0
2026-01-28 11:27:33,0
2026-01-28 11:27:34,0
2026-01-28 11:27:35,0
2026-01-28 11:27:36,0
2026-01-28 11:27:37,0
2026-01-28 11:27:38,0
2026-01-28 11:27:39,0
2026-01-28 11:27:40,0
2026-01-28 11:27:41,0
2026-01-28 11:27:42,0
2026-01-28 11:27:43,0
2026-01-28 11:27:44,0
2026-01-28 11:27:45,0
2026-01-28 11:27:46,0
2026-01-28 11:27:47,0
2026-01-28 11:27:48,0
2026-01-28 11:27:49,0
2026-01-28 11:27:50,0
2026-01-28 11:27:51,0
2026-01-28 11:27:52,0
2026-01-28 11:27:53,0
2026-01-28 11:27:54,0
2026-01-28 11:27:55,0
2026-01-28 11:27:56,0
2026-01-28 11:27:57,0
2026-01-28 11:27:58,0
2026-01-28 11:27:59,0
2026-01-28 11:28:00,0
2026-01-28 11:28:01,0
2026-01-28 11:28:02,0
2026-01-28 11:28:03,0
2026-01-28 11:28:04,0
2026-01-28 11:28:05,0
2026-01-28 11:28:06,0
2026-01-28 11:28:07,0
2026-01-28 11:28:08,0
2026-01-28 11:28:09,0
2026-01-28 11:28:10,0
2026-01-28 11:28:11,0
2026-01-28 11:28:12,0
2026-01-28 11:28:13,0
2026-01-28 11:33:19,1.52
2026-01-28 11:33:20,1.52
2026-01-28 11:33:21,1.52
2026-01-28 11:33:22,1.52
2026-01-28 11:33:23,1.52
2026-01-28 11:33:24,5.79
2026-01-28 11:33:25,5.79
2026-01-28 11:33:26,5.79
2026-01-28 11:33:27,5.79
2026-01-28 11:33:28,5.79
2026-01-28 11:33:29,6.84
2026-01-28 11:33:30,6.84
2026-01-28 11:33:31,6.84
2026-01-28 11:33:32,6.84
2026-01-28 11:33:33,6.84
2026-01-28 11:33:34,6.40
2026-01-28 11:33:35,6.40
2026-01-28 11:33:36,6.40
2026-01-28 11:33:37,6.40
2026-01-28 11:33:38,6.40
2026-01-28 11:33:39,6.58
2026-01-28 11:33:40,6.58
2026-01-28 11:33:41,6.58
2026-01-28 11:33:42,6.58
2026-01-28 11:33:43,6.58
2026-01-28 11:33:44,6.78
2026-01-28 11:33:45,6.78
2026-01-28 11:33:46,6.78
2026-01-28 11:33:47,6.78
2026-01-28 11:33:48,6.78
2026-01-28 11:33:49,6.31
2026-01-28 11:33:50,6.31
2026-01-28 11:33:51,6.31
2026-01-28 11:33:52,6.31
2026-01-28 11:33:53,6.31
2026-01-28 11:33:54,6.20
2026-01-28 11:33:55,6.20
2026-01-28 11:33:56,6.20
2026-01-28 11:33:57,6.20
2026-01-28 11:33:58,6.20
2026-01-28 11:33:59,5.94
2026-01-28 11:34:00,5.94
2026-01-28 11:34:01,5.94
2026-01-28 11:34:02,5.94
2026-01-28 11:34:03,5.94
2026-01-28 11:34:04,7.22
2026-01-28 11:34:05,7.22
2026-01-28 11:34:06,7.22
2026-01-28 11:34:07,7.22
2026-01-28 11:34:08,7.22
2026-01-28 11:34:09,8.63
2026-01-28 11:34:10,8.63
2026-01-28 11:34:11,8.63
2026-01-28 11:34:12,8.63
2026-01-28 11:34:13,8.63
2026-01-28 11:34:14,6.23
2026-01-28 11:34:15,6.23
2026-01-28 11:34:16,6.23
2026-01-28 11:34:17,6.23
2026-01-28 11:34:18,6.23
2026-01-28 11:34:19,6.28
2026-01-28 11:34:20,6.28
2026-01-28 11:34:21,6.28
2026-01-28 11:34:22,6.28
2026-01-28 11:34:23,6.28
2026-01-28 11:34:24,6.42
2026-01-28 11:34:25,6.42
2026-01-28 11:34:26,6.42
2026-01-28 11:34:27,6.42
2026-01-28 11:34:28,6.42
2026-01-28 11:34:29,6.24
2026-01-28 11:34:30,6.24
2026-01-28 11:34:31,6.24
2026-01-28 11:34:32,6.24
2026-01-28 11:34:33,6.24
2026-01-28 11:34:34,6.26
2026-01-28 11:34:35,6.26
2026-01-28 11:34:36,6.26
2026-01-28 11:34:37,6.26
2026-01-28 11:34:38,6.26
2026-01-28 11:34:39,5.75
2026-01-28 11:34:40,5.75
2026-01-28 11:34:41,5.75
2026-01-28 11:34:42,5.75
2026-01-28 11:34:43,5.75
2026-01-28 11:34:44,7.10
2026-01-28 11:34:45,7.10
2026-01-28 11:34:46,7.10
2026-01-28 11:34:47,7.10
2026-01-28 11:34:48,7.10
2026-01-28 11:34:49,7.67
2026-01-28 11:34:50,7.67
2026-01-28 11:34:51,7.67
2026-01-28 11:34:52,7.67
2026-01-28 11:34:53,7.67
2026-01-28 11:34:54,7.64
2026-01-28 11:34:55,7.64
2026-01-28 11:34:56,7.64
2026-01-28 11:34:57,7.64
2026-01-28 11:34:58,7.64
2026-01-28 11:34:59,7.35
2026-01-28 11:35:00,7.35
2026-01-28 11:35:01,7.35
2026-01-28 11:35:02,7.35
2026-01-28 11:35:03,7.35
2026-01-28 11:35:04,7.34
2026-01-28 11:35:05,7.34
2026-01-28 11:35:06,7.34
2026-01-28 11:35:07,7.34
2026-01-28 11:35:08,7.34
2026-01-28 11:35:09,7.41
2026-01-28 11:35:10,7.41
2026-01-28 11:35:11,7.41
2026-01-28 11:35:12,7.41
2026-01-28 11:35:13,7.41
2026-01-28 11:35:14,7.03
2026-01-28 11:35:15,7.03
2026-01-28 11:35:16,7.03
2026-01-28 11:35:17,7.03
2026-01-28 11:35:18,7.03
2026-01-28 11:35:19,7.85
2026-01-28 11:35:20,7.85
2026-01-28 11:35:21,7.85
2026-01-28 11:35:22,7.85
2026-01-28 11:35:23,7.85
2026-01-28 11:35:24,8.65
2026-01-28 11:35:25,8.65
2026-01-28 11:35:26,8.65
2026-01-28 11:35:27,8.65
2026-01-28 11:35:28,8.65
2026-01-28 11:35:29,8.66
2026-01-28 11:35:30,8.66
2026-01-28 11:35:31,8.66
2026-01-28 11:35:32,8.66
2026-01-28 11:35:33,8.66
2026-01-28 11:35:34,8.41
2026-01-28 11:35:35,8.41
2026-01-28 11:35:36,8.41
2026-01-28 11:35:37,8.41
2026-01-28 11:35:38,8.41
2026-01-28 11:35:39,8.40
2026-01-28 11:35:40,8.40
2026-01-28 11:35:41,8.40
2026-01-28 11:35:42,8.40
2026-01-28 11:35:43,8.40
2026-01-28 11:35:44,8.37
2026-01-28 11:35:45,8.37
2026-01-28 11:35:46,8.37
2026-01-28 11:35:47,8.37
2026-01-28 11:35:48,8.37
2026-01-28 11:35:49,8.39
2026-01-28 11:35:50,8.39
2026-01-28 11:35:51,8.39
2026-01-28 11:35:52,8.39
2026-01-28 11:35:53,8.39
2026-01-28 11:35:54,8.39
2026-01-28 11:35:55,8.39
2026-01-28 11:35:56,8.39
2026-01-28 11:35:57,8.39
2026-01-28 11:35:58,8.39
2026-01-28 11:35:59,8.43
2026-01-28 11:36:00,8.43
2026-01-28 11:36:01,8.43
2026-01-28 11:36:02,8.43
2026-01-28 11:36:03,8.43
2026-01-28 11:36:04,8.31
2026-01-28 11:36:05,8.31
2026-01-28 11:36:06,8.31
2026-01-28 11:36:07,8.31
2026-01-28 11:36:08,8.31
2026-01-28 11:36:09,8.40
2026-01-28 11:36:10,8.40
2026-01-28 11:36:11,8.40
2026-01-28 11:36:12,8.40
2026-01-28 11:36:13,8.40
2026-01-28 11:36:14,8.45
2026-01-28 11:36:15,8.45
2026-01-28 11:36:16,8.45
2026-01-28 11:36:17,8.45
2026-01-28 11:36:18,8.45
2026-01-28 11:36:19,8.51
2026-01-28 11:36:20,8.51
2026-01-28 11:36:21,8.51
2026-01-28 11:36:22,8.51
2026-01-28 11:36:23,8.51
2026-01-28 11:36:24,8.56
2026-01-28 11:36:25,8.56
2026-01-28 11:36:26,8.56
2026-01-28 11:36:27,8.56
2026-01-28 11:36:28,8.56
2026-01-28 11:36:29,8.35
2026-01-28 11:36:30,8.35
2026-01-28 11:36:31,8.35
2026-01-28 11:36:32,8.35
2026-01-28 11:36:33,8.35
2026-01-28 11:36:34,9.19
2026-01-28 11:36:35,9.19
2026-01-28 11:36:36,9.19
2026-01-28 11:36:37,9.19
2026-01-28 11:36:38,9.19
2026-01-28 11:36:39,9.42
2026-01-28 11:36:40,9.42
2026-01-28 11:36:41,9.42
2026-01-28 11:36:42,9.42
2026-01-28 11:36:43,9.42
2026-01-28 11:36:44,7.57
2026-01-28 11:36:45,7.57
2026-01-28 11:36:46,7.57
2026-01-28 11:36:47,7.57
2026-01-28 11:36:48,7.57
2026-01-28 11:36:49,0
2026-01-28 11:36:50,0
2026-01-28 11:36:51,0
2026-01-28 11:36:52,0
2026-01-28 11:36:53,0
2026-01-28 11:36:54,0
2026-01-28 11:36:55,0
2026-01-28 11:36:56,0
2026-01-28 11:36:57,0
2026-01-28 11:36:58,0
2026-01-28 11:36:59,0
2026-01-28 11:37:00,0
2026-01-28 11:37:01,0
2026-01-28 11:37:02,0
2026-01-28 11:37:03,0
2026-01-28 11:37:04,0
2026-01-28 11:37:05,0
2026-01-28 11:37:06,0
2026-01-28 11:37:07,0
2026-01-28 11:37:08,0
2026-01-28 11:37:09,0
2026-01-28 11:37:10,0
2026-01-28 11:37:11,0
2026-01-28 11:37:12,0
2026-01-28 11:37:13,0
2026-01-28 11:37:14,0
2026-01-28 11:37:15,0
2026-01-28 11:37:16,0
2026-01-28 11:37:17,0
2026-01-28 11:37:18,0
2026-01-28 11:37:19,0
2026-01-28 11:37:20,0
2026-01-28 11:37:21,0
2026-01-28 11:37:22,0
2026-01-28 11:37:23,0
2026-01-28 11:37:24,0
2026-01-28 11:37:25,0
2026-01-28 11:37:26,0
2026-01-28 11:37:27,0
2026-01-28 11:37:28,0
2026-01-28 11:37:29,0
2026-01-28 11:37:30,0
2026-01-28 11:37:31,0
2026-01-28 11:37:32,0
2026-01-28 11:37:33,0
2026-01-28 11:37:34,0
2026-01-28 11:37:35,0
2026-01-28 11:37:36,0
2026-01-28 11:37:37,0
2026-01-28 11:37:38,0
2026-01-28 11:37:39,0
2026-01-28 11:37:40,0
2026-01-28 11:37:41,0
2026-01-28 11:37:42,0
2026-01-28 11:37:43,0
2026-01-28 11:37:44,0
2026-01-28 11:37:45,0
2026-01-28 11:37:46,0
2026-01-28 11:37:47,0
2026-01-28 11:37:48,0
2026-01-28 11:37:49,0
2026-01-28 11:37:50,0
2026-01-28 11:37:51,0
2026-01-28 11:37:52,0
2026-01-28 11:37:53,0
2026-01-28 11:37:54,0
2026-01-28 11:37:55,0
2026-01-28 11:37:56,0
2026-01-28 11:37:57,0
2026-01-28 11:37:58,0
2026-01-28 11:37:59,0
2026-01-28 11:38:00,0
2026-01-28 11:38:01,0
2026-01-28 11:38:02,0
2026-01-28 11:38:03,0
2026-01-28 11:38:04,0
2026-01-28 11:38:05,0
2026-01-28 11:38:06,0
2026-01-28 11:38:07,0
2026-01-28 11:38:08,0
2026-01-28 11:38:09,0
2026-01-28 11:38:10,0
2026-01-28 11:38:11,0
2026-01-28 11:38:12,0
2026-01-28 11:38:13,0
2026-01-28 11:38:14,0
2026-01-28 11:38:15,0
2026-01-28 11:38:16,0
2026-01-28 11:38:17,0
2026-01-28 11:38:18,0
2026-01-28 11:38:19,0
2026-01-28 11:38:20,0
2026-01-28 11:38:21,0
2026-01-28 11:38:22,0
2026-01-28 11:38:23,0
2026-01-28 11:38:34,2.77
2026-01-28 11:38:35,2.77
2026-01-28 11:38:36,2.77
2026-01-28 11:38:37,2.77
2026-01-28 11:38:38,2.77
2026-01-28 11:38:39,5.49
2026-01-28 11:38:40,5.49
2026-01-28 11:38:41,5.49
2026-01-28 11:38:42,5.49
2026-01-28 11:38:43,5.49
2026-01-28 11:38:44,6.31
2026-01-28 11:38:45,6.31
2026-01-28 11:38:46,6.31
2026-01-28 11:38:47,6.31
2026-01-28 11:38:48,6.31
2026-01-28 11:38:49,6.53
2026-01-28 11:38:50,6.53
2026-01-28 11:38:51,6.53
2026-01-28 11:38:52,6.53
2026-01-28 11:38:53,6.53
2026-01-28 11:38:54,6.14
2026-01-28 11:38:55,6.14
2026-01-28 11:38:56,6.14
2026-01-28 11:38:57,6.14
2026-01-28 11:38:58,6.14
2026-01-28 11:38:59,6.17
2026-01-28 11:39:00,6.17
2026-01-28 11:39:01,6.17
2026-01-28 11:39:02,6.17
2026-01-28 11:39:03,6.17
2026-01-28 11:39:04,6.04
2026-01-28 11:39:05,6.04
2026-01-28 11:39:06,6.04
2026-01-28 11:39:07,6.04
2026-01-28 11:39:08,6.04
2026-01-28 11:39:09,6.28
2026-01-28 11:39:10,6.28
2026-01-28 11:39:11,6.28
2026-01-28 11:39:12,6.28
2026-01-28 11:39:13,6.28
2026-01-28 11:39:14,6.17
2026-01-28 11:39:15,6.17
2026-01-28 11:39:16,6.17
2026-01-28 11:39:17,6.17
2026-01-28 11:39:18,6.17
2026-01-28 11:39:19,9.11
2026-01-28 11:39:20,9.11
2026-01-28 11:39:21,9.11
2026-01-28 11:39:22,9.11
2026-01-28 11:39:23,9.11
2026-01-28 11:39:24,7.48
2026-01-28 11:39:25,7.48
2026-01-28 11:39:26,7.48
2026-01-28 11:39:27,7.48
2026-01-28 11:39:28,7.48
2026-01-28 11:39:29,4.77
2026-01-28 11:39:30,4.77
2026-01-28 11:39:31,4.77
2026-01-28 11:39:32,4.77
2026-01-28 11:39:33,4.77
2026-01-28 11:39:34,4.73
2026-01-28 11:39:35,4.73
2026-01-28 11:39:36,4.73
2026-01-28 11:39:37,4.73
2026-01-28 11:39:38,4.73
2026-01-28 11:39:39,6.52
2026-01-28 11:39:40,6.52
2026-01-28 11:39:41,6.52
2026-01-28 11:39:42,6.52
2026-01-28 11:39:43,6.52
2026-01-28 11:39:44,6.09
2026-01-28 11:39:45,6.09
2026-01-28 11:39:46,6.09
2026-01-28 11:39:47,6.09
2026-01-28 11:39:48,6.09
2026-01-28 11:39:49,6.31
2026-01-28 11:39:50,6.31
2026-01-28 11:39:51,6.31
2026-01-28 11:39:52,6.31
2026-01-28 11:39:53,6.31
2026-01-28 11:39:54,6.11
2026-01-28 11:39:55,6.11
2026-01-28 11:39:56,6.11
2026-01-28 11:39:57,6.11
2026-01-28 11:39:58,6.11
2026-01-28 11:39:59,6.01
2026-01-28 11:40:00,6.01
2026-01-28 11:40:01,6.01
2026-01-28 11:40:02,6.01
2026-01-28 11:40:03,6.01
2026-01-28 11:40:04,6.11
2026-01-28 11:40:05,6.11
2026-01-28 11:40:06,6.11
2026-01-28 11:40:07,6.11
2026-01-28 11:40:08,6.11
2026-01-28 11:40:09,10.1
2026-01-28 11:40:10,10.1
2026-01-28 11:40:11,10.1
2026-01-28 11:40:12,10.1
2026-01-28 11:40:13,10.1
2026-01-28 11:40:14,6.40
2026-01-28 11:40:15,6.40
2026-01-28 11:40:16,6.40
2026-01-28 11:40:17,6.40
2026-01-28 11:40:18,6.40
2026-01-28 11:40:19,6.52
2026-01-28 11:40:20,6.52
2026-01-28 11:40:21,6.52
2026-01-28 11:40:22,6.52
2026-01-28 11:40:23,6.52
2026-01-28 11:40:24,6.58
2026-01-28 11:40:25,6.58
2026-01-28 11:40:26,6.58
2026-01-28 11:40:27,6.58
2026-01-28 11:40:28,6.58
2026-01-28 11:40:29,6.35
2026-01-28 11:40:30,6.35
2026-01-28 11:40:31,6.35
2026-01-28 11:40:32,6.35
2026-01-28 11:40:33,6.35
2026-01-28 11:40:34,6.36
2026-01-28 11:40:35,6.36
2026-01-28 11:40:36,6.36
2026-01-28 11:40:37,6.36
2026-01-28 11:40:38,6.36
2026-01-28 11:40:39,6.37
2026-01-28 11:40:40,6.37
2026-01-28 11:40:41,6.37
2026-01-28 11:40:42,6.37
2026-01-28 11:40:43,6.37
2026-01-28 11:40:44,6.35
2026-01-28 11:40:45,6.35
2026-01-28 11:40:46,6.35
2026-01-28 11:40:47,6.35
2026-01-28 11:40:48,6.35
2026-01-28 11:40:49,5.77
2026-01-28 11:40:50,5.77
2026-01-28 11:40:51,5.77
2026-01-28 11:40:52,5.77
2026-01-28 11:40:53,5.77
2026-01-28 11:40:54,7.87
2026-01-28 11:40:55,7.87
2026-01-28 11:40:56,7.87
2026-01-28 11:40:57,7.87
2026-01-28 11:40:58,7.87
2026-01-28 11:40:59,8.38
2026-01-28 11:41:00,8.38
2026-01-28 11:41:01,8.38
2026-01-28 11:41:02,8.38
2026-01-28 11:41:03,8.38
2026-01-28 11:41:04,5.98
2026-01-28 11:41:05,5.98
2026-01-28 11:41:06,5.98
2026-01-28 11:41:07,5.98
2026-01-28 11:41:08,5.98
2026-01-28 11:41:09,7.12
2026-01-28 11:41:10,7.12
2026-01-28 11:41:11,7.12
2026-01-28 11:41:12,7.12
2026-01-28 11:41:13,7.12
2026-01-28 11:41:14,7.46
2026-01-28 11:41:15,7.46
2026-01-28 11:41:16,7.46
2026-01-28 11:41:17,7.46
2026-01-28 11:41:18,7.46
2026-01-28 11:41:19,7.65
2026-01-28 11:41:20,7.65
2026-01-28 11:41:21,7.65
2026-01-28 11:41:22,7.65
2026-01-28 11:41:23,7.65
2026-01-28 11:41:24,7.74
2026-01-28 11:41:25,7.74
2026-01-28 11:41:26,7.74
2026-01-28 11:41:27,7.74
2026-01-28 11:41:28,7.74
2026-01-28 11:41:29,7.46
2026-01-28 11:41:30,7.46
2026-01-28 11:41:31,7.46
2026-01-28 11:41:32,7.46
2026-01-28 11:41:33,7.46
2026-01-28 11:41:34,7.48
2026-01-28 11:41:35,7.48
2026-01-28 11:41:36,7.48
2026-01-28 11:41:37,7.48
2026-01-28 11:41:38,7.48
2026-01-28 11:41:39,7.55
2026-01-28 11:41:40,7.55
2026-01-28 11:41:41,7.55
2026-01-28 11:41:42,7.55
2026-01-28 11:41:43,7.55
2026-01-28 11:41:44,7.47
2026-01-28 11:41:45,7.47
2026-01-28 11:41:46,7.47
2026-01-28 11:41:47,7.47
2026-01-28 11:41:48,7.47
2026-01-28 11:41:49,7.60
2026-01-28 11:41:50,7.60
2026-01-28 11:41:51,7.60
2026-01-28 11:41:52,7.60
2026-01-28 11:41:53,7.60
2026-01-28 11:41:54,7.50
2026-01-28 11:41:55,7.50
2026-01-28 11:41:56,7.50
2026-01-28 11:41:57,7.50
2026-01-28 11:41:58,7.50
2026-01-28 11:41:59,0
2026-01-28 11:42:00,0
2026-01-28 11:42:01,0
2026-01-28 11:42:02,0
2026-01-28 11:42:03,0
2026-01-28 11:42:04,0
2026-01-28 11:42:05,0
2026-01-28 11:42:06,0
2026-01-28 11:42:07,0
2026-01-28 11:42:08,0
2026-01-28 11:42:09,0
2026-01-28 11:42:10,0
2026-01-28 11:42:11,0
2026-01-28 11:42:12,0
2026-01-28 11:42:13,0
2026-01-28 11:42:14,0
2026-01-28 11:42:15,0
2026-01-28 11:42:16,0
2026-01-28 11:42:17,0
2026-01-28 11:42:18,0
2026-01-28 11:42:19,0
2026-01-28 11:42:20,0
2026-01-28 11:42:21,0
2026-01-28 11:42:22,0
2026-01-28 11:42:23,0
2026-01-28 11:42:24,0
2026-01-28 11:42:25,0
2026-01-28 11:42:26,0
2026-01-28 11:42:27,0
2026-01-28 11:42:28,0
2026-01-28 11:42:29,0
2026-01-28 11:42:30,0
2026-01-28 11:42:31,0
2026-01-28 11:42:32,0
2026-01-28 11:42:33,0
2026-01-28 11:42:34,0
2026-01-28 11:42:35,0
2026-01-28 11:42:36,0
2026-01-28 11:42:37,0
2026-01-28 11:42:38,0
2026-01-28 11:42:39,0
2026-01-28 11:42:40,0
2026-01-28 11:42:41,0
2026-01-28 11:42:42,0
2026-01-28 11:42:43,0
2026-01-28 11:42:44,0
2026-01-28 11:42:45,0
2026-01-28 11:42:46,0
2026-01-28 11:42:47,0
2026-01-28 11:42:48,0
2026-01-28 11:42:49,0
2026-01-28 11:42:50,0
2026-01-28 11:42:51,0
2026-01-28 11:42:52,0
2026-01-28 11:42:53,0
2026-01-28 11:42:54,0
2026-01-28 11:42:55,0
2026-01-28 11:42:56,0
2026-01-28 11:42:57,0
2026-01-28 11:42:58,0
2026-01-28 11:42:59,0
2026-01-28 11:43:00,0
2026-01-28 11:43:01,0
2026-01-28 11:43:02,0
2026-01-28 11:43:03,0
2026-01-28 11:43:04,0
2026-01-28 11:43:05,0
2026-01-28 11:43:06,0
2026-01-28 11:43:07,0
2026-01-28 11:43:08,0
2026-01-28 11:43:09,0
2026-01-28 11:43:10,0
2026-01-28 11:43:11,0
2026-01-28 11:43:12,0
2026-01-28 11:43:13,0
2026-01-28 11:43:14,0
2026-01-28 11:43:15,0
2026-01-28 11:43:16,0
2026-01-28 11:43:17,0
2026-01-28 11:43:18,0
2026-01-28 11:43:19,0
2026-01-28 11:43:20,0
2026-01-28 11:43:21,0
2026-01-28 11:43:22,0
2026-01-28 11:43:23,0
2026-01-28 11:43:24,0
2026-01-28 11:43:25,0
2026-01-28 11:43:26,0
2026-01-28 11:43:27,0
2026-01-28 11:43:28,0
2026-01-28 11:43:29,0
2026-01-28 11:43:30,0
2026-01-28 11:43:31,0
2026-01-28 11:43:32,0
2026-01-28 11:43:33,0
2026-01-28 11:43:59,5.39
2026-01-28 11:44:00,5.39
2026-01-28 11:44:01,5.39
2026-01-28 11:44:02,5.39
2026-01-28 11:44:03,5.39
2026-01-28 11:44:04,7.28
2026-01-28 11:44:05,7.28
2026-01-28 11:44:06,7.28
2026-01-28 11:44:07,7.28
2026-01-28 11:44:08,7.28
2026-01-28 11:44:09,7.55
2026-01-28 11:44:10,7.55
2026-01-28 11:44:11,7.55
2026-01-28 11:44:12,7.55
2026-01-28 11:44:13,7.55
2026-01-28 11:44:14,7.17
2026-01-28 11:44:15,7.17
2026-01-28 11:44:16,7.17
2026-01-28 11:44:17,7.17
2026-01-28 11:44:18,7.17
2026-01-28 11:44:19,7.42
2026-01-28 11:44:20,7.42
2026-01-28 11:44:21,7.42
2026-01-28 11:44:22,7.42
2026-01-28 11:44:23,7.42
2026-01-28 11:44:24,7.38
2026-01-28 11:44:25,7.38
2026-01-28 11:44:26,7.38
2026-01-28 11:44:27,7.38
2026-01-28 11:44:28,7.38
2026-01-28 11:44:29,6.83
2026-01-28 11:44:30,6.83
2026-01-28 11:44:31,6.83
2026-01-28 11:44:32,6.83
2026-01-28 11:44:33,6.83
2026-01-28 11:44:34,8.14
2026-01-28 11:44:35,8.14
2026-01-28 11:44:36,8.14
2026-01-28 11:44:37,8.14
2026-01-28 11:44:38,8.14
2026-01-28 11:44:39,8.60
2026-01-28 11:44:40,8.60
2026-01-28 11:44:41,8.60
2026-01-28 11:44:42,8.60
2026-01-28 11:44:43,8.60
2026-01-28 11:44:44,9.55
2026-01-28 11:44:45,9.55
2026-01-28 11:44:46,9.55
2026-01-28 11:44:47,9.55
2026-01-28 11:44:48,9.55
2026-01-28 11:44:49,9.53
2026-01-28 11:44:50,9.53
2026-01-28 11:44:51,9.53
2026-01-28 11:44:52,9.53
2026-01-28 11:44:53,9.53
2026-01-28 11:44:54,7.95
2026-01-28 11:44:55,7.95
2026-01-28 11:44:56,7.95
2026-01-28 11:44:57,7.95
2026-01-28 11:44:58,7.95
2026-01-28 11:44:59,6.26
2026-01-28 11:45:00,6.26
2026-01-28 11:45:01,6.26
2026-01-28 11:45:02,6.26
2026-01-28 11:45:03,6.26
2026-01-28 11:45:04,6.26
2026-01-28 11:45:05,6.26
2026-01-28 11:45:06,6.26
2026-01-28 11:45:07,6.26
2026-01-28 11:45:08,6.26
2026-01-28 11:45:09,6.22
2026-01-28 11:45:10,6.22
2026-01-28 11:45:11,6.22
2026-01-28 11:45:12,6.22
2026-01-28 11:45:13,6.22
2026-01-28 11:45:14,6.36
2026-01-28 11:45:15,6.36
2026-01-28 11:45:16,6.36
2026-01-28 11:45:17,6.36
2026-01-28 11:45:18,6.36
2026-01-28 11:45:19,6.30
2026-01-28 11:45:20,6.30
2026-01-28 11:45:21,6.30
2026-01-28 11:45:22,6.30
2026-01-28 11:45:23,6.30
2026-01-28 11:45:24,6.44
2026-01-28 11:45:25,6.44
2026-01-28 11:45:26,6.44
2026-01-28 11:45:27,6.44
2026-01-28 11:45:28,6.44
2026-01-28 11:45:29,6.20
2026-01-28 11:45:30,6.20
2026-01-28 11:45:31,6.20
2026-01-28 11:45:32,6.20
2026-01-28 11:45:33,6.20
2026-01-28 11:45:34,6.28
2026-01-28 11:45:35,6.28
2026-01-28 11:45:36,6.28
2026-01-28 11:45:37,6.28
2026-01-28 11:45:38,6.28
2026-01-28 11:45:39,6.29
2026-01-28 11:45:40,6.29
2026-01-28 11:45:41,6.29
2026-01-28 11:45:42,6.29
2026-01-28 11:45:43,6.29
2026-01-28 11:45:44,6.23
2026-01-28 11:45:45,6.23
2026-01-28 11:45:46,6.23
2026-01-28 11:45:47,6.23
2026-01-28 11:45:48,6.23
2026-01-28 11:45:49,6.25
2026-01-28 11:45:50,6.25
2026-01-28 11:45:51,6.25
2026-01-28 11:45:52,6.25
2026-01-28 11:45:53,6.25
2026-01-28 11:45:54,6.30
2026-01-28 11:45:55,6.30
2026-01-28 11:45:56,6.30
2026-01-28 11:45:57,6.30
2026-01-28 11:45:58,6.30
2026-01-28 11:45:59,6.24
2026-01-28 11:46:00,6.24
2026-01-28 11:46:01,6.24
2026-01-28 11:46:02,6.24
2026-01-28 11:46:03,6.24
2026-01-28 11:46:04,6.19
2026-01-28 11:46:05,6.19
2026-01-28 11:46:06,6.19
2026-01-28 11:46:07,6.19
2026-01-28 11:46:08,6.19
2026-01-28 11:46:09,6.25
2026-01-28 11:46:10,6.25
2026-01-28 11:46:11,6.25
2026-01-28 11:46:12,6.25
2026-01-28 11:46:13,6.25
2026-01-28 11:46:14,6.65
2026-01-28 11:46:15,6.65
2026-01-28 11:46:16,6.65
2026-01-28 11:46:17,6.65
2026-01-28 11:46:18,6.65
2026-01-28 11:46:19,6.35
2026-01-28 11:46:20,6.35
2026-01-28 11:46:21,6.35
2026-01-28 11:46:22,6.35
2026-01-28 11:46:23,6.35
2026-01-28 11:46:24,6.47
2026-01-28 11:46:25,6.47
2026-01-28 11:46:26,6.47
2026-01-28 11:46:27,6.47
2026-01-28 11:46:28,6.47
2026-01-28 11:46:29,6.36
2026-01-28 11:46:30,6.36
2026-01-28 11:46:31,6.36
2026-01-28 11:46:32,6.36
2026-01-28 11:46:33,6.36
2026-01-28 11:46:34,6.52
2026-01-28 11:46:35,6.52
2026-01-28 11:46:36,6.52
2026-01-28 11:46:37,6.52
2026-01-28 11:46:38,6.52
2026-01-28 11:46:39,6.24
2026-01-28 11:46:40,6.24
2026-01-28 11:46:41,6.24
2026-01-28 11:46:42,6.24
2026-01-28 11:46:43,6.24
2026-01-28 11:46:44,5.72
2026-01-28 11:46:45,5.72
2026-01-28 11:46:46,5.72
2026-01-28 11:46:47,5.72
2026-01-28 11:46:48,5.72
2026-01-28 11:46:49,7.26
2026-01-28 11:46:50,7.26
2026-01-28 11:46:51,7.26
2026-01-28 11:46:52,7.26
2026-01-28 11:46:53,7.26
2026-01-28 11:46:54,7.62
2026-01-28 11:46:55,7.62
2026-01-28 11:46:56,7.62
2026-01-28 11:46:57,7.62
2026-01-28 11:46:58,7.62
2026-01-28 11:46:59,7.32
2026-01-28 11:47:00,7.32
2026-01-28 11:47:01,7.32
2026-01-28 11:47:02,7.32
2026-01-28 11:47:03,7.32
2026-01-28 11:47:04,7.38
2026-01-28 11:47:05,7.38
2026-01-28 11:47:06,7.38
2026-01-28 11:47:07,7.38
2026-01-28 11:47:08,7.38
2026-01-28 11:47:09,7.37
2026-01-28 11:47:10,7.37
2026-01-28 11:47:11,7.37
2026-01-28 11:47:12,7.37
2026-01-28 11:47:13,7.37
2026-01-28 11:47:14,7.48
2026-01-28 11:47:15,7.48
2026-01-28 11:47:16,7.48
2026-01-28 11:47:17,7.48
2026-01-28 11:47:18,7.48
2026-01-28 11:47:19,9.31
2026-01-28 11:47:20,9.31
2026-01-28 11:47:21,9.31
2026-01-28 11:47:22,9.31
2026-01-28 11:47:23,9.31
2026-01-28 11:47:24,0
2026-01-28 11:47:25,0
2026-01-28 11:47:26,0
2026-01-28 11:47:27,0
2026-01-28 11:47:28,0
2026-01-28 11:47:29,0
2026-01-28 11:47:30,0
2026-01-28 11:47:31,0
2026-01-28 11:47:32,0
2026-01-28 11:47:33,0
2026-01-28 11:47:34,0
2026-01-28 11:47:35,0
2026-01-28 11:47:36,0
2026-01-28 11:47:37,0
2026-01-28 11:47:38,0
2026-01-28 11:47:39,0
2026-01-28 11:47:40,0
2026-01-28 11:47:41,0
2026-01-28 11:47:42,0
2026-01-28 11:47:43,0
2026-01-28 11:47:44,0
2026-01-28 11:47:45,0
2026-01-28 11:47:46,0
2026-01-28 11:47:47,0
2026-01-28 11:47:48,0
2026-01-28 11:47:49,0
2026-01-28 11:47:50,0
2026-01-28 11:47:51,0
2026-01-28 11:47:52,0
2026-01-28 11:47:53,0
2026-01-28 11:47:54,0
2026-01-28 11:47:55,0
2026-01-28 11:47:56,0
2026-01-28 11:47:57,0
2026-01-28 11:47:58,0
2026-01-28 11:47:59,0
2026-01-28 11:48:00,0
2026-01-28 11:48:01,0
2026-01-28 11:48:02,0
2026-01-28 11:48:03,0
2026-01-28 11:48:04,0
2026-01-28 11:48:05,0
2026-01-28 11:48:06,0
2026-01-28 11:48:07,0
2026-01-28 11:48:08,0
2026-01-28 11:48:09,0
2026-01-28 11:48:10,0
2026-01-28 11:48:11,0
2026-01-28 11:48:12,0
2026-01-28 11:48:13,0
2026-01-28 11:48:14,0
2026-01-28 11:48:15,0
2026-01-28 11:48:16,0
2026-01-28 11:48:17,0
2026-01-28 11:48:18,0
2026-01-28 11:48:19,0
2026-01-28 11:48:20,0
2026-01-28 11:48:21,0
2026-01-28 11:48:22,0
2026-01-28 11:48:23,0
2026-01-28 11:48:24,0
2026-01-28 11:48:25,0
2026-01-28 11:48:26,0
2026-01-28 11:48:27,0
2026-01-28 11:48:28,0
2026-01-28 11:48:29,0
2026-01-28 11:48:30,0
2026-01-28 11:48:31,0
2026-01-28 11:48:32,0
2026-01-28 11:48:33,0
2026-01-28 11:48:34,0
2026-01-28 11:48:35,0
2026-01-28 11:48:36,0
2026-01-28 11:48:37,0
2026-01-28 11:48:38,0
2026-01-28 11:48:39,0
2026-01-28 11:48:40,0
2026-01-28 11:48:41,0
2026-01-28 11:48:42,0
2026-01-28 11:48:43,0
2026-01-28 11:48:44,0
2026-01-28 11:48:45,0
2026-01-28 11:48:46,0
2026-01-28 11:48:47,0
2026-01-28 11:48:48,0
2026-01-28 11:48:49,0
2026-01-28 11:48:50,0
2026-01-28 11:48:51,0
2026-01-28 11:48:52,0
2026-01-28 11:48:53,0
2026-01-28 11:48:54,0
2026-01-28 11:48:55,0
2026-01-28 11:48:56,0
2026-01-28 11:48:57,0
2026-01-28 11:48:58,0
2026-01-28 11:49:44,4.04
2026-01-28 11:49:45,4.04
2026-01-28 11:49:46,4.04
2026-01-28 11:49:47,4.04
2026-01-28 11:49:48,4.04
2026-01-28 11:49:49,7.61
2026-01-28 11:49:50,7.61
2026-01-28 11:49:51,7.61
2026-01-28 11:49:52,7.61
2026-01-28 11:49:53,7.61
2026-01-28 11:49:54,7.41
2026-01-28 11:49:55,7.41
2026-01-28 11:49:56,7.41
2026-01-28 11:49:57,7.41
2026-01-28 11:49:58,7.41
2026-01-28 11:49:59,7.60
2026-01-28 11:50:00,7.60
2026-01-28 11:50:01,7.60
2026-01-28 11:50:02,7.60
2026-01-28 11:50:03,7.60
2026-01-28 11:50:04,7.67
2026-01-28 11:50:05,7.67
2026-01-28 11:50:06,7.67
2026-01-28 11:50:07,7.67
2026-01-28 11:50:08,7.67
2026-01-28 11:50:09,7.49
2026-01-28 11:50:10,7.49
2026-01-28 11:50:11,7.49
2026-01-28 11:50:12,7.49
2026-01-28 11:50:13,7.49
2026-01-28 11:50:14,7.44
2026-01-28 11:50:15,7.44
2026-01-28 11:50:16,7.44
2026-01-28 11:50:17,7.44
2026-01-28 11:50:18,7.44
2026-01-28 11:50:19,7.69
2026-01-28 11:50:20,7.69
2026-01-28 11:50:21,7.69
2026-01-28 11:50:22,7.69
2026-01-28 11:50:23,7.69
2026-01-28 11:50:24,7.41
2026-01-28 11:50:25,7.41
2026-01-28 11:50:26,7.41
2026-01-28 11:50:27,7.41
2026-01-28 11:50:28,7.41
2026-01-28 11:50:29,7.56
2026-01-28 11:50:30,7.56
2026-01-28 11:50:31,7.56
2026-01-28 11:50:32,7.56
2026-01-28 11:50:33,7.56
2026-01-28 11:50:34,7.46
2026-01-28 11:50:35,7.46
2026-01-28 11:50:36,7.46
2026-01-28 11:50:37,7.46
2026-01-28 11:50:38,7.46
2026-01-28 11:50:39,7.58
2026-01-28 11:50:40,7.58
2026-01-28 11:50:41,7.58
2026-01-28 11:50:42,7.58
2026-01-28 11:50:43,7.58
2026-01-28 11:50:44,7.46
2026-01-28 11:50:45,7.46
2026-01-28 11:50:46,7.46
2026-01-28 11:50:47,7.46
2026-01-28 11:50:48,7.46
2026-01-28 11:50:49,7.55
2026-01-28 11:50:50,7.55
2026-01-28 11:50:51,7.55
2026-01-28 11:50:52,7.55
2026-01-28 11:50:53,7.55
2026-01-28 11:50:54,7.89
2026-01-28 11:50:55,7.89
2026-01-28 11:50:56,7.89
2026-01-28 11:50:57,7.89
2026-01-28 11:50:58,7.89
2026-01-28 11:50:59,7.57
2026-01-28 11:51:00,7.57
2026-01-28 11:51:01,7.57
2026-01-28 11:51:02,7.57
2026-01-28 11:51:03,7.57
2026-01-28 11:51:04,7.52
2026-01-28 11:51:05,7.52
2026-01-28 11:51:06,7.52
2026-01-28 11:51:07,7.52
2026-01-28 11:51:08,7.52
2026-01-28 11:51:09,7.55
2026-01-28 11:51:10,7.55
2026-01-28 11:51:11,7.55
2026-01-28 11:51:12,7.55
2026-01-28 11:51:13,7.55
2026-01-28 11:51:14,7.52
2026-01-28 11:51:15,7.52
2026-01-28 11:51:16,7.52
2026-01-28 11:51:17,7.52
2026-01-28 11:51:18,7.52
2026-01-28 11:51:19,7.52
2026-01-28 11:51:20,7.52
2026-01-28 11:51:21,7.52
2026-01-28 11:51:22,7.52
2026-01-28 11:51:23,7.52
2026-01-28 11:51:24,9.00
2026-01-28 11:51:25,9.00
2026-01-28 11:51:26,9.00
2026-01-28 11:51:27,9.00
2026-01-28 11:51:28,9.00
2026-01-28 11:51:29,8.67
2026-01-28 11:51:30,8.67
2026-01-28 11:51:31,8.67
2026-01-28 11:51:32,8.67
2026-01-28 11:51:33,8.67
2026-01-28 11:51:34,8.92
2026-01-28 11:51:35,8.92
2026-01-28 11:51:36,8.92
2026-01-28 11:51:37,8.92
2026-01-28 11:51:38,8.92
2026-01-28 11:51:39,8.47
2026-01-28 11:51:40,8.47
2026-01-28 11:51:41,8.47
2026-01-28 11:51:42,8.47
2026-01-28 11:51:43,8.47
2026-01-28 11:51:44,8.54
2026-01-28 11:51:45,8.54
2026-01-28 11:51:46,8.54
2026-01-28 11:51:47,8.54
2026-01-28 11:51:48,8.54
2026-01-28 11:51:49,8.46
2026-01-28 11:51:50,8.46
2026-01-28 11:51:51,8.46
2026-01-28 11:51:52,8.46
2026-01-28 11:51:53,8.46
2026-01-28 11:51:54,8.68
2026-01-28 11:51:55,8.68
2026-01-28 11:51:56,8.68
2026-01-28 11:51:57,8.68
2026-01-28 11:51:58,8.68
2026-01-28 11:51:59,8.46
2026-01-28 11:52:00,8.46
2026-01-28 11:52:01,8.46
2026-01-28 11:52:02,8.46
2026-01-28 11:52:03,8.46
2026-01-28 11:52:04,8.54
2026-01-28 11:52:05,8.54
2026-01-28 11:52:06,8.54
2026-01-28 11:52:07,8.54
2026-01-28 11:52:08,8.54
2026-01-28 11:52:09,8.65
2026-01-28 11:52:10,8.65
2026-01-28 11:52:11,8.65
2026-01-28 11:52:12,8.65
2026-01-28 11:52:13,8.65
2026-01-28 11:52:14,8.39
2026-01-28 11:52:15,8.39
2026-01-28 11:52:16,8.39
2026-01-28 11:52:17,8.39
2026-01-28 11:52:18,8.39
2026-01-28 11:52:19,8.49
2026-01-28 11:52:20,8.49
2026-01-28 11:52:21,8.49
2026-01-28 11:52:22,8.49
2026-01-28 11:52:23,8.49
2026-01-28 11:52:24,10.2
2026-01-28 11:52:25,10.2
2026-01-28 11:52:26,10.2
2026-01-28 11:52:27,10.2
2026-01-28 11:52:28,10.2
2026-01-28 11:52:29,8.72
2026-01-28 11:52:30,8.72
2026-01-28 11:52:31,8.72
2026-01-28 11:52:32,8.72
2026-01-28 11:52:33,8.72
2026-01-28 11:52:34,8.66
2026-01-28 11:52:35,8.66
2026-01-28 11:52:36,8.66
2026-01-28 11:52:37,8.66
2026-01-28 11:52:38,8.66
2026-01-28 11:52:39,8.47
2026-01-28 11:52:40,8.47
2026-01-28 11:52:41,8.47
2026-01-28 11:52:42,8.47
2026-01-28 11:52:43,8.47
2026-01-28 11:52:44,8.49
2026-01-28 11:52:45,8.49
2026-01-28 11:52:46,8.49
2026-01-28 11:52:47,8.49
2026-01-28 11:52:48,8.49
2026-01-28 11:52:49,8.49
2026-01-28 11:52:50,8.49
2026-01-28 11:52:51,8.49
2026-01-28 11:52:52,8.49
2026-01-28 11:52:53,8.49
2026-01-28 11:52:54,9.28
2026-01-28 11:52:55,9.28
2026-01-28 11:52:56,9.28
2026-01-28 11:52:57,9.28
2026-01-28 11:52:58,9.28
2026-01-28 11:52:59,6.24
2026-01-28 11:53:00,6.24
2026-01-28 11:53:01,6.24
2026-01-28 11:53:02,6.24
2026-01-28 11:53:03,6.24
2026-01-28 11:53:04,6.24
2026-01-28 11:53:05,6.24
2026-01-28 11:53:06,6.24
2026-01-28 11:53:07,6.24
2026-01-28 11:53:08,6.24
2026-01-28 11:53:09,6.41
2026-01-28 11:53:10,6.41
2026-01-28 11:53:11,6.41
2026-01-28 11:53:12,6.41
2026-01-28 11:53:13,6.41
2026-01-28 11:53:14,0
2026-01-28 11:53:15,0
2026-01-28 11:53:16,0
2026-01-28 11:53:17,0
2026-01-28 11:53:18,0
2026-01-28 11:53:19,0
2026-01-28 11:53:20,0
2026-01-28 11:53:21,0
2026-01-28 11:53:22,0
2026-01-28 11:53:23,0
2026-01-28 11:53:24,0
2026-01-28 11:53:25,0
2026-01-28 11:53:26,0
2026-01-28 11:53:27,0
2026-01-28 11:53:28,0
2026-01-28 11:53:29,0
2026-01-28 11:53:30,0
2026-01-28 11:53:31,0
2026-01-28 11:53:32,0
2026-01-28 11:53:33,0
2026-01-28 11:53:34,0
2026-01-28 11:53:35,0
2026-01-28 11:53:36,0
2026-01-28 11:53:37,0
2026-01-28 11:53:38,0
2026-01-28 11:53:39,0
2026-01-28 11:53:40,0
2026-01-28 11:53:41,0
2026-01-28 11:53:42,0
2026-01-28 11:53:43,0
2026-01-28 11:53:44,0
2026-01-28 11:53:45,0
2026-01-28 11:53:46,0
2026-01-28 11:53:47,0
2026-01-28 11:53:48,0
2026-01-28 11:53:49,0
2026-01-28 11:53:50,0
2026-01-28 11:53:51,0
2026-01-28 11:53:52,0
2026-01-28 11:53:53,0
2026-01-28 11:53:54,0
2026-01-28 11:53:55,0
2026-01-28 11:53:56,0
2026-01-28 11:53:57,0
2026-01-28 11:53:58,0
2026-01-28 11:53:59,0
2026-01-28 11:54:00,0
2026-01-28 11:54:01,0
2026-01-28 11:54:02,0
2026-01-28 11:54:03,0
2026-01-28 11:54:04,0
2026-01-28 11:54:05,0
2026-01-28 11:54:06,0
2026-01-28 11:54:07,0
2026-01-28 11:54:08,0
2026-01-28 11:54:09,0
2026-01-28 11:54:10,0
2026-01-28 11:54:11,0
2026-01-28 11:54:12,0
2026-01-28 11:54:13,0
2026-01-28 11:54:14,0
2026-01-28 11:54:15,0
2026-01-28 11:54:16,0
2026-01-28 11:54:17,0
2026-01-28 11:54:18,0
2026-01-28 11:54:19,0
2026-01-28 11:54:20,0
2026-01-28 11:54:21,0
2026-01-28 11:54:22,0
2026-01-28 11:54:23,0
2026-01-28 11:54:24,0
2026-01-28 11:54:25,0
2026-01-28 11:54:26,0
2026-01-28 11:54:27,0
2026-01-28 11:54:28,0
2026-01-28 11:54:29,0
2026-01-28 11:54:30,0
2026-01-28 11:54:31,0
2026-01-28 11:54:32,0
2026-01-28 11:54:33,0
2026-01-28 11:54:34,0
2026-01-28 11:54:35,0
2026-01-28 11:54:36,0
2026-01-28 11:54:37,0
2026-01-28 11:54:38,0
2026-01-28 11:54:39,0
2026-01-28 11:54:40,0
2026-01-28 11:54:41,0
2026-01-28 11:54:42,0
2026-01-28 11:54:43,0
2026-01-28 11:54:44,0
2026-01-28 11:54:45,0
2026-01-28 11:54:46,0
2026-01-28 11:54:47,0
2026-01-28 11:54:48,0
2026-01-28 11:56:19,6.30
2026-01-28 11:56:20,6.30
2026-01-28 11:56:21,6.30
2026-01-28 11:56:22,6.30
2026-01-28 11:56:23,6.30
2026-01-28 11:56:24,6.40
2026-01-28 11:56:25,6.40
2026-01-28 11:56:26,6.40
2026-01-28 11:56:27,6.40
2026-01-28 11:56:28,6.40
2026-01-28 11:56:29,6.98
2026-01-28 11:56:30,6.98
2026-01-28 11:56:31,6.98
2026-01-28 11:56:32,6.98
2026-01-28 11:56:33,6.98
2026-01-28 11:56:34,6.10
2026-01-28 11:56:35,6.10
2026-01-28 11:56:36,6.10
2026-01-28 11:56:37,6.10
2026-01-28 11:56:38,6.10
2026-01-28 11:56:39,6.14
2026-01-28 11:56:40,6.14
2026-01-28 11:56:41,6.14
2026-01-28 11:56:42,6.14
2026-01-28 11:56:43,6.14
2026-01-28 11:56:44,6.42
2026-01-28 11:56:45,6.42
2026-01-28 11:56:46,6.42
2026-01-28 11:56:47,6.42
2026-01-28 11:56:48,6.42
2026-01-28 11:56:49,6.26
2026-01-28 11:56:50,6.26
2026-01-28 11:56:51,6.26
2026-01-28 11:56:52,6.26
2026-01-28 11:56:53,6.26
2026-01-28 11:56:54,6.21
2026-01-28 11:56:55,6.21
2026-01-28 11:56:56,6.21
2026-01-28 11:56:57,6.21
2026-01-28 11:56:58,6.21
2026-01-28 11:56:59,6.18
2026-01-28 11:57:00,6.18
2026-01-28 11:57:01,6.18
2026-01-28 11:57:02,6.18
2026-01-28 11:57:03,6.18
2026-01-28 11:57:04,6.32
2026-01-28 11:57:05,6.32
2026-01-28 11:57:06,6.32
2026-01-28 11:57:07,6.32
2026-01-28 11:57:08,6.32
2026-01-28 11:57:09,6.34
2026-01-28 11:57:10,6.34
2026-01-28 11:57:11,6.34
2026-01-28 11:57:12,6.34
2026-01-28 11:57:13,6.34
2026-01-28 11:57:14,6.05
2026-01-28 11:57:15,6.05
2026-01-28 11:57:16,6.05
2026-01-28 11:57:17,6.05
2026-01-28 11:57:18,6.05
2026-01-28 11:57:19,6.22
2026-01-28 11:57:20,6.22
2026-01-28 11:57:21,6.22
2026-01-28 11:57:22,6.22
2026-01-28 11:57:23,6.22
2026-01-28 11:57:24,6.52
2026-01-28 11:57:25,6.52
2026-01-28 11:57:26,6.52
2026-01-28 11:57:27,6.52
2026-01-28 11:57:28,6.52
2026-01-28 11:57:29,6.32
2026-01-28 11:57:30,6.32
2026-01-28 11:57:31,6.32
2026-01-28 11:57:32,6.32
2026-01-28 11:57:33,6.32
2026-01-28 11:57:34,7.91
2026-01-28 11:57:35,7.91
2026-01-28 11:57:36,7.91
2026-01-28 11:57:37,7.91
2026-01-28 11:57:38,7.91
2026-01-28 11:57:39,5.00
2026-01-28 11:57:40,5.00
2026-01-28 11:57:41,5.00
2026-01-28 11:57:42,5.00
2026-01-28 11:57:43,5.00
2026-01-28 11:57:44,5.21
2026-01-28 11:57:45,5.21
2026-01-28 11:57:46,5.21
2026-01-28 11:57:47,5.21
2026-01-28 11:57:48,5.21
2026-01-28 11:57:49,4.43
2026-01-28 11:57:50,4.43
2026-01-28 11:57:51,4.43
2026-01-28 11:57:52,4.43
2026-01-28 11:57:53,4.43
2026-01-28 11:57:54,6.51
2026-01-28 11:57:55,6.51
2026-01-28 11:57:56,6.51
2026-01-28 11:57:57,6.51
2026-01-28 11:57:58,6.51
2026-01-28 11:57:59,6.12
2026-01-28 11:58:00,6.12
2026-01-28 11:58:01,6.12
2026-01-28 11:58:02,6.12
2026-01-28 11:58:03,6.12
2026-01-28 11:58:04,6.27
2026-01-28 11:58:05,6.27
2026-01-28 11:58:06,6.27
2026-01-28 11:58:07,6.27
2026-01-28 11:58:08,6.27
2026-01-28 11:58:09,6.51
2026-01-28 11:58:10,6.51
2026-01-28 11:58:11,6.51
2026-01-28 11:58:12,6.51
2026-01-28 11:58:13,6.51
2026-01-28 11:58:14,8.32
2026-01-28 11:58:15,8.32
2026-01-28 11:58:16,8.32
2026-01-28 11:58:17,8.32
2026-01-28 11:58:18,8.32
2026-01-28 11:58:19,5.09
2026-01-28 11:58:20,5.09
2026-01-28 11:58:21,5.09
2026-01-28 11:58:22,5.09
2026-01-28 11:58:23,5.09
2026-01-28 11:58:24,5.50
2026-01-28 11:58:25,5.50
2026-01-28 11:58:26,5.50
2026-01-28 11:58:27,5.50
2026-01-28 11:58:28,5.50
2026-01-28 11:58:29,5.19
2026-01-28 11:58:30,5.19
2026-01-28 11:58:31,5.19
2026-01-28 11:58:32,5.19
2026-01-28 11:58:33,5.19
2026-01-28 11:58:34,5.21
2026-01-28 11:58:35,5.21
2026-01-28 11:58:36,5.21
2026-01-28 11:58:37,5.21
2026-01-28 11:58:38,5.21
2026-01-28 11:58:39,5.08
2026-01-28 11:58:40,5.08
2026-01-28 11:58:41,5.08
2026-01-28 11:58:42,5.08
2026-01-28 11:58:43,5.08
2026-01-28 11:58:44,5.19
2026-01-28 11:58:45,5.19
2026-01-28 11:58:46,5.19
2026-01-28 11:58:47,5.19
2026-01-28 11:58:48,5.19
2026-01-28 11:58:49,5.10
2026-01-28 11:58:50,5.10
2026-01-28 11:58:51,5.10
2026-01-28 11:58:52,5.10
2026-01-28 11:58:53,5.10
2026-01-28 11:58:54,5.27
2026-01-28 11:58:55,5.27
2026-01-28 11:58:56,5.27
2026-01-28 11:58:57,5.27
2026-01-28 11:58:58,5.27
2026-01-28 11:58:59,5.06
2026-01-28 11:59:00,5.06
2026-01-28 11:59:01,5.06
2026-01-28 11:59:02,5.06
2026-01-28 11:59:03,5.06
2026-01-28 11:59:04,5.18
2026-01-28 11:59:05,5.18
2026-01-28 11:59:06,5.18
2026-01-28 11:59:07,5.18
2026-01-28 11:59:08,5.18
2026-01-28 11:59:09,5.29
2026-01-28 11:59:10,5.29
2026-01-28 11:59:11,5.29
2026-01-28 11:59:12,5.29
2026-01-28 11:59:13,5.29
2026-01-28 11:59:14,5.43
2026-01-28 11:59:15,5.43
2026-01-28 11:59:16,5.43
2026-01-28 11:59:17,5.43
2026-01-28 11:59:18,5.43
2026-01-28 11:59:19,5.02
2026-01-28 11:59:20,5.02
2026-01-28 11:59:21,5.02
2026-01-28 11:59:22,5.02
2026-01-28 11:59:23,5.02
2026-01-28 11:59:24,6.47
2026-01-28 11:59:25,6.47
2026-01-28 11:59:26,6.47
2026-01-28 11:59:27,6.47
2026-01-28 11:59:28,6.47
2026-01-28 11:59:29,8.13
2026-01-28 11:59:30,8.13
2026-01-28 11:59:31,8.13
2026-01-28 11:59:32,8.13
2026-01-28 11:59:33,8.13
2026-01-28 11:59:34,8.57
2026-01-28 11:59:35,8.57
2026-01-28 11:59:36,8.57
2026-01-28 11:59:37,8.57
2026-01-28 11:59:38,8.57
2026-01-28 11:59:39,8.94
2026-01-28 11:59:40,8.94
2026-01-28 11:59:41,8.94
2026-01-28 11:59:42,8.94
2026-01-28 11:59:43,8.94
2026-01-28 11:59:44,0
2026-01-28 11:59:45,0
2026-01-28 11:59:46,0
2026-01-28 11:59:47,0
2026-01-28 11:59:48,0
2026-01-28 11:59:49,0
2026-01-28 11:59:50,0
2026-01-28 11:59:51,0
2026-01-28 11:59:52,0
2026-01-28 11:59:53,0
2026-01-28 11:59:54,0
2026-01-28 11:59:55,0
2026-01-28 11:59:56,0
2026-01-28 11:59:57,0
2026-01-28 11:59:58,0
2026-01-28 11:59:59,0
2026-01-28 12:00:00,0
2026-01-28 12:00:01,0
2026-01-28 12:00:02,0
2026-01-28 12:00:03,0
2026-01-28 12:00:04,0
2026-01-28 12:00:05,0
2026-01-28 12:00:06,0
2026-01-28 12:00:07,0
2026-01-28 12:00:08,0
2026-01-28 12:00:09,0
2026-01-28 12:00:10,0
2026-01-28 12:00:11,0
2026-01-28 12:00:12,0
2026-01-28 12:00:13,0
2026-01-28 12:00:14,0
2026-01-28 12:00:15,0
2026-01-28 12:00:16,0
2026-01-28 12:00:17,0
2026-01-28 12:00:18,0
2026-01-28 12:00:19,0
2026-01-28 12:00:20,0
2026-01-28 12:00:21,0
2026-01-28 12:00:22,0
2026-01-28 12:00:23,0
2026-01-28 12:00:24,0
2026-01-28 12:00:25,0
2026-01-28 12:00:26,0
2026-01-28 12:00:27,0
2026-01-28 12:00:28,0
2026-01-28 12:00:29,0
2026-01-28 12:00:30,0
2026-01-28 12:00:31,0
2026-01-28 12:00:32,0
2026-01-28 12:00:33,0
2026-01-28 12:00:34,0
2026-01-28 12:00:35,0
2026-01-28 12:00:36,0
2026-01-28 12:00:37,0
2026-01-28 12:00:38,0
2026-01-28 12:00:39,0
2026-01-28 12:00:40,0
2026-01-28 12:00:41,0
2026-01-28 12:00:42,0
2026-01-28 12:00:43,0
2026-01-28 12:00:44,0
2026-01-28 12:00:45,0
2026-01-28 12:00:46,0
2026-01-28 12:00:47,0
2026-01-28 12:00:48,0
2026-01-28 12:00:49,0
2026-01-28 12:00:50,0
2026-01-28 12:00:51,0
2026-01-28 12:00:52,0
2026-01-28 12:00:53,0
2026-01-28 12:00:54,0
2026-01-28 12:00:55,0
2026-01-28 12:00:56,0
2026-01-28 12:00:57,0
2026-01-28 12:00:58,0
2026-01-28 12:00:59,0
2026-01-28 12:01:00,0
2026-01-28 12:01:01,0
2026-01-28 12:01:02,0
2026-01-28 12:01:03,0
2026-01-28 12:01:04,0
2026-01-28 12:01:05,0
2026-01-28 12:01:06,0
2026-01-28 12:01:07,0
2026-01-28 12:01:08,0
2026-01-28 12:01:09,0
2026-01-28 12:01:10,0
2026-01-28 12:01:11,0
2026-01-28 12:01:12,0
2026-01-28 12:01:13,0
2026-01-28 12:01:14,0
2026-01-28 12:01:15,0
2026-01-28 12:01:16,0
2026-01-28 12:01:17,0
2026-01-28 12:01:18,0
2026-01-28 12:03:59,3.59
2026-01-28 12:04:00,3.59
2026-01-28 12:04:01,3.59
2026-01-28 12:04:02,3.59
2026-01-28 12:04:03,3.59
2026-01-28 12:04:04,6.05
2026-01-28 12:04:05,6.05
2026-01-28 12:04:06,6.05
2026-01-28 12:04:07,6.05
2026-01-28 12:04:08,6.05
2026-01-28 12:04:09,4.55
2026-01-28 12:04:10,4.55
2026-01-28 12:04:11,4.55
2026-01-28 12:04:12,4.55
2026-01-28 12:04:13,4.55
2026-01-28 12:04:14,6.74
2026-01-28 12:04:15,6.74
2026-01-28 12:04:16,6.74
2026-01-28 12:04:17,6.74
2026-01-28 12:04:18,6.74
2026-01-28 12:04:19,6.23
2026-01-28 12:04:20,6.23
2026-01-28 12:04:21,6.23
2026-01-28 12:04:22,6.23
2026-01-28 12:04:23,6.23
2026-01-28 12:04:24,6.33
2026-01-28 12:04:25,6.33
2026-01-28 12:04:26,6.33
2026-01-28 12:04:27,6.33
2026-01-28 12:04:28,6.33
2026-01-28 12:04:29,6.99
2026-01-28 12:04:30,6.99
2026-01-28 12:04:31,6.99
2026-01-28 12:04:32,6.99
2026-01-28 12:04:33,6.99
2026-01-28 12:04:34,9.19
2026-01-28 12:04:35,9.19
2026-01-28 12:04:36,9.19
2026-01-28 12:04:37,9.19
2026-01-28 12:04:38,9.19
2026-01-28 12:04:39,5.07
2026-01-28 12:04:40,5.07
2026-01-28 12:04:41,5.07
2026-01-28 12:04:42,5.07
2026-01-28 12:04:43,5.07
2026-01-28 12:04:44,5.43
2026-01-28 12:04:45,5.43
2026-01-28 12:04:46,5.43
2026-01-28 12:04:47,5.43
2026-01-28 12:04:48,5.43
2026-01-28 12:04:49,4.82
2026-01-28 12:04:50,4.82
2026-01-28 12:04:51,4.82
2026-01-28 12:04:52,4.82
2026-01-28 12:04:53,4.82
2026-01-28 12:04:54,6.36
2026-01-28 12:04:55,6.36
2026-01-28 12:04:56,6.36
2026-01-28 12:04:57,6.36
2026-01-28 12:04:58,6.36
2026-01-28 12:04:59,6.35
2026-01-28 12:05:00,6.35
2026-01-28 12:05:01,6.35
2026-01-28 12:05:02,6.35
2026-01-28 12:05:03,6.35
2026-01-28 12:05:04,6.27
2026-01-28 12:05:05,6.27
2026-01-28 12:05:06,6.27
2026-01-28 12:05:07,6.27
2026-01-28 12:05:08,6.27
2026-01-28 12:05:09,6.30
2026-01-28 12:05:10,6.30
2026-01-28 12:05:11,6.30
2026-01-28 12:05:12,6.30
2026-01-28 12:05:13,6.30
2026-01-28 12:05:14,6.26
2026-01-28 12:05:15,6.26
2026-01-28 12:05:16,6.26
2026-01-28 12:05:17,6.26
2026-01-28 12:05:18,6.26
2026-01-28 12:05:19,6.19
2026-01-28 12:05:20,6.19
2026-01-28 12:05:21,6.19
2026-01-28 12:05:22,6.19
2026-01-28 12:05:23,6.19
2026-01-28 12:05:24,6.41
2026-01-28 12:05:25,6.41
2026-01-28 12:05:26,6.41
2026-01-28 12:05:27,6.41
2026-01-28 12:05:28,6.41
2026-01-28 12:05:29,6.99
2026-01-28 12:05:30,6.99
2026-01-28 12:05:31,6.99
2026-01-28 12:05:32,6.99
2026-01-28 12:05:33,6.99
2026-01-28 12:05:34,6.42
2026-01-28 12:05:35,6.42
2026-01-28 12:05:36,6.42
2026-01-28 12:05:37,6.42
2026-01-28 12:05:38,6.42
2026-01-28 12:05:39,6.26
2026-01-28 12:05:40,6.26
2026-01-28 12:05:41,6.26
2026-01-28 12:05:42,6.26
2026-01-28 12:05:43,6.26
2026-01-28 12:05:44,6.28
2026-01-28 12:05:45,6.28
2026-01-28 12:05:46,6.28
2026-01-28 12:05:47,6.28
2026-01-28 12:05:48,6.28
2026-01-28 12:05:49,6.22
2026-01-28 12:05:50,6.22
2026-01-28 12:05:51,6.22
2026-01-28 12:05:52,6.22
2026-01-28 12:05:53,6.22
2026-01-28 12:05:54,6.11
2026-01-28 12:05:55,6.11
2026-01-28 12:05:56,6.11
2026-01-28 12:05:57,6.11
2026-01-28 12:05:58,6.11
2026-01-28 12:05:59,6.14
2026-01-28 12:06:00,6.14
2026-01-28 12:06:01,6.14
2026-01-28 12:06:02,6.14
2026-01-28 12:06:03,6.14
2026-01-28 12:06:04,6.14
2026-01-28 12:06:05,6.14
2026-01-28 12:06:06,6.14
2026-01-28 12:06:07,6.14
2026-01-28 12:06:08,6.14
2026-01-28 12:06:09,6.49
2026-01-28 12:06:10,6.49
2026-01-28 12:06:11,6.49
2026-01-28 12:06:12,6.49
2026-01-28 12:06:13,6.49
2026-01-28 12:06:14,6.15
2026-01-28 12:06:15,6.15
2026-01-28 12:06:16,6.15
2026-01-28 12:06:17,6.15
2026-01-28 12:06:18,6.15
2026-01-28 12:06:19,6.14
2026-01-28 12:06:20,6.14
2026-01-28 12:06:21,6.14
2026-01-28 12:06:22,6.14
2026-01-28 12:06:23,6.14
2026-01-28 12:06:24,6.27
2026-01-28 12:06:25,6.27
2026-01-28 12:06:26,6.27
2026-01-28 12:06:27,6.27
2026-01-28 12:06:28,6.27
2026-01-28 12:06:29,8.09
2026-01-28 12:06:30,8.09
2026-01-28 12:06:31,8.09
2026-01-28 12:06:32,8.09
2026-01-28 12:06:33,8.09
2026-01-28 12:06:34,7.59
2026-01-28 12:06:35,7.59
2026-01-28 12:06:36,7.59
2026-01-28 12:06:37,7.59
2026-01-28 12:06:38,7.59
2026-01-28 12:06:39,7.34
2026-01-28 12:06:40,7.34
2026-01-28 12:06:41,7.34
2026-01-28 12:06:42,7.34
2026-01-28 12:06:43,7.34
2026-01-28 12:06:44,7.27
2026-01-28 12:06:45,7.27
2026-01-28 12:06:46,7.27
2026-01-28 12:06:47,7.27
2026-01-28 12:06:48,7.27
2026-01-28 12:06:49,7.29
2026-01-28 12:06:50,7.29
2026-01-28 12:06:51,7.29
2026-01-28 12:06:52,7.29
2026-01-28 12:06:53,7.29
2026-01-28 12:06:54,7.27
2026-01-28 12:06:55,7.27
2026-01-28 12:06:56,7.27
2026-01-28 12:06:57,7.27
2026-01-28 12:06:58,7.27
2026-01-28 12:06:59,6.82
2026-01-28 12:07:00,6.82
2026-01-28 12:07:01,6.82
2026-01-28 12:07:02,6.82
2026-01-28 12:07:03,6.82
2026-01-28 12:07:04,8.89
2026-01-28 12:07:05,8.89
2026-01-28 12:07:06,8.89
2026-01-28 12:07:07,8.89
2026-01-28 12:07:08,8.89
2026-01-28 12:07:09,8.59
2026-01-28 12:07:10,8.59
2026-01-28 12:07:11,8.59
2026-01-28 12:07:12,8.59
2026-01-28 12:07:13,8.59
2026-01-28 12:07:14,8.57
2026-01-28 12:07:15,8.57
2026-01-28 12:07:16,8.57
2026-01-28 12:07:17,8.57
2026-01-28 12:07:18,8.57
2026-01-28 12:07:19,12.8
2026-01-28 12:07:20,12.8
2026-01-28 12:07:21,12.8
2026-01-28 12:07:22,12.8
2026-01-28 12:07:23,12.8
2026-01-28 12:07:24,0
2026-01-28 12:07:25,0
2026-01-28 12:07:26,0
2026-01-28 12:07:27,0
2026-01-28 12:07:28,0
2026-01-28 12:07:29,0
2026-01-28 12:07:30,0
2026-01-28 12:07:31,0
2026-01-28 12:07:32,0
2026-01-28 12:07:33,0
2026-01-28 12:07:34,0
2026-01-28 12:07:35,0
2026-01-28 12:07:36,0
2026-01-28 12:07:37,0
2026-01-28 12:07:38,0
2026-01-28 12:07:39,0
2026-01-28 12:07:40,0
2026-01-28 12:07:41,0
2026-01-28 12:07:42,0
2026-01-28 12:07:43,0
2026-01-28 12:07:44,0
2026-01-28 12:07:45,0
2026-01-28 12:07:46,0
2026-01-28 12:07:47,0
2026-01-28 12:07:48,0
2026-01-28 12:07:49,0
2026-01-28 12:07:50,0
2026-01-28 12:07:51,0
2026-01-28 12:07:52,0
2026-01-28 12:07:53,0
2026-01-28 12:07:54,0
2026-01-28 12:07:55,0
2026-01-28 12:07:56,0
2026-01-28 12:07:57,0
2026-01-28 12:07:58,0
2026-01-28 12:07:59,0
2026-01-28 12:08:00,0
2026-01-28 12:08:01,0
2026-01-28 12:08:02,0
2026-01-28 12:08:03,0
2026-01-28 12:08:04,0
2026-01-28 12:08:05,0
2026-01-28 12:08:06,0
2026-01-28 12:08:07,0
2026-01-28 12:08:08,0
2026-01-28 12:08:09,0
2026-01-28 12:08:10,0
2026-01-28 12:08:11,0
2026-01-28 12:08:12,0
2026-01-28 12:08:13,0
2026-01-28 12:08:14,0
2026-01-28 12:08:15,0
2026-01-28 12:08:16,0
2026-01-28 12:08:17,0
2026-01-28 12:08:18,0
2026-01-28 12:08:19,0
2026-01-28 12:08:20,0
2026-01-28 12:08:21,0
2026-01-28 12:08:22,0
2026-01-28 12:08:23,0
2026-01-28 12:08:24,0
2026-01-28 12:08:25,0
2026-01-28 12:08:26,0
2026-01-28 12:08:27,0
2026-01-28 12:08:28,0
2026-01-28 12:08:29,0
2026-01-28 12:08:30,0
2026-01-28 12:08:31,0
2026-01-28 12:08:32,0
2026-01-28 12:08:33,0
2026-01-28 12:08:34,0
2026-01-28 12:08:35,0
2026-01-28 12:08:36,0
2026-01-28 12:08:37,0
2026-01-28 12:08:38,0
2026-01-28 12:08:39,0
2026-01-28 12:08:40,0
2026-01-28 12:08:41,0
2026-01-28 12:08:42,0
2026-01-28 12:08:43,0
2026-01-28 12:08:44,0
2026-01-28 12:08:45,0
2026-01-28 12:08:46,0
2026-01-28 12:08:47,0
2026-01-28 12:08:48,0
2026-01-28 12:08:49,0
2026-01-28 12:08:50,0
2026-01-28 12:08:51,0
2026-01-28 12:08:52,0
2026-01-28 12:08:53,0
2026-01-28 12:08:54,0
2026-01-28 12:08:55,0
2026-01-28 12:08:56,0
2026-01-28 12:08:57,0
2026-01-28 12:08:58,0
2026-01-28 12:14:04,7.10
2026-01-28 12:14:05,7.10
2026-01-28 12:14:06,7.10
2026-01-28 12:14:07,7.10
2026-01-28 12:14:08,7.10
2026-01-28 12:14:09,7.43
2026-01-28 12:14:10,7.43
2026-01-28 12:14:11,7.43
2026-01-28 12:14:12,7.43
2026-01-28 12:14:13,7.43
2026-01-28 12:14:14,6.60
2026-01-28 12:14:15,6.60
2026-01-28 12:14:16,6.60
2026-01-28 12:14:17,6.60
2026-01-28 12:14:18,6.60
2026-01-28 12:14:19,9.31
2026-01-28 12:14:20,9.31
2026-01-28 12:14:21,9.31
2026-01-28 12:14:22,9.31
2026-01-28 12:14:23,9.31
2026-01-28 12:14:24,7.61
2026-01-28 12:14:25,7.61
2026-01-28 12:14:26,7.61
2026-01-28 12:14:27,7.61
2026-01-28 12:14:28,7.61
2026-01-28 12:14:29,7.58
2026-01-28 12:14:30,7.58
2026-01-28 12:14:31,7.58
2026-01-28 12:14:32,7.58
2026-01-28 12:14:33,7.58
2026-01-28 12:14:34,7.27
2026-01-28 12:14:35,7.27
2026-01-28 12:14:36,7.27
2026-01-28 12:14:37,7.27
2026-01-28 12:14:38,7.27
2026-01-28 12:14:39,7.26
2026-01-28 12:14:40,7.26
2026-01-28 12:14:41,7.26
2026-01-28 12:14:42,7.26
2026-01-28 12:14:43,7.26
2026-01-28 12:14:44,7.42
2026-01-28 12:14:45,7.42
2026-01-28 12:14:46,7.42
2026-01-28 12:14:47,7.42
2026-01-28 12:14:48,7.42
2026-01-28 12:14:49,7.31
2026-01-28 12:14:50,7.31
2026-01-28 12:14:51,7.31
2026-01-28 12:14:52,7.31
2026-01-28 12:14:53,7.31
2026-01-28 12:14:54,7.28
2026-01-28 12:14:55,7.28
2026-01-28 12:14:56,7.28
2026-01-28 12:14:57,7.28
2026-01-28 12:14:58,7.28
2026-01-28 12:14:59,7.27
2026-01-28 12:15:00,7.27
2026-01-28 12:15:01,7.27
2026-01-28 12:15:02,7.27
2026-01-28 12:15:03,7.27
2026-01-28 12:15:04,7.39
2026-01-28 12:15:05,7.39
2026-01-28 12:15:06,7.39
2026-01-28 12:15:07,7.39
2026-01-28 12:15:08,7.39
2026-01-28 12:15:09,7.35
2026-01-28 12:15:10,7.35
2026-01-28 12:15:11,7.35
2026-01-28 12:15:12,7.35
2026-01-28 12:15:13,7.35
2026-01-28 12:15:14,7.21
2026-01-28 12:15:15,7.21
2026-01-28 12:15:16,7.21
2026-01-28 12:15:17,7.21
2026-01-28 12:15:18,7.21
2026-01-28 12:15:19,6.80
2026-01-28 12:15:20,6.80
2026-01-28 12:15:21,6.80
2026-01-28 12:15:22,6.80
2026-01-28 12:15:23,6.80
2026-01-28 12:15:24,8.40
2026-01-28 12:15:25,8.40
2026-01-28 12:15:26,8.40
2026-01-28 12:15:27,8.40
2026-01-28 12:15:28,8.40
2026-01-28 12:15:29,9.05
2026-01-28 12:15:30,9.05
2026-01-28 12:15:31,9.05
2026-01-28 12:15:32,9.05
2026-01-28 12:15:33,9.05
2026-01-28 12:15:34,8.27
2026-01-28 12:15:35,8.27
2026-01-28 12:15:36,8.27
2026-01-28 12:15:37,8.27
2026-01-28 12:15:38,8.27
2026-01-28 12:15:39,8.32
2026-01-28 12:15:40,8.32
2026-01-28 12:15:41,8.32
2026-01-28 12:15:42,8.32
2026-01-28 12:15:43,8.32
2026-01-28 12:15:44,8.44
2026-01-28 12:15:45,8.44
2026-01-28 12:15:46,8.44
2026-01-28 12:15:47,8.44
2026-01-28 12:15:48,8.44
2026-01-28 12:15:49,8.34
2026-01-28 12:15:50,8.34
2026-01-28 12:15:51,8.34
2026-01-28 12:15:52,8.34
2026-01-28 12:15:53,8.34
2026-01-28 12:15:54,8.44
2026-01-28 12:15:55,8.44
2026-01-28 12:15:56,8.44
2026-01-28 12:15:57,8.44
2026-01-28 12:15:58,8.44
2026-01-28 12:15:59,8.30
2026-01-28 12:16:00,8.30
2026-01-28 12:16:01,8.30
2026-01-28 12:16:02,8.30
2026-01-28 12:16:03,8.30
2026-01-28 12:16:04,8.42
2026-01-28 12:16:05,8.42
2026-01-28 12:16:06,8.42
2026-01-28 12:16:07,8.42
2026-01-28 12:16:08,8.42
2026-01-28 12:16:09,8.25
2026-01-28 12:16:10,8.25
2026-01-28 12:16:11,8.25
2026-01-28 12:16:12,8.25
2026-01-28 12:16:13,8.25
2026-01-28 12:16:14,8.33
2026-01-28 12:16:15,8.33
2026-01-28 12:16:16,8.33
2026-01-28 12:16:17,8.33
2026-01-28 12:16:18,8.33
2026-01-28 12:16:19,8.28
2026-01-28 12:16:20,8.28
2026-01-28 12:16:21,8.28
2026-01-28 12:16:22,8.28
2026-01-28 12:16:23,8.28
2026-01-28 12:16:24,8.40
2026-01-28 12:16:25,8.40
2026-01-28 12:16:26,8.40
2026-01-28 12:16:27,8.40
2026-01-28 12:16:28,8.40
2026-01-28 12:16:29,8.91
2026-01-28 12:16:30,8.91
2026-01-28 12:16:31,8.91
2026-01-28 12:16:32,8.91
2026-01-28 12:16:33,8.91
2026-01-28 12:16:34,7.18
2026-01-28 12:16:35,7.18
2026-01-28 12:16:36,7.18
2026-01-28 12:16:37,7.18
2026-01-28 12:16:38,7.18
2026-01-28 12:16:39,7.17
2026-01-28 12:16:40,7.17
2026-01-28 12:16:41,7.17
2026-01-28 12:16:42,7.17
2026-01-28 12:16:43,7.17
2026-01-28 12:16:44,7.80
2026-01-28 12:16:45,7.80
2026-01-28 12:16:46,7.80
2026-01-28 12:16:47,7.80
2026-01-28 12:16:48,7.80
2026-01-28 12:16:49,6.34
2026-01-28 12:16:50,6.34
2026-01-28 12:16:51,6.34
2026-01-28 12:16:52,6.34
2026-01-28 12:16:53,6.34
2026-01-28 12:16:54,6.34
2026-01-28 12:16:55,6.34
2026-01-28 12:16:56,6.34
2026-01-28 12:16:57,6.34
2026-01-28 12:16:58,6.34
2026-01-28 12:16:59,6.27
2026-01-28 12:17:00,6.27
2026-01-28 12:17:01,6.27
2026-01-28 12:17:02,6.27
2026-01-28 12:17:03,6.27
2026-01-28 12:17:04,8.08
2026-01-28 12:17:05,8.08
2026-01-28 12:17:06,8.08
2026-01-28 12:17:07,8.08
2026-01-28 12:17:08,8.08
2026-01-28 12:17:09,6.77
2026-01-28 12:17:10,6.77
2026-01-28 12:17:11,6.77
2026-01-28 12:17:12,6.77
2026-01-28 12:17:13,6.77
2026-01-28 12:17:14,6.93
2026-01-28 12:17:15,6.93
2026-01-28 12:17:16,6.93
2026-01-28 12:17:17,6.93
2026-01-28 12:17:18,6.93
2026-01-28 12:17:19,6.30
2026-01-28 12:17:20,6.30
2026-01-28 12:17:21,6.30
2026-01-28 12:17:22,6.30
2026-01-28 12:17:23,6.30
2026-01-28 12:17:24,6.34
2026-01-28 12:17:25,6.34
2026-01-28 12:17:26,6.34
2026-01-28 12:17:27,6.34
2026-01-28 12:17:28,6.34
2026-01-28 12:17:29,0
2026-01-28 12:17:30,0
2026-01-28 12:17:31,0
2026-01-28 12:17:32,0
2026-01-28 12:17:33,0
2026-01-28 12:17:34,0
2026-01-28 12:17:35,0
2026-01-28 12:17:36,0
2026-01-28 12:17:37,0
2026-01-28 12:17:38,0
2026-01-28 12:17:39,0
2026-01-28 12:17:40,0
2026-01-28 12:17:41,0
2026-01-28 12:17:42,0
2026-01-28 12:17:43,0
2026-01-28 12:17:44,0
2026-01-28 12:17:45,0
2026-01-28 12:17:46,0
2026-01-28 12:17:47,0
2026-01-28 12:17:48,0
2026-01-28 12:17:49,0
2026-01-28 12:17:50,0
2026-01-28 12:17:51,0
2026-01-28 12:17:52,0
2026-01-28 12:17:53,0
2026-01-28 12:17:54,0
2026-01-28 12:17:55,0
2026-01-28 12:17:56,0
2026-01-28 12:17:57,0
2026-01-28 12:17:58,0
2026-01-28 12:17:59,0
2026-01-28 12:18:00,0
2026-01-28 12:18:01,0
2026-01-28 12:18:02,0
2026-01-28 12:18:03,0
2026-01-28 12:18:04,0
2026-01-28 12:18:05,0
2026-01-28 12:18:06,0
2026-01-28 12:18:07,0
2026-01-28 12:18:08,0
2026-01-28 12:18:09,0
2026-01-28 12:18:10,0
2026-01-28 12:18:11,0
2026-01-28 12:18:12,0
2026-01-28 12:18:13,0
2026-01-28 12:18:14,0
2026-01-28 12:18:15,0
2026-01-28 12:18:16,0
2026-01-28 12:18:17,0
2026-01-28 12:18:18,0
2026-01-28 12:18:19,0
2026-01-28 12:18:20,0
2026-01-28 12:18:21,0
2026-01-28 12:18:22,0
2026-01-28 12:18:23,0
2026-01-28 12:18:24,0
2026-01-28 12:18:25,0
2026-01-28 12:18:26,0
2026-01-28 12:18:27,0
2026-01-28 12:18:28,0
2026-01-28 12:18:29,0
2026-01-28 12:18:30,0
2026-01-28 12:18:31,0
2026-01-28 12:18:32,0
2026-01-28 12:18:33,0
2026-01-28 12:18:34,0
2026-01-28 12:18:35,0
2026-01-28 12:18:36,0
2026-01-28 12:18:37,0
2026-01-28 12:18:38,0
2026-01-28 12:18:39,0
2026-01-28 12:18:40,0
2026-01-28 12:18:41,0
2026-01-28 12:18:42,0
2026-01-28 12:18:43,0
2026-01-28 12:18:44,0
2026-01-28 12:18:45,0
2026-01-28 12:18:46,0
2026-01-28 12:18:47,0
2026-01-28 12:18:48,0
2026-01-28 12:18:49,0
2026-01-28 12:18:50,0
2026-01-28 12:18:51,0
2026-01-28 12:18:52,0
2026-01-28 12:18:53,0
2026-01-28 12:18:54,0
2026-01-28 12:18:55,0
2026-01-28 12:18:56,0
2026-01-28 12:18:57,0
2026-01-28 12:18:58,0
2026-01-28 12:18:59,0
2026-01-28 12:19:00,0
2026-01-28 12:19:01,0
2026-01-28 12:19:02,0
2026-01-28 12:19:03,0
2026-01-28 12:19:14,1.82
2026-01-28 12:19:15,1.82
2026-01-28 12:19:16,1.82
2026-01-28 12:19:17,1.82
2026-01-28 12:19:18,1.82
2026-01-28 12:19:19,6.48
2026-01-28 12:19:20,6.48
2026-01-28 12:19:21,6.48
2026-01-28 12:19:22,6.48
2026-01-28 12:19:23,6.48
2026-01-28 12:19:24,6.87
2026-01-28 12:19:25,6.87
2026-01-28 12:19:26,6.87
2026-01-28 12:19:27,6.87
2026-01-28 12:19:28,6.87
2026-01-28 12:19:29,6.74
2026-01-28 12:19:30,6.74
2026-01-28 12:19:31,6.74
2026-01-28 12:19:32,6.74
2026-01-28 12:19:33,6.74
2026-01-28 12:19:34,6.40
2026-01-28 12:19:35,6.40
2026-01-28 12:19:36,6.40
2026-01-28 12:19:37,6.40
2026-01-28 12:19:38,6.40
2026-01-28 12:19:39,6.34
2026-01-28 12:19:40,6.34
2026-01-28 12:19:41,6.34
2026-01-28 12:19:42,6.34
2026-01-28 12:19:43,6.34
2026-01-28 12:19:44,6.39
2026-01-28 12:19:45,6.39
2026-01-28 12:19:46,6.39
2026-01-28 12:19:47,6.39
2026-01-28 12:19:48,6.39
2026-01-28 12:19:49,6.39
2026-01-28 12:19:50,6.39
2026-01-28 12:19:51,6.39
2026-01-28 12:19:52,6.39
2026-01-28 12:19:53,6.39
2026-01-28 12:19:54,6.38
2026-01-28 12:19:55,6.38
2026-01-28 12:19:56,6.38
2026-01-28 12:19:57,6.38
2026-01-28 12:19:58,6.38
2026-01-28 12:19:59,6.36
2026-01-28 12:20:00,6.36
2026-01-28 12:20:01,6.36
2026-01-28 12:20:02,6.36
2026-01-28 12:20:03,6.36
2026-01-28 12:20:04,6.43
2026-01-28 12:20:05,6.43
2026-01-28 12:20:06,6.43
2026-01-28 12:20:07,6.43
2026-01-28 12:20:08,6.43
2026-01-28 12:20:09,6.46
2026-01-28 12:20:10,6.46
2026-01-28 12:20:11,6.46
2026-01-28 12:20:12,6.46
2026-01-28 12:20:13,6.46
2026-01-28 12:20:14,6.54
2026-01-28 12:20:15,6.54
2026-01-28 12:20:16,6.54
2026-01-28 12:20:17,6.54
2026-01-28 12:20:18,6.54
2026-01-28 12:20:19,6.39
2026-01-28 12:20:20,6.39
2026-01-28 12:20:21,6.39
2026-01-28 12:20:22,6.39
2026-01-28 12:20:23,6.39
2026-01-28 12:20:24,6.40
2026-01-28 12:20:25,6.40
2026-01-28 12:20:26,6.40
2026-01-28 12:20:27,6.40
2026-01-28 12:20:28,6.40
2026-01-28 12:20:29,6.73
2026-01-28 12:20:30,6.73
2026-01-28 12:20:31,6.73
2026-01-28 12:20:32,6.73
2026-01-28 12:20:33,6.73
2026-01-28 12:20:34,6.33
2026-01-28 12:20:35,6.33
2026-01-28 12:20:36,6.33
2026-01-28 12:20:37,6.33
2026-01-28 12:20:38,6.33
2026-01-28 12:20:39,6.51
2026-01-28 12:20:40,6.51
2026-01-28 12:20:41,6.51
2026-01-28 12:20:42,6.51
2026-01-28 12:20:43,6.51
2026-01-28 12:20:44,6.38
2026-01-28 12:20:45,6.38
2026-01-28 12:20:46,6.38
2026-01-28 12:20:47,6.38
2026-01-28 12:20:48,6.38
2026-01-28 12:20:49,6.50
2026-01-28 12:20:50,6.50
2026-01-28 12:20:51,6.50
2026-01-28 12:20:52,6.50
2026-01-28 12:20:53,6.50
2026-01-28 12:20:54,6.36
2026-01-28 12:20:55,6.36
2026-01-28 12:20:56,6.36
2026-01-28 12:20:57,6.36
2026-01-28 12:20:58,6.36
2026-01-28 12:20:59,7.40
2026-01-28 12:21:00,7.40
2026-01-28 12:21:01,7.40
2026-01-28 12:21:02,7.40
2026-01-28 12:21:03,7.40
2026-01-28 12:21:04,7.14
2026-01-28 12:21:05,7.14
2026-01-28 12:21:06,7.14
2026-01-28 12:21:07,7.14
2026-01-28 12:21:08,7.14
2026-01-28 12:21:09,6.44
2026-01-28 12:21:10,6.44
2026-01-28 12:21:11,6.44
2026-01-28 12:21:12,6.44
2026-01-28 12:21:13,6.44
2026-01-28 12:21:14,6.47
2026-01-28 12:21:15,6.47
2026-01-28 12:21:16,6.47
2026-01-28 12:21:17,6.47
2026-01-28 12:21:18,6.47
2026-01-28 12:21:19,6.01
2026-01-28 12:21:20,6.01
2026-01-28 12:21:21,6.01
2026-01-28 12:21:22,6.01
2026-01-28 12:21:23,6.01
2026-01-28 12:21:24,7.70
2026-01-28 12:21:25,7.70
2026-01-28 12:21:26,7.70
2026-01-28 12:21:27,7.70
2026-01-28 12:21:28,7.70
2026-01-28 12:21:29,7.90
2026-01-28 12:21:30,7.90
2026-01-28 12:21:31,7.90
2026-01-28 12:21:32,7.90
2026-01-28 12:21:33,7.90
2026-01-28 12:21:34,7.50
2026-01-28 12:21:35,7.50
2026-01-28 12:21:36,7.50
2026-01-28 12:21:37,7.50
2026-01-28 12:21:38,7.50
2026-01-28 12:21:39,7.52
2026-01-28 12:21:40,7.52
2026-01-28 12:21:41,7.52
2026-01-28 12:21:42,7.52
2026-01-28 12:21:43,7.52
2026-01-28 12:21:44,7.61
2026-01-28 12:21:45,7.61
2026-01-28 12:21:46,7.61
2026-01-28 12:21:47,7.61
2026-01-28 12:21:48,7.61
2026-01-28 12:21:49,7.53
2026-01-28 12:21:50,7.53
2026-01-28 12:21:51,7.53
2026-01-28 12:21:52,7.53
2026-01-28 12:21:53,7.53
2026-01-28 12:21:54,7.52
2026-01-28 12:21:55,7.52
2026-01-28 12:21:56,7.52
2026-01-28 12:21:57,7.52
2026-01-28 12:21:58,7.52
2026-01-28 12:21:59,6.55
2026-01-28 12:22:00,6.55
2026-01-28 12:22:01,6.55
2026-01-28 12:22:02,6.55
2026-01-28 12:22:03,6.55
2026-01-28 12:22:04,6.35
2026-01-28 12:22:05,6.35
2026-01-28 12:22:06,6.35
2026-01-28 12:22:07,6.35
2026-01-28 12:22:08,6.35
2026-01-28 12:22:09,6.38
2026-01-28 12:22:10,6.38
2026-01-28 12:22:11,6.38
2026-01-28 12:22:12,6.38
2026-01-28 12:22:13,6.38
2026-01-28 12:22:14,6.49
2026-01-28 12:22:15,6.49
2026-01-28 12:22:16,6.49
2026-01-28 12:22:17,6.49
2026-01-28 12:22:18,6.49
2026-01-28 12:22:19,6.32
2026-01-28 12:22:20,6.32
2026-01-28 12:22:21,6.32
2026-01-28 12:22:22,6.32
2026-01-28 12:22:23,6.32
2026-01-28 12:22:24,6.45
2026-01-28 12:22:25,6.45
2026-01-28 12:22:26,6.45
2026-01-28 12:22:27,6.45
2026-01-28 12:22:28,6.45
2026-01-28 12:22:29,6.65
2026-01-28 12:22:30,6.65
2026-01-28 12:22:31,6.65
2026-01-28 12:22:32,6.65
2026-01-28 12:22:33,6.65
2026-01-28 12:22:34,6.51
2026-01-28 12:22:35,6.51
2026-01-28 12:22:36,6.51
2026-01-28 12:22:37,6.51
2026-01-28 12:22:38,6.51
2026-01-28 12:22:39,6.24
2026-01-28 12:22:40,6.24
2026-01-28 12:22:41,6.24
2026-01-28 12:22:42,6.24
2026-01-28 12:22:43,6.24
2026-01-28 12:22:44,0
2026-01-28 12:22:45,0
2026-01-28 12:22:46,0
2026-01-28 12:22:47,0
2026-01-28 12:22:48,0
2026-01-28 12:22:49,0
2026-01-28 12:22:50,0
2026-01-28 12:22:51,0
2026-01-28 12:22:52,0
2026-01-28 12:22:53,0
2026-01-28 12:22:54,0
2026-01-28 12:22:55,0
2026-01-28 12:22:56,0
2026-01-28 12:22:57,0
2026-01-28 12:22:58,0
2026-01-28 12:23:04,0
2026-01-28 12:23:05,0
2026-01-28 12:23:06,0
2026-01-28 12:23:07,0
2026-01-28 12:23:08,0
2026-01-28 12:23:09,0
2026-01-28 12:23:10,0
2026-01-28 12:23:11,0
2026-01-28 12:23:12,0
2026-01-28 12:23:13,0
2026-01-28 12:23:14,0
2026-01-28 12:23:15,0
2026-01-28 12:23:16,0
2026-01-28 12:23:17,0
2026-01-28 12:23:18,0
2026-01-28 12:23:19,0
2026-01-28 12:23:20,0
2026-01-28 12:23:21,0
2026-01-28 12:23:22,0
2026-01-28 12:23:23,0
2026-01-28 12:23:24,0
2026-01-28 12:23:25,0
2026-01-28 12:23:26,0
2026-01-28 12:23:27,0
2026-01-28 12:23:28,0
2026-01-28 12:23:29,0
2026-01-28 12:23:30,0
2026-01-28 12:23:31,0
2026-01-28 12:23:32,0
2026-01-28 12:23:33,0
2026-01-28 12:23:34,0
2026-01-28 12:23:35,0
2026-01-28 12:23:36,0
2026-01-28 12:23:37,0
2026-01-28 12:23:38,0
2026-01-28 12:23:39,0
2026-01-28 12:23:40,0
2026-01-28 12:23:41,0
2026-01-28 12:23:42,0
2026-01-28 12:23:43,0
2026-01-28 12:23:44,0
2026-01-28 12:23:45,0
2026-01-28 12:23:46,0
2026-01-28 12:23:47,0
2026-01-28 12:23:48,0
2026-01-28 12:23:49,0
2026-01-28 12:23:50,0
2026-01-28 12:23:51,0
2026-01-28 12:23:52,0
2026-01-28 12:23:53,0
2026-01-28 12:23:54,0
2026-01-28 12:23:55,0
2026-01-28 12:23:56,0
2026-01-28 12:23:57,0
2026-01-28 12:23:58,0
2026-01-28 12:23:59,0
2026-01-28 12:24:00,0
2026-01-28 12:24:01,0
2026-01-28 12:24:02,0
2026-01-28 12:24:03,0
2026-01-28 12:24:04,0
2026-01-28 12:24:05,0
2026-01-28 12:24:06,0
2026-01-28 12:24:07,0
2026-01-28 12:24:08,0
2026-01-28 12:24:09,0
2026-01-28 12:24:10,0
2026-01-28 12:24:11,0
2026-01-28 12:24:12,0
2026-01-28 12:24:13,0
2026-01-28 12:24:39,7.19
2026-01-28 12:24:40,7.19
2026-01-28 12:24:41,7.19
2026-01-28 12:24:42,7.19
2026-01-28 12:24:43,7.19
2026-01-28 12:24:44,10.3
2026-01-28 12:24:45,10.3
2026-01-28 12:24:46,10.3
2026-01-28 12:24:47,10.3
2026-01-28 12:24:48,10.3
2026-01-28 12:24:49,8.75
2026-01-28 12:24:50,8.75
2026-01-28 12:24:51,8.75
2026-01-28 12:24:52,8.75
2026-01-28 12:24:53,8.75
2026-01-28 12:24:54,7.45
2026-01-28 12:24:55,7.45
2026-01-28 12:24:56,7.45
2026-01-28 12:24:57,7.45
2026-01-28 12:24:58,7.45
2026-01-28 12:24:59,7.39
2026-01-28 12:25:00,7.39
2026-01-28 12:25:01,7.39
2026-01-28 12:25:02,7.39
2026-01-28 12:25:03,7.39
2026-01-28 12:25:04,8.13
2026-01-28 12:25:05,8.13
2026-01-28 12:25:06,8.13
2026-01-28 12:25:07,8.13
2026-01-28 12:25:08,8.13
2026-01-28 12:25:09,8.57
2026-01-28 12:25:10,8.57
2026-01-28 12:25:11,8.57
2026-01-28 12:25:12,8.57
2026-01-28 12:25:13,8.57
2026-01-28 12:25:14,8.93
2026-01-28 12:25:15,8.93
2026-01-28 12:25:16,8.93
2026-01-28 12:25:17,8.93
2026-01-28 12:25:18,8.93
2026-01-28 12:25:19,8.47
2026-01-28 12:25:20,8.47
2026-01-28 12:25:21,8.47
2026-01-28 12:25:22,8.47
2026-01-28 12:25:23,8.47
2026-01-28 12:25:24,8.55
2026-01-28 12:25:25,8.55
2026-01-28 12:25:26,8.55
2026-01-28 12:25:27,8.55
2026-01-28 12:25:28,8.55
2026-01-28 12:25:29,8.55
2026-01-28 12:25:30,8.55
2026-01-28 12:25:31,8.55
2026-01-28 12:25:32,8.55
2026-01-28 12:25:33,8.55
2026-01-28 12:25:34,9.08
2026-01-28 12:25:35,9.08
2026-01-28 12:25:36,9.08
2026-01-28 12:25:37,9.08
2026-01-28 12:25:38,9.08
2026-01-28 12:25:39,7.42
2026-01-28 12:25:40,7.42
2026-01-28 12:25:41,7.42
2026-01-28 12:25:42,7.42
2026-01-28 12:25:43,7.42
2026-01-28 12:25:44,7.47
2026-01-28 12:25:45,7.47
2026-01-28 12:25:46,7.47
2026-01-28 12:25:47,7.47
2026-01-28 12:25:48,7.47
2026-01-28 12:25:49,7.42
2026-01-28 12:25:50,7.42
2026-01-28 12:25:51,7.42
2026-01-28 12:25:52,7.42
2026-01-28 12:25:53,7.42
2026-01-28 12:25:54,7.41
2026-01-28 12:25:55,7.41
2026-01-28 12:25:56,7.41
2026-01-28 12:25:57,7.41
2026-01-28 12:25:58,7.41
2026-01-28 12:25:59,7.37
2026-01-28 12:26:00,7.37
2026-01-28 12:26:01,7.37
2026-01-28 12:26:02,7.37
2026-01-28 12:26:03,7.37
2026-01-28 12:26:04,7.52
2026-01-28 12:26:05,7.52
2026-01-28 12:26:06,7.52
2026-01-28 12:26:07,7.52
2026-01-28 12:26:08,7.52
2026-01-28 12:26:09,7.44
2026-01-28 12:26:10,7.44
2026-01-28 12:26:11,7.44
2026-01-28 12:26:12,7.44
2026-01-28 12:26:13,7.44
2026-01-28 12:26:14,7.52
2026-01-28 12:26:15,7.52
2026-01-28 12:26:16,7.52
2026-01-28 12:26:17,7.52
2026-01-28 12:26:18,7.52
2026-01-28 12:26:19,7.70
2026-01-28 12:26:20,7.70
2026-01-28 12:26:21,7.70
2026-01-28 12:26:22,7.70
2026-01-28 12:26:23,7.70
2026-01-28 12:26:24,7.40
2026-01-28 12:26:25,7.40
2026-01-28 12:26:26,7.40
2026-01-28 12:26:27,7.40
2026-01-28 12:26:28,7.40
2026-01-28 12:26:29,7.53
2026-01-28 12:26:30,7.53
2026-01-28 12:26:31,7.53
2026-01-28 12:26:32,7.53
2026-01-28 12:26:33,7.53
2026-01-28 12:26:34,7.75
2026-01-28 12:26:35,7.75
2026-01-28 12:26:36,7.75
2026-01-28 12:26:37,7.75
2026-01-28 12:26:38,7.75
2026-01-28 12:26:39,7.43
2026-01-28 12:26:40,7.43
2026-01-28 12:26:41,7.43
2026-01-28 12:26:42,7.43
2026-01-28 12:26:43,7.43
2026-01-28 12:26:44,6.43
2026-01-28 12:26:45,6.43
2026-01-28 12:26:46,6.43
2026-01-28 12:26:47,6.43
2026-01-28 12:26:48,6.43
2026-01-28 12:26:49,6.41
2026-01-28 12:26:50,6.41
2026-01-28 12:26:51,6.41
2026-01-28 12:26:52,6.41
2026-01-28 12:26:53,6.41
2026-01-28 12:26:54,6.30
2026-01-28 12:26:55,6.30
2026-01-28 12:26:56,6.30
2026-01-28 12:26:57,6.30
2026-01-28 12:26:58,6.30
2026-01-28 12:26:59,8.83
2026-01-28 12:27:00,8.83
2026-01-28 12:27:01,8.83
2026-01-28 12:27:02,8.83
2026-01-28 12:27:03,8.83
2026-01-28 12:27:04,5.26
2026-01-28 12:27:05,5.26
2026-01-28 12:27:06,5.26
2026-01-28 12:27:07,5.26
2026-01-28 12:27:08,5.26
2026-01-28 12:27:09,5.10
2026-01-28 12:27:10,5.10
2026-01-28 12:27:11,5.10
2026-01-28 12:27:12,5.10
2026-01-28 12:27:13,5.10
2026-01-28 12:27:14,5.28
2026-01-28 12:27:15,5.28
2026-01-28 12:27:16,5.28
2026-01-28 12:27:17,5.28
2026-01-28 12:27:18,5.28
2026-01-28 12:27:19,5.23
2026-01-28 12:27:20,5.23
2026-01-28 12:27:21,5.23
2026-01-28 12:27:22,5.23
2026-01-28 12:27:23,5.23
2026-01-28 12:27:24,5.07
2026-01-28 12:27:25,5.07
2026-01-28 12:27:26,5.07
2026-01-28 12:27:27,5.07
2026-01-28 12:27:28,5.07
2026-01-28 12:27:29,5.25
2026-01-28 12:27:30,5.25
2026-01-28 12:27:31,5.25
2026-01-28 12:27:32,5.25
2026-01-28 12:27:33,5.25
2026-01-28 12:27:34,5.64
2026-01-28 12:27:35,5.64
2026-01-28 12:27:36,5.64
2026-01-28 12:27:37,5.64
2026-01-28 12:27:38,5.64
2026-01-28 12:27:39,5.03
2026-01-28 12:27:40,5.03
2026-01-28 12:27:41,5.03
2026-01-28 12:27:42,5.03
2026-01-28 12:27:43,5.03
2026-01-28 12:27:44,4.62
2026-01-28 12:27:45,4.62
2026-01-28 12:27:46,4.62
2026-01-28 12:27:47,4.62
2026-01-28 12:27:48,4.62
2026-01-28 12:27:49,8.25
2026-01-28 12:27:50,8.25
2026-01-28 12:27:51,8.25
2026-01-28 12:27:52,8.25
2026-01-28 12:27:53,8.25
2026-01-28 12:27:54,5.13
2026-01-28 12:27:55,5.13
2026-01-28 12:27:56,5.13
2026-01-28 12:27:57,5.13
2026-01-28 12:27:58,5.13
2026-01-28 12:27:59,5.34
2026-01-28 12:28:00,5.34
2026-01-28 12:28:01,5.34
2026-01-28 12:28:02,5.34
2026-01-28 12:28:03,5.34
2026-01-28 12:28:04,5.30
2026-01-28 12:28:05,5.30
2026-01-28 12:28:06,5.30
2026-01-28 12:28:07,5.30
2026-01-28 12:28:08,5.30
2026-01-28 12:28:09,0
2026-01-28 12:28:10,0
2026-01-28 12:28:11,0
2026-01-28 12:28:12,0
2026-01-28 12:28:13,0
2026-01-28 12:28:14,0
2026-01-28 12:28:15,0
2026-01-28 12:28:16,0
2026-01-28 12:28:17,0
2026-01-28 12:28:18,0
2026-01-28 12:28:19,0
2026-01-28 12:28:20,0
2026-01-28 12:28:21,0
2026-01-28 12:28:22,0
2026-01-28 12:28:23,0
2026-01-28 12:28:24,0
2026-01-28 12:28:25,0
2026-01-28 12:28:26,0
2026-01-28 12:28:27,0
2026-01-28 12:28:28,0
2026-01-28 12:28:29,0
2026-01-28 12:28:30,0
2026-01-28 12:28:31,0
2026-01-28 12:28:32,0
2026-01-28 12:28:33,0
2026-01-28 12:28:34,0
2026-01-28 12:28:35,0
2026-01-28 12:28:36,0
2026-01-28 12:28:37,0
2026-01-28 12:28:38,0
2026-01-28 12:28:39,0
2026-01-28 12:28:40,0
2026-01-28 12:28:41,0
2026-01-28 12:28:42,0
2026-01-28 12:28:43,0
2026-01-28 12:28:44,0
2026-01-28 12:28:45,0
2026-01-28 12:28:46,0
2026-01-28 12:28:47,0
2026-01-28 12:28:48,0
2026-01-28 12:28:49,0
2026-01-28 12:28:50,0
2026-01-28 12:28:51,0
2026-01-28 12:28:52,0
2026-01-28 12:28:53,0
2026-01-28 12:28:54,0
2026-01-28 12:28:55,0
2026-01-28 12:28:56,0
2026-01-28 12:28:57,0
2026-01-28 12:28:58,0
2026-01-28 12:28:59,0
2026-01-28 12:29:00,0
2026-01-28 12:29:01,0
2026-01-28 12:29:02,0
2026-01-28 12:29:03,0
2026-01-28 12:29:04,0
2026-01-28 12:29:05,0
2026-01-28 12:29:06,0
2026-01-28 12:29:07,0
2026-01-28 12:29:08,0
2026-01-28 12:29:09,0
2026-01-28 12:29:10,0
2026-01-28 12:29:11,0
2026-01-28 12:29:12,0
2026-01-28 12:29:13,0
2026-01-28 12:29:14,0
2026-01-28 12:29:15,0
2026-01-28 12:29:16,0
2026-01-28 12:29:17,0
2026-01-28 12:29:18,0
2026-01-28 12:29:19,0
2026-01-28 12:29:20,0
2026-01-28 12:29:21,0
2026-01-28 12:29:22,0
2026-01-28 12:29:23,0
2026-01-28 12:29:24,0
2026-01-28 12:29:25,0
2026-01-28 12:29:26,0
2026-01-28 12:29:27,0
2026-01-28 12:29:28,0
2026-01-28 12:29:29,0
2026-01-28 12:29:30,0
2026-01-28 12:29:31,0
2026-01-28 12:29:32,0
2026-01-28 12:29:33,0
2026-01-28 12:29:34,0
2026-01-28 12:29:35,0
2026-01-28 12:29:36,0
2026-01-28 12:29:37,0
2026-01-28 12:29:38,0
2026-01-28 12:29:39,0
2026-01-28 12:29:40,0
2026-01-28 12:29:41,0
2026-01-28 12:29:42,0
2026-01-28 12:29:43,0
2026-01-28 12:30:29,3.06
2026-01-28 12:30:30,3.06
2026-01-28 12:30:31,3.06
2026-01-28 12:30:32,3.06
2026-01-28 12:30:33,3.06
2026-01-28 12:30:34,8.40
2026-01-28 12:30:35,8.40
2026-01-28 12:30:36,8.40
2026-01-28 12:30:37,8.40
2026-01-28 12:30:38,8.40
2026-01-28 12:30:39,7.49
2026-01-28 12:30:40,7.49
2026-01-28 12:30:41,7.49
2026-01-28 12:30:42,7.49
2026-01-28 12:30:43,7.49
2026-01-28 12:30:44,7.52
2026-01-28 12:30:45,7.52
2026-01-28 12:30:46,7.52
2026-01-28 12:30:47,7.52
2026-01-28 12:30:48,7.52
2026-01-28 12:30:49,7.57
2026-01-28 12:30:50,7.57
2026-01-28 12:30:51,7.57
2026-01-28 12:30:52,7.57
2026-01-28 12:30:53,7.57
2026-01-28 12:30:54,7.61
2026-01-28 12:30:55,7.61
2026-01-28 12:30:56,7.61
2026-01-28 12:30:57,7.61
2026-01-28 12:30:58,7.61
2026-01-28 12:30:59,7.54
2026-01-28 12:31:00,7.54
2026-01-28 12:31:01,7.54
2026-01-28 12:31:02,7.54
2026-01-28 12:31:03,7.54
2026-01-28 12:31:04,7.55
2026-01-28 12:31:05,7.55
2026-01-28 12:31:06,7.55
2026-01-28 12:31:07,7.55
2026-01-28 12:31:08,7.55
2026-01-28 12:31:09,7.56
2026-01-28 12:31:10,7.56
2026-01-28 12:31:11,7.56
2026-01-28 12:31:12,7.56
2026-01-28 12:31:13,7.56
2026-01-28 12:31:14,7.50
2026-01-28 12:31:15,7.50
2026-01-28 12:31:16,7.50
2026-01-28 12:31:17,7.50
2026-01-28 12:31:18,7.50
2026-01-28 12:31:19,7.76
2026-01-28 12:31:20,7.76
2026-01-28 12:31:21,7.76
2026-01-28 12:31:22,7.76
2026-01-28 12:31:23,7.76
2026-01-28 12:31:24,7.92
2026-01-28 12:31:25,7.92
2026-01-28 12:31:26,7.92
2026-01-28 12:31:27,7.92
2026-01-28 12:31:28,7.92
2026-01-28 12:31:29,7.49
2026-01-28 12:31:30,7.49
2026-01-28 12:31:31,7.49
2026-01-28 12:31:32,7.49
2026-01-28 12:31:33,7.49
2026-01-28 12:31:34,7.77
2026-01-28 12:31:35,7.77
2026-01-28 12:31:36,7.77
2026-01-28 12:31:37,7.77
2026-01-28 12:31:38,7.77
2026-01-28 12:31:39,7.29
2026-01-28 12:31:40,7.29
2026-01-28 12:31:41,7.29
2026-01-28 12:31:42,7.29
2026-01-28 12:31:43,7.29
2026-01-28 12:31:44,7.16
2026-01-28 12:31:45,7.16
2026-01-28 12:31:46,7.16
2026-01-28 12:31:47,7.16
2026-01-28 12:31:48,7.16
2026-01-28 12:31:49,6.09
2026-01-28 12:31:50,6.09
2026-01-28 12:31:51,6.09
2026-01-28 12:31:52,6.09
2026-01-28 12:31:53,6.09
2026-01-28 12:31:54,6.22
2026-01-28 12:31:55,6.22
2026-01-28 12:31:56,6.22
2026-01-28 12:31:57,6.22
2026-01-28 12:31:58,6.22
2026-01-28 12:31:59,6.11
2026-01-28 12:32:00,6.11
2026-01-28 12:32:01,6.11
2026-01-28 12:32:02,6.11
2026-01-28 12:32:03,6.11
2026-01-28 12:32:04,6.25
2026-01-28 12:32:05,6.25
2026-01-28 12:32:06,6.25
2026-01-28 12:32:07,6.25
2026-01-28 12:32:08,6.25
2026-01-28 12:32:09,5.73
2026-01-28 12:32:10,5.73
2026-01-28 12:32:11,5.73
2026-01-28 12:32:12,5.73
2026-01-28 12:32:13,5.73
2026-01-28 12:32:14,7.36
2026-01-28 12:32:15,7.36
2026-01-28 12:32:16,7.36
2026-01-28 12:32:17,7.36
2026-01-28 12:32:18,7.36
2026-01-28 12:32:19,7.61
2026-01-28 12:32:20,7.61
2026-01-28 12:32:21,7.61
2026-01-28 12:32:22,7.61
2026-01-28 12:32:23,7.61
2026-01-28 12:32:24,7.29
2026-01-28 12:32:25,7.29
2026-01-28 12:32:26,7.29
2026-01-28 12:32:27,7.29
2026-01-28 12:32:28,7.29
2026-01-28 12:32:29,7.31
2026-01-28 12:32:30,7.31
2026-01-28 12:32:31,7.31
2026-01-28 12:32:32,7.31
2026-01-28 12:32:33,7.31
2026-01-28 12:32:34,7.99
2026-01-28 12:32:35,7.99
2026-01-28 12:32:36,7.99
2026-01-28 12:32:37,7.99
2026-01-28 12:32:38,7.99
2026-01-28 12:32:39,8.42
2026-01-28 12:32:40,8.42
2026-01-28 12:32:41,8.42
2026-01-28 12:32:42,8.42
2026-01-28 12:32:43,8.42
2026-01-28 12:32:44,6.18
2026-01-28 12:32:45,6.18
2026-01-28 12:32:46,6.18
2026-01-28 12:32:47,6.18
2026-01-28 12:32:48,6.18
2026-01-28 12:32:49,6.27
2026-01-28 12:32:50,6.27
2026-01-28 12:32:51,6.27
2026-01-28 12:32:52,6.27
2026-01-28 12:32:53,6.27
2026-01-28 12:32:54,6.24
2026-01-28 12:32:55,6.24
2026-01-28 12:32:56,6.24
2026-01-28 12:32:57,6.24
2026-01-28 12:32:58,6.24
2026-01-28 12:32:59,6.17
2026-01-28 12:33:00,6.17
2026-01-28 12:33:01,6.17
2026-01-28 12:33:02,6.17
2026-01-28 12:33:03,6.17
2026-01-28 12:33:04,6.61
2026-01-28 12:33:05,6.61
2026-01-28 12:33:06,6.61
2026-01-28 12:33:07,6.61
2026-01-28 12:33:08,6.61
2026-01-28 12:33:09,6.29
2026-01-28 12:33:10,6.29
2026-01-28 12:33:11,6.29
2026-01-28 12:33:12,6.29
2026-01-28 12:33:13,6.29
2026-01-28 12:33:14,7.96
2026-01-28 12:33:15,7.96
2026-01-28 12:33:16,7.96
2026-01-28 12:33:17,7.96
2026-01-28 12:33:18,7.96
2026-01-28 12:33:19,7.58
2026-01-28 12:33:20,7.58
2026-01-28 12:33:21,7.58
2026-01-28 12:33:22,7.58
2026-01-28 12:33:23,7.58
2026-01-28 12:33:24,7.32
2026-01-28 12:33:25,7.32
2026-01-28 12:33:26,7.32
2026-01-28 12:33:27,7.32
2026-01-28 12:33:28,7.32
2026-01-28 12:33:29,7.78
2026-01-28 12:33:30,7.78
2026-01-28 12:33:31,7.78
2026-01-28 12:33:32,7.78
2026-01-28 12:33:33,7.78
2026-01-28 12:33:34,8.61
2026-01-28 12:33:35,8.61
2026-01-28 12:33:36,8.61
2026-01-28 12:33:37,8.61
2026-01-28 12:33:38,8.61
2026-01-28 12:33:39,8.66
2026-01-28 12:33:40,8.66
2026-01-28 12:33:41,8.66
2026-01-28 12:33:42,8.66
2026-01-28 12:33:43,8.66
2026-01-28 12:33:44,8.71
2026-01-28 12:33:45,8.71
2026-01-28 12:33:46,8.71
2026-01-28 12:33:47,8.71
2026-01-28 12:33:48,8.71
2026-01-28 12:33:49,9.50
2026-01-28 12:33:50,9.50
2026-01-28 12:33:51,9.50
2026-01-28 12:33:52,9.50
2026-01-28 12:33:53,9.50
2026-01-28 12:33:54,8.55
2026-01-28 12:33:55,8.55
2026-01-28 12:33:56,8.55
2026-01-28 12:33:57,8.55
2026-01-28 12:33:58,8.55
2026-01-28 12:33:59,0
2026-01-28 12:34:00,0
2026-01-28 12:34:01,0
2026-01-28 12:34:02,0
2026-01-28 12:34:03,0
2026-01-28 12:34:04,0
2026-01-28 12:34:05,0
2026-01-28 12:34:06,0
2026-01-28 12:34:07,0
2026-01-28 12:34:08,0
2026-01-28 12:34:09,0
2026-01-28 12:34:10,0
2026-01-28 12:34:11,0
2026-01-28 12:34:12,0
2026-01-28 12:34:13,0
2026-01-28 12:34:14,0
2026-01-28 12:34:15,0
2026-01-28 12:34:16,0
2026-01-28 12:34:17,0
2026-01-28 12:34:18,0
2026-01-28 12:34:19,0
2026-01-28 12:34:20,0
2026-01-28 12:34:21,0
2026-01-28 12:34:22,0
2026-01-28 12:34:23,0
2026-01-28 12:34:24,0
2026-01-28 12:34:25,0
2026-01-28 12:34:26,0
2026-01-28 12:34:27,0
2026-01-28 12:34:28,0
2026-01-28 12:34:29,0
2026-01-28 12:34:30,0
2026-01-28 12:34:31,0
2026-01-28 12:34:32,0
2026-01-28 12:34:33,0
2026-01-28 12:34:34,0
2026-01-28 12:34:35,0
2026-01-28 12:34:36,0
2026-01-28 12:34:37,0
2026-01-28 12:34:38,0
2026-01-28 12:34:39,0
2026-01-28 12:34:40,0
2026-01-28 12:34:41,0
2026-01-28 12:34:42,0
2026-01-28 12:34:43,0
2026-01-28 12:34:44,0
2026-01-28 12:34:45,0
2026-01-28 12:34:46,0
2026-01-28 12:34:47,0
2026-01-28 12:34:48,0
2026-01-28 12:34:49,0
2026-01-28 12:34:50,0
2026-01-28 12:34:51,0
2026-01-28 12:34:52,0
2026-01-28 12:34:53,0
2026-01-28 12:34:54,0
2026-01-28 12:34:55,0
2026-01-28 12:34:56,0
2026-01-28 12:34:57,0
2026-01-28 12:34:58,0
2026-01-28 12:34:59,0
2026-01-28 12:35:00,0
2026-01-28 12:35:01,0
2026-01-28 12:35:02,0
2026-01-28 12:35:03,0
2026-01-28 12:35:04,0
2026-01-28 12:35:05,0
2026-01-28 12:35:06,0
2026-01-28 12:35:07,0
2026-01-28 12:35:08,0
2026-01-28 12:35:09,0
2026-01-28 12:35:10,0
2026-01-28 12:35:11,0
2026-01-28 12:35:12,0
2026-01-28 12:35:13,0
2026-01-28 12:35:14,0
2026-01-28 12:35:15,0
2026-01-28 12:35:16,0
2026-01-28 12:35:17,0
2026-01-28 12:35:18,0
2026-01-28 12:35:19,0
2026-01-28 12:35:20,0
2026-01-28 12:35:21,0
2026-01-28 12:35:22,0
2026-01-28 12:35:23,0
2026-01-28 12:35:24,0
2026-01-28 12:35:25,0
2026-01-28 12:35:26,0
2026-01-28 12:35:27,0
2026-01-28 12:35:28,0
2026-01-28 12:35:29,0
2026-01-28 12:35:30,0
2026-01-28 12:35:31,0
2026-01-28 12:35:32,0
2026-01-28 12:35:33,0
2026-01-28 12:36:49,3.93
2026-01-28 12:36:50,3.93
2026-01-28 12:36:51,3.93
2026-01-28 12:36:52,3.93
2026-01-28 12:36:53,3.93
2026-01-28 12:36:54,5.03
2026-01-28 12:36:55,5.03
2026-01-28 12:36:56,5.03
2026-01-28 12:36:57,5.03
2026-01-28 12:36:58,5.03
2026-01-28 12:36:59,5.56
2026-01-28 12:37:00,5.56
2026-01-28 12:37:01,5.56
2026-01-28 12:37:02,5.56
2026-01-28 12:37:03,5.56
2026-01-28 12:37:04,5.31
2026-01-28 12:37:05,5.31
2026-01-28 12:37:06,5.31
2026-01-28 12:37:07,5.31
2026-01-28 12:37:08,5.31
2026-01-28 12:37:09,5.04
2026-01-28 12:37:10,5.04
2026-01-28 12:37:11,5.04
2026-01-28 12:37:12,5.04
2026-01-28 12:37:13,5.04
2026-01-28 12:37:14,5.13
2026-01-28 12:37:15,5.13
2026-01-28 12:37:16,5.13
2026-01-28 12:37:17,5.13
2026-01-28 12:37:18,5.13
2026-01-28 12:37:19,5.08
2026-01-28 12:37:20,5.08
2026-01-28 12:37:21,5.08
2026-01-28 12:37:22,5.08
2026-01-28 12:37:23,5.08
2026-01-28 12:37:24,5.13
2026-01-28 12:37:25,5.13
2026-01-28 12:37:26,5.13
2026-01-28 12:37:27,5.13
2026-01-28 12:37:28,5.13
2026-01-28 12:37:29,5.15
2026-01-28 12:37:30,5.15
2026-01-28 12:37:31,5.15
2026-01-28 12:37:32,5.15
2026-01-28 12:37:33,5.15
2026-01-28 12:37:34,5.66
2026-01-28 12:37:35,5.66
2026-01-28 12:37:36,5.66
2026-01-28 12:37:37,5.66
2026-01-28 12:37:38,5.66
2026-01-28 12:37:39,4.97
2026-01-28 12:37:40,4.97
2026-01-28 12:37:41,4.97
2026-01-28 12:37:42,4.97
2026-01-28 12:37:43,4.97
2026-01-28 12:37:44,5.07
2026-01-28 12:37:45,5.07
2026-01-28 12:37:46,5.07
2026-01-28 12:37:47,5.07
2026-01-28 12:37:48,5.07
2026-01-28 12:37:49,5.06
2026-01-28 12:37:50,5.06
2026-01-28 12:37:51,5.06
2026-01-28 12:37:52,5.06
2026-01-28 12:37:53,5.06
2026-01-28 12:37:54,5.03
2026-01-28 12:37:55,5.03
2026-01-28 12:37:56,5.03
2026-01-28 12:37:57,5.03
2026-01-28 12:37:58,5.03
2026-01-28 12:37:59,4.92
2026-01-28 12:38:00,4.92
2026-01-28 12:38:01,4.92
2026-01-28 12:38:02,4.92
2026-01-28 12:38:03,4.92
2026-01-28 12:38:04,5.34
2026-01-28 12:38:05,5.34
2026-01-28 12:38:06,5.34
2026-01-28 12:38:07,5.34
2026-01-28 12:38:08,5.34
2026-01-28 12:38:09,5.34
2026-01-28 12:38:10,5.34
2026-01-28 12:38:11,5.34
2026-01-28 12:38:12,5.34
2026-01-28 12:38:13,5.34
2026-01-28 12:38:14,5.33
2026-01-28 12:38:15,5.33
2026-01-28 12:38:16,5.33
2026-01-28 12:38:17,5.33
2026-01-28 12:38:18,5.33
2026-01-28 12:38:19,4.44
2026-01-28 12:38:20,4.44
2026-01-28 12:38:21,4.44
2026-01-28 12:38:22,4.44
2026-01-28 12:38:23,4.44
2026-01-28 12:38:24,6.27
2026-01-28 12:38:25,6.27
2026-01-28 12:38:26,6.27
2026-01-28 12:38:27,6.27
2026-01-28 12:38:28,6.27
2026-01-28 12:38:29,7.15
2026-01-28 12:38:30,7.15
2026-01-28 12:38:31,7.15
2026-01-28 12:38:32,7.15
2026-01-28 12:38:33,7.15
2026-01-28 12:38:34,6.90
2026-01-28 12:38:35,6.90
2026-01-28 12:38:36,6.90
2026-01-28 12:38:37,6.90
2026-01-28 12:38:38,6.90
2026-01-28 12:38:39,6.24
2026-01-28 12:38:40,6.24
2026-01-28 12:38:41,6.24
2026-01-28 12:38:42,6.24
2026-01-28 12:38:43,6.24
2026-01-28 12:38:44,6.32
2026-01-28 12:38:45,6.32
2026-01-28 12:38:46,6.32
2026-01-28 12:38:47,6.32
2026-01-28 12:38:48,6.32
2026-01-28 12:38:49,6.32
2026-01-28 12:38:50,6.32
2026-01-28 12:38:51,6.32
2026-01-28 12:38:52,6.32
2026-01-28 12:38:53,6.32
2026-01-28 12:38:54,6.42
2026-01-28 12:38:55,6.42
2026-01-28 12:38:56,6.42
2026-01-28 12:38:57,6.42
2026-01-28 12:38:58,6.42
2026-01-28 12:38:59,6.25
2026-01-28 12:39:00,6.25
2026-01-28 12:39:01,6.25
2026-01-28 12:39:02,6.25
2026-01-28 12:39:03,6.25
2026-01-28 12:39:04,6.69
2026-01-28 12:39:05,6.69
2026-01-28 12:39:06,6.69
2026-01-28 12:39:07,6.69
2026-01-28 12:39:08,6.69
2026-01-28 12:39:09,6.27
2026-01-28 12:39:10,6.27
2026-01-28 12:39:11,6.27
2026-01-28 12:39:12,6.27
2026-01-28 12:39:13,6.27
2026-01-28 12:39:14,5.67
2026-01-28 12:39:15,5.67
2026-01-28 12:39:16,5.67
2026-01-28 12:39:17,5.67
2026-01-28 12:39:18,5.67
2026-01-28 12:39:19,7.51
2026-01-28 12:39:20,7.51
2026-01-28 12:39:21,7.51
2026-01-28 12:39:22,7.51
2026-01-28 12:39:23,7.51
2026-01-28 12:39:24,8.50
2026-01-28 12:39:25,8.50
2026-01-28 12:39:26,8.50
2026-01-28 12:39:27,8.50
2026-01-28 12:39:28,8.50
2026-01-28 12:39:29,9.07
2026-01-28 12:39:30,9.07
2026-01-28 12:39:31,9.07
2026-01-28 12:39:32,9.07
2026-01-28 12:39:33,9.07
2026-01-28 12:39:34,8.92
2026-01-28 12:39:35,8.92
2026-01-28 12:39:36,8.92
2026-01-28 12:39:37,8.92
2026-01-28 12:39:38,8.92
2026-01-28 12:39:39,8.05
2026-01-28 12:39:40,8.05
2026-01-28 12:39:41,8.05
2026-01-28 12:39:42,8.05
2026-01-28 12:39:43,8.05
2026-01-28 12:39:44,7.27
2026-01-28 12:39:45,7.27
2026-01-28 12:39:46,7.27
2026-01-28 12:39:47,7.27
2026-01-28 12:39:48,7.27
2026-01-28 12:39:49,7.34
2026-01-28 12:39:50,7.34
2026-01-28 12:39:51,7.34
2026-01-28 12:39:52,7.34
2026-01-28 12:39:53,7.34
2026-01-28 12:39:54,7.33
2026-01-28 12:39:55,7.33
2026-01-28 12:39:56,7.33
2026-01-28 12:39:57,7.33
2026-01-28 12:39:58,7.33
2026-01-28 12:39:59,7.35
2026-01-28 12:40:00,7.35
2026-01-28 12:40:01,7.35
2026-01-28 12:40:02,7.35
2026-01-28 12:40:03,7.35
2026-01-28 12:40:04,7.56
2026-01-28 12:40:05,7.56
2026-01-28 12:40:06,7.56
2026-01-28 12:40:07,7.56
2026-01-28 12:40:08,7.56
2026-01-28 12:40:09,7.47
2026-01-28 12:40:10,7.47
2026-01-28 12:40:11,7.47
2026-01-28 12:40:12,7.47
2026-01-28 12:40:13,7.47
2026-01-28 12:40:14,7.54
2026-01-28 12:40:15,7.54
2026-01-28 12:40:16,7.54
2026-01-28 12:40:17,7.54
2026-01-28 12:40:18,7.54
2026-01-28 12:40:19,0
2026-01-28 12:40:20,0
2026-01-28 12:40:21,0
2026-01-28 12:40:22,0
2026-01-28 12:40:23,0
2026-01-28 12:40:24,0
2026-01-28 12:40:25,0
2026-01-28 12:40:26,0
2026-01-28 12:40:27,0
2026-01-28 12:40:28,0
2026-01-28 12:40:29,0
2026-01-28 12:40:30,0
2026-01-28 12:40:31,0
2026-01-28 12:40:32,0
2026-01-28 12:40:33,0
2026-01-28 12:40:34,0
2026-01-28 12:40:35,0
2026-01-28 12:40:36,0
2026-01-28 12:40:37,0
2026-01-28 12:40:38,0
2026-01-28 12:40:39,0
2026-01-28 12:40:40,0
2026-01-28 12:40:41,0
2026-01-28 12:40:42,0
2026-01-28 12:40:43,0
2026-01-28 12:40:44,0
2026-01-28 12:40:45,0
2026-01-28 12:40:46,0
2026-01-28 12:40:47,0
2026-01-28 12:40:48,0
2026-01-28 12:40:49,0
2026-01-28 12:40:50,0
2026-01-28 12:40:51,0
2026-01-28 12:40:52,0
2026-01-28 12:40:53,0
2026-01-28 12:40:54,0
2026-01-28 12:40:55,0
2026-01-28 12:40:56,0
2026-01-28 12:40:57,0
2026-01-28 12:40:58,0
2026-01-28 12:40:59,0
2026-01-28 12:41:00,0
2026-01-28 12:41:01,0
2026-01-28 12:41:02,0
2026-01-28 12:41:03,0
2026-01-28 12:41:04,0
2026-01-28 12:41:05,0
2026-01-28 12:41:06,0
2026-01-28 12:41:07,0
2026-01-28 12:41:08,0
2026-01-28 12:41:09,0
2026-01-28 12:41:10,0
2026-01-28 12:41:11,0
2026-01-28 12:41:12,0
2026-01-28 12:41:13,0
2026-01-28 12:41:14,0
2026-01-28 12:41:15,0
2026-01-28 12:41:16,0
2026-01-28 12:41:17,0
2026-01-28 12:41:18,0
2026-01-28 12:41:19,0
2026-01-28 12:41:20,0
2026-01-28 12:41:21,0
2026-01-28 12:41:22,0
2026-01-28 12:41:23,0
2026-01-28 12:41:24,0
2026-01-28 12:41:25,0
2026-01-28 12:41:26,0
2026-01-28 12:41:27,0
2026-01-28 12:41:28,0
2026-01-28 12:41:29,0
2026-01-28 12:41:30,0
2026-01-28 12:41:31,0
2026-01-28 12:41:32,0
2026-01-28 12:41:33,0
2026-01-28 12:41:34,0
2026-01-28 12:41:35,0
2026-01-28 12:41:36,0
2026-01-28 12:41:37,0
2026-01-28 12:41:38,0
2026-01-28 12:41:39,0
2026-01-28 12:41:40,0
2026-01-28 12:41:41,0
2026-01-28 12:41:42,0
2026-01-28 12:41:43,0
2026-01-28 12:41:44,0
2026-01-28 12:41:45,0
2026-01-28 12:41:46,0
2026-01-28 12:41:47,0
2026-01-28 12:41:48,0
2026-01-28 12:41:49,0
2026-01-28 12:41:50,0
2026-01-28 12:41:51,0
2026-01-28 12:41:52,0
2026-01-28 12:41:53,0
2026-01-28 12:44:34,7.73
2026-01-28 12:44:35,7.73
2026-01-28 12:44:36,7.73
2026-01-28 12:44:37,7.73
2026-01-28 12:44:38,7.73
2026-01-28 12:44:39,6.94
2026-01-28 12:44:40,6.94
2026-01-28 12:44:41,6.94
2026-01-28 12:44:42,6.94
2026-01-28 12:44:43,6.94
2026-01-28 12:44:44,6.15
2026-01-28 12:44:45,6.15
2026-01-28 12:44:46,6.15
2026-01-28 12:44:47,6.15
2026-01-28 12:44:48,6.15
2026-01-28 12:44:49,6.33
2026-01-28 12:44:50,6.33
2026-01-28 12:44:51,6.33
2026-01-28 12:44:52,6.33
2026-01-28 12:44:53,6.33
2026-01-28 12:44:54,6.33
2026-01-28 12:44:55,6.33
2026-01-28 12:44:56,6.33
2026-01-28 12:44:57,6.33
2026-01-28 12:44:58,6.33
2026-01-28 12:44:59,6.30
2026-01-28 12:45:00,6.30
2026-01-28 12:45:01,6.30
2026-01-28 12:45:02,6.30
2026-01-28 12:45:03,6.30
2026-01-28 12:45:04,6.07
2026-01-28 12:45:05,6.07
2026-01-28 12:45:06,6.07
2026-01-28 12:45:07,6.07
2026-01-28 12:45:08,6.07
2026-01-28 12:45:09,6.11
2026-01-28 12:45:10,6.11
2026-01-28 12:45:11,6.11
2026-01-28 12:45:12,6.11
2026-01-28 12:45:13,6.11
2026-01-28 12:45:14,6.20
2026-01-28 12:45:15,6.20
2026-01-28 12:45:16,6.20
2026-01-28 12:45:17,6.20
2026-01-28 12:45:18,6.20
2026-01-28 12:45:19,6.31
2026-01-28 12:45:20,6.31
2026-01-28 12:45:21,6.31
2026-01-28 12:45:22,6.31
2026-01-28 12:45:23,6.31
2026-01-28 12:45:24,6.29
2026-01-28 12:45:25,6.29
2026-01-28 12:45:26,6.29
2026-01-28 12:45:27,6.29
2026-01-28 12:45:28,6.29
2026-01-28 12:45:29,6.20
2026-01-28 12:45:30,6.20
2026-01-28 12:45:31,6.20
2026-01-28 12:45:32,6.20
2026-01-28 12:45:33,6.20
2026-01-28 12:45:34,6.26
2026-01-28 12:45:35,6.26
2026-01-28 12:45:36,6.26
2026-01-28 12:45:37,6.26
2026-01-28 12:45:38,6.26
2026-01-28 12:45:39,6.44
2026-01-28 12:45:40,6.44
2026-01-28 12:45:41,6.44
2026-01-28 12:45:42,6.44
2026-01-28 12:45:43,6.44
2026-01-28 12:45:44,5.94
2026-01-28 12:45:45,5.94
2026-01-28 12:45:46,5.94
2026-01-28 12:45:47,5.94
2026-01-28 12:45:48,5.94
2026-01-28 12:45:49,6.19
2026-01-28 12:45:50,6.19
2026-01-28 12:45:51,6.19
2026-01-28 12:45:52,6.19
2026-01-28 12:45:53,6.19
2026-01-28 12:45:54,6.21
2026-01-28 12:45:55,6.21
2026-01-28 12:45:56,6.21
2026-01-28 12:45:57,6.21
2026-01-28 12:45:58,6.21
2026-01-28 12:45:59,6.23
2026-01-28 12:46:00,6.23
2026-01-28 12:46:01,6.23
2026-01-28 12:46:02,6.23
2026-01-28 12:46:03,6.23
2026-01-28 12:46:04,6.17
2026-01-28 12:46:05,6.17
2026-01-28 12:46:06,6.17
2026-01-28 12:46:07,6.17
2026-01-28 12:46:08,6.17
2026-01-28 12:46:09,6.28
2026-01-28 12:46:10,6.28
2026-01-28 12:46:11,6.28
2026-01-28 12:46:12,6.28
2026-01-28 12:46:13,6.28
2026-01-28 12:46:14,6.09
2026-01-28 12:46:15,6.09
2026-01-28 12:46:16,6.09
2026-01-28 12:46:17,6.09
2026-01-28 12:46:18,6.09
2026-01-28 12:46:19,6.24
2026-01-28 12:46:20,6.24
2026-01-28 12:46:21,6.24
2026-01-28 12:46:22,6.24
2026-01-28 12:46:23,6.24
2026-01-28 12:46:24,9.02
2026-01-28 12:46:25,9.02
2026-01-28 12:46:26,9.02
2026-01-28 12:46:27,9.02
2026-01-28 12:46:28,9.02
2026-01-28 12:46:29,4.97
2026-01-28 12:46:30,4.97
2026-01-28 12:46:31,4.97
2026-01-28 12:46:32,4.97
2026-01-28 12:46:33,4.97
2026-01-28 12:46:34,4.93
2026-01-28 12:46:35,4.93
2026-01-28 12:46:36,4.93
2026-01-28 12:46:37,4.93
2026-01-28 12:46:38,4.93
2026-01-28 12:46:39,5.24
2026-01-28 12:46:40,5.24
2026-01-28 12:46:41,5.24
2026-01-28 12:46:42,5.24
2026-01-28 12:46:43,5.24
2026-01-28 12:46:44,4.87
2026-01-28 12:46:45,4.87
2026-01-28 12:46:46,4.87
2026-01-28 12:46:47,4.87
2026-01-28 12:46:48,4.87
2026-01-28 12:46:49,5.15
2026-01-28 12:46:50,5.15
2026-01-28 12:46:51,5.15
2026-01-28 12:46:52,5.15
2026-01-28 12:46:53,5.15
2026-01-28 12:46:54,4.96
2026-01-28 12:46:55,4.96
2026-01-28 12:46:56,4.96
2026-01-28 12:46:57,4.96
2026-01-28 12:46:58,4.96
2026-01-28 12:46:59,5.08
2026-01-28 12:47:00,5.08
2026-01-28 12:47:01,5.08
2026-01-28 12:47:02,5.08
2026-01-28 12:47:03,5.08
2026-01-28 12:47:04,5.00
2026-01-28 12:47:05,5.00
2026-01-28 12:47:06,5.00
2026-01-28 12:47:07,5.00
2026-01-28 12:47:08,5.00
2026-01-28 12:47:09,5.03
2026-01-28 12:47:10,5.03
2026-01-28 12:47:11,5.03
2026-01-28 12:47:12,5.03
2026-01-28 12:47:13,5.03
2026-01-28 12:47:14,4.84
2026-01-28 12:47:15,4.84
2026-01-28 12:47:16,4.84
2026-01-28 12:47:17,4.84
2026-01-28 12:47:18,4.84
2026-01-28 12:47:19,5.01
2026-01-28 12:47:20,5.01
2026-01-28 12:47:21,5.01
2026-01-28 12:47:22,5.01
2026-01-28 12:47:23,5.01
2026-01-28 12:47:24,5.01
2026-01-28 12:47:25,5.01
2026-01-28 12:47:26,5.01
2026-01-28 12:47:27,5.01
2026-01-28 12:47:28,5.01
2026-01-28 12:47:29,6.02
2026-01-28 12:47:30,6.02
2026-01-28 12:47:31,6.02
2026-01-28 12:47:32,6.02
2026-01-28 12:47:33,6.02
2026-01-28 12:47:34,6.28
2026-01-28 12:47:35,6.28
2026-01-28 12:47:36,6.28
2026-01-28 12:47:37,6.28
2026-01-28 12:47:38,6.28
2026-01-28 12:47:39,6.60
2026-01-28 12:47:40,6.60
2026-01-28 12:47:41,6.60
2026-01-28 12:47:42,6.60
2026-01-28 12:47:43,6.60
2026-01-28 12:47:44,6.19
2026-01-28 12:47:45,6.19
2026-01-28 12:47:46,6.19
2026-01-28 12:47:47,6.19
2026-01-28 12:47:48,6.19
2026-01-28 12:47:49,5.92
2026-01-28 12:47:50,5.92
2026-01-28 12:47:51,5.92
2026-01-28 12:47:52,5.92
2026-01-28 12:47:53,5.92
2026-01-28 12:47:54,5.24
2026-01-28 12:47:55,5.24
2026-01-28 12:47:56,5.24
2026-01-28 12:47:57,5.24
2026-01-28 12:47:58,5.24
2026-01-28 12:47:59,0
2026-01-28 12:48:00,0
2026-01-28 12:48:01,0
2026-01-28 12:48:02,0
2026-01-28 12:48:03,0
2026-01-28 12:48:04,0
2026-01-28 12:48:05,0
2026-01-28 12:48:06,0
2026-01-28 12:48:07,0
2026-01-28 12:48:08,0
2026-01-28 12:48:09,0
2026-01-28 12:48:10,0
2026-01-28 12:48:11,0
2026-01-28 12:48:12,0
2026-01-28 12:48:13,0
2026-01-28 12:48:14,0
2026-01-28 12:48:15,0
2026-01-28 12:48:16,0
2026-01-28 12:48:17,0
2026-01-28 12:48:18,0
2026-01-28 12:48:19,0
2026-01-28 12:48:20,0
2026-01-28 12:48:21,0
2026-01-28 12:48:22,0
2026-01-28 12:48:23,0
2026-01-28 12:48:24,0
2026-01-28 12:48:25,0
2026-01-28 12:48:26,0
2026-01-28 12:48:27,0
2026-01-28 12:48:28,0
2026-01-28 12:48:29,0
2026-01-28 12:48:30,0
2026-01-28 12:48:31,0
2026-01-28 12:48:32,0
2026-01-28 12:48:33,0
2026-01-28 12:48:34,0
2026-01-28 12:48:35,0
2026-01-28 12:48:36,0
2026-01-28 12:48:37,0
2026-01-28 12:48:38,0
2026-01-28 12:48:39,0
2026-01-28 12:48:40,0
2026-01-28 12:48:41,0
2026-01-28 12:48:42,0
2026-01-28 12:48:43,0
2026-01-28 12:48:44,0
2026-01-28 12:48:45,0
2026-01-28 12:48:46,0
2026-01-28 12:48:47,0
2026-01-28 12:48:48,0
2026-01-28 12:48:49,0
2026-01-28 12:48:50,0
2026-01-28 12:48:51,0
2026-01-28 12:48:52,0
2026-01-28 12:48:53,0
2026-01-28 12:48:54,0
2026-01-28 12:48:55,0
2026-01-28 12:48:56,0
2026-01-28 12:48:57,0
2026-01-28 12:48:58,0
2026-01-28 12:48:59,0
2026-01-28 12:49:00,0
2026-01-28 12:49:01,0
2026-01-28 12:49:02,0
2026-01-28 12:49:03,0
2026-01-28 12:49:04,0
2026-01-28 12:49:05,0
2026-01-28 12:49:06,0
2026-01-28 12:49:07,0
2026-01-28 12:49:08,0
2026-01-28 12:49:09,0
2026-01-28 12:49:10,0
2026-01-28 12:49:11,0
2026-01-28 12:49:12,0
2026-01-28 12:49:13,0
2026-01-28 12:49:14,0
2026-01-28 12:49:15,0
2026-01-28 12:49:16,0
2026-01-28 12:49:17,0
2026-01-28 12:49:18,0
2026-01-28 12:49:19,0
2026-01-28 12:49:20,0
2026-01-28 12:49:21,0
2026-01-28 12:49:22,0
2026-01-28 12:49:23,0
2026-01-28 12:49:24,0
2026-01-28 12:49:25,0
2026-01-28 12:49:26,0
2026-01-28 12:49:27,0
2026-01-28 12:49:28,0
2026-01-28 12:49:29,0
2026-01-28 12:49:30,0
2026-01-28 12:49:31,0
2026-01-28 12:49:32,0
2026-01-28 12:49:33,0
2026-01-28 12:54:29,1.13
2026-01-28 12:54:30,1.13
2026-01-28 12:54:31,1.13
2026-01-28 12:54:32,1.13
2026-01-28 12:54:33,1.13
2026-01-28 12:54:34,5.53
2026-01-28 12:54:35,5.53
2026-01-28 12:54:36,5.53
2026-01-28 12:54:37,5.53
2026-01-28 12:54:38,5.53
2026-01-28 12:54:39,9.52
2026-01-28 12:54:40,9.52
2026-01-28 12:54:41,9.52
2026-01-28 12:54:42,9.52
2026-01-28 12:54:43,9.52
2026-01-28 12:54:44,9.07
2026-01-28 12:54:45,9.07
2026-01-28 12:54:46,9.07
2026-01-28 12:54:47,9.07
2026-01-28 12:54:48,9.07
2026-01-28 12:54:49,8.17
2026-01-28 12:54:50,8.17
2026-01-28 12:54:51,8.17
2026-01-28 12:54:52,8.17
2026-01-28 12:54:53,8.17
2026-01-28 12:54:54,6.27
2026-01-28 12:54:55,6.27
2026-01-28 12:54:56,6.27
2026-01-28 12:54:57,6.27
2026-01-28 12:54:58,6.27
2026-01-28 12:54:59,6.26
2026-01-28 12:55:00,6.26
2026-01-28 12:55:01,6.26
2026-01-28 12:55:02,6.26
2026-01-28 12:55:03,6.26
2026-01-28 12:55:04,6.29
2026-01-28 12:55:05,6.29
2026-01-28 12:55:06,6.29
2026-01-28 12:55:07,6.29
2026-01-28 12:55:08,6.29
2026-01-28 12:55:09,6.24
2026-01-28 12:55:10,6.24
2026-01-28 12:55:11,6.24
2026-01-28 12:55:12,6.24
2026-01-28 12:55:13,6.24
2026-01-28 12:55:14,6.18
2026-01-28 12:55:15,6.18
2026-01-28 12:55:16,6.18
2026-01-28 12:55:17,6.18
2026-01-28 12:55:18,6.18
2026-01-28 12:55:19,6.26
2026-01-28 12:55:20,6.26
2026-01-28 12:55:21,6.26
2026-01-28 12:55:22,6.26
2026-01-28 12:55:23,6.26
2026-01-28 12:55:24,6.23
2026-01-28 12:55:25,6.23
2026-01-28 12:55:26,6.23
2026-01-28 12:55:27,6.23
2026-01-28 12:55:28,6.23
2026-01-28 12:55:29,5.62
2026-01-28 12:55:30,5.62
2026-01-28 12:55:31,5.62
2026-01-28 12:55:32,5.62
2026-01-28 12:55:33,5.62
2026-01-28 12:55:34,7.06
2026-01-28 12:55:35,7.06
2026-01-28 12:55:36,7.06
2026-01-28 12:55:37,7.06
2026-01-28 12:55:38,7.06
2026-01-28 12:55:39,7.63
2026-01-28 12:55:40,7.63
2026-01-28 12:55:41,7.63
2026-01-28 12:55:42,7.63
2026-01-28 12:55:43,7.63
2026-01-28 12:55:44,7.54
2026-01-28 12:55:45,7.54
2026-01-28 12:55:46,7.54
2026-01-28 12:55:47,7.54
2026-01-28 12:55:48,7.54
2026-01-28 12:55:49,7.25
2026-01-28 12:55:50,7.25
2026-01-28 12:55:51,7.25
2026-01-28 12:55:52,7.25
2026-01-28 12:55:53,7.25
2026-01-28 12:55:54,7.26
2026-01-28 12:55:55,7.26
2026-01-28 12:55:56,7.26
2026-01-28 12:55:57,7.26
2026-01-28 12:55:58,7.26
2026-01-28 12:55:59,7.22
2026-01-28 12:56:00,7.22
2026-01-28 12:56:01,7.22
2026-01-28 12:56:02,7.22
2026-01-28 12:56:03,7.22
2026-01-28 12:56:04,7.23
2026-01-28 12:56:05,7.23
2026-01-28 12:56:06,7.23
2026-01-28 12:56:07,7.23
2026-01-28 12:56:08,7.23
2026-01-28 12:56:09,7.23
2026-01-28 12:56:10,7.23
2026-01-28 12:56:11,7.23
2026-01-28 12:56:12,7.23
2026-01-28 12:56:13,7.23
2026-01-28 12:56:14,6.82
2026-01-28 12:56:15,6.82
2026-01-28 12:56:16,6.82
2026-01-28 12:56:17,6.82
2026-01-28 12:56:18,6.82
2026-01-28 12:56:19,6.10
2026-01-28 12:56:20,6.10
2026-01-28 12:56:21,6.10
2026-01-28 12:56:22,6.10
2026-01-28 12:56:23,6.10
2026-01-28 12:56:24,6.16
2026-01-28 12:56:25,6.16
2026-01-28 12:56:26,6.16
2026-01-28 12:56:27,6.16
2026-01-28 12:56:28,6.16
2026-01-28 12:56:29,5.73
2026-01-28 12:56:30,5.73
2026-01-28 12:56:31,5.73
2026-01-28 12:56:32,5.73
2026-01-28 12:56:33,5.73
2026-01-28 12:56:34,6.88
2026-01-28 12:56:35,6.88
2026-01-28 12:56:36,6.88
2026-01-28 12:56:37,6.88
2026-01-28 12:56:38,6.88
2026-01-28 12:56:39,7.38
2026-01-28 12:56:40,7.38
2026-01-28 12:56:41,7.38
2026-01-28 12:56:42,7.38
2026-01-28 12:56:43,7.38
2026-01-28 12:56:44,7.28
2026-01-28 12:56:45,7.28
2026-01-28 12:56:46,7.28
2026-01-28 12:56:47,7.28
2026-01-28 12:56:48,7.28
2026-01-28 12:56:49,9.63
2026-01-28 12:56:50,9.63
2026-01-28 12:56:51,9.63
2026-01-28 12:56:52,9.63
2026-01-28 12:56:53,9.63
2026-01-28 12:56:54,8.07
2026-01-28 12:56:55,8.07
2026-01-28 12:56:56,8.07
2026-01-28 12:56:57,8.07
2026-01-28 12:56:58,8.07
2026-01-28 12:56:59,6.22
2026-01-28 12:57:00,6.22
2026-01-28 12:57:01,6.22
2026-01-28 12:57:02,6.22
2026-01-28 12:57:03,6.22
2026-01-28 12:57:04,6.29
2026-01-28 12:57:05,6.29
2026-01-28 12:57:06,6.29
2026-01-28 12:57:07,6.29
2026-01-28 12:57:08,6.29
2026-01-28 12:57:09,6.20
2026-01-28 12:57:10,6.20
2026-01-28 12:57:11,6.20
2026-01-28 12:57:12,6.20
2026-01-28 12:57:13,6.20
2026-01-28 12:57:14,6.19
2026-01-28 12:57:15,6.19
2026-01-28 12:57:16,6.19
2026-01-28 12:57:17,6.19
2026-01-28 12:57:18,6.19
2026-01-28 12:57:19,9.09
2026-01-28 12:57:20,9.09
2026-01-28 12:57:21,9.09
2026-01-28 12:57:22,9.09
2026-01-28 12:57:23,9.09
2026-01-28 12:57:24,7.19
2026-01-28 12:57:25,7.19
2026-01-28 12:57:26,7.19
2026-01-28 12:57:27,7.19
2026-01-28 12:57:28,7.19
2026-01-28 12:57:29,5.15
2026-01-28 12:57:30,5.15
2026-01-28 12:57:31,5.15
2026-01-28 12:57:32,5.15
2026-01-28 12:57:33,5.15
2026-01-28 12:57:34,5.43
2026-01-28 12:57:35,5.43
2026-01-28 12:57:36,5.43
2026-01-28 12:57:37,5.43
2026-01-28 12:57:38,5.43
2026-01-28 12:57:39,5.15
2026-01-28 12:57:40,5.15
2026-01-28 12:57:41,5.15
2026-01-28 12:57:42,5.15
2026-01-28 12:57:43,5.15
2026-01-28 12:57:44,5.12
2026-01-28 12:57:45,5.12
2026-01-28 12:57:46,5.12
2026-01-28 12:57:47,5.12
2026-01-28 12:57:48,5.12
2026-01-28 12:57:49,5.40
2026-01-28 12:57:50,5.40
2026-01-28 12:57:51,5.40
2026-01-28 12:57:52,5.40
2026-01-28 12:57:53,5.40
2026-01-28 12:57:54,5.19
2026-01-28 12:57:55,5.19
2026-01-28 12:57:56,5.19
2026-01-28 12:57:57,5.19
2026-01-28 12:57:58,5.19
2026-01-28 12:57:59,0
2026-01-28 12:58:00,0
2026-01-28 12:58:01,0
2026-01-28 12:58:02,0
2026-01-28 12:58:03,0
2026-01-28 12:58:04,0
2026-01-28 12:58:05,0
2026-01-28 12:58:06,0
2026-01-28 12:58:07,0
2026-01-28 12:58:08,0
2026-01-28 12:58:09,0
2026-01-28 12:58:10,0
2026-01-28 12:58:11,0
2026-01-28 12:58:12,0
2026-01-28 12:58:13,0
2026-01-28 12:58:14,0
2026-01-28 12:58:15,0
2026-01-28 12:58:16,0
2026-01-28 12:58:17,0
2026-01-28 12:58:18,0
2026-01-28 12:58:19,0
2026-01-28 12:58:20,0
2026-01-28 12:58:21,0
2026-01-28 12:58:22,0
2026-01-28 12:58:23,0
2026-01-28 12:58:24,0
2026-01-28 12:58:25,0
2026-01-28 12:58:26,0
2026-01-28 12:58:27,0
2026-01-28 12:58:28,0
2026-01-28 12:58:29,0
2026-01-28 12:58:30,0
2026-01-28 12:58:31,0
2026-01-28 12:58:32,0
2026-01-28 12:58:33,0
2026-01-28 12:58:34,0
2026-01-28 12:58:35,0
2026-01-28 12:58:36,0
2026-01-28 12:58:37,0
2026-01-28 12:58:38,0
2026-01-28 12:58:39,0
2026-01-28 12:58:40,0
2026-01-28 12:58:41,0
2026-01-28 12:58:42,0
2026-01-28 12:58:43,0
2026-01-28 12:58:44,0
2026-01-28 12:58:45,0
2026-01-28 12:58:46,0
2026-01-28 12:58:47,0
2026-01-28 12:58:48,0
2026-01-28 12:58:49,0
2026-01-28 12:58:50,0
2026-01-28 12:58:51,0
2026-01-28 12:58:52,0
2026-01-28 12:58:53,0
2026-01-28 12:58:54,0
2026-01-28 12:58:55,0
2026-01-28 12:58:56,0
2026-01-28 12:58:57,0
2026-01-28 12:58:58,0
2026-01-28 12:58:59,0
2026-01-28 12:59:00,0
2026-01-28 12:59:01,0
2026-01-28 12:59:02,0
2026-01-28 12:59:03,0
2026-01-28 12:59:04,0
2026-01-28 12:59:05,0
2026-01-28 12:59:06,0
2026-01-28 12:59:07,0
2026-01-28 12:59:08,0
2026-01-28 12:59:09,0
2026-01-28 12:59:10,0
2026-01-28 12:59:11,0
2026-01-28 12:59:12,0
2026-01-28 12:59:13,0
2026-01-28 12:59:14,0
2026-01-28 12:59:15,0
2026-01-28 12:59:16,0
2026-01-28 12:59:17,0
2026-01-28 12:59:18,0
2026-01-28 12:59:19,0
2026-01-28 12:59:20,0
2026-01-28 12:59:21,0
2026-01-28 12:59:22,0
2026-01-28 12:59:23,0
2026-01-28 12:59:24,0
2026-01-28 12:59:25,0
2026-01-28 12:59:26,0
2026-01-28 12:59:27,0
2026-01-28 12:59:28,0
2026-01-28 12:59:29,0
2026-01-28 12:59:30,0
2026-01-28 12:59:31,0
2026-01-28 12:59:32,0
2026-01-28 12:59:33,0
2026-01-28 13:04:39,6.70
2026-01-28 13:04:40,6.70
2026-01-28 13:04:41,6.70
2026-01-28 13:04:42,6.70
2026-01-28 13:04:43,6.70
2026-01-28 13:04:44,8.50
2026-01-28 13:04:45,8.50
2026-01-28 13:04:46,8.50
2026-01-28 13:04:47,8.50
2026-01-28 13:04:48,8.50
2026-01-28 13:04:49,9.88
2026-01-28 13:04:50,9.88
2026-01-28 13:04:51,9.88
2026-01-28 13:04:52,9.88
2026-01-28 13:04:53,9.88
2026-01-28 13:04:54,8.07
2026-01-28 13:04:55,8.07
2026-01-28 13:04:56,8.07
2026-01-28 13:04:57,8.07
2026-01-28 13:04:58,8.07
2026-01-28 13:04:59,7.33
2026-01-28 13:05:00,7.33
2026-01-28 13:05:01,7.33
2026-01-28 13:05:02,7.33
2026-01-28 13:05:03,7.33
2026-01-28 13:05:04,7.38
2026-01-28 13:05:05,7.38
2026-01-28 13:05:06,7.38
2026-01-28 13:05:07,7.38
2026-01-28 13:05:08,7.38
2026-01-28 13:05:09,7.42
2026-01-28 13:05:10,7.42
2026-01-28 13:05:11,7.42
2026-01-28 13:05:12,7.42
2026-01-28 13:05:13,7.42
2026-01-28 13:05:14,7.66
2026-01-28 13:05:15,7.66
2026-01-28 13:05:16,7.66
2026-01-28 13:05:17,7.66
2026-01-28 13:05:18,7.66
2026-01-28 13:05:19,7.91
2026-01-28 13:05:20,7.91
2026-01-28 13:05:21,7.91
2026-01-28 13:05:22,7.91
2026-01-28 13:05:23,7.91
2026-01-28 13:05:24,7.39
2026-01-28 13:05:25,7.39
2026-01-28 13:05:26,7.39
2026-01-28 13:05:27,7.39
2026-01-28 13:05:28,7.39
2026-01-28 13:05:29,7.38
2026-01-28 13:05:30,7.38
2026-01-28 13:05:31,7.38
2026-01-28 13:05:32,7.38
2026-01-28 13:05:33,7.38
2026-01-28 13:05:34,7.46
2026-01-28 13:05:35,7.46
2026-01-28 13:05:36,7.46
2026-01-28 13:05:37,7.46
2026-01-28 13:05:38,7.46
2026-01-28 13:05:39,7.37
2026-01-28 13:05:40,7.37
2026-01-28 13:05:41,7.37
2026-01-28 13:05:42,7.37
2026-01-28 13:05:43,7.37
2026-01-28 13:05:44,7.43
2026-01-28 13:05:45,7.43
2026-01-28 13:05:46,7.43
2026-01-28 13:05:47,7.43
2026-01-28 13:05:48,7.43
2026-01-28 13:05:49,7.58
2026-01-28 13:05:50,7.58
2026-01-28 13:05:51,7.58
2026-01-28 13:05:52,7.58
2026-01-28 13:05:53,7.58
2026-01-28 13:05:54,7.41
2026-01-28 13:05:55,7.41
2026-01-28 13:05:56,7.41
2026-01-28 13:05:57,7.41
2026-01-28 13:05:58,7.41
2026-01-28 13:05:59,9.06
2026-01-28 13:06:00,9.06
2026-01-28 13:06:01,9.06
2026-01-28 13:06:02,9.06
2026-01-28 13:06:03,9.06
2026-01-28 13:06:04,7.38
2026-01-28 13:06:05,7.38
2026-01-28 13:06:06,7.38
2026-01-28 13:06:07,7.38
2026-01-28 13:06:08,7.38
2026-01-28 13:06:09,6.33
2026-01-28 13:06:10,6.33
2026-01-28 13:06:11,6.33
2026-01-28 13:06:12,6.33
2026-01-28 13:06:13,6.33
2026-01-28 13:06:14,6.22
2026-01-28 13:06:15,6.22
2026-01-28 13:06:16,6.22
2026-01-28 13:06:17,6.22
2026-01-28 13:06:18,6.22
2026-01-28 13:06:19,6.22
2026-01-28 13:06:20,6.22
2026-01-28 13:06:21,6.22
2026-01-28 13:06:22,6.22
2026-01-28 13:06:23,6.22
2026-01-28 13:06:24,6.41
2026-01-28 13:06:25,6.41
2026-01-28 13:06:26,6.41
2026-01-28 13:06:27,6.41
2026-01-28 13:06:28,6.41
2026-01-28 13:06:29,6.50
2026-01-28 13:06:30,6.50
2026-01-28 13:06:31,6.50
2026-01-28 13:06:32,6.50
2026-01-28 13:06:33,6.50
2026-01-28 13:06:34,6.30
2026-01-28 13:06:35,6.30
2026-01-28 13:06:36,6.30
2026-01-28 13:06:37,6.30
2026-01-28 13:06:38,6.30
2026-01-28 13:06:39,6.27
2026-01-28 13:06:40,6.27
2026-01-28 13:06:41,6.27
2026-01-28 13:06:42,6.27
2026-01-28 13:06:43,6.27
2026-01-28 13:06:44,6.30
2026-01-28 13:06:45,6.30
2026-01-28 13:06:46,6.30
2026-01-28 13:06:47,6.30
2026-01-28 13:06:48,6.30
2026-01-28 13:06:49,6.40
2026-01-28 13:06:50,6.40
2026-01-28 13:06:51,6.40
2026-01-28 13:06:52,6.40
2026-01-28 13:06:53,6.40
2026-01-28 13:06:54,6.28
2026-01-28 13:06:55,6.28
2026-01-28 13:06:56,6.28
2026-01-28 13:06:57,6.28
2026-01-28 13:06:58,6.28
2026-01-28 13:06:59,6.18
2026-01-28 13:07:00,6.18
2026-01-28 13:07:01,6.18
2026-01-28 13:07:02,6.18
2026-01-28 13:07:03,6.18
2026-01-28 13:07:04,6.24
2026-01-28 13:07:05,6.24
2026-01-28 13:07:06,6.24
2026-01-28 13:07:07,6.24
2026-01-28 13:07:08,6.24
2026-01-28 13:07:09,6.30
2026-01-28 13:07:10,6.30
2026-01-28 13:07:11,6.30
2026-01-28 13:07:12,6.30
2026-01-28 13:07:13,6.30
2026-01-28 13:07:14,6.29
2026-01-28 13:07:15,6.29
2026-01-28 13:07:16,6.29
2026-01-28 13:07:17,6.29
2026-01-28 13:07:18,6.29
2026-01-28 13:07:19,6.29
2026-01-28 13:07:20,6.29
2026-01-28 13:07:21,6.29
2026-01-28 13:07:22,6.29
2026-01-28 13:07:23,6.29
2026-01-28 13:07:24,6.25
2026-01-28 13:07:25,6.25
2026-01-28 13:07:26,6.25
2026-01-28 13:07:27,6.25
2026-01-28 13:07:28,6.25
2026-01-28 13:07:29,7.61
2026-01-28 13:07:30,7.61
2026-01-28 13:07:31,7.61
2026-01-28 13:07:32,7.61
2026-01-28 13:07:33,7.61
2026-01-28 13:07:34,5.65
2026-01-28 13:07:35,5.65
2026-01-28 13:07:36,5.65
2026-01-28 13:07:37,5.65
2026-01-28 13:07:38,5.65
2026-01-28 13:07:39,5.12
2026-01-28 13:07:40,5.12
2026-01-28 13:07:41,5.12
2026-01-28 13:07:42,5.12
2026-01-28 13:07:43,5.12
2026-01-28 13:07:44,4.60
2026-01-28 13:07:45,4.60
2026-01-28 13:07:46,4.60
2026-01-28 13:07:47,4.60
2026-01-28 13:07:48,4.60
2026-01-28 13:07:49,5.82
2026-01-28 13:07:50,5.82
2026-01-28 13:07:51,5.82
2026-01-28 13:07:52,5.82
2026-01-28 13:07:53,5.82
2026-01-28 13:07:54,6.20
2026-01-28 13:07:55,6.20
2026-01-28 13:07:56,6.20
2026-01-28 13:07:57,6.20
2026-01-28 13:07:58,6.20
2026-01-28 13:07:59,7.58
2026-01-28 13:08:00,7.58
2026-01-28 13:08:01,7.58
2026-01-28 13:08:02,7.58
2026-01-28 13:08:03,7.58
2026-01-28 13:08:04,0
2026-01-28 13:08:05,0
2026-01-28 13:08:06,0
2026-01-28 13:08:07,0
2026-01-28 13:08:08,0
2026-01-28 13:08:09,0
2026-01-28 13:08:10,0
2026-01-28 13:08:11,0
2026-01-28 13:08:12,0
2026-01-28 13:08:13,0
2026-01-28 13:08:14,0
2026-01-28 13:08:15,0
2026-01-28 13:08:16,0
2026-01-28 13:08:17,0
2026-01-28 13:08:18,0
2026-01-28 13:08:19,0
2026-01-28 13:08:20,0
2026-01-28 13:08:21,0
2026-01-28 13:08:22,0
2026-01-28 13:08:23,0
2026-01-28 13:08:24,0
2026-01-28 13:08:25,0
2026-01-28 13:08:26,0
2026-01-28 13:08:27,0
2026-01-28 13:08:28,0
2026-01-28 13:08:29,0
2026-01-28 13:08:30,0
2026-01-28 13:08:31,0
2026-01-28 13:08:32,0
2026-01-28 13:08:33,0
2026-01-28 13:08:34,0
2026-01-28 13:08:35,0
2026-01-28 13:08:36,0
2026-01-28 13:08:37,0
2026-01-28 13:08:38,0
2026-01-28 13:08:39,0
2026-01-28 13:08:40,0
2026-01-28 13:08:41,0
2026-01-28 13:08:42,0
2026-01-28 13:08:43,0
2026-01-28 13:08:44,0
2026-01-28 13:08:45,0
2026-01-28 13:08:46,0
2026-01-28 13:08:47,0
2026-01-28 13:08:48,0
2026-01-28 13:08:49,0
2026-01-28 13:08:50,0
2026-01-28 13:08:51,0
2026-01-28 13:08:52,0
2026-01-28 13:08:53,0
2026-01-28 13:08:54,0
2026-01-28 13:08:55,0
2026-01-28 13:08:56,0
2026-01-28 13:08:57,0
2026-01-28 13:08:58,0
2026-01-28 13:08:59,0
2026-01-28 13:09:00,0
2026-01-28 13:09:01,0
2026-01-28 13:09:02,0
2026-01-28 13:09:03,0
2026-01-28 13:09:04,0
2026-01-28 13:09:05,0
2026-01-28 13:09:06,0
2026-01-28 13:09:07,0
2026-01-28 13:09:08,0
2026-01-28 13:09:09,0
2026-01-28 13:09:10,0
2026-01-28 13:09:11,0
2026-01-28 13:09:12,0
2026-01-28 13:09:13,0
2026-01-28 13:09:14,0
2026-01-28 13:09:15,0
2026-01-28 13:09:16,0
2026-01-28 13:09:17,0
2026-01-28 13:09:18,0
2026-01-28 13:09:19,0
2026-01-28 13:09:20,0
2026-01-28 13:09:21,0
2026-01-28 13:09:22,0
2026-01-28 13:09:23,0
2026-01-28 13:09:24,0
2026-01-28 13:09:25,0
2026-01-28 13:09:26,0
2026-01-28 13:09:27,0
2026-01-28 13:09:28,0
2026-01-28 13:09:29,0
2026-01-28 13:09:30,0
2026-01-28 13:09:31,0
2026-01-28 13:09:32,0
2026-01-28 13:09:33,0
2026-01-28 13:09:34,0
2026-01-28 13:09:35,0
2026-01-28 13:09:36,0
2026-01-28 13:09:37,0
2026-01-28 13:09:38,0
2026-01-28 13:09:49,5.91
2026-01-28 13:09:50,5.91
2026-01-28 13:09:51,5.91
2026-01-28 13:09:52,5.91
2026-01-28 13:09:53,5.91
2026-01-28 13:09:54,7.82
2026-01-28 13:09:55,7.82
2026-01-28 13:09:56,7.82
2026-01-28 13:09:57,7.82
2026-01-28 13:09:58,7.82
2026-01-28 13:09:59,7.41
2026-01-28 13:10:00,7.41
2026-01-28 13:10:01,7.41
2026-01-28 13:10:02,7.41
2026-01-28 13:10:03,7.41
2026-01-28 13:10:04,7.37
2026-01-28 13:10:05,7.37
2026-01-28 13:10:06,7.37
2026-01-28 13:10:07,7.37
2026-01-28 13:10:08,7.37
2026-01-28 13:10:09,7.40
2026-01-28 13:10:10,7.40
2026-01-28 13:10:11,7.40
2026-01-28 13:10:12,7.40
2026-01-28 13:10:13,7.40
2026-01-28 13:10:14,7.43
2026-01-28 13:10:15,7.43
2026-01-28 13:10:16,7.43
2026-01-28 13:10:17,7.43
2026-01-28 13:10:18,7.43
2026-01-28 13:10:19,7.49
2026-01-28 13:10:20,7.49
2026-01-28 13:10:21,7.49
2026-01-28 13:10:22,7.49
2026-01-28 13:10:23,7.49
2026-01-28 13:10:24,7.43
2026-01-28 13:10:25,7.43
2026-01-28 13:10:26,7.43
2026-01-28 13:10:27,7.43
2026-01-28 13:10:28,7.43
2026-01-28 13:10:29,7.42
2026-01-28 13:10:30,7.42
2026-01-28 13:10:31,7.42
2026-01-28 13:10:32,7.42
2026-01-28 13:10:33,7.42
2026-01-28 13:10:34,7.47
2026-01-28 13:10:35,7.47
2026-01-28 13:10:36,7.47
2026-01-28 13:10:37,7.47
2026-01-28 13:10:38,7.47
2026-01-28 13:10:39,7.55
2026-01-28 13:10:40,7.55
2026-01-28 13:10:41,7.55
2026-01-28 13:10:42,7.55
2026-01-28 13:10:43,7.55
2026-01-28 13:10:44,7.50
2026-01-28 13:10:45,7.50
2026-01-28 13:10:46,7.50
2026-01-28 13:10:47,7.50
2026-01-28 13:10:48,7.50
2026-01-28 13:10:49,9.67
2026-01-28 13:10:50,9.67
2026-01-28 13:10:51,9.67
2026-01-28 13:10:52,9.67
2026-01-28 13:10:53,9.67
2026-01-28 13:10:54,7.77
2026-01-28 13:10:55,7.77
2026-01-28 13:10:56,7.77
2026-01-28 13:10:57,7.77
2026-01-28 13:10:58,7.77
2026-01-28 13:10:59,6.21
2026-01-28 13:11:00,6.21
2026-01-28 13:11:01,6.21
2026-01-28 13:11:02,6.21
2026-01-28 13:11:03,6.21
2026-01-28 13:11:04,6.20
2026-01-28 13:11:05,6.20
2026-01-28 13:11:06,6.20
2026-01-28 13:11:07,6.20
2026-01-28 13:11:08,6.20
2026-01-28 13:11:09,6.23
2026-01-28 13:11:10,6.23
2026-01-28 13:11:11,6.23
2026-01-28 13:11:12,6.23
2026-01-28 13:11:13,6.23
2026-01-28 13:11:14,6.18
2026-01-28 13:11:15,6.18
2026-01-28 13:11:16,6.18
2026-01-28 13:11:17,6.18
2026-01-28 13:11:18,6.18
2026-01-28 13:11:19,6.24
2026-01-28 13:11:20,6.24
2026-01-28 13:11:21,6.24
2026-01-28 13:11:22,6.24
2026-01-28 13:11:23,6.24
2026-01-28 13:11:24,7.24
2026-01-28 13:11:25,7.24
2026-01-28 13:11:26,7.24
2026-01-28 13:11:27,7.24
2026-01-28 13:11:28,7.24
2026-01-28 13:11:29,6.74
2026-01-28 13:11:30,6.74
2026-01-28 13:11:31,6.74
2026-01-28 13:11:32,6.74
2026-01-28 13:11:33,6.74
2026-01-28 13:11:34,7.79
2026-01-28 13:11:35,7.79
2026-01-28 13:11:36,7.79
2026-01-28 13:11:37,7.79
2026-01-28 13:11:38,7.79
2026-01-28 13:11:39,7.24
2026-01-28 13:11:40,7.24
2026-01-28 13:11:41,7.24
2026-01-28 13:11:42,7.24
2026-01-28 13:11:43,7.24
2026-01-28 13:11:44,7.28
2026-01-28 13:11:45,7.28
2026-01-28 13:11:46,7.28
2026-01-28 13:11:47,7.28
2026-01-28 13:11:48,7.28
2026-01-28 13:11:49,7.44
2026-01-28 13:11:50,7.44
2026-01-28 13:11:51,7.44
2026-01-28 13:11:52,7.44
2026-01-28 13:11:53,7.44
2026-01-28 13:11:54,7.27
2026-01-28 13:11:55,7.27
2026-01-28 13:11:56,7.27
2026-01-28 13:11:57,7.27
2026-01-28 13:11:58,7.27
2026-01-28 13:11:59,7.24
2026-01-28 13:12:00,7.24
2026-01-28 13:12:01,7.24
2026-01-28 13:12:02,7.24
2026-01-28 13:12:03,7.24
2026-01-28 13:12:04,7.28
2026-01-28 13:12:05,7.28
2026-01-28 13:12:06,7.28
2026-01-28 13:12:07,7.28
2026-01-28 13:12:08,7.28
2026-01-28 13:12:09,7.18
2026-01-28 13:12:10,7.18
2026-01-28 13:12:11,7.18
2026-01-28 13:12:12,7.18
2026-01-28 13:12:13,7.18
2026-01-28 13:12:14,7.27
2026-01-28 13:12:15,7.27
2026-01-28 13:12:16,7.27
2026-01-28 13:12:17,7.27
2026-01-28 13:12:18,7.27
2026-01-28 13:12:19,7.20
2026-01-28 13:12:20,7.20
2026-01-28 13:12:21,7.20
2026-01-28 13:12:22,7.20
2026-01-28 13:12:23,7.20
2026-01-28 13:12:24,7.29
2026-01-28 13:12:25,7.29
2026-01-28 13:12:26,7.29
2026-01-28 13:12:27,7.29
2026-01-28 13:12:28,7.29
2026-01-28 13:12:29,7.24
2026-01-28 13:12:30,7.24
2026-01-28 13:12:31,7.24
2026-01-28 13:12:32,7.24
2026-01-28 13:12:33,7.24
2026-01-28 13:12:34,7.25
2026-01-28 13:12:35,7.25
2026-01-28 13:12:36,7.25
2026-01-28 13:12:37,7.25
2026-01-28 13:12:38,7.25
2026-01-28 13:12:39,7.06
2026-01-28 13:12:40,7.06
2026-01-28 13:12:41,7.06
2026-01-28 13:12:42,7.06
2026-01-28 13:12:43,7.06
2026-01-28 13:12:44,7.38
2026-01-28 13:12:45,7.38
2026-01-28 13:12:46,7.38
2026-01-28 13:12:47,7.38
2026-01-28 13:12:48,7.38
2026-01-28 13:12:49,10.4
2026-01-28 13:12:50,10.4
2026-01-28 13:12:51,10.4
2026-01-28 13:12:52,10.4
2026-01-28 13:12:53,10.4
2026-01-28 13:12:54,8.57
2026-01-28 13:12:55,8.57
2026-01-28 13:12:56,8.57
2026-01-28 13:12:57,8.57
2026-01-28 13:12:58,8.57
2026-01-28 13:12:59,7.54
2026-01-28 13:13:00,7.54
2026-01-28 13:13:01,7.54
2026-01-28 13:13:02,7.54
2026-01-28 13:13:03,7.54
2026-01-28 13:13:04,7.58
2026-01-28 13:13:05,7.58
2026-01-28 13:13:06,7.58
2026-01-28 13:13:07,7.58
2026-01-28 13:13:08,7.58
2026-01-28 13:13:09,7.74
2026-01-28 13:13:10,7.74
2026-01-28 13:13:11,7.74
2026-01-28 13:13:12,7.74
2026-01-28 13:13:13,7.74
2026-01-28 13:13:14,0
2026-01-28 13:13:15,0
2026-01-28 13:13:16,0
2026-01-28 13:13:17,0
2026-01-28 13:13:18,0
2026-01-28 13:13:19,0
2026-01-28 13:13:20,0
2026-01-28 13:13:21,0
2026-01-28 13:13:22,0
2026-01-28 13:13:23,0
2026-01-28 13:13:24,0
2026-01-28 13:13:25,0
2026-01-28 13:13:26,0
2026-01-28 13:13:27,0
2026-01-28 13:13:28,0
2026-01-28 13:13:29,0
2026-01-28 13:13:30,0
2026-01-28 13:13:31,0
2026-01-28 13:13:32,0
2026-01-28 13:13:33,0
2026-01-28 13:13:34,0
2026-01-28 13:13:35,0
2026-01-28 13:13:36,0
2026-01-28 13:13:37,0
2026-01-28 13:13:38,0
2026-01-28 13:13:39,0
2026-01-28 13:13:40,0
2026-01-28 13:13:41,0
2026-01-28 13:13:42,0
2026-01-28 13:13:43,0
2026-01-28 13:13:44,0
2026-01-28 13:13:45,0
2026-01-28 13:13:46,0
2026-01-28 13:13:47,0
2026-01-28 13:13:48,0
2026-01-28 13:13:49,0
2026-01-28 13:13:50,0
2026-01-28 13:13:51,0
2026-01-28 13:13:52,0
2026-01-28 13:13:53,0
2026-01-28 13:13:54,0
2026-01-28 13:13:55,0
2026-01-28 13:13:56,0
2026-01-28 13:13:57,0
2026-01-28 13:13:58,0
2026-01-28 13:13:59,0
2026-01-28 13:14:00,0
2026-01-28 13:14:01,0
2026-01-28 13:14:02,0
2026-01-28 13:14:03,0
2026-01-28 13:14:04,0
2026-01-28 13:14:05,0
2026-01-28 13:14:06,0
2026-01-28 13:14:07,0
2026-01-28 13:14:08,0
2026-01-28 13:14:09,0
2026-01-28 13:14:10,0
2026-01-28 13:14:11,0
2026-01-28 13:14:12,0
2026-01-28 13:14:13,0
2026-01-28 13:14:14,0
2026-01-28 13:14:15,0
2026-01-28 13:14:16,0
2026-01-28 13:14:17,0
2026-01-28 13:14:18,0
2026-01-28 13:14:19,0
2026-01-28 13:14:20,0
2026-01-28 13:14:21,0
2026-01-28 13:14:22,0
2026-01-28 13:14:23,0
2026-01-28 13:14:24,0
2026-01-28 13:14:25,0
2026-01-28 13:14:26,0
2026-01-28 13:14:27,0
2026-01-28 13:14:28,0
2026-01-28 13:14:29,0
2026-01-28 13:14:30,0
2026-01-28 13:14:31,0
2026-01-28 13:14:32,0
2026-01-28 13:14:33,0
2026-01-28 13:14:34,0
2026-01-28 13:14:35,0
2026-01-28 13:14:36,0
2026-01-28 13:14:37,0
2026-01-28 13:14:38,0
2026-01-28 13:14:39,0
2026-01-28 13:14:40,0
2026-01-28 13:14:41,0
2026-01-28 13:14:42,0
2026-01-28 13:14:43,0
2026-01-28 13:14:44,0
2026-01-28 13:14:45,0
2026-01-28 13:14:46,0
2026-01-28 13:14:47,0
2026-01-28 13:14:48,0
2026-01-28 13:15:09,2.08
2026-01-28 13:15:10,2.08
2026-01-28 13:15:11,2.08
2026-01-28 13:15:12,2.08
2026-01-28 13:15:13,2.08
2026-01-28 13:15:14,9.80
2026-01-28 13:15:15,9.80
2026-01-28 13:15:16,9.80
2026-01-28 13:15:17,9.80
2026-01-28 13:15:18,9.80
2026-01-28 13:15:19,8.93
2026-01-28 13:15:20,8.93
2026-01-28 13:15:21,8.93
2026-01-28 13:15:22,8.93
2026-01-28 13:15:23,8.93
2026-01-28 13:15:24,9.87
2026-01-28 13:15:25,9.87
2026-01-28 13:15:26,9.87
2026-01-28 13:15:27,9.87
2026-01-28 13:15:28,9.87
2026-01-28 13:15:29,8.87
2026-01-28 13:15:30,8.87
2026-01-28 13:15:31,8.87
2026-01-28 13:15:32,8.87
2026-01-28 13:15:33,8.87
2026-01-28 13:15:34,9.25
2026-01-28 13:15:35,9.25
2026-01-28 13:15:36,9.25
2026-01-28 13:15:37,9.25
2026-01-28 13:15:38,9.25
2026-01-28 13:15:39,8.77
2026-01-28 13:15:40,8.77
2026-01-28 13:15:41,8.77
2026-01-28 13:15:42,8.77
2026-01-28 13:15:43,8.77
2026-01-28 13:15:44,10.8
2026-01-28 13:15:45,10.8
2026-01-28 13:15:46,10.8
2026-01-28 13:15:47,10.8
2026-01-28 13:15:48,10.8
2026-01-28 13:15:49,7.77
2026-01-28 13:15:50,7.77
2026-01-28 13:15:51,7.77
2026-01-28 13:15:52,7.77
2026-01-28 13:15:53,7.77
2026-01-28 13:15:54,10.3
2026-01-28 13:15:55,10.3
2026-01-28 13:15:56,10.3
2026-01-28 13:15:57,10.3
2026-01-28 13:15:58,10.3
2026-01-28 13:15:59,7.74
2026-01-28 13:16:00,7.74
2026-01-28 13:16:01,7.74
2026-01-28 13:16:02,7.74
2026-01-28 13:16:03,7.74
2026-01-28 13:16:04,7.17
2026-01-28 13:16:05,7.17
2026-01-28 13:16:06,7.17
2026-01-28 13:16:07,7.17
2026-01-28 13:16:08,7.17
2026-01-28 13:16:09,6.95
2026-01-28 13:16:10,6.95
2026-01-28 13:16:11,6.95
2026-01-28 13:16:12,6.95
2026-01-28 13:16:13,6.95
2026-01-28 13:16:14,5.37
2026-01-28 13:16:15,5.37
2026-01-28 13:16:16,5.37
2026-01-28 13:16:17,5.37
2026-01-28 13:16:18,5.37
2026-01-28 13:16:19,6.29
2026-01-28 13:16:20,6.29
2026-01-28 13:16:21,6.29
2026-01-28 13:16:22,6.29
2026-01-28 13:16:23,6.29
2026-01-28 13:16:24,10.4
2026-01-28 13:16:25,10.4
2026-01-28 13:16:26,10.4
2026-01-28 13:16:27,10.4
2026-01-28 13:16:28,10.4
2026-01-28 13:16:29,7.44
2026-01-28 13:16:30,7.44
2026-01-28 13:16:31,7.44
2026-01-28 13:16:32,7.44
2026-01-28 13:16:33,7.44
2026-01-28 13:16:34,8.93
2026-01-28 13:16:35,8.93
2026-01-28 13:16:36,8.93
2026-01-28 13:16:37,8.93
2026-01-28 13:16:38,8.93
2026-01-28 13:16:39,7.11
2026-01-28 13:16:40,7.11
2026-01-28 13:16:41,7.11
2026-01-28 13:16:42,7.11
2026-01-28 13:16:43,7.11