"Time","ue-descrambling"
2026-01-28 10:22:04,7.95
2026-01-28 10:22:05,7.95
2026-01-28 10:22:06,7.95
2026-01-28 10:22:07,7.95
2026-01-28 10:22:08,7.95
2026-01-28 10:22:09,8.04
2026-01-28 10:22:10,8.04
2026-01-28 10:22:11,8.04
2026-01-28 10:22:12,8.04
2026-01-28 10:22:13,8.04
2026-01-28 10:22:14,6.74
2026-01-28 10:22:15,6.74
2026-01-28 10:22:16,6.74
2026-01-28 10:22:17,6.74
2026-01-28 10:22:18,6.74
2026-01-28 10:22:19,6.49
2026-01-28 10:22:20,6.49
2026-01-28 10:22:21,6.49
2026-01-28 10:22:22,6.49
2026-01-28 10:22:23,6.49
2026-01-28 10:22:24,6.50
2026-01-28 10:22:25,6.50
2026-01-28 10:22:26,6.50
2026-01-28 10:22:27,6.50
2026-01-28 10:22:28,6.50
2026-01-28 10:22:29,6.49
2026-01-28 10:22:30,6.49
2026-01-28 10:22:31,6.49
2026-01-28 10:22:32,6.49
2026-01-28 10:22:33,6.49
2026-01-28 10:22:34,6.42
2026-01-28 10:22:35,6.42
2026-01-28 10:22:36,6.42
2026-01-28 10:22:37,6.42
2026-01-28 10:22:38,6.42
2026-01-28 10:22:39,6.33
2026-01-28 10:22:40,6.33
2026-01-28 10:22:41,6.33
2026-01-28 10:22:42,6.33
2026-01-28 10:22:43,6.33
2026-01-28 10:22:44,6.50
2026-01-28 10:22:45,6.50
2026-01-28 10:22:46,6.50
2026-01-28 10:22:47,6.50
2026-01-28 10:22:48,6.50
2026-01-28 10:22:49,6.41
2026-01-28 10:22:50,6.41
2026-01-28 10:22:51,6.41
2026-01-28 10:22:52,6.41
2026-01-28 10:22:53,6.41
2026-01-28 10:22:54,6.81
2026-01-28 10:22:55,6.81
2026-01-28 10:22:56,6.81
2026-01-28 10:22:57,6.81
2026-01-28 10:22:58,6.81
2026-01-28 10:22:59,6.27
2026-01-28 10:23:00,6.27
2026-01-28 10:23:01,6.27
2026-01-28 10:23:02,6.27
2026-01-28 10:23:03,6.27
2026-01-28 10:23:04,6.49
2026-01-28 10:23:05,6.49
2026-01-28 10:23:06,6.49
2026-01-28 10:23:07,6.49
2026-01-28 10:23:08,6.49
2026-01-28 10:23:09,5.91
2026-01-28 10:23:10,5.91
2026-01-28 10:23:11,5.91
2026-01-28 10:23:12,5.91
2026-01-28 10:23:13,5.91
2026-01-28 10:23:14,7.31
2026-01-28 10:23:15,7.31
2026-01-28 10:23:16,7.31
2026-01-28 10:23:17,7.31
2026-01-28 10:23:18,7.31
2026-01-28 10:23:19,7.93
2026-01-28 10:23:20,7.93
2026-01-28 10:23:21,7.93
2026-01-28 10:23:22,7.93
2026-01-28 10:23:23,7.93
2026-01-28 10:23:24,7.55
2026-01-28 10:23:25,7.55
2026-01-28 10:23:26,7.55
2026-01-28 10:23:27,7.55
2026-01-28 10:23:28,7.55
2026-01-28 10:23:29,7.45
2026-01-28 10:23:30,7.45
2026-01-28 10:23:31,7.45
2026-01-28 10:23:32,7.45
2026-01-28 10:23:33,7.45
2026-01-28 10:23:34,7.59
2026-01-28 10:23:35,7.59
2026-01-28 10:23:36,7.59
2026-01-28 10:23:37,7.59
2026-01-28 10:23:38,7.59
2026-01-28 10:23:39,7.19
2026-01-28 10:23:40,7.19
2026-01-28 10:23:41,7.19
2026-01-28 10:23:42,7.19
2026-01-28 10:23:43,7.19
2026-01-28 10:23:44,7.58
2026-01-28 10:23:45,7.58
2026-01-28 10:23:46,7.58
2026-01-28 10:23:47,7.58
2026-01-28 10:23:48,7.58
2026-01-28 10:23:49,7.39
2026-01-28 10:23:50,7.39
2026-01-28 10:23:51,7.39
2026-01-28 10:23:52,7.39
2026-01-28 10:23:53,7.39
2026-01-28 10:23:54,7.91
2026-01-28 10:23:55,7.91
2026-01-28 10:23:56,7.91
2026-01-28 10:23:57,7.91
2026-01-28 10:23:58,7.91
2026-01-28 10:23:59,7.39
2026-01-28 10:24:00,7.39
2026-01-28 10:24:01,7.39
2026-01-28 10:24:02,7.39
2026-01-28 10:24:03,7.39
2026-01-28 10:24:04,7.43
2026-01-28 10:24:05,7.43
2026-01-28 10:24:06,7.43
2026-01-28 10:24:07,7.43
2026-01-28 10:24:08,7.43
2026-01-28 10:24:09,6.36
2026-01-28 10:24:10,6.36
2026-01-28 10:24:11,6.36
2026-01-28 10:24:12,6.36
2026-01-28 10:24:13,6.36
2026-01-28 10:24:14,6.60
2026-01-28 10:24:15,6.60
2026-01-28 10:24:16,6.60
2026-01-28 10:24:17,6.60
2026-01-28 10:24:18,6.60
2026-01-28 10:24:19,6.33
2026-01-28 10:24:20,6.33
2026-01-28 10:24:21,6.33
2026-01-28 10:24:22,6.33
2026-01-28 10:24:23,6.33
2026-01-28 10:24:24,6.31
2026-01-28 10:24:25,6.31
2026-01-28 10:24:26,6.31
2026-01-28 10:24:27,6.31
2026-01-28 10:24:28,6.31
2026-01-28 10:24:29,6.25
2026-01-28 10:24:30,6.25
2026-01-28 10:24:31,6.25
2026-01-28 10:24:32,6.25
2026-01-28 10:24:33,6.25
2026-01-28 10:24:34,6.12
2026-01-28 10:24:35,6.12
2026-01-28 10:24:36,6.12
2026-01-28 10:24:37,6.12
2026-01-28 10:24:38,6.12
2026-01-28 10:24:39,6.85
2026-01-28 10:24:40,6.85
2026-01-28 10:24:41,6.85
2026-01-28 10:24:42,6.85
2026-01-28 10:24:43,6.85
2026-01-28 10:24:44,6.39
2026-01-28 10:24:45,6.39
2026-01-28 10:24:46,6.39
2026-01-28 10:24:47,6.39
2026-01-28 10:24:48,6.39
2026-01-28 10:24:49,6.51
2026-01-28 10:24:50,6.51
2026-01-28 10:24:51,6.51
2026-01-28 10:24:52,6.51
2026-01-28 10:24:53,6.51
2026-01-28 10:24:54,6.90
2026-01-28 10:24:55,6.90
2026-01-28 10:24:56,6.90
2026-01-28 10:24:57,6.90
2026-01-28 10:24:58,6.90
2026-01-28 10:24:59,6.36
2026-01-28 10:25:00,6.36
2026-01-28 10:25:01,6.36
2026-01-28 10:25:02,6.36
2026-01-28 10:25:03,6.36
2026-01-28 10:25:04,5.75
2026-01-28 10:25:05,5.75
2026-01-28 10:25:06,5.75
2026-01-28 10:25:07,5.75
2026-01-28 10:25:08,5.75
2026-01-28 10:25:09,0
2026-01-28 10:25:10,0
2026-01-28 10:25:11,0
2026-01-28 10:25:12,0
2026-01-28 10:25:13,0
2026-01-28 10:25:14,0
2026-01-28 10:25:15,0
2026-01-28 10:25:16,0
2026-01-28 10:25:17,0
2026-01-28 10:25:18,0
2026-01-28 10:25:19,0
2026-01-28 10:25:20,0
2026-01-28 10:25:21,0
2026-01-28 10:25:22,0
2026-01-28 10:25:23,0
2026-01-28 10:25:24,0
2026-01-28 10:25:25,0
2026-01-28 10:25:26,0
2026-01-28 10:25:27,0
2026-01-28 10:25:28,0
2026-01-28 10:25:29,0
2026-01-28 10:25:30,0
2026-01-28 10:25:31,0
2026-01-28 10:25:32,0
2026-01-28 10:25:33,0
2026-01-28 10:25:34,0
2026-01-28 10:25:35,0
2026-01-28 10:25:36,0
2026-01-28 10:25:37,0
2026-01-28 10:25:38,0
2026-01-28 10:25:39,0
2026-01-28 10:25:40,0
2026-01-28 10:25:41,0
2026-01-28 10:25:42,0
2026-01-28 10:25:43,0
2026-01-28 10:25:44,0
2026-01-28 10:25:45,0
2026-01-28 10:25:46,0
2026-01-28 10:25:47,0
2026-01-28 10:25:48,0
2026-01-28 10:25:49,0
2026-01-28 10:25:50,0
2026-01-28 10:25:51,0
2026-01-28 10:25:52,0
2026-01-28 10:25:53,0
2026-01-28 10:25:54,0
2026-01-28 10:25:55,0
2026-01-28 10:25:56,0
2026-01-28 10:25:57,0
2026-01-28 10:25:58,0
2026-01-28 10:25:59,0
2026-01-28 10:26:00,0
2026-01-28 10:26:01,0
2026-01-28 10:26:02,0
2026-01-28 10:26:03,0
2026-01-28 10:26:04,0
2026-01-28 10:26:05,0
2026-01-28 10:26:06,0
2026-01-28 10:26:07,0
2026-01-28 10:26:08,0
2026-01-28 10:26:09,0
2026-01-28 10:26:10,0
2026-01-28 10:26:11,0
2026-01-28 10:26:12,0
2026-01-28 10:26:13,0
2026-01-28 10:26:14,0
2026-01-28 10:26:15,0
2026-01-28 10:26:16,0
2026-01-28 10:26:17,0
2026-01-28 10:26:18,0
2026-01-28 10:26:19,0
2026-01-28 10:26:20,0
2026-01-28 10:26:21,0
2026-01-28 10:26:22,0
2026-01-28 10:26:23,0
2026-01-28 10:26:24,0
2026-01-28 10:26:25,0
2026-01-28 10:26:26,0
2026-01-28 10:26:27,0
2026-01-28 10:26:28,0
2026-01-28 10:26:29,0
2026-01-28 10:26:30,0
2026-01-28 10:26:31,0
2026-01-28 10:26:32,0
2026-01-28 10:26:33,0
2026-01-28 10:26:34,0
2026-01-28 10:26:35,0
2026-01-28 10:26:36,0
2026-01-28 10:26:37,0
2026-01-28 10:26:38,0
2026-01-28 10:26:39,0
2026-01-28 10:26:40,0
2026-01-28 10:26:41,0
2026-01-28 10:26:42,0
2026-01-28 10:26:43,0
2026-01-28 10:31:39,0.509
2026-01-28 10:31:40,0.509
2026-01-28 10:31:41,0.509
2026-01-28 10:31:42,0.509
2026-01-28 10:31:43,0.509
2026-01-28 10:31:44,4.71
2026-01-28 10:31:45,4.71
2026-01-28 10:31:46,4.71
2026-01-28 10:31:47,4.71
2026-01-28 10:31:48,4.71
2026-01-28 10:31:49,6.23
2026-01-28 10:31:50,6.23
2026-01-28 10:31:51,6.23
2026-01-28 10:31:52,6.23
2026-01-28 10:31:53,6.23
2026-01-28 10:31:54,6.39
2026-01-28 10:31:55,6.39
2026-01-28 10:31:56,6.39
2026-01-28 10:31:57,6.39
2026-01-28 10:31:58,6.39
2026-01-28 10:31:59,6.62
2026-01-28 10:32:00,6.62
2026-01-28 10:32:01,6.62
2026-01-28 10:32:02,6.62
2026-01-28 10:32:03,6.62
2026-01-28 10:32:04,6.55
2026-01-28 10:32:05,6.55
2026-01-28 10:32:06,6.55
2026-01-28 10:32:07,6.55
2026-01-28 10:32:08,6.55
2026-01-28 10:32:09,6.25
2026-01-28 10:32:10,6.25
2026-01-28 10:32:11,6.25
2026-01-28 10:32:12,6.25
2026-01-28 10:32:13,6.25
2026-01-28 10:32:14,6.26
2026-01-28 10:32:15,6.26
2026-01-28 10:32:16,6.26
2026-01-28 10:32:17,6.26
2026-01-28 10:32:18,6.26
2026-01-28 10:32:19,6.21
2026-01-28 10:32:20,6.21
2026-01-28 10:32:21,6.21
2026-01-28 10:32:22,6.21
2026-01-28 10:32:23,6.21
2026-01-28 10:32:24,6.19
2026-01-28 10:32:25,6.19
2026-01-28 10:32:26,6.19
2026-01-28 10:32:27,6.19
2026-01-28 10:32:28,6.19
2026-01-28 10:32:29,6.22
2026-01-28 10:32:30,6.22
2026-01-28 10:32:31,6.22
2026-01-28 10:32:32,6.22
2026-01-28 10:32:33,6.22
2026-01-28 10:32:34,6.20
2026-01-28 10:32:35,6.20
2026-01-28 10:32:36,6.20
2026-01-28 10:32:37,6.20
2026-01-28 10:32:38,6.20
2026-01-28 10:32:39,8.02
2026-01-28 10:32:40,8.02
2026-01-28 10:32:41,8.02
2026-01-28 10:32:42,8.02
2026-01-28 10:32:43,8.02
2026-01-28 10:32:44,5.59
2026-01-28 10:32:45,5.59
2026-01-28 10:32:46,5.59
2026-01-28 10:32:47,5.59
2026-01-28 10:32:48,5.59
2026-01-28 10:32:49,4.60
2026-01-28 10:32:50,4.60
2026-01-28 10:32:51,4.60
2026-01-28 10:32:52,4.60
2026-01-28 10:32:53,4.60
2026-01-28 10:32:54,5.89
2026-01-28 10:32:55,5.89
2026-01-28 10:32:56,5.89
2026-01-28 10:32:57,5.89
2026-01-28 10:32:58,5.89
2026-01-28 10:32:59,6.73
2026-01-28 10:33:00,6.73
2026-01-28 10:33:01,6.73
2026-01-28 10:33:02,6.73
2026-01-28 10:33:03,6.73
2026-01-28 10:33:04,6.86
2026-01-28 10:33:05,6.86
2026-01-28 10:33:06,6.86
2026-01-28 10:33:07,6.86
2026-01-28 10:33:08,6.86
2026-01-28 10:33:09,6.08
2026-01-28 10:33:10,6.08
2026-01-28 10:33:11,6.08
2026-01-28 10:33:12,6.08
2026-01-28 10:33:13,6.08
2026-01-28 10:33:14,7.47
2026-01-28 10:33:15,7.47
2026-01-28 10:33:16,7.47
2026-01-28 10:33:17,7.47
2026-01-28 10:33:18,7.47
2026-01-28 10:33:19,7.49
2026-01-28 10:33:20,7.49
2026-01-28 10:33:21,7.49
2026-01-28 10:33:22,7.49
2026-01-28 10:33:23,7.49
2026-01-28 10:33:24,7.72
2026-01-28 10:33:25,7.72
2026-01-28 10:33:26,7.72
2026-01-28 10:33:27,7.72
2026-01-28 10:33:28,7.72
2026-01-28 10:33:29,7.58
2026-01-28 10:33:30,7.58
2026-01-28 10:33:31,7.58
2026-01-28 10:33:32,7.58
2026-01-28 10:33:33,7.58
2026-01-28 10:33:34,7.80
2026-01-28 10:33:35,7.80
2026-01-28 10:33:36,7.80
2026-01-28 10:33:37,7.80
2026-01-28 10:33:38,7.80
2026-01-28 10:33:39,8.14
2026-01-28 10:33:40,8.14
2026-01-28 10:33:41,8.14
2026-01-28 10:33:42,8.14
2026-01-28 10:33:43,8.14
2026-01-28 10:33:44,6.84
2026-01-28 10:33:45,6.84
2026-01-28 10:33:46,6.84
2026-01-28 10:33:47,6.84
2026-01-28 10:33:48,6.84
2026-01-28 10:33:49,8.24
2026-01-28 10:33:50,8.24
2026-01-28 10:33:51,8.24
2026-01-28 10:33:52,8.24
2026-01-28 10:33:53,8.24
2026-01-28 10:33:54,9.65
2026-01-28 10:33:55,9.65
2026-01-28 10:33:56,9.65
2026-01-28 10:33:57,9.65
2026-01-28 10:33:58,9.65
2026-01-28 10:33:59,9.00
2026-01-28 10:34:00,9.00
2026-01-28 10:34:01,9.00
2026-01-28 10:34:02,9.00
2026-01-28 10:34:03,9.00
2026-01-28 10:34:04,8.71
2026-01-28 10:34:05,8.71
2026-01-28 10:34:06,8.71
2026-01-28 10:34:07,8.71
2026-01-28 10:34:08,8.71
2026-01-28 10:34:09,8.62
2026-01-28 10:34:10,8.62
2026-01-28 10:34:11,8.62
2026-01-28 10:34:12,8.62
2026-01-28 10:34:13,8.62
2026-01-28 10:34:14,8.67
2026-01-28 10:34:15,8.67
2026-01-28 10:34:16,8.67
2026-01-28 10:34:17,8.67
2026-01-28 10:34:18,8.67
2026-01-28 10:34:19,8.54
2026-01-28 10:34:20,8.54
2026-01-28 10:34:21,8.54
2026-01-28 10:34:22,8.54
2026-01-28 10:34:23,8.54
2026-01-28 10:34:24,8.52
2026-01-28 10:34:25,8.52
2026-01-28 10:34:26,8.52
2026-01-28 10:34:27,8.52
2026-01-28 10:34:28,8.52
2026-01-28 10:34:29,8.61
2026-01-28 10:34:30,8.61
2026-01-28 10:34:31,8.61
2026-01-28 10:34:32,8.61
2026-01-28 10:34:33,8.61
2026-01-28 10:34:34,8.61
2026-01-28 10:34:35,8.61
2026-01-28 10:34:36,8.61
2026-01-28 10:34:37,8.61
2026-01-28 10:34:38,8.61
2026-01-28 10:34:39,8.70
2026-01-28 10:34:40,8.70
2026-01-28 10:34:41,8.70
2026-01-28 10:34:42,8.70
2026-01-28 10:34:43,8.70
2026-01-28 10:34:44,8.73
2026-01-28 10:34:45,8.73
2026-01-28 10:34:46,8.73
2026-01-28 10:34:47,8.73
2026-01-28 10:34:48,8.73
2026-01-28 10:34:49,0
2026-01-28 10:34:50,0
2026-01-28 10:34:51,0
2026-01-28 10:34:52,0
2026-01-28 10:34:53,0
2026-01-28 10:34:54,0
2026-01-28 10:34:55,0
2026-01-28 10:34:56,0
2026-01-28 10:34:57,0
2026-01-28 10:34:58,0
2026-01-28 10:34:59,0
2026-01-28 10:35:00,0
2026-01-28 10:35:01,0
2026-01-28 10:35:02,0
2026-01-28 10:35:03,0
2026-01-28 10:35:04,0
2026-01-28 10:35:05,0
2026-01-28 10:35:06,0
2026-01-28 10:35:07,0
2026-01-28 10:35:08,0
2026-01-28 10:35:09,0
2026-01-28 10:35:10,0
2026-01-28 10:35:11,0
2026-01-28 10:35:12,0
2026-01-28 10:35:13,0
2026-01-28 10:35:14,0
2026-01-28 10:35:15,0
2026-01-28 10:35:16,0
2026-01-28 10:35:17,0
2026-01-28 10:35:18,0
2026-01-28 10:35:19,0
2026-01-28 10:35:20,0
2026-01-28 10:35:21,0
2026-01-28 10:35:22,0
2026-01-28 10:35:23,0
2026-01-28 10:35:24,0
2026-01-28 10:35:25,0
2026-01-28 10:35:26,0
2026-01-28 10:35:27,0
2026-01-28 10:35:28,0
2026-01-28 10:35:29,0
2026-01-28 10:35:30,0
2026-01-28 10:35:31,0
2026-01-28 10:35:32,0
2026-01-28 10:35:33,0
2026-01-28 10:35:34,0
2026-01-28 10:35:35,0
2026-01-28 10:35:36,0
2026-01-28 10:35:37,0
2026-01-28 10:35:38,0
2026-01-28 10:35:39,0
2026-01-28 10:35:40,0
2026-01-28 10:35:41,0
2026-01-28 10:35:42,0
2026-01-28 10:35:43,0
2026-01-28 10:35:44,0
2026-01-28 10:35:45,0
2026-01-28 10:35:46,0
2026-01-28 10:35:47,0
2026-01-28 10:35:48,0
2026-01-28 10:35:49,0
2026-01-28 10:35:50,0
2026-01-28 10:35:51,0
2026-01-28 10:35:52,0
2026-01-28 10:35:53,0
2026-01-28 10:35:54,0
2026-01-28 10:35:55,0
2026-01-28 10:35:56,0
2026-01-28 10:35:57,0
2026-01-28 10:35:58,0
2026-01-28 10:35:59,0
2026-01-28 10:36:00,0
2026-01-28 10:36:01,0
2026-01-28 10:36:02,0
2026-01-28 10:36:03,0
2026-01-28 10:36:04,0
2026-01-28 10:36:05,0
2026-01-28 10:36:06,0
2026-01-28 10:36:07,0
2026-01-28 10:36:08,0
2026-01-28 10:36:09,0
2026-01-28 10:36:10,0
2026-01-28 10:36:11,0
2026-01-28 10:36:12,0
2026-01-28 10:36:13,0
2026-01-28 10:36:14,0
2026-01-28 10:36:15,0
2026-01-28 10:36:16,0
2026-01-28 10:36:17,0
2026-01-28 10:36:18,0
2026-01-28 10:36:19,0
2026-01-28 10:36:20,0
2026-01-28 10:36:21,0
2026-01-28 10:36:22,0
2026-01-28 10:36:23,0
2026-01-28 10:41:19,1.82
2026-01-28 10:41:20,1.82
2026-01-28 10:41:21,1.82
2026-01-28 10:41:22,1.82
2026-01-28 10:41:23,1.82
2026-01-28 10:41:24,5.18
2026-01-28 10:41:25,5.18
2026-01-28 10:41:26,5.18
2026-01-28 10:41:27,5.18
2026-01-28 10:41:28,5.18
2026-01-28 10:41:29,6.49
2026-01-28 10:41:30,6.49
2026-01-28 10:41:31,6.49
2026-01-28 10:41:32,6.49
2026-01-28 10:41:33,6.49
2026-01-28 10:41:34,6.78
2026-01-28 10:41:35,6.78
2026-01-28 10:41:36,6.78
2026-01-28 10:41:37,6.78
2026-01-28 10:41:38,6.78
2026-01-28 10:41:39,6.37
2026-01-28 10:41:40,6.37
2026-01-28 10:41:41,6.37
2026-01-28 10:41:42,6.37
2026-01-28 10:41:43,6.37
2026-01-28 10:41:44,6.38
2026-01-28 10:41:45,6.38
2026-01-28 10:41:46,6.38
2026-01-28 10:41:47,6.38
2026-01-28 10:41:48,6.38
2026-01-28 10:41:49,6.38
2026-01-28 10:41:50,6.38
2026-01-28 10:41:51,6.38
2026-01-28 10:41:52,6.38
2026-01-28 10:41:53,6.38
2026-01-28 10:41:54,6.57
2026-01-28 10:41:55,6.57
2026-01-28 10:41:56,6.57
2026-01-28 10:41:57,6.57
2026-01-28 10:41:58,6.57
2026-01-28 10:41:59,6.33
2026-01-28 10:42:00,6.33
2026-01-28 10:42:01,6.33
2026-01-28 10:42:02,6.33
2026-01-28 10:42:03,6.33
2026-01-28 10:42:04,6.54
2026-01-28 10:42:05,6.54
2026-01-28 10:42:06,6.54
2026-01-28 10:42:07,6.54
2026-01-28 10:42:08,6.54
2026-01-28 10:42:09,6.73
2026-01-28 10:42:10,6.73
2026-01-28 10:42:11,6.73
2026-01-28 10:42:12,6.73
2026-01-28 10:42:13,6.73
2026-01-28 10:42:14,6.38
2026-01-28 10:42:15,6.38
2026-01-28 10:42:16,6.38
2026-01-28 10:42:17,6.38
2026-01-28 10:42:18,6.38
2026-01-28 10:42:19,6.36
2026-01-28 10:42:20,6.36
2026-01-28 10:42:21,6.36
2026-01-28 10:42:22,6.36
2026-01-28 10:42:23,6.36
2026-01-28 10:42:24,6.31
2026-01-28 10:42:25,6.31
2026-01-28 10:42:26,6.31
2026-01-28 10:42:27,6.31
2026-01-28 10:42:28,6.31
2026-01-28 10:42:29,6.42
2026-01-28 10:42:30,6.42
2026-01-28 10:42:31,6.42
2026-01-28 10:42:32,6.42
2026-01-28 10:42:33,6.42
2026-01-28 10:42:34,6.66
2026-01-28 10:42:35,6.66
2026-01-28 10:42:36,6.66
2026-01-28 10:42:37,6.66
2026-01-28 10:42:38,6.66
2026-01-28 10:42:39,6.38
2026-01-28 10:42:40,6.38
2026-01-28 10:42:41,6.38
2026-01-28 10:42:42,6.38
2026-01-28 10:42:43,6.38
2026-01-28 10:42:44,6.53
2026-01-28 10:42:45,6.53
2026-01-28 10:42:46,6.53
2026-01-28 10:42:47,6.53
2026-01-28 10:42:48,6.53
2026-01-28 10:42:49,6.80
2026-01-28 10:42:50,6.80
2026-01-28 10:42:51,6.80
2026-01-28 10:42:52,6.80
2026-01-28 10:42:53,6.80
2026-01-28 10:42:54,5.68
2026-01-28 10:42:55,5.68
2026-01-28 10:42:56,5.68
2026-01-28 10:42:57,5.68
2026-01-28 10:42:58,5.68
2026-01-28 10:42:59,7.08
2026-01-28 10:43:00,7.08
2026-01-28 10:43:01,7.08
2026-01-28 10:43:02,7.08
2026-01-28 10:43:03,7.08
2026-01-28 10:43:04,8.34
2026-01-28 10:43:05,8.34
2026-01-28 10:43:06,8.34
2026-01-28 10:43:07,8.34
2026-01-28 10:43:08,8.34
2026-01-28 10:43:09,9.33
2026-01-28 10:43:10,9.33
2026-01-28 10:43:11,9.33
2026-01-28 10:43:12,9.33
2026-01-28 10:43:13,9.33
2026-01-28 10:43:14,8.57
2026-01-28 10:43:15,8.57
2026-01-28 10:43:16,8.57
2026-01-28 10:43:17,8.57
2026-01-28 10:43:18,8.57
2026-01-28 10:43:19,8.62
2026-01-28 10:43:20,8.62
2026-01-28 10:43:21,8.62
2026-01-28 10:43:22,8.62
2026-01-28 10:43:23,8.62
2026-01-28 10:43:24,8.50
2026-01-28 10:43:25,8.50
2026-01-28 10:43:26,8.50
2026-01-28 10:43:27,8.50
2026-01-28 10:43:28,8.50
2026-01-28 10:43:29,8.61
2026-01-28 10:43:30,8.61
2026-01-28 10:43:31,8.61
2026-01-28 10:43:32,8.61
2026-01-28 10:43:33,8.61
2026-01-28 10:43:34,8.56
2026-01-28 10:43:35,8.56
2026-01-28 10:43:36,8.56
2026-01-28 10:43:37,8.56
2026-01-28 10:43:38,8.56
2026-01-28 10:43:39,8.63
2026-01-28 10:43:40,8.63
2026-01-28 10:43:41,8.63
2026-01-28 10:43:42,8.63
2026-01-28 10:43:43,8.63
2026-01-28 10:43:44,8.58
2026-01-28 10:43:45,8.58
2026-01-28 10:43:46,8.58
2026-01-28 10:43:47,8.58
2026-01-28 10:43:48,8.58
2026-01-28 10:43:49,8.54
2026-01-28 10:43:50,8.54
2026-01-28 10:43:51,8.54
2026-01-28 10:43:52,8.54
2026-01-28 10:43:53,8.54
2026-01-28 10:43:54,8.53
2026-01-28 10:43:55,8.53
2026-01-28 10:43:56,8.53
2026-01-28 10:43:57,8.53
2026-01-28 10:43:58,8.53
2026-01-28 10:43:59,8.53
2026-01-28 10:44:00,8.53
2026-01-28 10:44:01,8.53
2026-01-28 10:44:02,8.53
2026-01-28 10:44:03,8.53
2026-01-28 10:44:04,8.64
2026-01-28 10:44:05,8.64
2026-01-28 10:44:06,8.64
2026-01-28 10:44:07,8.64
2026-01-28 10:44:08,8.64
2026-01-28 10:44:09,8.75
2026-01-28 10:44:10,8.75
2026-01-28 10:44:11,8.75
2026-01-28 10:44:12,8.75
2026-01-28 10:44:13,8.75
2026-01-28 10:44:14,8.79
2026-01-28 10:44:15,8.79
2026-01-28 10:44:16,8.79
2026-01-28 10:44:17,8.79
2026-01-28 10:44:18,8.79
2026-01-28 10:44:19,8.54
2026-01-28 10:44:20,8.54
2026-01-28 10:44:21,8.54
2026-01-28 10:44:22,8.54
2026-01-28 10:44:23,8.54
2026-01-28 10:44:24,8.57
2026-01-28 10:44:25,8.57
2026-01-28 10:44:26,8.57
2026-01-28 10:44:27,8.57
2026-01-28 10:44:28,8.57
2026-01-28 10:44:29,0
2026-01-28 10:44:30,0
2026-01-28 10:44:31,0
2026-01-28 10:44:32,0
2026-01-28 10:44:33,0
2026-01-28 10:44:34,0
2026-01-28 10:44:35,0
2026-01-28 10:44:36,0
2026-01-28 10:44:37,0
2026-01-28 10:44:38,0
2026-01-28 10:44:39,0
2026-01-28 10:44:40,0
2026-01-28 10:44:41,0
2026-01-28 10:44:42,0
2026-01-28 10:44:43,0
2026-01-28 10:44:44,0
2026-01-28 10:44:45,0
2026-01-28 10:44:46,0
2026-01-28 10:44:47,0
2026-01-28 10:44:48,0
2026-01-28 10:44:49,0
2026-01-28 10:44:50,0
2026-01-28 10:44:51,0
2026-01-28 10:44:52,0
2026-01-28 10:44:53,0
2026-01-28 10:44:54,0
2026-01-28 10:44:55,0
2026-01-28 10:44:56,0
2026-01-28 10:44:57,0
2026-01-28 10:44:58,0
2026-01-28 10:44:59,0
2026-01-28 10:45:00,0
2026-01-28 10:45:01,0
2026-01-28 10:45:02,0
2026-01-28 10:45:03,0
2026-01-28 10:45:04,0
2026-01-28 10:45:05,0
2026-01-28 10:45:06,0
2026-01-28 10:45:07,0
2026-01-28 10:45:08,0
2026-01-28 10:45:09,0
2026-01-28 10:45:10,0
2026-01-28 10:45:11,0
2026-01-28 10:45:12,0
2026-01-28 10:45:13,0
2026-01-28 10:45:14,0
2026-01-28 10:45:15,0
2026-01-28 10:45:16,0
2026-01-28 10:45:17,0
2026-01-28 10:45:18,0
2026-01-28 10:45:19,0
2026-01-28 10:45:20,0
2026-01-28 10:45:21,0
2026-01-28 10:45:22,0
2026-01-28 10:45:23,0
2026-01-28 10:45:24,0
2026-01-28 10:45:25,0
2026-01-28 10:45:26,0
2026-01-28 10:45:27,0
2026-01-28 10:45:28,0
2026-01-28 10:45:29,0
2026-01-28 10:45:30,0
2026-01-28 10:45:31,0
2026-01-28 10:45:32,0
2026-01-28 10:45:33,0
2026-01-28 10:45:34,0
2026-01-28 10:45:35,0
2026-01-28 10:45:36,0
2026-01-28 10:45:37,0
2026-01-28 10:45:38,0
2026-01-28 10:45:39,0
2026-01-28 10:45:40,0
2026-01-28 10:45:41,0
2026-01-28 10:45:42,0
2026-01-28 10:45:43,0
2026-01-28 10:45:44,0
2026-01-28 10:45:45,0
2026-01-28 10:45:46,0
2026-01-28 10:45:47,0
2026-01-28 10:45:48,0
2026-01-28 10:45:49,0
2026-01-28 10:45:50,0
2026-01-28 10:45:51,0
2026-01-28 10:45:52,0
2026-01-28 10:45:53,0
2026-01-28 10:45:54,0
2026-01-28 10:45:55,0
2026-01-28 10:45:56,0
2026-01-28 10:45:57,0
2026-01-28 10:45:58,0
2026-01-28 10:45:59,0
2026-01-28 10:46:00,0
2026-01-28 10:46:01,0
2026-01-28 10:46:02,0
2026-01-28 10:46:03,0
2026-01-28 10:51:04,2.35
2026-01-28 10:51:05,2.35
2026-01-28 10:51:06,2.35
2026-01-28 10:51:07,2.35
2026-01-28 10:51:08,2.35
2026-01-28 10:51:09,6.63
2026-01-28 10:51:10,6.63
2026-01-28 10:51:11,6.63
2026-01-28 10:51:12,6.63
2026-01-28 10:51:13,6.63
2026-01-28 10:51:14,7.82
2026-01-28 10:51:15,7.82
2026-01-28 10:51:16,7.82
2026-01-28 10:51:17,7.82
2026-01-28 10:51:18,7.82
2026-01-28 10:51:19,7.85
2026-01-28 10:51:20,7.85
2026-01-28 10:51:21,7.85
2026-01-28 10:51:22,7.85
2026-01-28 10:51:23,7.85
2026-01-28 10:51:24,7.45
2026-01-28 10:51:25,7.45
2026-01-28 10:51:26,7.45
2026-01-28 10:51:27,7.45
2026-01-28 10:51:28,7.45
2026-01-28 10:51:29,7.44
2026-01-28 10:51:30,7.44
2026-01-28 10:51:31,7.44
2026-01-28 10:51:32,7.44
2026-01-28 10:51:33,7.44
2026-01-28 10:51:34,7.56
2026-01-28 10:51:35,7.56
2026-01-28 10:51:36,7.56
2026-01-28 10:51:37,7.56
2026-01-28 10:51:38,7.56
2026-01-28 10:51:39,9.01
2026-01-28 10:51:40,9.01
2026-01-28 10:51:41,9.01
2026-01-28 10:51:42,9.01
2026-01-28 10:51:43,9.01
2026-01-28 10:51:44,7.22
2026-01-28 10:51:45,7.22
2026-01-28 10:51:46,7.22
2026-01-28 10:51:47,7.22
2026-01-28 10:51:48,7.22
2026-01-28 10:51:49,6.40
2026-01-28 10:51:50,6.40
2026-01-28 10:51:51,6.40
2026-01-28 10:51:52,6.40
2026-01-28 10:51:53,6.40
2026-01-28 10:51:54,6.46
2026-01-28 10:51:55,6.46
2026-01-28 10:51:56,6.46
2026-01-28 10:51:57,6.46
2026-01-28 10:51:58,6.46
2026-01-28 10:51:59,6.49
2026-01-28 10:52:00,6.49
2026-01-28 10:52:01,6.49
2026-01-28 10:52:02,6.49
2026-01-28 10:52:03,6.49
2026-01-28 10:52:04,5.84
2026-01-28 10:52:05,5.84
2026-01-28 10:52:06,5.84
2026-01-28 10:52:07,5.84
2026-01-28 10:52:08,5.84
2026-01-28 10:52:09,7.98
2026-01-28 10:52:10,7.98
2026-01-28 10:52:11,7.98
2026-01-28 10:52:12,7.98
2026-01-28 10:52:13,7.98
2026-01-28 10:52:14,7.42
2026-01-28 10:52:15,7.42
2026-01-28 10:52:16,7.42
2026-01-28 10:52:17,7.42
2026-01-28 10:52:18,7.42
2026-01-28 10:52:19,7.49
2026-01-28 10:52:20,7.49
2026-01-28 10:52:21,7.49
2026-01-28 10:52:22,7.49
2026-01-28 10:52:23,7.49
2026-01-28 10:52:24,7.53
2026-01-28 10:52:25,7.53
2026-01-28 10:52:26,7.53
2026-01-28 10:52:27,7.53
2026-01-28 10:52:28,7.53
2026-01-28 10:52:29,7.48
2026-01-28 10:52:30,7.48
2026-01-28 10:52:31,7.48
2026-01-28 10:52:32,7.48
2026-01-28 10:52:33,7.48
2026-01-28 10:52:34,7.49
2026-01-28 10:52:35,7.49
2026-01-28 10:52:36,7.49
2026-01-28 10:52:37,7.49
2026-01-28 10:52:38,7.49
2026-01-28 10:52:39,7.47
2026-01-28 10:52:40,7.47
2026-01-28 10:52:41,7.47
2026-01-28 10:52:42,7.47
2026-01-28 10:52:43,7.47
2026-01-28 10:52:44,7.47
2026-01-28 10:52:45,7.47
2026-01-28 10:52:46,7.47
2026-01-28 10:52:47,7.47
2026-01-28 10:52:48,7.47
2026-01-28 10:52:49,7.47
2026-01-28 10:52:50,7.47
2026-01-28 10:52:51,7.47
2026-01-28 10:52:52,7.47
2026-01-28 10:52:53,7.47
2026-01-28 10:52:54,7.48
2026-01-28 10:52:55,7.48
2026-01-28 10:52:56,7.48
2026-01-28 10:52:57,7.48
2026-01-28 10:52:58,7.48
2026-01-28 10:52:59,7.50
2026-01-28 10:53:00,7.50
2026-01-28 10:53:01,7.50
2026-01-28 10:53:02,7.50
2026-01-28 10:53:03,7.50
2026-01-28 10:53:04,7.69
2026-01-28 10:53:05,7.69
2026-01-28 10:53:06,7.69
2026-01-28 10:53:07,7.69
2026-01-28 10:53:08,7.69
2026-01-28 10:53:09,7.66
2026-01-28 10:53:10,7.66
2026-01-28 10:53:11,7.66
2026-01-28 10:53:12,7.66
2026-01-28 10:53:13,7.66
2026-01-28 10:53:14,7.47
2026-01-28 10:53:15,7.47
2026-01-28 10:53:16,7.47
2026-01-28 10:53:17,7.47
2026-01-28 10:53:18,7.47
2026-01-28 10:53:19,7.44
2026-01-28 10:53:20,7.44
2026-01-28 10:53:21,7.44
2026-01-28 10:53:22,7.44
2026-01-28 10:53:23,7.44
2026-01-28 10:53:24,7.44
2026-01-28 10:53:25,7.44
2026-01-28 10:53:26,7.44
2026-01-28 10:53:27,7.44
2026-01-28 10:53:28,7.44
2026-01-28 10:53:29,7.56
2026-01-28 10:53:30,7.56
2026-01-28 10:53:31,7.56
2026-01-28 10:53:32,7.56
2026-01-28 10:53:33,7.56
2026-01-28 10:53:34,7.38
2026-01-28 10:53:35,7.38
2026-01-28 10:53:36,7.38
2026-01-28 10:53:37,7.38
2026-01-28 10:53:38,7.38
2026-01-28 10:53:39,7.29
2026-01-28 10:53:40,7.29
2026-01-28 10:53:41,7.29
2026-01-28 10:53:42,7.29
2026-01-28 10:53:43,7.29
2026-01-28 10:53:44,7.74
2026-01-28 10:53:45,7.74
2026-01-28 10:53:46,7.74
2026-01-28 10:53:47,7.74
2026-01-28 10:53:48,7.74
2026-01-28 10:53:49,10.6
2026-01-28 10:53:50,10.6
2026-01-28 10:53:51,10.6
2026-01-28 10:53:52,10.6
2026-01-28 10:53:53,10.6
2026-01-28 10:53:54,9.65
2026-01-28 10:53:55,9.65
2026-01-28 10:53:56,9.65
2026-01-28 10:53:57,9.65
2026-01-28 10:53:58,9.65
2026-01-28 10:53:59,8.57
2026-01-28 10:54:00,8.57
2026-01-28 10:54:01,8.57
2026-01-28 10:54:02,8.57
2026-01-28 10:54:03,8.57
2026-01-28 10:54:04,8.63
2026-01-28 10:54:05,8.63
2026-01-28 10:54:06,8.63
2026-01-28 10:54:07,8.63
2026-01-28 10:54:08,8.63
2026-01-28 10:54:09,8.91
2026-01-28 10:54:10,8.91
2026-01-28 10:54:11,8.91
2026-01-28 10:54:12,8.91
2026-01-28 10:54:13,8.91
2026-01-28 10:54:14,0
2026-01-28 10:54:15,0
2026-01-28 10:54:16,0
2026-01-28 10:54:17,0
2026-01-28 10:54:18,0
2026-01-28 10:54:19,0
2026-01-28 10:54:20,0
2026-01-28 10:54:21,0
2026-01-28 10:54:22,0
2026-01-28 10:54:23,0
2026-01-28 10:54:24,0
2026-01-28 10:54:25,0
2026-01-28 10:54:26,0
2026-01-28 10:54:27,0
2026-01-28 10:54:28,0
2026-01-28 10:54:29,0
2026-01-28 10:54:30,0
2026-01-28 10:54:31,0
2026-01-28 10:54:32,0
2026-01-28 10:54:33,0
2026-01-28 10:54:34,0
2026-01-28 10:54:35,0
2026-01-28 10:54:36,0
2026-01-28 10:54:37,0
2026-01-28 10:54:38,0
2026-01-28 10:54:39,0
2026-01-28 10:54:40,0
2026-01-28 10:54:41,0
2026-01-28 10:54:42,0
2026-01-28 10:54:43,0
2026-01-28 10:54:44,0
2026-01-28 10:54:45,0
2026-01-28 10:54:46,0
2026-01-28 10:54:47,0
2026-01-28 10:54:48,0
2026-01-28 10:54:49,0
2026-01-28 10:54:50,0
2026-01-28 10:54:51,0
2026-01-28 10:54:52,0
2026-01-28 10:54:53,0
2026-01-28 10:54:54,0
2026-01-28 10:54:55,0
2026-01-28 10:54:56,0
2026-01-28 10:54:57,0
2026-01-28 10:54:58,0
2026-01-28 10:54:59,0
2026-01-28 10:55:00,0
2026-01-28 10:55:01,0
2026-01-28 10:55:02,0
2026-01-28 10:55:03,0
2026-01-28 10:55:04,0
2026-01-28 10:55:05,0
2026-01-28 10:55:06,0
2026-01-28 10:55:07,0
2026-01-28 10:55:08,0
2026-01-28 10:55:09,0
2026-01-28 10:55:10,0
2026-01-28 10:55:11,0
2026-01-28 10:55:12,0
2026-01-28 10:55:13,0
2026-01-28 10:55:14,0
2026-01-28 10:55:15,0
2026-01-28 10:55:16,0
2026-01-28 10:55:17,0
2026-01-28 10:55:18,0
2026-01-28 10:55:19,0
2026-01-28 10:55:20,0
2026-01-28 10:55:21,0
2026-01-28 10:55:22,0
2026-01-28 10:55:23,0
2026-01-28 10:55:24,0
2026-01-28 10:55:25,0
2026-01-28 10:55:26,0
2026-01-28 10:55:27,0
2026-01-28 10:55:28,0
2026-01-28 10:55:29,0
2026-01-28 10:55:30,0
2026-01-28 10:55:31,0
2026-01-28 10:55:32,0
2026-01-28 10:55:33,0
2026-01-28 10:55:34,0
2026-01-28 10:55:35,0
2026-01-28 10:55:36,0
2026-01-28 10:55:37,0
2026-01-28 10:55:38,0
2026-01-28 10:55:39,0
2026-01-28 10:55:40,0
2026-01-28 10:55:41,0
2026-01-28 10:55:42,0
2026-01-28 10:55:43,0
2026-01-28 10:55:44,0
2026-01-28 10:55:45,0
2026-01-28 10:55:46,0
2026-01-28 10:55:47,0
2026-01-28 10:55:48,0
2026-01-28 11:00:49,3.43
2026-01-28 11:00:50,3.43
2026-01-28 11:00:51,3.43
2026-01-28 11:00:52,3.43
2026-01-28 11:00:53,3.43
2026-01-28 11:00:54,7.07
2026-01-28 11:00:55,7.07
2026-01-28 11:00:56,7.07
2026-01-28 11:00:57,7.07
2026-01-28 11:00:58,7.07
2026-01-28 11:00:59,7.60
2026-01-28 11:01:00,7.60
2026-01-28 11:01:01,7.60
2026-01-28 11:01:02,7.60
2026-01-28 11:01:03,7.60
2026-01-28 11:01:04,7.20
2026-01-28 11:01:05,7.20
2026-01-28 11:01:06,7.20
2026-01-28 11:01:07,7.20
2026-01-28 11:01:08,7.20
2026-01-28 11:01:09,7.71
2026-01-28 11:01:10,7.71
2026-01-28 11:01:11,7.71
2026-01-28 11:01:12,7.71
2026-01-28 11:01:13,7.71
2026-01-28 11:01:14,8.98
2026-01-28 11:01:15,8.98
2026-01-28 11:01:16,8.98
2026-01-28 11:01:17,8.98
2026-01-28 11:01:18,8.98
2026-01-28 11:01:19,8.73
2026-01-28 11:01:20,8.73
2026-01-28 11:01:21,8.73
2026-01-28 11:01:22,8.73
2026-01-28 11:01:23,8.73
2026-01-28 11:01:24,8.56
2026-01-28 11:01:25,8.56
2026-01-28 11:01:26,8.56
2026-01-28 11:01:27,8.56
2026-01-28 11:01:28,8.56
2026-01-28 11:01:29,8.62
2026-01-28 11:01:30,8.62
2026-01-28 11:01:31,8.62
2026-01-28 11:01:32,8.62
2026-01-28 11:01:33,8.62
2026-01-28 11:01:34,8.57
2026-01-28 11:01:35,8.57
2026-01-28 11:01:36,8.57
2026-01-28 11:01:37,8.57
2026-01-28 11:01:38,8.57
2026-01-28 11:01:39,8.58
2026-01-28 11:01:40,8.58
2026-01-28 11:01:41,8.58
2026-01-28 11:01:42,8.58
2026-01-28 11:01:43,8.58
2026-01-28 11:01:44,8.59
2026-01-28 11:01:45,8.59
2026-01-28 11:01:46,8.59
2026-01-28 11:01:47,8.59
2026-01-28 11:01:48,8.59
2026-01-28 11:01:49,8.50
2026-01-28 11:01:50,8.50
2026-01-28 11:01:51,8.50
2026-01-28 11:01:52,8.50
2026-01-28 11:01:53,8.50
2026-01-28 11:01:54,8.59
2026-01-28 11:01:55,8.59
2026-01-28 11:01:56,8.59
2026-01-28 11:01:57,8.59
2026-01-28 11:01:58,8.59
2026-01-28 11:01:59,8.59
2026-01-28 11:02:00,8.59
2026-01-28 11:02:01,8.59
2026-01-28 11:02:02,8.59
2026-01-28 11:02:03,8.59
2026-01-28 11:02:04,8.69
2026-01-28 11:02:05,8.69
2026-01-28 11:02:06,8.69
2026-01-28 11:02:07,8.69
2026-01-28 11:02:08,8.69
2026-01-28 11:02:09,8.76
2026-01-28 11:02:10,8.76
2026-01-28 11:02:11,8.76
2026-01-28 11:02:12,8.76
2026-01-28 11:02:13,8.76
2026-01-28 11:02:14,8.57
2026-01-28 11:02:15,8.57
2026-01-28 11:02:16,8.57
2026-01-28 11:02:17,8.57
2026-01-28 11:02:18,8.57
2026-01-28 11:02:19,8.54
2026-01-28 11:02:20,8.54
2026-01-28 11:02:21,8.54
2026-01-28 11:02:22,8.54
2026-01-28 11:02:23,8.54
2026-01-28 11:02:24,8.53
2026-01-28 11:02:25,8.53
2026-01-28 11:02:26,8.53
2026-01-28 11:02:27,8.53
2026-01-28 11:02:28,8.53
2026-01-28 11:02:29,8.67
2026-01-28 11:02:30,8.67
2026-01-28 11:02:31,8.67
2026-01-28 11:02:32,8.67
2026-01-28 11:02:33,8.67
2026-01-28 11:02:34,8.62
2026-01-28 11:02:35,8.62
2026-01-28 11:02:36,8.62
2026-01-28 11:02:37,8.62
2026-01-28 11:02:38,8.62
2026-01-28 11:02:39,8.65
2026-01-28 11:02:40,8.65
2026-01-28 11:02:41,8.65
2026-01-28 11:02:42,8.65
2026-01-28 11:02:43,8.65
2026-01-28 11:02:44,9.99
2026-01-28 11:02:45,9.99
2026-01-28 11:02:46,9.99
2026-01-28 11:02:47,9.99
2026-01-28 11:02:48,9.99
2026-01-28 11:02:49,8.40
2026-01-28 11:02:50,8.40
2026-01-28 11:02:51,8.40
2026-01-28 11:02:52,8.40
2026-01-28 11:02:53,8.40
2026-01-28 11:02:54,7.51
2026-01-28 11:02:55,7.51
2026-01-28 11:02:56,7.51
2026-01-28 11:02:57,7.51
2026-01-28 11:02:58,7.51
2026-01-28 11:02:59,7.47
2026-01-28 11:03:00,7.47
2026-01-28 11:03:01,7.47
2026-01-28 11:03:02,7.47
2026-01-28 11:03:03,7.47
2026-01-28 11:03:04,7.53
2026-01-28 11:03:05,7.53
2026-01-28 11:03:06,7.53
2026-01-28 11:03:07,7.53
2026-01-28 11:03:08,7.53
2026-01-28 11:03:09,7.65
2026-01-28 11:03:10,7.65
2026-01-28 11:03:11,7.65
2026-01-28 11:03:12,7.65
2026-01-28 11:03:13,7.65
2026-01-28 11:03:14,7.23
2026-01-28 11:03:15,7.23
2026-01-28 11:03:16,7.23
2026-01-28 11:03:17,7.23
2026-01-28 11:03:18,7.23
2026-01-28 11:03:19,8.68
2026-01-28 11:03:20,8.68
2026-01-28 11:03:21,8.68
2026-01-28 11:03:22,8.68
2026-01-28 11:03:23,8.68
2026-01-28 11:03:24,8.55
2026-01-28 11:03:25,8.55
2026-01-28 11:03:26,8.55
2026-01-28 11:03:27,8.55
2026-01-28 11:03:28,8.55
2026-01-28 11:03:29,7.55
2026-01-28 11:03:30,7.55
2026-01-28 11:03:31,7.55
2026-01-28 11:03:32,7.55
2026-01-28 11:03:33,7.55
2026-01-28 11:03:34,7.78
2026-01-28 11:03:35,7.78
2026-01-28 11:03:36,7.78
2026-01-28 11:03:37,7.78
2026-01-28 11:03:38,7.78
2026-01-28 11:03:39,8.95
2026-01-28 11:03:40,8.95
2026-01-28 11:03:41,8.95
2026-01-28 11:03:42,8.95
2026-01-28 11:03:43,8.95
2026-01-28 11:03:44,6.30
2026-01-28 11:03:45,6.30
2026-01-28 11:03:46,6.30
2026-01-28 11:03:47,6.30
2026-01-28 11:03:48,6.30
2026-01-28 11:03:49,6.26
2026-01-28 11:03:50,6.26
2026-01-28 11:03:51,6.26
2026-01-28 11:03:52,6.26
2026-01-28 11:03:53,6.26
2026-01-28 11:03:54,0
2026-01-28 11:03:55,0
2026-01-28 11:03:56,0
2026-01-28 11:03:57,0
2026-01-28 11:03:58,0
2026-01-28 11:03:59,0
2026-01-28 11:04:00,0
2026-01-28 11:04:01,0
2026-01-28 11:04:02,0
2026-01-28 11:04:03,0
2026-01-28 11:04:04,0
2026-01-28 11:04:05,0
2026-01-28 11:04:06,0
2026-01-28 11:04:07,0
2026-01-28 11:04:08,0
2026-01-28 11:04:09,0
2026-01-28 11:04:10,0
2026-01-28 11:04:11,0
2026-01-28 11:04:12,0
2026-01-28 11:04:13,0
2026-01-28 11:04:14,0
2026-01-28 11:04:15,0
2026-01-28 11:04:16,0
2026-01-28 11:04:17,0
2026-01-28 11:04:18,0
2026-01-28 11:04:19,0
2026-01-28 11:04:20,0
2026-01-28 11:04:21,0
2026-01-28 11:04:22,0
2026-01-28 11:04:23,0
2026-01-28 11:04:24,0
2026-01-28 11:04:25,0
2026-01-28 11:04:26,0
2026-01-28 11:04:27,0
2026-01-28 11:04:28,0
2026-01-28 11:04:29,0
2026-01-28 11:04:30,0
2026-01-28 11:04:31,0
2026-01-28 11:04:32,0
2026-01-28 11:04:33,0
2026-01-28 11:04:34,0
2026-01-28 11:04:35,0
2026-01-28 11:04:36,0
2026-01-28 11:04:37,0
2026-01-28 11:04:38,0
2026-01-28 11:04:39,0
2026-01-28 11:04:40,0
2026-01-28 11:04:41,0
2026-01-28 11:04:42,0
2026-01-28 11:04:43,0
2026-01-28 11:04:44,0
2026-01-28 11:04:45,0
2026-01-28 11:04:46,0
2026-01-28 11:04:47,0
2026-01-28 11:04:48,0
2026-01-28 11:04:49,0
2026-01-28 11:04:50,0
2026-01-28 11:04:51,0
2026-01-28 11:04:52,0
2026-01-28 11:04:53,0
2026-01-28 11:04:54,0
2026-01-28 11:04:55,0
2026-01-28 11:04:56,0
2026-01-28 11:04:57,0
2026-01-28 11:04:58,0
2026-01-28 11:04:59,0
2026-01-28 11:05:00,0
2026-01-28 11:05:01,0
2026-01-28 11:05:02,0
2026-01-28 11:05:03,0
2026-01-28 11:05:04,0
2026-01-28 11:05:05,0
2026-01-28 11:05:06,0
2026-01-28 11:05:07,0
2026-01-28 11:05:08,0
2026-01-28 11:05:09,0
2026-01-28 11:05:10,0
2026-01-28 11:05:11,0
2026-01-28 11:05:12,0
2026-01-28 11:05:13,0
2026-01-28 11:05:14,0
2026-01-28 11:05:15,0
2026-01-28 11:05:16,0
2026-01-28 11:05:17,0
2026-01-28 11:05:18,0
2026-01-28 11:05:19,0
2026-01-28 11:05:20,0
2026-01-28 11:05:21,0
2026-01-28 11:05:22,0
2026-01-28 11:05:23,0
2026-01-28 11:05:24,0
2026-01-28 11:05:25,0
2026-01-28 11:05:26,0
2026-01-28 11:05:27,0
2026-01-28 11:05:28,0
2026-01-28 11:10:34,1.17
2026-01-28 11:10:35,1.17
2026-01-28 11:10:36,1.17
2026-01-28 11:10:37,1.17
2026-01-28 11:10:38,1.17
2026-01-28 11:10:39,6.17
2026-01-28 11:10:40,6.17
2026-01-28 11:10:41,6.17
2026-01-28 11:10:42,6.17
2026-01-28 11:10:43,6.17
2026-01-28 11:10:44,7.56
2026-01-28 11:10:45,7.56
2026-01-28 11:10:46,7.56
2026-01-28 11:10:47,7.56
2026-01-28 11:10:48,7.56
2026-01-28 11:10:49,7.75
2026-01-28 11:10:50,7.75
2026-01-28 11:10:51,7.75
2026-01-28 11:10:52,7.75
2026-01-28 11:10:53,7.75
2026-01-28 11:10:54,7.47
2026-01-28 11:10:55,7.47
2026-01-28 11:10:56,7.47
2026-01-28 11:10:57,7.47
2026-01-28 11:10:58,7.47
2026-01-28 11:10:59,7.43
2026-01-28 11:11:00,7.43
2026-01-28 11:11:01,7.43
2026-01-28 11:11:02,7.43
2026-01-28 11:11:03,7.43
2026-01-28 11:11:04,7.48
2026-01-28 11:11:05,7.48
2026-01-28 11:11:06,7.48
2026-01-28 11:11:07,7.48
2026-01-28 11:11:08,7.48
2026-01-28 11:11:09,7.60
2026-01-28 11:11:10,7.60
2026-01-28 11:11:11,7.60
2026-01-28 11:11:12,7.60
2026-01-28 11:11:13,7.60
2026-01-28 11:11:14,6.96
2026-01-28 11:11:15,6.96
2026-01-28 11:11:16,6.96
2026-01-28 11:11:17,6.96
2026-01-28 11:11:18,6.96
2026-01-28 11:11:19,8.63
2026-01-28 11:11:20,8.63
2026-01-28 11:11:21,8.63
2026-01-28 11:11:22,8.63
2026-01-28 11:11:23,8.63
2026-01-28 11:11:24,8.53
2026-01-28 11:11:25,8.53
2026-01-28 11:11:26,8.53
2026-01-28 11:11:27,8.53
2026-01-28 11:11:28,8.53
2026-01-28 11:11:29,8.44
2026-01-28 11:11:30,8.44
2026-01-28 11:11:31,8.44
2026-01-28 11:11:32,8.44
2026-01-28 11:11:33,8.44
2026-01-28 11:11:34,10.3
2026-01-28 11:11:35,10.3
2026-01-28 11:11:36,10.3
2026-01-28 11:11:37,10.3
2026-01-28 11:11:38,10.3
2026-01-28 11:11:39,9.11
2026-01-28 11:11:40,9.11
2026-01-28 11:11:41,9.11
2026-01-28 11:11:42,9.11
2026-01-28 11:11:43,9.11
2026-01-28 11:11:44,7.21
2026-01-28 11:11:45,7.21
2026-01-28 11:11:46,7.21
2026-01-28 11:11:47,7.21
2026-01-28 11:11:48,7.21
2026-01-28 11:11:49,7.33
2026-01-28 11:11:50,7.33
2026-01-28 11:11:51,7.33
2026-01-28 11:11:52,7.33
2026-01-28 11:11:53,7.33
2026-01-28 11:11:54,7.28
2026-01-28 11:11:55,7.28
2026-01-28 11:11:56,7.28
2026-01-28 11:11:57,7.28
2026-01-28 11:11:58,7.28
2026-01-28 11:11:59,7.28
2026-01-28 11:12:00,7.28
2026-01-28 11:12:01,7.28
2026-01-28 11:12:02,7.28
2026-01-28 11:12:03,7.28
2026-01-28 11:12:04,7.37
2026-01-28 11:12:05,7.37
2026-01-28 11:12:06,7.37
2026-01-28 11:12:07,7.37
2026-01-28 11:12:08,7.37
2026-01-28 11:12:09,7.66
2026-01-28 11:12:10,7.66
2026-01-28 11:12:11,7.66
2026-01-28 11:12:12,7.66
2026-01-28 11:12:13,7.66
2026-01-28 11:12:14,7.72
2026-01-28 11:12:15,7.72
2026-01-28 11:12:16,7.72
2026-01-28 11:12:17,7.72
2026-01-28 11:12:18,7.72
2026-01-28 11:12:19,7.29
2026-01-28 11:12:20,7.29
2026-01-28 11:12:21,7.29
2026-01-28 11:12:22,7.29
2026-01-28 11:12:23,7.29
2026-01-28 11:12:24,7.28
2026-01-28 11:12:25,7.28
2026-01-28 11:12:26,7.28
2026-01-28 11:12:27,7.28
2026-01-28 11:12:28,7.28
2026-01-28 11:12:29,7.31
2026-01-28 11:12:30,7.31
2026-01-28 11:12:31,7.31
2026-01-28 11:12:32,7.31
2026-01-28 11:12:33,7.31
2026-01-28 11:12:34,7.36
2026-01-28 11:12:35,7.36
2026-01-28 11:12:36,7.36
2026-01-28 11:12:37,7.36
2026-01-28 11:12:38,7.36
2026-01-28 11:12:39,12.5
2026-01-28 11:12:40,12.5
2026-01-28 11:12:41,12.5
2026-01-28 11:12:42,12.5
2026-01-28 11:12:43,12.5
2026-01-28 11:12:44,7.84
2026-01-28 11:12:45,7.84
2026-01-28 11:12:46,7.84
2026-01-28 11:12:47,7.84
2026-01-28 11:12:48,7.84
2026-01-28 11:12:49,5.34
2026-01-28 11:12:50,5.34
2026-01-28 11:12:51,5.34
2026-01-28 11:12:52,5.34
2026-01-28 11:12:53,5.34
2026-01-28 11:12:54,5.23
2026-01-28 11:12:55,5.23
2026-01-28 11:12:56,5.23
2026-01-28 11:12:57,5.23
2026-01-28 11:12:58,5.23
2026-01-28 11:12:59,5.24
2026-01-28 11:13:00,5.24
2026-01-28 11:13:01,5.24
2026-01-28 11:13:02,5.24
2026-01-28 11:13:03,5.24
2026-01-28 11:13:04,5.19
2026-01-28 11:13:05,5.19
2026-01-28 11:13:06,5.19
2026-01-28 11:13:07,5.19
2026-01-28 11:13:08,5.19
2026-01-28 11:13:09,5.40
2026-01-28 11:13:10,5.40
2026-01-28 11:13:11,5.40
2026-01-28 11:13:12,5.40
2026-01-28 11:13:13,5.40
2026-01-28 11:13:14,5.33
2026-01-28 11:13:15,5.33
2026-01-28 11:13:16,5.33
2026-01-28 11:13:17,5.33
2026-01-28 11:13:18,5.33
2026-01-28 11:13:19,4.53
2026-01-28 11:13:20,4.53
2026-01-28 11:13:21,4.53
2026-01-28 11:13:22,4.53
2026-01-28 11:13:23,4.53
2026-01-28 11:13:24,6.31
2026-01-28 11:13:25,6.31
2026-01-28 11:13:26,6.31
2026-01-28 11:13:27,6.31
2026-01-28 11:13:28,6.31
2026-01-28 11:13:29,6.39
2026-01-28 11:13:30,6.39
2026-01-28 11:13:31,6.39
2026-01-28 11:13:32,6.39
2026-01-28 11:13:33,6.39
2026-01-28 11:13:34,6.36
2026-01-28 11:13:35,6.36
2026-01-28 11:13:36,6.36
2026-01-28 11:13:37,6.36
2026-01-28 11:13:38,6.36
2026-01-28 11:13:39,6.42
2026-01-28 11:13:40,6.42
2026-01-28 11:13:41,6.42
2026-01-28 11:13:42,6.42
2026-01-28 11:13:43,6.42
2026-01-28 11:13:44,0
2026-01-28 11:13:45,0
2026-01-28 11:13:46,0
2026-01-28 11:13:47,0
2026-01-28 11:13:48,0
2026-01-28 11:13:49,0
2026-01-28 11:13:50,0
2026-01-28 11:13:51,0
2026-01-28 11:13:52,0
2026-01-28 11:13:53,0
2026-01-28 11:13:54,0
2026-01-28 11:13:55,0
2026-01-28 11:13:56,0
2026-01-28 11:13:57,0
2026-01-28 11:13:58,0
2026-01-28 11:13:59,0
2026-01-28 11:14:00,0
2026-01-28 11:14:01,0
2026-01-28 11:14:02,0
2026-01-28 11:14:03,0
2026-01-28 11:14:04,0
2026-01-28 11:14:05,0
2026-01-28 11:14:06,0
2026-01-28 11:14:07,0
2026-01-28 11:14:08,0
2026-01-28 11:14:09,0
2026-01-28 11:14:10,0
2026-01-28 11:14:11,0
2026-01-28 11:14:12,0
2026-01-28 11:14:13,0
2026-01-28 11:14:14,0
2026-01-28 11:14:15,0
2026-01-28 11:14:16,0
2026-01-28 11:14:17,0
2026-01-28 11:14:18,0
2026-01-28 11:14:19,0
2026-01-28 11:14:20,0
2026-01-28 11:14:21,0
2026-01-28 11:14:22,0
2026-01-28 11:14:23,0
2026-01-28 11:14:24,0
2026-01-28 11:14:25,0
2026-01-28 11:14:26,0
2026-01-28 11:14:27,0
2026-01-28 11:14:28,0
2026-01-28 11:14:29,0
2026-01-28 11:14:30,0
2026-01-28 11:14:31,0
2026-01-28 11:14:32,0
2026-01-28 11:14:33,0
2026-01-28 11:14:34,0
2026-01-28 11:14:35,0
2026-01-28 11:14:36,0
2026-01-28 11:14:37,0
2026-01-28 11:14:38,0
2026-01-28 11:14:39,0
2026-01-28 11:14:40,0
2026-01-28 11:14:41,0
2026-01-28 11:14:42,0
2026-01-28 11:14:43,0
2026-01-28 11:14:44,0
2026-01-28 11:14:45,0
2026-01-28 11:14:46,0
2026-01-28 11:14:47,0
2026-01-28 11:14:48,0
2026-01-28 11:14:49,0
2026-01-28 11:14:50,0
2026-01-28 11:14:51,0
2026-01-28 11:14:52,0
2026-01-28 11:14:53,0
2026-01-28 11:14:54,0
2026-01-28 11:14:55,0
2026-01-28 11:14:56,0
2026-01-28 11:14:57,0
2026-01-28 11:14:58,0
2026-01-28 11:14:59,0
2026-01-28 11:15:00,0
2026-01-28 11:15:01,0
2026-01-28 11:15:02,0
2026-01-28 11:15:03,0
2026-01-28 11:15:04,0
2026-01-28 11:15:05,0
2026-01-28 11:15:06,0
2026-01-28 11:15:07,0
2026-01-28 11:15:08,0
2026-01-28 11:15:09,0
2026-01-28 11:15:10,0
2026-01-28 11:15:11,0
2026-01-28 11:15:12,0
2026-01-28 11:15:13,0
2026-01-28 11:20:24,4.42
2026-01-28 11:20:25,4.42
2026-01-28 11:20:26,4.42
2026-01-28 11:20:27,4.42
2026-01-28 11:20:28,4.42
2026-01-28 11:20:29,6.15
2026-01-28 11:20:30,6.15
2026-01-28 11:20:31,6.15
2026-01-28 11:20:32,6.15
2026-01-28 11:20:33,6.15
2026-01-28 11:20:34,9.81
2026-01-28 11:20:35,9.81
2026-01-28 11:20:36,9.81
2026-01-28 11:20:37,9.81
2026-01-28 11:20:38,9.81
2026-01-28 11:20:39,9.36
2026-01-28 11:20:40,9.36
2026-01-28 11:20:41,9.36
2026-01-28 11:20:42,9.36
2026-01-28 11:20:43,9.36
2026-01-28 11:20:44,6.70
2026-01-28 11:20:45,6.70
2026-01-28 11:20:46,6.70
2026-01-28 11:20:47,6.70
2026-01-28 11:20:48,6.70
2026-01-28 11:20:49,6.43
2026-01-28 11:20:50,6.43
2026-01-28 11:20:51,6.43
2026-01-28 11:20:52,6.43
2026-01-28 11:20:53,6.43
2026-01-28 11:20:54,6.31
2026-01-28 11:20:55,6.31
2026-01-28 11:20:56,6.31
2026-01-28 11:20:57,6.31
2026-01-28 11:20:58,6.31
2026-01-28 11:20:59,6.36
2026-01-28 11:21:00,6.36
2026-01-28 11:21:01,6.36
2026-01-28 11:21:02,6.36
2026-01-28 11:21:03,6.36
2026-01-28 11:21:04,6.30
2026-01-28 11:21:05,6.30
2026-01-28 11:21:06,6.30
2026-01-28 11:21:07,6.30
2026-01-28 11:21:08,6.30
2026-01-28 11:21:09,6.32
2026-01-28 11:21:10,6.32
2026-01-28 11:21:11,6.32
2026-01-28 11:21:12,6.32
2026-01-28 11:21:13,6.32
2026-01-28 11:21:14,6.55
2026-01-28 11:21:15,6.55
2026-01-28 11:21:16,6.55
2026-01-28 11:21:17,6.55
2026-01-28 11:21:18,6.55
2026-01-28 11:21:19,6.61
2026-01-28 11:21:20,6.61
2026-01-28 11:21:21,6.61
2026-01-28 11:21:22,6.61
2026-01-28 11:21:23,6.61
2026-01-28 11:21:24,6.27
2026-01-28 11:21:25,6.27
2026-01-28 11:21:26,6.27
2026-01-28 11:21:27,6.27
2026-01-28 11:21:28,6.27
2026-01-28 11:21:29,9.08
2026-01-28 11:21:30,9.08
2026-01-28 11:21:31,9.08
2026-01-28 11:21:32,9.08
2026-01-28 11:21:33,9.08
2026-01-28 11:21:34,7.14
2026-01-28 11:21:35,7.14
2026-01-28 11:21:36,7.14
2026-01-28 11:21:37,7.14
2026-01-28 11:21:38,7.14
2026-01-28 11:21:39,5.28
2026-01-28 11:21:40,5.28
2026-01-28 11:21:41,5.28
2026-01-28 11:21:42,5.28
2026-01-28 11:21:43,5.28
2026-01-28 11:21:44,5.19
2026-01-28 11:21:45,5.19
2026-01-28 11:21:46,5.19
2026-01-28 11:21:47,5.19
2026-01-28 11:21:48,5.19
2026-01-28 11:21:49,5.20
2026-01-28 11:21:50,5.20
2026-01-28 11:21:51,5.20
2026-01-28 11:21:52,5.20
2026-01-28 11:21:53,5.20
2026-01-28 11:21:54,7.62
2026-01-28 11:21:55,7.62
2026-01-28 11:21:56,7.62
2026-01-28 11:21:57,7.62
2026-01-28 11:21:58,7.62
2026-01-28 11:21:59,4.07
2026-01-28 11:22:00,4.07
2026-01-28 11:22:01,4.07
2026-01-28 11:22:02,4.07
2026-01-28 11:22:03,4.07
2026-01-28 11:22:04,3.95
2026-01-28 11:22:05,3.95
2026-01-28 11:22:06,3.95
2026-01-28 11:22:07,3.95
2026-01-28 11:22:08,3.95
2026-01-28 11:22:09,4.28
2026-01-28 11:22:10,4.28
2026-01-28 11:22:11,4.28
2026-01-28 11:22:12,4.28
2026-01-28 11:22:13,4.28
2026-01-28 11:22:14,4.69
2026-01-28 11:22:15,4.69
2026-01-28 11:22:16,4.69
2026-01-28 11:22:17,4.69
2026-01-28 11:22:18,4.69
2026-01-28 11:22:19,4.55
2026-01-28 11:22:20,4.55
2026-01-28 11:22:21,4.55
2026-01-28 11:22:22,4.55
2026-01-28 11:22:23,4.55
2026-01-28 11:22:24,4.04
2026-01-28 11:22:25,4.04
2026-01-28 11:22:26,4.04
2026-01-28 11:22:27,4.04
2026-01-28 11:22:28,4.04
2026-01-28 11:22:29,4.03
2026-01-28 11:22:30,4.03
2026-01-28 11:22:31,4.03
2026-01-28 11:22:32,4.03
2026-01-28 11:22:33,4.03
2026-01-28 11:22:34,4.08
2026-01-28 11:22:35,4.08
2026-01-28 11:22:36,4.08
2026-01-28 11:22:37,4.08
2026-01-28 11:22:38,4.08
2026-01-28 11:22:39,4.11
2026-01-28 11:22:40,4.11
2026-01-28 11:22:41,4.11
2026-01-28 11:22:42,4.11
2026-01-28 11:22:43,4.11
2026-01-28 11:22:44,3.94
2026-01-28 11:22:45,3.94
2026-01-28 11:22:46,3.94
2026-01-28 11:22:47,3.94
2026-01-28 11:22:48,3.94
2026-01-28 11:22:49,4.08
2026-01-28 11:22:50,4.08
2026-01-28 11:22:51,4.08
2026-01-28 11:22:52,4.08
2026-01-28 11:22:53,4.08
2026-01-28 11:22:54,4.00
2026-01-28 11:22:55,4.00
2026-01-28 11:22:56,4.00
2026-01-28 11:22:57,4.00
2026-01-28 11:22:58,4.00
2026-01-28 11:22:59,2.98
2026-01-28 11:23:00,2.98
2026-01-28 11:23:01,2.98
2026-01-28 11:23:02,2.98
2026-01-28 11:23:03,2.98
2026-01-28 11:23:04,5.04
2026-01-28 11:23:05,5.04
2026-01-28 11:23:06,5.04
2026-01-28 11:23:07,5.04
2026-01-28 11:23:08,5.04
2026-01-28 11:23:09,5.68
2026-01-28 11:23:10,5.68
2026-01-28 11:23:11,5.68
2026-01-28 11:23:12,5.68
2026-01-28 11:23:13,5.68
2026-01-28 11:23:14,4.72
2026-01-28 11:23:15,4.72
2026-01-28 11:23:16,4.72
2026-01-28 11:23:17,4.72
2026-01-28 11:23:18,4.72
2026-01-28 11:23:19,5.91
2026-01-28 11:23:20,5.91
2026-01-28 11:23:21,5.91
2026-01-28 11:23:22,5.91
2026-01-28 11:23:23,5.91
2026-01-28 11:23:24,6.38
2026-01-28 11:23:25,6.38
2026-01-28 11:23:26,6.38
2026-01-28 11:23:27,6.38
2026-01-28 11:23:28,6.38
2026-01-28 11:23:29,0
2026-01-28 11:23:30,0
2026-01-28 11:23:31,0
2026-01-28 11:23:32,0
2026-01-28 11:23:33,0
2026-01-28 11:23:34,0
2026-01-28 11:23:35,0
2026-01-28 11:23:36,0
2026-01-28 11:23:37,0
2026-01-28 11:23:38,0
2026-01-28 11:23:39,0
2026-01-28 11:23:40,0
2026-01-28 11:23:41,0
2026-01-28 11:23:42,0
2026-01-28 11:23:43,0
2026-01-28 11:23:44,0
2026-01-28 11:23:45,0
2026-01-28 11:23:46,0
2026-01-28 11:23:47,0
2026-01-28 11:23:48,0
2026-01-28 11:23:49,0
2026-01-28 11:23:50,0
2026-01-28 11:23:51,0
2026-01-28 11:23:52,0
2026-01-28 11:23:53,0
2026-01-28 11:23:54,0
2026-01-28 11:23:55,0
2026-01-28 11:23:56,0
2026-01-28 11:23:57,0
2026-01-28 11:23:58,0
2026-01-28 11:23:59,0
2026-01-28 11:24:00,0
2026-01-28 11:24:01,0
2026-01-28 11:24:02,0
2026-01-28 11:24:03,0
2026-01-28 11:24:04,0
2026-01-28 11:24:05,0
2026-01-28 11:24:06,0
2026-01-28 11:24:07,0
2026-01-28 11:24:08,0
2026-01-28 11:24:09,0
2026-01-28 11:24:10,0
2026-01-28 11:24:11,0
2026-01-28 11:24:12,0
2026-01-28 11:24:13,0
2026-01-28 11:24:14,0
2026-01-28 11:24:15,0
2026-01-28 11:24:16,0
2026-01-28 11:24:17,0
2026-01-28 11:24:18,0
2026-01-28 11:24:19,0
2026-01-28 11:24:20,0
2026-01-28 11:24:21,0
2026-01-28 11:24:22,0
2026-01-28 11:24:23,0
2026-01-28 11:24:24,0
2026-01-28 11:24:25,0
2026-01-28 11:24:26,0
2026-01-28 11:24:27,0
2026-01-28 11:24:28,0
2026-01-28 11:24:29,0
2026-01-28 11:24:30,0
2026-01-28 11:24:31,0
2026-01-28 11:24:32,0
2026-01-28 11:24:33,0
2026-01-28 11:24:34,0
2026-01-28 11:24:35,0
2026-01-28 11:24:36,0
2026-01-28 11:24:37,0
2026-01-28 11:24:38,0
2026-01-28 11:24:39,0
2026-01-28 11:24:40,0
2026-01-28 11:24:41,0
2026-01-28 11:24:42,0
2026-01-28 11:24:43,0
2026-01-28 11:24:44,0
2026-01-28 11:24:45,0
2026-01-28 11:24:46,0
2026-01-28 11:24:47,0
2026-01-28 11:24:48,0
2026-01-28 11:24:49,0
2026-01-28 11:24:50,0
2026-01-28 11:24:51,0
2026-01-28 11:24:52,0
2026-01-28 11:24:53,0
2026-01-28 11:24:54,0
2026-01-28 11:24:55,0
2026-01-28 11:24:56,0
2026-01-28 11:24:57,0
2026-01-28 11:24:58,0
2026-01-28 11:24:59,0
2026-01-28 11:25:00,0
2026-01-28 11:25:01,0
2026-01-28 11:25:02,0
2026-01-28 11:25:03,0
2026-01-28 11:30:14,5.44
2026-01-28 11:30:15,5.44
2026-01-28 11:30:16,5.44
2026-01-28 11:30:17,5.44
2026-01-28 11:30:18,5.44
2026-01-28 11:30:19,5.89
2026-01-28 11:30:20,5.89
2026-01-28 11:30:21,5.89
2026-01-28 11:30:22,5.89
2026-01-28 11:30:23,5.89
2026-01-28 11:30:24,5.51
2026-01-28 11:30:25,5.51
2026-01-28 11:30:26,5.51
2026-01-28 11:30:27,5.51
2026-01-28 11:30:28,5.51
2026-01-28 11:30:29,5.17
2026-01-28 11:30:30,5.17
2026-01-28 11:30:31,5.17
2026-01-28 11:30:32,5.17
2026-01-28 11:30:33,5.17
2026-01-28 11:30:34,5.11
2026-01-28 11:30:35,5.11
2026-01-28 11:30:36,5.11
2026-01-28 11:30:37,5.11
2026-01-28 11:30:38,5.11
2026-01-28 11:30:39,5.37
2026-01-28 11:30:40,5.37
2026-01-28 11:30:41,5.37
2026-01-28 11:30:42,5.37
2026-01-28 11:30:43,5.37
2026-01-28 11:30:44,5.15
2026-01-28 11:30:45,5.15
2026-01-28 11:30:46,5.15
2026-01-28 11:30:47,5.15
2026-01-28 11:30:48,5.15
2026-01-28 11:30:49,5.18
2026-01-28 11:30:50,5.18
2026-01-28 11:30:51,5.18
2026-01-28 11:30:52,5.18
2026-01-28 11:30:53,5.18
2026-01-28 11:30:54,5.14
2026-01-28 11:30:55,5.14
2026-01-28 11:30:56,5.14
2026-01-28 11:30:57,5.14
2026-01-28 11:30:58,5.14
2026-01-28 11:30:59,5.29
2026-01-28 11:31:00,5.29
2026-01-28 11:31:01,5.29
2026-01-28 11:31:02,5.29
2026-01-28 11:31:03,5.29
2026-01-28 11:31:04,9.11
2026-01-28 11:31:05,9.11
2026-01-28 11:31:06,9.11
2026-01-28 11:31:07,9.11
2026-01-28 11:31:08,9.11
2026-01-28 11:31:09,6.55
2026-01-28 11:31:10,6.55
2026-01-28 11:31:11,6.55
2026-01-28 11:31:12,6.55
2026-01-28 11:31:13,6.55
2026-01-28 11:31:14,5.47
2026-01-28 11:31:15,5.47
2026-01-28 11:31:16,5.47
2026-01-28 11:31:17,5.47
2026-01-28 11:31:18,5.47
2026-01-28 11:31:19,5.84
2026-01-28 11:31:20,5.84
2026-01-28 11:31:21,5.84
2026-01-28 11:31:22,5.84
2026-01-28 11:31:23,5.84
2026-01-28 11:31:24,5.65
2026-01-28 11:31:25,5.65
2026-01-28 11:31:26,5.65
2026-01-28 11:31:27,5.65
2026-01-28 11:31:28,5.65
2026-01-28 11:31:29,5.27
2026-01-28 11:31:30,5.27
2026-01-28 11:31:31,5.27
2026-01-28 11:31:32,5.27
2026-01-28 11:31:33,5.27
2026-01-28 11:31:34,5.27
2026-01-28 11:31:35,5.27
2026-01-28 11:31:36,5.27
2026-01-28 11:31:37,5.27
2026-01-28 11:31:38,5.27
2026-01-28 11:31:39,5.28
2026-01-28 11:31:40,5.28
2026-01-28 11:31:41,5.28
2026-01-28 11:31:42,5.28
2026-01-28 11:31:43,5.28
2026-01-28 11:31:44,5.15
2026-01-28 11:31:45,5.15
2026-01-28 11:31:46,5.15
2026-01-28 11:31:47,5.15
2026-01-28 11:31:48,5.15
2026-01-28 11:31:49,5.24
2026-01-28 11:31:50,5.24
2026-01-28 11:31:51,5.24
2026-01-28 11:31:52,5.24
2026-01-28 11:31:53,5.24
2026-01-28 11:31:54,5.23
2026-01-28 11:31:55,5.23
2026-01-28 11:31:56,5.23
2026-01-28 11:31:57,5.23
2026-01-28 11:31:58,5.23
2026-01-28 11:31:59,5.22
2026-01-28 11:32:00,5.22
2026-01-28 11:32:01,5.22
2026-01-28 11:32:02,5.22
2026-01-28 11:32:03,5.22
2026-01-28 11:32:04,5.21
2026-01-28 11:32:05,5.21
2026-01-28 11:32:06,5.21
2026-01-28 11:32:07,5.21
2026-01-28 11:32:08,5.21
2026-01-28 11:32:09,5.30
2026-01-28 11:32:10,5.30
2026-01-28 11:32:11,5.30
2026-01-28 11:32:12,5.30
2026-01-28 11:32:13,5.30
2026-01-28 11:32:14,5.44
2026-01-28 11:32:15,5.44
2026-01-28 11:32:16,5.44
2026-01-28 11:32:17,5.44
2026-01-28 11:32:18,5.44
2026-01-28 11:32:19,5.96
2026-01-28 11:32:20,5.96
2026-01-28 11:32:21,5.96
2026-01-28 11:32:22,5.96
2026-01-28 11:32:23,5.96
2026-01-28 11:32:24,5.61
2026-01-28 11:32:25,5.61
2026-01-28 11:32:26,5.61
2026-01-28 11:32:27,5.61
2026-01-28 11:32:28,5.61
2026-01-28 11:32:29,5.22
2026-01-28 11:32:30,5.22
2026-01-28 11:32:31,5.22
2026-01-28 11:32:32,5.22
2026-01-28 11:32:33,5.22
2026-01-28 11:32:34,5.32
2026-01-28 11:32:35,5.32
2026-01-28 11:32:36,5.32
2026-01-28 11:32:37,5.32
2026-01-28 11:32:38,5.32
2026-01-28 11:32:39,5.40
2026-01-28 11:32:40,5.40
2026-01-28 11:32:41,5.40
2026-01-28 11:32:42,5.40
2026-01-28 11:32:43,5.40
2026-01-28 11:32:44,5.26
2026-01-28 11:32:45,5.26
2026-01-28 11:32:46,5.26
2026-01-28 11:32:47,5.26
2026-01-28 11:32:48,5.26
2026-01-28 11:32:49,5.22
2026-01-28 11:32:50,5.22
2026-01-28 11:32:51,5.22
2026-01-28 11:32:52,5.22
2026-01-28 11:32:53,5.22
2026-01-28 11:32:54,5.20
2026-01-28 11:32:55,5.20
2026-01-28 11:32:56,5.20
2026-01-28 11:32:57,5.20
2026-01-28 11:32:58,5.20
2026-01-28 11:32:59,5.21
2026-01-28 11:33:00,5.21
2026-01-28 11:33:01,5.21
2026-01-28 11:33:02,5.21
2026-01-28 11:33:03,5.21
2026-01-28 11:33:04,4.70
2026-01-28 11:33:05,4.70
2026-01-28 11:33:06,4.70
2026-01-28 11:33:07,4.70
2026-01-28 11:33:08,4.70
2026-01-28 11:33:09,5.34
2026-01-28 11:33:10,5.34
2026-01-28 11:33:11,5.34
2026-01-28 11:33:12,5.34
2026-01-28 11:33:13,5.34
2026-01-28 11:33:14,6.76
2026-01-28 11:33:15,6.76
2026-01-28 11:33:16,6.76
2026-01-28 11:33:17,6.76
2026-01-28 11:33:18,6.76
2026-01-28 11:33:19,0
2026-01-28 11:33:20,0
2026-01-28 11:33:21,0
2026-01-28 11:33:22,0
2026-01-28 11:33:23,0
2026-01-28 11:33:24,0
2026-01-28 11:33:25,0
2026-01-28 11:33:26,0
2026-01-28 11:33:27,0
2026-01-28 11:33:28,0
2026-01-28 11:33:29,0
2026-01-28 11:33:30,0
2026-01-28 11:33:31,0
2026-01-28 11:33:32,0
2026-01-28 11:33:33,0
2026-01-28 11:33:34,0
2026-01-28 11:33:35,0
2026-01-28 11:33:36,0
2026-01-28 11:33:37,0
2026-01-28 11:33:38,0
2026-01-28 11:33:39,0
2026-01-28 11:33:40,0
2026-01-28 11:33:41,0
2026-01-28 11:33:42,0
2026-01-28 11:33:43,0
2026-01-28 11:33:44,0
2026-01-28 11:33:45,0
2026-01-28 11:33:46,0
2026-01-28 11:33:47,0
2026-01-28 11:33:48,0
2026-01-28 11:33:49,0
2026-01-28 11:33:50,0
2026-01-28 11:33:51,0
2026-01-28 11:33:52,0
2026-01-28 11:33:53,0
2026-01-28 11:33:54,0
2026-01-28 11:33:55,0
2026-01-28 11:33:56,0
2026-01-28 11:33:57,0
2026-01-28 11:33:58,0
2026-01-28 11:33:59,0
2026-01-28 11:34:00,0
2026-01-28 11:34:01,0
2026-01-28 11:34:02,0
2026-01-28 11:34:03,0
2026-01-28 11:34:04,0
2026-01-28 11:34:05,0
2026-01-28 11:34:06,0
2026-01-28 11:34:07,0
2026-01-28 11:34:08,0
2026-01-28 11:34:09,0
2026-01-28 11:34:10,0
2026-01-28 11:34:11,0
2026-01-28 11:34:12,0
2026-01-28 11:34:13,0
2026-01-28 11:34:14,0
2026-01-28 11:34:15,0
2026-01-28 11:34:16,0
2026-01-28 11:34:17,0
2026-01-28 11:34:18,0
2026-01-28 11:34:19,0
2026-01-28 11:34:20,0
2026-01-28 11:34:21,0
2026-01-28 11:34:22,0
2026-01-28 11:34:23,0
2026-01-28 11:34:24,0
2026-01-28 11:34:25,0
2026-01-28 11:34:26,0
2026-01-28 11:34:27,0
2026-01-28 11:34:28,0
2026-01-28 11:34:29,0
2026-01-28 11:34:30,0
2026-01-28 11:34:31,0
2026-01-28 11:34:32,0
2026-01-28 11:34:33,0
2026-01-28 11:34:34,0
2026-01-28 11:34:35,0
2026-01-28 11:34:36,0
2026-01-28 11:34:37,0
2026-01-28 11:34:38,0
2026-01-28 11:34:39,0
2026-01-28 11:34:40,0
2026-01-28 11:34:41,0
2026-01-28 11:34:42,0
2026-01-28 11:34:43,0
2026-01-28 11:34:44,0
2026-01-28 11:34:45,0
2026-01-28 11:34:46,0
2026-01-28 11:34:47,0
2026-01-28 11:34:48,0
2026-01-28 11:34:49,0
2026-01-28 11:34:50,0
2026-01-28 11:34:51,0
2026-01-28 11:34:52,0
2026-01-28 11:34:53,0
2026-01-28 11:39:59,1.13
2026-01-28 11:40:00,1.13
2026-01-28 11:40:01,1.13
2026-01-28 11:40:02,1.13
2026-01-28 11:40:03,1.13
2026-01-28 11:40:04,6.11
2026-01-28 11:40:05,6.11
2026-01-28 11:40:06,6.11
2026-01-28 11:40:07,6.11
2026-01-28 11:40:08,6.11
2026-01-28 11:40:09,10.1
2026-01-28 11:40:10,10.1
2026-01-28 11:40:11,10.1
2026-01-28 11:40:12,10.1
2026-01-28 11:40:13,10.1
2026-01-28 11:40:14,6.41
2026-01-28 11:40:15,6.41
2026-01-28 11:40:16,6.41
2026-01-28 11:40:17,6.41
2026-01-28 11:40:18,6.41
2026-01-28 11:40:19,6.51
2026-01-28 11:40:20,6.51
2026-01-28 11:40:21,6.51
2026-01-28 11:40:22,6.51
2026-01-28 11:40:23,6.51
2026-01-28 11:40:24,6.58
2026-01-28 11:40:25,6.58
2026-01-28 11:40:26,6.58
2026-01-28 11:40:27,6.58
2026-01-28 11:40:28,6.58
2026-01-28 11:40:29,6.35
2026-01-28 11:40:30,6.35
2026-01-28 11:40:31,6.35
2026-01-28 11:40:32,6.35
2026-01-28 11:40:33,6.35
2026-01-28 11:40:34,6.38
2026-01-28 11:40:35,6.38
2026-01-28 11:40:36,6.38
2026-01-28 11:40:37,6.38
2026-01-28 11:40:38,6.38
2026-01-28 11:40:39,6.37
2026-01-28 11:40:40,6.37
2026-01-28 11:40:41,6.37
2026-01-28 11:40:42,6.37
2026-01-28 11:40:43,6.37
2026-01-28 11:40:44,6.35
2026-01-28 11:40:45,6.35
2026-01-28 11:40:46,6.35
2026-01-28 11:40:47,6.35
2026-01-28 11:40:48,6.35
2026-01-28 11:40:49,5.77
2026-01-28 11:40:50,5.77
2026-01-28 11:40:51,5.77
2026-01-28 11:40:52,5.77
2026-01-28 11:40:53,5.77
2026-01-28 11:40:54,7.87
2026-01-28 11:40:55,7.87
2026-01-28 11:40:56,7.87
2026-01-28 11:40:57,7.87
2026-01-28 11:40:58,7.87
2026-01-28 11:40:59,8.38
2026-01-28 11:41:00,8.38
2026-01-28 11:41:01,8.38
2026-01-28 11:41:02,8.38
2026-01-28 11:41:03,8.38
2026-01-28 11:41:04,5.98
2026-01-28 11:41:05,5.98
2026-01-28 11:41:06,5.98
2026-01-28 11:41:07,5.98
2026-01-28 11:41:08,5.98
2026-01-28 11:41:09,7.12
2026-01-28 11:41:10,7.12
2026-01-28 11:41:11,7.12
2026-01-28 11:41:12,7.12
2026-01-28 11:41:13,7.12
2026-01-28 11:41:14,7.48
2026-01-28 11:41:15,7.48
2026-01-28 11:41:16,7.48
2026-01-28 11:41:17,7.48
2026-01-28 11:41:18,7.48
2026-01-28 11:41:19,7.64
2026-01-28 11:41:20,7.64
2026-01-28 11:41:21,7.64
2026-01-28 11:41:22,7.64
2026-01-28 11:41:23,7.64
2026-01-28 11:41:24,7.74
2026-01-28 11:41:25,7.74
2026-01-28 11:41:26,7.74
2026-01-28 11:41:27,7.74
2026-01-28 11:41:28,7.74
2026-01-28 11:41:29,7.46
2026-01-28 11:41:30,7.46
2026-01-28 11:41:31,7.46
2026-01-28 11:41:32,7.46
2026-01-28 11:41:33,7.46
2026-01-28 11:41:34,7.49
2026-01-28 11:41:35,7.49
2026-01-28 11:41:36,7.49
2026-01-28 11:41:37,7.49
2026-01-28 11:41:38,7.49
2026-01-28 11:41:39,7.55
2026-01-28 11:41:40,7.55
2026-01-28 11:41:41,7.55
2026-01-28 11:41:42,7.55
2026-01-28 11:41:43,7.55
2026-01-28 11:41:44,7.47
2026-01-28 11:41:45,7.47
2026-01-28 11:41:46,7.47
2026-01-28 11:41:47,7.47
2026-01-28 11:41:48,7.47
2026-01-28 11:41:49,7.60
2026-01-28 11:41:50,7.60
2026-01-28 11:41:51,7.60
2026-01-28 11:41:52,7.60
2026-01-28 11:41:53,7.60
2026-01-28 11:41:54,7.50
2026-01-28 11:41:55,7.50
2026-01-28 11:41:56,7.50
2026-01-28 11:41:57,7.50
2026-01-28 11:41:58,7.50
2026-01-28 11:41:59,9.39
2026-01-28 11:42:00,9.39
2026-01-28 11:42:01,9.39
2026-01-28 11:42:02,9.39
2026-01-28 11:42:03,9.39
2026-01-28 11:42:04,7.61
2026-01-28 11:42:05,7.61
2026-01-28 11:42:06,7.61
2026-01-28 11:42:07,7.61
2026-01-28 11:42:08,7.61
2026-01-28 11:42:09,6.43
2026-01-28 11:42:10,6.43
2026-01-28 11:42:11,6.43
2026-01-28 11:42:12,6.43
2026-01-28 11:42:13,6.43
2026-01-28 11:42:14,6.40
2026-01-28 11:42:15,6.40
2026-01-28 11:42:16,6.40
2026-01-28 11:42:17,6.40
2026-01-28 11:42:18,6.40
2026-01-28 11:42:19,6.56
2026-01-28 11:42:20,6.56
2026-01-28 11:42:21,6.56
2026-01-28 11:42:22,6.56
2026-01-28 11:42:23,6.56
2026-01-28 11:42:24,6.72
2026-01-28 11:42:25,6.72
2026-01-28 11:42:26,6.72
2026-01-28 11:42:27,6.72
2026-01-28 11:42:28,6.72
2026-01-28 11:42:29,6.73
2026-01-28 11:42:30,6.73
2026-01-28 11:42:31,6.73
2026-01-28 11:42:32,6.73
2026-01-28 11:42:33,6.73
2026-01-28 11:42:34,6.42
2026-01-28 11:42:35,6.42
2026-01-28 11:42:36,6.42
2026-01-28 11:42:37,6.42
2026-01-28 11:42:38,6.42
2026-01-28 11:42:39,6.43
2026-01-28 11:42:40,6.43
2026-01-28 11:42:41,6.43
2026-01-28 11:42:42,6.43
2026-01-28 11:42:43,6.43
2026-01-28 11:42:44,6.33
2026-01-28 11:42:45,6.33
2026-01-28 11:42:46,6.33
2026-01-28 11:42:47,6.33
2026-01-28 11:42:48,6.33
2026-01-28 11:42:49,6.39
2026-01-28 11:42:50,6.39
2026-01-28 11:42:51,6.39
2026-01-28 11:42:52,6.39
2026-01-28 11:42:53,6.39
2026-01-28 11:42:54,6.38
2026-01-28 11:42:55,6.38
2026-01-28 11:42:56,6.38
2026-01-28 11:42:57,6.38
2026-01-28 11:42:58,6.38
2026-01-28 11:42:59,6.41
2026-01-28 11:43:00,6.41
2026-01-28 11:43:01,6.41
2026-01-28 11:43:02,6.41
2026-01-28 11:43:03,6.41
2026-01-28 11:43:04,6.35
2026-01-28 11:43:05,6.35
2026-01-28 11:43:06,6.35
2026-01-28 11:43:07,6.35
2026-01-28 11:43:08,6.35
2026-01-28 11:43:09,0
2026-01-28 11:43:10,0
2026-01-28 11:43:11,0
2026-01-28 11:43:12,0
2026-01-28 11:43:13,0
2026-01-28 11:43:14,0
2026-01-28 11:43:15,0
2026-01-28 11:43:16,0
2026-01-28 11:43:17,0
2026-01-28 11:43:18,0
2026-01-28 11:43:19,0
2026-01-28 11:43:20,0
2026-01-28 11:43:21,0
2026-01-28 11:43:22,0
2026-01-28 11:43:23,0
2026-01-28 11:43:24,0
2026-01-28 11:43:25,0
2026-01-28 11:43:26,0
2026-01-28 11:43:27,0
2026-01-28 11:43:28,0
2026-01-28 11:43:29,0
2026-01-28 11:43:30,0
2026-01-28 11:43:31,0
2026-01-28 11:43:32,0
2026-01-28 11:43:33,0
2026-01-28 11:43:34,0
2026-01-28 11:43:35,0
2026-01-28 11:43:36,0
2026-01-28 11:43:37,0
2026-01-28 11:43:38,0
2026-01-28 11:43:39,0
2026-01-28 11:43:40,0
2026-01-28 11:43:41,0
2026-01-28 11:43:42,0
2026-01-28 11:43:43,0
2026-01-28 11:43:44,0
2026-01-28 11:43:45,0
2026-01-28 11:43:46,0
2026-01-28 11:43:47,0
2026-01-28 11:43:48,0
2026-01-28 11:43:49,0
2026-01-28 11:43:50,0
2026-01-28 11:43:51,0
2026-01-28 11:43:52,0
2026-01-28 11:43:53,0
2026-01-28 11:43:54,0
2026-01-28 11:43:55,0
2026-01-28 11:43:56,0
2026-01-28 11:43:57,0
2026-01-28 11:43:58,0
2026-01-28 11:43:59,0
2026-01-28 11:44:00,0
2026-01-28 11:44:01,0
2026-01-28 11:44:02,0
2026-01-28 11:44:03,0
2026-01-28 11:44:04,0
2026-01-28 11:44:05,0
2026-01-28 11:44:06,0
2026-01-28 11:44:07,0
2026-01-28 11:44:08,0
2026-01-28 11:44:09,0
2026-01-28 11:44:10,0
2026-01-28 11:44:11,0
2026-01-28 11:44:12,0
2026-01-28 11:44:13,0
2026-01-28 11:44:14,0
2026-01-28 11:44:15,0
2026-01-28 11:44:16,0
2026-01-28 11:44:17,0
2026-01-28 11:44:18,0
2026-01-28 11:44:19,0
2026-01-28 11:44:20,0
2026-01-28 11:44:21,0
2026-01-28 11:44:22,0
2026-01-28 11:44:23,0
2026-01-28 11:44:24,0
2026-01-28 11:44:25,0
2026-01-28 11:44:26,0
2026-01-28 11:44:27,0
2026-01-28 11:44:28,0
2026-01-28 11:44:29,0
2026-01-28 11:44:30,0
2026-01-28 11:44:31,0
2026-01-28 11:44:32,0
2026-01-28 11:44:33,0
2026-01-28 11:44:34,0
2026-01-28 11:44:35,0
2026-01-28 11:44:36,0
2026-01-28 11:44:37,0
2026-01-28 11:44:38,0
2026-01-28 11:44:39,0
2026-01-28 11:44:40,0
2026-01-28 11:44:41,0
2026-01-28 11:44:42,0
2026-01-28 11:44:43,0
2026-01-28 11:49:39,3.01
2026-01-28 11:49:40,3.01
2026-01-28 11:49:41,3.01
2026-01-28 11:49:42,3.01
2026-01-28 11:49:43,3.01
2026-01-28 11:49:44,6.08
2026-01-28 11:49:45,6.08
2026-01-28 11:49:46,6.08
2026-01-28 11:49:47,6.08
2026-01-28 11:49:48,6.08
2026-01-28 11:49:49,7.61
2026-01-28 11:49:50,7.61
2026-01-28 11:49:51,7.61
2026-01-28 11:49:52,7.61
2026-01-28 11:49:53,7.61
2026-01-28 11:49:54,7.43
2026-01-28 11:49:55,7.43
2026-01-28 11:49:56,7.43
2026-01-28 11:49:57,7.43
2026-01-28 11:49:58,7.43
2026-01-28 11:49:59,7.60
2026-01-28 11:50:00,7.60
2026-01-28 11:50:01,7.60
2026-01-28 11:50:02,7.60
2026-01-28 11:50:03,7.60
2026-01-28 11:50:04,7.69
2026-01-28 11:50:05,7.69
2026-01-28 11:50:06,7.69
2026-01-28 11:50:07,7.69
2026-01-28 11:50:08,7.69
2026-01-28 11:50:09,7.48
2026-01-28 11:50:10,7.48
2026-01-28 11:50:11,7.48
2026-01-28 11:50:12,7.48
2026-01-28 11:50:13,7.48
2026-01-28 11:50:14,7.44
2026-01-28 11:50:15,7.44
2026-01-28 11:50:16,7.44
2026-01-28 11:50:17,7.44
2026-01-28 11:50:18,7.44
2026-01-28 11:50:19,7.69
2026-01-28 11:50:20,7.69
2026-01-28 11:50:21,7.69
2026-01-28 11:50:22,7.69
2026-01-28 11:50:23,7.69
2026-01-28 11:50:24,7.41
2026-01-28 11:50:25,7.41
2026-01-28 11:50:26,7.41
2026-01-28 11:50:27,7.41
2026-01-28 11:50:28,7.41
2026-01-28 11:50:29,7.56
2026-01-28 11:50:30,7.56
2026-01-28 11:50:31,7.56
2026-01-28 11:50:32,7.56
2026-01-28 11:50:33,7.56
2026-01-28 11:50:34,7.46
2026-01-28 11:50:35,7.46
2026-01-28 11:50:36,7.46
2026-01-28 11:50:37,7.46
2026-01-28 11:50:38,7.46
2026-01-28 11:50:39,7.60
2026-01-28 11:50:40,7.60
2026-01-28 11:50:41,7.60
2026-01-28 11:50:42,7.60
2026-01-28 11:50:43,7.60
2026-01-28 11:50:44,7.46
2026-01-28 11:50:45,7.46
2026-01-28 11:50:46,7.46
2026-01-28 11:50:47,7.46
2026-01-28 11:50:48,7.46
2026-01-28 11:50:49,7.55
2026-01-28 11:50:50,7.55
2026-01-28 11:50:51,7.55
2026-01-28 11:50:52,7.55
2026-01-28 11:50:53,7.55
2026-01-28 11:50:54,7.87
2026-01-28 11:50:55,7.87
2026-01-28 11:50:56,7.87
2026-01-28 11:50:57,7.87
2026-01-28 11:50:58,7.87
2026-01-28 11:50:59,7.55
2026-01-28 11:51:00,7.55
2026-01-28 11:51:01,7.55
2026-01-28 11:51:02,7.55
2026-01-28 11:51:03,7.55
2026-01-28 11:51:04,7.50
2026-01-28 11:51:05,7.50
2026-01-28 11:51:06,7.50
2026-01-28 11:51:07,7.50
2026-01-28 11:51:08,7.50
2026-01-28 11:51:09,7.55
2026-01-28 11:51:10,7.55
2026-01-28 11:51:11,7.55
2026-01-28 11:51:12,7.55
2026-01-28 11:51:13,7.55
2026-01-28 11:51:14,7.52
2026-01-28 11:51:15,7.52
2026-01-28 11:51:16,7.52
2026-01-28 11:51:17,7.52
2026-01-28 11:51:18,7.52
2026-01-28 11:51:19,7.52
2026-01-28 11:51:20,7.52
2026-01-28 11:51:21,7.52
2026-01-28 11:51:22,7.52
2026-01-28 11:51:23,7.52
2026-01-28 11:51:24,9.00
2026-01-28 11:51:25,9.00
2026-01-28 11:51:26,9.00
2026-01-28 11:51:27,9.00
2026-01-28 11:51:28,9.00
2026-01-28 11:51:29,8.67
2026-01-28 11:51:30,8.67
2026-01-28 11:51:31,8.67
2026-01-28 11:51:32,8.67
2026-01-28 11:51:33,8.67
2026-01-28 11:51:34,8.92
2026-01-28 11:51:35,8.92
2026-01-28 11:51:36,8.92
2026-01-28 11:51:37,8.92
2026-01-28 11:51:38,8.92
2026-01-28 11:51:39,8.47
2026-01-28 11:51:40,8.47
2026-01-28 11:51:41,8.47
2026-01-28 11:51:42,8.47
2026-01-28 11:51:43,8.47
2026-01-28 11:51:44,8.54
2026-01-28 11:51:45,8.54
2026-01-28 11:51:46,8.54
2026-01-28 11:51:47,8.54
2026-01-28 11:51:48,8.54
2026-01-28 11:51:49,8.46
2026-01-28 11:51:50,8.46
2026-01-28 11:51:51,8.46
2026-01-28 11:51:52,8.46
2026-01-28 11:51:53,8.46
2026-01-28 11:51:54,8.68
2026-01-28 11:51:55,8.68
2026-01-28 11:51:56,8.68
2026-01-28 11:51:57,8.68
2026-01-28 11:51:58,8.68
2026-01-28 11:51:59,8.46
2026-01-28 11:52:00,8.46
2026-01-28 11:52:01,8.46
2026-01-28 11:52:02,8.46
2026-01-28 11:52:03,8.46
2026-01-28 11:52:04,8.54
2026-01-28 11:52:05,8.54
2026-01-28 11:52:06,8.54
2026-01-28 11:52:07,8.54
2026-01-28 11:52:08,8.54
2026-01-28 11:52:09,8.65
2026-01-28 11:52:10,8.65
2026-01-28 11:52:11,8.65
2026-01-28 11:52:12,8.65
2026-01-28 11:52:13,8.65
2026-01-28 11:52:14,8.39
2026-01-28 11:52:15,8.39
2026-01-28 11:52:16,8.39
2026-01-28 11:52:17,8.39
2026-01-28 11:52:18,8.39
2026-01-28 11:52:19,8.49
2026-01-28 11:52:20,8.49
2026-01-28 11:52:21,8.49
2026-01-28 11:52:22,8.49
2026-01-28 11:52:23,8.49
2026-01-28 11:52:24,10.2
2026-01-28 11:52:25,10.2
2026-01-28 11:52:26,10.2
2026-01-28 11:52:27,10.2
2026-01-28 11:52:28,10.2
2026-01-28 11:52:29,8.72
2026-01-28 11:52:30,8.72
2026-01-28 11:52:31,8.72
2026-01-28 11:52:32,8.72
2026-01-28 11:52:33,8.72
2026-01-28 11:52:34,8.66
2026-01-28 11:52:35,8.66
2026-01-28 11:52:36,8.66
2026-01-28 11:52:37,8.66
2026-01-28 11:52:38,8.66
2026-01-28 11:52:39,8.47
2026-01-28 11:52:40,8.47
2026-01-28 11:52:41,8.47
2026-01-28 11:52:42,8.47
2026-01-28 11:52:43,8.47
2026-01-28 11:52:44,8.49
2026-01-28 11:52:45,8.49
2026-01-28 11:52:46,8.49
2026-01-28 11:52:47,8.49
2026-01-28 11:52:48,8.49
2026-01-28 11:52:49,8.49
2026-01-28 11:52:50,8.49
2026-01-28 11:52:51,8.49
2026-01-28 11:52:52,8.49
2026-01-28 11:52:53,8.49
2026-01-28 11:52:54,0
2026-01-28 11:52:55,0
2026-01-28 11:52:56,0
2026-01-28 11:52:57,0
2026-01-28 11:52:58,0
2026-01-28 11:52:59,0
2026-01-28 11:53:00,0
2026-01-28 11:53:01,0
2026-01-28 11:53:02,0
2026-01-28 11:53:03,0
2026-01-28 11:53:04,0
2026-01-28 11:53:05,0
2026-01-28 11:53:06,0
2026-01-28 11:53:07,0
2026-01-28 11:53:08,0
2026-01-28 11:53:09,0
2026-01-28 11:53:10,0
2026-01-28 11:53:11,0
2026-01-28 11:53:12,0
2026-01-28 11:53:13,0
2026-01-28 11:53:14,0
2026-01-28 11:53:15,0
2026-01-28 11:53:16,0
2026-01-28 11:53:17,0
2026-01-28 11:53:18,0
2026-01-28 11:53:19,0
2026-01-28 11:53:20,0
2026-01-28 11:53:21,0
2026-01-28 11:53:22,0
2026-01-28 11:53:23,0
2026-01-28 11:53:24,0
2026-01-28 11:53:25,0
2026-01-28 11:53:26,0
2026-01-28 11:53:27,0
2026-01-28 11:53:28,0
2026-01-28 11:53:29,0
2026-01-28 11:53:30,0
2026-01-28 11:53:31,0
2026-01-28 11:53:32,0
2026-01-28 11:53:33,0
2026-01-28 11:53:34,0
2026-01-28 11:53:35,0
2026-01-28 11:53:36,0
2026-01-28 11:53:37,0
2026-01-28 11:53:38,0
2026-01-28 11:53:39,0
2026-01-28 11:53:40,0
2026-01-28 11:53:41,0
2026-01-28 11:53:42,0
2026-01-28 11:53:43,0
2026-01-28 11:53:44,0
2026-01-28 11:53:45,0
2026-01-28 11:53:46,0
2026-01-28 11:53:47,0
2026-01-28 11:53:48,0
2026-01-28 11:53:49,0
2026-01-28 11:53:50,0
2026-01-28 11:53:51,0
2026-01-28 11:53:52,0
2026-01-28 11:53:53,0
2026-01-28 11:53:54,0
2026-01-28 11:53:55,0
2026-01-28 11:53:56,0
2026-01-28 11:53:57,0
2026-01-28 11:53:58,0
2026-01-28 11:53:59,0
2026-01-28 11:54:00,0
2026-01-28 11:54:01,0
2026-01-28 11:54:02,0
2026-01-28 11:54:03,0
2026-01-28 11:54:04,0
2026-01-28 11:54:05,0
2026-01-28 11:54:06,0
2026-01-28 11:54:07,0
2026-01-28 11:54:08,0
2026-01-28 11:54:09,0
2026-01-28 11:54:10,0
2026-01-28 11:54:11,0
2026-01-28 11:54:12,0
2026-01-28 11:54:13,0
2026-01-28 11:54:14,0
2026-01-28 11:54:15,0
2026-01-28 11:54:16,0
2026-01-28 11:54:17,0
2026-01-28 11:54:18,0
2026-01-28 11:54:19,0
2026-01-28 11:54:20,0
2026-01-28 11:54:21,0
2026-01-28 11:54:22,0
2026-01-28 11:54:23,0
2026-01-28 11:54:24,0
2026-01-28 11:54:25,0
2026-01-28 11:54:26,0
2026-01-28 11:54:27,0
2026-01-28 11:54:28,0
2026-01-28 11:59:34,8.57
2026-01-28 11:59:35,8.57
2026-01-28 11:59:36,8.57
2026-01-28 11:59:37,8.57
2026-01-28 11:59:38,8.57
2026-01-28 11:59:39,8.91
2026-01-28 11:59:40,8.91
2026-01-28 11:59:41,8.91
2026-01-28 11:59:42,8.91
2026-01-28 11:59:43,8.91
2026-01-28 11:59:44,9.93
2026-01-28 11:59:45,9.93
2026-01-28 11:59:46,9.93
2026-01-28 11:59:47,9.93
2026-01-28 11:59:48,9.93
2026-01-28 11:59:49,7.35
2026-01-28 11:59:50,7.35
2026-01-28 11:59:51,7.35
2026-01-28 11:59:52,7.35
2026-01-28 11:59:53,7.35
2026-01-28 11:59:54,7.34
2026-01-28 11:59:55,7.34
2026-01-28 11:59:56,7.34
2026-01-28 11:59:57,7.34
2026-01-28 11:59:58,7.34
2026-01-28 11:59:59,7.35
2026-01-28 12:00:00,7.35
2026-01-28 12:00:01,7.35
2026-01-28 12:00:02,7.35
2026-01-28 12:00:03,7.35
2026-01-28 12:00:04,7.38
2026-01-28 12:00:05,7.38
2026-01-28 12:00:06,7.38
2026-01-28 12:00:07,7.38
2026-01-28 12:00:08,7.38
2026-01-28 12:00:09,9.38
2026-01-28 12:00:10,9.38
2026-01-28 12:00:11,9.38
2026-01-28 12:00:12,9.38
2026-01-28 12:00:13,9.38
2026-01-28 12:00:14,7.69
2026-01-28 12:00:15,7.69
2026-01-28 12:00:16,7.69
2026-01-28 12:00:17,7.69
2026-01-28 12:00:18,7.69
2026-01-28 12:00:19,7.46
2026-01-28 12:00:20,7.46
2026-01-28 12:00:21,7.46
2026-01-28 12:00:22,7.46
2026-01-28 12:00:23,7.46
2026-01-28 12:00:24,7.58
2026-01-28 12:00:25,7.58
2026-01-28 12:00:26,7.58
2026-01-28 12:00:27,7.58
2026-01-28 12:00:28,7.58
2026-01-28 12:00:29,7.51
2026-01-28 12:00:30,7.51
2026-01-28 12:00:31,7.51
2026-01-28 12:00:32,7.51
2026-01-28 12:00:33,7.51
2026-01-28 12:00:34,7.43
2026-01-28 12:00:35,7.43
2026-01-28 12:00:36,7.43
2026-01-28 12:00:37,7.43
2026-01-28 12:00:38,7.43
2026-01-28 12:00:39,7.34
2026-01-28 12:00:40,7.34
2026-01-28 12:00:41,7.34
2026-01-28 12:00:42,7.34
2026-01-28 12:00:43,7.34
2026-01-28 12:00:44,7.37
2026-01-28 12:00:45,7.37
2026-01-28 12:00:46,7.37
2026-01-28 12:00:47,7.37
2026-01-28 12:00:48,7.37
2026-01-28 12:00:49,9.77
2026-01-28 12:00:50,9.77
2026-01-28 12:00:51,9.77
2026-01-28 12:00:52,9.77
2026-01-28 12:00:53,9.77
2026-01-28 12:00:54,5.50
2026-01-28 12:00:55,5.50
2026-01-28 12:00:56,5.50
2026-01-28 12:00:57,5.50
2026-01-28 12:00:58,5.50
2026-01-28 12:00:59,9.15
2026-01-28 12:01:00,9.15
2026-01-28 12:01:01,9.15
2026-01-28 12:01:02,9.15
2026-01-28 12:01:03,9.15
2026-01-28 12:01:04,6.40
2026-01-28 12:01:05,6.40
2026-01-28 12:01:06,6.40
2026-01-28 12:01:07,6.40
2026-01-28 12:01:08,6.40
2026-01-28 12:01:09,6.52
2026-01-28 12:01:10,6.52
2026-01-28 12:01:11,6.52
2026-01-28 12:01:12,6.52
2026-01-28 12:01:13,6.52
2026-01-28 12:01:14,6.47
2026-01-28 12:01:15,6.47
2026-01-28 12:01:16,6.47
2026-01-28 12:01:17,6.47
2026-01-28 12:01:18,6.47
2026-01-28 12:01:19,6.36
2026-01-28 12:01:20,6.36
2026-01-28 12:01:21,6.36
2026-01-28 12:01:22,6.36
2026-01-28 12:01:23,6.36
2026-01-28 12:01:24,6.70
2026-01-28 12:01:25,6.70
2026-01-28 12:01:26,6.70
2026-01-28 12:01:27,6.70
2026-01-28 12:01:28,6.70
2026-01-28 12:01:29,6.56
2026-01-28 12:01:30,6.56
2026-01-28 12:01:31,6.56
2026-01-28 12:01:32,6.56
2026-01-28 12:01:33,6.56
2026-01-28 12:01:34,6.48
2026-01-28 12:01:35,6.48
2026-01-28 12:01:36,6.48
2026-01-28 12:01:37,6.48
2026-01-28 12:01:38,6.48
2026-01-28 12:01:39,6.35
2026-01-28 12:01:40,6.35
2026-01-28 12:01:41,6.35
2026-01-28 12:01:42,6.35
2026-01-28 12:01:43,6.35
2026-01-28 12:01:44,6.50
2026-01-28 12:01:45,6.50
2026-01-28 12:01:46,6.50
2026-01-28 12:01:47,6.50
2026-01-28 12:01:48,6.50
2026-01-28 12:01:49,6.52
2026-01-28 12:01:50,6.52
2026-01-28 12:01:51,6.52
2026-01-28 12:01:52,6.52
2026-01-28 12:01:53,6.52
2026-01-28 12:01:54,6.57
2026-01-28 12:01:55,6.57
2026-01-28 12:01:56,6.57
2026-01-28 12:01:57,6.57
2026-01-28 12:01:58,6.57
2026-01-28 12:01:59,6.42
2026-01-28 12:02:00,6.42
2026-01-28 12:02:01,6.42
2026-01-28 12:02:02,6.42
2026-01-28 12:02:03,6.42
2026-01-28 12:02:04,6.46
2026-01-28 12:02:05,6.46
2026-01-28 12:02:06,6.46
2026-01-28 12:02:07,6.46
2026-01-28 12:02:08,6.46
2026-01-28 12:02:09,6.55
2026-01-28 12:02:10,6.55
2026-01-28 12:02:11,6.55
2026-01-28 12:02:12,6.55
2026-01-28 12:02:13,6.55
2026-01-28 12:02:14,6.56
2026-01-28 12:02:15,6.56
2026-01-28 12:02:16,6.56
2026-01-28 12:02:17,6.56
2026-01-28 12:02:18,6.56
2026-01-28 12:02:19,6.43
2026-01-28 12:02:20,6.43
2026-01-28 12:02:21,6.43
2026-01-28 12:02:22,6.43
2026-01-28 12:02:23,6.43
2026-01-28 12:02:24,6.95
2026-01-28 12:02:25,6.95
2026-01-28 12:02:26,6.95
2026-01-28 12:02:27,6.95
2026-01-28 12:02:28,6.95
2026-01-28 12:02:29,6.72
2026-01-28 12:02:30,6.72
2026-01-28 12:02:31,6.72
2026-01-28 12:02:32,6.72
2026-01-28 12:02:33,6.72
2026-01-28 12:02:34,6.50
2026-01-28 12:02:35,6.50
2026-01-28 12:02:36,6.50
2026-01-28 12:02:37,6.50
2026-01-28 12:02:38,6.50
2026-01-28 12:02:39,0
2026-01-28 12:02:40,0
2026-01-28 12:02:41,0
2026-01-28 12:02:42,0
2026-01-28 12:02:43,0
2026-01-28 12:02:44,0
2026-01-28 12:02:45,0
2026-01-28 12:02:46,0
2026-01-28 12:02:47,0
2026-01-28 12:02:48,0
2026-01-28 12:02:49,0
2026-01-28 12:02:50,0
2026-01-28 12:02:51,0
2026-01-28 12:02:52,0
2026-01-28 12:02:53,0
2026-01-28 12:02:54,0
2026-01-28 12:02:55,0
2026-01-28 12:02:56,0
2026-01-28 12:02:57,0
2026-01-28 12:02:58,0
2026-01-28 12:02:59,0
2026-01-28 12:03:00,0
2026-01-28 12:03:01,0
2026-01-28 12:03:02,0
2026-01-28 12:03:03,0
2026-01-28 12:03:04,0
2026-01-28 12:03:05,0
2026-01-28 12:03:06,0
2026-01-28 12:03:07,0
2026-01-28 12:03:08,0
2026-01-28 12:03:09,0
2026-01-28 12:03:10,0
2026-01-28 12:03:11,0
2026-01-28 12:03:12,0
2026-01-28 12:03:13,0
2026-01-28 12:03:14,0
2026-01-28 12:03:15,0
2026-01-28 12:03:16,0
2026-01-28 12:03:17,0
2026-01-28 12:03:18,0
2026-01-28 12:03:19,0
2026-01-28 12:03:20,0
2026-01-28 12:03:21,0
2026-01-28 12:03:22,0
2026-01-28 12:03:23,0
2026-01-28 12:03:24,0
2026-01-28 12:03:25,0
2026-01-28 12:03:26,0
2026-01-28 12:03:27,0
2026-01-28 12:03:28,0
2026-01-28 12:03:29,0
2026-01-28 12:03:30,0
2026-01-28 12:03:31,0
2026-01-28 12:03:32,0
2026-01-28 12:03:33,0
2026-01-28 12:03:34,0
2026-01-28 12:03:35,0
2026-01-28 12:03:36,0
2026-01-28 12:03:37,0
2026-01-28 12:03:38,0
2026-01-28 12:03:39,0
2026-01-28 12:03:40,0
2026-01-28 12:03:41,0
2026-01-28 12:03:42,0
2026-01-28 12:03:43,0
2026-01-28 12:03:44,0
2026-01-28 12:03:45,0
2026-01-28 12:03:46,0
2026-01-28 12:03:47,0
2026-01-28 12:03:48,0
2026-01-28 12:03:49,0
2026-01-28 12:03:50,0
2026-01-28 12:03:51,0
2026-01-28 12:03:52,0
2026-01-28 12:03:53,0
2026-01-28 12:03:54,0
2026-01-28 12:03:55,0
2026-01-28 12:03:56,0
2026-01-28 12:03:57,0
2026-01-28 12:03:58,0
2026-01-28 12:03:59,0
2026-01-28 12:04:00,0
2026-01-28 12:04:01,0
2026-01-28 12:04:02,0
2026-01-28 12:04:03,0
2026-01-28 12:04:04,0
2026-01-28 12:04:05,0
2026-01-28 12:04:06,0
2026-01-28 12:04:07,0
2026-01-28 12:04:08,0
2026-01-28 12:04:09,0
2026-01-28 12:04:10,0
2026-01-28 12:04:11,0
2026-01-28 12:04:12,0
2026-01-28 12:04:13,0
2026-01-28 12:09:09,1.36
2026-01-28 12:09:10,1.36
2026-01-28 12:09:11,1.36
2026-01-28 12:09:12,1.36
2026-01-28 12:09:13,1.36
2026-01-28 12:09:14,7.00
2026-01-28 12:09:15,7.00
2026-01-28 12:09:16,7.00
2026-01-28 12:09:17,7.00
2026-01-28 12:09:18,7.00
2026-01-28 12:09:19,6.61
2026-01-28 12:09:20,6.61
2026-01-28 12:09:21,6.61
2026-01-28 12:09:22,6.61
2026-01-28 12:09:23,6.61
2026-01-28 12:09:24,6.52
2026-01-28 12:09:25,6.52
2026-01-28 12:09:26,6.52
2026-01-28 12:09:27,6.52
2026-01-28 12:09:28,6.52
2026-01-28 12:09:29,7.07
2026-01-28 12:09:30,7.07
2026-01-28 12:09:31,7.07
2026-01-28 12:09:32,7.07
2026-01-28 12:09:33,7.07
2026-01-28 12:09:34,6.39
2026-01-28 12:09:35,6.39
2026-01-28 12:09:36,6.39
2026-01-28 12:09:37,6.39
2026-01-28 12:09:38,6.39
2026-01-28 12:09:39,6.32
2026-01-28 12:09:40,6.32
2026-01-28 12:09:41,6.32
2026-01-28 12:09:42,6.32
2026-01-28 12:09:43,6.32
2026-01-28 12:09:44,6.40
2026-01-28 12:09:45,6.40
2026-01-28 12:09:46,6.40
2026-01-28 12:09:47,6.40
2026-01-28 12:09:48,6.40
2026-01-28 12:09:49,6.43
2026-01-28 12:09:50,6.43
2026-01-28 12:09:51,6.43
2026-01-28 12:09:52,6.43
2026-01-28 12:09:53,6.43
2026-01-28 12:09:54,6.27
2026-01-28 12:09:55,6.27
2026-01-28 12:09:56,6.27
2026-01-28 12:09:57,6.27
2026-01-28 12:09:58,6.27
2026-01-28 12:09:59,6.37
2026-01-28 12:10:00,6.37
2026-01-28 12:10:01,6.37
2026-01-28 12:10:02,6.37
2026-01-28 12:10:03,6.37
2026-01-28 12:10:04,6.41
2026-01-28 12:10:05,6.41
2026-01-28 12:10:06,6.41
2026-01-28 12:10:07,6.41
2026-01-28 12:10:08,6.41
2026-01-28 12:10:09,6.38
2026-01-28 12:10:10,6.38
2026-01-28 12:10:11,6.38
2026-01-28 12:10:12,6.38
2026-01-28 12:10:13,6.38
2026-01-28 12:10:14,6.44
2026-01-28 12:10:15,6.44
2026-01-28 12:10:16,6.44
2026-01-28 12:10:17,6.44
2026-01-28 12:10:18,6.44
2026-01-28 12:10:19,6.61
2026-01-28 12:10:20,6.61
2026-01-28 12:10:21,6.61
2026-01-28 12:10:22,6.61
2026-01-28 12:10:23,6.61
2026-01-28 12:10:24,6.44
2026-01-28 12:10:25,6.44
2026-01-28 12:10:26,6.44
2026-01-28 12:10:27,6.44
2026-01-28 12:10:28,6.44
2026-01-28 12:10:29,7.00
2026-01-28 12:10:30,7.00
2026-01-28 12:10:31,7.00
2026-01-28 12:10:32,7.00
2026-01-28 12:10:33,7.00
2026-01-28 12:10:34,6.58
2026-01-28 12:10:35,6.58
2026-01-28 12:10:36,6.58
2026-01-28 12:10:37,6.58
2026-01-28 12:10:38,6.58
2026-01-28 12:10:39,6.35
2026-01-28 12:10:40,6.35
2026-01-28 12:10:41,6.35
2026-01-28 12:10:42,6.35
2026-01-28 12:10:43,6.35
2026-01-28 12:10:44,6.42
2026-01-28 12:10:45,6.42
2026-01-28 12:10:46,6.42
2026-01-28 12:10:47,6.42
2026-01-28 12:10:48,6.42
2026-01-28 12:10:49,6.45
2026-01-28 12:10:50,6.45
2026-01-28 12:10:51,6.45
2026-01-28 12:10:52,6.45
2026-01-28 12:10:53,6.45
2026-01-28 12:10:54,6.42
2026-01-28 12:10:55,6.42
2026-01-28 12:10:56,6.42
2026-01-28 12:10:57,6.42
2026-01-28 12:10:58,6.42
2026-01-28 12:10:59,6.31
2026-01-28 12:11:00,6.31
2026-01-28 12:11:01,6.31
2026-01-28 12:11:02,6.31
2026-01-28 12:11:03,6.31
2026-01-28 12:11:04,6.35
2026-01-28 12:11:05,6.35
2026-01-28 12:11:06,6.35
2026-01-28 12:11:07,6.35
2026-01-28 12:11:08,6.35
2026-01-28 12:11:09,6.48
2026-01-28 12:11:10,6.48
2026-01-28 12:11:11,6.48
2026-01-28 12:11:12,6.48
2026-01-28 12:11:13,6.48
2026-01-28 12:11:14,6.58
2026-01-28 12:11:15,6.58
2026-01-28 12:11:16,6.58
2026-01-28 12:11:17,6.58
2026-01-28 12:11:18,6.58
2026-01-28 12:11:19,6.36
2026-01-28 12:11:20,6.36
2026-01-28 12:11:21,6.36
2026-01-28 12:11:22,6.36
2026-01-28 12:11:23,6.36
2026-01-28 12:11:24,6.39
2026-01-28 12:11:25,6.39
2026-01-28 12:11:26,6.39
2026-01-28 12:11:27,6.39
2026-01-28 12:11:28,6.39
2026-01-28 12:11:29,6.59
2026-01-28 12:11:30,6.59
2026-01-28 12:11:31,6.59
2026-01-28 12:11:32,6.59
2026-01-28 12:11:33,6.59
2026-01-28 12:11:34,6.49
2026-01-28 12:11:35,6.49
2026-01-28 12:11:36,6.49
2026-01-28 12:11:37,6.49
2026-01-28 12:11:38,6.49
2026-01-28 12:11:39,6.38
2026-01-28 12:11:40,6.38
2026-01-28 12:11:41,6.38
2026-01-28 12:11:42,6.38
2026-01-28 12:11:43,6.38
2026-01-28 12:11:44,8.90
2026-01-28 12:11:45,8.90
2026-01-28 12:11:46,8.90
2026-01-28 12:11:47,8.90
2026-01-28 12:11:48,8.90
2026-01-28 12:11:49,5.30
2026-01-28 12:11:50,5.30
2026-01-28 12:11:51,5.30
2026-01-28 12:11:52,5.30
2026-01-28 12:11:53,5.30
2026-01-28 12:11:54,5.26
2026-01-28 12:11:55,5.26
2026-01-28 12:11:56,5.26
2026-01-28 12:11:57,5.26
2026-01-28 12:11:58,5.26
2026-01-28 12:11:59,5.16
2026-01-28 12:12:00,5.16
2026-01-28 12:12:01,5.16
2026-01-28 12:12:02,5.16
2026-01-28 12:12:03,5.16
2026-01-28 12:12:04,5.27
2026-01-28 12:12:05,5.27
2026-01-28 12:12:06,5.27
2026-01-28 12:12:07,5.27
2026-01-28 12:12:08,5.27
2026-01-28 12:12:09,5.25
2026-01-28 12:12:10,5.25
2026-01-28 12:12:11,5.25
2026-01-28 12:12:12,5.25
2026-01-28 12:12:13,5.25
2026-01-28 12:12:14,5.27
2026-01-28 12:12:15,5.27
2026-01-28 12:12:16,5.27
2026-01-28 12:12:17,5.27
2026-01-28 12:12:18,5.27
2026-01-28 12:12:19,0
2026-01-28 12:12:20,0
2026-01-28 12:12:21,0
2026-01-28 12:12:22,0
2026-01-28 12:12:23,0
2026-01-28 12:12:24,0
2026-01-28 12:12:25,0
2026-01-28 12:12:26,0
2026-01-28 12:12:27,0
2026-01-28 12:12:28,0
2026-01-28 12:12:29,0
2026-01-28 12:12:30,0
2026-01-28 12:12:31,0
2026-01-28 12:12:32,0
2026-01-28 12:12:33,0
2026-01-28 12:12:34,0
2026-01-28 12:12:35,0
2026-01-28 12:12:36,0
2026-01-28 12:12:37,0
2026-01-28 12:12:38,0
2026-01-28 12:12:39,0
2026-01-28 12:12:40,0
2026-01-28 12:12:41,0
2026-01-28 12:12:42,0
2026-01-28 12:12:43,0
2026-01-28 12:12:44,0
2026-01-28 12:12:45,0
2026-01-28 12:12:46,0
2026-01-28 12:12:47,0
2026-01-28 12:12:48,0
2026-01-28 12:12:49,0
2026-01-28 12:12:50,0
2026-01-28 12:12:51,0
2026-01-28 12:12:52,0
2026-01-28 12:12:53,0
2026-01-28 12:12:54,0
2026-01-28 12:12:55,0
2026-01-28 12:12:56,0
2026-01-28 12:12:57,0
2026-01-28 12:12:58,0
2026-01-28 12:12:59,0
2026-01-28 12:13:00,0
2026-01-28 12:13:01,0
2026-01-28 12:13:02,0
2026-01-28 12:13:03,0
2026-01-28 12:13:04,0
2026-01-28 12:13:05,0
2026-01-28 12:13:06,0
2026-01-28 12:13:07,0
2026-01-28 12:13:08,0
2026-01-28 12:13:09,0
2026-01-28 12:13:10,0
2026-01-28 12:13:11,0
2026-01-28 12:13:12,0
2026-01-28 12:13:13,0
2026-01-28 12:13:14,0
2026-01-28 12:13:15,0
2026-01-28 12:13:16,0
2026-01-28 12:13:17,0
2026-01-28 12:13:18,0
2026-01-28 12:13:19,0
2026-01-28 12:13:20,0
2026-01-28 12:13:21,0
2026-01-28 12:13:22,0
2026-01-28 12:13:23,0
2026-01-28 12:13:24,0
2026-01-28 12:13:25,0
2026-01-28 12:13:26,0
2026-01-28 12:13:27,0
2026-01-28 12:13:28,0
2026-01-28 12:13:29,0
2026-01-28 12:13:30,0
2026-01-28 12:13:31,0
2026-01-28 12:13:32,0
2026-01-28 12:13:33,0
2026-01-28 12:13:34,0
2026-01-28 12:13:35,0
2026-01-28 12:13:36,0
2026-01-28 12:13:37,0
2026-01-28 12:13:38,0
2026-01-28 12:13:39,0
2026-01-28 12:13:40,0
2026-01-28 12:13:41,0
2026-01-28 12:13:42,0
2026-01-28 12:13:43,0
2026-01-28 12:13:44,0
2026-01-28 12:13:45,0
2026-01-28 12:13:46,0
2026-01-28 12:13:47,0
2026-01-28 12:13:48,0
2026-01-28 12:13:49,0
2026-01-28 12:13:50,0
2026-01-28 12:13:51,0
2026-01-28 12:13:52,0
2026-01-28 12:13:53,0
2026-01-28 12:18:49,5.25
2026-01-28 12:18:50,5.25
2026-01-28 12:18:51,5.25
2026-01-28 12:18:52,5.25
2026-01-28 12:18:53,5.25
2026-01-28 12:18:54,6.57
2026-01-28 12:18:55,6.57
2026-01-28 12:18:56,6.57
2026-01-28 12:18:57,6.57
2026-01-28 12:18:58,6.57
2026-01-28 12:18:59,6.85
2026-01-28 12:19:00,6.85
2026-01-28 12:19:01,6.85
2026-01-28 12:19:02,6.85
2026-01-28 12:19:03,6.85
2026-01-28 12:19:04,9.05
2026-01-28 12:19:05,9.05
2026-01-28 12:19:06,9.05
2026-01-28 12:19:07,9.05
2026-01-28 12:19:08,9.05
2026-01-28 12:19:09,5.38
2026-01-28 12:19:10,5.38
2026-01-28 12:19:11,5.38
2026-01-28 12:19:12,5.38
2026-01-28 12:19:13,5.38
2026-01-28 12:19:14,5.06
2026-01-28 12:19:15,5.06
2026-01-28 12:19:16,5.06
2026-01-28 12:19:17,5.06
2026-01-28 12:19:18,5.06
2026-01-28 12:19:19,6.46
2026-01-28 12:19:20,6.46
2026-01-28 12:19:21,6.46
2026-01-28 12:19:22,6.46
2026-01-28 12:19:23,6.46
2026-01-28 12:19:24,6.87
2026-01-28 12:19:25,6.87
2026-01-28 12:19:26,6.87
2026-01-28 12:19:27,6.87
2026-01-28 12:19:28,6.87
2026-01-28 12:19:29,6.74
2026-01-28 12:19:30,6.74
2026-01-28 12:19:31,6.74
2026-01-28 12:19:32,6.74
2026-01-28 12:19:33,6.74
2026-01-28 12:19:34,6.42
2026-01-28 12:19:35,6.42
2026-01-28 12:19:36,6.42
2026-01-28 12:19:37,6.42
2026-01-28 12:19:38,6.42
2026-01-28 12:19:39,6.34
2026-01-28 12:19:40,6.34
2026-01-28 12:19:41,6.34
2026-01-28 12:19:42,6.34
2026-01-28 12:19:43,6.34
2026-01-28 12:19:44,6.42
2026-01-28 12:19:45,6.42
2026-01-28 12:19:46,6.42
2026-01-28 12:19:47,6.42
2026-01-28 12:19:48,6.42
2026-01-28 12:19:49,6.36
2026-01-28 12:19:50,6.36
2026-01-28 12:19:51,6.36
2026-01-28 12:19:52,6.36
2026-01-28 12:19:53,6.36
2026-01-28 12:19:54,6.38
2026-01-28 12:19:55,6.38
2026-01-28 12:19:56,6.38
2026-01-28 12:19:57,6.38
2026-01-28 12:19:58,6.38
2026-01-28 12:19:59,6.34
2026-01-28 12:20:00,6.34
2026-01-28 12:20:01,6.34
2026-01-28 12:20:02,6.34
2026-01-28 12:20:03,6.34
2026-01-28 12:20:04,6.43
2026-01-28 12:20:05,6.43
2026-01-28 12:20:06,6.43
2026-01-28 12:20:07,6.43
2026-01-28 12:20:08,6.43
2026-01-28 12:20:09,6.46
2026-01-28 12:20:10,6.46
2026-01-28 12:20:11,6.46
2026-01-28 12:20:12,6.46
2026-01-28 12:20:13,6.46
2026-01-28 12:20:14,6.54
2026-01-28 12:20:15,6.54
2026-01-28 12:20:16,6.54
2026-01-28 12:20:17,6.54
2026-01-28 12:20:18,6.54
2026-01-28 12:20:19,6.39
2026-01-28 12:20:20,6.39
2026-01-28 12:20:21,6.39
2026-01-28 12:20:22,6.39
2026-01-28 12:20:23,6.39
2026-01-28 12:20:24,6.40
2026-01-28 12:20:25,6.40
2026-01-28 12:20:26,6.40
2026-01-28 12:20:27,6.40
2026-01-28 12:20:28,6.40
2026-01-28 12:20:29,6.73
2026-01-28 12:20:30,6.73
2026-01-28 12:20:31,6.73
2026-01-28 12:20:32,6.73
2026-01-28 12:20:33,6.73
2026-01-28 12:20:34,6.33
2026-01-28 12:20:35,6.33
2026-01-28 12:20:36,6.33
2026-01-28 12:20:37,6.33
2026-01-28 12:20:38,6.33
2026-01-28 12:20:39,6.48
2026-01-28 12:20:40,6.48
2026-01-28 12:20:41,6.48
2026-01-28 12:20:42,6.48
2026-01-28 12:20:43,6.48
2026-01-28 12:20:44,6.38
2026-01-28 12:20:45,6.38
2026-01-28 12:20:46,6.38
2026-01-28 12:20:47,6.38
2026-01-28 12:20:48,6.38
2026-01-28 12:20:49,6.50
2026-01-28 12:20:50,6.50
2026-01-28 12:20:51,6.50
2026-01-28 12:20:52,6.50
2026-01-28 12:20:53,6.50
2026-01-28 12:20:54,6.39
2026-01-28 12:20:55,6.39
2026-01-28 12:20:56,6.39
2026-01-28 12:20:57,6.39
2026-01-28 12:20:58,6.39
2026-01-28 12:20:59,7.40
2026-01-28 12:21:00,7.40
2026-01-28 12:21:01,7.40
2026-01-28 12:21:02,7.40
2026-01-28 12:21:03,7.40
2026-01-28 12:21:04,7.17
2026-01-28 12:21:05,7.17
2026-01-28 12:21:06,7.17
2026-01-28 12:21:07,7.17
2026-01-28 12:21:08,7.17
2026-01-28 12:21:09,6.44
2026-01-28 12:21:10,6.44
2026-01-28 12:21:11,6.44
2026-01-28 12:21:12,6.44
2026-01-28 12:21:13,6.44
2026-01-28 12:21:14,6.47
2026-01-28 12:21:15,6.47
2026-01-28 12:21:16,6.47
2026-01-28 12:21:17,6.47
2026-01-28 12:21:18,6.47
2026-01-28 12:21:19,6.01
2026-01-28 12:21:20,6.01
2026-01-28 12:21:21,6.01
2026-01-28 12:21:22,6.01
2026-01-28 12:21:23,6.01
2026-01-28 12:21:24,7.73
2026-01-28 12:21:25,7.73
2026-01-28 12:21:26,7.73
2026-01-28 12:21:27,7.73
2026-01-28 12:21:28,7.73
2026-01-28 12:21:29,7.87
2026-01-28 12:21:30,7.87
2026-01-28 12:21:31,7.87
2026-01-28 12:21:32,7.87
2026-01-28 12:21:33,7.87
2026-01-28 12:21:34,7.50
2026-01-28 12:21:35,7.50
2026-01-28 12:21:36,7.50
2026-01-28 12:21:37,7.50
2026-01-28 12:21:38,7.50
2026-01-28 12:21:39,7.49
2026-01-28 12:21:40,7.49
2026-01-28 12:21:41,7.49
2026-01-28 12:21:42,7.49
2026-01-28 12:21:43,7.49
2026-01-28 12:21:44,7.61
2026-01-28 12:21:45,7.61
2026-01-28 12:21:46,7.61
2026-01-28 12:21:47,7.61
2026-01-28 12:21:48,7.61
2026-01-28 12:21:49,7.53
2026-01-28 12:21:50,7.53
2026-01-28 12:21:51,7.53
2026-01-28 12:21:52,7.53
2026-01-28 12:21:53,7.53
2026-01-28 12:21:54,7.52
2026-01-28 12:21:55,7.52
2026-01-28 12:21:56,7.52
2026-01-28 12:21:57,7.52
2026-01-28 12:21:58,7.52
2026-01-28 12:21:59,0
2026-01-28 12:22:00,0
2026-01-28 12:22:01,0
2026-01-28 12:22:02,0
2026-01-28 12:22:03,0
2026-01-28 12:22:04,0
2026-01-28 12:22:05,0
2026-01-28 12:22:06,0
2026-01-28 12:22:07,0
2026-01-28 12:22:08,0
2026-01-28 12:22:09,0
2026-01-28 12:22:10,0
2026-01-28 12:22:11,0
2026-01-28 12:22:12,0
2026-01-28 12:22:13,0
2026-01-28 12:22:14,0
2026-01-28 12:22:15,0
2026-01-28 12:22:16,0
2026-01-28 12:22:17,0
2026-01-28 12:22:18,0
2026-01-28 12:22:19,0
2026-01-28 12:22:20,0
2026-01-28 12:22:21,0
2026-01-28 12:22:22,0
2026-01-28 12:22:23,0
2026-01-28 12:22:24,0
2026-01-28 12:22:25,0
2026-01-28 12:22:26,0
2026-01-28 12:22:27,0
2026-01-28 12:22:28,0
2026-01-28 12:22:29,0
2026-01-28 12:22:30,0
2026-01-28 12:22:31,0
2026-01-28 12:22:32,0
2026-01-28 12:22:33,0
2026-01-28 12:22:34,0
2026-01-28 12:22:35,0
2026-01-28 12:22:36,0
2026-01-28 12:22:37,0
2026-01-28 12:22:38,0
2026-01-28 12:22:39,0
2026-01-28 12:22:40,0
2026-01-28 12:22:41,0
2026-01-28 12:22:42,0
2026-01-28 12:22:43,0
2026-01-28 12:22:44,0
2026-01-28 12:22:45,0
2026-01-28 12:22:46,0
2026-01-28 12:22:47,0
2026-01-28 12:22:48,0
2026-01-28 12:22:49,0
2026-01-28 12:22:50,0
2026-01-28 12:22:51,0
2026-01-28 12:22:52,0
2026-01-28 12:22:53,0
2026-01-28 12:22:54,0
2026-01-28 12:22:55,0
2026-01-28 12:22:56,0
2026-01-28 12:22:57,0
2026-01-28 12:22:58,0
2026-01-28 12:23:04,0
2026-01-28 12:23:05,0
2026-01-28 12:23:06,0
2026-01-28 12:23:07,0
2026-01-28 12:23:08,0
2026-01-28 12:23:09,0
2026-01-28 12:23:10,0
2026-01-28 12:23:11,0
2026-01-28 12:23:12,0
2026-01-28 12:23:13,0
2026-01-28 12:23:14,0
2026-01-28 12:23:15,0
2026-01-28 12:23:16,0
2026-01-28 12:23:17,0
2026-01-28 12:23:18,0
2026-01-28 12:23:19,0
2026-01-28 12:23:20,0
2026-01-28 12:23:21,0
2026-01-28 12:23:22,0
2026-01-28 12:23:23,0
2026-01-28 12:23:24,0
2026-01-28 12:23:25,0
2026-01-28 12:23:26,0
2026-01-28 12:23:27,0
2026-01-28 12:23:28,0
2026-01-28 12:23:29,0
2026-01-28 12:23:30,0
2026-01-28 12:23:31,0
2026-01-28 12:23:32,0
2026-01-28 12:23:33,0
2026-01-28 12:28:39,5.28
2026-01-28 12:28:40,5.28
2026-01-28 12:28:41,5.28
2026-01-28 12:28:42,5.28
2026-01-28 12:28:43,5.28
2026-01-28 12:28:44,5.76
2026-01-28 12:28:45,5.76
2026-01-28 12:28:46,5.76
2026-01-28 12:28:47,5.76
2026-01-28 12:28:48,5.76
2026-01-28 12:28:49,5.34
2026-01-28 12:28:50,5.34
2026-01-28 12:28:51,5.34
2026-01-28 12:28:52,5.34
2026-01-28 12:28:53,5.34
2026-01-28 12:28:54,5.28
2026-01-28 12:28:55,5.28
2026-01-28 12:28:56,5.28
2026-01-28 12:28:57,5.28
2026-01-28 12:28:58,5.28
2026-01-28 12:28:59,5.20
2026-01-28 12:29:00,5.20
2026-01-28 12:29:01,5.20
2026-01-28 12:29:02,5.20
2026-01-28 12:29:03,5.20
2026-01-28 12:29:04,5.33
2026-01-28 12:29:05,5.33
2026-01-28 12:29:06,5.33
2026-01-28 12:29:07,5.33
2026-01-28 12:29:08,5.33
2026-01-28 12:29:09,5.25
2026-01-28 12:29:10,5.25
2026-01-28 12:29:11,5.25
2026-01-28 12:29:12,5.25
2026-01-28 12:29:13,5.25
2026-01-28 12:29:14,5.57
2026-01-28 12:29:15,5.57
2026-01-28 12:29:16,5.57
2026-01-28 12:29:17,5.57
2026-01-28 12:29:18,5.57
2026-01-28 12:29:19,5.41
2026-01-28 12:29:20,5.41
2026-01-28 12:29:21,5.41
2026-01-28 12:29:22,5.41
2026-01-28 12:29:23,5.41
2026-01-28 12:29:24,5.16
2026-01-28 12:29:25,5.16
2026-01-28 12:29:26,5.16
2026-01-28 12:29:27,5.16
2026-01-28 12:29:28,5.16
2026-01-28 12:29:29,5.27
2026-01-28 12:29:30,5.27
2026-01-28 12:29:31,5.27
2026-01-28 12:29:32,5.27
2026-01-28 12:29:33,5.27
2026-01-28 12:29:34,5.55
2026-01-28 12:29:35,5.55
2026-01-28 12:29:36,5.55
2026-01-28 12:29:37,5.55
2026-01-28 12:29:38,5.55
2026-01-28 12:29:39,6.92
2026-01-28 12:29:40,6.92
2026-01-28 12:29:41,6.92
2026-01-28 12:29:42,6.92
2026-01-28 12:29:43,6.92
2026-01-28 12:29:44,6.38
2026-01-28 12:29:45,6.38
2026-01-28 12:29:46,6.38
2026-01-28 12:29:47,6.38
2026-01-28 12:29:48,6.38
2026-01-28 12:29:49,6.39
2026-01-28 12:29:50,6.39
2026-01-28 12:29:51,6.39
2026-01-28 12:29:52,6.39
2026-01-28 12:29:53,6.39
2026-01-28 12:29:54,6.33
2026-01-28 12:29:55,6.33
2026-01-28 12:29:56,6.33
2026-01-28 12:29:57,6.33
2026-01-28 12:29:58,6.33
2026-01-28 12:29:59,6.37
2026-01-28 12:30:00,6.37
2026-01-28 12:30:01,6.37
2026-01-28 12:30:02,6.37
2026-01-28 12:30:03,6.37
2026-01-28 12:30:04,6.45
2026-01-28 12:30:05,6.45
2026-01-28 12:30:06,6.45
2026-01-28 12:30:07,6.45
2026-01-28 12:30:08,6.45
2026-01-28 12:30:09,6.53
2026-01-28 12:30:10,6.53
2026-01-28 12:30:11,6.53
2026-01-28 12:30:12,6.53
2026-01-28 12:30:13,6.53
2026-01-28 12:30:14,6.51
2026-01-28 12:30:15,6.51
2026-01-28 12:30:16,6.51
2026-01-28 12:30:17,6.51
2026-01-28 12:30:18,6.51
2026-01-28 12:30:19,6.46
2026-01-28 12:30:20,6.46
2026-01-28 12:30:21,6.46
2026-01-28 12:30:22,6.46
2026-01-28 12:30:23,6.46
2026-01-28 12:30:24,6.31
2026-01-28 12:30:25,6.31
2026-01-28 12:30:26,6.31
2026-01-28 12:30:27,6.31
2026-01-28 12:30:28,6.31
2026-01-28 12:30:29,5.99
2026-01-28 12:30:30,5.99
2026-01-28 12:30:31,5.99
2026-01-28 12:30:32,5.99
2026-01-28 12:30:33,5.99
2026-01-28 12:30:34,8.45
2026-01-28 12:30:35,8.45
2026-01-28 12:30:36,8.45
2026-01-28 12:30:37,8.45
2026-01-28 12:30:38,8.45
2026-01-28 12:30:39,7.49
2026-01-28 12:30:40,7.49
2026-01-28 12:30:41,7.49
2026-01-28 12:30:42,7.49
2026-01-28 12:30:43,7.49
2026-01-28 12:30:44,7.56
2026-01-28 12:30:45,7.56
2026-01-28 12:30:46,7.56
2026-01-28 12:30:47,7.56
2026-01-28 12:30:48,7.56
2026-01-28 12:30:49,7.57
2026-01-28 12:30:50,7.57
2026-01-28 12:30:51,7.57
2026-01-28 12:30:52,7.57
2026-01-28 12:30:53,7.57
2026-01-28 12:30:54,7.65
2026-01-28 12:30:55,7.65
2026-01-28 12:30:56,7.65
2026-01-28 12:30:57,7.65
2026-01-28 12:30:58,7.65
2026-01-28 12:30:59,7.49
2026-01-28 12:31:00,7.49
2026-01-28 12:31:01,7.49
2026-01-28 12:31:02,7.49
2026-01-28 12:31:03,7.49
2026-01-28 12:31:04,7.51
2026-01-28 12:31:05,7.51
2026-01-28 12:31:06,7.51
2026-01-28 12:31:07,7.51
2026-01-28 12:31:08,7.51
2026-01-28 12:31:09,7.52
2026-01-28 12:31:10,7.52
2026-01-28 12:31:11,7.52
2026-01-28 12:31:12,7.52
2026-01-28 12:31:13,7.52
2026-01-28 12:31:14,7.50
2026-01-28 12:31:15,7.50
2026-01-28 12:31:16,7.50
2026-01-28 12:31:17,7.50
2026-01-28 12:31:18,7.50
2026-01-28 12:31:19,7.72
2026-01-28 12:31:20,7.72
2026-01-28 12:31:21,7.72
2026-01-28 12:31:22,7.72
2026-01-28 12:31:23,7.72
2026-01-28 12:31:24,7.87
2026-01-28 12:31:25,7.87
2026-01-28 12:31:26,7.87
2026-01-28 12:31:27,7.87
2026-01-28 12:31:28,7.87
2026-01-28 12:31:29,7.45
2026-01-28 12:31:30,7.45
2026-01-28 12:31:31,7.45
2026-01-28 12:31:32,7.45
2026-01-28 12:31:33,7.45
2026-01-28 12:31:34,7.77
2026-01-28 12:31:35,7.77
2026-01-28 12:31:36,7.77
2026-01-28 12:31:37,7.77
2026-01-28 12:31:38,7.77
2026-01-28 12:31:39,7.29
2026-01-28 12:31:40,7.29
2026-01-28 12:31:41,7.29
2026-01-28 12:31:42,7.29
2026-01-28 12:31:43,7.29
2026-01-28 12:31:44,0
2026-01-28 12:31:45,0
2026-01-28 12:31:46,0
2026-01-28 12:31:47,0
2026-01-28 12:31:48,0
2026-01-28 12:31:49,0
2026-01-28 12:31:50,0
2026-01-28 12:31:51,0
2026-01-28 12:31:52,0
2026-01-28 12:31:53,0
2026-01-28 12:31:54,0
2026-01-28 12:31:55,0
2026-01-28 12:31:56,0
2026-01-28 12:31:57,0
2026-01-28 12:31:58,0
2026-01-28 12:31:59,0
2026-01-28 12:32:00,0
2026-01-28 12:32:01,0
2026-01-28 12:32:02,0
2026-01-28 12:32:03,0
2026-01-28 12:32:04,0
2026-01-28 12:32:05,0
2026-01-28 12:32:06,0
2026-01-28 12:32:07,0
2026-01-28 12:32:08,0
2026-01-28 12:32:09,0
2026-01-28 12:32:10,0
2026-01-28 12:32:11,0
2026-01-28 12:32:12,0
2026-01-28 12:32:13,0
2026-01-28 12:32:14,0
2026-01-28 12:32:15,0
2026-01-28 12:32:16,0
2026-01-28 12:32:17,0
2026-01-28 12:32:18,0
2026-01-28 12:32:19,0
2026-01-28 12:32:20,0
2026-01-28 12:32:21,0
2026-01-28 12:32:22,0
2026-01-28 12:32:23,0
2026-01-28 12:32:24,0
2026-01-28 12:32:25,0
2026-01-28 12:32:26,0
2026-01-28 12:32:27,0
2026-01-28 12:32:28,0
2026-01-28 12:32:29,0
2026-01-28 12:32:30,0
2026-01-28 12:32:31,0
2026-01-28 12:32:32,0
2026-01-28 12:32:33,0
2026-01-28 12:32:34,0
2026-01-28 12:32:35,0
2026-01-28 12:32:36,0
2026-01-28 12:32:37,0
2026-01-28 12:32:38,0
2026-01-28 12:32:39,0
2026-01-28 12:32:40,0
2026-01-28 12:32:41,0
2026-01-28 12:32:42,0
2026-01-28 12:32:43,0
2026-01-28 12:32:44,0
2026-01-28 12:32:45,0
2026-01-28 12:32:46,0
2026-01-28 12:32:47,0
2026-01-28 12:32:48,0
2026-01-28 12:32:49,0
2026-01-28 12:32:50,0
2026-01-28 12:32:51,0
2026-01-28 12:32:52,0
2026-01-28 12:32:53,0
2026-01-28 12:32:54,0
2026-01-28 12:32:55,0
2026-01-28 12:32:56,0
2026-01-28 12:32:57,0
2026-01-28 12:32:58,0
2026-01-28 12:32:59,0
2026-01-28 12:33:00,0
2026-01-28 12:33:01,0
2026-01-28 12:33:02,0
2026-01-28 12:33:03,0
2026-01-28 12:33:04,0
2026-01-28 12:33:05,0
2026-01-28 12:33:06,0
2026-01-28 12:33:07,0
2026-01-28 12:33:08,0
2026-01-28 12:33:09,0
2026-01-28 12:33:10,0
2026-01-28 12:33:11,0
2026-01-28 12:33:12,0
2026-01-28 12:33:13,0
2026-01-28 12:33:14,0
2026-01-28 12:33:15,0
2026-01-28 12:33:16,0
2026-01-28 12:33:17,0
2026-01-28 12:33:18,0
2026-01-28 12:38:19,3.39
2026-01-28 12:38:20,3.39
2026-01-28 12:38:21,3.39
2026-01-28 12:38:22,3.39
2026-01-28 12:38:23,3.39
2026-01-28 12:38:24,6.27
2026-01-28 12:38:25,6.27
2026-01-28 12:38:26,6.27
2026-01-28 12:38:27,6.27
2026-01-28 12:38:28,6.27
2026-01-28 12:38:29,7.15
2026-01-28 12:38:30,7.15
2026-01-28 12:38:31,7.15
2026-01-28 12:38:32,7.15
2026-01-28 12:38:33,7.15
2026-01-28 12:38:34,6.90
2026-01-28 12:38:35,6.90
2026-01-28 12:38:36,6.90
2026-01-28 12:38:37,6.90
2026-01-28 12:38:38,6.90
2026-01-28 12:38:39,6.24
2026-01-28 12:38:40,6.24
2026-01-28 12:38:41,6.24
2026-01-28 12:38:42,6.24
2026-01-28 12:38:43,6.24
2026-01-28 12:38:44,6.32
2026-01-28 12:38:45,6.32
2026-01-28 12:38:46,6.32
2026-01-28 12:38:47,6.32
2026-01-28 12:38:48,6.32
2026-01-28 12:38:49,6.32
2026-01-28 12:38:50,6.32
2026-01-28 12:38:51,6.32
2026-01-28 12:38:52,6.32
2026-01-28 12:38:53,6.32
2026-01-28 12:38:54,6.42
2026-01-28 12:38:55,6.42
2026-01-28 12:38:56,6.42
2026-01-28 12:38:57,6.42
2026-01-28 12:38:58,6.42
2026-01-28 12:38:59,6.31
2026-01-28 12:39:00,6.31
2026-01-28 12:39:01,6.31
2026-01-28 12:39:02,6.31
2026-01-28 12:39:03,6.31
2026-01-28 12:39:04,6.69
2026-01-28 12:39:05,6.69
2026-01-28 12:39:06,6.69
2026-01-28 12:39:07,6.69
2026-01-28 12:39:08,6.69
2026-01-28 12:39:09,6.27
2026-01-28 12:39:10,6.27
2026-01-28 12:39:11,6.27
2026-01-28 12:39:12,6.27
2026-01-28 12:39:13,6.27
2026-01-28 12:39:14,5.67
2026-01-28 12:39:15,5.67
2026-01-28 12:39:16,5.67
2026-01-28 12:39:17,5.67
2026-01-28 12:39:18,5.67
2026-01-28 12:39:19,7.58
2026-01-28 12:39:20,7.58
2026-01-28 12:39:21,7.58
2026-01-28 12:39:22,7.58
2026-01-28 12:39:23,7.58
2026-01-28 12:39:24,8.58
2026-01-28 12:39:25,8.58
2026-01-28 12:39:26,8.58
2026-01-28 12:39:27,8.58
2026-01-28 12:39:28,8.58
2026-01-28 12:39:29,9.15
2026-01-28 12:39:30,9.15
2026-01-28 12:39:31,9.15
2026-01-28 12:39:32,9.15
2026-01-28 12:39:33,9.15
2026-01-28 12:39:34,8.92
2026-01-28 12:39:35,8.92
2026-01-28 12:39:36,8.92
2026-01-28 12:39:37,8.92
2026-01-28 12:39:38,8.92
2026-01-28 12:39:39,8.12
2026-01-28 12:39:40,8.12
2026-01-28 12:39:41,8.12
2026-01-28 12:39:42,8.12
2026-01-28 12:39:43,8.12
2026-01-28 12:39:44,7.21
2026-01-28 12:39:45,7.21
2026-01-28 12:39:46,7.21
2026-01-28 12:39:47,7.21
2026-01-28 12:39:48,7.21
2026-01-28 12:39:49,7.34
2026-01-28 12:39:50,7.34
2026-01-28 12:39:51,7.34
2026-01-28 12:39:52,7.34
2026-01-28 12:39:53,7.34
2026-01-28 12:39:54,7.33
2026-01-28 12:39:55,7.33
2026-01-28 12:39:56,7.33
2026-01-28 12:39:57,7.33
2026-01-28 12:39:58,7.33
2026-01-28 12:39:59,7.28
2026-01-28 12:40:00,7.28
2026-01-28 12:40:01,7.28
2026-01-28 12:40:02,7.28
2026-01-28 12:40:03,7.28
2026-01-28 12:40:04,7.56
2026-01-28 12:40:05,7.56
2026-01-28 12:40:06,7.56
2026-01-28 12:40:07,7.56
2026-01-28 12:40:08,7.56
2026-01-28 12:40:09,7.40
2026-01-28 12:40:10,7.40
2026-01-28 12:40:11,7.40
2026-01-28 12:40:12,7.40
2026-01-28 12:40:13,7.40
2026-01-28 12:40:14,7.47
2026-01-28 12:40:15,7.47
2026-01-28 12:40:16,7.47
2026-01-28 12:40:17,7.47
2026-01-28 12:40:18,7.47
2026-01-28 12:40:19,6.38
2026-01-28 12:40:20,6.38
2026-01-28 12:40:21,6.38
2026-01-28 12:40:22,6.38
2026-01-28 12:40:23,6.38
2026-01-28 12:40:24,6.21
2026-01-28 12:40:25,6.21
2026-01-28 12:40:26,6.21
2026-01-28 12:40:27,6.21
2026-01-28 12:40:28,6.21
2026-01-28 12:40:29,6.87
2026-01-28 12:40:30,6.87
2026-01-28 12:40:31,6.87
2026-01-28 12:40:32,6.87
2026-01-28 12:40:33,6.87
2026-01-28 12:40:34,6.39
2026-01-28 12:40:35,6.39
2026-01-28 12:40:36,6.39
2026-01-28 12:40:37,6.39
2026-01-28 12:40:38,6.39
2026-01-28 12:40:39,6.48
2026-01-28 12:40:40,6.48
2026-01-28 12:40:41,6.48
2026-01-28 12:40:42,6.48
2026-01-28 12:40:43,6.48
2026-01-28 12:40:44,7.07
2026-01-28 12:40:45,7.07
2026-01-28 12:40:46,7.07
2026-01-28 12:40:47,7.07
2026-01-28 12:40:48,7.07
2026-01-28 12:40:49,5.24
2026-01-28 12:40:50,5.24
2026-01-28 12:40:51,5.24
2026-01-28 12:40:52,5.24
2026-01-28 12:40:53,5.24
2026-01-28 12:40:54,5.24
2026-01-28 12:40:55,5.24
2026-01-28 12:40:56,5.24
2026-01-28 12:40:57,5.24
2026-01-28 12:40:58,5.24
2026-01-28 12:40:59,5.14
2026-01-28 12:41:00,5.14
2026-01-28 12:41:01,5.14
2026-01-28 12:41:02,5.14
2026-01-28 12:41:03,5.14
2026-01-28 12:41:04,4.12
2026-01-28 12:41:05,4.12
2026-01-28 12:41:06,4.12
2026-01-28 12:41:07,4.12
2026-01-28 12:41:08,4.12
2026-01-28 12:41:09,9.18
2026-01-28 12:41:10,9.18
2026-01-28 12:41:11,9.18
2026-01-28 12:41:12,9.18
2026-01-28 12:41:13,9.18
2026-01-28 12:41:14,5.47
2026-01-28 12:41:15,5.47
2026-01-28 12:41:16,5.47
2026-01-28 12:41:17,5.47
2026-01-28 12:41:18,5.47
2026-01-28 12:41:19,5.21
2026-01-28 12:41:20,5.21
2026-01-28 12:41:21,5.21
2026-01-28 12:41:22,5.21
2026-01-28 12:41:23,5.21
2026-01-28 12:41:24,5.46
2026-01-28 12:41:25,5.46
2026-01-28 12:41:26,5.46
2026-01-28 12:41:27,5.46
2026-01-28 12:41:28,5.46
2026-01-28 12:41:29,0
2026-01-28 12:41:30,0
2026-01-28 12:41:31,0
2026-01-28 12:41:32,0
2026-01-28 12:41:33,0
2026-01-28 12:41:34,0
2026-01-28 12:41:35,0
2026-01-28 12:41:36,0
2026-01-28 12:41:37,0
2026-01-28 12:41:38,0
2026-01-28 12:41:39,0
2026-01-28 12:41:40,0
2026-01-28 12:41:41,0
2026-01-28 12:41:42,0
2026-01-28 12:41:43,0
2026-01-28 12:41:44,0
2026-01-28 12:41:45,0
2026-01-28 12:41:46,0
2026-01-28 12:41:47,0
2026-01-28 12:41:48,0
2026-01-28 12:41:49,0
2026-01-28 12:41:50,0
2026-01-28 12:41:51,0
2026-01-28 12:41:52,0
2026-01-28 12:41:53,0
2026-01-28 12:41:54,0
2026-01-28 12:41:55,0
2026-01-28 12:41:56,0
2026-01-28 12:41:57,0
2026-01-28 12:41:58,0
2026-01-28 12:41:59,0
2026-01-28 12:42:00,0
2026-01-28 12:42:01,0
2026-01-28 12:42:02,0
2026-01-28 12:42:03,0
2026-01-28 12:42:04,0
2026-01-28 12:42:05,0
2026-01-28 12:42:06,0
2026-01-28 12:42:07,0
2026-01-28 12:42:08,0
2026-01-28 12:42:09,0
2026-01-28 12:42:10,0
2026-01-28 12:42:11,0
2026-01-28 12:42:12,0
2026-01-28 12:42:13,0
2026-01-28 12:42:14,0
2026-01-28 12:42:15,0
2026-01-28 12:42:16,0
2026-01-28 12:42:17,0
2026-01-28 12:42:18,0
2026-01-28 12:42:19,0
2026-01-28 12:42:20,0
2026-01-28 12:42:21,0
2026-01-28 12:42:22,0
2026-01-28 12:42:23,0
2026-01-28 12:42:24,0
2026-01-28 12:42:25,0
2026-01-28 12:42:26,0
2026-01-28 12:42:27,0
2026-01-28 12:42:28,0
2026-01-28 12:42:29,0
2026-01-28 12:42:30,0
2026-01-28 12:42:31,0
2026-01-28 12:42:32,0
2026-01-28 12:42:33,0
2026-01-28 12:42:34,0
2026-01-28 12:42:35,0
2026-01-28 12:42:36,0
2026-01-28 12:42:37,0
2026-01-28 12:42:38,0
2026-01-28 12:42:39,0
2026-01-28 12:42:40,0
2026-01-28 12:42:41,0
2026-01-28 12:42:42,0
2026-01-28 12:42:43,0
2026-01-28 12:42:44,0
2026-01-28 12:42:45,0
2026-01-28 12:42:46,0
2026-01-28 12:42:47,0
2026-01-28 12:42:48,0
2026-01-28 12:42:49,0
2026-01-28 12:42:50,0
2026-01-28 12:42:51,0
2026-01-28 12:42:52,0
2026-01-28 12:42:53,0
2026-01-28 12:42:54,0
2026-01-28 12:42:55,0
2026-01-28 12:42:56,0
2026-01-28 12:42:57,0
2026-01-28 12:42:58,0
2026-01-28 12:42:59,0
2026-01-28 12:43:00,0
2026-01-28 12:43:01,0
2026-01-28 12:43:02,0
2026-01-28 12:43:03,0
2026-01-28 12:48:14,5.11
2026-01-28 12:48:15,5.11
2026-01-28 12:48:16,5.11
2026-01-28 12:48:17,5.11
2026-01-28 12:48:18,5.11
2026-01-28 12:48:19,5.50
2026-01-28 12:48:20,5.50
2026-01-28 12:48:21,5.50
2026-01-28 12:48:22,5.50
2026-01-28 12:48:23,5.50
2026-01-28 12:48:24,5.42
2026-01-28 12:48:25,5.42
2026-01-28 12:48:26,5.42
2026-01-28 12:48:27,5.42
2026-01-28 12:48:28,5.42
2026-01-28 12:48:29,5.14
2026-01-28 12:48:30,5.14
2026-01-28 12:48:31,5.14
2026-01-28 12:48:32,5.14
2026-01-28 12:48:33,5.14
2026-01-28 12:48:34,5.07
2026-01-28 12:48:35,5.07
2026-01-28 12:48:36,5.07
2026-01-28 12:48:37,5.07
2026-01-28 12:48:38,5.07
2026-01-28 12:48:39,5.19
2026-01-28 12:48:40,5.19
2026-01-28 12:48:41,5.19
2026-01-28 12:48:42,5.19
2026-01-28 12:48:43,5.19
2026-01-28 12:48:44,5.24
2026-01-28 12:48:45,5.24
2026-01-28 12:48:46,5.24
2026-01-28 12:48:47,5.24
2026-01-28 12:48:48,5.24
2026-01-28 12:48:49,8.54
2026-01-28 12:48:50,8.54
2026-01-28 12:48:51,8.54
2026-01-28 12:48:52,8.54
2026-01-28 12:48:53,8.54
2026-01-28 12:48:54,5.97
2026-01-28 12:48:55,5.97
2026-01-28 12:48:56,5.97
2026-01-28 12:48:57,5.97
2026-01-28 12:48:58,5.97
2026-01-28 12:48:59,4.02
2026-01-28 12:49:00,4.02
2026-01-28 12:49:01,4.02
2026-01-28 12:49:02,4.02
2026-01-28 12:49:03,4.02
2026-01-28 12:49:04,4.18
2026-01-28 12:49:05,4.18
2026-01-28 12:49:06,4.18
2026-01-28 12:49:07,4.18
2026-01-28 12:49:08,4.18
2026-01-28 12:49:09,3.99
2026-01-28 12:49:10,3.99
2026-01-28 12:49:11,3.99
2026-01-28 12:49:12,3.99
2026-01-28 12:49:13,3.99
2026-01-28 12:49:14,3.96
2026-01-28 12:49:15,3.96
2026-01-28 12:49:16,3.96
2026-01-28 12:49:17,3.96
2026-01-28 12:49:18,3.96
2026-01-28 12:49:19,4.18
2026-01-28 12:49:20,4.18
2026-01-28 12:49:21,4.18
2026-01-28 12:49:22,4.18
2026-01-28 12:49:23,4.18
2026-01-28 12:49:24,4.20
2026-01-28 12:49:25,4.20
2026-01-28 12:49:26,4.20
2026-01-28 12:49:27,4.20
2026-01-28 12:49:28,4.20
2026-01-28 12:49:29,2.99
2026-01-28 12:49:30,2.99
2026-01-28 12:49:31,2.99
2026-01-28 12:49:32,2.99
2026-01-28 12:49:33,2.99
2026-01-28 12:49:34,5.11
2026-01-28 12:49:35,5.11
2026-01-28 12:49:36,5.11
2026-01-28 12:49:37,5.11
2026-01-28 12:49:38,5.11
2026-01-28 12:49:39,6.03
2026-01-28 12:49:40,6.03
2026-01-28 12:49:41,6.03
2026-01-28 12:49:42,6.03
2026-01-28 12:49:43,6.03
2026-01-28 12:49:44,5.44
2026-01-28 12:49:45,5.44
2026-01-28 12:49:46,5.44
2026-01-28 12:49:47,5.44
2026-01-28 12:49:48,5.44
2026-01-28 12:49:49,5.29
2026-01-28 12:49:50,5.29
2026-01-28 12:49:51,5.29
2026-01-28 12:49:52,5.29
2026-01-28 12:49:53,5.29
2026-01-28 12:49:54,5.24
2026-01-28 12:49:55,5.24
2026-01-28 12:49:56,5.24
2026-01-28 12:49:57,5.24
2026-01-28 12:49:58,5.24
2026-01-28 12:49:59,5.15
2026-01-28 12:50:00,5.15
2026-01-28 12:50:01,5.15
2026-01-28 12:50:02,5.15
2026-01-28 12:50:03,5.15
2026-01-28 12:50:04,5.21
2026-01-28 12:50:05,5.21
2026-01-28 12:50:06,5.21
2026-01-28 12:50:07,5.21
2026-01-28 12:50:08,5.21
2026-01-28 12:50:09,5.18
2026-01-28 12:50:10,5.18
2026-01-28 12:50:11,5.18
2026-01-28 12:50:12,5.18
2026-01-28 12:50:13,5.18
2026-01-28 12:50:14,5.21
2026-01-28 12:50:15,5.21
2026-01-28 12:50:16,5.21
2026-01-28 12:50:17,5.21
2026-01-28 12:50:18,5.21
2026-01-28 12:50:19,5.46
2026-01-28 12:50:20,5.46
2026-01-28 12:50:21,5.46
2026-01-28 12:50:22,5.46
2026-01-28 12:50:23,5.46
2026-01-28 12:50:24,5.92
2026-01-28 12:50:25,5.92
2026-01-28 12:50:26,5.92
2026-01-28 12:50:27,5.92
2026-01-28 12:50:28,5.92
2026-01-28 12:50:29,5.21
2026-01-28 12:50:30,5.21
2026-01-28 12:50:31,5.21
2026-01-28 12:50:32,5.21
2026-01-28 12:50:33,5.21
2026-01-28 12:50:34,5.25
2026-01-28 12:50:35,5.25
2026-01-28 12:50:36,5.25
2026-01-28 12:50:37,5.25
2026-01-28 12:50:38,5.25
2026-01-28 12:50:39,4.70
2026-01-28 12:50:40,4.70
2026-01-28 12:50:41,4.70
2026-01-28 12:50:42,4.70
2026-01-28 12:50:43,4.70
2026-01-28 12:50:44,5.73
2026-01-28 12:50:45,5.73
2026-01-28 12:50:46,5.73
2026-01-28 12:50:47,5.73
2026-01-28 12:50:48,5.73
2026-01-28 12:50:49,6.60
2026-01-28 12:50:50,6.60
2026-01-28 12:50:51,6.60
2026-01-28 12:50:52,6.60
2026-01-28 12:50:53,6.60
2026-01-28 12:50:54,6.19
2026-01-28 12:50:55,6.19
2026-01-28 12:50:56,6.19
2026-01-28 12:50:57,6.19
2026-01-28 12:50:58,6.19
2026-01-28 12:50:59,5.96
2026-01-28 12:51:00,5.96
2026-01-28 12:51:01,5.96
2026-01-28 12:51:02,5.96
2026-01-28 12:51:03,5.96
2026-01-28 12:51:04,7.63
2026-01-28 12:51:05,7.63
2026-01-28 12:51:06,7.63
2026-01-28 12:51:07,7.63
2026-01-28 12:51:08,7.63
2026-01-28 12:51:09,7.74
2026-01-28 12:51:10,7.74
2026-01-28 12:51:11,7.74
2026-01-28 12:51:12,7.74
2026-01-28 12:51:13,7.74
2026-01-28 12:51:14,7.41
2026-01-28 12:51:15,7.41
2026-01-28 12:51:16,7.41
2026-01-28 12:51:17,7.41
2026-01-28 12:51:18,7.41
2026-01-28 12:51:19,0
2026-01-28 12:51:20,0
2026-01-28 12:51:21,0
2026-01-28 12:51:22,0
2026-01-28 12:51:23,0
2026-01-28 12:51:24,0
2026-01-28 12:51:25,0
2026-01-28 12:51:26,0
2026-01-28 12:51:27,0
2026-01-28 12:51:28,0
2026-01-28 12:51:29,0
2026-01-28 12:51:30,0
2026-01-28 12:51:31,0
2026-01-28 12:51:32,0
2026-01-28 12:51:33,0
2026-01-28 12:51:34,0
2026-01-28 12:51:35,0
2026-01-28 12:51:36,0
2026-01-28 12:51:37,0
2026-01-28 12:51:38,0
2026-01-28 12:51:39,0
2026-01-28 12:51:40,0
2026-01-28 12:51:41,0
2026-01-28 12:51:42,0
2026-01-28 12:51:43,0
2026-01-28 12:51:44,0
2026-01-28 12:51:45,0
2026-01-28 12:51:46,0
2026-01-28 12:51:47,0
2026-01-28 12:51:48,0
2026-01-28 12:51:49,0
2026-01-28 12:51:50,0
2026-01-28 12:51:51,0
2026-01-28 12:51:52,0
2026-01-28 12:51:53,0
2026-01-28 12:51:54,0
2026-01-28 12:51:55,0
2026-01-28 12:51:56,0
2026-01-28 12:51:57,0
2026-01-28 12:51:58,0
2026-01-28 12:51:59,0
2026-01-28 12:52:00,0
2026-01-28 12:52:01,0
2026-01-28 12:52:02,0
2026-01-28 12:52:03,0
2026-01-28 12:52:04,0
2026-01-28 12:52:05,0
2026-01-28 12:52:06,0
2026-01-28 12:52:07,0
2026-01-28 12:52:08,0
2026-01-28 12:52:09,0
2026-01-28 12:52:10,0
2026-01-28 12:52:11,0
2026-01-28 12:52:12,0
2026-01-28 12:52:13,0
2026-01-28 12:52:14,0
2026-01-28 12:52:15,0
2026-01-28 12:52:16,0
2026-01-28 12:52:17,0
2026-01-28 12:52:18,0
2026-01-28 12:52:19,0
2026-01-28 12:52:20,0
2026-01-28 12:52:21,0
2026-01-28 12:52:22,0
2026-01-28 12:52:23,0
2026-01-28 12:52:24,0
2026-01-28 12:52:25,0
2026-01-28 12:52:26,0
2026-01-28 12:52:27,0
2026-01-28 12:52:28,0
2026-01-28 12:52:29,0
2026-01-28 12:52:30,0
2026-01-28 12:52:31,0
2026-01-28 12:52:32,0
2026-01-28 12:52:33,0
2026-01-28 12:52:34,0
2026-01-28 12:52:35,0
2026-01-28 12:52:36,0
2026-01-28 12:52:37,0
2026-01-28 12:52:38,0
2026-01-28 12:52:39,0
2026-01-28 12:52:40,0
2026-01-28 12:52:41,0
2026-01-28 12:52:42,0
2026-01-28 12:52:43,0
2026-01-28 12:52:44,0
2026-01-28 12:52:45,0
2026-01-28 12:52:46,0
2026-01-28 12:52:47,0
2026-01-28 12:52:48,0
2026-01-28 12:52:49,0
2026-01-28 12:52:50,0
2026-01-28 12:52:51,0
2026-01-28 12:52:52,0
2026-01-28 12:52:53,0
2026-01-28 12:57:59,5.61
2026-01-28 12:58:00,5.61
2026-01-28 12:58:01,5.61
2026-01-28 12:58:02,5.61
2026-01-28 12:58:03,5.61
2026-01-28 12:58:04,5.90
2026-01-28 12:58:05,5.90
2026-01-28 12:58:06,5.90
2026-01-28 12:58:07,5.90
2026-01-28 12:58:08,5.90
2026-01-28 12:58:09,5.55
2026-01-28 12:58:10,5.55
2026-01-28 12:58:11,5.55
2026-01-28 12:58:12,5.55
2026-01-28 12:58:13,5.55
2026-01-28 12:58:14,5.28
2026-01-28 12:58:15,5.28
2026-01-28 12:58:16,5.28
2026-01-28 12:58:17,5.28
2026-01-28 12:58:18,5.28
2026-01-28 12:58:19,5.20
2026-01-28 12:58:20,5.20
2026-01-28 12:58:21,5.20
2026-01-28 12:58:22,5.20
2026-01-28 12:58:23,5.20
2026-01-28 12:58:24,5.36
2026-01-28 12:58:25,5.36
2026-01-28 12:58:26,5.36
2026-01-28 12:58:27,5.36
2026-01-28 12:58:28,5.36
2026-01-28 12:58:29,5.55
2026-01-28 12:58:30,5.55
2026-01-28 12:58:31,5.55
2026-01-28 12:58:32,5.55
2026-01-28 12:58:33,5.55
2026-01-28 12:58:34,5.28
2026-01-28 12:58:35,5.28
2026-01-28 12:58:36,5.28
2026-01-28 12:58:37,5.28
2026-01-28 12:58:38,5.28
2026-01-28 12:58:39,5.23
2026-01-28 12:58:40,5.23
2026-01-28 12:58:41,5.23
2026-01-28 12:58:42,5.23
2026-01-28 12:58:43,5.23
2026-01-28 12:58:44,5.31
2026-01-28 12:58:45,5.31
2026-01-28 12:58:46,5.31
2026-01-28 12:58:47,5.31
2026-01-28 12:58:48,5.31
2026-01-28 12:58:49,5.43
2026-01-28 12:58:50,5.43
2026-01-28 12:58:51,5.43
2026-01-28 12:58:52,5.43
2026-01-28 12:58:53,5.43
2026-01-28 12:58:54,5.27
2026-01-28 12:58:55,5.27
2026-01-28 12:58:56,5.27
2026-01-28 12:58:57,5.27
2026-01-28 12:58:58,5.27
2026-01-28 12:58:59,5.53
2026-01-28 12:59:00,5.53
2026-01-28 12:59:01,5.53
2026-01-28 12:59:02,5.53
2026-01-28 12:59:03,5.53
2026-01-28 12:59:04,5.27
2026-01-28 12:59:05,5.27
2026-01-28 12:59:06,5.27
2026-01-28 12:59:07,5.27
2026-01-28 12:59:08,5.27
2026-01-28 12:59:09,5.23
2026-01-28 12:59:10,5.23
2026-01-28 12:59:11,5.23
2026-01-28 12:59:12,5.23
2026-01-28 12:59:13,5.23
2026-01-28 12:59:14,5.18
2026-01-28 12:59:15,5.18
2026-01-28 12:59:16,5.18
2026-01-28 12:59:17,5.18
2026-01-28 12:59:18,5.18
2026-01-28 12:59:19,5.28
2026-01-28 12:59:20,5.28
2026-01-28 12:59:21,5.28
2026-01-28 12:59:22,5.28
2026-01-28 12:59:23,5.28
2026-01-28 12:59:24,5.24
2026-01-28 12:59:25,5.24
2026-01-28 12:59:26,5.24
2026-01-28 12:59:27,5.24
2026-01-28 12:59:28,5.24
2026-01-28 12:59:29,5.19
2026-01-28 12:59:30,5.19
2026-01-28 12:59:31,5.19
2026-01-28 12:59:32,5.19
2026-01-28 12:59:33,5.19
2026-01-28 12:59:34,5.41
2026-01-28 12:59:35,5.41
2026-01-28 12:59:36,5.41
2026-01-28 12:59:37,5.41
2026-01-28 12:59:38,5.41
2026-01-28 12:59:39,4.85
2026-01-28 12:59:40,4.85
2026-01-28 12:59:41,4.85
2026-01-28 12:59:42,4.85
2026-01-28 12:59:43,4.85
2026-01-28 12:59:44,5.47
2026-01-28 12:59:45,5.47
2026-01-28 12:59:46,5.47
2026-01-28 12:59:47,5.47
2026-01-28 12:59:48,5.47
2026-01-28 12:59:49,6.61
2026-01-28 12:59:50,6.61
2026-01-28 12:59:51,6.61
2026-01-28 12:59:52,6.61
2026-01-28 12:59:53,6.61
2026-01-28 12:59:54,6.34
2026-01-28 12:59:55,6.34
2026-01-28 12:59:56,6.34
2026-01-28 12:59:57,6.34
2026-01-28 12:59:58,6.34
2026-01-28 12:59:59,6.33
2026-01-28 13:00:00,6.33
2026-01-28 13:00:01,6.33
2026-01-28 13:00:02,6.33
2026-01-28 13:00:03,6.33
2026-01-28 13:00:04,6.31
2026-01-28 13:00:05,6.31
2026-01-28 13:00:06,6.31
2026-01-28 13:00:07,6.31
2026-01-28 13:00:08,6.31
2026-01-28 13:00:09,6.35
2026-01-28 13:00:10,6.35
2026-01-28 13:00:11,6.35
2026-01-28 13:00:12,6.35
2026-01-28 13:00:13,6.35
2026-01-28 13:00:14,6.30
2026-01-28 13:00:15,6.30
2026-01-28 13:00:16,6.30
2026-01-28 13:00:17,6.30
2026-01-28 13:00:18,6.30
2026-01-28 13:00:19,6.28
2026-01-28 13:00:20,6.28
2026-01-28 13:00:21,6.28
2026-01-28 13:00:22,6.28
2026-01-28 13:00:23,6.28
2026-01-28 13:00:24,6.35
2026-01-28 13:00:25,6.35
2026-01-28 13:00:26,6.35
2026-01-28 13:00:27,6.35
2026-01-28 13:00:28,6.35
2026-01-28 13:00:29,6.26
2026-01-28 13:00:30,6.26
2026-01-28 13:00:31,6.26
2026-01-28 13:00:32,6.26
2026-01-28 13:00:33,6.26
2026-01-28 13:00:34,6.33
2026-01-28 13:00:35,6.33
2026-01-28 13:00:36,6.33
2026-01-28 13:00:37,6.33
2026-01-28 13:00:38,6.33
2026-01-28 13:00:39,6.35
2026-01-28 13:00:40,6.35
2026-01-28 13:00:41,6.35
2026-01-28 13:00:42,6.35
2026-01-28 13:00:43,6.35
2026-01-28 13:00:44,6.39
2026-01-28 13:00:45,6.39
2026-01-28 13:00:46,6.39
2026-01-28 13:00:47,6.39
2026-01-28 13:00:48,6.39
2026-01-28 13:00:49,6.51
2026-01-28 13:00:50,6.51
2026-01-28 13:00:51,6.51
2026-01-28 13:00:52,6.51
2026-01-28 13:00:53,6.51
2026-01-28 13:00:54,6.36
2026-01-28 13:00:55,6.36
2026-01-28 13:00:56,6.36
2026-01-28 13:00:57,6.36
2026-01-28 13:00:58,6.36
2026-01-28 13:00:59,6.32
2026-01-28 13:01:00,6.32
2026-01-28 13:01:01,6.32
2026-01-28 13:01:02,6.32
2026-01-28 13:01:03,6.32
2026-01-28 13:01:04,0
2026-01-28 13:01:05,0
2026-01-28 13:01:06,0
2026-01-28 13:01:07,0
2026-01-28 13:01:08,0
2026-01-28 13:01:09,0
2026-01-28 13:01:10,0
2026-01-28 13:01:11,0
2026-01-28 13:01:12,0
2026-01-28 13:01:13,0
2026-01-28 13:01:14,0
2026-01-28 13:01:15,0
2026-01-28 13:01:16,0
2026-01-28 13:01:17,0
2026-01-28 13:01:18,0
2026-01-28 13:01:19,0
2026-01-28 13:01:20,0
2026-01-28 13:01:21,0
2026-01-28 13:01:22,0
2026-01-28 13:01:23,0
2026-01-28 13:01:24,0
2026-01-28 13:01:25,0
2026-01-28 13:01:26,0
2026-01-28 13:01:27,0
2026-01-28 13:01:28,0
2026-01-28 13:01:29,0
2026-01-28 13:01:30,0
2026-01-28 13:01:31,0
2026-01-28 13:01:32,0
2026-01-28 13:01:33,0
2026-01-28 13:01:34,0
2026-01-28 13:01:35,0
2026-01-28 13:01:36,0
2026-01-28 13:01:37,0
2026-01-28 13:01:38,0
2026-01-28 13:01:39,0
2026-01-28 13:01:40,0
2026-01-28 13:01:41,0
2026-01-28 13:01:42,0
2026-01-28 13:01:43,0
2026-01-28 13:01:44,0
2026-01-28 13:01:45,0
2026-01-28 13:01:46,0
2026-01-28 13:01:47,0
2026-01-28 13:01:48,0
2026-01-28 13:01:49,0
2026-01-28 13:01:50,0
2026-01-28 13:01:51,0
2026-01-28 13:01:52,0
2026-01-28 13:01:53,0
2026-01-28 13:01:54,0
2026-01-28 13:01:55,0
2026-01-28 13:01:56,0
2026-01-28 13:01:57,0
2026-01-28 13:01:58,0
2026-01-28 13:01:59,0
2026-01-28 13:02:00,0
2026-01-28 13:02:01,0
2026-01-28 13:02:02,0
2026-01-28 13:02:03,0
2026-01-28 13:02:04,0
2026-01-28 13:02:05,0
2026-01-28 13:02:06,0
2026-01-28 13:02:07,0
2026-01-28 13:02:08,0
2026-01-28 13:02:09,0
2026-01-28 13:02:10,0
2026-01-28 13:02:11,0
2026-01-28 13:02:12,0
2026-01-28 13:02:13,0
2026-01-28 13:02:14,0
2026-01-28 13:02:15,0
2026-01-28 13:02:16,0
2026-01-28 13:02:17,0
2026-01-28 13:02:18,0
2026-01-28 13:02:19,0
2026-01-28 13:02:20,0
2026-01-28 13:02:21,0
2026-01-28 13:02:22,0
2026-01-28 13:02:23,0
2026-01-28 13:02:24,0
2026-01-28 13:02:25,0
2026-01-28 13:02:26,0
2026-01-28 13:02:27,0
2026-01-28 13:02:28,0
2026-01-28 13:02:29,0
2026-01-28 13:02:30,0
2026-01-28 13:02:31,0
2026-01-28 13:02:32,0
2026-01-28 13:02:33,0
2026-01-28 13:02:34,0
2026-01-28 13:02:35,0
2026-01-28 13:02:36,0
2026-01-28 13:02:37,0
2026-01-28 13:02:38,0
2026-01-28 13:07:44,2.71
2026-01-28 13:07:45,2.71
2026-01-28 13:07:46,2.71
2026-01-28 13:07:47,2.71
2026-01-28 13:07:48,2.71
2026-01-28 13:07:49,5.82
2026-01-28 13:07:50,5.82
2026-01-28 13:07:51,5.82
2026-01-28 13:07:52,5.82
2026-01-28 13:07:53,5.82
2026-01-28 13:07:54,6.20
2026-01-28 13:07:55,6.20
2026-01-28 13:07:56,6.20
2026-01-28 13:07:57,6.20
2026-01-28 13:07:58,6.20
2026-01-28 13:07:59,7.58
2026-01-28 13:08:00,7.58
2026-01-28 13:08:01,7.58
2026-01-28 13:08:02,7.58
2026-01-28 13:08:03,7.58
2026-01-28 13:08:04,11.6
2026-01-28 13:08:05,11.6
2026-01-28 13:08:06,11.6
2026-01-28 13:08:07,11.6
2026-01-28 13:08:08,11.6
2026-01-28 13:08:09,6.63
2026-01-28 13:08:10,6.63
2026-01-28 13:08:11,6.63
2026-01-28 13:08:12,6.63
2026-01-28 13:08:13,6.63
2026-01-28 13:08:14,5.46
2026-01-28 13:08:15,5.46
2026-01-28 13:08:16,5.46
2026-01-28 13:08:17,5.46
2026-01-28 13:08:18,5.46
2026-01-28 13:08:19,5.18
2026-01-28 13:08:20,5.18
2026-01-28 13:08:21,5.18
2026-01-28 13:08:22,5.18
2026-01-28 13:08:23,5.18
2026-01-28 13:08:24,5.20
2026-01-28 13:08:25,5.20
2026-01-28 13:08:26,5.20
2026-01-28 13:08:27,5.20
2026-01-28 13:08:28,5.20
2026-01-28 13:08:29,5.28
2026-01-28 13:08:30,5.28
2026-01-28 13:08:31,5.28
2026-01-28 13:08:32,5.28
2026-01-28 13:08:33,5.28
2026-01-28 13:08:34,5.47
2026-01-28 13:08:35,5.47
2026-01-28 13:08:36,5.47
2026-01-28 13:08:37,5.47
2026-01-28 13:08:38,5.47
2026-01-28 13:08:39,5.36
2026-01-28 13:08:40,5.36
2026-01-28 13:08:41,5.36
2026-01-28 13:08:42,5.36
2026-01-28 13:08:43,5.36
2026-01-28 13:08:44,5.33
2026-01-28 13:08:45,5.33
2026-01-28 13:08:46,5.33
2026-01-28 13:08:47,5.33
2026-01-28 13:08:48,5.33
2026-01-28 13:08:49,5.42
2026-01-28 13:08:50,5.42
2026-01-28 13:08:51,5.42
2026-01-28 13:08:52,5.42
2026-01-28 13:08:53,5.42
2026-01-28 13:08:54,4.81
2026-01-28 13:08:55,4.81
2026-01-28 13:08:56,4.81
2026-01-28 13:08:57,4.81
2026-01-28 13:08:58,4.81
2026-01-28 13:08:59,5.36
2026-01-28 13:09:00,5.36
2026-01-28 13:09:01,5.36
2026-01-28 13:09:02,5.36
2026-01-28 13:09:03,5.36
2026-01-28 13:09:04,8.60
2026-01-28 13:09:05,8.60
2026-01-28 13:09:06,8.60
2026-01-28 13:09:07,8.60
2026-01-28 13:09:08,8.60
2026-01-28 13:09:09,5.68
2026-01-28 13:09:10,5.68
2026-01-28 13:09:11,5.68
2026-01-28 13:09:12,5.68
2026-01-28 13:09:13,5.68
2026-01-28 13:09:14,6.68
2026-01-28 13:09:15,6.68
2026-01-28 13:09:16,6.68
2026-01-28 13:09:17,6.68
2026-01-28 13:09:18,6.68
2026-01-28 13:09:19,6.60
2026-01-28 13:09:20,6.60
2026-01-28 13:09:21,6.60
2026-01-28 13:09:22,6.60
2026-01-28 13:09:23,6.60
2026-01-28 13:09:24,6.32
2026-01-28 13:09:25,6.32
2026-01-28 13:09:26,6.32
2026-01-28 13:09:27,6.32
2026-01-28 13:09:28,6.32
2026-01-28 13:09:29,6.34
2026-01-28 13:09:30,6.34
2026-01-28 13:09:31,6.34
2026-01-28 13:09:32,6.34
2026-01-28 13:09:33,6.34
2026-01-28 13:09:34,6.34
2026-01-28 13:09:35,6.34
2026-01-28 13:09:36,6.34
2026-01-28 13:09:37,6.34
2026-01-28 13:09:38,6.34
2026-01-28 13:09:39,6.47
2026-01-28 13:09:40,6.47
2026-01-28 13:09:41,6.47
2026-01-28 13:09:42,6.47
2026-01-28 13:09:43,6.47
2026-01-28 13:09:44,6.42
2026-01-28 13:09:45,6.42
2026-01-28 13:09:46,6.42
2026-01-28 13:09:47,6.42
2026-01-28 13:09:48,6.42
2026-01-28 13:09:49,6.00
2026-01-28 13:09:50,6.00
2026-01-28 13:09:51,6.00
2026-01-28 13:09:52,6.00
2026-01-28 13:09:53,6.00
2026-01-28 13:09:54,7.82
2026-01-28 13:09:55,7.82
2026-01-28 13:09:56,7.82
2026-01-28 13:09:57,7.82
2026-01-28 13:09:58,7.82
2026-01-28 13:09:59,7.41
2026-01-28 13:10:00,7.41
2026-01-28 13:10:01,7.41
2026-01-28 13:10:02,7.41
2026-01-28 13:10:03,7.41
2026-01-28 13:10:04,7.37
2026-01-28 13:10:05,7.37
2026-01-28 13:10:06,7.37
2026-01-28 13:10:07,7.37
2026-01-28 13:10:08,7.37
2026-01-28 13:10:09,7.40
2026-01-28 13:10:10,7.40
2026-01-28 13:10:11,7.40
2026-01-28 13:10:12,7.40
2026-01-28 13:10:13,7.40
2026-01-28 13:10:14,7.43
2026-01-28 13:10:15,7.43
2026-01-28 13:10:16,7.43
2026-01-28 13:10:17,7.43
2026-01-28 13:10:18,7.43
2026-01-28 13:10:19,7.49
2026-01-28 13:10:20,7.49
2026-01-28 13:10:21,7.49
2026-01-28 13:10:22,7.49
2026-01-28 13:10:23,7.49
2026-01-28 13:10:24,7.43
2026-01-28 13:10:25,7.43
2026-01-28 13:10:26,7.43
2026-01-28 13:10:27,7.43
2026-01-28 13:10:28,7.43
2026-01-28 13:10:29,7.42
2026-01-28 13:10:30,7.42
2026-01-28 13:10:31,7.42
2026-01-28 13:10:32,7.42
2026-01-28 13:10:33,7.42
2026-01-28 13:10:34,7.47
2026-01-28 13:10:35,7.47
2026-01-28 13:10:36,7.47
2026-01-28 13:10:37,7.47
2026-01-28 13:10:38,7.47
2026-01-28 13:10:39,7.55
2026-01-28 13:10:40,7.55
2026-01-28 13:10:41,7.55
2026-01-28 13:10:42,7.55
2026-01-28 13:10:43,7.55
2026-01-28 13:10:44,7.50
2026-01-28 13:10:45,7.50
2026-01-28 13:10:46,7.50
2026-01-28 13:10:47,7.50
2026-01-28 13:10:48,7.50
2026-01-28 13:10:49,0
2026-01-28 13:10:50,0
2026-01-28 13:10:51,0
2026-01-28 13:10:52,0
2026-01-28 13:10:53,0
2026-01-28 13:10:54,0
2026-01-28 13:10:55,0
2026-01-28 13:10:56,0
2026-01-28 13:10:57,0
2026-01-28 13:10:58,0
2026-01-28 13:10:59,0
2026-01-28 13:11:00,0
2026-01-28 13:11:01,0
2026-01-28 13:11:02,0
2026-01-28 13:11:03,0
2026-01-28 13:11:04,0
2026-01-28 13:11:05,0
2026-01-28 13:11:06,0
2026-01-28 13:11:07,0
2026-01-28 13:11:08,0
2026-01-28 13:11:09,0
2026-01-28 13:11:10,0
2026-01-28 13:11:11,0
2026-01-28 13:11:12,0
2026-01-28 13:11:13,0
2026-01-28 13:11:14,0
2026-01-28 13:11:15,0
2026-01-28 13:11:16,0
2026-01-28 13:11:17,0
2026-01-28 13:11:18,0
2026-01-28 13:11:19,0
2026-01-28 13:11:20,0
2026-01-28 13:11:21,0
2026-01-28 13:11:22,0
2026-01-28 13:11:23,0
2026-01-28 13:11:24,0
2026-01-28 13:11:25,0
2026-01-28 13:11:26,0
2026-01-28 13:11:27,0
2026-01-28 13:11:28,0
2026-01-28 13:11:29,0
2026-01-28 13:11:30,0
2026-01-28 13:11:31,0
2026-01-28 13:11:32,0
2026-01-28 13:11:33,0
2026-01-28 13:11:34,0
2026-01-28 13:11:35,0
2026-01-28 13:11:36,0
2026-01-28 13:11:37,0
2026-01-28 13:11:38,0
2026-01-28 13:11:39,0
2026-01-28 13:11:40,0
2026-01-28 13:11:41,0
2026-01-28 13:11:42,0
2026-01-28 13:11:43,0
2026-01-28 13:11:44,0
2026-01-28 13:11:45,0
2026-01-28 13:11:46,0
2026-01-28 13:11:47,0
2026-01-28 13:11:48,0
2026-01-28 13:11:49,0
2026-01-28 13:11:50,0
2026-01-28 13:11:51,0
2026-01-28 13:11:52,0
2026-01-28 13:11:53,0
2026-01-28 13:11:54,0
2026-01-28 13:11:55,0
2026-01-28 13:11:56,0
2026-01-28 13:11:57,0
2026-01-28 13:11:58,0
2026-01-28 13:11:59,0
2026-01-28 13:12:00,0
2026-01-28 13:12:01,0
2026-01-28 13:12:02,0
2026-01-28 13:12:03,0
2026-01-28 13:12:04,0
2026-01-28 13:12:05,0
2026-01-28 13:12:06,0
2026-01-28 13:12:07,0
2026-01-28 13:12:08,0
2026-01-28 13:12:09,0
2026-01-28 13:12:10,0
2026-01-28 13:12:11,0
2026-01-28 13:12:12,0
2026-01-28 13:12:13,0
2026-01-28 13:12:14,0
2026-01-28 13:12:15,0
2026-01-28 13:12:16,0
2026-01-28 13:12:17,0
2026-01-28 13:12:18,0
2026-01-28 13:12:19,0
2026-01-28 13:12:20,0
2026-01-28 13:12:21,0
2026-01-28 13:12:22,0
2026-01-28 13:12:23,0
2026-01-28 13:17:34,7.23
2026-01-28 13:17:35,7.23
2026-01-28 13:17:36,7.23
2026-01-28 13:17:37,7.23
2026-01-28 13:17:38,7.23
2026-01-28 13:17:39,8.89
2026-01-28 13:17:40,8.89
2026-01-28 13:17:41,8.89
2026-01-28 13:17:42,8.89
2026-01-28 13:17:43,8.89
2026-01-28 13:17:44,9.97
2026-01-28 13:17:45,9.97
2026-01-28 13:17:46,9.97
2026-01-28 13:17:47,9.97
2026-01-28 13:17:48,9.97
2026-01-28 13:17:49,10.8
2026-01-28 13:17:50,10.8
2026-01-28 13:17:51,10.8
2026-01-28 13:17:52,10.8
2026-01-28 13:17:53,10.8
2026-01-28 13:17:54,11.7
2026-01-28 13:17:55,11.7
2026-01-28 13:17:56,11.7
2026-01-28 13:17:57,11.7
2026-01-28 13:17:58,11.7
2026-01-28 13:17:59,9.70
2026-01-28 13:18:00,9.70
2026-01-28 13:18:01,9.70
2026-01-28 13:18:02,9.70
2026-01-28 13:18:03,9.70
2026-01-28 13:18:04,10.4
2026-01-28 13:18:05,10.4
2026-01-28 13:18:06,10.4
2026-01-28 13:18:07,10.4
2026-01-28 13:18:08,10.4
2026-01-28 13:18:09,7.99
2026-01-28 13:18:10,7.99
2026-01-28 13:18:11,7.99
2026-01-28 13:18:12,7.99
2026-01-28 13:18:13,7.99
2026-01-28 13:18:14,10.6
2026-01-28 13:18:15,10.6
2026-01-28 13:18:16,10.6
2026-01-28 13:18:17,10.6
2026-01-28 13:18:18,10.6
2026-01-28 13:18:19,11.1
2026-01-28 13:18:20,11.1
2026-01-28 13:18:21,11.1
2026-01-28 13:18:22,11.1
2026-01-28 13:18:23,11.1