"Time","ue-layer-demap"
2026-01-28 10:18:53,0
2026-01-28 10:18:54,0
2026-01-28 10:18:55,0
2026-01-28 10:18:56,0
2026-01-28 10:18:57,0
2026-01-28 10:18:58,0
2026-01-28 10:18:59,0
2026-01-28 10:19:00,0
2026-01-28 10:19:01,0
2026-01-28 10:19:02,0
2026-01-28 10:19:03,0
2026-01-28 10:19:04,0
2026-01-28 10:19:05,0
2026-01-28 10:19:06,0
2026-01-28 10:19:07,0
2026-01-28 10:19:08,0
2026-01-28 10:19:09,0
2026-01-28 10:19:10,0
2026-01-28 10:19:11,0
2026-01-28 10:19:12,0
2026-01-28 10:19:13,0
2026-01-28 10:19:14,0
2026-01-28 10:19:15,0
2026-01-28 10:19:16,0
2026-01-28 10:19:17,0
2026-01-28 10:19:18,0
2026-01-28 10:19:19,0
2026-01-28 10:19:20,0
2026-01-28 10:19:21,0
2026-01-28 10:19:22,0
2026-01-28 10:19:23,0
2026-01-28 10:19:24,0
2026-01-28 10:19:25,0
2026-01-28 10:19:26,0
2026-01-28 10:19:27,0
2026-01-28 10:19:28,0
2026-01-28 10:19:29,0
2026-01-28 10:19:30,0
2026-01-28 10:19:31,0
2026-01-28 10:19:32,0
2026-01-28 10:19:33,0
2026-01-28 10:24:34,6.12
2026-01-28 10:24:35,6.12
2026-01-28 10:24:36,6.12
2026-01-28 10:24:37,6.12
2026-01-28 10:24:38,6.12
2026-01-28 10:24:39,6.85
2026-01-28 10:24:40,6.85
2026-01-28 10:24:41,6.85
2026-01-28 10:24:42,6.85
2026-01-28 10:24:43,6.85
2026-01-28 10:24:44,6.39
2026-01-28 10:24:45,6.39
2026-01-28 10:24:46,6.39
2026-01-28 10:24:47,6.39
2026-01-28 10:24:48,6.39
2026-01-28 10:24:49,6.51
2026-01-28 10:24:50,6.51
2026-01-28 10:24:51,6.51
2026-01-28 10:24:52,6.51
2026-01-28 10:24:53,6.51
2026-01-28 10:24:54,6.97
2026-01-28 10:24:55,6.97
2026-01-28 10:24:56,6.97
2026-01-28 10:24:57,6.97
2026-01-28 10:24:58,6.97
2026-01-28 10:24:59,6.36
2026-01-28 10:25:00,6.36
2026-01-28 10:25:01,6.36
2026-01-28 10:25:02,6.36
2026-01-28 10:25:03,6.36
2026-01-28 10:25:04,5.75
2026-01-28 10:25:05,5.75
2026-01-28 10:25:06,5.75
2026-01-28 10:25:07,5.75
2026-01-28 10:25:08,5.75
2026-01-28 10:25:09,7.92
2026-01-28 10:25:10,7.92
2026-01-28 10:25:11,7.92
2026-01-28 10:25:12,7.92
2026-01-28 10:25:13,7.92
2026-01-28 10:25:14,6.13
2026-01-28 10:25:15,6.13
2026-01-28 10:25:16,6.13
2026-01-28 10:25:17,6.13
2026-01-28 10:25:18,6.13
2026-01-28 10:25:19,6.20
2026-01-28 10:25:20,6.20
2026-01-28 10:25:21,6.20
2026-01-28 10:25:22,6.20
2026-01-28 10:25:23,6.20
2026-01-28 10:25:24,6.16
2026-01-28 10:25:25,6.16
2026-01-28 10:25:26,6.16
2026-01-28 10:25:27,6.16
2026-01-28 10:25:28,6.16
2026-01-28 10:25:29,6.23
2026-01-28 10:25:30,6.23
2026-01-28 10:25:31,6.23
2026-01-28 10:25:32,6.23
2026-01-28 10:25:33,6.23
2026-01-28 10:25:34,6.37
2026-01-28 10:25:35,6.37
2026-01-28 10:25:36,6.37
2026-01-28 10:25:37,6.37
2026-01-28 10:25:38,6.37
2026-01-28 10:25:39,6.15
2026-01-28 10:25:40,6.15
2026-01-28 10:25:41,6.15
2026-01-28 10:25:42,6.15
2026-01-28 10:25:43,6.15
2026-01-28 10:25:44,6.10
2026-01-28 10:25:45,6.10
2026-01-28 10:25:46,6.10
2026-01-28 10:25:47,6.10
2026-01-28 10:25:48,6.10
2026-01-28 10:25:49,6.16
2026-01-28 10:25:50,6.16
2026-01-28 10:25:51,6.16
2026-01-28 10:25:52,6.16
2026-01-28 10:25:53,6.16
2026-01-28 10:25:54,8.48
2026-01-28 10:25:55,8.48
2026-01-28 10:25:56,8.48
2026-01-28 10:25:57,8.48
2026-01-28 10:25:58,8.48
2026-01-28 10:25:59,8.80
2026-01-28 10:26:00,8.80
2026-01-28 10:26:01,8.80
2026-01-28 10:26:02,8.80
2026-01-28 10:26:03,8.80
2026-01-28 10:26:04,9.07
2026-01-28 10:26:05,9.07
2026-01-28 10:26:06,9.07
2026-01-28 10:26:07,9.07
2026-01-28 10:26:08,9.07
2026-01-28 10:26:09,8.42
2026-01-28 10:26:10,8.42
2026-01-28 10:26:11,8.42
2026-01-28 10:26:12,8.42
2026-01-28 10:26:13,8.42
2026-01-28 10:26:14,8.46
2026-01-28 10:26:15,8.46
2026-01-28 10:26:16,8.46
2026-01-28 10:26:17,8.46
2026-01-28 10:26:18,8.46
2026-01-28 10:26:19,8.59
2026-01-28 10:26:20,8.59
2026-01-28 10:26:21,8.59
2026-01-28 10:26:22,8.59
2026-01-28 10:26:23,8.59
2026-01-28 10:26:24,8.50
2026-01-28 10:26:25,8.50
2026-01-28 10:26:26,8.50
2026-01-28 10:26:27,8.50
2026-01-28 10:26:28,8.50
2026-01-28 10:26:29,8.65
2026-01-28 10:26:30,8.65
2026-01-28 10:26:31,8.65
2026-01-28 10:26:32,8.65
2026-01-28 10:26:33,8.65
2026-01-28 10:26:34,8.65
2026-01-28 10:26:35,8.65
2026-01-28 10:26:36,8.65
2026-01-28 10:26:37,8.65
2026-01-28 10:26:38,8.65
2026-01-28 10:26:39,8.71
2026-01-28 10:26:40,8.71
2026-01-28 10:26:41,8.71
2026-01-28 10:26:42,8.71
2026-01-28 10:26:43,8.71
2026-01-28 10:26:44,8.39
2026-01-28 10:26:45,8.39
2026-01-28 10:26:46,8.39
2026-01-28 10:26:47,8.39
2026-01-28 10:26:48,8.39
2026-01-28 10:26:49,8.42
2026-01-28 10:26:50,8.42
2026-01-28 10:26:51,8.42
2026-01-28 10:26:52,8.42
2026-01-28 10:26:53,8.42
2026-01-28 10:26:54,8.81
2026-01-28 10:26:55,8.81
2026-01-28 10:26:56,8.81
2026-01-28 10:26:57,8.81
2026-01-28 10:26:58,8.81
2026-01-28 10:26:59,8.11
2026-01-28 10:27:00,8.11
2026-01-28 10:27:01,8.11
2026-01-28 10:27:02,8.11
2026-01-28 10:27:03,8.11
2026-01-28 10:27:04,0
2026-01-28 10:27:05,0
2026-01-28 10:27:06,0
2026-01-28 10:27:07,0
2026-01-28 10:27:08,0
2026-01-28 10:27:09,0
2026-01-28 10:27:10,0
2026-01-28 10:27:11,0
2026-01-28 10:27:12,0
2026-01-28 10:27:13,0
2026-01-28 10:27:14,0
2026-01-28 10:27:15,0
2026-01-28 10:27:16,0
2026-01-28 10:27:17,0
2026-01-28 10:27:18,0
2026-01-28 10:27:19,0
2026-01-28 10:27:20,0
2026-01-28 10:27:21,0
2026-01-28 10:27:22,0
2026-01-28 10:27:23,0
2026-01-28 10:27:24,0
2026-01-28 10:27:25,0
2026-01-28 10:27:26,0
2026-01-28 10:27:27,0
2026-01-28 10:27:28,0
2026-01-28 10:27:29,0
2026-01-28 10:27:30,0
2026-01-28 10:27:31,0
2026-01-28 10:27:32,0
2026-01-28 10:27:33,0
2026-01-28 10:27:34,0
2026-01-28 10:27:35,0
2026-01-28 10:27:36,0
2026-01-28 10:27:37,0
2026-01-28 10:27:38,0
2026-01-28 10:27:39,0
2026-01-28 10:27:40,0
2026-01-28 10:27:41,0
2026-01-28 10:27:42,0
2026-01-28 10:27:43,0
2026-01-28 10:27:44,0
2026-01-28 10:27:45,0
2026-01-28 10:27:46,0
2026-01-28 10:27:47,0
2026-01-28 10:27:48,0
2026-01-28 10:27:49,0
2026-01-28 10:27:50,0
2026-01-28 10:27:51,0
2026-01-28 10:27:52,0
2026-01-28 10:27:53,0
2026-01-28 10:27:54,0
2026-01-28 10:27:55,0
2026-01-28 10:27:56,0
2026-01-28 10:27:57,0
2026-01-28 10:27:58,0
2026-01-28 10:27:59,0
2026-01-28 10:28:00,0
2026-01-28 10:28:01,0
2026-01-28 10:28:02,0
2026-01-28 10:28:03,0
2026-01-28 10:28:04,0
2026-01-28 10:28:05,0
2026-01-28 10:28:06,0
2026-01-28 10:28:07,0
2026-01-28 10:28:08,0
2026-01-28 10:28:09,0
2026-01-28 10:28:10,0
2026-01-28 10:28:11,0
2026-01-28 10:28:12,0
2026-01-28 10:28:13,0
2026-01-28 10:28:14,0
2026-01-28 10:28:15,0
2026-01-28 10:28:16,0
2026-01-28 10:28:17,0
2026-01-28 10:28:18,0
2026-01-28 10:28:19,0
2026-01-28 10:28:20,0
2026-01-28 10:28:21,0
2026-01-28 10:28:22,0
2026-01-28 10:28:23,0
2026-01-28 10:28:24,0
2026-01-28 10:28:25,0
2026-01-28 10:28:26,0
2026-01-28 10:28:27,0
2026-01-28 10:28:28,0
2026-01-28 10:28:29,0
2026-01-28 10:28:30,0
2026-01-28 10:28:31,0
2026-01-28 10:28:32,0
2026-01-28 10:28:33,0
2026-01-28 10:28:34,0
2026-01-28 10:28:35,0
2026-01-28 10:28:36,0
2026-01-28 10:28:37,0
2026-01-28 10:28:38,0
2026-01-28 10:33:49,6.06
2026-01-28 10:33:50,6.06
2026-01-28 10:33:51,6.06
2026-01-28 10:33:52,6.06
2026-01-28 10:33:53,6.06
2026-01-28 10:33:54,9.63
2026-01-28 10:33:55,9.63
2026-01-28 10:33:56,9.63
2026-01-28 10:33:57,9.63
2026-01-28 10:33:58,9.63
2026-01-28 10:33:59,9.00
2026-01-28 10:34:00,9.00
2026-01-28 10:34:01,9.00
2026-01-28 10:34:02,9.00
2026-01-28 10:34:03,9.00
2026-01-28 10:34:04,8.71
2026-01-28 10:34:05,8.71
2026-01-28 10:34:06,8.71
2026-01-28 10:34:07,8.71
2026-01-28 10:34:08,8.71
2026-01-28 10:34:09,8.62
2026-01-28 10:34:10,8.62
2026-01-28 10:34:11,8.62
2026-01-28 10:34:12,8.62
2026-01-28 10:34:13,8.62
2026-01-28 10:34:14,8.67
2026-01-28 10:34:15,8.67
2026-01-28 10:34:16,8.67
2026-01-28 10:34:17,8.67
2026-01-28 10:34:18,8.67
2026-01-28 10:34:19,8.53
2026-01-28 10:34:20,8.53
2026-01-28 10:34:21,8.53
2026-01-28 10:34:22,8.53
2026-01-28 10:34:23,8.53
2026-01-28 10:34:24,8.54
2026-01-28 10:34:25,8.54
2026-01-28 10:34:26,8.54
2026-01-28 10:34:27,8.54
2026-01-28 10:34:28,8.54
2026-01-28 10:34:29,8.61
2026-01-28 10:34:30,8.61
2026-01-28 10:34:31,8.61
2026-01-28 10:34:32,8.61
2026-01-28 10:34:33,8.61
2026-01-28 10:34:34,8.61
2026-01-28 10:34:35,8.61
2026-01-28 10:34:36,8.61
2026-01-28 10:34:37,8.61
2026-01-28 10:34:38,8.61
2026-01-28 10:34:39,8.68
2026-01-28 10:34:40,8.68
2026-01-28 10:34:41,8.68
2026-01-28 10:34:42,8.68
2026-01-28 10:34:43,8.68
2026-01-28 10:34:44,8.73
2026-01-28 10:34:45,8.73
2026-01-28 10:34:46,8.73
2026-01-28 10:34:47,8.73
2026-01-28 10:34:48,8.73
2026-01-28 10:34:49,9.50
2026-01-28 10:34:50,9.50
2026-01-28 10:34:51,9.50
2026-01-28 10:34:52,9.50
2026-01-28 10:34:53,9.50
2026-01-28 10:34:54,7.79
2026-01-28 10:34:55,7.79
2026-01-28 10:34:56,7.79
2026-01-28 10:34:57,7.79
2026-01-28 10:34:58,7.79
2026-01-28 10:34:59,7.41
2026-01-28 10:35:00,7.41
2026-01-28 10:35:01,7.41
2026-01-28 10:35:02,7.41
2026-01-28 10:35:03,7.41
2026-01-28 10:35:04,7.45
2026-01-28 10:35:05,7.45
2026-01-28 10:35:06,7.45
2026-01-28 10:35:07,7.45
2026-01-28 10:35:08,7.45
2026-01-28 10:35:09,7.35
2026-01-28 10:35:10,7.35
2026-01-28 10:35:11,7.35
2026-01-28 10:35:12,7.35
2026-01-28 10:35:13,7.35
2026-01-28 10:35:14,7.51
2026-01-28 10:35:15,7.51
2026-01-28 10:35:16,7.51
2026-01-28 10:35:17,7.51
2026-01-28 10:35:18,7.51
2026-01-28 10:35:19,7.29
2026-01-28 10:35:20,7.29
2026-01-28 10:35:21,7.29
2026-01-28 10:35:22,7.29
2026-01-28 10:35:23,7.29
2026-01-28 10:35:24,7.40
2026-01-28 10:35:25,7.40
2026-01-28 10:35:26,7.40
2026-01-28 10:35:27,7.40
2026-01-28 10:35:28,7.40
2026-01-28 10:35:29,7.29
2026-01-28 10:35:30,7.29
2026-01-28 10:35:31,7.29
2026-01-28 10:35:32,7.29
2026-01-28 10:35:33,7.29
2026-01-28 10:35:34,7.36
2026-01-28 10:35:35,7.36
2026-01-28 10:35:36,7.36
2026-01-28 10:35:37,7.36
2026-01-28 10:35:38,7.36
2026-01-28 10:35:39,7.39
2026-01-28 10:35:40,7.39
2026-01-28 10:35:41,7.39
2026-01-28 10:35:42,7.39
2026-01-28 10:35:43,7.39
2026-01-28 10:35:44,6.98
2026-01-28 10:35:45,6.98
2026-01-28 10:35:46,6.98
2026-01-28 10:35:47,6.98
2026-01-28 10:35:48,6.98
2026-01-28 10:35:49,8.51
2026-01-28 10:35:50,8.51
2026-01-28 10:35:51,8.51
2026-01-28 10:35:52,8.51
2026-01-28 10:35:53,8.51
2026-01-28 10:35:54,8.40
2026-01-28 10:35:55,8.40
2026-01-28 10:35:56,8.40
2026-01-28 10:35:57,8.40
2026-01-28 10:35:58,8.40
2026-01-28 10:35:59,8.62
2026-01-28 10:36:00,8.62
2026-01-28 10:36:01,8.62
2026-01-28 10:36:02,8.62
2026-01-28 10:36:03,8.62
2026-01-28 10:36:04,10.3
2026-01-28 10:36:05,10.3
2026-01-28 10:36:06,10.3
2026-01-28 10:36:07,10.3
2026-01-28 10:36:08,10.3
2026-01-28 10:36:09,8.68
2026-01-28 10:36:10,8.68
2026-01-28 10:36:11,8.68
2026-01-28 10:36:12,8.68
2026-01-28 10:36:13,8.68
2026-01-28 10:36:14,9.60
2026-01-28 10:36:15,9.60
2026-01-28 10:36:16,9.60
2026-01-28 10:36:17,9.60
2026-01-28 10:36:18,9.60
2026-01-28 10:36:19,0
2026-01-28 10:36:20,0
2026-01-28 10:36:21,0
2026-01-28 10:36:22,0
2026-01-28 10:36:23,0
2026-01-28 10:36:24,0
2026-01-28 10:36:25,0
2026-01-28 10:36:26,0
2026-01-28 10:36:27,0
2026-01-28 10:36:28,0
2026-01-28 10:36:29,0
2026-01-28 10:36:30,0
2026-01-28 10:36:31,0
2026-01-28 10:36:32,0
2026-01-28 10:36:33,0
2026-01-28 10:36:34,0
2026-01-28 10:36:35,0
2026-01-28 10:36:36,0
2026-01-28 10:36:37,0
2026-01-28 10:36:38,0
2026-01-28 10:36:39,0
2026-01-28 10:36:40,0
2026-01-28 10:36:41,0
2026-01-28 10:36:42,0
2026-01-28 10:36:43,0
2026-01-28 10:36:44,0
2026-01-28 10:36:45,0
2026-01-28 10:36:46,0
2026-01-28 10:36:47,0
2026-01-28 10:36:48,0
2026-01-28 10:36:49,0
2026-01-28 10:36:50,0
2026-01-28 10:36:51,0
2026-01-28 10:36:52,0
2026-01-28 10:36:53,0
2026-01-28 10:36:54,0
2026-01-28 10:36:55,0
2026-01-28 10:36:56,0
2026-01-28 10:36:57,0
2026-01-28 10:36:58,0
2026-01-28 10:36:59,0
2026-01-28 10:37:00,0
2026-01-28 10:37:01,0
2026-01-28 10:37:02,0
2026-01-28 10:37:03,0
2026-01-28 10:37:04,0
2026-01-28 10:37:05,0
2026-01-28 10:37:06,0
2026-01-28 10:37:07,0
2026-01-28 10:37:08,0
2026-01-28 10:37:09,0
2026-01-28 10:37:10,0
2026-01-28 10:37:11,0
2026-01-28 10:37:12,0
2026-01-28 10:37:13,0
2026-01-28 10:37:14,0
2026-01-28 10:37:15,0
2026-01-28 10:37:16,0
2026-01-28 10:37:17,0
2026-01-28 10:37:18,0
2026-01-28 10:37:19,0
2026-01-28 10:37:20,0
2026-01-28 10:37:21,0
2026-01-28 10:37:22,0
2026-01-28 10:37:23,0
2026-01-28 10:37:24,0
2026-01-28 10:37:25,0
2026-01-28 10:37:26,0
2026-01-28 10:37:27,0
2026-01-28 10:37:28,0
2026-01-28 10:37:29,0
2026-01-28 10:37:30,0
2026-01-28 10:37:31,0
2026-01-28 10:37:32,0
2026-01-28 10:37:33,0
2026-01-28 10:37:34,0
2026-01-28 10:37:35,0
2026-01-28 10:37:36,0
2026-01-28 10:37:37,0
2026-01-28 10:37:38,0
2026-01-28 10:37:39,0
2026-01-28 10:37:40,0
2026-01-28 10:37:41,0
2026-01-28 10:37:42,0
2026-01-28 10:37:43,0
2026-01-28 10:37:44,0
2026-01-28 10:37:45,0
2026-01-28 10:37:46,0
2026-01-28 10:37:47,0
2026-01-28 10:37:48,0
2026-01-28 10:37:49,0
2026-01-28 10:37:50,0
2026-01-28 10:37:51,0
2026-01-28 10:37:52,0
2026-01-28 10:37:53,0
2026-01-28 10:42:54,5.60
2026-01-28 10:42:55,5.60
2026-01-28 10:42:56,5.60
2026-01-28 10:42:57,5.60
2026-01-28 10:42:58,5.60
2026-01-28 10:42:59,7.08
2026-01-28 10:43:00,7.08
2026-01-28 10:43:01,7.08
2026-01-28 10:43:02,7.08
2026-01-28 10:43:03,7.08
2026-01-28 10:43:04,8.34
2026-01-28 10:43:05,8.34
2026-01-28 10:43:06,8.34
2026-01-28 10:43:07,8.34
2026-01-28 10:43:08,8.34
2026-01-28 10:43:09,9.33
2026-01-28 10:43:10,9.33
2026-01-28 10:43:11,9.33
2026-01-28 10:43:12,9.33
2026-01-28 10:43:13,9.33
2026-01-28 10:43:14,8.59
2026-01-28 10:43:15,8.59
2026-01-28 10:43:16,8.59
2026-01-28 10:43:17,8.59
2026-01-28 10:43:18,8.59
2026-01-28 10:43:19,8.62
2026-01-28 10:43:20,8.62
2026-01-28 10:43:21,8.62
2026-01-28 10:43:22,8.62
2026-01-28 10:43:23,8.62
2026-01-28 10:43:24,8.48
2026-01-28 10:43:25,8.48
2026-01-28 10:43:26,8.48
2026-01-28 10:43:27,8.48
2026-01-28 10:43:28,8.48
2026-01-28 10:43:29,8.63
2026-01-28 10:43:30,8.63
2026-01-28 10:43:31,8.63
2026-01-28 10:43:32,8.63
2026-01-28 10:43:33,8.63
2026-01-28 10:43:34,8.56
2026-01-28 10:43:35,8.56
2026-01-28 10:43:36,8.56
2026-01-28 10:43:37,8.56
2026-01-28 10:43:38,8.56
2026-01-28 10:43:39,8.63
2026-01-28 10:43:40,8.63
2026-01-28 10:43:41,8.63
2026-01-28 10:43:42,8.63
2026-01-28 10:43:43,8.63
2026-01-28 10:43:44,8.58
2026-01-28 10:43:45,8.58
2026-01-28 10:43:46,8.58
2026-01-28 10:43:47,8.58
2026-01-28 10:43:48,8.58
2026-01-28 10:43:49,8.54
2026-01-28 10:43:50,8.54
2026-01-28 10:43:51,8.54
2026-01-28 10:43:52,8.54
2026-01-28 10:43:53,8.54
2026-01-28 10:43:54,8.53
2026-01-28 10:43:55,8.53
2026-01-28 10:43:56,8.53
2026-01-28 10:43:57,8.53
2026-01-28 10:43:58,8.53
2026-01-28 10:43:59,8.53
2026-01-28 10:44:00,8.53
2026-01-28 10:44:01,8.53
2026-01-28 10:44:02,8.53
2026-01-28 10:44:03,8.53
2026-01-28 10:44:04,8.64
2026-01-28 10:44:05,8.64
2026-01-28 10:44:06,8.64
2026-01-28 10:44:07,8.64
2026-01-28 10:44:08,8.64
2026-01-28 10:44:09,8.77
2026-01-28 10:44:10,8.77
2026-01-28 10:44:11,8.77
2026-01-28 10:44:12,8.77
2026-01-28 10:44:13,8.77
2026-01-28 10:44:14,8.79
2026-01-28 10:44:15,8.79
2026-01-28 10:44:16,8.79
2026-01-28 10:44:17,8.79
2026-01-28 10:44:18,8.79
2026-01-28 10:44:19,8.54
2026-01-28 10:44:20,8.54
2026-01-28 10:44:21,8.54
2026-01-28 10:44:22,8.54
2026-01-28 10:44:23,8.54
2026-01-28 10:44:24,8.57
2026-01-28 10:44:25,8.57
2026-01-28 10:44:26,8.57
2026-01-28 10:44:27,8.57
2026-01-28 10:44:28,8.57
2026-01-28 10:44:29,9.29
2026-01-28 10:44:30,9.29
2026-01-28 10:44:31,9.29
2026-01-28 10:44:32,9.29
2026-01-28 10:44:33,9.29
2026-01-28 10:44:34,7.50
2026-01-28 10:44:35,7.50
2026-01-28 10:44:36,7.50
2026-01-28 10:44:37,7.50
2026-01-28 10:44:38,7.50
2026-01-28 10:44:39,7.46
2026-01-28 10:44:40,7.46
2026-01-28 10:44:41,7.46
2026-01-28 10:44:42,7.46
2026-01-28 10:44:43,7.46
2026-01-28 10:44:44,7.32
2026-01-28 10:44:45,7.32
2026-01-28 10:44:46,7.32
2026-01-28 10:44:47,7.32
2026-01-28 10:44:48,7.32
2026-01-28 10:44:49,7.30
2026-01-28 10:44:50,7.30
2026-01-28 10:44:51,7.30
2026-01-28 10:44:52,7.30
2026-01-28 10:44:53,7.30
2026-01-28 10:44:54,7.31
2026-01-28 10:44:55,7.31
2026-01-28 10:44:56,7.31
2026-01-28 10:44:57,7.31
2026-01-28 10:44:58,7.31
2026-01-28 10:44:59,7.39
2026-01-28 10:45:00,7.39
2026-01-28 10:45:01,7.39
2026-01-28 10:45:02,7.39
2026-01-28 10:45:03,7.39
2026-01-28 10:45:04,7.44
2026-01-28 10:45:05,7.44
2026-01-28 10:45:06,7.44
2026-01-28 10:45:07,7.44
2026-01-28 10:45:08,7.44
2026-01-28 10:45:09,7.57
2026-01-28 10:45:10,7.57
2026-01-28 10:45:11,7.57
2026-01-28 10:45:12,7.57
2026-01-28 10:45:13,7.57
2026-01-28 10:45:14,7.50
2026-01-28 10:45:15,7.50
2026-01-28 10:45:16,7.50
2026-01-28 10:45:17,7.50
2026-01-28 10:45:18,7.50
2026-01-28 10:45:19,6.12
2026-01-28 10:45:20,6.12
2026-01-28 10:45:21,6.12
2026-01-28 10:45:22,6.12
2026-01-28 10:45:23,6.12
2026-01-28 10:45:24,0
2026-01-28 10:45:25,0
2026-01-28 10:45:26,0
2026-01-28 10:45:27,0
2026-01-28 10:45:28,0
2026-01-28 10:45:29,0
2026-01-28 10:45:30,0
2026-01-28 10:45:31,0
2026-01-28 10:45:32,0
2026-01-28 10:45:33,0
2026-01-28 10:45:34,0
2026-01-28 10:45:35,0
2026-01-28 10:45:36,0
2026-01-28 10:45:37,0
2026-01-28 10:45:38,0
2026-01-28 10:45:39,0
2026-01-28 10:45:40,0
2026-01-28 10:45:41,0
2026-01-28 10:45:42,0
2026-01-28 10:45:43,0
2026-01-28 10:45:44,0
2026-01-28 10:45:45,0
2026-01-28 10:45:46,0
2026-01-28 10:45:47,0
2026-01-28 10:45:48,0
2026-01-28 10:45:49,0
2026-01-28 10:45:50,0
2026-01-28 10:45:51,0
2026-01-28 10:45:52,0
2026-01-28 10:45:53,0
2026-01-28 10:45:54,0
2026-01-28 10:45:55,0
2026-01-28 10:45:56,0
2026-01-28 10:45:57,0
2026-01-28 10:45:58,0
2026-01-28 10:45:59,0
2026-01-28 10:46:00,0
2026-01-28 10:46:01,0
2026-01-28 10:46:02,0
2026-01-28 10:46:03,0
2026-01-28 10:46:04,0
2026-01-28 10:46:05,0
2026-01-28 10:46:06,0
2026-01-28 10:46:07,0
2026-01-28 10:46:08,0
2026-01-28 10:46:09,0
2026-01-28 10:46:10,0
2026-01-28 10:46:11,0
2026-01-28 10:46:12,0
2026-01-28 10:46:13,0
2026-01-28 10:46:14,0
2026-01-28 10:46:15,0
2026-01-28 10:46:16,0
2026-01-28 10:46:17,0
2026-01-28 10:46:18,0
2026-01-28 10:46:19,0
2026-01-28 10:46:20,0
2026-01-28 10:46:21,0
2026-01-28 10:46:22,0
2026-01-28 10:46:23,0
2026-01-28 10:46:24,0
2026-01-28 10:46:25,0
2026-01-28 10:46:26,0
2026-01-28 10:46:27,0
2026-01-28 10:46:28,0
2026-01-28 10:46:29,0
2026-01-28 10:46:30,0
2026-01-28 10:46:31,0
2026-01-28 10:46:32,0
2026-01-28 10:46:33,0
2026-01-28 10:46:34,0
2026-01-28 10:46:35,0
2026-01-28 10:46:36,0
2026-01-28 10:46:37,0
2026-01-28 10:46:38,0
2026-01-28 10:46:39,0
2026-01-28 10:46:40,0
2026-01-28 10:46:41,0
2026-01-28 10:46:42,0
2026-01-28 10:46:43,0
2026-01-28 10:46:44,0
2026-01-28 10:46:45,0
2026-01-28 10:46:46,0
2026-01-28 10:46:47,0
2026-01-28 10:46:48,0
2026-01-28 10:46:49,0
2026-01-28 10:46:50,0
2026-01-28 10:46:51,0
2026-01-28 10:46:52,0
2026-01-28 10:46:53,0
2026-01-28 10:46:54,0
2026-01-28 10:46:55,0
2026-01-28 10:46:56,0
2026-01-28 10:46:57,0
2026-01-28 10:46:58,0
2026-01-28 10:52:04,5.77
2026-01-28 10:52:05,5.77
2026-01-28 10:52:06,5.77
2026-01-28 10:52:07,5.77
2026-01-28 10:52:08,5.77
2026-01-28 10:52:09,7.98
2026-01-28 10:52:10,7.98
2026-01-28 10:52:11,7.98
2026-01-28 10:52:12,7.98
2026-01-28 10:52:13,7.98
2026-01-28 10:52:14,7.42
2026-01-28 10:52:15,7.42
2026-01-28 10:52:16,7.42
2026-01-28 10:52:17,7.42
2026-01-28 10:52:18,7.42
2026-01-28 10:52:19,7.48
2026-01-28 10:52:20,7.48
2026-01-28 10:52:21,7.48
2026-01-28 10:52:22,7.48
2026-01-28 10:52:23,7.48
2026-01-28 10:52:24,7.53
2026-01-28 10:52:25,7.53
2026-01-28 10:52:26,7.53
2026-01-28 10:52:27,7.53
2026-01-28 10:52:28,7.53
2026-01-28 10:52:29,7.48
2026-01-28 10:52:30,7.48
2026-01-28 10:52:31,7.48
2026-01-28 10:52:32,7.48
2026-01-28 10:52:33,7.48
2026-01-28 10:52:34,7.49
2026-01-28 10:52:35,7.49
2026-01-28 10:52:36,7.49
2026-01-28 10:52:37,7.49
2026-01-28 10:52:38,7.49
2026-01-28 10:52:39,7.48
2026-01-28 10:52:40,7.48
2026-01-28 10:52:41,7.48
2026-01-28 10:52:42,7.48
2026-01-28 10:52:43,7.48
2026-01-28 10:52:44,7.47
2026-01-28 10:52:45,7.47
2026-01-28 10:52:46,7.47
2026-01-28 10:52:47,7.47
2026-01-28 10:52:48,7.47
2026-01-28 10:52:49,7.47
2026-01-28 10:52:50,7.47
2026-01-28 10:52:51,7.47
2026-01-28 10:52:52,7.47
2026-01-28 10:52:53,7.47
2026-01-28 10:52:54,7.48
2026-01-28 10:52:55,7.48
2026-01-28 10:52:56,7.48
2026-01-28 10:52:57,7.48
2026-01-28 10:52:58,7.48
2026-01-28 10:52:59,7.50
2026-01-28 10:53:00,7.50
2026-01-28 10:53:01,7.50
2026-01-28 10:53:02,7.50
2026-01-28 10:53:03,7.50
2026-01-28 10:53:04,7.67
2026-01-28 10:53:05,7.67
2026-01-28 10:53:06,7.67
2026-01-28 10:53:07,7.67
2026-01-28 10:53:08,7.67
2026-01-28 10:53:09,7.66
2026-01-28 10:53:10,7.66
2026-01-28 10:53:11,7.66
2026-01-28 10:53:12,7.66
2026-01-28 10:53:13,7.66
2026-01-28 10:53:14,7.47
2026-01-28 10:53:15,7.47
2026-01-28 10:53:16,7.47
2026-01-28 10:53:17,7.47
2026-01-28 10:53:18,7.47
2026-01-28 10:53:19,7.45
2026-01-28 10:53:20,7.45
2026-01-28 10:53:21,7.45
2026-01-28 10:53:22,7.45
2026-01-28 10:53:23,7.45
2026-01-28 10:53:24,7.45
2026-01-28 10:53:25,7.45
2026-01-28 10:53:26,7.45
2026-01-28 10:53:27,7.45
2026-01-28 10:53:28,7.45
2026-01-28 10:53:29,7.55
2026-01-28 10:53:30,7.55
2026-01-28 10:53:31,7.55
2026-01-28 10:53:32,7.55
2026-01-28 10:53:33,7.55
2026-01-28 10:53:34,7.38
2026-01-28 10:53:35,7.38
2026-01-28 10:53:36,7.38
2026-01-28 10:53:37,7.38
2026-01-28 10:53:38,7.38
2026-01-28 10:53:39,7.29
2026-01-28 10:53:40,7.29
2026-01-28 10:53:41,7.29
2026-01-28 10:53:42,7.29
2026-01-28 10:53:43,7.29
2026-01-28 10:53:44,7.74
2026-01-28 10:53:45,7.74
2026-01-28 10:53:46,7.74
2026-01-28 10:53:47,7.74
2026-01-28 10:53:48,7.74
2026-01-28 10:53:49,10.6
2026-01-28 10:53:50,10.6
2026-01-28 10:53:51,10.6
2026-01-28 10:53:52,10.6
2026-01-28 10:53:53,10.6
2026-01-28 10:53:54,9.65
2026-01-28 10:53:55,9.65
2026-01-28 10:53:56,9.65
2026-01-28 10:53:57,9.65
2026-01-28 10:53:58,9.65
2026-01-28 10:53:59,8.57
2026-01-28 10:54:00,8.57
2026-01-28 10:54:01,8.57
2026-01-28 10:54:02,8.57
2026-01-28 10:54:03,8.57
2026-01-28 10:54:04,8.63
2026-01-28 10:54:05,8.63
2026-01-28 10:54:06,8.63
2026-01-28 10:54:07,8.63
2026-01-28 10:54:08,8.63
2026-01-28 10:54:09,8.89
2026-01-28 10:54:10,8.89
2026-01-28 10:54:11,8.89
2026-01-28 10:54:12,8.89
2026-01-28 10:54:13,8.89
2026-01-28 10:54:14,7.84
2026-01-28 10:54:15,7.84
2026-01-28 10:54:16,7.84
2026-01-28 10:54:17,7.84
2026-01-28 10:54:18,7.84
2026-01-28 10:54:19,7.40
2026-01-28 10:54:20,7.40
2026-01-28 10:54:21,7.40
2026-01-28 10:54:22,7.40
2026-01-28 10:54:23,7.40
2026-01-28 10:54:24,7.29
2026-01-28 10:54:25,7.29
2026-01-28 10:54:26,7.29
2026-01-28 10:54:27,7.29
2026-01-28 10:54:28,7.29
2026-01-28 10:54:29,7.30
2026-01-28 10:54:30,7.30
2026-01-28 10:54:31,7.30
2026-01-28 10:54:32,7.30
2026-01-28 10:54:33,7.30
2026-01-28 10:54:34,0
2026-01-28 10:54:35,0
2026-01-28 10:54:36,0
2026-01-28 10:54:37,0
2026-01-28 10:54:38,0
2026-01-28 10:54:39,0
2026-01-28 10:54:40,0
2026-01-28 10:54:41,0
2026-01-28 10:54:42,0
2026-01-28 10:54:43,0
2026-01-28 10:54:44,0
2026-01-28 10:54:45,0
2026-01-28 10:54:46,0
2026-01-28 10:54:47,0
2026-01-28 10:54:48,0
2026-01-28 10:54:49,0
2026-01-28 10:54:50,0
2026-01-28 10:54:51,0
2026-01-28 10:54:52,0
2026-01-28 10:54:53,0
2026-01-28 10:54:54,0
2026-01-28 10:54:55,0
2026-01-28 10:54:56,0
2026-01-28 10:54:57,0
2026-01-28 10:54:58,0
2026-01-28 10:54:59,0
2026-01-28 10:55:00,0
2026-01-28 10:55:01,0
2026-01-28 10:55:02,0
2026-01-28 10:55:03,0
2026-01-28 10:55:04,0
2026-01-28 10:55:05,0
2026-01-28 10:55:06,0
2026-01-28 10:55:07,0
2026-01-28 10:55:08,0
2026-01-28 10:55:09,0
2026-01-28 10:55:10,0
2026-01-28 10:55:11,0
2026-01-28 10:55:12,0
2026-01-28 10:55:13,0
2026-01-28 10:55:14,0
2026-01-28 10:55:15,0
2026-01-28 10:55:16,0
2026-01-28 10:55:17,0
2026-01-28 10:55:18,0
2026-01-28 10:55:19,0
2026-01-28 10:55:20,0
2026-01-28 10:55:21,0
2026-01-28 10:55:22,0
2026-01-28 10:55:23,0
2026-01-28 10:55:24,0
2026-01-28 10:55:25,0
2026-01-28 10:55:26,0
2026-01-28 10:55:27,0
2026-01-28 10:55:28,0
2026-01-28 10:55:29,0
2026-01-28 10:55:30,0
2026-01-28 10:55:31,0
2026-01-28 10:55:32,0
2026-01-28 10:55:33,0
2026-01-28 10:55:34,0
2026-01-28 10:55:35,0
2026-01-28 10:55:36,0
2026-01-28 10:55:37,0
2026-01-28 10:55:38,0
2026-01-28 10:55:39,0
2026-01-28 10:55:40,0
2026-01-28 10:55:41,0
2026-01-28 10:55:42,0
2026-01-28 10:55:43,0
2026-01-28 10:55:44,0
2026-01-28 10:55:45,0
2026-01-28 10:55:46,0
2026-01-28 10:55:47,0
2026-01-28 10:55:48,0
2026-01-28 10:55:49,0
2026-01-28 10:55:50,0
2026-01-28 10:55:51,0
2026-01-28 10:55:52,0
2026-01-28 10:55:53,0
2026-01-28 10:55:54,0
2026-01-28 10:55:55,0
2026-01-28 10:55:56,0
2026-01-28 10:55:57,0
2026-01-28 10:55:58,0
2026-01-28 10:55:59,0
2026-01-28 10:56:00,0
2026-01-28 10:56:01,0
2026-01-28 10:56:02,0
2026-01-28 10:56:03,0
2026-01-28 10:56:04,0
2026-01-28 10:56:05,0
2026-01-28 10:56:06,0
2026-01-28 10:56:07,0
2026-01-28 10:56:08,0
2026-01-28 11:01:04,2.78
2026-01-28 11:01:05,2.78
2026-01-28 11:01:06,2.78
2026-01-28 11:01:07,2.78
2026-01-28 11:01:08,2.78
2026-01-28 11:01:09,7.69
2026-01-28 11:01:10,7.69
2026-01-28 11:01:11,7.69
2026-01-28 11:01:12,7.69
2026-01-28 11:01:13,7.69
2026-01-28 11:01:14,8.98
2026-01-28 11:01:15,8.98
2026-01-28 11:01:16,8.98
2026-01-28 11:01:17,8.98
2026-01-28 11:01:18,8.98
2026-01-28 11:01:19,8.75
2026-01-28 11:01:20,8.75
2026-01-28 11:01:21,8.75
2026-01-28 11:01:22,8.75
2026-01-28 11:01:23,8.75
2026-01-28 11:01:24,8.56
2026-01-28 11:01:25,8.56
2026-01-28 11:01:26,8.56
2026-01-28 11:01:27,8.56
2026-01-28 11:01:28,8.56
2026-01-28 11:01:29,8.62
2026-01-28 11:01:30,8.62
2026-01-28 11:01:31,8.62
2026-01-28 11:01:32,8.62
2026-01-28 11:01:33,8.62
2026-01-28 11:01:34,8.57
2026-01-28 11:01:35,8.57
2026-01-28 11:01:36,8.57
2026-01-28 11:01:37,8.57
2026-01-28 11:01:38,8.57
2026-01-28 11:01:39,8.58
2026-01-28 11:01:40,8.58
2026-01-28 11:01:41,8.58
2026-01-28 11:01:42,8.58
2026-01-28 11:01:43,8.58
2026-01-28 11:01:44,8.59
2026-01-28 11:01:45,8.59
2026-01-28 11:01:46,8.59
2026-01-28 11:01:47,8.59
2026-01-28 11:01:48,8.59
2026-01-28 11:01:49,8.50
2026-01-28 11:01:50,8.50
2026-01-28 11:01:51,8.50
2026-01-28 11:01:52,8.50
2026-01-28 11:01:53,8.50
2026-01-28 11:01:54,8.59
2026-01-28 11:01:55,8.59
2026-01-28 11:01:56,8.59
2026-01-28 11:01:57,8.59
2026-01-28 11:01:58,8.59
2026-01-28 11:01:59,8.59
2026-01-28 11:02:00,8.59
2026-01-28 11:02:01,8.59
2026-01-28 11:02:02,8.59
2026-01-28 11:02:03,8.59
2026-01-28 11:02:04,8.70
2026-01-28 11:02:05,8.70
2026-01-28 11:02:06,8.70
2026-01-28 11:02:07,8.70
2026-01-28 11:02:08,8.70
2026-01-28 11:02:09,8.74
2026-01-28 11:02:10,8.74
2026-01-28 11:02:11,8.74
2026-01-28 11:02:12,8.74
2026-01-28 11:02:13,8.74
2026-01-28 11:02:14,8.57
2026-01-28 11:02:15,8.57
2026-01-28 11:02:16,8.57
2026-01-28 11:02:17,8.57
2026-01-28 11:02:18,8.57
2026-01-28 11:02:19,8.54
2026-01-28 11:02:20,8.54
2026-01-28 11:02:21,8.54
2026-01-28 11:02:22,8.54
2026-01-28 11:02:23,8.54
2026-01-28 11:02:24,8.51
2026-01-28 11:02:25,8.51
2026-01-28 11:02:26,8.51
2026-01-28 11:02:27,8.51
2026-01-28 11:02:28,8.51
2026-01-28 11:02:29,8.67
2026-01-28 11:02:30,8.67
2026-01-28 11:02:31,8.67
2026-01-28 11:02:32,8.67
2026-01-28 11:02:33,8.67
2026-01-28 11:02:34,8.62
2026-01-28 11:02:35,8.62
2026-01-28 11:02:36,8.62
2026-01-28 11:02:37,8.62
2026-01-28 11:02:38,8.62
2026-01-28 11:02:39,8.67
2026-01-28 11:02:40,8.67
2026-01-28 11:02:41,8.67
2026-01-28 11:02:42,8.67
2026-01-28 11:02:43,8.67
2026-01-28 11:02:44,9.99
2026-01-28 11:02:45,9.99
2026-01-28 11:02:46,9.99
2026-01-28 11:02:47,9.99
2026-01-28 11:02:48,9.99
2026-01-28 11:02:49,8.40
2026-01-28 11:02:50,8.40
2026-01-28 11:02:51,8.40
2026-01-28 11:02:52,8.40
2026-01-28 11:02:53,8.40
2026-01-28 11:02:54,7.53
2026-01-28 11:02:55,7.53
2026-01-28 11:02:56,7.53
2026-01-28 11:02:57,7.53
2026-01-28 11:02:58,7.53
2026-01-28 11:02:59,7.47
2026-01-28 11:03:00,7.47
2026-01-28 11:03:01,7.47
2026-01-28 11:03:02,7.47
2026-01-28 11:03:03,7.47
2026-01-28 11:03:04,7.53
2026-01-28 11:03:05,7.53
2026-01-28 11:03:06,7.53
2026-01-28 11:03:07,7.53
2026-01-28 11:03:08,7.53
2026-01-28 11:03:09,7.65
2026-01-28 11:03:10,7.65
2026-01-28 11:03:11,7.65
2026-01-28 11:03:12,7.65
2026-01-28 11:03:13,7.65
2026-01-28 11:03:14,7.25
2026-01-28 11:03:15,7.25
2026-01-28 11:03:16,7.25
2026-01-28 11:03:17,7.25
2026-01-28 11:03:18,7.25
2026-01-28 11:03:19,8.66
2026-01-28 11:03:20,8.66
2026-01-28 11:03:21,8.66
2026-01-28 11:03:22,8.66
2026-01-28 11:03:23,8.66
2026-01-28 11:03:24,8.55
2026-01-28 11:03:25,8.55
2026-01-28 11:03:26,8.55
2026-01-28 11:03:27,8.55
2026-01-28 11:03:28,8.55
2026-01-28 11:03:29,7.55
2026-01-28 11:03:30,7.55
2026-01-28 11:03:31,7.55
2026-01-28 11:03:32,7.55
2026-01-28 11:03:33,7.55
2026-01-28 11:03:34,7.78
2026-01-28 11:03:35,7.78
2026-01-28 11:03:36,7.78
2026-01-28 11:03:37,7.78
2026-01-28 11:03:38,7.78
2026-01-28 11:03:39,0
2026-01-28 11:03:40,0
2026-01-28 11:03:41,0
2026-01-28 11:03:42,0
2026-01-28 11:03:43,0
2026-01-28 11:03:44,0
2026-01-28 11:03:45,0
2026-01-28 11:03:46,0
2026-01-28 11:03:47,0
2026-01-28 11:03:48,0
2026-01-28 11:03:49,0
2026-01-28 11:03:50,0
2026-01-28 11:03:51,0
2026-01-28 11:03:52,0
2026-01-28 11:03:53,0
2026-01-28 11:03:54,0
2026-01-28 11:03:55,0
2026-01-28 11:03:56,0
2026-01-28 11:03:57,0
2026-01-28 11:03:58,0
2026-01-28 11:03:59,0
2026-01-28 11:04:00,0
2026-01-28 11:04:01,0
2026-01-28 11:04:02,0
2026-01-28 11:04:03,0
2026-01-28 11:04:04,0
2026-01-28 11:04:05,0
2026-01-28 11:04:06,0
2026-01-28 11:04:07,0
2026-01-28 11:04:08,0
2026-01-28 11:04:09,0
2026-01-28 11:04:10,0
2026-01-28 11:04:11,0
2026-01-28 11:04:12,0
2026-01-28 11:04:13,0
2026-01-28 11:04:14,0
2026-01-28 11:04:15,0
2026-01-28 11:04:16,0
2026-01-28 11:04:17,0
2026-01-28 11:04:18,0
2026-01-28 11:04:19,0
2026-01-28 11:04:20,0
2026-01-28 11:04:21,0
2026-01-28 11:04:22,0
2026-01-28 11:04:23,0
2026-01-28 11:04:24,0
2026-01-28 11:04:25,0
2026-01-28 11:04:26,0
2026-01-28 11:04:27,0
2026-01-28 11:04:28,0
2026-01-28 11:04:29,0
2026-01-28 11:04:30,0
2026-01-28 11:04:31,0
2026-01-28 11:04:32,0
2026-01-28 11:04:33,0
2026-01-28 11:04:34,0
2026-01-28 11:04:35,0
2026-01-28 11:04:36,0
2026-01-28 11:04:37,0
2026-01-28 11:04:38,0
2026-01-28 11:04:39,0
2026-01-28 11:04:40,0
2026-01-28 11:04:41,0
2026-01-28 11:04:42,0
2026-01-28 11:04:43,0
2026-01-28 11:04:44,0
2026-01-28 11:04:45,0
2026-01-28 11:04:46,0
2026-01-28 11:04:47,0
2026-01-28 11:04:48,0
2026-01-28 11:04:49,0
2026-01-28 11:04:50,0
2026-01-28 11:04:51,0
2026-01-28 11:04:52,0
2026-01-28 11:04:53,0
2026-01-28 11:04:54,0
2026-01-28 11:04:55,0
2026-01-28 11:04:56,0
2026-01-28 11:04:57,0
2026-01-28 11:04:58,0
2026-01-28 11:04:59,0
2026-01-28 11:05:00,0
2026-01-28 11:05:01,0
2026-01-28 11:05:02,0
2026-01-28 11:05:03,0
2026-01-28 11:05:04,0
2026-01-28 11:05:05,0
2026-01-28 11:05:06,0
2026-01-28 11:05:07,0
2026-01-28 11:05:08,0
2026-01-28 11:05:09,0
2026-01-28 11:05:10,0
2026-01-28 11:05:11,0
2026-01-28 11:05:12,0
2026-01-28 11:05:13,0
2026-01-28 11:10:09,2.72
2026-01-28 11:10:10,2.72
2026-01-28 11:10:11,2.72
2026-01-28 11:10:12,2.72
2026-01-28 11:10:13,2.72
2026-01-28 11:10:14,6.64
2026-01-28 11:10:15,6.64
2026-01-28 11:10:16,6.64
2026-01-28 11:10:17,6.64
2026-01-28 11:10:18,6.64
2026-01-28 11:10:19,6.30
2026-01-28 11:10:20,6.30
2026-01-28 11:10:21,6.30
2026-01-28 11:10:22,6.30
2026-01-28 11:10:23,6.30
2026-01-28 11:10:24,6.16
2026-01-28 11:10:25,6.16
2026-01-28 11:10:26,6.16
2026-01-28 11:10:27,6.16
2026-01-28 11:10:28,6.16
2026-01-28 11:10:29,6.17
2026-01-28 11:10:30,6.17
2026-01-28 11:10:31,6.17
2026-01-28 11:10:32,6.17
2026-01-28 11:10:33,6.17
2026-01-28 11:10:34,6.19
2026-01-28 11:10:35,6.19
2026-01-28 11:10:36,6.19
2026-01-28 11:10:37,6.19
2026-01-28 11:10:38,6.19
2026-01-28 11:10:39,6.17
2026-01-28 11:10:40,6.17
2026-01-28 11:10:41,6.17
2026-01-28 11:10:42,6.17
2026-01-28 11:10:43,6.17
2026-01-28 11:10:44,7.56
2026-01-28 11:10:45,7.56
2026-01-28 11:10:46,7.56
2026-01-28 11:10:47,7.56
2026-01-28 11:10:48,7.56
2026-01-28 11:10:49,7.75
2026-01-28 11:10:50,7.75
2026-01-28 11:10:51,7.75
2026-01-28 11:10:52,7.75
2026-01-28 11:10:53,7.75
2026-01-28 11:10:54,7.47
2026-01-28 11:10:55,7.47
2026-01-28 11:10:56,7.47
2026-01-28 11:10:57,7.47
2026-01-28 11:10:58,7.47
2026-01-28 11:10:59,7.44
2026-01-28 11:11:00,7.44
2026-01-28 11:11:01,7.44
2026-01-28 11:11:02,7.44
2026-01-28 11:11:03,7.44
2026-01-28 11:11:04,7.48
2026-01-28 11:11:05,7.48
2026-01-28 11:11:06,7.48
2026-01-28 11:11:07,7.48
2026-01-28 11:11:08,7.48
2026-01-28 11:11:09,7.60
2026-01-28 11:11:10,7.60
2026-01-28 11:11:11,7.60
2026-01-28 11:11:12,7.60
2026-01-28 11:11:13,7.60
2026-01-28 11:11:14,6.96
2026-01-28 11:11:15,6.96
2026-01-28 11:11:16,6.96
2026-01-28 11:11:17,6.96
2026-01-28 11:11:18,6.96
2026-01-28 11:11:19,8.63
2026-01-28 11:11:20,8.63
2026-01-28 11:11:21,8.63
2026-01-28 11:11:22,8.63
2026-01-28 11:11:23,8.63
2026-01-28 11:11:24,8.53
2026-01-28 11:11:25,8.53
2026-01-28 11:11:26,8.53
2026-01-28 11:11:27,8.53
2026-01-28 11:11:28,8.53
2026-01-28 11:11:29,8.44
2026-01-28 11:11:30,8.44
2026-01-28 11:11:31,8.44
2026-01-28 11:11:32,8.44
2026-01-28 11:11:33,8.44
2026-01-28 11:11:34,10.3
2026-01-28 11:11:35,10.3
2026-01-28 11:11:36,10.3
2026-01-28 11:11:37,10.3
2026-01-28 11:11:38,10.3
2026-01-28 11:11:39,9.13
2026-01-28 11:11:40,9.13
2026-01-28 11:11:41,9.13
2026-01-28 11:11:42,9.13
2026-01-28 11:11:43,9.13
2026-01-28 11:11:44,7.20
2026-01-28 11:11:45,7.20
2026-01-28 11:11:46,7.20
2026-01-28 11:11:47,7.20
2026-01-28 11:11:48,7.20
2026-01-28 11:11:49,7.33
2026-01-28 11:11:50,7.33
2026-01-28 11:11:51,7.33
2026-01-28 11:11:52,7.33
2026-01-28 11:11:53,7.33
2026-01-28 11:11:54,7.28
2026-01-28 11:11:55,7.28
2026-01-28 11:11:56,7.28
2026-01-28 11:11:57,7.28
2026-01-28 11:11:58,7.28
2026-01-28 11:11:59,7.28
2026-01-28 11:12:00,7.28
2026-01-28 11:12:01,7.28
2026-01-28 11:12:02,7.28
2026-01-28 11:12:03,7.28
2026-01-28 11:12:04,7.37
2026-01-28 11:12:05,7.37
2026-01-28 11:12:06,7.37
2026-01-28 11:12:07,7.37
2026-01-28 11:12:08,7.37
2026-01-28 11:12:09,7.66
2026-01-28 11:12:10,7.66
2026-01-28 11:12:11,7.66
2026-01-28 11:12:12,7.66
2026-01-28 11:12:13,7.66
2026-01-28 11:12:14,7.72
2026-01-28 11:12:15,7.72
2026-01-28 11:12:16,7.72
2026-01-28 11:12:17,7.72
2026-01-28 11:12:18,7.72
2026-01-28 11:12:19,7.29
2026-01-28 11:12:20,7.29
2026-01-28 11:12:21,7.29
2026-01-28 11:12:22,7.29
2026-01-28 11:12:23,7.29
2026-01-28 11:12:24,7.28
2026-01-28 11:12:25,7.28
2026-01-28 11:12:26,7.28
2026-01-28 11:12:27,7.28
2026-01-28 11:12:28,7.28
2026-01-28 11:12:29,7.31
2026-01-28 11:12:30,7.31
2026-01-28 11:12:31,7.31
2026-01-28 11:12:32,7.31
2026-01-28 11:12:33,7.31
2026-01-28 11:12:34,7.36
2026-01-28 11:12:35,7.36
2026-01-28 11:12:36,7.36
2026-01-28 11:12:37,7.36
2026-01-28 11:12:38,7.36
2026-01-28 11:12:39,0
2026-01-28 11:12:40,0
2026-01-28 11:12:41,0
2026-01-28 11:12:42,0
2026-01-28 11:12:43,0
2026-01-28 11:12:44,0
2026-01-28 11:12:45,0
2026-01-28 11:12:46,0
2026-01-28 11:12:47,0
2026-01-28 11:12:48,0
2026-01-28 11:12:49,0
2026-01-28 11:12:50,0
2026-01-28 11:12:51,0
2026-01-28 11:12:52,0
2026-01-28 11:12:53,0
2026-01-28 11:12:54,0
2026-01-28 11:12:55,0
2026-01-28 11:12:56,0
2026-01-28 11:12:57,0
2026-01-28 11:12:58,0
2026-01-28 11:12:59,0
2026-01-28 11:13:00,0
2026-01-28 11:13:01,0
2026-01-28 11:13:02,0
2026-01-28 11:13:03,0
2026-01-28 11:13:04,0
2026-01-28 11:13:05,0
2026-01-28 11:13:06,0
2026-01-28 11:13:07,0
2026-01-28 11:13:08,0
2026-01-28 11:13:09,0
2026-01-28 11:13:10,0
2026-01-28 11:13:11,0
2026-01-28 11:13:12,0
2026-01-28 11:13:13,0
2026-01-28 11:13:14,0
2026-01-28 11:13:15,0
2026-01-28 11:13:16,0
2026-01-28 11:13:17,0
2026-01-28 11:13:18,0
2026-01-28 11:13:19,0
2026-01-28 11:13:20,0
2026-01-28 11:13:21,0
2026-01-28 11:13:22,0
2026-01-28 11:13:23,0
2026-01-28 11:13:24,0
2026-01-28 11:13:25,0
2026-01-28 11:13:26,0
2026-01-28 11:13:27,0
2026-01-28 11:13:28,0
2026-01-28 11:13:29,0
2026-01-28 11:13:30,0
2026-01-28 11:13:31,0
2026-01-28 11:13:32,0
2026-01-28 11:13:33,0
2026-01-28 11:13:34,0
2026-01-28 11:13:35,0
2026-01-28 11:13:36,0
2026-01-28 11:13:37,0
2026-01-28 11:13:38,0
2026-01-28 11:13:39,0
2026-01-28 11:13:40,0
2026-01-28 11:13:41,0
2026-01-28 11:13:42,0
2026-01-28 11:13:43,0
2026-01-28 11:13:44,0
2026-01-28 11:13:45,0
2026-01-28 11:13:46,0
2026-01-28 11:13:47,0
2026-01-28 11:13:48,0
2026-01-28 11:13:49,0
2026-01-28 11:13:50,0
2026-01-28 11:13:51,0
2026-01-28 11:13:52,0
2026-01-28 11:13:53,0
2026-01-28 11:13:54,0
2026-01-28 11:13:55,0
2026-01-28 11:13:56,0
2026-01-28 11:13:57,0
2026-01-28 11:13:58,0
2026-01-28 11:13:59,0
2026-01-28 11:14:00,0
2026-01-28 11:14:01,0
2026-01-28 11:14:02,0
2026-01-28 11:14:03,0
2026-01-28 11:14:04,0
2026-01-28 11:14:05,0
2026-01-28 11:14:06,0
2026-01-28 11:14:07,0
2026-01-28 11:14:08,0
2026-01-28 11:14:09,0
2026-01-28 11:14:10,0
2026-01-28 11:14:11,0
2026-01-28 11:14:12,0
2026-01-28 11:14:13,0
2026-01-28 11:19:19,1.13
2026-01-28 11:19:20,1.13
2026-01-28 11:19:21,1.13
2026-01-28 11:19:22,1.13
2026-01-28 11:19:23,1.13
2026-01-28 11:19:24,6.18
2026-01-28 11:19:25,6.18
2026-01-28 11:19:26,6.18
2026-01-28 11:19:27,6.18
2026-01-28 11:19:28,6.18
2026-01-28 11:19:29,7.34
2026-01-28 11:19:30,7.34
2026-01-28 11:19:31,7.34
2026-01-28 11:19:32,7.34
2026-01-28 11:19:33,7.34
2026-01-28 11:19:34,7.54
2026-01-28 11:19:35,7.54
2026-01-28 11:19:36,7.54
2026-01-28 11:19:37,7.54
2026-01-28 11:19:38,7.54
2026-01-28 11:19:39,7.31
2026-01-28 11:19:40,7.31
2026-01-28 11:19:41,7.31
2026-01-28 11:19:42,7.31
2026-01-28 11:19:43,7.31
2026-01-28 11:19:44,7.15
2026-01-28 11:19:45,7.15
2026-01-28 11:19:46,7.15
2026-01-28 11:19:47,7.15
2026-01-28 11:19:48,7.15
2026-01-28 11:19:49,7.27
2026-01-28 11:19:50,7.27
2026-01-28 11:19:51,7.27
2026-01-28 11:19:52,7.27
2026-01-28 11:19:53,7.27
2026-01-28 11:19:54,7.19
2026-01-28 11:19:55,7.19
2026-01-28 11:19:56,7.19
2026-01-28 11:19:57,7.19
2026-01-28 11:19:58,7.19
2026-01-28 11:19:59,7.16
2026-01-28 11:20:00,7.16
2026-01-28 11:20:01,7.16
2026-01-28 11:20:02,7.16
2026-01-28 11:20:03,7.16
2026-01-28 11:20:04,8.97
2026-01-28 11:20:05,8.97
2026-01-28 11:20:06,8.97
2026-01-28 11:20:07,8.97
2026-01-28 11:20:08,8.97
2026-01-28 11:20:09,7.28
2026-01-28 11:20:10,7.28
2026-01-28 11:20:11,7.28
2026-01-28 11:20:12,7.28
2026-01-28 11:20:13,7.28
2026-01-28 11:20:14,6.39
2026-01-28 11:20:15,6.39
2026-01-28 11:20:16,6.39
2026-01-28 11:20:17,6.39
2026-01-28 11:20:18,6.39
2026-01-28 11:20:19,6.15
2026-01-28 11:20:20,6.15
2026-01-28 11:20:21,6.15
2026-01-28 11:20:22,6.15
2026-01-28 11:20:23,6.15
2026-01-28 11:20:24,5.61
2026-01-28 11:20:25,5.61
2026-01-28 11:20:26,5.61
2026-01-28 11:20:27,5.61
2026-01-28 11:20:28,5.61
2026-01-28 11:20:29,6.15
2026-01-28 11:20:30,6.15
2026-01-28 11:20:31,6.15
2026-01-28 11:20:32,6.15
2026-01-28 11:20:33,6.15
2026-01-28 11:20:34,9.81
2026-01-28 11:20:35,9.81
2026-01-28 11:20:36,9.81
2026-01-28 11:20:37,9.81
2026-01-28 11:20:38,9.81
2026-01-28 11:20:39,9.34
2026-01-28 11:20:40,9.34
2026-01-28 11:20:41,9.34
2026-01-28 11:20:42,9.34
2026-01-28 11:20:43,9.34
2026-01-28 11:20:44,6.70
2026-01-28 11:20:45,6.70
2026-01-28 11:20:46,6.70
2026-01-28 11:20:47,6.70
2026-01-28 11:20:48,6.70
2026-01-28 11:20:49,6.43
2026-01-28 11:20:50,6.43
2026-01-28 11:20:51,6.43
2026-01-28 11:20:52,6.43
2026-01-28 11:20:53,6.43
2026-01-28 11:20:54,6.32
2026-01-28 11:20:55,6.32
2026-01-28 11:20:56,6.32
2026-01-28 11:20:57,6.32
2026-01-28 11:20:58,6.32
2026-01-28 11:20:59,6.37
2026-01-28 11:21:00,6.37
2026-01-28 11:21:01,6.37
2026-01-28 11:21:02,6.37
2026-01-28 11:21:03,6.37
2026-01-28 11:21:04,6.30
2026-01-28 11:21:05,6.30
2026-01-28 11:21:06,6.30
2026-01-28 11:21:07,6.30
2026-01-28 11:21:08,6.30
2026-01-28 11:21:09,6.31
2026-01-28 11:21:10,6.31
2026-01-28 11:21:11,6.31
2026-01-28 11:21:12,6.31
2026-01-28 11:21:13,6.31
2026-01-28 11:21:14,6.55
2026-01-28 11:21:15,6.55
2026-01-28 11:21:16,6.55
2026-01-28 11:21:17,6.55
2026-01-28 11:21:18,6.55
2026-01-28 11:21:19,6.61
2026-01-28 11:21:20,6.61
2026-01-28 11:21:21,6.61
2026-01-28 11:21:22,6.61
2026-01-28 11:21:23,6.61
2026-01-28 11:21:24,6.27
2026-01-28 11:21:25,6.27
2026-01-28 11:21:26,6.27
2026-01-28 11:21:27,6.27
2026-01-28 11:21:28,6.27
2026-01-28 11:21:29,9.08
2026-01-28 11:21:30,9.08
2026-01-28 11:21:31,9.08
2026-01-28 11:21:32,9.08
2026-01-28 11:21:33,9.08
2026-01-28 11:21:34,7.14
2026-01-28 11:21:35,7.14
2026-01-28 11:21:36,7.14
2026-01-28 11:21:37,7.14
2026-01-28 11:21:38,7.14
2026-01-28 11:21:39,5.28
2026-01-28 11:21:40,5.28
2026-01-28 11:21:41,5.28
2026-01-28 11:21:42,5.28
2026-01-28 11:21:43,5.28
2026-01-28 11:21:44,5.19
2026-01-28 11:21:45,5.19
2026-01-28 11:21:46,5.19
2026-01-28 11:21:47,5.19
2026-01-28 11:21:48,5.19
2026-01-28 11:21:49,5.20
2026-01-28 11:21:50,5.20
2026-01-28 11:21:51,5.20
2026-01-28 11:21:52,5.20
2026-01-28 11:21:53,5.20
2026-01-28 11:21:54,0
2026-01-28 11:21:55,0
2026-01-28 11:21:56,0
2026-01-28 11:21:57,0
2026-01-28 11:21:58,0
2026-01-28 11:21:59,0
2026-01-28 11:22:00,0
2026-01-28 11:22:01,0
2026-01-28 11:22:02,0
2026-01-28 11:22:03,0
2026-01-28 11:22:04,0
2026-01-28 11:22:05,0
2026-01-28 11:22:06,0
2026-01-28 11:22:07,0
2026-01-28 11:22:08,0
2026-01-28 11:22:09,0
2026-01-28 11:22:10,0
2026-01-28 11:22:11,0
2026-01-28 11:22:12,0
2026-01-28 11:22:13,0
2026-01-28 11:22:14,0
2026-01-28 11:22:15,0
2026-01-28 11:22:16,0
2026-01-28 11:22:17,0
2026-01-28 11:22:18,0
2026-01-28 11:22:19,0
2026-01-28 11:22:20,0
2026-01-28 11:22:21,0
2026-01-28 11:22:22,0
2026-01-28 11:22:23,0
2026-01-28 11:22:24,0
2026-01-28 11:22:25,0
2026-01-28 11:22:26,0
2026-01-28 11:22:27,0
2026-01-28 11:22:28,0
2026-01-28 11:22:29,0
2026-01-28 11:22:30,0
2026-01-28 11:22:31,0
2026-01-28 11:22:32,0
2026-01-28 11:22:33,0
2026-01-28 11:22:34,0
2026-01-28 11:22:35,0
2026-01-28 11:22:36,0
2026-01-28 11:22:37,0
2026-01-28 11:22:38,0
2026-01-28 11:22:39,0
2026-01-28 11:22:40,0
2026-01-28 11:22:41,0
2026-01-28 11:22:42,0
2026-01-28 11:22:43,0
2026-01-28 11:22:44,0
2026-01-28 11:22:45,0
2026-01-28 11:22:46,0
2026-01-28 11:22:47,0
2026-01-28 11:22:48,0
2026-01-28 11:22:49,0
2026-01-28 11:22:50,0
2026-01-28 11:22:51,0
2026-01-28 11:22:52,0
2026-01-28 11:22:53,0
2026-01-28 11:22:54,0
2026-01-28 11:22:55,0
2026-01-28 11:22:56,0
2026-01-28 11:22:57,0
2026-01-28 11:22:58,0
2026-01-28 11:22:59,0
2026-01-28 11:23:00,0
2026-01-28 11:23:01,0
2026-01-28 11:23:02,0
2026-01-28 11:23:03,0
2026-01-28 11:23:04,0
2026-01-28 11:23:05,0
2026-01-28 11:23:06,0
2026-01-28 11:23:07,0
2026-01-28 11:23:08,0
2026-01-28 11:23:09,0
2026-01-28 11:23:10,0
2026-01-28 11:23:11,0
2026-01-28 11:23:12,0
2026-01-28 11:23:13,0
2026-01-28 11:23:14,0
2026-01-28 11:23:15,0
2026-01-28 11:23:16,0
2026-01-28 11:23:17,0
2026-01-28 11:23:18,0
2026-01-28 11:23:19,0
2026-01-28 11:23:20,0
2026-01-28 11:23:21,0
2026-01-28 11:23:22,0
2026-01-28 11:23:23,0
2026-01-28 11:23:24,0
2026-01-28 11:23:25,0
2026-01-28 11:23:26,0
2026-01-28 11:23:27,0
2026-01-28 11:23:28,0
2026-01-28 11:28:34,2.31
2026-01-28 11:28:35,2.31
2026-01-28 11:28:36,2.31
2026-01-28 11:28:37,2.31
2026-01-28 11:28:38,2.31
2026-01-28 11:28:39,6.48
2026-01-28 11:28:40,6.48
2026-01-28 11:28:41,6.48
2026-01-28 11:28:42,6.48
2026-01-28 11:28:43,6.48
2026-01-28 11:28:44,8.82
2026-01-28 11:28:45,8.82
2026-01-28 11:28:46,8.82
2026-01-28 11:28:47,8.82
2026-01-28 11:28:48,8.82
2026-01-28 11:28:49,9.10
2026-01-28 11:28:50,9.10
2026-01-28 11:28:51,9.10
2026-01-28 11:28:52,9.10
2026-01-28 11:28:53,9.10
2026-01-28 11:28:54,6.20
2026-01-28 11:28:55,6.20
2026-01-28 11:28:56,6.20
2026-01-28 11:28:57,6.20
2026-01-28 11:28:58,6.20
2026-01-28 11:28:59,5.08
2026-01-28 11:29:00,5.08
2026-01-28 11:29:01,5.08
2026-01-28 11:29:02,5.08
2026-01-28 11:29:03,5.08
2026-01-28 11:29:04,5.03
2026-01-28 11:29:05,5.03
2026-01-28 11:29:06,5.03
2026-01-28 11:29:07,5.03
2026-01-28 11:29:08,5.03
2026-01-28 11:29:09,5.03
2026-01-28 11:29:10,5.03
2026-01-28 11:29:11,5.03
2026-01-28 11:29:12,5.03
2026-01-28 11:29:13,5.03
2026-01-28 11:29:14,5.19
2026-01-28 11:29:15,5.19
2026-01-28 11:29:16,5.19
2026-01-28 11:29:17,5.19
2026-01-28 11:29:18,5.19
2026-01-28 11:29:19,5.41
2026-01-28 11:29:20,5.41
2026-01-28 11:29:21,5.41
2026-01-28 11:29:22,5.41
2026-01-28 11:29:23,5.41
2026-01-28 11:29:24,8.14
2026-01-28 11:29:25,8.14
2026-01-28 11:29:26,8.14
2026-01-28 11:29:27,8.14
2026-01-28 11:29:28,8.14
2026-01-28 11:29:29,5.38
2026-01-28 11:29:30,5.38
2026-01-28 11:29:31,5.38
2026-01-28 11:29:32,5.38
2026-01-28 11:29:33,5.38
2026-01-28 11:29:34,3.87
2026-01-28 11:29:35,3.87
2026-01-28 11:29:36,3.87
2026-01-28 11:29:37,3.87
2026-01-28 11:29:38,3.87
2026-01-28 11:29:39,3.95
2026-01-28 11:29:40,3.95
2026-01-28 11:29:41,3.95
2026-01-28 11:29:42,3.95
2026-01-28 11:29:43,3.95
2026-01-28 11:29:44,3.82
2026-01-28 11:29:45,3.82
2026-01-28 11:29:46,3.82
2026-01-28 11:29:47,3.82
2026-01-28 11:29:48,3.82
2026-01-28 11:29:49,3.96
2026-01-28 11:29:50,3.96
2026-01-28 11:29:51,3.96
2026-01-28 11:29:52,3.96
2026-01-28 11:29:53,3.96
2026-01-28 11:29:54,3.76
2026-01-28 11:29:55,3.76
2026-01-28 11:29:56,3.76
2026-01-28 11:29:57,3.76
2026-01-28 11:29:58,3.76
2026-01-28 11:29:59,3.94
2026-01-28 11:30:00,3.94
2026-01-28 11:30:01,3.94
2026-01-28 11:30:02,3.94
2026-01-28 11:30:03,3.94
2026-01-28 11:30:04,3.77
2026-01-28 11:30:05,3.77
2026-01-28 11:30:06,3.77
2026-01-28 11:30:07,3.77
2026-01-28 11:30:08,3.77
2026-01-28 11:30:09,3.89
2026-01-28 11:30:10,3.89
2026-01-28 11:30:11,3.89
2026-01-28 11:30:12,3.89
2026-01-28 11:30:13,3.89
2026-01-28 11:30:14,5.42
2026-01-28 11:30:15,5.42
2026-01-28 11:30:16,5.42
2026-01-28 11:30:17,5.42
2026-01-28 11:30:18,5.42
2026-01-28 11:30:19,5.90
2026-01-28 11:30:20,5.90
2026-01-28 11:30:21,5.90
2026-01-28 11:30:22,5.90
2026-01-28 11:30:23,5.90
2026-01-28 11:30:24,5.51
2026-01-28 11:30:25,5.51
2026-01-28 11:30:26,5.51
2026-01-28 11:30:27,5.51
2026-01-28 11:30:28,5.51
2026-01-28 11:30:29,5.16
2026-01-28 11:30:30,5.16
2026-01-28 11:30:31,5.16
2026-01-28 11:30:32,5.16
2026-01-28 11:30:33,5.16
2026-01-28 11:30:34,5.11
2026-01-28 11:30:35,5.11
2026-01-28 11:30:36,5.11
2026-01-28 11:30:37,5.11
2026-01-28 11:30:38,5.11
2026-01-28 11:30:39,5.37
2026-01-28 11:30:40,5.37
2026-01-28 11:30:41,5.37
2026-01-28 11:30:42,5.37
2026-01-28 11:30:43,5.37
2026-01-28 11:30:44,5.15
2026-01-28 11:30:45,5.15
2026-01-28 11:30:46,5.15
2026-01-28 11:30:47,5.15
2026-01-28 11:30:48,5.15
2026-01-28 11:30:49,5.19
2026-01-28 11:30:50,5.19
2026-01-28 11:30:51,5.19
2026-01-28 11:30:52,5.19
2026-01-28 11:30:53,5.19
2026-01-28 11:30:54,5.13
2026-01-28 11:30:55,5.13
2026-01-28 11:30:56,5.13
2026-01-28 11:30:57,5.13
2026-01-28 11:30:58,5.13
2026-01-28 11:30:59,5.29
2026-01-28 11:31:00,5.29
2026-01-28 11:31:01,5.29
2026-01-28 11:31:02,5.29
2026-01-28 11:31:03,5.29
2026-01-28 11:31:04,0
2026-01-28 11:31:05,0
2026-01-28 11:31:06,0
2026-01-28 11:31:07,0
2026-01-28 11:31:08,0
2026-01-28 11:31:09,0
2026-01-28 11:31:10,0
2026-01-28 11:31:11,0
2026-01-28 11:31:12,0
2026-01-28 11:31:13,0
2026-01-28 11:31:14,0
2026-01-28 11:31:15,0
2026-01-28 11:31:16,0
2026-01-28 11:31:17,0
2026-01-28 11:31:18,0
2026-01-28 11:31:19,0
2026-01-28 11:31:20,0
2026-01-28 11:31:21,0
2026-01-28 11:31:22,0
2026-01-28 11:31:23,0
2026-01-28 11:31:24,0
2026-01-28 11:31:25,0
2026-01-28 11:31:26,0
2026-01-28 11:31:27,0
2026-01-28 11:31:28,0
2026-01-28 11:31:29,0
2026-01-28 11:31:30,0
2026-01-28 11:31:31,0
2026-01-28 11:31:32,0
2026-01-28 11:31:33,0
2026-01-28 11:31:34,0
2026-01-28 11:31:35,0
2026-01-28 11:31:36,0
2026-01-28 11:31:37,0
2026-01-28 11:31:38,0
2026-01-28 11:31:39,0
2026-01-28 11:31:40,0
2026-01-28 11:31:41,0
2026-01-28 11:31:42,0
2026-01-28 11:31:43,0
2026-01-28 11:31:44,0
2026-01-28 11:31:45,0
2026-01-28 11:31:46,0
2026-01-28 11:31:47,0
2026-01-28 11:31:48,0
2026-01-28 11:31:49,0
2026-01-28 11:31:50,0
2026-01-28 11:31:51,0
2026-01-28 11:31:52,0
2026-01-28 11:31:53,0
2026-01-28 11:31:54,0
2026-01-28 11:31:55,0
2026-01-28 11:31:56,0
2026-01-28 11:31:57,0
2026-01-28 11:31:58,0
2026-01-28 11:31:59,0
2026-01-28 11:32:00,0
2026-01-28 11:32:01,0
2026-01-28 11:32:02,0
2026-01-28 11:32:03,0
2026-01-28 11:32:04,0
2026-01-28 11:32:05,0
2026-01-28 11:32:06,0
2026-01-28 11:32:07,0
2026-01-28 11:32:08,0
2026-01-28 11:32:09,0
2026-01-28 11:32:10,0
2026-01-28 11:32:11,0
2026-01-28 11:32:12,0
2026-01-28 11:32:13,0
2026-01-28 11:32:14,0
2026-01-28 11:32:15,0
2026-01-28 11:32:16,0
2026-01-28 11:32:17,0
2026-01-28 11:32:18,0
2026-01-28 11:32:19,0
2026-01-28 11:32:20,0
2026-01-28 11:32:21,0
2026-01-28 11:32:22,0
2026-01-28 11:32:23,0
2026-01-28 11:32:24,0
2026-01-28 11:32:25,0
2026-01-28 11:32:26,0
2026-01-28 11:32:27,0
2026-01-28 11:32:28,0
2026-01-28 11:32:29,0
2026-01-28 11:32:30,0
2026-01-28 11:32:31,0
2026-01-28 11:32:32,0
2026-01-28 11:32:33,0
2026-01-28 11:32:34,0
2026-01-28 11:32:35,0
2026-01-28 11:32:36,0
2026-01-28 11:32:37,0
2026-01-28 11:32:38,0
2026-01-28 11:37:39,0.925
2026-01-28 11:37:40,0.925
2026-01-28 11:37:41,0.925
2026-01-28 11:37:42,0.925
2026-01-28 11:37:43,0.925
2026-01-28 11:37:44,4.77
2026-01-28 11:37:45,4.77
2026-01-28 11:37:46,4.77
2026-01-28 11:37:47,4.77
2026-01-28 11:37:48,4.77
2026-01-28 11:37:49,8.58
2026-01-28 11:37:50,8.58
2026-01-28 11:37:51,8.58
2026-01-28 11:37:52,8.58
2026-01-28 11:37:53,8.58
2026-01-28 11:37:54,6.27
2026-01-28 11:37:55,6.27
2026-01-28 11:37:56,6.27
2026-01-28 11:37:57,6.27
2026-01-28 11:37:58,6.27
2026-01-28 11:37:59,5.07
2026-01-28 11:38:00,5.07
2026-01-28 11:38:01,5.07
2026-01-28 11:38:02,5.07
2026-01-28 11:38:03,5.07
2026-01-28 11:38:04,5.07
2026-01-28 11:38:05,5.07
2026-01-28 11:38:06,5.07
2026-01-28 11:38:07,5.07
2026-01-28 11:38:08,5.07
2026-01-28 11:38:09,5.23
2026-01-28 11:38:10,5.23
2026-01-28 11:38:11,5.23
2026-01-28 11:38:12,5.23
2026-01-28 11:38:13,5.23
2026-01-28 11:38:14,5.24
2026-01-28 11:38:15,5.24
2026-01-28 11:38:16,5.24
2026-01-28 11:38:17,5.24
2026-01-28 11:38:18,5.24
2026-01-28 11:38:19,5.12
2026-01-28 11:38:20,5.12
2026-01-28 11:38:21,5.12
2026-01-28 11:38:22,5.12
2026-01-28 11:38:23,5.12
2026-01-28 11:38:24,5.56
2026-01-28 11:38:25,5.56
2026-01-28 11:38:26,5.56
2026-01-28 11:38:27,5.56
2026-01-28 11:38:28,5.56
2026-01-28 11:38:29,5.54
2026-01-28 11:38:30,5.54
2026-01-28 11:38:31,5.54
2026-01-28 11:38:32,5.54
2026-01-28 11:38:33,5.54
2026-01-28 11:38:34,4.72
2026-01-28 11:38:35,4.72
2026-01-28 11:38:36,4.72
2026-01-28 11:38:37,4.72
2026-01-28 11:38:38,4.72
2026-01-28 11:38:39,5.48
2026-01-28 11:38:40,5.48
2026-01-28 11:38:41,5.48
2026-01-28 11:38:42,5.48
2026-01-28 11:38:43,5.48
2026-01-28 11:38:44,6.32
2026-01-28 11:38:45,6.32
2026-01-28 11:38:46,6.32
2026-01-28 11:38:47,6.32
2026-01-28 11:38:48,6.32
2026-01-28 11:38:49,6.53
2026-01-28 11:38:50,6.53
2026-01-28 11:38:51,6.53
2026-01-28 11:38:52,6.53
2026-01-28 11:38:53,6.53
2026-01-28 11:38:54,6.14
2026-01-28 11:38:55,6.14
2026-01-28 11:38:56,6.14
2026-01-28 11:38:57,6.14
2026-01-28 11:38:58,6.14
2026-01-28 11:38:59,6.17
2026-01-28 11:39:00,6.17
2026-01-28 11:39:01,6.17
2026-01-28 11:39:02,6.17
2026-01-28 11:39:03,6.17
2026-01-28 11:39:04,6.04
2026-01-28 11:39:05,6.04
2026-01-28 11:39:06,6.04
2026-01-28 11:39:07,6.04
2026-01-28 11:39:08,6.04
2026-01-28 11:39:09,6.28
2026-01-28 11:39:10,6.28
2026-01-28 11:39:11,6.28
2026-01-28 11:39:12,6.28
2026-01-28 11:39:13,6.28
2026-01-28 11:39:14,6.17
2026-01-28 11:39:15,6.17
2026-01-28 11:39:16,6.17
2026-01-28 11:39:17,6.17
2026-01-28 11:39:18,6.17
2026-01-28 11:39:19,9.13
2026-01-28 11:39:20,9.13
2026-01-28 11:39:21,9.13
2026-01-28 11:39:22,9.13
2026-01-28 11:39:23,9.13
2026-01-28 11:39:24,7.48
2026-01-28 11:39:25,7.48
2026-01-28 11:39:26,7.48
2026-01-28 11:39:27,7.48
2026-01-28 11:39:28,7.48
2026-01-28 11:39:29,4.77
2026-01-28 11:39:30,4.77
2026-01-28 11:39:31,4.77
2026-01-28 11:39:32,4.77
2026-01-28 11:39:33,4.77
2026-01-28 11:39:34,4.74
2026-01-28 11:39:35,4.74
2026-01-28 11:39:36,4.74
2026-01-28 11:39:37,4.74
2026-01-28 11:39:38,4.74
2026-01-28 11:39:39,6.52
2026-01-28 11:39:40,6.52
2026-01-28 11:39:41,6.52
2026-01-28 11:39:42,6.52
2026-01-28 11:39:43,6.52
2026-01-28 11:39:44,6.09
2026-01-28 11:39:45,6.09
2026-01-28 11:39:46,6.09
2026-01-28 11:39:47,6.09
2026-01-28 11:39:48,6.09
2026-01-28 11:39:49,6.31
2026-01-28 11:39:50,6.31
2026-01-28 11:39:51,6.31
2026-01-28 11:39:52,6.31
2026-01-28 11:39:53,6.31
2026-01-28 11:39:54,6.11
2026-01-28 11:39:55,6.11
2026-01-28 11:39:56,6.11
2026-01-28 11:39:57,6.11
2026-01-28 11:39:58,6.11
2026-01-28 11:39:59,6.01
2026-01-28 11:40:00,6.01
2026-01-28 11:40:01,6.01
2026-01-28 11:40:02,6.01
2026-01-28 11:40:03,6.01
2026-01-28 11:40:04,6.11
2026-01-28 11:40:05,6.11
2026-01-28 11:40:06,6.11
2026-01-28 11:40:07,6.11
2026-01-28 11:40:08,6.11
2026-01-28 11:40:09,0
2026-01-28 11:40:10,0
2026-01-28 11:40:11,0
2026-01-28 11:40:12,0
2026-01-28 11:40:13,0
2026-01-28 11:40:14,0
2026-01-28 11:40:15,0
2026-01-28 11:40:16,0
2026-01-28 11:40:17,0
2026-01-28 11:40:18,0
2026-01-28 11:40:19,0
2026-01-28 11:40:20,0
2026-01-28 11:40:21,0
2026-01-28 11:40:22,0
2026-01-28 11:40:23,0
2026-01-28 11:40:24,0
2026-01-28 11:40:25,0
2026-01-28 11:40:26,0
2026-01-28 11:40:27,0
2026-01-28 11:40:28,0
2026-01-28 11:40:29,0
2026-01-28 11:40:30,0
2026-01-28 11:40:31,0
2026-01-28 11:40:32,0
2026-01-28 11:40:33,0
2026-01-28 11:40:34,0
2026-01-28 11:40:35,0
2026-01-28 11:40:36,0
2026-01-28 11:40:37,0
2026-01-28 11:40:38,0
2026-01-28 11:40:39,0
2026-01-28 11:40:40,0
2026-01-28 11:40:41,0
2026-01-28 11:40:42,0
2026-01-28 11:40:43,0
2026-01-28 11:40:44,0
2026-01-28 11:40:45,0
2026-01-28 11:40:46,0
2026-01-28 11:40:47,0
2026-01-28 11:40:48,0
2026-01-28 11:40:49,0
2026-01-28 11:40:50,0
2026-01-28 11:40:51,0
2026-01-28 11:40:52,0
2026-01-28 11:40:53,0
2026-01-28 11:40:54,0
2026-01-28 11:40:55,0
2026-01-28 11:40:56,0
2026-01-28 11:40:57,0
2026-01-28 11:40:58,0
2026-01-28 11:40:59,0
2026-01-28 11:41:00,0
2026-01-28 11:41:01,0
2026-01-28 11:41:02,0
2026-01-28 11:41:03,0
2026-01-28 11:41:04,0
2026-01-28 11:41:05,0
2026-01-28 11:41:06,0
2026-01-28 11:41:07,0
2026-01-28 11:41:08,0
2026-01-28 11:41:09,0
2026-01-28 11:41:10,0
2026-01-28 11:41:11,0
2026-01-28 11:41:12,0
2026-01-28 11:41:13,0
2026-01-28 11:41:14,0
2026-01-28 11:41:15,0
2026-01-28 11:41:16,0
2026-01-28 11:41:17,0
2026-01-28 11:41:18,0
2026-01-28 11:41:19,0
2026-01-28 11:41:20,0
2026-01-28 11:41:21,0
2026-01-28 11:41:22,0
2026-01-28 11:41:23,0
2026-01-28 11:41:24,0
2026-01-28 11:41:25,0
2026-01-28 11:41:26,0
2026-01-28 11:41:27,0
2026-01-28 11:41:28,0
2026-01-28 11:41:29,0
2026-01-28 11:41:30,0
2026-01-28 11:41:31,0
2026-01-28 11:41:32,0
2026-01-28 11:41:33,0
2026-01-28 11:41:34,0
2026-01-28 11:41:35,0
2026-01-28 11:41:36,0
2026-01-28 11:41:37,0
2026-01-28 11:41:38,0
2026-01-28 11:41:39,0
2026-01-28 11:41:40,0
2026-01-28 11:41:41,0
2026-01-28 11:41:42,0
2026-01-28 11:41:43,0
2026-01-28 11:46:44,4.51
2026-01-28 11:46:45,4.51
2026-01-28 11:46:46,4.51
2026-01-28 11:46:47,4.51
2026-01-28 11:46:48,4.51
2026-01-28 11:46:49,7.26
2026-01-28 11:46:50,7.26
2026-01-28 11:46:51,7.26
2026-01-28 11:46:52,7.26
2026-01-28 11:46:53,7.26
2026-01-28 11:46:54,7.61
2026-01-28 11:46:55,7.61
2026-01-28 11:46:56,7.61
2026-01-28 11:46:57,7.61
2026-01-28 11:46:58,7.61
2026-01-28 11:46:59,7.34
2026-01-28 11:47:00,7.34
2026-01-28 11:47:01,7.34
2026-01-28 11:47:02,7.34
2026-01-28 11:47:03,7.34
2026-01-28 11:47:04,7.38
2026-01-28 11:47:05,7.38
2026-01-28 11:47:06,7.38
2026-01-28 11:47:07,7.38
2026-01-28 11:47:08,7.38
2026-01-28 11:47:09,7.37
2026-01-28 11:47:10,7.37
2026-01-28 11:47:11,7.37
2026-01-28 11:47:12,7.37
2026-01-28 11:47:13,7.37
2026-01-28 11:47:14,7.48
2026-01-28 11:47:15,7.48
2026-01-28 11:47:16,7.48
2026-01-28 11:47:17,7.48
2026-01-28 11:47:18,7.48
2026-01-28 11:47:19,9.31
2026-01-28 11:47:20,9.31
2026-01-28 11:47:21,9.31
2026-01-28 11:47:22,9.31
2026-01-28 11:47:23,9.31
2026-01-28 11:47:24,10.3
2026-01-28 11:47:25,10.3
2026-01-28 11:47:26,10.3
2026-01-28 11:47:27,10.3
2026-01-28 11:47:28,10.3
2026-01-28 11:47:29,4.94
2026-01-28 11:47:30,4.94
2026-01-28 11:47:31,4.94
2026-01-28 11:47:32,4.94
2026-01-28 11:47:33,4.94
2026-01-28 11:47:34,7.64
2026-01-28 11:47:35,7.64
2026-01-28 11:47:36,7.64
2026-01-28 11:47:37,7.64
2026-01-28 11:47:38,7.64
2026-01-28 11:47:39,11.0
2026-01-28 11:47:40,11.0
2026-01-28 11:47:41,11.0
2026-01-28 11:47:42,11.0
2026-01-28 11:47:43,11.0
2026-01-28 11:47:44,6.67
2026-01-28 11:47:45,6.67
2026-01-28 11:47:46,6.67
2026-01-28 11:47:47,6.67
2026-01-28 11:47:48,6.67
2026-01-28 11:47:49,3.85
2026-01-28 11:47:50,3.85
2026-01-28 11:47:51,3.85
2026-01-28 11:47:52,3.85
2026-01-28 11:47:53,3.85
2026-01-28 11:47:54,4.08
2026-01-28 11:47:55,4.08
2026-01-28 11:47:56,4.08
2026-01-28 11:47:57,4.08
2026-01-28 11:47:58,4.08
2026-01-28 11:47:59,3.83
2026-01-28 11:48:00,3.83
2026-01-28 11:48:01,3.83
2026-01-28 11:48:02,3.83
2026-01-28 11:48:03,3.83
2026-01-28 11:48:04,4.03
2026-01-28 11:48:05,4.03
2026-01-28 11:48:06,4.03
2026-01-28 11:48:07,4.03
2026-01-28 11:48:08,4.03
2026-01-28 11:48:09,4.14
2026-01-28 11:48:10,4.14
2026-01-28 11:48:11,4.14
2026-01-28 11:48:12,4.14
2026-01-28 11:48:13,4.14
2026-01-28 11:48:14,3.82
2026-01-28 11:48:15,3.82
2026-01-28 11:48:16,3.82
2026-01-28 11:48:17,3.82
2026-01-28 11:48:18,3.82
2026-01-28 11:48:19,4.24
2026-01-28 11:48:20,4.24
2026-01-28 11:48:21,4.24
2026-01-28 11:48:22,4.24
2026-01-28 11:48:23,4.24
2026-01-28 11:48:24,4.42
2026-01-28 11:48:25,4.42
2026-01-28 11:48:26,4.42
2026-01-28 11:48:27,4.42
2026-01-28 11:48:28,4.42
2026-01-28 11:48:29,3.93
2026-01-28 11:48:30,3.93
2026-01-28 11:48:31,3.93
2026-01-28 11:48:32,3.93
2026-01-28 11:48:33,3.93
2026-01-28 11:48:34,4.06
2026-01-28 11:48:35,4.06
2026-01-28 11:48:36,4.06
2026-01-28 11:48:37,4.06
2026-01-28 11:48:38,4.06
2026-01-28 11:48:39,3.93
2026-01-28 11:48:40,3.93
2026-01-28 11:48:41,3.93
2026-01-28 11:48:42,3.93
2026-01-28 11:48:43,3.93
2026-01-28 11:48:44,3.94
2026-01-28 11:48:45,3.94
2026-01-28 11:48:46,3.94
2026-01-28 11:48:47,3.94
2026-01-28 11:48:48,3.94
2026-01-28 11:48:49,4.29
2026-01-28 11:48:50,4.29
2026-01-28 11:48:51,4.29
2026-01-28 11:48:52,4.29
2026-01-28 11:48:53,4.29
2026-01-28 11:48:54,4.43
2026-01-28 11:48:55,4.43
2026-01-28 11:48:56,4.43
2026-01-28 11:48:57,4.43
2026-01-28 11:48:58,4.43
2026-01-28 11:48:59,3.86
2026-01-28 11:49:00,3.86
2026-01-28 11:49:01,3.86
2026-01-28 11:49:02,3.86
2026-01-28 11:49:03,3.86
2026-01-28 11:49:04,3.89
2026-01-28 11:49:05,3.89
2026-01-28 11:49:06,3.89
2026-01-28 11:49:07,3.89
2026-01-28 11:49:08,3.89
2026-01-28 11:49:09,3.45
2026-01-28 11:49:10,3.45
2026-01-28 11:49:11,3.45
2026-01-28 11:49:12,3.45
2026-01-28 11:49:13,3.45
2026-01-28 11:49:14,0
2026-01-28 11:49:15,0
2026-01-28 11:49:16,0
2026-01-28 11:49:17,0
2026-01-28 11:49:18,0
2026-01-28 11:49:19,0
2026-01-28 11:49:20,0
2026-01-28 11:49:21,0
2026-01-28 11:49:22,0
2026-01-28 11:49:23,0
2026-01-28 11:49:24,0
2026-01-28 11:49:25,0
2026-01-28 11:49:26,0
2026-01-28 11:49:27,0
2026-01-28 11:49:28,0
2026-01-28 11:49:29,0
2026-01-28 11:49:30,0
2026-01-28 11:49:31,0
2026-01-28 11:49:32,0
2026-01-28 11:49:33,0
2026-01-28 11:49:34,0
2026-01-28 11:49:35,0
2026-01-28 11:49:36,0
2026-01-28 11:49:37,0
2026-01-28 11:49:38,0
2026-01-28 11:49:39,0
2026-01-28 11:49:40,0
2026-01-28 11:49:41,0
2026-01-28 11:49:42,0
2026-01-28 11:49:43,0
2026-01-28 11:49:44,0
2026-01-28 11:49:45,0
2026-01-28 11:49:46,0
2026-01-28 11:49:47,0
2026-01-28 11:49:48,0
2026-01-28 11:49:49,0
2026-01-28 11:49:50,0
2026-01-28 11:49:51,0
2026-01-28 11:49:52,0
2026-01-28 11:49:53,0
2026-01-28 11:49:54,0
2026-01-28 11:49:55,0
2026-01-28 11:49:56,0
2026-01-28 11:49:57,0
2026-01-28 11:49:58,0
2026-01-28 11:49:59,0
2026-01-28 11:50:00,0
2026-01-28 11:50:01,0
2026-01-28 11:50:02,0
2026-01-28 11:50:03,0
2026-01-28 11:50:04,0
2026-01-28 11:50:05,0
2026-01-28 11:50:06,0
2026-01-28 11:50:07,0
2026-01-28 11:50:08,0
2026-01-28 11:50:09,0
2026-01-28 11:50:10,0
2026-01-28 11:50:11,0
2026-01-28 11:50:12,0
2026-01-28 11:50:13,0
2026-01-28 11:50:14,0
2026-01-28 11:50:15,0
2026-01-28 11:50:16,0
2026-01-28 11:50:17,0
2026-01-28 11:50:18,0
2026-01-28 11:50:19,0
2026-01-28 11:50:20,0
2026-01-28 11:50:21,0
2026-01-28 11:50:22,0
2026-01-28 11:50:23,0
2026-01-28 11:50:24,0
2026-01-28 11:50:25,0
2026-01-28 11:50:26,0
2026-01-28 11:50:27,0
2026-01-28 11:50:28,0
2026-01-28 11:50:29,0
2026-01-28 11:50:30,0
2026-01-28 11:50:31,0
2026-01-28 11:50:32,0
2026-01-28 11:50:33,0
2026-01-28 11:50:34,0
2026-01-28 11:50:35,0
2026-01-28 11:50:36,0
2026-01-28 11:50:37,0
2026-01-28 11:50:38,0
2026-01-28 11:50:39,0
2026-01-28 11:50:40,0
2026-01-28 11:50:41,0
2026-01-28 11:50:42,0
2026-01-28 11:50:43,0
2026-01-28 11:50:44,0
2026-01-28 11:50:45,0
2026-01-28 11:50:46,0
2026-01-28 11:50:47,0
2026-01-28 11:50:48,0
2026-01-28 11:55:44,1.56
2026-01-28 11:55:45,1.56
2026-01-28 11:55:46,1.56
2026-01-28 11:55:47,1.56
2026-01-28 11:55:48,1.56
2026-01-28 11:55:49,5.12
2026-01-28 11:55:50,5.12
2026-01-28 11:55:51,5.12
2026-01-28 11:55:52,5.12
2026-01-28 11:55:53,5.12
2026-01-28 11:55:54,6.02
2026-01-28 11:55:55,6.02
2026-01-28 11:55:56,6.02
2026-01-28 11:55:57,6.02
2026-01-28 11:55:58,6.02
2026-01-28 11:55:59,5.01
2026-01-28 11:56:00,5.01
2026-01-28 11:56:01,5.01
2026-01-28 11:56:02,5.01
2026-01-28 11:56:03,5.01
2026-01-28 11:56:04,5.22
2026-01-28 11:56:05,5.22
2026-01-28 11:56:06,5.22
2026-01-28 11:56:07,5.22
2026-01-28 11:56:08,5.22
2026-01-28 11:56:09,5.30
2026-01-28 11:56:10,5.30
2026-01-28 11:56:11,5.30
2026-01-28 11:56:12,5.30
2026-01-28 11:56:13,5.30
2026-01-28 11:56:14,5.05
2026-01-28 11:56:15,5.05
2026-01-28 11:56:16,5.05
2026-01-28 11:56:17,5.05
2026-01-28 11:56:18,5.05
2026-01-28 11:56:19,6.30
2026-01-28 11:56:20,6.30
2026-01-28 11:56:21,6.30
2026-01-28 11:56:22,6.30
2026-01-28 11:56:23,6.30
2026-01-28 11:56:24,6.40
2026-01-28 11:56:25,6.40
2026-01-28 11:56:26,6.40
2026-01-28 11:56:27,6.40
2026-01-28 11:56:28,6.40
2026-01-28 11:56:29,6.98
2026-01-28 11:56:30,6.98
2026-01-28 11:56:31,6.98
2026-01-28 11:56:32,6.98
2026-01-28 11:56:33,6.98
2026-01-28 11:56:34,6.10
2026-01-28 11:56:35,6.10
2026-01-28 11:56:36,6.10
2026-01-28 11:56:37,6.10
2026-01-28 11:56:38,6.10
2026-01-28 11:56:39,6.13
2026-01-28 11:56:40,6.13
2026-01-28 11:56:41,6.13
2026-01-28 11:56:42,6.13
2026-01-28 11:56:43,6.13
2026-01-28 11:56:44,6.40
2026-01-28 11:56:45,6.40
2026-01-28 11:56:46,6.40
2026-01-28 11:56:47,6.40
2026-01-28 11:56:48,6.40
2026-01-28 11:56:49,6.26
2026-01-28 11:56:50,6.26
2026-01-28 11:56:51,6.26
2026-01-28 11:56:52,6.26
2026-01-28 11:56:53,6.26
2026-01-28 11:56:54,6.20
2026-01-28 11:56:55,6.20
2026-01-28 11:56:56,6.20
2026-01-28 11:56:57,6.20
2026-01-28 11:56:58,6.20
2026-01-28 11:56:59,6.18
2026-01-28 11:57:00,6.18
2026-01-28 11:57:01,6.18
2026-01-28 11:57:02,6.18
2026-01-28 11:57:03,6.18
2026-01-28 11:57:04,6.32
2026-01-28 11:57:05,6.32
2026-01-28 11:57:06,6.32
2026-01-28 11:57:07,6.32
2026-01-28 11:57:08,6.32
2026-01-28 11:57:09,6.34
2026-01-28 11:57:10,6.34
2026-01-28 11:57:11,6.34
2026-01-28 11:57:12,6.34
2026-01-28 11:57:13,6.34
2026-01-28 11:57:14,6.05
2026-01-28 11:57:15,6.05
2026-01-28 11:57:16,6.05
2026-01-28 11:57:17,6.05
2026-01-28 11:57:18,6.05
2026-01-28 11:57:19,6.22
2026-01-28 11:57:20,6.22
2026-01-28 11:57:21,6.22
2026-01-28 11:57:22,6.22
2026-01-28 11:57:23,6.22
2026-01-28 11:57:24,6.50
2026-01-28 11:57:25,6.50
2026-01-28 11:57:26,6.50
2026-01-28 11:57:27,6.50
2026-01-28 11:57:28,6.50
2026-01-28 11:57:29,6.34
2026-01-28 11:57:30,6.34
2026-01-28 11:57:31,6.34
2026-01-28 11:57:32,6.34
2026-01-28 11:57:33,6.34
2026-01-28 11:57:34,7.91
2026-01-28 11:57:35,7.91
2026-01-28 11:57:36,7.91
2026-01-28 11:57:37,7.91
2026-01-28 11:57:38,7.91
2026-01-28 11:57:39,4.99
2026-01-28 11:57:40,4.99
2026-01-28 11:57:41,4.99
2026-01-28 11:57:42,4.99
2026-01-28 11:57:43,4.99
2026-01-28 11:57:44,5.21
2026-01-28 11:57:45,5.21
2026-01-28 11:57:46,5.21
2026-01-28 11:57:47,5.21
2026-01-28 11:57:48,5.21
2026-01-28 11:57:49,4.42
2026-01-28 11:57:50,4.42
2026-01-28 11:57:51,4.42
2026-01-28 11:57:52,4.42
2026-01-28 11:57:53,4.42
2026-01-28 11:57:54,6.52
2026-01-28 11:57:55,6.52
2026-01-28 11:57:56,6.52
2026-01-28 11:57:57,6.52
2026-01-28 11:57:58,6.52
2026-01-28 11:57:59,6.14
2026-01-28 11:58:00,6.14
2026-01-28 11:58:01,6.14
2026-01-28 11:58:02,6.14
2026-01-28 11:58:03,6.14
2026-01-28 11:58:04,6.27
2026-01-28 11:58:05,6.27
2026-01-28 11:58:06,6.27
2026-01-28 11:58:07,6.27
2026-01-28 11:58:08,6.27
2026-01-28 11:58:09,6.51
2026-01-28 11:58:10,6.51
2026-01-28 11:58:11,6.51
2026-01-28 11:58:12,6.51
2026-01-28 11:58:13,6.51
2026-01-28 11:58:14,0
2026-01-28 11:58:15,0
2026-01-28 11:58:16,0
2026-01-28 11:58:17,0
2026-01-28 11:58:18,0
2026-01-28 11:58:19,0
2026-01-28 11:58:20,0
2026-01-28 11:58:21,0
2026-01-28 11:58:22,0
2026-01-28 11:58:23,0
2026-01-28 11:58:24,0
2026-01-28 11:58:25,0
2026-01-28 11:58:26,0
2026-01-28 11:58:27,0
2026-01-28 11:58:28,0
2026-01-28 11:58:29,0
2026-01-28 11:58:30,0
2026-01-28 11:58:31,0
2026-01-28 11:58:32,0
2026-01-28 11:58:33,0
2026-01-28 11:58:34,0
2026-01-28 11:58:35,0
2026-01-28 11:58:36,0
2026-01-28 11:58:37,0
2026-01-28 11:58:38,0
2026-01-28 11:58:39,0
2026-01-28 11:58:40,0
2026-01-28 11:58:41,0
2026-01-28 11:58:42,0
2026-01-28 11:58:43,0
2026-01-28 11:58:44,0
2026-01-28 11:58:45,0
2026-01-28 11:58:46,0
2026-01-28 11:58:47,0
2026-01-28 11:58:48,0
2026-01-28 11:58:49,0
2026-01-28 11:58:50,0
2026-01-28 11:58:51,0
2026-01-28 11:58:52,0
2026-01-28 11:58:53,0
2026-01-28 11:58:54,0
2026-01-28 11:58:55,0
2026-01-28 11:58:56,0
2026-01-28 11:58:57,0
2026-01-28 11:58:58,0
2026-01-28 11:58:59,0
2026-01-28 11:59:00,0
2026-01-28 11:59:01,0
2026-01-28 11:59:02,0
2026-01-28 11:59:03,0
2026-01-28 11:59:04,0
2026-01-28 11:59:05,0
2026-01-28 11:59:06,0
2026-01-28 11:59:07,0
2026-01-28 11:59:08,0
2026-01-28 11:59:09,0
2026-01-28 11:59:10,0
2026-01-28 11:59:11,0
2026-01-28 11:59:12,0
2026-01-28 11:59:13,0
2026-01-28 11:59:14,0
2026-01-28 11:59:15,0
2026-01-28 11:59:16,0
2026-01-28 11:59:17,0
2026-01-28 11:59:18,0
2026-01-28 11:59:19,0
2026-01-28 11:59:20,0
2026-01-28 11:59:21,0
2026-01-28 11:59:22,0
2026-01-28 11:59:23,0
2026-01-28 11:59:24,0
2026-01-28 11:59:25,0
2026-01-28 11:59:26,0
2026-01-28 11:59:27,0
2026-01-28 11:59:28,0
2026-01-28 11:59:29,0
2026-01-28 11:59:30,0
2026-01-28 11:59:31,0
2026-01-28 11:59:32,0
2026-01-28 11:59:33,0
2026-01-28 11:59:34,0
2026-01-28 11:59:35,0
2026-01-28 11:59:36,0
2026-01-28 11:59:37,0
2026-01-28 11:59:38,0
2026-01-28 11:59:39,0
2026-01-28 11:59:40,0
2026-01-28 11:59:41,0
2026-01-28 11:59:42,0
2026-01-28 11:59:43,0
2026-01-28 11:59:44,0
2026-01-28 11:59:45,0
2026-01-28 11:59:46,0
2026-01-28 11:59:47,0
2026-01-28 11:59:48,0
2026-01-28 12:04:49,2.64
2026-01-28 12:04:50,2.64
2026-01-28 12:04:51,2.64
2026-01-28 12:04:52,2.64
2026-01-28 12:04:53,2.64
2026-01-28 12:04:54,6.36
2026-01-28 12:04:55,6.36
2026-01-28 12:04:56,6.36
2026-01-28 12:04:57,6.36
2026-01-28 12:04:58,6.36
2026-01-28 12:04:59,6.33
2026-01-28 12:05:00,6.33
2026-01-28 12:05:01,6.33
2026-01-28 12:05:02,6.33
2026-01-28 12:05:03,6.33
2026-01-28 12:05:04,6.27
2026-01-28 12:05:05,6.27
2026-01-28 12:05:06,6.27
2026-01-28 12:05:07,6.27
2026-01-28 12:05:08,6.27
2026-01-28 12:05:09,6.30
2026-01-28 12:05:10,6.30
2026-01-28 12:05:11,6.30
2026-01-28 12:05:12,6.30
2026-01-28 12:05:13,6.30
2026-01-28 12:05:14,6.26
2026-01-28 12:05:15,6.26
2026-01-28 12:05:16,6.26
2026-01-28 12:05:17,6.26
2026-01-28 12:05:18,6.26
2026-01-28 12:05:19,6.19
2026-01-28 12:05:20,6.19
2026-01-28 12:05:21,6.19
2026-01-28 12:05:22,6.19
2026-01-28 12:05:23,6.19
2026-01-28 12:05:24,6.41
2026-01-28 12:05:25,6.41
2026-01-28 12:05:26,6.41
2026-01-28 12:05:27,6.41
2026-01-28 12:05:28,6.41
2026-01-28 12:05:29,6.99
2026-01-28 12:05:30,6.99
2026-01-28 12:05:31,6.99
2026-01-28 12:05:32,6.99
2026-01-28 12:05:33,6.99
2026-01-28 12:05:34,6.42
2026-01-28 12:05:35,6.42
2026-01-28 12:05:36,6.42
2026-01-28 12:05:37,6.42
2026-01-28 12:05:38,6.42
2026-01-28 12:05:39,6.26
2026-01-28 12:05:40,6.26
2026-01-28 12:05:41,6.26
2026-01-28 12:05:42,6.26
2026-01-28 12:05:43,6.26
2026-01-28 12:05:44,6.26
2026-01-28 12:05:45,6.26
2026-01-28 12:05:46,6.26
2026-01-28 12:05:47,6.26
2026-01-28 12:05:48,6.26
2026-01-28 12:05:49,6.22
2026-01-28 12:05:50,6.22
2026-01-28 12:05:51,6.22
2026-01-28 12:05:52,6.22
2026-01-28 12:05:53,6.22
2026-01-28 12:05:54,6.11
2026-01-28 12:05:55,6.11
2026-01-28 12:05:56,6.11
2026-01-28 12:05:57,6.11
2026-01-28 12:05:58,6.11
2026-01-28 12:05:59,6.14
2026-01-28 12:06:00,6.14
2026-01-28 12:06:01,6.14
2026-01-28 12:06:02,6.14
2026-01-28 12:06:03,6.14
2026-01-28 12:06:04,6.14
2026-01-28 12:06:05,6.14
2026-01-28 12:06:06,6.14
2026-01-28 12:06:07,6.14
2026-01-28 12:06:08,6.14
2026-01-28 12:06:09,6.49
2026-01-28 12:06:10,6.49
2026-01-28 12:06:11,6.49
2026-01-28 12:06:12,6.49
2026-01-28 12:06:13,6.49
2026-01-28 12:06:14,6.15
2026-01-28 12:06:15,6.15
2026-01-28 12:06:16,6.15
2026-01-28 12:06:17,6.15
2026-01-28 12:06:18,6.15
2026-01-28 12:06:19,6.14
2026-01-28 12:06:20,6.14
2026-01-28 12:06:21,6.14
2026-01-28 12:06:22,6.14
2026-01-28 12:06:23,6.14
2026-01-28 12:06:24,6.25
2026-01-28 12:06:25,6.25
2026-01-28 12:06:26,6.25
2026-01-28 12:06:27,6.25
2026-01-28 12:06:28,6.25
2026-01-28 12:06:29,8.09
2026-01-28 12:06:30,8.09
2026-01-28 12:06:31,8.09
2026-01-28 12:06:32,8.09
2026-01-28 12:06:33,8.09
2026-01-28 12:06:34,7.61
2026-01-28 12:06:35,7.61
2026-01-28 12:06:36,7.61
2026-01-28 12:06:37,7.61
2026-01-28 12:06:38,7.61
2026-01-28 12:06:39,7.37
2026-01-28 12:06:40,7.37
2026-01-28 12:06:41,7.37
2026-01-28 12:06:42,7.37
2026-01-28 12:06:43,7.37
2026-01-28 12:06:44,7.27
2026-01-28 12:06:45,7.27
2026-01-28 12:06:46,7.27
2026-01-28 12:06:47,7.27
2026-01-28 12:06:48,7.27
2026-01-28 12:06:49,7.31
2026-01-28 12:06:50,7.31
2026-01-28 12:06:51,7.31
2026-01-28 12:06:52,7.31
2026-01-28 12:06:53,7.31
2026-01-28 12:06:54,7.29
2026-01-28 12:06:55,7.29
2026-01-28 12:06:56,7.29
2026-01-28 12:06:57,7.29
2026-01-28 12:06:58,7.29
2026-01-28 12:06:59,6.82
2026-01-28 12:07:00,6.82
2026-01-28 12:07:01,6.82
2026-01-28 12:07:02,6.82
2026-01-28 12:07:03,6.82
2026-01-28 12:07:04,8.87
2026-01-28 12:07:05,8.87
2026-01-28 12:07:06,8.87
2026-01-28 12:07:07,8.87
2026-01-28 12:07:08,8.87
2026-01-28 12:07:09,8.59
2026-01-28 12:07:10,8.59
2026-01-28 12:07:11,8.59
2026-01-28 12:07:12,8.59
2026-01-28 12:07:13,8.59
2026-01-28 12:07:14,8.57
2026-01-28 12:07:15,8.57
2026-01-28 12:07:16,8.57
2026-01-28 12:07:17,8.57
2026-01-28 12:07:18,8.57
2026-01-28 12:07:19,0
2026-01-28 12:07:20,0
2026-01-28 12:07:21,0
2026-01-28 12:07:22,0
2026-01-28 12:07:23,0
2026-01-28 12:07:24,0
2026-01-28 12:07:25,0
2026-01-28 12:07:26,0
2026-01-28 12:07:27,0
2026-01-28 12:07:28,0
2026-01-28 12:07:29,0
2026-01-28 12:07:30,0
2026-01-28 12:07:31,0
2026-01-28 12:07:32,0
2026-01-28 12:07:33,0
2026-01-28 12:07:34,0
2026-01-28 12:07:35,0
2026-01-28 12:07:36,0
2026-01-28 12:07:37,0
2026-01-28 12:07:38,0
2026-01-28 12:07:39,0
2026-01-28 12:07:40,0
2026-01-28 12:07:41,0
2026-01-28 12:07:42,0
2026-01-28 12:07:43,0
2026-01-28 12:07:44,0
2026-01-28 12:07:45,0
2026-01-28 12:07:46,0
2026-01-28 12:07:47,0
2026-01-28 12:07:48,0
2026-01-28 12:07:49,0
2026-01-28 12:07:50,0
2026-01-28 12:07:51,0
2026-01-28 12:07:52,0
2026-01-28 12:07:53,0
2026-01-28 12:07:54,0
2026-01-28 12:07:55,0
2026-01-28 12:07:56,0
2026-01-28 12:07:57,0
2026-01-28 12:07:58,0
2026-01-28 12:07:59,0
2026-01-28 12:08:00,0
2026-01-28 12:08:01,0
2026-01-28 12:08:02,0
2026-01-28 12:08:03,0
2026-01-28 12:08:04,0
2026-01-28 12:08:05,0
2026-01-28 12:08:06,0
2026-01-28 12:08:07,0
2026-01-28 12:08:08,0
2026-01-28 12:08:09,0
2026-01-28 12:08:10,0
2026-01-28 12:08:11,0
2026-01-28 12:08:12,0
2026-01-28 12:08:13,0
2026-01-28 12:08:14,0
2026-01-28 12:08:15,0
2026-01-28 12:08:16,0
2026-01-28 12:08:17,0
2026-01-28 12:08:18,0
2026-01-28 12:08:19,0
2026-01-28 12:08:20,0
2026-01-28 12:08:21,0
2026-01-28 12:08:22,0
2026-01-28 12:08:23,0
2026-01-28 12:08:24,0
2026-01-28 12:08:25,0
2026-01-28 12:08:26,0
2026-01-28 12:08:27,0
2026-01-28 12:08:28,0
2026-01-28 12:08:29,0
2026-01-28 12:08:30,0
2026-01-28 12:08:31,0
2026-01-28 12:08:32,0
2026-01-28 12:08:33,0
2026-01-28 12:08:34,0
2026-01-28 12:08:35,0
2026-01-28 12:08:36,0
2026-01-28 12:08:37,0
2026-01-28 12:08:38,0
2026-01-28 12:08:39,0
2026-01-28 12:08:40,0
2026-01-28 12:08:41,0
2026-01-28 12:08:42,0
2026-01-28 12:08:43,0
2026-01-28 12:08:44,0
2026-01-28 12:08:45,0
2026-01-28 12:08:46,0
2026-01-28 12:08:47,0
2026-01-28 12:08:48,0
2026-01-28 12:08:49,0
2026-01-28 12:08:50,0
2026-01-28 12:08:51,0
2026-01-28 12:08:52,0
2026-01-28 12:08:53,0
2026-01-28 12:13:59,6.23
2026-01-28 12:14:00,6.23
2026-01-28 12:14:01,6.23
2026-01-28 12:14:02,6.23
2026-01-28 12:14:03,6.23
2026-01-28 12:14:04,7.10
2026-01-28 12:14:05,7.10
2026-01-28 12:14:06,7.10
2026-01-28 12:14:07,7.10
2026-01-28 12:14:08,7.10
2026-01-28 12:14:09,7.43
2026-01-28 12:14:10,7.43
2026-01-28 12:14:11,7.43
2026-01-28 12:14:12,7.43
2026-01-28 12:14:13,7.43
2026-01-28 12:14:14,6.58
2026-01-28 12:14:15,6.58
2026-01-28 12:14:16,6.58
2026-01-28 12:14:17,6.58
2026-01-28 12:14:18,6.58
2026-01-28 12:14:19,9.31
2026-01-28 12:14:20,9.31
2026-01-28 12:14:21,9.31
2026-01-28 12:14:22,9.31
2026-01-28 12:14:23,9.31
2026-01-28 12:14:24,7.61
2026-01-28 12:14:25,7.61
2026-01-28 12:14:26,7.61
2026-01-28 12:14:27,7.61
2026-01-28 12:14:28,7.61
2026-01-28 12:14:29,7.58
2026-01-28 12:14:30,7.58
2026-01-28 12:14:31,7.58
2026-01-28 12:14:32,7.58
2026-01-28 12:14:33,7.58
2026-01-28 12:14:34,7.27
2026-01-28 12:14:35,7.27
2026-01-28 12:14:36,7.27
2026-01-28 12:14:37,7.27
2026-01-28 12:14:38,7.27
2026-01-28 12:14:39,7.26
2026-01-28 12:14:40,7.26
2026-01-28 12:14:41,7.26
2026-01-28 12:14:42,7.26
2026-01-28 12:14:43,7.26
2026-01-28 12:14:44,7.42
2026-01-28 12:14:45,7.42
2026-01-28 12:14:46,7.42
2026-01-28 12:14:47,7.42
2026-01-28 12:14:48,7.42
2026-01-28 12:14:49,7.31
2026-01-28 12:14:50,7.31
2026-01-28 12:14:51,7.31
2026-01-28 12:14:52,7.31
2026-01-28 12:14:53,7.31
2026-01-28 12:14:54,7.28
2026-01-28 12:14:55,7.28
2026-01-28 12:14:56,7.28
2026-01-28 12:14:57,7.28
2026-01-28 12:14:58,7.28
2026-01-28 12:14:59,7.27
2026-01-28 12:15:00,7.27
2026-01-28 12:15:01,7.27
2026-01-28 12:15:02,7.27
2026-01-28 12:15:03,7.27
2026-01-28 12:15:04,7.39
2026-01-28 12:15:05,7.39
2026-01-28 12:15:06,7.39
2026-01-28 12:15:07,7.39
2026-01-28 12:15:08,7.39
2026-01-28 12:15:09,7.35
2026-01-28 12:15:10,7.35
2026-01-28 12:15:11,7.35
2026-01-28 12:15:12,7.35
2026-01-28 12:15:13,7.35
2026-01-28 12:15:14,7.21
2026-01-28 12:15:15,7.21
2026-01-28 12:15:16,7.21
2026-01-28 12:15:17,7.21
2026-01-28 12:15:18,7.21
2026-01-28 12:15:19,6.80
2026-01-28 12:15:20,6.80
2026-01-28 12:15:21,6.80
2026-01-28 12:15:22,6.80
2026-01-28 12:15:23,6.80
2026-01-28 12:15:24,8.37
2026-01-28 12:15:25,8.37
2026-01-28 12:15:26,8.37
2026-01-28 12:15:27,8.37
2026-01-28 12:15:28,8.37
2026-01-28 12:15:29,9.08
2026-01-28 12:15:30,9.08
2026-01-28 12:15:31,9.08
2026-01-28 12:15:32,9.08
2026-01-28 12:15:33,9.08
2026-01-28 12:15:34,8.27
2026-01-28 12:15:35,8.27
2026-01-28 12:15:36,8.27
2026-01-28 12:15:37,8.27
2026-01-28 12:15:38,8.27
2026-01-28 12:15:39,8.32
2026-01-28 12:15:40,8.32
2026-01-28 12:15:41,8.32
2026-01-28 12:15:42,8.32
2026-01-28 12:15:43,8.32
2026-01-28 12:15:44,8.44
2026-01-28 12:15:45,8.44
2026-01-28 12:15:46,8.44
2026-01-28 12:15:47,8.44
2026-01-28 12:15:48,8.44
2026-01-28 12:15:49,8.34
2026-01-28 12:15:50,8.34
2026-01-28 12:15:51,8.34
2026-01-28 12:15:52,8.34
2026-01-28 12:15:53,8.34
2026-01-28 12:15:54,8.47
2026-01-28 12:15:55,8.47
2026-01-28 12:15:56,8.47
2026-01-28 12:15:57,8.47
2026-01-28 12:15:58,8.47
2026-01-28 12:15:59,8.30
2026-01-28 12:16:00,8.30
2026-01-28 12:16:01,8.30
2026-01-28 12:16:02,8.30
2026-01-28 12:16:03,8.30
2026-01-28 12:16:04,8.42
2026-01-28 12:16:05,8.42
2026-01-28 12:16:06,8.42
2026-01-28 12:16:07,8.42
2026-01-28 12:16:08,8.42
2026-01-28 12:16:09,8.22
2026-01-28 12:16:10,8.22
2026-01-28 12:16:11,8.22
2026-01-28 12:16:12,8.22
2026-01-28 12:16:13,8.22
2026-01-28 12:16:14,8.33
2026-01-28 12:16:15,8.33
2026-01-28 12:16:16,8.33
2026-01-28 12:16:17,8.33
2026-01-28 12:16:18,8.33
2026-01-28 12:16:19,8.28
2026-01-28 12:16:20,8.28
2026-01-28 12:16:21,8.28
2026-01-28 12:16:22,8.28
2026-01-28 12:16:23,8.28
2026-01-28 12:16:24,8.43
2026-01-28 12:16:25,8.43
2026-01-28 12:16:26,8.43
2026-01-28 12:16:27,8.43
2026-01-28 12:16:28,8.43
2026-01-28 12:16:29,0
2026-01-28 12:16:30,0
2026-01-28 12:16:31,0
2026-01-28 12:16:32,0
2026-01-28 12:16:33,0
2026-01-28 12:16:34,0
2026-01-28 12:16:35,0
2026-01-28 12:16:36,0
2026-01-28 12:16:37,0
2026-01-28 12:16:38,0
2026-01-28 12:16:39,0
2026-01-28 12:16:40,0
2026-01-28 12:16:41,0
2026-01-28 12:16:42,0
2026-01-28 12:16:43,0
2026-01-28 12:16:44,0
2026-01-28 12:16:45,0
2026-01-28 12:16:46,0
2026-01-28 12:16:47,0
2026-01-28 12:16:48,0
2026-01-28 12:16:49,0
2026-01-28 12:16:50,0
2026-01-28 12:16:51,0
2026-01-28 12:16:52,0
2026-01-28 12:16:53,0
2026-01-28 12:16:54,0
2026-01-28 12:16:55,0
2026-01-28 12:16:56,0
2026-01-28 12:16:57,0
2026-01-28 12:16:58,0
2026-01-28 12:16:59,0
2026-01-28 12:17:00,0
2026-01-28 12:17:01,0
2026-01-28 12:17:02,0
2026-01-28 12:17:03,0
2026-01-28 12:17:04,0
2026-01-28 12:17:05,0
2026-01-28 12:17:06,0
2026-01-28 12:17:07,0
2026-01-28 12:17:08,0
2026-01-28 12:17:09,0
2026-01-28 12:17:10,0
2026-01-28 12:17:11,0
2026-01-28 12:17:12,0
2026-01-28 12:17:13,0
2026-01-28 12:17:14,0
2026-01-28 12:17:15,0
2026-01-28 12:17:16,0
2026-01-28 12:17:17,0
2026-01-28 12:17:18,0
2026-01-28 12:17:19,0
2026-01-28 12:17:20,0
2026-01-28 12:17:21,0
2026-01-28 12:17:22,0
2026-01-28 12:17:23,0
2026-01-28 12:17:24,0
2026-01-28 12:17:25,0
2026-01-28 12:17:26,0
2026-01-28 12:17:27,0
2026-01-28 12:17:28,0
2026-01-28 12:17:29,0
2026-01-28 12:17:30,0
2026-01-28 12:17:31,0
2026-01-28 12:17:32,0
2026-01-28 12:17:33,0
2026-01-28 12:17:34,0
2026-01-28 12:17:35,0
2026-01-28 12:17:36,0
2026-01-28 12:17:37,0
2026-01-28 12:17:38,0
2026-01-28 12:17:39,0
2026-01-28 12:17:40,0
2026-01-28 12:17:41,0
2026-01-28 12:17:42,0
2026-01-28 12:17:43,0
2026-01-28 12:17:44,0
2026-01-28 12:17:45,0
2026-01-28 12:17:46,0
2026-01-28 12:17:47,0
2026-01-28 12:17:48,0
2026-01-28 12:17:49,0
2026-01-28 12:17:50,0
2026-01-28 12:17:51,0
2026-01-28 12:17:52,0
2026-01-28 12:17:53,0
2026-01-28 12:17:54,0
2026-01-28 12:17:55,0
2026-01-28 12:17:56,0
2026-01-28 12:17:57,0
2026-01-28 12:17:58,0
2026-01-28 12:17:59,0
2026-01-28 12:18:00,0
2026-01-28 12:18:01,0
2026-01-28 12:18:02,0
2026-01-28 12:18:03,0
2026-01-28 12:23:04,6.39
2026-01-28 12:23:05,6.39
2026-01-28 12:23:06,6.39
2026-01-28 12:23:07,6.39
2026-01-28 12:23:08,6.39
2026-01-28 12:23:09,6.63
2026-01-28 12:23:10,6.63
2026-01-28 12:23:11,6.63
2026-01-28 12:23:12,6.63
2026-01-28 12:23:13,6.63
2026-01-28 12:23:14,6.35
2026-01-28 12:23:15,6.35
2026-01-28 12:23:16,6.35
2026-01-28 12:23:17,6.35
2026-01-28 12:23:18,6.35
2026-01-28 12:23:19,6.25
2026-01-28 12:23:20,6.25
2026-01-28 12:23:21,6.25
2026-01-28 12:23:22,6.25
2026-01-28 12:23:23,6.25
2026-01-28 12:23:24,5.66
2026-01-28 12:23:25,5.66
2026-01-28 12:23:26,5.66
2026-01-28 12:23:27,5.66
2026-01-28 12:23:28,5.66
2026-01-28 12:23:29,7.04
2026-01-28 12:23:30,7.04
2026-01-28 12:23:31,7.04
2026-01-28 12:23:32,7.04
2026-01-28 12:23:33,7.04
2026-01-28 12:23:34,6.08
2026-01-28 12:23:35,6.08
2026-01-28 12:23:36,6.08
2026-01-28 12:23:37,6.08
2026-01-28 12:23:38,6.08
2026-01-28 12:23:39,5.98
2026-01-28 12:23:40,5.98
2026-01-28 12:23:41,5.98
2026-01-28 12:23:42,5.98
2026-01-28 12:23:43,5.98
2026-01-28 12:23:44,6.22
2026-01-28 12:23:45,6.22
2026-01-28 12:23:46,6.22
2026-01-28 12:23:47,6.22
2026-01-28 12:23:48,6.22
2026-01-28 12:23:49,6.76
2026-01-28 12:23:50,6.76
2026-01-28 12:23:51,6.76
2026-01-28 12:23:52,6.76
2026-01-28 12:23:53,6.76
2026-01-28 12:23:54,7.54
2026-01-28 12:23:55,7.54
2026-01-28 12:23:56,7.54
2026-01-28 12:23:57,7.54
2026-01-28 12:23:58,7.54
2026-01-28 12:23:59,7.24
2026-01-28 12:24:00,7.24
2026-01-28 12:24:01,7.24
2026-01-28 12:24:02,7.24
2026-01-28 12:24:03,7.24
2026-01-28 12:24:04,7.30
2026-01-28 12:24:05,7.30
2026-01-28 12:24:06,7.30
2026-01-28 12:24:07,7.30
2026-01-28 12:24:08,7.30
2026-01-28 12:24:09,7.23
2026-01-28 12:24:10,7.23
2026-01-28 12:24:11,7.23
2026-01-28 12:24:12,7.23
2026-01-28 12:24:13,7.23
2026-01-28 12:24:14,7.32
2026-01-28 12:24:15,7.32
2026-01-28 12:24:16,7.32
2026-01-28 12:24:17,7.32
2026-01-28 12:24:18,7.32
2026-01-28 12:24:19,7.20
2026-01-28 12:24:20,7.20
2026-01-28 12:24:21,7.20
2026-01-28 12:24:22,7.20
2026-01-28 12:24:23,7.20
2026-01-28 12:24:24,7.39
2026-01-28 12:24:25,7.39
2026-01-28 12:24:26,7.39
2026-01-28 12:24:27,7.39
2026-01-28 12:24:28,7.39
2026-01-28 12:24:29,7.37
2026-01-28 12:24:30,7.37
2026-01-28 12:24:31,7.37
2026-01-28 12:24:32,7.37
2026-01-28 12:24:33,7.37
2026-01-28 12:24:34,7.51
2026-01-28 12:24:35,7.51
2026-01-28 12:24:36,7.51
2026-01-28 12:24:37,7.51
2026-01-28 12:24:38,7.51
2026-01-28 12:24:39,7.19
2026-01-28 12:24:40,7.19
2026-01-28 12:24:41,7.19
2026-01-28 12:24:42,7.19
2026-01-28 12:24:43,7.19
2026-01-28 12:24:44,10.3
2026-01-28 12:24:45,10.3
2026-01-28 12:24:46,10.3
2026-01-28 12:24:47,10.3
2026-01-28 12:24:48,10.3
2026-01-28 12:24:49,8.79
2026-01-28 12:24:50,8.79
2026-01-28 12:24:51,8.79
2026-01-28 12:24:52,8.79
2026-01-28 12:24:53,8.79
2026-01-28 12:24:54,7.41
2026-01-28 12:24:55,7.41
2026-01-28 12:24:56,7.41
2026-01-28 12:24:57,7.41
2026-01-28 12:24:58,7.41
2026-01-28 12:24:59,7.39
2026-01-28 12:25:00,7.39
2026-01-28 12:25:01,7.39
2026-01-28 12:25:02,7.39
2026-01-28 12:25:03,7.39
2026-01-28 12:25:04,8.13
2026-01-28 12:25:05,8.13
2026-01-28 12:25:06,8.13
2026-01-28 12:25:07,8.13
2026-01-28 12:25:08,8.13
2026-01-28 12:25:09,8.53
2026-01-28 12:25:10,8.53
2026-01-28 12:25:11,8.53
2026-01-28 12:25:12,8.53
2026-01-28 12:25:13,8.53
2026-01-28 12:25:14,8.93
2026-01-28 12:25:15,8.93
2026-01-28 12:25:16,8.93
2026-01-28 12:25:17,8.93
2026-01-28 12:25:18,8.93
2026-01-28 12:25:19,8.47
2026-01-28 12:25:20,8.47
2026-01-28 12:25:21,8.47
2026-01-28 12:25:22,8.47
2026-01-28 12:25:23,8.47
2026-01-28 12:25:24,8.51
2026-01-28 12:25:25,8.51
2026-01-28 12:25:26,8.51
2026-01-28 12:25:27,8.51
2026-01-28 12:25:28,8.51
2026-01-28 12:25:29,8.51
2026-01-28 12:25:30,8.51
2026-01-28 12:25:31,8.51
2026-01-28 12:25:32,8.51
2026-01-28 12:25:33,8.51
2026-01-28 12:25:34,0
2026-01-28 12:25:35,0
2026-01-28 12:25:36,0
2026-01-28 12:25:37,0
2026-01-28 12:25:38,0
2026-01-28 12:25:39,0
2026-01-28 12:25:40,0
2026-01-28 12:25:41,0
2026-01-28 12:25:42,0
2026-01-28 12:25:43,0
2026-01-28 12:25:44,0
2026-01-28 12:25:45,0
2026-01-28 12:25:46,0
2026-01-28 12:25:47,0
2026-01-28 12:25:48,0
2026-01-28 12:25:49,0
2026-01-28 12:25:50,0
2026-01-28 12:25:51,0
2026-01-28 12:25:52,0
2026-01-28 12:25:53,0
2026-01-28 12:25:54,0
2026-01-28 12:25:55,0
2026-01-28 12:25:56,0
2026-01-28 12:25:57,0
2026-01-28 12:25:58,0
2026-01-28 12:25:59,0
2026-01-28 12:26:00,0
2026-01-28 12:26:01,0
2026-01-28 12:26:02,0
2026-01-28 12:26:03,0
2026-01-28 12:26:04,0
2026-01-28 12:26:05,0
2026-01-28 12:26:06,0
2026-01-28 12:26:07,0
2026-01-28 12:26:08,0
2026-01-28 12:26:09,0
2026-01-28 12:26:10,0
2026-01-28 12:26:11,0
2026-01-28 12:26:12,0
2026-01-28 12:26:13,0
2026-01-28 12:26:14,0
2026-01-28 12:26:15,0
2026-01-28 12:26:16,0
2026-01-28 12:26:17,0
2026-01-28 12:26:18,0
2026-01-28 12:26:19,0
2026-01-28 12:26:20,0
2026-01-28 12:26:21,0
2026-01-28 12:26:22,0
2026-01-28 12:26:23,0
2026-01-28 12:26:24,0
2026-01-28 12:26:25,0
2026-01-28 12:26:26,0
2026-01-28 12:26:27,0
2026-01-28 12:26:28,0
2026-01-28 12:26:29,0
2026-01-28 12:26:30,0
2026-01-28 12:26:31,0
2026-01-28 12:26:32,0
2026-01-28 12:26:33,0
2026-01-28 12:26:34,0
2026-01-28 12:26:35,0
2026-01-28 12:26:36,0
2026-01-28 12:26:37,0
2026-01-28 12:26:38,0
2026-01-28 12:26:39,0
2026-01-28 12:26:40,0
2026-01-28 12:26:41,0
2026-01-28 12:26:42,0
2026-01-28 12:26:43,0
2026-01-28 12:26:44,0
2026-01-28 12:26:45,0
2026-01-28 12:26:46,0
2026-01-28 12:26:47,0
2026-01-28 12:26:48,0
2026-01-28 12:26:49,0
2026-01-28 12:26:50,0
2026-01-28 12:26:51,0
2026-01-28 12:26:52,0
2026-01-28 12:26:53,0
2026-01-28 12:26:54,0
2026-01-28 12:26:55,0
2026-01-28 12:26:56,0
2026-01-28 12:26:57,0
2026-01-28 12:26:58,0
2026-01-28 12:26:59,0
2026-01-28 12:27:00,0
2026-01-28 12:27:01,0
2026-01-28 12:27:02,0
2026-01-28 12:27:03,0
2026-01-28 12:27:04,0
2026-01-28 12:27:05,0
2026-01-28 12:27:06,0
2026-01-28 12:27:07,0
2026-01-28 12:27:08,0
2026-01-28 12:32:09,5.73
2026-01-28 12:32:10,5.73
2026-01-28 12:32:11,5.73
2026-01-28 12:32:12,5.73
2026-01-28 12:32:13,5.73
2026-01-28 12:32:14,7.36
2026-01-28 12:32:15,7.36
2026-01-28 12:32:16,7.36
2026-01-28 12:32:17,7.36
2026-01-28 12:32:18,7.36
2026-01-28 12:32:19,7.56
2026-01-28 12:32:20,7.56
2026-01-28 12:32:21,7.56
2026-01-28 12:32:22,7.56
2026-01-28 12:32:23,7.56
2026-01-28 12:32:24,7.29
2026-01-28 12:32:25,7.29
2026-01-28 12:32:26,7.29
2026-01-28 12:32:27,7.29
2026-01-28 12:32:28,7.29
2026-01-28 12:32:29,7.26
2026-01-28 12:32:30,7.26
2026-01-28 12:32:31,7.26
2026-01-28 12:32:32,7.26
2026-01-28 12:32:33,7.26
2026-01-28 12:32:34,7.94
2026-01-28 12:32:35,7.94
2026-01-28 12:32:36,7.94
2026-01-28 12:32:37,7.94
2026-01-28 12:32:38,7.94
2026-01-28 12:32:39,8.42
2026-01-28 12:32:40,8.42
2026-01-28 12:32:41,8.42
2026-01-28 12:32:42,8.42
2026-01-28 12:32:43,8.42
2026-01-28 12:32:44,6.18
2026-01-28 12:32:45,6.18
2026-01-28 12:32:46,6.18
2026-01-28 12:32:47,6.18
2026-01-28 12:32:48,6.18
2026-01-28 12:32:49,6.30
2026-01-28 12:32:50,6.30
2026-01-28 12:32:51,6.30
2026-01-28 12:32:52,6.30
2026-01-28 12:32:53,6.30
2026-01-28 12:32:54,6.24
2026-01-28 12:32:55,6.24
2026-01-28 12:32:56,6.24
2026-01-28 12:32:57,6.24
2026-01-28 12:32:58,6.24
2026-01-28 12:32:59,6.21
2026-01-28 12:33:00,6.21
2026-01-28 12:33:01,6.21
2026-01-28 12:33:02,6.21
2026-01-28 12:33:03,6.21
2026-01-28 12:33:04,6.61
2026-01-28 12:33:05,6.61
2026-01-28 12:33:06,6.61
2026-01-28 12:33:07,6.61
2026-01-28 12:33:08,6.61
2026-01-28 12:33:09,6.33
2026-01-28 12:33:10,6.33
2026-01-28 12:33:11,6.33
2026-01-28 12:33:12,6.33
2026-01-28 12:33:13,6.33
2026-01-28 12:33:14,8.01
2026-01-28 12:33:15,8.01
2026-01-28 12:33:16,8.01
2026-01-28 12:33:17,8.01
2026-01-28 12:33:18,8.01
2026-01-28 12:33:19,7.58
2026-01-28 12:33:20,7.58
2026-01-28 12:33:21,7.58
2026-01-28 12:33:22,7.58
2026-01-28 12:33:23,7.58
2026-01-28 12:33:24,7.32
2026-01-28 12:33:25,7.32
2026-01-28 12:33:26,7.32
2026-01-28 12:33:27,7.32
2026-01-28 12:33:28,7.32
2026-01-28 12:33:29,7.78
2026-01-28 12:33:30,7.78
2026-01-28 12:33:31,7.78
2026-01-28 12:33:32,7.78
2026-01-28 12:33:33,7.78
2026-01-28 12:33:34,8.67
2026-01-28 12:33:35,8.67
2026-01-28 12:33:36,8.67
2026-01-28 12:33:37,8.67
2026-01-28 12:33:38,8.67
2026-01-28 12:33:39,8.66
2026-01-28 12:33:40,8.66
2026-01-28 12:33:41,8.66
2026-01-28 12:33:42,8.66
2026-01-28 12:33:43,8.66
2026-01-28 12:33:44,8.71
2026-01-28 12:33:45,8.71
2026-01-28 12:33:46,8.71
2026-01-28 12:33:47,8.71
2026-01-28 12:33:48,8.71
2026-01-28 12:33:49,9.50
2026-01-28 12:33:50,9.50
2026-01-28 12:33:51,9.50
2026-01-28 12:33:52,9.50
2026-01-28 12:33:53,9.50
2026-01-28 12:33:54,8.49
2026-01-28 12:33:55,8.49
2026-01-28 12:33:56,8.49
2026-01-28 12:33:57,8.49
2026-01-28 12:33:58,8.49
2026-01-28 12:33:59,8.31
2026-01-28 12:34:00,8.31
2026-01-28 12:34:01,8.31
2026-01-28 12:34:02,8.31
2026-01-28 12:34:03,8.31
2026-01-28 12:34:04,7.57
2026-01-28 12:34:05,7.57
2026-01-28 12:34:06,7.57
2026-01-28 12:34:07,7.57
2026-01-28 12:34:08,7.57
2026-01-28 12:34:09,7.48
2026-01-28 12:34:10,7.48
2026-01-28 12:34:11,7.48
2026-01-28 12:34:12,7.48
2026-01-28 12:34:13,7.48
2026-01-28 12:34:14,8.01
2026-01-28 12:34:15,8.01
2026-01-28 12:34:16,8.01
2026-01-28 12:34:17,8.01
2026-01-28 12:34:18,8.01
2026-01-28 12:34:19,7.41
2026-01-28 12:34:20,7.41
2026-01-28 12:34:21,7.41
2026-01-28 12:34:22,7.41
2026-01-28 12:34:23,7.41
2026-01-28 12:34:24,8.52
2026-01-28 12:34:25,8.52
2026-01-28 12:34:26,8.52
2026-01-28 12:34:27,8.52
2026-01-28 12:34:28,8.52
2026-01-28 12:34:29,7.99
2026-01-28 12:34:30,7.99
2026-01-28 12:34:31,7.99
2026-01-28 12:34:32,7.99
2026-01-28 12:34:33,7.99
2026-01-28 12:34:34,7.77
2026-01-28 12:34:35,7.77
2026-01-28 12:34:36,7.77
2026-01-28 12:34:37,7.77
2026-01-28 12:34:38,7.77
2026-01-28 12:34:39,0
2026-01-28 12:34:40,0
2026-01-28 12:34:41,0
2026-01-28 12:34:42,0
2026-01-28 12:34:43,0
2026-01-28 12:34:44,0
2026-01-28 12:34:45,0
2026-01-28 12:34:46,0
2026-01-28 12:34:47,0
2026-01-28 12:34:48,0
2026-01-28 12:34:49,0
2026-01-28 12:34:50,0
2026-01-28 12:34:51,0
2026-01-28 12:34:52,0
2026-01-28 12:34:53,0
2026-01-28 12:34:54,0
2026-01-28 12:34:55,0
2026-01-28 12:34:56,0
2026-01-28 12:34:57,0
2026-01-28 12:34:58,0
2026-01-28 12:34:59,0
2026-01-28 12:35:00,0
2026-01-28 12:35:01,0
2026-01-28 12:35:02,0
2026-01-28 12:35:03,0
2026-01-28 12:35:04,0
2026-01-28 12:35:05,0
2026-01-28 12:35:06,0
2026-01-28 12:35:07,0
2026-01-28 12:35:08,0
2026-01-28 12:35:09,0
2026-01-28 12:35:10,0
2026-01-28 12:35:11,0
2026-01-28 12:35:12,0
2026-01-28 12:35:13,0
2026-01-28 12:35:14,0
2026-01-28 12:35:15,0
2026-01-28 12:35:16,0
2026-01-28 12:35:17,0
2026-01-28 12:35:18,0
2026-01-28 12:35:19,0
2026-01-28 12:35:20,0
2026-01-28 12:35:21,0
2026-01-28 12:35:22,0
2026-01-28 12:35:23,0
2026-01-28 12:35:24,0
2026-01-28 12:35:25,0
2026-01-28 12:35:26,0
2026-01-28 12:35:27,0
2026-01-28 12:35:28,0
2026-01-28 12:35:29,0
2026-01-28 12:35:30,0
2026-01-28 12:35:31,0
2026-01-28 12:35:32,0
2026-01-28 12:35:33,0
2026-01-28 12:35:34,0
2026-01-28 12:35:35,0
2026-01-28 12:35:36,0
2026-01-28 12:35:37,0
2026-01-28 12:35:38,0
2026-01-28 12:35:39,0
2026-01-28 12:35:40,0
2026-01-28 12:35:41,0
2026-01-28 12:35:42,0
2026-01-28 12:35:43,0
2026-01-28 12:35:44,0
2026-01-28 12:35:45,0
2026-01-28 12:35:46,0
2026-01-28 12:35:47,0
2026-01-28 12:35:48,0
2026-01-28 12:35:49,0
2026-01-28 12:35:50,0
2026-01-28 12:35:51,0
2026-01-28 12:35:52,0
2026-01-28 12:35:53,0
2026-01-28 12:35:54,0
2026-01-28 12:35:55,0
2026-01-28 12:35:56,0
2026-01-28 12:35:57,0
2026-01-28 12:35:58,0
2026-01-28 12:35:59,0
2026-01-28 12:36:00,0
2026-01-28 12:36:01,0
2026-01-28 12:36:02,0
2026-01-28 12:36:03,0
2026-01-28 12:36:04,0
2026-01-28 12:36:05,0
2026-01-28 12:36:06,0
2026-01-28 12:36:07,0
2026-01-28 12:36:08,0
2026-01-28 12:36:09,0
2026-01-28 12:36:10,0
2026-01-28 12:36:11,0
2026-01-28 12:36:12,0
2026-01-28 12:36:13,0
2026-01-28 12:41:24,5.46
2026-01-28 12:41:25,5.46
2026-01-28 12:41:26,5.46
2026-01-28 12:41:27,5.46
2026-01-28 12:41:28,5.46
2026-01-28 12:41:29,6.18
2026-01-28 12:41:30,6.18
2026-01-28 12:41:31,6.18
2026-01-28 12:41:32,6.18
2026-01-28 12:41:33,6.18
2026-01-28 12:41:34,5.34
2026-01-28 12:41:35,5.34
2026-01-28 12:41:36,5.34
2026-01-28 12:41:37,5.34
2026-01-28 12:41:38,5.34
2026-01-28 12:41:39,5.22
2026-01-28 12:41:40,5.22
2026-01-28 12:41:41,5.22
2026-01-28 12:41:42,5.22
2026-01-28 12:41:43,5.22
2026-01-28 12:41:44,5.15
2026-01-28 12:41:45,5.15
2026-01-28 12:41:46,5.15
2026-01-28 12:41:47,5.15
2026-01-28 12:41:48,5.15
2026-01-28 12:41:49,5.88
2026-01-28 12:41:50,5.88
2026-01-28 12:41:51,5.88
2026-01-28 12:41:52,5.88
2026-01-28 12:41:53,5.88
2026-01-28 12:41:54,6.28
2026-01-28 12:41:55,6.28
2026-01-28 12:41:56,6.28
2026-01-28 12:41:57,6.28
2026-01-28 12:41:58,6.28
2026-01-28 12:41:59,6.21
2026-01-28 12:42:00,6.21
2026-01-28 12:42:01,6.21
2026-01-28 12:42:02,6.21
2026-01-28 12:42:03,6.21
2026-01-28 12:42:04,6.20
2026-01-28 12:42:05,6.20
2026-01-28 12:42:06,6.20
2026-01-28 12:42:07,6.20
2026-01-28 12:42:08,6.20
2026-01-28 12:42:09,6.20
2026-01-28 12:42:10,6.20
2026-01-28 12:42:11,6.20
2026-01-28 12:42:12,6.20
2026-01-28 12:42:13,6.20
2026-01-28 12:42:14,6.52
2026-01-28 12:42:15,6.52
2026-01-28 12:42:16,6.52
2026-01-28 12:42:17,6.52
2026-01-28 12:42:18,6.52
2026-01-28 12:42:19,6.18
2026-01-28 12:42:20,6.18
2026-01-28 12:42:21,6.18
2026-01-28 12:42:22,6.18
2026-01-28 12:42:23,6.18
2026-01-28 12:42:24,6.11
2026-01-28 12:42:25,6.11
2026-01-28 12:42:26,6.11
2026-01-28 12:42:27,6.11
2026-01-28 12:42:28,6.11
2026-01-28 12:42:29,6.26
2026-01-28 12:42:30,6.26
2026-01-28 12:42:31,6.26
2026-01-28 12:42:32,6.26
2026-01-28 12:42:33,6.26
2026-01-28 12:42:34,6.23
2026-01-28 12:42:35,6.23
2026-01-28 12:42:36,6.23
2026-01-28 12:42:37,6.23
2026-01-28 12:42:38,6.23
2026-01-28 12:42:39,6.35
2026-01-28 12:42:40,6.35
2026-01-28 12:42:41,6.35
2026-01-28 12:42:42,6.35
2026-01-28 12:42:43,6.35
2026-01-28 12:42:44,6.40
2026-01-28 12:42:45,6.40
2026-01-28 12:42:46,6.40
2026-01-28 12:42:47,6.40
2026-01-28 12:42:48,6.40
2026-01-28 12:42:49,6.43
2026-01-28 12:42:50,6.43
2026-01-28 12:42:51,6.43
2026-01-28 12:42:52,6.43
2026-01-28 12:42:53,6.43
2026-01-28 12:42:54,6.20
2026-01-28 12:42:55,6.20
2026-01-28 12:42:56,6.20
2026-01-28 12:42:57,6.20
2026-01-28 12:42:58,6.20
2026-01-28 12:42:59,6.30
2026-01-28 12:43:00,6.30
2026-01-28 12:43:01,6.30
2026-01-28 12:43:02,6.30
2026-01-28 12:43:03,6.30
2026-01-28 12:43:04,6.11
2026-01-28 12:43:05,6.11
2026-01-28 12:43:06,6.11
2026-01-28 12:43:07,6.11
2026-01-28 12:43:08,6.11
2026-01-28 12:43:09,6.34
2026-01-28 12:43:10,6.34
2026-01-28 12:43:11,6.34
2026-01-28 12:43:12,6.34
2026-01-28 12:43:13,6.34
2026-01-28 12:43:14,6.50
2026-01-28 12:43:15,6.50
2026-01-28 12:43:16,6.50
2026-01-28 12:43:17,6.50
2026-01-28 12:43:18,6.50
2026-01-28 12:43:19,7.44
2026-01-28 12:43:20,7.44
2026-01-28 12:43:21,7.44
2026-01-28 12:43:22,7.44
2026-01-28 12:43:23,7.44
2026-01-28 12:43:24,7.80
2026-01-28 12:43:25,7.80
2026-01-28 12:43:26,7.80
2026-01-28 12:43:27,7.80
2026-01-28 12:43:28,7.80
2026-01-28 12:43:29,7.34
2026-01-28 12:43:30,7.34
2026-01-28 12:43:31,7.34
2026-01-28 12:43:32,7.34
2026-01-28 12:43:33,7.34
2026-01-28 12:43:34,7.39
2026-01-28 12:43:35,7.39
2026-01-28 12:43:36,7.39
2026-01-28 12:43:37,7.39
2026-01-28 12:43:38,7.39
2026-01-28 12:43:39,7.52
2026-01-28 12:43:40,7.52
2026-01-28 12:43:41,7.52
2026-01-28 12:43:42,7.52
2026-01-28 12:43:43,7.52
2026-01-28 12:43:44,7.35
2026-01-28 12:43:45,7.35
2026-01-28 12:43:46,7.35
2026-01-28 12:43:47,7.35
2026-01-28 12:43:48,7.35
2026-01-28 12:43:49,7.46
2026-01-28 12:43:50,7.46
2026-01-28 12:43:51,7.46
2026-01-28 12:43:52,7.46
2026-01-28 12:43:53,7.46
2026-01-28 12:43:54,0
2026-01-28 12:43:55,0
2026-01-28 12:43:56,0
2026-01-28 12:43:57,0
2026-01-28 12:43:58,0
2026-01-28 12:43:59,0
2026-01-28 12:44:00,0
2026-01-28 12:44:01,0
2026-01-28 12:44:02,0
2026-01-28 12:44:03,0
2026-01-28 12:44:04,0
2026-01-28 12:44:05,0
2026-01-28 12:44:06,0
2026-01-28 12:44:07,0
2026-01-28 12:44:08,0
2026-01-28 12:44:09,0
2026-01-28 12:44:10,0
2026-01-28 12:44:11,0
2026-01-28 12:44:12,0
2026-01-28 12:44:13,0
2026-01-28 12:44:14,0
2026-01-28 12:44:15,0
2026-01-28 12:44:16,0
2026-01-28 12:44:17,0
2026-01-28 12:44:18,0
2026-01-28 12:44:19,0
2026-01-28 12:44:20,0
2026-01-28 12:44:21,0
2026-01-28 12:44:22,0
2026-01-28 12:44:23,0
2026-01-28 12:44:24,0
2026-01-28 12:44:25,0
2026-01-28 12:44:26,0
2026-01-28 12:44:27,0
2026-01-28 12:44:28,0
2026-01-28 12:44:29,0
2026-01-28 12:44:30,0
2026-01-28 12:44:31,0
2026-01-28 12:44:32,0
2026-01-28 12:44:33,0
2026-01-28 12:44:34,0
2026-01-28 12:44:35,0
2026-01-28 12:44:36,0
2026-01-28 12:44:37,0
2026-01-28 12:44:38,0
2026-01-28 12:44:39,0
2026-01-28 12:44:40,0
2026-01-28 12:44:41,0
2026-01-28 12:44:42,0
2026-01-28 12:44:43,0
2026-01-28 12:44:44,0
2026-01-28 12:44:45,0
2026-01-28 12:44:46,0
2026-01-28 12:44:47,0
2026-01-28 12:44:48,0
2026-01-28 12:44:49,0
2026-01-28 12:44:50,0
2026-01-28 12:44:51,0
2026-01-28 12:44:52,0
2026-01-28 12:44:53,0
2026-01-28 12:44:54,0
2026-01-28 12:44:55,0
2026-01-28 12:44:56,0
2026-01-28 12:44:57,0
2026-01-28 12:44:58,0
2026-01-28 12:44:59,0
2026-01-28 12:45:00,0
2026-01-28 12:45:01,0
2026-01-28 12:45:02,0
2026-01-28 12:45:03,0
2026-01-28 12:45:04,0
2026-01-28 12:45:05,0
2026-01-28 12:45:06,0
2026-01-28 12:45:07,0
2026-01-28 12:45:08,0
2026-01-28 12:45:09,0
2026-01-28 12:45:10,0
2026-01-28 12:45:11,0
2026-01-28 12:45:12,0
2026-01-28 12:45:13,0
2026-01-28 12:45:14,0
2026-01-28 12:45:15,0
2026-01-28 12:45:16,0
2026-01-28 12:45:17,0
2026-01-28 12:45:18,0
2026-01-28 12:45:19,0
2026-01-28 12:45:20,0
2026-01-28 12:45:21,0
2026-01-28 12:45:22,0
2026-01-28 12:45:23,0
2026-01-28 12:45:24,0
2026-01-28 12:45:25,0
2026-01-28 12:45:26,0
2026-01-28 12:45:27,0
2026-01-28 12:45:28,0
2026-01-28 12:50:39,2.52
2026-01-28 12:50:40,2.52
2026-01-28 12:50:41,2.52
2026-01-28 12:50:42,2.52
2026-01-28 12:50:43,2.52
2026-01-28 12:50:44,5.73
2026-01-28 12:50:45,5.73
2026-01-28 12:50:46,5.73
2026-01-28 12:50:47,5.73
2026-01-28 12:50:48,5.73
2026-01-28 12:50:49,6.60
2026-01-28 12:50:50,6.60
2026-01-28 12:50:51,6.60
2026-01-28 12:50:52,6.60
2026-01-28 12:50:53,6.60
2026-01-28 12:50:54,6.19
2026-01-28 12:50:55,6.19
2026-01-28 12:50:56,6.19
2026-01-28 12:50:57,6.19
2026-01-28 12:50:58,6.19
2026-01-28 12:50:59,5.95
2026-01-28 12:51:00,5.95
2026-01-28 12:51:01,5.95
2026-01-28 12:51:02,5.95
2026-01-28 12:51:03,5.95
2026-01-28 12:51:04,7.65
2026-01-28 12:51:05,7.65
2026-01-28 12:51:06,7.65
2026-01-28 12:51:07,7.65
2026-01-28 12:51:08,7.65
2026-01-28 12:51:09,7.72
2026-01-28 12:51:10,7.72
2026-01-28 12:51:11,7.72
2026-01-28 12:51:12,7.72
2026-01-28 12:51:13,7.72
2026-01-28 12:51:14,7.41
2026-01-28 12:51:15,7.41
2026-01-28 12:51:16,7.41
2026-01-28 12:51:17,7.41
2026-01-28 12:51:18,7.41
2026-01-28 12:51:19,8.34
2026-01-28 12:51:20,8.34
2026-01-28 12:51:21,8.34
2026-01-28 12:51:22,8.34
2026-01-28 12:51:23,8.34
2026-01-28 12:51:24,6.53
2026-01-28 12:51:25,6.53
2026-01-28 12:51:26,6.53
2026-01-28 12:51:27,6.53
2026-01-28 12:51:28,6.53
2026-01-28 12:51:29,6.23
2026-01-28 12:51:30,6.23
2026-01-28 12:51:31,6.23
2026-01-28 12:51:32,6.23
2026-01-28 12:51:33,6.23
2026-01-28 12:51:34,6.21
2026-01-28 12:51:35,6.21
2026-01-28 12:51:36,6.21
2026-01-28 12:51:37,6.21
2026-01-28 12:51:38,6.21
2026-01-28 12:51:39,6.30
2026-01-28 12:51:40,6.30
2026-01-28 12:51:41,6.30
2026-01-28 12:51:42,6.30
2026-01-28 12:51:43,6.30
2026-01-28 12:51:44,6.30
2026-01-28 12:51:45,6.30
2026-01-28 12:51:46,6.30
2026-01-28 12:51:47,6.30
2026-01-28 12:51:48,6.30
2026-01-28 12:51:49,6.19
2026-01-28 12:51:50,6.19
2026-01-28 12:51:51,6.19
2026-01-28 12:51:52,6.19
2026-01-28 12:51:53,6.19
2026-01-28 12:51:54,6.14
2026-01-28 12:51:55,6.14
2026-01-28 12:51:56,6.14
2026-01-28 12:51:57,6.14
2026-01-28 12:51:58,6.14
2026-01-28 12:51:59,6.18
2026-01-28 12:52:00,6.18
2026-01-28 12:52:01,6.18
2026-01-28 12:52:02,6.18
2026-01-28 12:52:03,6.18
2026-01-28 12:52:04,6.14
2026-01-28 12:52:05,6.14
2026-01-28 12:52:06,6.14
2026-01-28 12:52:07,6.14
2026-01-28 12:52:08,6.14
2026-01-28 12:52:09,6.22
2026-01-28 12:52:10,6.22
2026-01-28 12:52:11,6.22
2026-01-28 12:52:12,6.22
2026-01-28 12:52:13,6.22
2026-01-28 12:52:14,6.11
2026-01-28 12:52:15,6.11
2026-01-28 12:52:16,6.11
2026-01-28 12:52:17,6.11
2026-01-28 12:52:18,6.11
2026-01-28 12:52:19,6.21
2026-01-28 12:52:20,6.21
2026-01-28 12:52:21,6.21
2026-01-28 12:52:22,6.21
2026-01-28 12:52:23,6.21
2026-01-28 12:52:24,6.20
2026-01-28 12:52:25,6.20
2026-01-28 12:52:26,6.20
2026-01-28 12:52:27,6.20
2026-01-28 12:52:28,6.20
2026-01-28 12:52:29,6.17
2026-01-28 12:52:30,6.17
2026-01-28 12:52:31,6.17
2026-01-28 12:52:32,6.17
2026-01-28 12:52:33,6.17
2026-01-28 12:52:34,6.26
2026-01-28 12:52:35,6.26
2026-01-28 12:52:36,6.26
2026-01-28 12:52:37,6.26
2026-01-28 12:52:38,6.26
2026-01-28 12:52:39,6.29
2026-01-28 12:52:40,6.29
2026-01-28 12:52:41,6.29
2026-01-28 12:52:42,6.29
2026-01-28 12:52:43,6.29
2026-01-28 12:52:44,6.40
2026-01-28 12:52:45,6.40
2026-01-28 12:52:46,6.40
2026-01-28 12:52:47,6.40
2026-01-28 12:52:48,6.40
2026-01-28 12:52:49,6.23
2026-01-28 12:52:50,6.23
2026-01-28 12:52:51,6.23
2026-01-28 12:52:52,6.23
2026-01-28 12:52:53,6.23
2026-01-28 12:52:54,6.32
2026-01-28 12:52:55,6.32
2026-01-28 12:52:56,6.32
2026-01-28 12:52:57,6.32
2026-01-28 12:52:58,6.32
2026-01-28 12:52:59,6.03
2026-01-28 12:53:00,6.03
2026-01-28 12:53:01,6.03
2026-01-28 12:53:02,6.03
2026-01-28 12:53:03,6.03
2026-01-28 12:53:04,6.03
2026-01-28 12:53:05,6.03
2026-01-28 12:53:06,6.03
2026-01-28 12:53:07,6.03
2026-01-28 12:53:08,6.03
2026-01-28 12:53:09,0
2026-01-28 12:53:10,0
2026-01-28 12:53:11,0
2026-01-28 12:53:12,0
2026-01-28 12:53:13,0
2026-01-28 12:53:14,0
2026-01-28 12:53:15,0
2026-01-28 12:53:16,0
2026-01-28 12:53:17,0
2026-01-28 12:53:18,0
2026-01-28 12:53:19,0
2026-01-28 12:53:20,0
2026-01-28 12:53:21,0
2026-01-28 12:53:22,0
2026-01-28 12:53:23,0
2026-01-28 12:53:24,0
2026-01-28 12:53:25,0
2026-01-28 12:53:26,0
2026-01-28 12:53:27,0
2026-01-28 12:53:28,0
2026-01-28 12:53:29,0
2026-01-28 12:53:30,0
2026-01-28 12:53:31,0
2026-01-28 12:53:32,0
2026-01-28 12:53:33,0
2026-01-28 12:53:34,0
2026-01-28 12:53:35,0
2026-01-28 12:53:36,0
2026-01-28 12:53:37,0
2026-01-28 12:53:38,0
2026-01-28 12:53:39,0
2026-01-28 12:53:40,0
2026-01-28 12:53:41,0
2026-01-28 12:53:42,0
2026-01-28 12:53:43,0
2026-01-28 12:53:44,0
2026-01-28 12:53:45,0
2026-01-28 12:53:46,0
2026-01-28 12:53:47,0
2026-01-28 12:53:48,0
2026-01-28 12:53:49,0
2026-01-28 12:53:50,0
2026-01-28 12:53:51,0
2026-01-28 12:53:52,0
2026-01-28 12:53:53,0
2026-01-28 12:53:54,0
2026-01-28 12:53:55,0
2026-01-28 12:53:56,0
2026-01-28 12:53:57,0
2026-01-28 12:53:58,0
2026-01-28 12:53:59,0
2026-01-28 12:54:00,0
2026-01-28 12:54:01,0
2026-01-28 12:54:02,0
2026-01-28 12:54:03,0
2026-01-28 12:54:04,0
2026-01-28 12:54:05,0
2026-01-28 12:54:06,0
2026-01-28 12:54:07,0
2026-01-28 12:54:08,0
2026-01-28 12:54:09,0
2026-01-28 12:54:10,0
2026-01-28 12:54:11,0
2026-01-28 12:54:12,0
2026-01-28 12:54:13,0
2026-01-28 12:54:14,0
2026-01-28 12:54:15,0
2026-01-28 12:54:16,0
2026-01-28 12:54:17,0
2026-01-28 12:54:18,0
2026-01-28 12:54:19,0
2026-01-28 12:54:20,0
2026-01-28 12:54:21,0
2026-01-28 12:54:22,0
2026-01-28 12:54:23,0
2026-01-28 12:54:24,0
2026-01-28 12:54:25,0
2026-01-28 12:54:26,0
2026-01-28 12:54:27,0
2026-01-28 12:54:28,0
2026-01-28 12:54:29,0
2026-01-28 12:54:30,0
2026-01-28 12:54:31,0
2026-01-28 12:54:32,0
2026-01-28 12:54:33,0
2026-01-28 12:54:34,0
2026-01-28 12:54:35,0
2026-01-28 12:54:36,0
2026-01-28 12:54:37,0
2026-01-28 12:54:38,0
2026-01-28 12:54:39,0
2026-01-28 12:54:40,0
2026-01-28 12:54:41,0
2026-01-28 12:54:42,0
2026-01-28 12:54:43,0
2026-01-28 12:59:39,1.88
2026-01-28 12:59:40,1.88
2026-01-28 12:59:41,1.88
2026-01-28 12:59:42,1.88
2026-01-28 12:59:43,1.88
2026-01-28 12:59:44,5.48
2026-01-28 12:59:45,5.48
2026-01-28 12:59:46,5.48
2026-01-28 12:59:47,5.48
2026-01-28 12:59:48,5.48
2026-01-28 12:59:49,6.61
2026-01-28 12:59:50,6.61
2026-01-28 12:59:51,6.61
2026-01-28 12:59:52,6.61
2026-01-28 12:59:53,6.61
2026-01-28 12:59:54,6.34
2026-01-28 12:59:55,6.34
2026-01-28 12:59:56,6.34
2026-01-28 12:59:57,6.34
2026-01-28 12:59:58,6.34
2026-01-28 12:59:59,6.31
2026-01-28 13:00:00,6.31
2026-01-28 13:00:01,6.31
2026-01-28 13:00:02,6.31
2026-01-28 13:00:03,6.31
2026-01-28 13:00:04,6.31
2026-01-28 13:00:05,6.31
2026-01-28 13:00:06,6.31
2026-01-28 13:00:07,6.31
2026-01-28 13:00:08,6.31
2026-01-28 13:00:09,6.35
2026-01-28 13:00:10,6.35
2026-01-28 13:00:11,6.35
2026-01-28 13:00:12,6.35
2026-01-28 13:00:13,6.35
2026-01-28 13:00:14,6.28
2026-01-28 13:00:15,6.28
2026-01-28 13:00:16,6.28
2026-01-28 13:00:17,6.28
2026-01-28 13:00:18,6.28
2026-01-28 13:00:19,6.29
2026-01-28 13:00:20,6.29
2026-01-28 13:00:21,6.29
2026-01-28 13:00:22,6.29
2026-01-28 13:00:23,6.29
2026-01-28 13:00:24,6.33
2026-01-28 13:00:25,6.33
2026-01-28 13:00:26,6.33
2026-01-28 13:00:27,6.33
2026-01-28 13:00:28,6.33
2026-01-28 13:00:29,6.27
2026-01-28 13:00:30,6.27
2026-01-28 13:00:31,6.27
2026-01-28 13:00:32,6.27
2026-01-28 13:00:33,6.27
2026-01-28 13:00:34,6.33
2026-01-28 13:00:35,6.33
2026-01-28 13:00:36,6.33
2026-01-28 13:00:37,6.33
2026-01-28 13:00:38,6.33
2026-01-28 13:00:39,6.35
2026-01-28 13:00:40,6.35
2026-01-28 13:00:41,6.35
2026-01-28 13:00:42,6.35
2026-01-28 13:00:43,6.35
2026-01-28 13:00:44,6.39
2026-01-28 13:00:45,6.39
2026-01-28 13:00:46,6.39
2026-01-28 13:00:47,6.39
2026-01-28 13:00:48,6.39
2026-01-28 13:00:49,6.49
2026-01-28 13:00:50,6.49
2026-01-28 13:00:51,6.49
2026-01-28 13:00:52,6.49
2026-01-28 13:00:53,6.49
2026-01-28 13:00:54,6.36
2026-01-28 13:00:55,6.36
2026-01-28 13:00:56,6.36
2026-01-28 13:00:57,6.36
2026-01-28 13:00:58,6.36
2026-01-28 13:00:59,6.32
2026-01-28 13:01:00,6.32
2026-01-28 13:01:01,6.32
2026-01-28 13:01:02,6.32
2026-01-28 13:01:03,6.32
2026-01-28 13:01:04,7.84
2026-01-28 13:01:05,7.84
2026-01-28 13:01:06,7.84
2026-01-28 13:01:07,7.84
2026-01-28 13:01:08,7.84
2026-01-28 13:01:09,5.87
2026-01-28 13:01:10,5.87
2026-01-28 13:01:11,5.87
2026-01-28 13:01:12,5.87
2026-01-28 13:01:13,5.87
2026-01-28 13:01:14,7.05
2026-01-28 13:01:15,7.05
2026-01-28 13:01:16,7.05
2026-01-28 13:01:17,7.05
2026-01-28 13:01:18,7.05
2026-01-28 13:01:19,9.15
2026-01-28 13:01:20,9.15
2026-01-28 13:01:21,9.15
2026-01-28 13:01:22,9.15
2026-01-28 13:01:23,9.15
2026-01-28 13:01:24,6.81
2026-01-28 13:01:25,6.81
2026-01-28 13:01:26,6.81
2026-01-28 13:01:27,6.81
2026-01-28 13:01:28,6.81
2026-01-28 13:01:29,6.21
2026-01-28 13:01:30,6.21
2026-01-28 13:01:31,6.21
2026-01-28 13:01:32,6.21
2026-01-28 13:01:33,6.21
2026-01-28 13:01:34,6.28
2026-01-28 13:01:35,6.28
2026-01-28 13:01:36,6.28
2026-01-28 13:01:37,6.28
2026-01-28 13:01:38,6.28
2026-01-28 13:01:39,6.22
2026-01-28 13:01:40,6.22
2026-01-28 13:01:41,6.22
2026-01-28 13:01:42,6.22
2026-01-28 13:01:43,6.22
2026-01-28 13:01:44,9.02
2026-01-28 13:01:45,9.02
2026-01-28 13:01:46,9.02
2026-01-28 13:01:47,9.02
2026-01-28 13:01:48,9.02
2026-01-28 13:01:49,7.63
2026-01-28 13:01:50,7.63
2026-01-28 13:01:51,7.63
2026-01-28 13:01:52,7.63
2026-01-28 13:01:53,7.63
2026-01-28 13:01:54,5.07
2026-01-28 13:01:55,5.07
2026-01-28 13:01:56,5.07
2026-01-28 13:01:57,5.07
2026-01-28 13:01:58,5.07
2026-01-28 13:01:59,5.00
2026-01-28 13:02:00,5.00
2026-01-28 13:02:01,5.00
2026-01-28 13:02:02,5.00
2026-01-28 13:02:03,5.00
2026-01-28 13:02:04,5.13
2026-01-28 13:02:05,5.13
2026-01-28 13:02:06,5.13
2026-01-28 13:02:07,5.13
2026-01-28 13:02:08,5.13
2026-01-28 13:02:09,0
2026-01-28 13:02:10,0
2026-01-28 13:02:11,0
2026-01-28 13:02:12,0
2026-01-28 13:02:13,0
2026-01-28 13:02:14,0
2026-01-28 13:02:15,0
2026-01-28 13:02:16,0
2026-01-28 13:02:17,0
2026-01-28 13:02:18,0
2026-01-28 13:02:19,0
2026-01-28 13:02:20,0
2026-01-28 13:02:21,0
2026-01-28 13:02:22,0
2026-01-28 13:02:23,0
2026-01-28 13:02:24,0
2026-01-28 13:02:25,0
2026-01-28 13:02:26,0
2026-01-28 13:02:27,0
2026-01-28 13:02:28,0
2026-01-28 13:02:29,0
2026-01-28 13:02:30,0
2026-01-28 13:02:31,0
2026-01-28 13:02:32,0
2026-01-28 13:02:33,0
2026-01-28 13:02:34,0
2026-01-28 13:02:35,0
2026-01-28 13:02:36,0
2026-01-28 13:02:37,0
2026-01-28 13:02:38,0
2026-01-28 13:02:39,0
2026-01-28 13:02:40,0
2026-01-28 13:02:41,0
2026-01-28 13:02:42,0
2026-01-28 13:02:43,0
2026-01-28 13:02:44,0
2026-01-28 13:02:45,0
2026-01-28 13:02:46,0
2026-01-28 13:02:47,0
2026-01-28 13:02:48,0
2026-01-28 13:02:49,0
2026-01-28 13:02:50,0
2026-01-28 13:02:51,0
2026-01-28 13:02:52,0
2026-01-28 13:02:53,0
2026-01-28 13:02:54,0
2026-01-28 13:02:55,0
2026-01-28 13:02:56,0
2026-01-28 13:02:57,0
2026-01-28 13:02:58,0
2026-01-28 13:02:59,0
2026-01-28 13:03:00,0
2026-01-28 13:03:01,0
2026-01-28 13:03:02,0
2026-01-28 13:03:03,0
2026-01-28 13:03:04,0
2026-01-28 13:03:05,0
2026-01-28 13:03:06,0
2026-01-28 13:03:07,0
2026-01-28 13:03:08,0
2026-01-28 13:03:09,0
2026-01-28 13:03:10,0
2026-01-28 13:03:11,0
2026-01-28 13:03:12,0
2026-01-28 13:03:13,0
2026-01-28 13:03:14,0
2026-01-28 13:03:15,0
2026-01-28 13:03:16,0
2026-01-28 13:03:17,0
2026-01-28 13:03:18,0
2026-01-28 13:03:19,0
2026-01-28 13:03:20,0
2026-01-28 13:03:21,0
2026-01-28 13:03:22,0
2026-01-28 13:03:23,0
2026-01-28 13:03:24,0
2026-01-28 13:03:25,0
2026-01-28 13:03:26,0
2026-01-28 13:03:27,0
2026-01-28 13:03:28,0
2026-01-28 13:03:29,0
2026-01-28 13:03:30,0
2026-01-28 13:03:31,0
2026-01-28 13:03:32,0
2026-01-28 13:03:33,0
2026-01-28 13:03:34,0
2026-01-28 13:03:35,0
2026-01-28 13:03:36,0
2026-01-28 13:03:37,0
2026-01-28 13:03:38,0
2026-01-28 13:03:39,0
2026-01-28 13:03:40,0
2026-01-28 13:03:41,0
2026-01-28 13:03:42,0
2026-01-28 13:03:43,0
2026-01-28 13:08:54,1.87
2026-01-28 13:08:55,1.87
2026-01-28 13:08:56,1.87
2026-01-28 13:08:57,1.87
2026-01-28 13:08:58,1.87
2026-01-28 13:08:59,5.35
2026-01-28 13:09:00,5.35
2026-01-28 13:09:01,5.35
2026-01-28 13:09:02,5.35
2026-01-28 13:09:03,5.35
2026-01-28 13:09:04,8.60
2026-01-28 13:09:05,8.60
2026-01-28 13:09:06,8.60
2026-01-28 13:09:07,8.60
2026-01-28 13:09:08,8.60
2026-01-28 13:09:09,5.68
2026-01-28 13:09:10,5.68
2026-01-28 13:09:11,5.68
2026-01-28 13:09:12,5.68
2026-01-28 13:09:13,5.68
2026-01-28 13:09:14,6.68
2026-01-28 13:09:15,6.68
2026-01-28 13:09:16,6.68
2026-01-28 13:09:17,6.68
2026-01-28 13:09:18,6.68
2026-01-28 13:09:19,6.60
2026-01-28 13:09:20,6.60
2026-01-28 13:09:21,6.60
2026-01-28 13:09:22,6.60
2026-01-28 13:09:23,6.60
2026-01-28 13:09:24,6.32
2026-01-28 13:09:25,6.32
2026-01-28 13:09:26,6.32
2026-01-28 13:09:27,6.32
2026-01-28 13:09:28,6.32
2026-01-28 13:09:29,6.34
2026-01-28 13:09:30,6.34
2026-01-28 13:09:31,6.34
2026-01-28 13:09:32,6.34
2026-01-28 13:09:33,6.34
2026-01-28 13:09:34,6.34
2026-01-28 13:09:35,6.34
2026-01-28 13:09:36,6.34
2026-01-28 13:09:37,6.34
2026-01-28 13:09:38,6.34
2026-01-28 13:09:39,6.48
2026-01-28 13:09:40,6.48
2026-01-28 13:09:41,6.48
2026-01-28 13:09:42,6.48
2026-01-28 13:09:43,6.48
2026-01-28 13:09:44,6.42
2026-01-28 13:09:45,6.42
2026-01-28 13:09:46,6.42
2026-01-28 13:09:47,6.42
2026-01-28 13:09:48,6.42
2026-01-28 13:09:49,6.00
2026-01-28 13:09:50,6.00
2026-01-28 13:09:51,6.00
2026-01-28 13:09:52,6.00
2026-01-28 13:09:53,6.00
2026-01-28 13:09:54,7.82
2026-01-28 13:09:55,7.82
2026-01-28 13:09:56,7.82
2026-01-28 13:09:57,7.82
2026-01-28 13:09:58,7.82
2026-01-28 13:09:59,7.41
2026-01-28 13:10:00,7.41
2026-01-28 13:10:01,7.41
2026-01-28 13:10:02,7.41
2026-01-28 13:10:03,7.41
2026-01-28 13:10:04,7.37
2026-01-28 13:10:05,7.37
2026-01-28 13:10:06,7.37
2026-01-28 13:10:07,7.37
2026-01-28 13:10:08,7.37
2026-01-28 13:10:09,7.40
2026-01-28 13:10:10,7.40
2026-01-28 13:10:11,7.40
2026-01-28 13:10:12,7.40
2026-01-28 13:10:13,7.40
2026-01-28 13:10:14,7.43
2026-01-28 13:10:15,7.43
2026-01-28 13:10:16,7.43
2026-01-28 13:10:17,7.43
2026-01-28 13:10:18,7.43
2026-01-28 13:10:19,7.49
2026-01-28 13:10:20,7.49
2026-01-28 13:10:21,7.49
2026-01-28 13:10:22,7.49
2026-01-28 13:10:23,7.49
2026-01-28 13:10:24,7.43
2026-01-28 13:10:25,7.43
2026-01-28 13:10:26,7.43
2026-01-28 13:10:27,7.43
2026-01-28 13:10:28,7.43
2026-01-28 13:10:29,7.42
2026-01-28 13:10:30,7.42
2026-01-28 13:10:31,7.42
2026-01-28 13:10:32,7.42
2026-01-28 13:10:33,7.42
2026-01-28 13:10:34,7.47
2026-01-28 13:10:35,7.47
2026-01-28 13:10:36,7.47
2026-01-28 13:10:37,7.47
2026-01-28 13:10:38,7.47
2026-01-28 13:10:39,7.53
2026-01-28 13:10:40,7.53
2026-01-28 13:10:41,7.53
2026-01-28 13:10:42,7.53
2026-01-28 13:10:43,7.53
2026-01-28 13:10:44,7.50
2026-01-28 13:10:45,7.50
2026-01-28 13:10:46,7.50
2026-01-28 13:10:47,7.50
2026-01-28 13:10:48,7.50
2026-01-28 13:10:49,9.71
2026-01-28 13:10:50,9.71
2026-01-28 13:10:51,9.71
2026-01-28 13:10:52,9.71
2026-01-28 13:10:53,9.71
2026-01-28 13:10:54,7.77
2026-01-28 13:10:55,7.77
2026-01-28 13:10:56,7.77
2026-01-28 13:10:57,7.77
2026-01-28 13:10:58,7.77
2026-01-28 13:10:59,6.21
2026-01-28 13:11:00,6.21
2026-01-28 13:11:01,6.21
2026-01-28 13:11:02,6.21
2026-01-28 13:11:03,6.21
2026-01-28 13:11:04,6.19
2026-01-28 13:11:05,6.19
2026-01-28 13:11:06,6.19
2026-01-28 13:11:07,6.19
2026-01-28 13:11:08,6.19
2026-01-28 13:11:09,6.23
2026-01-28 13:11:10,6.23
2026-01-28 13:11:11,6.23
2026-01-28 13:11:12,6.23
2026-01-28 13:11:13,6.23
2026-01-28 13:11:14,6.18
2026-01-28 13:11:15,6.18
2026-01-28 13:11:16,6.18
2026-01-28 13:11:17,6.18
2026-01-28 13:11:18,6.18
2026-01-28 13:11:19,6.24
2026-01-28 13:11:20,6.24
2026-01-28 13:11:21,6.24
2026-01-28 13:11:22,6.24
2026-01-28 13:11:23,6.24
2026-01-28 13:11:24,0
2026-01-28 13:11:25,0
2026-01-28 13:11:26,0
2026-01-28 13:11:27,0
2026-01-28 13:11:28,0
2026-01-28 13:11:29,0
2026-01-28 13:11:30,0
2026-01-28 13:11:31,0
2026-01-28 13:11:32,0
2026-01-28 13:11:33,0
2026-01-28 13:11:34,0
2026-01-28 13:11:35,0
2026-01-28 13:11:36,0
2026-01-28 13:11:37,0
2026-01-28 13:11:38,0
2026-01-28 13:11:39,0
2026-01-28 13:11:40,0
2026-01-28 13:11:41,0
2026-01-28 13:11:42,0
2026-01-28 13:11:43,0
2026-01-28 13:11:44,0
2026-01-28 13:11:45,0
2026-01-28 13:11:46,0
2026-01-28 13:11:47,0
2026-01-28 13:11:48,0
2026-01-28 13:11:49,0
2026-01-28 13:11:50,0
2026-01-28 13:11:51,0
2026-01-28 13:11:52,0
2026-01-28 13:11:53,0
2026-01-28 13:11:54,0
2026-01-28 13:11:55,0
2026-01-28 13:11:56,0
2026-01-28 13:11:57,0
2026-01-28 13:11:58,0
2026-01-28 13:11:59,0
2026-01-28 13:12:00,0
2026-01-28 13:12:01,0
2026-01-28 13:12:02,0
2026-01-28 13:12:03,0
2026-01-28 13:12:04,0
2026-01-28 13:12:05,0
2026-01-28 13:12:06,0
2026-01-28 13:12:07,0
2026-01-28 13:12:08,0
2026-01-28 13:12:09,0
2026-01-28 13:12:10,0
2026-01-28 13:12:11,0
2026-01-28 13:12:12,0
2026-01-28 13:12:13,0
2026-01-28 13:12:14,0
2026-01-28 13:12:15,0
2026-01-28 13:12:16,0
2026-01-28 13:12:17,0
2026-01-28 13:12:18,0
2026-01-28 13:12:19,0
2026-01-28 13:12:20,0
2026-01-28 13:12:21,0
2026-01-28 13:12:22,0
2026-01-28 13:12:23,0
2026-01-28 13:12:24,0
2026-01-28 13:12:25,0
2026-01-28 13:12:26,0
2026-01-28 13:12:27,0
2026-01-28 13:12:28,0
2026-01-28 13:12:29,0
2026-01-28 13:12:30,0
2026-01-28 13:12:31,0
2026-01-28 13:12:32,0
2026-01-28 13:12:33,0
2026-01-28 13:12:34,0
2026-01-28 13:12:35,0
2026-01-28 13:12:36,0
2026-01-28 13:12:37,0
2026-01-28 13:12:38,0
2026-01-28 13:12:39,0
2026-01-28 13:12:40,0
2026-01-28 13:12:41,0
2026-01-28 13:12:42,0
2026-01-28 13:12:43,0
2026-01-28 13:12:44,0
2026-01-28 13:12:45,0
2026-01-28 13:12:46,0
2026-01-28 13:12:47,0
2026-01-28 13:12:48,0
2026-01-28 13:12:49,0
2026-01-28 13:12:50,0
2026-01-28 13:12:51,0
2026-01-28 13:12:52,0
2026-01-28 13:12:53,0
2026-01-28 13:12:54,0
2026-01-28 13:12:55,0
2026-01-28 13:12:56,0
2026-01-28 13:12:57,0
2026-01-28 13:12:58,0
2026-01-28 13:18:09,7.84
2026-01-28 13:18:10,7.84
2026-01-28 13:18:11,7.84
2026-01-28 13:18:12,7.84
2026-01-28 13:18:13,7.84
2026-01-28 13:18:14,10.6
2026-01-28 13:18:15,10.6
2026-01-28 13:18:16,10.6
2026-01-28 13:18:17,10.6
2026-01-28 13:18:18,10.6
2026-01-28 13:18:19,11.1
2026-01-28 13:18:20,11.1
2026-01-28 13:18:21,11.1
2026-01-28 13:18:22,11.1
2026-01-28 13:18:23,11.1
2026-01-28 13:18:24,11.6
2026-01-28 13:18:25,11.6
2026-01-28 13:18:26,11.6
2026-01-28 13:18:27,11.6
2026-01-28 13:18:28,11.6
2026-01-28 13:18:29,10.4
2026-01-28 13:18:30,10.4
2026-01-28 13:18:31,10.4
2026-01-28 13:18:32,10.4
2026-01-28 13:18:33,10.4
2026-01-28 13:18:34,11.2
2026-01-28 13:18:35,11.2
2026-01-28 13:18:36,11.2
2026-01-28 13:18:37,11.2
2026-01-28 13:18:38,11.2
2026-01-28 13:18:39,9.83
2026-01-28 13:18:40,9.83
2026-01-28 13:18:41,9.83
2026-01-28 13:18:42,9.83
2026-01-28 13:18:43,9.83
2026-01-28 13:18:44,11.4
2026-01-28 13:18:45,11.4
2026-01-28 13:18:46,11.4
2026-01-28 13:18:47,11.4
2026-01-28 13:18:48,11.4
2026-01-28 13:18:49,10.9
2026-01-28 13:18:50,10.9
2026-01-28 13:18:51,10.9
2026-01-28 13:18:52,10.9
2026-01-28 13:18:53,10.9