"Time","ue-ofdm-demod"
2026-01-28 10:20:13,0
2026-01-28 10:20:14,0
2026-01-28 10:20:15,0
2026-01-28 10:20:16,0
2026-01-28 10:20:17,0
2026-01-28 10:20:18,0
2026-01-28 10:20:19,0
2026-01-28 10:20:20,0
2026-01-28 10:20:21,0
2026-01-28 10:20:22,0
2026-01-28 10:20:23,0
2026-01-28 10:20:24,0
2026-01-28 10:20:25,0
2026-01-28 10:20:26,0
2026-01-28 10:20:27,0
2026-01-28 10:20:28,0
2026-01-28 10:20:29,0
2026-01-28 10:20:30,0
2026-01-28 10:20:31,0
2026-01-28 10:20:32,0
2026-01-28 10:20:33,0
2026-01-28 10:20:34,0
2026-01-28 10:20:35,0
2026-01-28 10:20:36,0
2026-01-28 10:20:37,0
2026-01-28 10:20:38,0
2026-01-28 10:20:39,0
2026-01-28 10:20:40,0
2026-01-28 10:20:41,0
2026-01-28 10:20:42,0
2026-01-28 10:20:43,0
2026-01-28 10:20:44,0
2026-01-28 10:20:45,0
2026-01-28 10:20:46,0
2026-01-28 10:20:47,0
2026-01-28 10:20:48,0
2026-01-28 10:20:49,0
2026-01-28 10:20:50,0
2026-01-28 10:20:51,0
2026-01-28 10:20:52,0
2026-01-28 10:20:53,0
2026-01-28 10:25:54,8.48
2026-01-28 10:25:55,8.48
2026-01-28 10:25:56,8.48
2026-01-28 10:25:57,8.48
2026-01-28 10:25:58,8.48
2026-01-28 10:25:59,8.90
2026-01-28 10:26:00,8.90
2026-01-28 10:26:01,8.90
2026-01-28 10:26:02,8.90
2026-01-28 10:26:03,8.90
2026-01-28 10:26:04,9.17
2026-01-28 10:26:05,9.17
2026-01-28 10:26:06,9.17
2026-01-28 10:26:07,9.17
2026-01-28 10:26:08,9.17
2026-01-28 10:26:09,8.42
2026-01-28 10:26:10,8.42
2026-01-28 10:26:11,8.42
2026-01-28 10:26:12,8.42
2026-01-28 10:26:13,8.42
2026-01-28 10:26:14,8.46
2026-01-28 10:26:15,8.46
2026-01-28 10:26:16,8.46
2026-01-28 10:26:17,8.46
2026-01-28 10:26:18,8.46
2026-01-28 10:26:19,8.59
2026-01-28 10:26:20,8.59
2026-01-28 10:26:21,8.59
2026-01-28 10:26:22,8.59
2026-01-28 10:26:23,8.59
2026-01-28 10:26:24,8.50
2026-01-28 10:26:25,8.50
2026-01-28 10:26:26,8.50
2026-01-28 10:26:27,8.50
2026-01-28 10:26:28,8.50
2026-01-28 10:26:29,8.65
2026-01-28 10:26:30,8.65
2026-01-28 10:26:31,8.65
2026-01-28 10:26:32,8.65
2026-01-28 10:26:33,8.65
2026-01-28 10:26:34,8.76
2026-01-28 10:26:35,8.76
2026-01-28 10:26:36,8.76
2026-01-28 10:26:37,8.76
2026-01-28 10:26:38,8.76
2026-01-28 10:26:39,8.71
2026-01-28 10:26:40,8.71
2026-01-28 10:26:41,8.71
2026-01-28 10:26:42,8.71
2026-01-28 10:26:43,8.71
2026-01-28 10:26:44,8.49
2026-01-28 10:26:45,8.49
2026-01-28 10:26:46,8.49
2026-01-28 10:26:47,8.49
2026-01-28 10:26:48,8.49
2026-01-28 10:26:49,8.42
2026-01-28 10:26:50,8.42
2026-01-28 10:26:51,8.42
2026-01-28 10:26:52,8.42
2026-01-28 10:26:53,8.42
2026-01-28 10:26:54,8.81
2026-01-28 10:26:55,8.81
2026-01-28 10:26:56,8.81
2026-01-28 10:26:57,8.81
2026-01-28 10:26:58,8.81
2026-01-28 10:26:59,8.11
2026-01-28 10:27:00,8.11
2026-01-28 10:27:01,8.11
2026-01-28 10:27:02,8.11
2026-01-28 10:27:03,8.11
2026-01-28 10:27:04,12.7
2026-01-28 10:27:05,12.7
2026-01-28 10:27:06,12.7
2026-01-28 10:27:07,12.7
2026-01-28 10:27:08,12.7
2026-01-28 10:27:09,7.52
2026-01-28 10:27:10,7.52
2026-01-28 10:27:11,7.52
2026-01-28 10:27:12,7.52
2026-01-28 10:27:13,7.52
2026-01-28 10:27:14,7.36
2026-01-28 10:27:15,7.36
2026-01-28 10:27:16,7.36
2026-01-28 10:27:17,7.36
2026-01-28 10:27:18,7.36
2026-01-28 10:27:19,7.42
2026-01-28 10:27:20,7.42
2026-01-28 10:27:21,7.42
2026-01-28 10:27:22,7.42
2026-01-28 10:27:23,7.42
2026-01-28 10:27:24,7.41
2026-01-28 10:27:25,7.41
2026-01-28 10:27:26,7.41
2026-01-28 10:27:27,7.41
2026-01-28 10:27:28,7.41
2026-01-28 10:27:29,7.49
2026-01-28 10:27:30,7.49
2026-01-28 10:27:31,7.49
2026-01-28 10:27:32,7.49
2026-01-28 10:27:33,7.49
2026-01-28 10:27:34,7.46
2026-01-28 10:27:35,7.46
2026-01-28 10:27:36,7.46
2026-01-28 10:27:37,7.46
2026-01-28 10:27:38,7.46
2026-01-28 10:27:39,6.46
2026-01-28 10:27:40,6.46
2026-01-28 10:27:41,6.46
2026-01-28 10:27:42,6.46
2026-01-28 10:27:43,6.46
2026-01-28 10:27:44,6.25
2026-01-28 10:27:45,6.25
2026-01-28 10:27:46,6.25
2026-01-28 10:27:47,6.25
2026-01-28 10:27:48,6.25
2026-01-28 10:27:49,6.31
2026-01-28 10:27:50,6.31
2026-01-28 10:27:51,6.31
2026-01-28 10:27:52,6.31
2026-01-28 10:27:53,6.31
2026-01-28 10:27:54,6.66
2026-01-28 10:27:55,6.66
2026-01-28 10:27:56,6.66
2026-01-28 10:27:57,6.66
2026-01-28 10:27:58,6.66
2026-01-28 10:27:59,6.43
2026-01-28 10:28:00,6.43
2026-01-28 10:28:01,6.43
2026-01-28 10:28:02,6.43
2026-01-28 10:28:03,6.43
2026-01-28 10:28:04,6.37
2026-01-28 10:28:05,6.37
2026-01-28 10:28:06,6.37
2026-01-28 10:28:07,6.37
2026-01-28 10:28:08,6.37
2026-01-28 10:28:09,6.18
2026-01-28 10:28:10,6.18
2026-01-28 10:28:11,6.18
2026-01-28 10:28:12,6.18
2026-01-28 10:28:13,6.18
2026-01-28 10:28:14,6.34
2026-01-28 10:28:15,6.34
2026-01-28 10:28:16,6.34
2026-01-28 10:28:17,6.34
2026-01-28 10:28:18,6.34
2026-01-28 10:28:19,6.31
2026-01-28 10:28:20,6.31
2026-01-28 10:28:21,6.31
2026-01-28 10:28:22,6.31
2026-01-28 10:28:23,6.31
2026-01-28 10:28:24,6.26
2026-01-28 10:28:25,6.26
2026-01-28 10:28:26,6.26
2026-01-28 10:28:27,6.26
2026-01-28 10:28:28,6.26
2026-01-28 10:28:29,6.34
2026-01-28 10:28:30,6.34
2026-01-28 10:28:31,6.34
2026-01-28 10:28:32,6.34
2026-01-28 10:28:33,6.34
2026-01-28 10:28:34,7.29
2026-01-28 10:28:35,7.29
2026-01-28 10:28:36,7.29
2026-01-28 10:28:37,7.29
2026-01-28 10:28:38,7.29
2026-01-28 10:28:39,5.22
2026-01-28 10:28:40,5.22
2026-01-28 10:28:41,5.22
2026-01-28 10:28:42,5.22
2026-01-28 10:28:43,5.22
2026-01-28 10:28:44,5.25
2026-01-28 10:28:45,5.25
2026-01-28 10:28:46,5.25
2026-01-28 10:28:47,5.25
2026-01-28 10:28:48,5.25
2026-01-28 10:28:49,5.17
2026-01-28 10:28:50,5.17
2026-01-28 10:28:51,5.17
2026-01-28 10:28:52,5.17
2026-01-28 10:28:53,5.17
2026-01-28 10:28:54,5.26
2026-01-28 10:28:55,5.26
2026-01-28 10:28:56,5.26
2026-01-28 10:28:57,5.26
2026-01-28 10:28:58,5.26
2026-01-28 10:28:59,5.32
2026-01-28 10:29:00,5.32
2026-01-28 10:29:01,5.32
2026-01-28 10:29:02,5.32
2026-01-28 10:29:03,5.32
2026-01-28 10:29:04,0
2026-01-28 10:29:05,0
2026-01-28 10:29:06,0
2026-01-28 10:29:07,0
2026-01-28 10:29:08,0
2026-01-28 10:29:09,0
2026-01-28 10:29:10,0
2026-01-28 10:29:11,0
2026-01-28 10:29:12,0
2026-01-28 10:29:13,0
2026-01-28 10:29:14,0
2026-01-28 10:29:15,0
2026-01-28 10:29:16,0
2026-01-28 10:29:17,0
2026-01-28 10:29:18,0
2026-01-28 10:29:19,0
2026-01-28 10:29:20,0
2026-01-28 10:29:21,0
2026-01-28 10:29:22,0
2026-01-28 10:29:23,0
2026-01-28 10:29:24,0
2026-01-28 10:29:25,0
2026-01-28 10:29:26,0
2026-01-28 10:29:27,0
2026-01-28 10:29:28,0
2026-01-28 10:29:29,0
2026-01-28 10:29:30,0
2026-01-28 10:29:31,0
2026-01-28 10:29:32,0
2026-01-28 10:29:33,0
2026-01-28 10:29:34,0
2026-01-28 10:29:35,0
2026-01-28 10:29:36,0
2026-01-28 10:29:37,0
2026-01-28 10:29:38,0
2026-01-28 10:29:39,0
2026-01-28 10:29:40,0
2026-01-28 10:29:41,0
2026-01-28 10:29:42,0
2026-01-28 10:29:43,0
2026-01-28 10:29:44,0
2026-01-28 10:29:45,0
2026-01-28 10:29:46,0
2026-01-28 10:29:47,0
2026-01-28 10:29:48,0
2026-01-28 10:29:49,0
2026-01-28 10:29:50,0
2026-01-28 10:29:51,0
2026-01-28 10:29:52,0
2026-01-28 10:29:53,0
2026-01-28 10:29:54,0
2026-01-28 10:29:55,0
2026-01-28 10:29:56,0
2026-01-28 10:29:57,0
2026-01-28 10:29:58,0
2026-01-28 10:29:59,0
2026-01-28 10:30:00,0
2026-01-28 10:30:01,0
2026-01-28 10:30:02,0
2026-01-28 10:30:03,0
2026-01-28 10:30:04,0
2026-01-28 10:30:05,0
2026-01-28 10:30:06,0
2026-01-28 10:30:07,0
2026-01-28 10:30:08,0
2026-01-28 10:30:09,0
2026-01-28 10:30:10,0
2026-01-28 10:30:11,0
2026-01-28 10:30:12,0
2026-01-28 10:30:13,0
2026-01-28 10:30:14,0
2026-01-28 10:30:15,0
2026-01-28 10:30:16,0
2026-01-28 10:30:17,0
2026-01-28 10:30:18,0
2026-01-28 10:30:19,0
2026-01-28 10:30:20,0
2026-01-28 10:30:21,0
2026-01-28 10:30:22,0
2026-01-28 10:30:23,0
2026-01-28 10:30:24,0
2026-01-28 10:30:25,0
2026-01-28 10:30:26,0
2026-01-28 10:30:27,0
2026-01-28 10:30:28,0
2026-01-28 10:30:29,0
2026-01-28 10:30:30,0
2026-01-28 10:30:31,0
2026-01-28 10:30:32,0
2026-01-28 10:30:33,0
2026-01-28 10:30:34,0
2026-01-28 10:30:35,0
2026-01-28 10:30:36,0
2026-01-28 10:30:37,0
2026-01-28 10:30:38,0
2026-01-28 10:35:44,5.38
2026-01-28 10:35:45,5.38
2026-01-28 10:35:46,5.38
2026-01-28 10:35:47,5.38
2026-01-28 10:35:48,5.38
2026-01-28 10:35:49,8.53
2026-01-28 10:35:50,8.53
2026-01-28 10:35:51,8.53
2026-01-28 10:35:52,8.53
2026-01-28 10:35:53,8.53
2026-01-28 10:35:54,8.38
2026-01-28 10:35:55,8.38
2026-01-28 10:35:56,8.38
2026-01-28 10:35:57,8.38
2026-01-28 10:35:58,8.38
2026-01-28 10:35:59,8.62
2026-01-28 10:36:00,8.62
2026-01-28 10:36:01,8.62
2026-01-28 10:36:02,8.62
2026-01-28 10:36:03,8.62
2026-01-28 10:36:04,10.3
2026-01-28 10:36:05,10.3
2026-01-28 10:36:06,10.3
2026-01-28 10:36:07,10.3
2026-01-28 10:36:08,10.3
2026-01-28 10:36:09,8.66
2026-01-28 10:36:10,8.66
2026-01-28 10:36:11,8.66
2026-01-28 10:36:12,8.66
2026-01-28 10:36:13,8.66
2026-01-28 10:36:14,9.60
2026-01-28 10:36:15,9.60
2026-01-28 10:36:16,9.60
2026-01-28 10:36:17,9.60
2026-01-28 10:36:18,9.60
2026-01-28 10:36:19,10.7
2026-01-28 10:36:20,10.7
2026-01-28 10:36:21,10.7
2026-01-28 10:36:22,10.7
2026-01-28 10:36:23,10.7
2026-01-28 10:36:24,6.88
2026-01-28 10:36:25,6.88
2026-01-28 10:36:26,6.88
2026-01-28 10:36:27,6.88
2026-01-28 10:36:28,6.88
2026-01-28 10:36:29,5.10
2026-01-28 10:36:30,5.10
2026-01-28 10:36:31,5.10
2026-01-28 10:36:32,5.10
2026-01-28 10:36:33,5.10
2026-01-28 10:36:34,5.21
2026-01-28 10:36:35,5.21
2026-01-28 10:36:36,5.21
2026-01-28 10:36:37,5.21
2026-01-28 10:36:38,5.21
2026-01-28 10:36:39,5.22
2026-01-28 10:36:40,5.22
2026-01-28 10:36:41,5.22
2026-01-28 10:36:42,5.22
2026-01-28 10:36:43,5.22
2026-01-28 10:36:44,5.18
2026-01-28 10:36:45,5.18
2026-01-28 10:36:46,5.18
2026-01-28 10:36:47,5.18
2026-01-28 10:36:48,5.18
2026-01-28 10:36:49,5.24
2026-01-28 10:36:50,5.24
2026-01-28 10:36:51,5.24
2026-01-28 10:36:52,5.24
2026-01-28 10:36:53,5.24
2026-01-28 10:36:54,5.25
2026-01-28 10:36:55,5.25
2026-01-28 10:36:56,5.25
2026-01-28 10:36:57,5.25
2026-01-28 10:36:58,5.25
2026-01-28 10:36:59,5.28
2026-01-28 10:37:00,5.28
2026-01-28 10:37:01,5.28
2026-01-28 10:37:02,5.28
2026-01-28 10:37:03,5.28
2026-01-28 10:37:04,5.24
2026-01-28 10:37:05,5.24
2026-01-28 10:37:06,5.24
2026-01-28 10:37:07,5.24
2026-01-28 10:37:08,5.24
2026-01-28 10:37:09,5.25
2026-01-28 10:37:10,5.25
2026-01-28 10:37:11,5.25
2026-01-28 10:37:12,5.25
2026-01-28 10:37:13,5.25
2026-01-28 10:37:14,5.10
2026-01-28 10:37:15,5.10
2026-01-28 10:37:16,5.10
2026-01-28 10:37:17,5.10
2026-01-28 10:37:18,5.10
2026-01-28 10:37:19,5.14
2026-01-28 10:37:20,5.14
2026-01-28 10:37:21,5.14
2026-01-28 10:37:22,5.14
2026-01-28 10:37:23,5.14
2026-01-28 10:37:24,5.07
2026-01-28 10:37:25,5.07
2026-01-28 10:37:26,5.07
2026-01-28 10:37:27,5.07
2026-01-28 10:37:28,5.07
2026-01-28 10:37:29,5.10
2026-01-28 10:37:30,5.10
2026-01-28 10:37:31,5.10
2026-01-28 10:37:32,5.10
2026-01-28 10:37:33,5.10
2026-01-28 10:37:34,5.16
2026-01-28 10:37:35,5.16
2026-01-28 10:37:36,5.16
2026-01-28 10:37:37,5.16
2026-01-28 10:37:38,5.16
2026-01-28 10:37:39,5.25
2026-01-28 10:37:40,5.25
2026-01-28 10:37:41,5.25
2026-01-28 10:37:42,5.25
2026-01-28 10:37:43,5.25
2026-01-28 10:37:44,5.17
2026-01-28 10:37:45,5.17
2026-01-28 10:37:46,5.17
2026-01-28 10:37:47,5.17
2026-01-28 10:37:48,5.17
2026-01-28 10:37:49,5.13
2026-01-28 10:37:50,5.13
2026-01-28 10:37:51,5.13
2026-01-28 10:37:52,5.13
2026-01-28 10:37:53,5.13
2026-01-28 10:37:54,5.23
2026-01-28 10:37:55,5.23
2026-01-28 10:37:56,5.23
2026-01-28 10:37:57,5.23
2026-01-28 10:37:58,5.23
2026-01-28 10:37:59,5.32
2026-01-28 10:38:00,5.32
2026-01-28 10:38:01,5.32
2026-01-28 10:38:02,5.32
2026-01-28 10:38:03,5.32
2026-01-28 10:38:04,5.44
2026-01-28 10:38:05,5.44
2026-01-28 10:38:06,5.44
2026-01-28 10:38:07,5.44
2026-01-28 10:38:08,5.44
2026-01-28 10:38:09,5.12
2026-01-28 10:38:10,5.12
2026-01-28 10:38:11,5.12
2026-01-28 10:38:12,5.12
2026-01-28 10:38:13,5.12
2026-01-28 10:38:14,5.33
2026-01-28 10:38:15,5.33
2026-01-28 10:38:16,5.33
2026-01-28 10:38:17,5.33
2026-01-28 10:38:18,5.33
2026-01-28 10:38:19,5.16
2026-01-28 10:38:20,5.16
2026-01-28 10:38:21,5.16
2026-01-28 10:38:22,5.16
2026-01-28 10:38:23,5.16
2026-01-28 10:38:24,5.08
2026-01-28 10:38:25,5.08
2026-01-28 10:38:26,5.08
2026-01-28 10:38:27,5.08
2026-01-28 10:38:28,5.08
2026-01-28 10:38:29,5.10
2026-01-28 10:38:30,5.10
2026-01-28 10:38:31,5.10
2026-01-28 10:38:32,5.10
2026-01-28 10:38:33,5.10
2026-01-28 10:38:34,5.10
2026-01-28 10:38:35,5.10
2026-01-28 10:38:36,5.10
2026-01-28 10:38:37,5.10
2026-01-28 10:38:38,5.10
2026-01-28 10:38:39,5.19
2026-01-28 10:38:40,5.19
2026-01-28 10:38:41,5.19
2026-01-28 10:38:42,5.19
2026-01-28 10:38:43,5.19
2026-01-28 10:38:44,9.01
2026-01-28 10:38:45,9.01
2026-01-28 10:38:46,9.01
2026-01-28 10:38:47,9.01
2026-01-28 10:38:48,9.01
2026-01-28 10:38:49,6.35
2026-01-28 10:38:50,6.35
2026-01-28 10:38:51,6.35
2026-01-28 10:38:52,6.35
2026-01-28 10:38:53,6.35
2026-01-28 10:38:54,0
2026-01-28 10:38:55,0
2026-01-28 10:38:56,0
2026-01-28 10:38:57,0
2026-01-28 10:38:58,0
2026-01-28 10:38:59,0
2026-01-28 10:39:00,0
2026-01-28 10:39:01,0
2026-01-28 10:39:02,0
2026-01-28 10:39:03,0
2026-01-28 10:39:04,0
2026-01-28 10:39:05,0
2026-01-28 10:39:06,0
2026-01-28 10:39:07,0
2026-01-28 10:39:08,0
2026-01-28 10:39:09,0
2026-01-28 10:39:10,0
2026-01-28 10:39:11,0
2026-01-28 10:39:12,0
2026-01-28 10:39:13,0
2026-01-28 10:39:14,0
2026-01-28 10:39:15,0
2026-01-28 10:39:16,0
2026-01-28 10:39:17,0
2026-01-28 10:39:18,0
2026-01-28 10:39:19,0
2026-01-28 10:39:20,0
2026-01-28 10:39:21,0
2026-01-28 10:39:22,0
2026-01-28 10:39:23,0
2026-01-28 10:39:24,0
2026-01-28 10:39:25,0
2026-01-28 10:39:26,0
2026-01-28 10:39:27,0
2026-01-28 10:39:28,0
2026-01-28 10:39:29,0
2026-01-28 10:39:30,0
2026-01-28 10:39:31,0
2026-01-28 10:39:32,0
2026-01-28 10:39:33,0
2026-01-28 10:39:34,0
2026-01-28 10:39:35,0
2026-01-28 10:39:36,0
2026-01-28 10:39:37,0
2026-01-28 10:39:38,0
2026-01-28 10:39:39,0
2026-01-28 10:39:40,0
2026-01-28 10:39:41,0
2026-01-28 10:39:42,0
2026-01-28 10:39:43,0
2026-01-28 10:39:44,0
2026-01-28 10:39:45,0
2026-01-28 10:39:46,0
2026-01-28 10:39:47,0
2026-01-28 10:39:48,0
2026-01-28 10:39:49,0
2026-01-28 10:39:50,0
2026-01-28 10:39:51,0
2026-01-28 10:39:52,0
2026-01-28 10:39:53,0
2026-01-28 10:39:54,0
2026-01-28 10:39:55,0
2026-01-28 10:39:56,0
2026-01-28 10:39:57,0
2026-01-28 10:39:58,0
2026-01-28 10:39:59,0
2026-01-28 10:40:00,0
2026-01-28 10:40:01,0
2026-01-28 10:40:02,0
2026-01-28 10:40:03,0
2026-01-28 10:40:04,0
2026-01-28 10:40:05,0
2026-01-28 10:40:06,0
2026-01-28 10:40:07,0
2026-01-28 10:40:08,0
2026-01-28 10:40:09,0
2026-01-28 10:40:10,0
2026-01-28 10:40:11,0
2026-01-28 10:40:12,0
2026-01-28 10:40:13,0
2026-01-28 10:40:14,0
2026-01-28 10:40:15,0
2026-01-28 10:40:16,0
2026-01-28 10:40:17,0
2026-01-28 10:40:18,0
2026-01-28 10:40:19,0
2026-01-28 10:40:20,0
2026-01-28 10:40:21,0
2026-01-28 10:40:22,0
2026-01-28 10:40:23,0
2026-01-28 10:40:24,0
2026-01-28 10:40:25,0
2026-01-28 10:40:26,0
2026-01-28 10:40:27,0
2026-01-28 10:40:28,0
2026-01-28 10:45:29,4.46
2026-01-28 10:45:30,4.46
2026-01-28 10:45:31,4.46
2026-01-28 10:45:32,4.46
2026-01-28 10:45:33,4.46
2026-01-28 10:45:34,6.37
2026-01-28 10:45:35,6.37
2026-01-28 10:45:36,6.37
2026-01-28 10:45:37,6.37
2026-01-28 10:45:38,6.37
2026-01-28 10:45:39,6.47
2026-01-28 10:45:40,6.47
2026-01-28 10:45:41,6.47
2026-01-28 10:45:42,6.47
2026-01-28 10:45:43,6.47
2026-01-28 10:45:44,6.29
2026-01-28 10:45:45,6.29
2026-01-28 10:45:46,6.29
2026-01-28 10:45:47,6.29
2026-01-28 10:45:48,6.29
2026-01-28 10:45:49,6.30
2026-01-28 10:45:50,6.30
2026-01-28 10:45:51,6.30
2026-01-28 10:45:52,6.30
2026-01-28 10:45:53,6.30
2026-01-28 10:45:54,6.31
2026-01-28 10:45:55,6.31
2026-01-28 10:45:56,6.31
2026-01-28 10:45:57,6.31
2026-01-28 10:45:58,6.31
2026-01-28 10:45:59,6.18
2026-01-28 10:46:00,6.18
2026-01-28 10:46:01,6.18
2026-01-28 10:46:02,6.18
2026-01-28 10:46:03,6.18
2026-01-28 10:46:04,6.46
2026-01-28 10:46:05,6.46
2026-01-28 10:46:06,6.46
2026-01-28 10:46:07,6.46
2026-01-28 10:46:08,6.46
2026-01-28 10:46:09,6.44
2026-01-28 10:46:10,6.44
2026-01-28 10:46:11,6.44
2026-01-28 10:46:12,6.44
2026-01-28 10:46:13,6.44
2026-01-28 10:46:14,6.30
2026-01-28 10:46:15,6.30
2026-01-28 10:46:16,6.30
2026-01-28 10:46:17,6.30
2026-01-28 10:46:18,6.30
2026-01-28 10:46:19,6.30
2026-01-28 10:46:20,6.30
2026-01-28 10:46:21,6.30
2026-01-28 10:46:22,6.30
2026-01-28 10:46:23,6.30
2026-01-28 10:46:24,8.77
2026-01-28 10:46:25,8.77
2026-01-28 10:46:26,8.77
2026-01-28 10:46:27,8.77
2026-01-28 10:46:28,8.77
2026-01-28 10:46:29,9.80
2026-01-28 10:46:30,9.80
2026-01-28 10:46:31,9.80
2026-01-28 10:46:32,9.80
2026-01-28 10:46:33,9.80
2026-01-28 10:46:34,4.20
2026-01-28 10:46:35,4.20
2026-01-28 10:46:36,4.20
2026-01-28 10:46:37,4.20
2026-01-28 10:46:38,4.20
2026-01-28 10:46:39,3.96
2026-01-28 10:46:40,3.96
2026-01-28 10:46:41,3.96
2026-01-28 10:46:42,3.96
2026-01-28 10:46:43,3.96
2026-01-28 10:46:44,3.93
2026-01-28 10:46:45,3.93
2026-01-28 10:46:46,3.93
2026-01-28 10:46:47,3.93
2026-01-28 10:46:48,3.93
2026-01-28 10:46:49,4.04
2026-01-28 10:46:50,4.04
2026-01-28 10:46:51,4.04
2026-01-28 10:46:52,4.04
2026-01-28 10:46:53,4.04
2026-01-28 10:46:54,4.05
2026-01-28 10:46:55,4.05
2026-01-28 10:46:56,4.05
2026-01-28 10:46:57,4.05
2026-01-28 10:46:58,4.05
2026-01-28 10:46:59,4.38
2026-01-28 10:47:00,4.38
2026-01-28 10:47:01,4.38
2026-01-28 10:47:02,4.38
2026-01-28 10:47:03,4.38
2026-01-28 10:47:04,3.57
2026-01-28 10:47:05,3.57
2026-01-28 10:47:06,3.57
2026-01-28 10:47:07,3.57
2026-01-28 10:47:08,3.57
2026-01-28 10:47:09,4.03
2026-01-28 10:47:10,4.03
2026-01-28 10:47:11,4.03
2026-01-28 10:47:12,4.03
2026-01-28 10:47:13,4.03
2026-01-28 10:47:14,5.35
2026-01-28 10:47:15,5.35
2026-01-28 10:47:16,5.35
2026-01-28 10:47:17,5.35
2026-01-28 10:47:18,5.35
2026-01-28 10:47:19,4.93
2026-01-28 10:47:20,4.93
2026-01-28 10:47:21,4.93
2026-01-28 10:47:22,4.93
2026-01-28 10:47:23,4.93
2026-01-28 10:47:24,5.00
2026-01-28 10:47:25,5.00
2026-01-28 10:47:26,5.00
2026-01-28 10:47:27,5.00
2026-01-28 10:47:28,5.00
2026-01-28 10:47:29,4.92
2026-01-28 10:47:30,4.92
2026-01-28 10:47:31,4.92
2026-01-28 10:47:32,4.92
2026-01-28 10:47:33,4.92
2026-01-28 10:47:34,4.96
2026-01-28 10:47:35,4.96
2026-01-28 10:47:36,4.96
2026-01-28 10:47:37,4.96
2026-01-28 10:47:38,4.96
2026-01-28 10:47:39,4.98
2026-01-28 10:47:40,4.98
2026-01-28 10:47:41,4.98
2026-01-28 10:47:42,4.98
2026-01-28 10:47:43,4.98
2026-01-28 10:47:44,4.93
2026-01-28 10:47:45,4.93
2026-01-28 10:47:46,4.93
2026-01-28 10:47:47,4.93
2026-01-28 10:47:48,4.93
2026-01-28 10:47:49,4.95
2026-01-28 10:47:50,4.95
2026-01-28 10:47:51,4.95
2026-01-28 10:47:52,4.95
2026-01-28 10:47:53,4.95
2026-01-28 10:47:54,4.94
2026-01-28 10:47:55,4.94
2026-01-28 10:47:56,4.94
2026-01-28 10:47:57,4.94
2026-01-28 10:47:58,4.94
2026-01-28 10:47:59,4.97
2026-01-28 10:48:00,4.97
2026-01-28 10:48:01,4.97
2026-01-28 10:48:02,4.97
2026-01-28 10:48:03,4.97
2026-01-28 10:48:04,5.26
2026-01-28 10:48:05,5.26
2026-01-28 10:48:06,5.26
2026-01-28 10:48:07,5.26
2026-01-28 10:48:08,5.26
2026-01-28 10:48:09,5.13
2026-01-28 10:48:10,5.13
2026-01-28 10:48:11,5.13
2026-01-28 10:48:12,5.13
2026-01-28 10:48:13,5.13
2026-01-28 10:48:14,5.06
2026-01-28 10:48:15,5.06
2026-01-28 10:48:16,5.06
2026-01-28 10:48:17,5.06
2026-01-28 10:48:18,5.06
2026-01-28 10:48:19,6.14
2026-01-28 10:48:20,6.14
2026-01-28 10:48:21,6.14
2026-01-28 10:48:22,6.14
2026-01-28 10:48:23,6.14
2026-01-28 10:48:24,6.34
2026-01-28 10:48:25,6.34
2026-01-28 10:48:26,6.34
2026-01-28 10:48:27,6.34
2026-01-28 10:48:28,6.34
2026-01-28 10:48:29,8.61
2026-01-28 10:48:30,8.61
2026-01-28 10:48:31,8.61
2026-01-28 10:48:32,8.61
2026-01-28 10:48:33,8.61
2026-01-28 10:48:34,7.15
2026-01-28 10:48:35,7.15
2026-01-28 10:48:36,7.15
2026-01-28 10:48:37,7.15
2026-01-28 10:48:38,7.15
2026-01-28 10:48:39,0
2026-01-28 10:48:40,0
2026-01-28 10:48:41,0
2026-01-28 10:48:42,0
2026-01-28 10:48:43,0
2026-01-28 10:48:44,0
2026-01-28 10:48:45,0
2026-01-28 10:48:46,0
2026-01-28 10:48:47,0
2026-01-28 10:48:48,0
2026-01-28 10:48:49,0
2026-01-28 10:48:50,0
2026-01-28 10:48:51,0
2026-01-28 10:48:52,0
2026-01-28 10:48:53,0
2026-01-28 10:48:54,0
2026-01-28 10:48:55,0
2026-01-28 10:48:56,0
2026-01-28 10:48:57,0
2026-01-28 10:48:58,0
2026-01-28 10:48:59,0
2026-01-28 10:49:00,0
2026-01-28 10:49:01,0
2026-01-28 10:49:02,0
2026-01-28 10:49:03,0
2026-01-28 10:49:04,0
2026-01-28 10:49:05,0
2026-01-28 10:49:06,0
2026-01-28 10:49:07,0
2026-01-28 10:49:08,0
2026-01-28 10:49:09,0
2026-01-28 10:49:10,0
2026-01-28 10:49:11,0
2026-01-28 10:49:12,0
2026-01-28 10:49:13,0
2026-01-28 10:49:14,0
2026-01-28 10:49:15,0
2026-01-28 10:49:16,0
2026-01-28 10:49:17,0
2026-01-28 10:49:18,0
2026-01-28 10:49:19,0
2026-01-28 10:49:20,0
2026-01-28 10:49:21,0
2026-01-28 10:49:22,0
2026-01-28 10:49:23,0
2026-01-28 10:49:24,0
2026-01-28 10:49:25,0
2026-01-28 10:49:26,0
2026-01-28 10:49:27,0
2026-01-28 10:49:28,0
2026-01-28 10:49:29,0
2026-01-28 10:49:30,0
2026-01-28 10:49:31,0
2026-01-28 10:49:32,0
2026-01-28 10:49:33,0
2026-01-28 10:49:34,0
2026-01-28 10:49:35,0
2026-01-28 10:49:36,0
2026-01-28 10:49:37,0
2026-01-28 10:49:38,0
2026-01-28 10:49:39,0
2026-01-28 10:49:40,0
2026-01-28 10:49:41,0
2026-01-28 10:49:42,0
2026-01-28 10:49:43,0
2026-01-28 10:49:44,0
2026-01-28 10:49:45,0
2026-01-28 10:49:46,0
2026-01-28 10:49:47,0
2026-01-28 10:49:48,0
2026-01-28 10:49:49,0
2026-01-28 10:49:50,0
2026-01-28 10:49:51,0
2026-01-28 10:49:52,0
2026-01-28 10:49:53,0
2026-01-28 10:49:54,0
2026-01-28 10:49:55,0
2026-01-28 10:49:56,0
2026-01-28 10:49:57,0
2026-01-28 10:49:58,0
2026-01-28 10:49:59,0
2026-01-28 10:50:00,0
2026-01-28 10:50:01,0
2026-01-28 10:50:02,0
2026-01-28 10:50:03,0
2026-01-28 10:50:04,0
2026-01-28 10:50:05,0
2026-01-28 10:50:06,0
2026-01-28 10:50:07,0
2026-01-28 10:50:08,0
2026-01-28 10:50:09,0
2026-01-28 10:50:10,0
2026-01-28 10:50:11,0
2026-01-28 10:50:12,0
2026-01-28 10:50:13,0
2026-01-28 10:55:09,0.967
2026-01-28 10:55:10,0.967
2026-01-28 10:55:11,0.967
2026-01-28 10:55:12,0.967
2026-01-28 10:55:13,0.967
2026-01-28 10:55:14,5.66
2026-01-28 10:55:15,5.66
2026-01-28 10:55:16,5.66
2026-01-28 10:55:17,5.66
2026-01-28 10:55:18,5.66
2026-01-28 10:55:19,8.36
2026-01-28 10:55:20,8.36
2026-01-28 10:55:21,8.36
2026-01-28 10:55:22,8.36
2026-01-28 10:55:23,8.36
2026-01-28 10:55:24,6.84
2026-01-28 10:55:25,6.84
2026-01-28 10:55:26,6.84
2026-01-28 10:55:27,6.84
2026-01-28 10:55:28,6.84
2026-01-28 10:55:29,6.08
2026-01-28 10:55:30,6.08
2026-01-28 10:55:31,6.08
2026-01-28 10:55:32,6.08
2026-01-28 10:55:33,6.08
2026-01-28 10:55:34,6.11
2026-01-28 10:55:35,6.11
2026-01-28 10:55:36,6.11
2026-01-28 10:55:37,6.11
2026-01-28 10:55:38,6.11
2026-01-28 10:55:39,6.05
2026-01-28 10:55:40,6.05
2026-01-28 10:55:41,6.05
2026-01-28 10:55:42,6.05
2026-01-28 10:55:43,6.05
2026-01-28 10:55:44,6.06
2026-01-28 10:55:45,6.06
2026-01-28 10:55:46,6.06
2026-01-28 10:55:47,6.06
2026-01-28 10:55:48,6.06
2026-01-28 10:55:49,6.10
2026-01-28 10:55:50,6.10
2026-01-28 10:55:51,6.10
2026-01-28 10:55:52,6.10
2026-01-28 10:55:53,6.10
2026-01-28 10:55:54,6.07
2026-01-28 10:55:55,6.07
2026-01-28 10:55:56,6.07
2026-01-28 10:55:57,6.07
2026-01-28 10:55:58,6.07
2026-01-28 10:55:59,6.05
2026-01-28 10:56:00,6.05
2026-01-28 10:56:01,6.05
2026-01-28 10:56:02,6.05
2026-01-28 10:56:03,6.05
2026-01-28 10:56:04,6.23
2026-01-28 10:56:05,6.23
2026-01-28 10:56:06,6.23
2026-01-28 10:56:07,6.23
2026-01-28 10:56:08,6.23
2026-01-28 10:56:09,6.33
2026-01-28 10:56:10,6.33
2026-01-28 10:56:11,6.33
2026-01-28 10:56:12,6.33
2026-01-28 10:56:13,6.33
2026-01-28 10:56:14,6.03
2026-01-28 10:56:15,6.03
2026-01-28 10:56:16,6.03
2026-01-28 10:56:17,6.03
2026-01-28 10:56:18,6.03
2026-01-28 10:56:19,6.02
2026-01-28 10:56:20,6.02
2026-01-28 10:56:21,6.02
2026-01-28 10:56:22,6.02
2026-01-28 10:56:23,6.02
2026-01-28 10:56:24,6.07
2026-01-28 10:56:25,6.07
2026-01-28 10:56:26,6.07
2026-01-28 10:56:27,6.07
2026-01-28 10:56:28,6.07
2026-01-28 10:56:29,6.08
2026-01-28 10:56:30,6.08
2026-01-28 10:56:31,6.08
2026-01-28 10:56:32,6.08
2026-01-28 10:56:33,6.08
2026-01-28 10:56:34,6.06
2026-01-28 10:56:35,6.06
2026-01-28 10:56:36,6.06
2026-01-28 10:56:37,6.06
2026-01-28 10:56:38,6.06
2026-01-28 10:56:39,8.03
2026-01-28 10:56:40,8.03
2026-01-28 10:56:41,8.03
2026-01-28 10:56:42,8.03
2026-01-28 10:56:43,8.03
2026-01-28 10:56:44,5.92
2026-01-28 10:56:45,5.92
2026-01-28 10:56:46,5.92
2026-01-28 10:56:47,5.92
2026-01-28 10:56:48,5.92
2026-01-28 10:56:49,5.02
2026-01-28 10:56:50,5.02
2026-01-28 10:56:51,5.02
2026-01-28 10:56:52,5.02
2026-01-28 10:56:53,5.02
2026-01-28 10:56:54,5.27
2026-01-28 10:56:55,5.27
2026-01-28 10:56:56,5.27
2026-01-28 10:56:57,5.27
2026-01-28 10:56:58,5.27
2026-01-28 10:56:59,5.18
2026-01-28 10:57:00,5.18
2026-01-28 10:57:01,5.18
2026-01-28 10:57:02,5.18
2026-01-28 10:57:03,5.18
2026-01-28 10:57:04,5.84
2026-01-28 10:57:05,5.84
2026-01-28 10:57:06,5.84
2026-01-28 10:57:07,5.84
2026-01-28 10:57:08,5.84
2026-01-28 10:57:09,6.41
2026-01-28 10:57:10,6.41
2026-01-28 10:57:11,6.41
2026-01-28 10:57:12,6.41
2026-01-28 10:57:13,6.41
2026-01-28 10:57:14,5.21
2026-01-28 10:57:15,5.21
2026-01-28 10:57:16,5.21
2026-01-28 10:57:17,5.21
2026-01-28 10:57:18,5.21
2026-01-28 10:57:19,5.06
2026-01-28 10:57:20,5.06
2026-01-28 10:57:21,5.06
2026-01-28 10:57:22,5.06
2026-01-28 10:57:23,5.06
2026-01-28 10:57:24,5.14
2026-01-28 10:57:25,5.14
2026-01-28 10:57:26,5.14
2026-01-28 10:57:27,5.14
2026-01-28 10:57:28,5.14
2026-01-28 10:57:29,5.11
2026-01-28 10:57:30,5.11
2026-01-28 10:57:31,5.11
2026-01-28 10:57:32,5.11
2026-01-28 10:57:33,5.11
2026-01-28 10:57:34,5.13
2026-01-28 10:57:35,5.13
2026-01-28 10:57:36,5.13
2026-01-28 10:57:37,5.13
2026-01-28 10:57:38,5.13
2026-01-28 10:57:39,5.08
2026-01-28 10:57:40,5.08
2026-01-28 10:57:41,5.08
2026-01-28 10:57:42,5.08
2026-01-28 10:57:43,5.08
2026-01-28 10:57:44,5.15
2026-01-28 10:57:45,5.15
2026-01-28 10:57:46,5.15
2026-01-28 10:57:47,5.15
2026-01-28 10:57:48,5.15
2026-01-28 10:57:49,5.04
2026-01-28 10:57:50,5.04
2026-01-28 10:57:51,5.04
2026-01-28 10:57:52,5.04
2026-01-28 10:57:53,5.04
2026-01-28 10:57:54,5.15
2026-01-28 10:57:55,5.15
2026-01-28 10:57:56,5.15
2026-01-28 10:57:57,5.15
2026-01-28 10:57:58,5.15
2026-01-28 10:57:59,5.10
2026-01-28 10:58:00,5.10
2026-01-28 10:58:01,5.10
2026-01-28 10:58:02,5.10
2026-01-28 10:58:03,5.10
2026-01-28 10:58:04,5.35
2026-01-28 10:58:05,5.35
2026-01-28 10:58:06,5.35
2026-01-28 10:58:07,5.35
2026-01-28 10:58:08,5.35
2026-01-28 10:58:09,5.39
2026-01-28 10:58:10,5.39
2026-01-28 10:58:11,5.39
2026-01-28 10:58:12,5.39
2026-01-28 10:58:13,5.39
2026-01-28 10:58:14,5.26
2026-01-28 10:58:15,5.26
2026-01-28 10:58:16,5.26
2026-01-28 10:58:17,5.26
2026-01-28 10:58:18,5.26
2026-01-28 10:58:19,5.07
2026-01-28 10:58:20,5.07
2026-01-28 10:58:21,5.07
2026-01-28 10:58:22,5.07
2026-01-28 10:58:23,5.07
2026-01-28 10:58:24,0
2026-01-28 10:58:25,0
2026-01-28 10:58:26,0
2026-01-28 10:58:27,0
2026-01-28 10:58:28,0
2026-01-28 10:58:29,0
2026-01-28 10:58:30,0
2026-01-28 10:58:31,0
2026-01-28 10:58:32,0
2026-01-28 10:58:33,0
2026-01-28 10:58:34,0
2026-01-28 10:58:35,0
2026-01-28 10:58:36,0
2026-01-28 10:58:37,0
2026-01-28 10:58:38,0
2026-01-28 10:58:39,0
2026-01-28 10:58:40,0
2026-01-28 10:58:41,0
2026-01-28 10:58:42,0
2026-01-28 10:58:43,0
2026-01-28 10:58:44,0
2026-01-28 10:58:45,0
2026-01-28 10:58:46,0
2026-01-28 10:58:47,0
2026-01-28 10:58:48,0
2026-01-28 10:58:49,0
2026-01-28 10:58:50,0
2026-01-28 10:58:51,0
2026-01-28 10:58:52,0
2026-01-28 10:58:53,0
2026-01-28 10:58:54,0
2026-01-28 10:58:55,0
2026-01-28 10:58:56,0
2026-01-28 10:58:57,0
2026-01-28 10:58:58,0
2026-01-28 10:58:59,0
2026-01-28 10:59:00,0
2026-01-28 10:59:01,0
2026-01-28 10:59:02,0
2026-01-28 10:59:03,0
2026-01-28 10:59:04,0
2026-01-28 10:59:05,0
2026-01-28 10:59:06,0
2026-01-28 10:59:07,0
2026-01-28 10:59:08,0
2026-01-28 10:59:09,0
2026-01-28 10:59:10,0
2026-01-28 10:59:11,0
2026-01-28 10:59:12,0
2026-01-28 10:59:13,0
2026-01-28 10:59:14,0
2026-01-28 10:59:15,0
2026-01-28 10:59:16,0
2026-01-28 10:59:17,0
2026-01-28 10:59:18,0
2026-01-28 10:59:19,0
2026-01-28 10:59:20,0
2026-01-28 10:59:21,0
2026-01-28 10:59:22,0
2026-01-28 10:59:23,0
2026-01-28 10:59:24,0
2026-01-28 10:59:25,0
2026-01-28 10:59:26,0
2026-01-28 10:59:27,0
2026-01-28 10:59:28,0
2026-01-28 10:59:29,0
2026-01-28 10:59:30,0
2026-01-28 10:59:31,0
2026-01-28 10:59:32,0
2026-01-28 10:59:33,0
2026-01-28 10:59:34,0
2026-01-28 10:59:35,0
2026-01-28 10:59:36,0
2026-01-28 10:59:37,0
2026-01-28 10:59:38,0
2026-01-28 10:59:39,0
2026-01-28 10:59:40,0
2026-01-28 10:59:41,0
2026-01-28 10:59:42,0
2026-01-28 10:59:43,0
2026-01-28 10:59:44,0
2026-01-28 10:59:45,0
2026-01-28 10:59:46,0
2026-01-28 10:59:47,0
2026-01-28 10:59:48,0
2026-01-28 10:59:49,0
2026-01-28 10:59:50,0
2026-01-28 10:59:51,0
2026-01-28 10:59:52,0
2026-01-28 10:59:53,0
2026-01-28 10:59:54,0
2026-01-28 10:59:55,0
2026-01-28 10:59:56,0
2026-01-28 10:59:57,0
2026-01-28 10:59:58,0
2026-01-28 11:04:54,0.417
2026-01-28 11:04:55,0.417
2026-01-28 11:04:56,0.417
2026-01-28 11:04:57,0.417
2026-01-28 11:04:58,0.417
2026-01-28 11:04:59,2.68
2026-01-28 11:05:00,2.68
2026-01-28 11:05:01,2.68
2026-01-28 11:05:02,2.68
2026-01-28 11:05:03,2.68
2026-01-28 11:05:04,4.13
2026-01-28 11:05:05,4.13
2026-01-28 11:05:06,4.13
2026-01-28 11:05:07,4.13
2026-01-28 11:05:08,4.13
2026-01-28 11:05:09,4.58
2026-01-28 11:05:10,4.58
2026-01-28 11:05:11,4.58
2026-01-28 11:05:12,4.58
2026-01-28 11:05:13,4.58
2026-01-28 11:05:14,3.96
2026-01-28 11:05:15,3.96
2026-01-28 11:05:16,3.96
2026-01-28 11:05:17,3.96
2026-01-28 11:05:18,3.96
2026-01-28 11:05:19,3.00
2026-01-28 11:05:20,3.00
2026-01-28 11:05:21,3.00
2026-01-28 11:05:22,3.00
2026-01-28 11:05:23,3.00
2026-01-28 11:05:24,4.44
2026-01-28 11:05:25,4.44
2026-01-28 11:05:26,4.44
2026-01-28 11:05:27,4.44
2026-01-28 11:05:28,4.44
2026-01-28 11:05:29,5.38
2026-01-28 11:05:30,5.38
2026-01-28 11:05:31,5.38
2026-01-28 11:05:32,5.38
2026-01-28 11:05:33,5.38
2026-01-28 11:05:34,5.06
2026-01-28 11:05:35,5.06
2026-01-28 11:05:36,5.06
2026-01-28 11:05:37,5.06
2026-01-28 11:05:38,5.06
2026-01-28 11:05:39,4.84
2026-01-28 11:05:40,4.84
2026-01-28 11:05:41,4.84
2026-01-28 11:05:42,4.84
2026-01-28 11:05:43,4.84
2026-01-28 11:05:44,6.65
2026-01-28 11:05:45,6.65
2026-01-28 11:05:46,6.65
2026-01-28 11:05:47,6.65
2026-01-28 11:05:48,6.65
2026-01-28 11:05:49,6.20
2026-01-28 11:05:50,6.20
2026-01-28 11:05:51,6.20
2026-01-28 11:05:52,6.20
2026-01-28 11:05:53,6.20
2026-01-28 11:05:54,6.30
2026-01-28 11:05:55,6.30
2026-01-28 11:05:56,6.30
2026-01-28 11:05:57,6.30
2026-01-28 11:05:58,6.30
2026-01-28 11:05:59,6.15
2026-01-28 11:06:00,6.15
2026-01-28 11:06:01,6.15
2026-01-28 11:06:02,6.15
2026-01-28 11:06:03,6.15
2026-01-28 11:06:04,6.22
2026-01-28 11:06:05,6.22
2026-01-28 11:06:06,6.22
2026-01-28 11:06:07,6.22
2026-01-28 11:06:08,6.22
2026-01-28 11:06:09,6.31
2026-01-28 11:06:10,6.31
2026-01-28 11:06:11,6.31
2026-01-28 11:06:12,6.31
2026-01-28 11:06:13,6.31
2026-01-28 11:06:14,6.28
2026-01-28 11:06:15,6.28
2026-01-28 11:06:16,6.28
2026-01-28 11:06:17,6.28
2026-01-28 11:06:18,6.28
2026-01-28 11:06:19,6.15
2026-01-28 11:06:20,6.15
2026-01-28 11:06:21,6.15
2026-01-28 11:06:22,6.15
2026-01-28 11:06:23,6.15
2026-01-28 11:06:24,6.23
2026-01-28 11:06:25,6.23
2026-01-28 11:06:26,6.23
2026-01-28 11:06:27,6.23
2026-01-28 11:06:28,6.23
2026-01-28 11:06:29,6.34
2026-01-28 11:06:30,6.34
2026-01-28 11:06:31,6.34
2026-01-28 11:06:32,6.34
2026-01-28 11:06:33,6.34
2026-01-28 11:06:34,6.49
2026-01-28 11:06:35,6.49
2026-01-28 11:06:36,6.49
2026-01-28 11:06:37,6.49
2026-01-28 11:06:38,6.49
2026-01-28 11:06:39,6.24
2026-01-28 11:06:40,6.24
2026-01-28 11:06:41,6.24
2026-01-28 11:06:42,6.24
2026-01-28 11:06:43,6.24
2026-01-28 11:06:44,6.22
2026-01-28 11:06:45,6.22
2026-01-28 11:06:46,6.22
2026-01-28 11:06:47,6.22
2026-01-28 11:06:48,6.22
2026-01-28 11:06:49,6.19
2026-01-28 11:06:50,6.19
2026-01-28 11:06:51,6.19
2026-01-28 11:06:52,6.19
2026-01-28 11:06:53,6.19
2026-01-28 11:06:54,6.22
2026-01-28 11:06:55,6.22
2026-01-28 11:06:56,6.22
2026-01-28 11:06:57,6.22
2026-01-28 11:06:58,6.22
2026-01-28 11:06:59,6.26
2026-01-28 11:07:00,6.26
2026-01-28 11:07:01,6.26
2026-01-28 11:07:02,6.26
2026-01-28 11:07:03,6.26
2026-01-28 11:07:04,5.67
2026-01-28 11:07:05,5.67
2026-01-28 11:07:06,5.67
2026-01-28 11:07:07,5.67
2026-01-28 11:07:08,5.67
2026-01-28 11:07:09,8.37
2026-01-28 11:07:10,8.37
2026-01-28 11:07:11,8.37
2026-01-28 11:07:12,8.37
2026-01-28 11:07:13,8.37
2026-01-28 11:07:14,6.29
2026-01-28 11:07:15,6.29
2026-01-28 11:07:16,6.29
2026-01-28 11:07:17,6.29
2026-01-28 11:07:18,6.29
2026-01-28 11:07:19,6.21
2026-01-28 11:07:20,6.21
2026-01-28 11:07:21,6.21
2026-01-28 11:07:22,6.21
2026-01-28 11:07:23,6.21
2026-01-28 11:07:24,6.25
2026-01-28 11:07:25,6.25
2026-01-28 11:07:26,6.25
2026-01-28 11:07:27,6.25
2026-01-28 11:07:28,6.25
2026-01-28 11:07:29,6.21
2026-01-28 11:07:30,6.21
2026-01-28 11:07:31,6.21
2026-01-28 11:07:32,6.21
2026-01-28 11:07:33,6.21
2026-01-28 11:07:34,6.30
2026-01-28 11:07:35,6.30
2026-01-28 11:07:36,6.30
2026-01-28 11:07:37,6.30
2026-01-28 11:07:38,6.30
2026-01-28 11:07:39,6.28
2026-01-28 11:07:40,6.28
2026-01-28 11:07:41,6.28
2026-01-28 11:07:42,6.28
2026-01-28 11:07:43,6.28
2026-01-28 11:07:44,6.19
2026-01-28 11:07:45,6.19
2026-01-28 11:07:46,6.19
2026-01-28 11:07:47,6.19
2026-01-28 11:07:48,6.19
2026-01-28 11:07:49,6.27
2026-01-28 11:07:50,6.27
2026-01-28 11:07:51,6.27
2026-01-28 11:07:52,6.27
2026-01-28 11:07:53,6.27
2026-01-28 11:07:54,6.24
2026-01-28 11:07:55,6.24
2026-01-28 11:07:56,6.24
2026-01-28 11:07:57,6.24
2026-01-28 11:07:58,6.24
2026-01-28 11:07:59,6.25
2026-01-28 11:08:00,6.25
2026-01-28 11:08:01,6.25
2026-01-28 11:08:02,6.25
2026-01-28 11:08:03,6.25
2026-01-28 11:08:04,6.31
2026-01-28 11:08:05,6.31
2026-01-28 11:08:06,6.31
2026-01-28 11:08:07,6.31
2026-01-28 11:08:08,6.31
2026-01-28 11:08:09,0
2026-01-28 11:08:10,0
2026-01-28 11:08:11,0
2026-01-28 11:08:12,0
2026-01-28 11:08:13,0
2026-01-28 11:08:14,0
2026-01-28 11:08:15,0
2026-01-28 11:08:16,0
2026-01-28 11:08:17,0
2026-01-28 11:08:18,0
2026-01-28 11:08:19,0
2026-01-28 11:08:20,0
2026-01-28 11:08:21,0
2026-01-28 11:08:22,0
2026-01-28 11:08:23,0
2026-01-28 11:08:24,0
2026-01-28 11:08:25,0
2026-01-28 11:08:26,0
2026-01-28 11:08:27,0
2026-01-28 11:08:28,0
2026-01-28 11:08:29,0
2026-01-28 11:08:30,0
2026-01-28 11:08:31,0
2026-01-28 11:08:32,0
2026-01-28 11:08:33,0
2026-01-28 11:08:34,0
2026-01-28 11:08:35,0
2026-01-28 11:08:36,0
2026-01-28 11:08:37,0
2026-01-28 11:08:38,0
2026-01-28 11:08:39,0
2026-01-28 11:08:40,0
2026-01-28 11:08:41,0
2026-01-28 11:08:42,0
2026-01-28 11:08:43,0
2026-01-28 11:08:44,0
2026-01-28 11:08:45,0
2026-01-28 11:08:46,0
2026-01-28 11:08:47,0
2026-01-28 11:08:48,0
2026-01-28 11:08:49,0
2026-01-28 11:08:50,0
2026-01-28 11:08:51,0
2026-01-28 11:08:52,0
2026-01-28 11:08:53,0
2026-01-28 11:08:54,0
2026-01-28 11:08:55,0
2026-01-28 11:08:56,0
2026-01-28 11:08:57,0
2026-01-28 11:08:58,0
2026-01-28 11:08:59,0
2026-01-28 11:09:00,0
2026-01-28 11:09:01,0
2026-01-28 11:09:02,0
2026-01-28 11:09:03,0
2026-01-28 11:09:04,0
2026-01-28 11:09:05,0
2026-01-28 11:09:06,0
2026-01-28 11:09:07,0
2026-01-28 11:09:08,0
2026-01-28 11:09:09,0
2026-01-28 11:09:10,0
2026-01-28 11:09:11,0
2026-01-28 11:09:12,0
2026-01-28 11:09:13,0
2026-01-28 11:09:14,0
2026-01-28 11:09:15,0
2026-01-28 11:09:16,0
2026-01-28 11:09:17,0
2026-01-28 11:09:18,0
2026-01-28 11:09:19,0
2026-01-28 11:09:20,0
2026-01-28 11:09:21,0
2026-01-28 11:09:22,0
2026-01-28 11:09:23,0
2026-01-28 11:09:24,0
2026-01-28 11:09:25,0
2026-01-28 11:09:26,0
2026-01-28 11:09:27,0
2026-01-28 11:09:28,0
2026-01-28 11:09:29,0
2026-01-28 11:09:30,0
2026-01-28 11:09:31,0
2026-01-28 11:09:32,0
2026-01-28 11:09:33,0
2026-01-28 11:09:34,0
2026-01-28 11:09:35,0
2026-01-28 11:09:36,0
2026-01-28 11:09:37,0
2026-01-28 11:09:38,0
2026-01-28 11:09:39,0
2026-01-28 11:09:40,0
2026-01-28 11:09:41,0
2026-01-28 11:09:42,0
2026-01-28 11:09:43,0
2026-01-28 11:14:49,2.64
2026-01-28 11:14:50,2.64
2026-01-28 11:14:51,2.64
2026-01-28 11:14:52,2.64
2026-01-28 11:14:53,2.64
2026-01-28 11:14:54,5.65
2026-01-28 11:14:55,5.65
2026-01-28 11:14:56,5.65
2026-01-28 11:14:57,5.65
2026-01-28 11:14:58,5.65
2026-01-28 11:14:59,6.52
2026-01-28 11:15:00,6.52
2026-01-28 11:15:01,6.52
2026-01-28 11:15:02,6.52
2026-01-28 11:15:03,6.52
2026-01-28 11:15:04,6.29
2026-01-28 11:15:05,6.29
2026-01-28 11:15:06,6.29
2026-01-28 11:15:07,6.29
2026-01-28 11:15:08,6.29
2026-01-28 11:15:09,6.41
2026-01-28 11:15:10,6.41
2026-01-28 11:15:11,6.41
2026-01-28 11:15:12,6.41
2026-01-28 11:15:13,6.41
2026-01-28 11:15:14,6.37
2026-01-28 11:15:15,6.37
2026-01-28 11:15:16,6.37
2026-01-28 11:15:17,6.37
2026-01-28 11:15:18,6.37
2026-01-28 11:15:19,6.31
2026-01-28 11:15:20,6.31
2026-01-28 11:15:21,6.31
2026-01-28 11:15:22,6.31
2026-01-28 11:15:23,6.31
2026-01-28 11:15:24,6.26
2026-01-28 11:15:25,6.26
2026-01-28 11:15:26,6.26
2026-01-28 11:15:27,6.26
2026-01-28 11:15:28,6.26
2026-01-28 11:15:29,6.32
2026-01-28 11:15:30,6.32
2026-01-28 11:15:31,6.32
2026-01-28 11:15:32,6.32
2026-01-28 11:15:33,6.32
2026-01-28 11:15:34,6.23
2026-01-28 11:15:35,6.23
2026-01-28 11:15:36,6.23
2026-01-28 11:15:37,6.23
2026-01-28 11:15:38,6.23
2026-01-28 11:15:39,6.27
2026-01-28 11:15:40,6.27
2026-01-28 11:15:41,6.27
2026-01-28 11:15:42,6.27
2026-01-28 11:15:43,6.27
2026-01-28 11:15:44,6.21
2026-01-28 11:15:45,6.21
2026-01-28 11:15:46,6.21
2026-01-28 11:15:47,6.21
2026-01-28 11:15:48,6.21
2026-01-28 11:15:49,6.27
2026-01-28 11:15:50,6.27
2026-01-28 11:15:51,6.27
2026-01-28 11:15:52,6.27
2026-01-28 11:15:53,6.27
2026-01-28 11:15:54,6.23
2026-01-28 11:15:55,6.23
2026-01-28 11:15:56,6.23
2026-01-28 11:15:57,6.23
2026-01-28 11:15:58,6.23
2026-01-28 11:15:59,6.23
2026-01-28 11:16:00,6.23
2026-01-28 11:16:01,6.23
2026-01-28 11:16:02,6.23
2026-01-28 11:16:03,6.23
2026-01-28 11:16:04,6.26
2026-01-28 11:16:05,6.26
2026-01-28 11:16:06,6.26
2026-01-28 11:16:07,6.26
2026-01-28 11:16:08,6.26
2026-01-28 11:16:09,6.14
2026-01-28 11:16:10,6.14
2026-01-28 11:16:11,6.14
2026-01-28 11:16:12,6.14
2026-01-28 11:16:13,6.14
2026-01-28 11:16:14,7.65
2026-01-28 11:16:15,7.65
2026-01-28 11:16:16,7.65
2026-01-28 11:16:17,7.65
2026-01-28 11:16:18,7.65
2026-01-28 11:16:19,7.36
2026-01-28 11:16:20,7.36
2026-01-28 11:16:21,7.36
2026-01-28 11:16:22,7.36
2026-01-28 11:16:23,7.36
2026-01-28 11:16:24,7.58
2026-01-28 11:16:25,7.58
2026-01-28 11:16:26,7.58
2026-01-28 11:16:27,7.58
2026-01-28 11:16:28,7.58
2026-01-28 11:16:29,7.66
2026-01-28 11:16:30,7.66
2026-01-28 11:16:31,7.66
2026-01-28 11:16:32,7.66
2026-01-28 11:16:33,7.66
2026-01-28 11:16:34,7.44
2026-01-28 11:16:35,7.44
2026-01-28 11:16:36,7.44
2026-01-28 11:16:37,7.44
2026-01-28 11:16:38,7.44
2026-01-28 11:16:39,7.46
2026-01-28 11:16:40,7.46
2026-01-28 11:16:41,7.46
2026-01-28 11:16:42,7.46
2026-01-28 11:16:43,7.46
2026-01-28 11:16:44,8.82
2026-01-28 11:16:45,8.82
2026-01-28 11:16:46,8.82
2026-01-28 11:16:47,8.82
2026-01-28 11:16:48,8.82
2026-01-28 11:16:49,6.97
2026-01-28 11:16:50,6.97
2026-01-28 11:16:51,6.97
2026-01-28 11:16:52,6.97
2026-01-28 11:16:53,6.97
2026-01-28 11:16:54,6.28
2026-01-28 11:16:55,6.28
2026-01-28 11:16:56,6.28
2026-01-28 11:16:57,6.28
2026-01-28 11:16:58,6.28
2026-01-28 11:16:59,6.26
2026-01-28 11:17:00,6.26
2026-01-28 11:17:01,6.26
2026-01-28 11:17:02,6.26
2026-01-28 11:17:03,6.26
2026-01-28 11:17:04,6.28
2026-01-28 11:17:05,6.28
2026-01-28 11:17:06,6.28
2026-01-28 11:17:07,6.28
2026-01-28 11:17:08,6.28
2026-01-28 11:17:09,6.42
2026-01-28 11:17:10,6.42
2026-01-28 11:17:11,6.42
2026-01-28 11:17:12,6.42
2026-01-28 11:17:13,6.42
2026-01-28 11:17:14,6.95
2026-01-28 11:17:15,6.95
2026-01-28 11:17:16,6.95
2026-01-28 11:17:17,6.95
2026-01-28 11:17:18,6.95
2026-01-28 11:17:19,6.31
2026-01-28 11:17:20,6.31
2026-01-28 11:17:21,6.31
2026-01-28 11:17:22,6.31
2026-01-28 11:17:23,6.31
2026-01-28 11:17:24,6.25
2026-01-28 11:17:25,6.25
2026-01-28 11:17:26,6.25
2026-01-28 11:17:27,6.25
2026-01-28 11:17:28,6.25
2026-01-28 11:17:29,6.33
2026-01-28 11:17:30,6.33
2026-01-28 11:17:31,6.33
2026-01-28 11:17:32,6.33
2026-01-28 11:17:33,6.33
2026-01-28 11:17:34,6.40
2026-01-28 11:17:35,6.40
2026-01-28 11:17:36,6.40
2026-01-28 11:17:37,6.40
2026-01-28 11:17:38,6.40
2026-01-28 11:17:39,6.34
2026-01-28 11:17:40,6.34
2026-01-28 11:17:41,6.34
2026-01-28 11:17:42,6.34
2026-01-28 11:17:43,6.34
2026-01-28 11:17:44,6.23
2026-01-28 11:17:45,6.23
2026-01-28 11:17:46,6.23
2026-01-28 11:17:47,6.23
2026-01-28 11:17:48,6.23
2026-01-28 11:17:49,6.29
2026-01-28 11:17:50,6.29
2026-01-28 11:17:51,6.29
2026-01-28 11:17:52,6.29
2026-01-28 11:17:53,6.29
2026-01-28 11:17:54,6.27
2026-01-28 11:17:55,6.27
2026-01-28 11:17:56,6.27
2026-01-28 11:17:57,6.27
2026-01-28 11:17:58,6.27
2026-01-28 11:17:59,6.30
2026-01-28 11:18:00,6.30
2026-01-28 11:18:01,6.30
2026-01-28 11:18:02,6.30
2026-01-28 11:18:03,6.30
2026-01-28 11:18:04,0
2026-01-28 11:18:05,0
2026-01-28 11:18:06,0
2026-01-28 11:18:07,0
2026-01-28 11:18:08,0
2026-01-28 11:18:09,0
2026-01-28 11:18:10,0
2026-01-28 11:18:11,0
2026-01-28 11:18:12,0
2026-01-28 11:18:13,0
2026-01-28 11:18:14,0
2026-01-28 11:18:15,0
2026-01-28 11:18:16,0
2026-01-28 11:18:17,0
2026-01-28 11:18:18,0
2026-01-28 11:18:19,0
2026-01-28 11:18:20,0
2026-01-28 11:18:21,0
2026-01-28 11:18:22,0
2026-01-28 11:18:23,0
2026-01-28 11:18:24,0
2026-01-28 11:18:25,0
2026-01-28 11:18:26,0
2026-01-28 11:18:27,0
2026-01-28 11:18:28,0
2026-01-28 11:18:29,0
2026-01-28 11:18:30,0
2026-01-28 11:18:31,0
2026-01-28 11:18:32,0
2026-01-28 11:18:33,0
2026-01-28 11:18:34,0
2026-01-28 11:18:35,0
2026-01-28 11:18:36,0
2026-01-28 11:18:37,0
2026-01-28 11:18:38,0
2026-01-28 11:18:39,0
2026-01-28 11:18:40,0
2026-01-28 11:18:41,0
2026-01-28 11:18:42,0
2026-01-28 11:18:43,0
2026-01-28 11:18:44,0
2026-01-28 11:18:45,0
2026-01-28 11:18:46,0
2026-01-28 11:18:47,0
2026-01-28 11:18:48,0
2026-01-28 11:18:49,0
2026-01-28 11:18:50,0
2026-01-28 11:18:51,0
2026-01-28 11:18:52,0
2026-01-28 11:18:53,0
2026-01-28 11:18:54,0
2026-01-28 11:18:55,0
2026-01-28 11:18:56,0
2026-01-28 11:18:57,0
2026-01-28 11:18:58,0
2026-01-28 11:18:59,0
2026-01-28 11:19:00,0
2026-01-28 11:19:01,0
2026-01-28 11:19:02,0
2026-01-28 11:19:03,0
2026-01-28 11:19:04,0
2026-01-28 11:19:05,0
2026-01-28 11:19:06,0
2026-01-28 11:19:07,0
2026-01-28 11:19:08,0
2026-01-28 11:19:09,0
2026-01-28 11:19:10,0
2026-01-28 11:19:11,0
2026-01-28 11:19:12,0
2026-01-28 11:19:13,0
2026-01-28 11:19:14,0
2026-01-28 11:19:15,0
2026-01-28 11:19:16,0
2026-01-28 11:19:17,0
2026-01-28 11:19:18,0
2026-01-28 11:19:19,0
2026-01-28 11:19:20,0
2026-01-28 11:19:21,0
2026-01-28 11:19:22,0
2026-01-28 11:19:23,0
2026-01-28 11:19:24,0
2026-01-28 11:19:25,0
2026-01-28 11:19:26,0
2026-01-28 11:19:27,0
2026-01-28 11:19:28,0
2026-01-28 11:19:29,0
2026-01-28 11:19:30,0
2026-01-28 11:19:31,0
2026-01-28 11:19:32,0
2026-01-28 11:19:33,0
2026-01-28 11:19:34,0
2026-01-28 11:19:35,0
2026-01-28 11:19:36,0
2026-01-28 11:19:37,0
2026-01-28 11:19:38,0
2026-01-28 11:24:44,4.44
2026-01-28 11:24:45,4.44
2026-01-28 11:24:46,4.44
2026-01-28 11:24:47,4.44
2026-01-28 11:24:48,4.44
2026-01-28 11:24:49,7.22
2026-01-28 11:24:50,7.22
2026-01-28 11:24:51,7.22
2026-01-28 11:24:52,7.22
2026-01-28 11:24:53,7.22
2026-01-28 11:24:54,7.64
2026-01-28 11:24:55,7.64
2026-01-28 11:24:56,7.64
2026-01-28 11:24:57,7.64
2026-01-28 11:24:58,7.64
2026-01-28 11:24:59,7.36
2026-01-28 11:25:00,7.36
2026-01-28 11:25:01,7.36
2026-01-28 11:25:02,7.36
2026-01-28 11:25:03,7.36
2026-01-28 11:25:04,7.41
2026-01-28 11:25:05,7.41
2026-01-28 11:25:06,7.41
2026-01-28 11:25:07,7.41
2026-01-28 11:25:08,7.41
2026-01-28 11:25:09,7.47
2026-01-28 11:25:10,7.47
2026-01-28 11:25:11,7.47
2026-01-28 11:25:12,7.47
2026-01-28 11:25:13,7.47
2026-01-28 11:25:14,7.51
2026-01-28 11:25:15,7.51
2026-01-28 11:25:16,7.51
2026-01-28 11:25:17,7.51
2026-01-28 11:25:18,7.51
2026-01-28 11:25:19,7.66
2026-01-28 11:25:20,7.66
2026-01-28 11:25:21,7.66
2026-01-28 11:25:22,7.66
2026-01-28 11:25:23,7.66
2026-01-28 11:25:24,7.34
2026-01-28 11:25:25,7.34
2026-01-28 11:25:26,7.34
2026-01-28 11:25:27,7.34
2026-01-28 11:25:28,7.34
2026-01-28 11:25:29,7.36
2026-01-28 11:25:30,7.36
2026-01-28 11:25:31,7.36
2026-01-28 11:25:32,7.36
2026-01-28 11:25:33,7.36
2026-01-28 11:25:34,7.46
2026-01-28 11:25:35,7.46
2026-01-28 11:25:36,7.46
2026-01-28 11:25:37,7.46
2026-01-28 11:25:38,7.46
2026-01-28 11:25:39,7.49
2026-01-28 11:25:40,7.49
2026-01-28 11:25:41,7.49
2026-01-28 11:25:42,7.49
2026-01-28 11:25:43,7.49
2026-01-28 11:25:44,7.38
2026-01-28 11:25:45,7.38
2026-01-28 11:25:46,7.38
2026-01-28 11:25:47,7.38
2026-01-28 11:25:48,7.38
2026-01-28 11:25:49,7.45
2026-01-28 11:25:50,7.45
2026-01-28 11:25:51,7.45
2026-01-28 11:25:52,7.45
2026-01-28 11:25:53,7.45
2026-01-28 11:25:54,7.35
2026-01-28 11:25:55,7.35
2026-01-28 11:25:56,7.35
2026-01-28 11:25:57,7.35
2026-01-28 11:25:58,7.35
2026-01-28 11:25:59,7.40
2026-01-28 11:26:00,7.40
2026-01-28 11:26:01,7.40
2026-01-28 11:26:02,7.40
2026-01-28 11:26:03,7.40
2026-01-28 11:26:04,7.35
2026-01-28 11:26:05,7.35
2026-01-28 11:26:06,7.35
2026-01-28 11:26:07,7.35
2026-01-28 11:26:08,7.35
2026-01-28 11:26:09,7.43
2026-01-28 11:26:10,7.43
2026-01-28 11:26:11,7.43
2026-01-28 11:26:12,7.43
2026-01-28 11:26:13,7.43
2026-01-28 11:26:14,7.51
2026-01-28 11:26:15,7.51
2026-01-28 11:26:16,7.51
2026-01-28 11:26:17,7.51
2026-01-28 11:26:18,7.51
2026-01-28 11:26:19,7.69
2026-01-28 11:26:20,7.69
2026-01-28 11:26:21,7.69
2026-01-28 11:26:22,7.69
2026-01-28 11:26:23,7.69
2026-01-28 11:26:24,7.38
2026-01-28 11:26:25,7.38
2026-01-28 11:26:26,7.38
2026-01-28 11:26:27,7.38
2026-01-28 11:26:28,7.38
2026-01-28 11:26:29,7.35
2026-01-28 11:26:30,7.35
2026-01-28 11:26:31,7.35
2026-01-28 11:26:32,7.35
2026-01-28 11:26:33,7.35
2026-01-28 11:26:34,7.47
2026-01-28 11:26:35,7.47
2026-01-28 11:26:36,7.47
2026-01-28 11:26:37,7.47
2026-01-28 11:26:38,7.47
2026-01-28 11:26:39,9.80
2026-01-28 11:26:40,9.80
2026-01-28 11:26:41,9.80
2026-01-28 11:26:42,9.80
2026-01-28 11:26:43,9.80
2026-01-28 11:26:44,8.07
2026-01-28 11:26:45,8.07
2026-01-28 11:26:46,8.07
2026-01-28 11:26:47,8.07
2026-01-28 11:26:48,8.07
2026-01-28 11:26:49,6.31
2026-01-28 11:26:50,6.31
2026-01-28 11:26:51,6.31
2026-01-28 11:26:52,6.31
2026-01-28 11:26:53,6.31
2026-01-28 11:26:54,6.33
2026-01-28 11:26:55,6.33
2026-01-28 11:26:56,6.33
2026-01-28 11:26:57,6.33
2026-01-28 11:26:58,6.33
2026-01-28 11:26:59,6.27
2026-01-28 11:27:00,6.27
2026-01-28 11:27:01,6.27
2026-01-28 11:27:02,6.27
2026-01-28 11:27:03,6.27
2026-01-28 11:27:04,6.23
2026-01-28 11:27:05,6.23
2026-01-28 11:27:06,6.23
2026-01-28 11:27:07,6.23
2026-01-28 11:27:08,6.23
2026-01-28 11:27:09,6.44
2026-01-28 11:27:10,6.44
2026-01-28 11:27:11,6.44
2026-01-28 11:27:12,6.44
2026-01-28 11:27:13,6.44
2026-01-28 11:27:14,5.72
2026-01-28 11:27:15,5.72
2026-01-28 11:27:16,5.72
2026-01-28 11:27:17,5.72
2026-01-28 11:27:18,5.72
2026-01-28 11:27:19,8.09
2026-01-28 11:27:20,8.09
2026-01-28 11:27:21,8.09
2026-01-28 11:27:22,8.09
2026-01-28 11:27:23,8.09
2026-01-28 11:27:24,8.38
2026-01-28 11:27:25,8.38
2026-01-28 11:27:26,8.38
2026-01-28 11:27:27,8.38
2026-01-28 11:27:28,8.38
2026-01-28 11:27:29,7.41
2026-01-28 11:27:30,7.41
2026-01-28 11:27:31,7.41
2026-01-28 11:27:32,7.41
2026-01-28 11:27:33,7.41
2026-01-28 11:27:34,7.64
2026-01-28 11:27:35,7.64
2026-01-28 11:27:36,7.64
2026-01-28 11:27:37,7.64
2026-01-28 11:27:38,7.64
2026-01-28 11:27:39,7.32
2026-01-28 11:27:40,7.32
2026-01-28 11:27:41,7.32
2026-01-28 11:27:42,7.32
2026-01-28 11:27:43,7.32
2026-01-28 11:27:44,7.20
2026-01-28 11:27:45,7.20
2026-01-28 11:27:46,7.20
2026-01-28 11:27:47,7.20
2026-01-28 11:27:48,7.20
2026-01-28 11:27:49,7.30
2026-01-28 11:27:50,7.30
2026-01-28 11:27:51,7.30
2026-01-28 11:27:52,7.30
2026-01-28 11:27:53,7.30
2026-01-28 11:27:54,0
2026-01-28 11:27:55,0
2026-01-28 11:27:56,0
2026-01-28 11:27:57,0
2026-01-28 11:27:58,0
2026-01-28 11:27:59,0
2026-01-28 11:28:00,0
2026-01-28 11:28:01,0
2026-01-28 11:28:02,0
2026-01-28 11:28:03,0
2026-01-28 11:28:04,0
2026-01-28 11:28:05,0
2026-01-28 11:28:06,0
2026-01-28 11:28:07,0
2026-01-28 11:28:08,0
2026-01-28 11:28:09,0
2026-01-28 11:28:10,0
2026-01-28 11:28:11,0
2026-01-28 11:28:12,0
2026-01-28 11:28:13,0
2026-01-28 11:28:14,0
2026-01-28 11:28:15,0
2026-01-28 11:28:16,0
2026-01-28 11:28:17,0
2026-01-28 11:28:18,0
2026-01-28 11:28:19,0
2026-01-28 11:28:20,0
2026-01-28 11:28:21,0
2026-01-28 11:28:22,0
2026-01-28 11:28:23,0
2026-01-28 11:28:24,0
2026-01-28 11:28:25,0
2026-01-28 11:28:26,0
2026-01-28 11:28:27,0
2026-01-28 11:28:28,0
2026-01-28 11:28:29,0
2026-01-28 11:28:30,0
2026-01-28 11:28:31,0
2026-01-28 11:28:32,0
2026-01-28 11:28:33,0
2026-01-28 11:28:34,0
2026-01-28 11:28:35,0
2026-01-28 11:28:36,0
2026-01-28 11:28:37,0
2026-01-28 11:28:38,0
2026-01-28 11:28:39,0
2026-01-28 11:28:40,0
2026-01-28 11:28:41,0
2026-01-28 11:28:42,0
2026-01-28 11:28:43,0
2026-01-28 11:28:44,0
2026-01-28 11:28:45,0
2026-01-28 11:28:46,0
2026-01-28 11:28:47,0
2026-01-28 11:28:48,0
2026-01-28 11:28:49,0
2026-01-28 11:28:50,0
2026-01-28 11:28:51,0
2026-01-28 11:28:52,0
2026-01-28 11:28:53,0
2026-01-28 11:28:54,0
2026-01-28 11:28:55,0
2026-01-28 11:28:56,0
2026-01-28 11:28:57,0
2026-01-28 11:28:58,0
2026-01-28 11:28:59,0
2026-01-28 11:29:00,0
2026-01-28 11:29:01,0
2026-01-28 11:29:02,0
2026-01-28 11:29:03,0
2026-01-28 11:29:04,0
2026-01-28 11:29:05,0
2026-01-28 11:29:06,0
2026-01-28 11:29:07,0
2026-01-28 11:29:08,0
2026-01-28 11:29:09,0
2026-01-28 11:29:10,0
2026-01-28 11:29:11,0
2026-01-28 11:29:12,0
2026-01-28 11:29:13,0
2026-01-28 11:29:14,0
2026-01-28 11:29:15,0
2026-01-28 11:29:16,0
2026-01-28 11:29:17,0
2026-01-28 11:29:18,0
2026-01-28 11:29:19,0
2026-01-28 11:29:20,0
2026-01-28 11:29:21,0
2026-01-28 11:29:22,0
2026-01-28 11:29:23,0
2026-01-28 11:29:24,0
2026-01-28 11:29:25,0
2026-01-28 11:29:26,0
2026-01-28 11:29:27,0
2026-01-28 11:29:28,0
2026-01-28 11:34:39,4.52
2026-01-28 11:34:40,4.52
2026-01-28 11:34:41,4.52
2026-01-28 11:34:42,4.52
2026-01-28 11:34:43,4.52
2026-01-28 11:34:44,7.10
2026-01-28 11:34:45,7.10
2026-01-28 11:34:46,7.10
2026-01-28 11:34:47,7.10
2026-01-28 11:34:48,7.10
2026-01-28 11:34:49,7.69
2026-01-28 11:34:50,7.69
2026-01-28 11:34:51,7.69
2026-01-28 11:34:52,7.69
2026-01-28 11:34:53,7.69
2026-01-28 11:34:54,7.62
2026-01-28 11:34:55,7.62
2026-01-28 11:34:56,7.62
2026-01-28 11:34:57,7.62
2026-01-28 11:34:58,7.62
2026-01-28 11:34:59,7.35
2026-01-28 11:35:00,7.35
2026-01-28 11:35:01,7.35
2026-01-28 11:35:02,7.35
2026-01-28 11:35:03,7.35
2026-01-28 11:35:04,7.36
2026-01-28 11:35:05,7.36
2026-01-28 11:35:06,7.36
2026-01-28 11:35:07,7.36
2026-01-28 11:35:08,7.36
2026-01-28 11:35:09,7.41
2026-01-28 11:35:10,7.41
2026-01-28 11:35:11,7.41
2026-01-28 11:35:12,7.41
2026-01-28 11:35:13,7.41
2026-01-28 11:35:14,7.03
2026-01-28 11:35:15,7.03
2026-01-28 11:35:16,7.03
2026-01-28 11:35:17,7.03
2026-01-28 11:35:18,7.03
2026-01-28 11:35:19,7.85
2026-01-28 11:35:20,7.85
2026-01-28 11:35:21,7.85
2026-01-28 11:35:22,7.85
2026-01-28 11:35:23,7.85
2026-01-28 11:35:24,8.65
2026-01-28 11:35:25,8.65
2026-01-28 11:35:26,8.65
2026-01-28 11:35:27,8.65
2026-01-28 11:35:28,8.65
2026-01-28 11:35:29,8.66
2026-01-28 11:35:30,8.66
2026-01-28 11:35:31,8.66
2026-01-28 11:35:32,8.66
2026-01-28 11:35:33,8.66
2026-01-28 11:35:34,8.41
2026-01-28 11:35:35,8.41
2026-01-28 11:35:36,8.41
2026-01-28 11:35:37,8.41
2026-01-28 11:35:38,8.41
2026-01-28 11:35:39,8.40
2026-01-28 11:35:40,8.40
2026-01-28 11:35:41,8.40
2026-01-28 11:35:42,8.40
2026-01-28 11:35:43,8.40
2026-01-28 11:35:44,8.37
2026-01-28 11:35:45,8.37
2026-01-28 11:35:46,8.37
2026-01-28 11:35:47,8.37
2026-01-28 11:35:48,8.37
2026-01-28 11:35:49,8.39
2026-01-28 11:35:50,8.39
2026-01-28 11:35:51,8.39
2026-01-28 11:35:52,8.39
2026-01-28 11:35:53,8.39
2026-01-28 11:35:54,8.37
2026-01-28 11:35:55,8.37
2026-01-28 11:35:56,8.37
2026-01-28 11:35:57,8.37
2026-01-28 11:35:58,8.37
2026-01-28 11:35:59,8.43
2026-01-28 11:36:00,8.43
2026-01-28 11:36:01,8.43
2026-01-28 11:36:02,8.43
2026-01-28 11:36:03,8.43
2026-01-28 11:36:04,8.31
2026-01-28 11:36:05,8.31
2026-01-28 11:36:06,8.31
2026-01-28 11:36:07,8.31
2026-01-28 11:36:08,8.31
2026-01-28 11:36:09,8.40
2026-01-28 11:36:10,8.40
2026-01-28 11:36:11,8.40
2026-01-28 11:36:12,8.40
2026-01-28 11:36:13,8.40
2026-01-28 11:36:14,8.45
2026-01-28 11:36:15,8.45
2026-01-28 11:36:16,8.45
2026-01-28 11:36:17,8.45
2026-01-28 11:36:18,8.45
2026-01-28 11:36:19,8.51
2026-01-28 11:36:20,8.51
2026-01-28 11:36:21,8.51
2026-01-28 11:36:22,8.51
2026-01-28 11:36:23,8.51
2026-01-28 11:36:24,8.56
2026-01-28 11:36:25,8.56
2026-01-28 11:36:26,8.56
2026-01-28 11:36:27,8.56
2026-01-28 11:36:28,8.56
2026-01-28 11:36:29,8.33
2026-01-28 11:36:30,8.33
2026-01-28 11:36:31,8.33
2026-01-28 11:36:32,8.33
2026-01-28 11:36:33,8.33
2026-01-28 11:36:34,9.21
2026-01-28 11:36:35,9.21
2026-01-28 11:36:36,9.21
2026-01-28 11:36:37,9.21
2026-01-28 11:36:38,9.21
2026-01-28 11:36:39,9.42
2026-01-28 11:36:40,9.42
2026-01-28 11:36:41,9.42
2026-01-28 11:36:42,9.42
2026-01-28 11:36:43,9.42
2026-01-28 11:36:44,7.57
2026-01-28 11:36:45,7.57
2026-01-28 11:36:46,7.57
2026-01-28 11:36:47,7.57
2026-01-28 11:36:48,7.57
2026-01-28 11:36:49,8.30
2026-01-28 11:36:50,8.30
2026-01-28 11:36:51,8.30
2026-01-28 11:36:52,8.30
2026-01-28 11:36:53,8.30
2026-01-28 11:36:54,6.26
2026-01-28 11:36:55,6.26
2026-01-28 11:36:56,6.26
2026-01-28 11:36:57,6.26
2026-01-28 11:36:58,6.26
2026-01-28 11:36:59,5.16
2026-01-28 11:37:00,5.16
2026-01-28 11:37:01,5.16
2026-01-28 11:37:02,5.16
2026-01-28 11:37:03,5.16
2026-01-28 11:37:04,5.11
2026-01-28 11:37:05,5.11
2026-01-28 11:37:06,5.11
2026-01-28 11:37:07,5.11
2026-01-28 11:37:08,5.11
2026-01-28 11:37:09,5.24
2026-01-28 11:37:10,5.24
2026-01-28 11:37:11,5.24
2026-01-28 11:37:12,5.24
2026-01-28 11:37:13,5.24
2026-01-28 11:37:14,5.08
2026-01-28 11:37:15,5.08
2026-01-28 11:37:16,5.08
2026-01-28 11:37:17,5.08
2026-01-28 11:37:18,5.08
2026-01-28 11:37:19,5.31
2026-01-28 11:37:20,5.31
2026-01-28 11:37:21,5.31
2026-01-28 11:37:22,5.31
2026-01-28 11:37:23,5.31
2026-01-28 11:37:24,5.51
2026-01-28 11:37:25,5.51
2026-01-28 11:37:26,5.51
2026-01-28 11:37:27,5.51
2026-01-28 11:37:28,5.51
2026-01-28 11:37:29,5.21
2026-01-28 11:37:30,5.21
2026-01-28 11:37:31,5.21
2026-01-28 11:37:32,5.21
2026-01-28 11:37:33,5.21
2026-01-28 11:37:34,5.16
2026-01-28 11:37:35,5.16
2026-01-28 11:37:36,5.16
2026-01-28 11:37:37,5.16
2026-01-28 11:37:38,5.16
2026-01-28 11:37:39,4.92
2026-01-28 11:37:40,4.92
2026-01-28 11:37:41,4.92
2026-01-28 11:37:42,4.92
2026-01-28 11:37:43,4.92
2026-01-28 11:37:44,4.78
2026-01-28 11:37:45,4.78
2026-01-28 11:37:46,4.78
2026-01-28 11:37:47,4.78
2026-01-28 11:37:48,4.78
2026-01-28 11:37:49,0
2026-01-28 11:37:50,0
2026-01-28 11:37:51,0
2026-01-28 11:37:52,0
2026-01-28 11:37:53,0
2026-01-28 11:37:54,0
2026-01-28 11:37:55,0
2026-01-28 11:37:56,0
2026-01-28 11:37:57,0
2026-01-28 11:37:58,0
2026-01-28 11:37:59,0
2026-01-28 11:38:00,0
2026-01-28 11:38:01,0
2026-01-28 11:38:02,0
2026-01-28 11:38:03,0
2026-01-28 11:38:04,0
2026-01-28 11:38:05,0
2026-01-28 11:38:06,0
2026-01-28 11:38:07,0
2026-01-28 11:38:08,0
2026-01-28 11:38:09,0
2026-01-28 11:38:10,0
2026-01-28 11:38:11,0
2026-01-28 11:38:12,0
2026-01-28 11:38:13,0
2026-01-28 11:38:14,0
2026-01-28 11:38:15,0
2026-01-28 11:38:16,0
2026-01-28 11:38:17,0
2026-01-28 11:38:18,0
2026-01-28 11:38:19,0
2026-01-28 11:38:20,0
2026-01-28 11:38:21,0
2026-01-28 11:38:22,0
2026-01-28 11:38:23,0
2026-01-28 11:38:24,0
2026-01-28 11:38:25,0
2026-01-28 11:38:26,0
2026-01-28 11:38:27,0
2026-01-28 11:38:28,0
2026-01-28 11:38:29,0
2026-01-28 11:38:30,0
2026-01-28 11:38:31,0
2026-01-28 11:38:32,0
2026-01-28 11:38:33,0
2026-01-28 11:38:34,0
2026-01-28 11:38:35,0
2026-01-28 11:38:36,0
2026-01-28 11:38:37,0
2026-01-28 11:38:38,0
2026-01-28 11:38:39,0
2026-01-28 11:38:40,0
2026-01-28 11:38:41,0
2026-01-28 11:38:42,0
2026-01-28 11:38:43,0
2026-01-28 11:38:44,0
2026-01-28 11:38:45,0
2026-01-28 11:38:46,0
2026-01-28 11:38:47,0
2026-01-28 11:38:48,0
2026-01-28 11:38:49,0
2026-01-28 11:38:50,0
2026-01-28 11:38:51,0
2026-01-28 11:38:52,0
2026-01-28 11:38:53,0
2026-01-28 11:38:54,0
2026-01-28 11:38:55,0
2026-01-28 11:38:56,0
2026-01-28 11:38:57,0
2026-01-28 11:38:58,0
2026-01-28 11:38:59,0
2026-01-28 11:39:00,0
2026-01-28 11:39:01,0
2026-01-28 11:39:02,0
2026-01-28 11:39:03,0
2026-01-28 11:39:04,0
2026-01-28 11:39:05,0
2026-01-28 11:39:06,0
2026-01-28 11:39:07,0
2026-01-28 11:39:08,0
2026-01-28 11:39:09,0
2026-01-28 11:39:10,0
2026-01-28 11:39:11,0
2026-01-28 11:39:12,0
2026-01-28 11:39:13,0
2026-01-28 11:39:14,0
2026-01-28 11:39:15,0
2026-01-28 11:39:16,0
2026-01-28 11:39:17,0
2026-01-28 11:39:18,0
2026-01-28 11:39:19,0
2026-01-28 11:39:20,0
2026-01-28 11:39:21,0
2026-01-28 11:39:22,0
2026-01-28 11:39:23,0
2026-01-28 11:44:29,5.36
2026-01-28 11:44:30,5.36
2026-01-28 11:44:31,5.36
2026-01-28 11:44:32,5.36
2026-01-28 11:44:33,5.36
2026-01-28 11:44:34,8.14
2026-01-28 11:44:35,8.14
2026-01-28 11:44:36,8.14
2026-01-28 11:44:37,8.14
2026-01-28 11:44:38,8.14
2026-01-28 11:44:39,8.60
2026-01-28 11:44:40,8.60
2026-01-28 11:44:41,8.60
2026-01-28 11:44:42,8.60
2026-01-28 11:44:43,8.60
2026-01-28 11:44:44,9.53
2026-01-28 11:44:45,9.53
2026-01-28 11:44:46,9.53
2026-01-28 11:44:47,9.53
2026-01-28 11:44:48,9.53
2026-01-28 11:44:49,9.54
2026-01-28 11:44:50,9.54
2026-01-28 11:44:51,9.54
2026-01-28 11:44:52,9.54
2026-01-28 11:44:53,9.54
2026-01-28 11:44:54,7.95
2026-01-28 11:44:55,7.95
2026-01-28 11:44:56,7.95
2026-01-28 11:44:57,7.95
2026-01-28 11:44:58,7.95
2026-01-28 11:44:59,6.26
2026-01-28 11:45:00,6.26
2026-01-28 11:45:01,6.26
2026-01-28 11:45:02,6.26
2026-01-28 11:45:03,6.26
2026-01-28 11:45:04,6.26
2026-01-28 11:45:05,6.26
2026-01-28 11:45:06,6.26
2026-01-28 11:45:07,6.26
2026-01-28 11:45:08,6.26
2026-01-28 11:45:09,6.22
2026-01-28 11:45:10,6.22
2026-01-28 11:45:11,6.22
2026-01-28 11:45:12,6.22
2026-01-28 11:45:13,6.22
2026-01-28 11:45:14,6.34
2026-01-28 11:45:15,6.34
2026-01-28 11:45:16,6.34
2026-01-28 11:45:17,6.34
2026-01-28 11:45:18,6.34
2026-01-28 11:45:19,6.30
2026-01-28 11:45:20,6.30
2026-01-28 11:45:21,6.30
2026-01-28 11:45:22,6.30
2026-01-28 11:45:23,6.30
2026-01-28 11:45:24,6.44
2026-01-28 11:45:25,6.44
2026-01-28 11:45:26,6.44
2026-01-28 11:45:27,6.44
2026-01-28 11:45:28,6.44
2026-01-28 11:45:29,6.20
2026-01-28 11:45:30,6.20
2026-01-28 11:45:31,6.20
2026-01-28 11:45:32,6.20
2026-01-28 11:45:33,6.20
2026-01-28 11:45:34,6.28
2026-01-28 11:45:35,6.28
2026-01-28 11:45:36,6.28
2026-01-28 11:45:37,6.28
2026-01-28 11:45:38,6.28
2026-01-28 11:45:39,6.29
2026-01-28 11:45:40,6.29
2026-01-28 11:45:41,6.29
2026-01-28 11:45:42,6.29
2026-01-28 11:45:43,6.29
2026-01-28 11:45:44,6.23
2026-01-28 11:45:45,6.23
2026-01-28 11:45:46,6.23
2026-01-28 11:45:47,6.23
2026-01-28 11:45:48,6.23
2026-01-28 11:45:49,6.25
2026-01-28 11:45:50,6.25
2026-01-28 11:45:51,6.25
2026-01-28 11:45:52,6.25
2026-01-28 11:45:53,6.25
2026-01-28 11:45:54,6.31
2026-01-28 11:45:55,6.31
2026-01-28 11:45:56,6.31
2026-01-28 11:45:57,6.31
2026-01-28 11:45:58,6.31
2026-01-28 11:45:59,6.24
2026-01-28 11:46:00,6.24
2026-01-28 11:46:01,6.24
2026-01-28 11:46:02,6.24
2026-01-28 11:46:03,6.24
2026-01-28 11:46:04,6.19
2026-01-28 11:46:05,6.19
2026-01-28 11:46:06,6.19
2026-01-28 11:46:07,6.19
2026-01-28 11:46:08,6.19
2026-01-28 11:46:09,6.23
2026-01-28 11:46:10,6.23
2026-01-28 11:46:11,6.23
2026-01-28 11:46:12,6.23
2026-01-28 11:46:13,6.23
2026-01-28 11:46:14,6.67
2026-01-28 11:46:15,6.67
2026-01-28 11:46:16,6.67
2026-01-28 11:46:17,6.67
2026-01-28 11:46:18,6.67
2026-01-28 11:46:19,6.34
2026-01-28 11:46:20,6.34
2026-01-28 11:46:21,6.34
2026-01-28 11:46:22,6.34
2026-01-28 11:46:23,6.34
2026-01-28 11:46:24,6.47
2026-01-28 11:46:25,6.47
2026-01-28 11:46:26,6.47
2026-01-28 11:46:27,6.47
2026-01-28 11:46:28,6.47
2026-01-28 11:46:29,6.36
2026-01-28 11:46:30,6.36
2026-01-28 11:46:31,6.36
2026-01-28 11:46:32,6.36
2026-01-28 11:46:33,6.36
2026-01-28 11:46:34,6.52
2026-01-28 11:46:35,6.52
2026-01-28 11:46:36,6.52
2026-01-28 11:46:37,6.52
2026-01-28 11:46:38,6.52
2026-01-28 11:46:39,6.24
2026-01-28 11:46:40,6.24
2026-01-28 11:46:41,6.24
2026-01-28 11:46:42,6.24
2026-01-28 11:46:43,6.24
2026-01-28 11:46:44,5.73
2026-01-28 11:46:45,5.73
2026-01-28 11:46:46,5.73
2026-01-28 11:46:47,5.73
2026-01-28 11:46:48,5.73
2026-01-28 11:46:49,7.26
2026-01-28 11:46:50,7.26
2026-01-28 11:46:51,7.26
2026-01-28 11:46:52,7.26
2026-01-28 11:46:53,7.26
2026-01-28 11:46:54,7.61
2026-01-28 11:46:55,7.61
2026-01-28 11:46:56,7.61
2026-01-28 11:46:57,7.61
2026-01-28 11:46:58,7.61
2026-01-28 11:46:59,7.34
2026-01-28 11:47:00,7.34
2026-01-28 11:47:01,7.34
2026-01-28 11:47:02,7.34
2026-01-28 11:47:03,7.34
2026-01-28 11:47:04,7.38
2026-01-28 11:47:05,7.38
2026-01-28 11:47:06,7.38
2026-01-28 11:47:07,7.38
2026-01-28 11:47:08,7.38
2026-01-28 11:47:09,7.37
2026-01-28 11:47:10,7.37
2026-01-28 11:47:11,7.37
2026-01-28 11:47:12,7.37
2026-01-28 11:47:13,7.37
2026-01-28 11:47:14,7.48
2026-01-28 11:47:15,7.48
2026-01-28 11:47:16,7.48
2026-01-28 11:47:17,7.48
2026-01-28 11:47:18,7.48
2026-01-28 11:47:19,9.31
2026-01-28 11:47:20,9.31
2026-01-28 11:47:21,9.31
2026-01-28 11:47:22,9.31
2026-01-28 11:47:23,9.31
2026-01-28 11:47:24,10.3
2026-01-28 11:47:25,10.3
2026-01-28 11:47:26,10.3
2026-01-28 11:47:27,10.3
2026-01-28 11:47:28,10.3
2026-01-28 11:47:29,4.94
2026-01-28 11:47:30,4.94
2026-01-28 11:47:31,4.94
2026-01-28 11:47:32,4.94
2026-01-28 11:47:33,4.94
2026-01-28 11:47:34,7.64
2026-01-28 11:47:35,7.64
2026-01-28 11:47:36,7.64
2026-01-28 11:47:37,7.64
2026-01-28 11:47:38,7.64
2026-01-28 11:47:39,0
2026-01-28 11:47:40,0
2026-01-28 11:47:41,0
2026-01-28 11:47:42,0
2026-01-28 11:47:43,0
2026-01-28 11:47:44,0
2026-01-28 11:47:45,0
2026-01-28 11:47:46,0
2026-01-28 11:47:47,0
2026-01-28 11:47:48,0
2026-01-28 11:47:49,0
2026-01-28 11:47:50,0
2026-01-28 11:47:51,0
2026-01-28 11:47:52,0
2026-01-28 11:47:53,0
2026-01-28 11:47:54,0
2026-01-28 11:47:55,0
2026-01-28 11:47:56,0
2026-01-28 11:47:57,0
2026-01-28 11:47:58,0
2026-01-28 11:47:59,0
2026-01-28 11:48:00,0
2026-01-28 11:48:01,0
2026-01-28 11:48:02,0
2026-01-28 11:48:03,0
2026-01-28 11:48:04,0
2026-01-28 11:48:05,0
2026-01-28 11:48:06,0
2026-01-28 11:48:07,0
2026-01-28 11:48:08,0
2026-01-28 11:48:09,0
2026-01-28 11:48:10,0
2026-01-28 11:48:11,0
2026-01-28 11:48:12,0
2026-01-28 11:48:13,0
2026-01-28 11:48:14,0
2026-01-28 11:48:15,0
2026-01-28 11:48:16,0
2026-01-28 11:48:17,0
2026-01-28 11:48:18,0
2026-01-28 11:48:19,0
2026-01-28 11:48:20,0
2026-01-28 11:48:21,0
2026-01-28 11:48:22,0
2026-01-28 11:48:23,0
2026-01-28 11:48:24,0
2026-01-28 11:48:25,0
2026-01-28 11:48:26,0
2026-01-28 11:48:27,0
2026-01-28 11:48:28,0
2026-01-28 11:48:29,0
2026-01-28 11:48:30,0
2026-01-28 11:48:31,0
2026-01-28 11:48:32,0
2026-01-28 11:48:33,0
2026-01-28 11:48:34,0
2026-01-28 11:48:35,0
2026-01-28 11:48:36,0
2026-01-28 11:48:37,0
2026-01-28 11:48:38,0
2026-01-28 11:48:39,0
2026-01-28 11:48:40,0
2026-01-28 11:48:41,0
2026-01-28 11:48:42,0
2026-01-28 11:48:43,0
2026-01-28 11:48:44,0
2026-01-28 11:48:45,0
2026-01-28 11:48:46,0
2026-01-28 11:48:47,0
2026-01-28 11:48:48,0
2026-01-28 11:48:49,0
2026-01-28 11:48:50,0
2026-01-28 11:48:51,0
2026-01-28 11:48:52,0
2026-01-28 11:48:53,0
2026-01-28 11:48:54,0
2026-01-28 11:48:55,0
2026-01-28 11:48:56,0
2026-01-28 11:48:57,0
2026-01-28 11:48:58,0
2026-01-28 11:48:59,0
2026-01-28 11:49:00,0
2026-01-28 11:49:01,0
2026-01-28 11:49:02,0
2026-01-28 11:49:03,0
2026-01-28 11:49:04,0
2026-01-28 11:49:05,0
2026-01-28 11:49:06,0
2026-01-28 11:49:07,0
2026-01-28 11:49:08,0
2026-01-28 11:49:09,0
2026-01-28 11:49:10,0
2026-01-28 11:49:11,0
2026-01-28 11:49:12,0
2026-01-28 11:49:13,0
2026-01-28 11:54:19,3.79
2026-01-28 11:54:20,3.79
2026-01-28 11:54:21,3.79
2026-01-28 11:54:22,3.79
2026-01-28 11:54:23,3.79
2026-01-28 11:54:24,7.13
2026-01-28 11:54:25,7.13
2026-01-28 11:54:26,7.13
2026-01-28 11:54:27,7.13
2026-01-28 11:54:28,7.13
2026-01-28 11:54:29,6.57
2026-01-28 11:54:30,6.57
2026-01-28 11:54:31,6.57
2026-01-28 11:54:32,6.57
2026-01-28 11:54:33,6.57
2026-01-28 11:54:34,5.49
2026-01-28 11:54:35,5.49
2026-01-28 11:54:36,5.49
2026-01-28 11:54:37,5.49
2026-01-28 11:54:38,5.49
2026-01-28 11:54:39,5.06
2026-01-28 11:54:40,5.06
2026-01-28 11:54:41,5.06
2026-01-28 11:54:42,5.06
2026-01-28 11:54:43,5.06
2026-01-28 11:54:44,5.25
2026-01-28 11:54:45,5.25
2026-01-28 11:54:46,5.25
2026-01-28 11:54:47,5.25
2026-01-28 11:54:48,5.25
2026-01-28 11:54:49,5.01
2026-01-28 11:54:50,5.01
2026-01-28 11:54:51,5.01
2026-01-28 11:54:52,5.01
2026-01-28 11:54:53,5.01
2026-01-28 11:54:54,5.19
2026-01-28 11:54:55,5.19
2026-01-28 11:54:56,5.19
2026-01-28 11:54:57,5.19
2026-01-28 11:54:58,5.19
2026-01-28 11:54:59,5.12
2026-01-28 11:55:00,5.12
2026-01-28 11:55:01,5.12
2026-01-28 11:55:02,5.12
2026-01-28 11:55:03,5.12
2026-01-28 11:55:04,5.10
2026-01-28 11:55:05,5.10
2026-01-28 11:55:06,5.10
2026-01-28 11:55:07,5.10
2026-01-28 11:55:08,5.10
2026-01-28 11:55:09,5.56
2026-01-28 11:55:10,5.56
2026-01-28 11:55:11,5.56
2026-01-28 11:55:12,5.56
2026-01-28 11:55:13,5.56
2026-01-28 11:55:14,5.04
2026-01-28 11:55:15,5.04
2026-01-28 11:55:16,5.04
2026-01-28 11:55:17,5.04
2026-01-28 11:55:18,5.04
2026-01-28 11:55:19,5.08
2026-01-28 11:55:20,5.08
2026-01-28 11:55:21,5.08
2026-01-28 11:55:22,5.08
2026-01-28 11:55:23,5.08
2026-01-28 11:55:24,5.45
2026-01-28 11:55:25,5.45
2026-01-28 11:55:26,5.45
2026-01-28 11:55:27,5.45
2026-01-28 11:55:28,5.45
2026-01-28 11:55:29,7.93
2026-01-28 11:55:30,7.93
2026-01-28 11:55:31,7.93
2026-01-28 11:55:32,7.93
2026-01-28 11:55:33,7.93
2026-01-28 11:55:34,3.90
2026-01-28 11:55:35,3.90
2026-01-28 11:55:36,3.90
2026-01-28 11:55:37,3.90
2026-01-28 11:55:38,3.90
2026-01-28 11:55:39,3.83
2026-01-28 11:55:40,3.83
2026-01-28 11:55:41,3.83
2026-01-28 11:55:42,3.83
2026-01-28 11:55:43,3.83
2026-01-28 11:55:44,3.27
2026-01-28 11:55:45,3.27
2026-01-28 11:55:46,3.27
2026-01-28 11:55:47,3.27
2026-01-28 11:55:48,3.27
2026-01-28 11:55:49,5.11
2026-01-28 11:55:50,5.11
2026-01-28 11:55:51,5.11
2026-01-28 11:55:52,5.11
2026-01-28 11:55:53,5.11
2026-01-28 11:55:54,6.01
2026-01-28 11:55:55,6.01
2026-01-28 11:55:56,6.01
2026-01-28 11:55:57,6.01
2026-01-28 11:55:58,6.01
2026-01-28 11:55:59,5.01
2026-01-28 11:56:00,5.01
2026-01-28 11:56:01,5.01
2026-01-28 11:56:02,5.01
2026-01-28 11:56:03,5.01
2026-01-28 11:56:04,5.22
2026-01-28 11:56:05,5.22
2026-01-28 11:56:06,5.22
2026-01-28 11:56:07,5.22
2026-01-28 11:56:08,5.22
2026-01-28 11:56:09,5.31
2026-01-28 11:56:10,5.31
2026-01-28 11:56:11,5.31
2026-01-28 11:56:12,5.31
2026-01-28 11:56:13,5.31
2026-01-28 11:56:14,5.05
2026-01-28 11:56:15,5.05
2026-01-28 11:56:16,5.05
2026-01-28 11:56:17,5.05
2026-01-28 11:56:18,5.05
2026-01-28 11:56:19,6.30
2026-01-28 11:56:20,6.30
2026-01-28 11:56:21,6.30
2026-01-28 11:56:22,6.30
2026-01-28 11:56:23,6.30
2026-01-28 11:56:24,6.41
2026-01-28 11:56:25,6.41
2026-01-28 11:56:26,6.41
2026-01-28 11:56:27,6.41
2026-01-28 11:56:28,6.41
2026-01-28 11:56:29,6.98
2026-01-28 11:56:30,6.98
2026-01-28 11:56:31,6.98
2026-01-28 11:56:32,6.98
2026-01-28 11:56:33,6.98
2026-01-28 11:56:34,6.10
2026-01-28 11:56:35,6.10
2026-01-28 11:56:36,6.10
2026-01-28 11:56:37,6.10
2026-01-28 11:56:38,6.10
2026-01-28 11:56:39,6.14
2026-01-28 11:56:40,6.14
2026-01-28 11:56:41,6.14
2026-01-28 11:56:42,6.14
2026-01-28 11:56:43,6.14
2026-01-28 11:56:44,6.40
2026-01-28 11:56:45,6.40
2026-01-28 11:56:46,6.40
2026-01-28 11:56:47,6.40
2026-01-28 11:56:48,6.40
2026-01-28 11:56:49,6.26
2026-01-28 11:56:50,6.26
2026-01-28 11:56:51,6.26
2026-01-28 11:56:52,6.26
2026-01-28 11:56:53,6.26
2026-01-28 11:56:54,6.21
2026-01-28 11:56:55,6.21
2026-01-28 11:56:56,6.21
2026-01-28 11:56:57,6.21
2026-01-28 11:56:58,6.21
2026-01-28 11:56:59,6.18
2026-01-28 11:57:00,6.18
2026-01-28 11:57:01,6.18
2026-01-28 11:57:02,6.18
2026-01-28 11:57:03,6.18
2026-01-28 11:57:04,6.32
2026-01-28 11:57:05,6.32
2026-01-28 11:57:06,6.32
2026-01-28 11:57:07,6.32
2026-01-28 11:57:08,6.32
2026-01-28 11:57:09,6.34
2026-01-28 11:57:10,6.34
2026-01-28 11:57:11,6.34
2026-01-28 11:57:12,6.34
2026-01-28 11:57:13,6.34
2026-01-28 11:57:14,6.05
2026-01-28 11:57:15,6.05
2026-01-28 11:57:16,6.05
2026-01-28 11:57:17,6.05
2026-01-28 11:57:18,6.05
2026-01-28 11:57:19,6.22
2026-01-28 11:57:20,6.22
2026-01-28 11:57:21,6.22
2026-01-28 11:57:22,6.22
2026-01-28 11:57:23,6.22
2026-01-28 11:57:24,6.52
2026-01-28 11:57:25,6.52
2026-01-28 11:57:26,6.52
2026-01-28 11:57:27,6.52
2026-01-28 11:57:28,6.52
2026-01-28 11:57:29,6.32
2026-01-28 11:57:30,6.32
2026-01-28 11:57:31,6.32
2026-01-28 11:57:32,6.32
2026-01-28 11:57:33,6.32
2026-01-28 11:57:34,0
2026-01-28 11:57:35,0
2026-01-28 11:57:36,0
2026-01-28 11:57:37,0
2026-01-28 11:57:38,0
2026-01-28 11:57:39,0
2026-01-28 11:57:40,0
2026-01-28 11:57:41,0
2026-01-28 11:57:42,0
2026-01-28 11:57:43,0
2026-01-28 11:57:44,0
2026-01-28 11:57:45,0
2026-01-28 11:57:46,0
2026-01-28 11:57:47,0
2026-01-28 11:57:48,0
2026-01-28 11:57:49,0
2026-01-28 11:57:50,0
2026-01-28 11:57:51,0
2026-01-28 11:57:52,0
2026-01-28 11:57:53,0
2026-01-28 11:57:54,0
2026-01-28 11:57:55,0
2026-01-28 11:57:56,0
2026-01-28 11:57:57,0
2026-01-28 11:57:58,0
2026-01-28 11:57:59,0
2026-01-28 11:58:00,0
2026-01-28 11:58:01,0
2026-01-28 11:58:02,0
2026-01-28 11:58:03,0
2026-01-28 11:58:04,0
2026-01-28 11:58:05,0
2026-01-28 11:58:06,0
2026-01-28 11:58:07,0
2026-01-28 11:58:08,0
2026-01-28 11:58:09,0
2026-01-28 11:58:10,0
2026-01-28 11:58:11,0
2026-01-28 11:58:12,0
2026-01-28 11:58:13,0
2026-01-28 11:58:14,0
2026-01-28 11:58:15,0
2026-01-28 11:58:16,0
2026-01-28 11:58:17,0
2026-01-28 11:58:18,0
2026-01-28 11:58:19,0
2026-01-28 11:58:20,0
2026-01-28 11:58:21,0
2026-01-28 11:58:22,0
2026-01-28 11:58:23,0
2026-01-28 11:58:24,0
2026-01-28 11:58:25,0
2026-01-28 11:58:26,0
2026-01-28 11:58:27,0
2026-01-28 11:58:28,0
2026-01-28 11:58:29,0
2026-01-28 11:58:30,0
2026-01-28 11:58:31,0
2026-01-28 11:58:32,0
2026-01-28 11:58:33,0
2026-01-28 11:58:34,0
2026-01-28 11:58:35,0
2026-01-28 11:58:36,0
2026-01-28 11:58:37,0
2026-01-28 11:58:38,0
2026-01-28 11:58:39,0
2026-01-28 11:58:40,0
2026-01-28 11:58:41,0
2026-01-28 11:58:42,0
2026-01-28 11:58:43,0
2026-01-28 11:58:44,0
2026-01-28 11:58:45,0
2026-01-28 11:58:46,0
2026-01-28 11:58:47,0
2026-01-28 11:58:48,0
2026-01-28 11:58:49,0
2026-01-28 11:58:50,0
2026-01-28 11:58:51,0
2026-01-28 11:58:52,0
2026-01-28 11:58:53,0
2026-01-28 11:58:54,0
2026-01-28 11:58:55,0
2026-01-28 11:58:56,0
2026-01-28 11:58:57,0
2026-01-28 11:58:58,0
2026-01-28 11:58:59,0
2026-01-28 11:59:00,0
2026-01-28 11:59:01,0
2026-01-28 11:59:02,0
2026-01-28 11:59:03,0
2026-01-28 11:59:04,0
2026-01-28 11:59:05,0
2026-01-28 11:59:06,0
2026-01-28 11:59:07,0
2026-01-28 11:59:08,0
2026-01-28 12:04:09,3.71
2026-01-28 12:04:10,3.71
2026-01-28 12:04:11,3.71
2026-01-28 12:04:12,3.71
2026-01-28 12:04:13,3.71
2026-01-28 12:04:14,6.74
2026-01-28 12:04:15,6.74
2026-01-28 12:04:16,6.74
2026-01-28 12:04:17,6.74
2026-01-28 12:04:18,6.74
2026-01-28 12:04:19,6.23
2026-01-28 12:04:20,6.23
2026-01-28 12:04:21,6.23
2026-01-28 12:04:22,6.23
2026-01-28 12:04:23,6.23
2026-01-28 12:04:24,6.33
2026-01-28 12:04:25,6.33
2026-01-28 12:04:26,6.33
2026-01-28 12:04:27,6.33
2026-01-28 12:04:28,6.33
2026-01-28 12:04:29,6.99
2026-01-28 12:04:30,6.99
2026-01-28 12:04:31,6.99
2026-01-28 12:04:32,6.99
2026-01-28 12:04:33,6.99
2026-01-28 12:04:34,9.19
2026-01-28 12:04:35,9.19
2026-01-28 12:04:36,9.19
2026-01-28 12:04:37,9.19
2026-01-28 12:04:38,9.19
2026-01-28 12:04:39,5.07
2026-01-28 12:04:40,5.07
2026-01-28 12:04:41,5.07
2026-01-28 12:04:42,5.07
2026-01-28 12:04:43,5.07
2026-01-28 12:04:44,5.43
2026-01-28 12:04:45,5.43
2026-01-28 12:04:46,5.43
2026-01-28 12:04:47,5.43
2026-01-28 12:04:48,5.43
2026-01-28 12:04:49,4.84
2026-01-28 12:04:50,4.84
2026-01-28 12:04:51,4.84
2026-01-28 12:04:52,4.84
2026-01-28 12:04:53,4.84
2026-01-28 12:04:54,6.36
2026-01-28 12:04:55,6.36
2026-01-28 12:04:56,6.36
2026-01-28 12:04:57,6.36
2026-01-28 12:04:58,6.36
2026-01-28 12:04:59,6.35
2026-01-28 12:05:00,6.35
2026-01-28 12:05:01,6.35
2026-01-28 12:05:02,6.35
2026-01-28 12:05:03,6.35
2026-01-28 12:05:04,6.27
2026-01-28 12:05:05,6.27
2026-01-28 12:05:06,6.27
2026-01-28 12:05:07,6.27
2026-01-28 12:05:08,6.27
2026-01-28 12:05:09,6.30
2026-01-28 12:05:10,6.30
2026-01-28 12:05:11,6.30
2026-01-28 12:05:12,6.30
2026-01-28 12:05:13,6.30
2026-01-28 12:05:14,6.27
2026-01-28 12:05:15,6.27
2026-01-28 12:05:16,6.27
2026-01-28 12:05:17,6.27
2026-01-28 12:05:18,6.27
2026-01-28 12:05:19,6.19
2026-01-28 12:05:20,6.19
2026-01-28 12:05:21,6.19
2026-01-28 12:05:22,6.19
2026-01-28 12:05:23,6.19
2026-01-28 12:05:24,6.41
2026-01-28 12:05:25,6.41
2026-01-28 12:05:26,6.41
2026-01-28 12:05:27,6.41
2026-01-28 12:05:28,6.41
2026-01-28 12:05:29,6.99
2026-01-28 12:05:30,6.99
2026-01-28 12:05:31,6.99
2026-01-28 12:05:32,6.99
2026-01-28 12:05:33,6.99
2026-01-28 12:05:34,6.42
2026-01-28 12:05:35,6.42
2026-01-28 12:05:36,6.42
2026-01-28 12:05:37,6.42
2026-01-28 12:05:38,6.42
2026-01-28 12:05:39,6.24
2026-01-28 12:05:40,6.24
2026-01-28 12:05:41,6.24
2026-01-28 12:05:42,6.24
2026-01-28 12:05:43,6.24
2026-01-28 12:05:44,6.26
2026-01-28 12:05:45,6.26
2026-01-28 12:05:46,6.26
2026-01-28 12:05:47,6.26
2026-01-28 12:05:48,6.26
2026-01-28 12:05:49,6.22
2026-01-28 12:05:50,6.22
2026-01-28 12:05:51,6.22
2026-01-28 12:05:52,6.22
2026-01-28 12:05:53,6.22
2026-01-28 12:05:54,6.12
2026-01-28 12:05:55,6.12
2026-01-28 12:05:56,6.12
2026-01-28 12:05:57,6.12
2026-01-28 12:05:58,6.12
2026-01-28 12:05:59,6.14
2026-01-28 12:06:00,6.14
2026-01-28 12:06:01,6.14
2026-01-28 12:06:02,6.14
2026-01-28 12:06:03,6.14
2026-01-28 12:06:04,6.14
2026-01-28 12:06:05,6.14
2026-01-28 12:06:06,6.14
2026-01-28 12:06:07,6.14
2026-01-28 12:06:08,6.14
2026-01-28 12:06:09,6.49
2026-01-28 12:06:10,6.49
2026-01-28 12:06:11,6.49
2026-01-28 12:06:12,6.49
2026-01-28 12:06:13,6.49
2026-01-28 12:06:14,6.13
2026-01-28 12:06:15,6.13
2026-01-28 12:06:16,6.13
2026-01-28 12:06:17,6.13
2026-01-28 12:06:18,6.13
2026-01-28 12:06:19,6.16
2026-01-28 12:06:20,6.16
2026-01-28 12:06:21,6.16
2026-01-28 12:06:22,6.16
2026-01-28 12:06:23,6.16
2026-01-28 12:06:24,6.27
2026-01-28 12:06:25,6.27
2026-01-28 12:06:26,6.27
2026-01-28 12:06:27,6.27
2026-01-28 12:06:28,6.27
2026-01-28 12:06:29,8.09
2026-01-28 12:06:30,8.09
2026-01-28 12:06:31,8.09
2026-01-28 12:06:32,8.09
2026-01-28 12:06:33,8.09
2026-01-28 12:06:34,7.59
2026-01-28 12:06:35,7.59
2026-01-28 12:06:36,7.59
2026-01-28 12:06:37,7.59
2026-01-28 12:06:38,7.59
2026-01-28 12:06:39,7.34
2026-01-28 12:06:40,7.34
2026-01-28 12:06:41,7.34
2026-01-28 12:06:42,7.34
2026-01-28 12:06:43,7.34
2026-01-28 12:06:44,7.27
2026-01-28 12:06:45,7.27
2026-01-28 12:06:46,7.27
2026-01-28 12:06:47,7.27
2026-01-28 12:06:48,7.27
2026-01-28 12:06:49,7.31
2026-01-28 12:06:50,7.31
2026-01-28 12:06:51,7.31
2026-01-28 12:06:52,7.31
2026-01-28 12:06:53,7.31
2026-01-28 12:06:54,7.27
2026-01-28 12:06:55,7.27
2026-01-28 12:06:56,7.27
2026-01-28 12:06:57,7.27
2026-01-28 12:06:58,7.27
2026-01-28 12:06:59,6.84
2026-01-28 12:07:00,6.84
2026-01-28 12:07:01,6.84
2026-01-28 12:07:02,6.84
2026-01-28 12:07:03,6.84
2026-01-28 12:07:04,8.89
2026-01-28 12:07:05,8.89
2026-01-28 12:07:06,8.89
2026-01-28 12:07:07,8.89
2026-01-28 12:07:08,8.89
2026-01-28 12:07:09,8.59
2026-01-28 12:07:10,8.59
2026-01-28 12:07:11,8.59
2026-01-28 12:07:12,8.59
2026-01-28 12:07:13,8.59
2026-01-28 12:07:14,8.54
2026-01-28 12:07:15,8.54
2026-01-28 12:07:16,8.54
2026-01-28 12:07:17,8.54
2026-01-28 12:07:18,8.54
2026-01-28 12:07:19,0
2026-01-28 12:07:20,0
2026-01-28 12:07:21,0
2026-01-28 12:07:22,0
2026-01-28 12:07:23,0
2026-01-28 12:07:24,0
2026-01-28 12:07:25,0
2026-01-28 12:07:26,0
2026-01-28 12:07:27,0
2026-01-28 12:07:28,0
2026-01-28 12:07:29,0
2026-01-28 12:07:30,0
2026-01-28 12:07:31,0
2026-01-28 12:07:32,0
2026-01-28 12:07:33,0
2026-01-28 12:07:34,0
2026-01-28 12:07:35,0
2026-01-28 12:07:36,0
2026-01-28 12:07:37,0
2026-01-28 12:07:38,0
2026-01-28 12:07:39,0
2026-01-28 12:07:40,0
2026-01-28 12:07:41,0
2026-01-28 12:07:42,0
2026-01-28 12:07:43,0
2026-01-28 12:07:44,0
2026-01-28 12:07:45,0
2026-01-28 12:07:46,0
2026-01-28 12:07:47,0
2026-01-28 12:07:48,0
2026-01-28 12:07:49,0
2026-01-28 12:07:50,0
2026-01-28 12:07:51,0
2026-01-28 12:07:52,0
2026-01-28 12:07:53,0
2026-01-28 12:07:54,0
2026-01-28 12:07:55,0
2026-01-28 12:07:56,0
2026-01-28 12:07:57,0
2026-01-28 12:07:58,0
2026-01-28 12:07:59,0
2026-01-28 12:08:00,0
2026-01-28 12:08:01,0
2026-01-28 12:08:02,0
2026-01-28 12:08:03,0
2026-01-28 12:08:04,0
2026-01-28 12:08:05,0
2026-01-28 12:08:06,0
2026-01-28 12:08:07,0
2026-01-28 12:08:08,0
2026-01-28 12:08:09,0
2026-01-28 12:08:10,0
2026-01-28 12:08:11,0
2026-01-28 12:08:12,0
2026-01-28 12:08:13,0
2026-01-28 12:08:14,0
2026-01-28 12:08:15,0
2026-01-28 12:08:16,0
2026-01-28 12:08:17,0
2026-01-28 12:08:18,0
2026-01-28 12:08:19,0
2026-01-28 12:08:20,0
2026-01-28 12:08:21,0
2026-01-28 12:08:22,0
2026-01-28 12:08:23,0
2026-01-28 12:08:24,0
2026-01-28 12:08:25,0
2026-01-28 12:08:26,0
2026-01-28 12:08:27,0
2026-01-28 12:08:28,0
2026-01-28 12:08:29,0
2026-01-28 12:08:30,0
2026-01-28 12:08:31,0
2026-01-28 12:08:32,0
2026-01-28 12:08:33,0
2026-01-28 12:08:34,0
2026-01-28 12:08:35,0
2026-01-28 12:08:36,0
2026-01-28 12:08:37,0
2026-01-28 12:08:38,0
2026-01-28 12:08:39,0
2026-01-28 12:08:40,0
2026-01-28 12:08:41,0
2026-01-28 12:08:42,0
2026-01-28 12:08:43,0
2026-01-28 12:08:44,0
2026-01-28 12:08:45,0
2026-01-28 12:08:46,0
2026-01-28 12:08:47,0
2026-01-28 12:08:48,0
2026-01-28 12:08:49,0
2026-01-28 12:08:50,0
2026-01-28 12:08:51,0
2026-01-28 12:08:52,0
2026-01-28 12:08:53,0
2026-01-28 12:13:54,5.30
2026-01-28 12:13:55,5.30
2026-01-28 12:13:56,5.30
2026-01-28 12:13:57,5.30
2026-01-28 12:13:58,5.30
2026-01-28 12:13:59,6.23
2026-01-28 12:14:00,6.23
2026-01-28 12:14:01,6.23
2026-01-28 12:14:02,6.23
2026-01-28 12:14:03,6.23
2026-01-28 12:14:04,7.10
2026-01-28 12:14:05,7.10
2026-01-28 12:14:06,7.10
2026-01-28 12:14:07,7.10
2026-01-28 12:14:08,7.10
2026-01-28 12:14:09,7.43
2026-01-28 12:14:10,7.43
2026-01-28 12:14:11,7.43
2026-01-28 12:14:12,7.43
2026-01-28 12:14:13,7.43
2026-01-28 12:14:14,6.58
2026-01-28 12:14:15,6.58
2026-01-28 12:14:16,6.58
2026-01-28 12:14:17,6.58
2026-01-28 12:14:18,6.58
2026-01-28 12:14:19,9.31
2026-01-28 12:14:20,9.31
2026-01-28 12:14:21,9.31
2026-01-28 12:14:22,9.31
2026-01-28 12:14:23,9.31
2026-01-28 12:14:24,7.61
2026-01-28 12:14:25,7.61
2026-01-28 12:14:26,7.61
2026-01-28 12:14:27,7.61
2026-01-28 12:14:28,7.61
2026-01-28 12:14:29,7.58
2026-01-28 12:14:30,7.58
2026-01-28 12:14:31,7.58
2026-01-28 12:14:32,7.58
2026-01-28 12:14:33,7.58
2026-01-28 12:14:34,7.27
2026-01-28 12:14:35,7.27
2026-01-28 12:14:36,7.27
2026-01-28 12:14:37,7.27
2026-01-28 12:14:38,7.27
2026-01-28 12:14:39,7.26
2026-01-28 12:14:40,7.26
2026-01-28 12:14:41,7.26
2026-01-28 12:14:42,7.26
2026-01-28 12:14:43,7.26
2026-01-28 12:14:44,7.42
2026-01-28 12:14:45,7.42
2026-01-28 12:14:46,7.42
2026-01-28 12:14:47,7.42
2026-01-28 12:14:48,7.42
2026-01-28 12:14:49,7.31
2026-01-28 12:14:50,7.31
2026-01-28 12:14:51,7.31
2026-01-28 12:14:52,7.31
2026-01-28 12:14:53,7.31
2026-01-28 12:14:54,7.28
2026-01-28 12:14:55,7.28
2026-01-28 12:14:56,7.28
2026-01-28 12:14:57,7.28
2026-01-28 12:14:58,7.28
2026-01-28 12:14:59,7.30
2026-01-28 12:15:00,7.30
2026-01-28 12:15:01,7.30
2026-01-28 12:15:02,7.30
2026-01-28 12:15:03,7.30
2026-01-28 12:15:04,7.36
2026-01-28 12:15:05,7.36
2026-01-28 12:15:06,7.36
2026-01-28 12:15:07,7.36
2026-01-28 12:15:08,7.36
2026-01-28 12:15:09,7.35
2026-01-28 12:15:10,7.35
2026-01-28 12:15:11,7.35
2026-01-28 12:15:12,7.35
2026-01-28 12:15:13,7.35
2026-01-28 12:15:14,7.21
2026-01-28 12:15:15,7.21
2026-01-28 12:15:16,7.21
2026-01-28 12:15:17,7.21
2026-01-28 12:15:18,7.21
2026-01-28 12:15:19,6.78
2026-01-28 12:15:20,6.78
2026-01-28 12:15:21,6.78
2026-01-28 12:15:22,6.78
2026-01-28 12:15:23,6.78
2026-01-28 12:15:24,8.37
2026-01-28 12:15:25,8.37
2026-01-28 12:15:26,8.37
2026-01-28 12:15:27,8.37
2026-01-28 12:15:28,8.37
2026-01-28 12:15:29,9.08
2026-01-28 12:15:30,9.08
2026-01-28 12:15:31,9.08
2026-01-28 12:15:32,9.08
2026-01-28 12:15:33,9.08
2026-01-28 12:15:34,8.30
2026-01-28 12:15:35,8.30
2026-01-28 12:15:36,8.30
2026-01-28 12:15:37,8.30
2026-01-28 12:15:38,8.30
2026-01-28 12:15:39,8.35
2026-01-28 12:15:40,8.35
2026-01-28 12:15:41,8.35
2026-01-28 12:15:42,8.35
2026-01-28 12:15:43,8.35
2026-01-28 12:15:44,8.44
2026-01-28 12:15:45,8.44
2026-01-28 12:15:46,8.44
2026-01-28 12:15:47,8.44
2026-01-28 12:15:48,8.44
2026-01-28 12:15:49,8.34
2026-01-28 12:15:50,8.34
2026-01-28 12:15:51,8.34
2026-01-28 12:15:52,8.34
2026-01-28 12:15:53,8.34
2026-01-28 12:15:54,8.44
2026-01-28 12:15:55,8.44
2026-01-28 12:15:56,8.44
2026-01-28 12:15:57,8.44
2026-01-28 12:15:58,8.44
2026-01-28 12:15:59,8.30
2026-01-28 12:16:00,8.30
2026-01-28 12:16:01,8.30
2026-01-28 12:16:02,8.30
2026-01-28 12:16:03,8.30
2026-01-28 12:16:04,8.42
2026-01-28 12:16:05,8.42
2026-01-28 12:16:06,8.42
2026-01-28 12:16:07,8.42
2026-01-28 12:16:08,8.42
2026-01-28 12:16:09,8.22
2026-01-28 12:16:10,8.22
2026-01-28 12:16:11,8.22
2026-01-28 12:16:12,8.22
2026-01-28 12:16:13,8.22
2026-01-28 12:16:14,8.33
2026-01-28 12:16:15,8.33
2026-01-28 12:16:16,8.33
2026-01-28 12:16:17,8.33
2026-01-28 12:16:18,8.33
2026-01-28 12:16:19,8.28
2026-01-28 12:16:20,8.28
2026-01-28 12:16:21,8.28
2026-01-28 12:16:22,8.28
2026-01-28 12:16:23,8.28
2026-01-28 12:16:24,8.43
2026-01-28 12:16:25,8.43
2026-01-28 12:16:26,8.43
2026-01-28 12:16:27,8.43
2026-01-28 12:16:28,8.43
2026-01-28 12:16:29,8.94
2026-01-28 12:16:30,8.94
2026-01-28 12:16:31,8.94
2026-01-28 12:16:32,8.94
2026-01-28 12:16:33,8.94
2026-01-28 12:16:34,7.21
2026-01-28 12:16:35,7.21
2026-01-28 12:16:36,7.21
2026-01-28 12:16:37,7.21
2026-01-28 12:16:38,7.21
2026-01-28 12:16:39,7.17
2026-01-28 12:16:40,7.17
2026-01-28 12:16:41,7.17
2026-01-28 12:16:42,7.17
2026-01-28 12:16:43,7.17
2026-01-28 12:16:44,7.80
2026-01-28 12:16:45,7.80
2026-01-28 12:16:46,7.80
2026-01-28 12:16:47,7.80
2026-01-28 12:16:48,7.80
2026-01-28 12:16:49,6.34
2026-01-28 12:16:50,6.34
2026-01-28 12:16:51,6.34
2026-01-28 12:16:52,6.34
2026-01-28 12:16:53,6.34
2026-01-28 12:16:54,6.34
2026-01-28 12:16:55,6.34
2026-01-28 12:16:56,6.34
2026-01-28 12:16:57,6.34
2026-01-28 12:16:58,6.34
2026-01-28 12:16:59,6.27
2026-01-28 12:17:00,6.27
2026-01-28 12:17:01,6.27
2026-01-28 12:17:02,6.27
2026-01-28 12:17:03,6.27
2026-01-28 12:17:04,0
2026-01-28 12:17:05,0
2026-01-28 12:17:06,0
2026-01-28 12:17:07,0
2026-01-28 12:17:08,0
2026-01-28 12:17:09,0
2026-01-28 12:17:10,0
2026-01-28 12:17:11,0
2026-01-28 12:17:12,0
2026-01-28 12:17:13,0
2026-01-28 12:17:14,0
2026-01-28 12:17:15,0
2026-01-28 12:17:16,0
2026-01-28 12:17:17,0
2026-01-28 12:17:18,0
2026-01-28 12:17:19,0
2026-01-28 12:17:20,0
2026-01-28 12:17:21,0
2026-01-28 12:17:22,0
2026-01-28 12:17:23,0
2026-01-28 12:17:24,0
2026-01-28 12:17:25,0
2026-01-28 12:17:26,0
2026-01-28 12:17:27,0
2026-01-28 12:17:28,0
2026-01-28 12:17:29,0
2026-01-28 12:17:30,0
2026-01-28 12:17:31,0
2026-01-28 12:17:32,0
2026-01-28 12:17:33,0
2026-01-28 12:17:34,0
2026-01-28 12:17:35,0
2026-01-28 12:17:36,0
2026-01-28 12:17:37,0
2026-01-28 12:17:38,0
2026-01-28 12:17:39,0
2026-01-28 12:17:40,0
2026-01-28 12:17:41,0
2026-01-28 12:17:42,0
2026-01-28 12:17:43,0
2026-01-28 12:17:44,0
2026-01-28 12:17:45,0
2026-01-28 12:17:46,0
2026-01-28 12:17:47,0
2026-01-28 12:17:48,0
2026-01-28 12:17:49,0
2026-01-28 12:17:50,0
2026-01-28 12:17:51,0
2026-01-28 12:17:52,0
2026-01-28 12:17:53,0
2026-01-28 12:17:54,0
2026-01-28 12:17:55,0
2026-01-28 12:17:56,0
2026-01-28 12:17:57,0
2026-01-28 12:17:58,0
2026-01-28 12:17:59,0
2026-01-28 12:18:00,0
2026-01-28 12:18:01,0
2026-01-28 12:18:02,0
2026-01-28 12:18:03,0
2026-01-28 12:18:04,0
2026-01-28 12:18:05,0
2026-01-28 12:18:06,0
2026-01-28 12:18:07,0
2026-01-28 12:18:08,0
2026-01-28 12:18:09,0
2026-01-28 12:18:10,0
2026-01-28 12:18:11,0
2026-01-28 12:18:12,0
2026-01-28 12:18:13,0
2026-01-28 12:18:14,0
2026-01-28 12:18:15,0
2026-01-28 12:18:16,0
2026-01-28 12:18:17,0
2026-01-28 12:18:18,0
2026-01-28 12:18:19,0
2026-01-28 12:18:20,0
2026-01-28 12:18:21,0
2026-01-28 12:18:22,0
2026-01-28 12:18:23,0
2026-01-28 12:18:24,0
2026-01-28 12:18:25,0
2026-01-28 12:18:26,0
2026-01-28 12:18:27,0
2026-01-28 12:18:28,0
2026-01-28 12:18:29,0
2026-01-28 12:18:30,0
2026-01-28 12:18:31,0
2026-01-28 12:18:32,0
2026-01-28 12:18:33,0
2026-01-28 12:18:34,0
2026-01-28 12:18:35,0
2026-01-28 12:18:36,0
2026-01-28 12:18:37,0
2026-01-28 12:18:38,0
2026-01-28 12:23:49,6.76
2026-01-28 12:23:50,6.76
2026-01-28 12:23:51,6.76
2026-01-28 12:23:52,6.76
2026-01-28 12:23:53,6.76
2026-01-28 12:23:54,7.54
2026-01-28 12:23:55,7.54
2026-01-28 12:23:56,7.54
2026-01-28 12:23:57,7.54
2026-01-28 12:23:58,7.54
2026-01-28 12:23:59,7.21
2026-01-28 12:24:00,7.21
2026-01-28 12:24:01,7.21
2026-01-28 12:24:02,7.21
2026-01-28 12:24:03,7.21
2026-01-28 12:24:04,7.34
2026-01-28 12:24:05,7.34
2026-01-28 12:24:06,7.34
2026-01-28 12:24:07,7.34
2026-01-28 12:24:08,7.34
2026-01-28 12:24:09,7.23
2026-01-28 12:24:10,7.23
2026-01-28 12:24:11,7.23
2026-01-28 12:24:12,7.23
2026-01-28 12:24:13,7.23
2026-01-28 12:24:14,7.35
2026-01-28 12:24:15,7.35
2026-01-28 12:24:16,7.35
2026-01-28 12:24:17,7.35
2026-01-28 12:24:18,7.35
2026-01-28 12:24:19,7.20
2026-01-28 12:24:20,7.20
2026-01-28 12:24:21,7.20
2026-01-28 12:24:22,7.20
2026-01-28 12:24:23,7.20
2026-01-28 12:24:24,7.39
2026-01-28 12:24:25,7.39
2026-01-28 12:24:26,7.39
2026-01-28 12:24:27,7.39
2026-01-28 12:24:28,7.39
2026-01-28 12:24:29,7.37
2026-01-28 12:24:30,7.37
2026-01-28 12:24:31,7.37
2026-01-28 12:24:32,7.37
2026-01-28 12:24:33,7.37
2026-01-28 12:24:34,7.51
2026-01-28 12:24:35,7.51
2026-01-28 12:24:36,7.51
2026-01-28 12:24:37,7.51
2026-01-28 12:24:38,7.51
2026-01-28 12:24:39,7.23
2026-01-28 12:24:40,7.23
2026-01-28 12:24:41,7.23
2026-01-28 12:24:42,7.23
2026-01-28 12:24:43,7.23
2026-01-28 12:24:44,10.3
2026-01-28 12:24:45,10.3
2026-01-28 12:24:46,10.3
2026-01-28 12:24:47,10.3
2026-01-28 12:24:48,10.3
2026-01-28 12:24:49,8.75
2026-01-28 12:24:50,8.75
2026-01-28 12:24:51,8.75
2026-01-28 12:24:52,8.75
2026-01-28 12:24:53,8.75
2026-01-28 12:24:54,7.41
2026-01-28 12:24:55,7.41
2026-01-28 12:24:56,7.41
2026-01-28 12:24:57,7.41
2026-01-28 12:24:58,7.41
2026-01-28 12:24:59,7.39
2026-01-28 12:25:00,7.39
2026-01-28 12:25:01,7.39
2026-01-28 12:25:02,7.39
2026-01-28 12:25:03,7.39
2026-01-28 12:25:04,8.13
2026-01-28 12:25:05,8.13
2026-01-28 12:25:06,8.13
2026-01-28 12:25:07,8.13
2026-01-28 12:25:08,8.13
2026-01-28 12:25:09,8.57
2026-01-28 12:25:10,8.57
2026-01-28 12:25:11,8.57
2026-01-28 12:25:12,8.57
2026-01-28 12:25:13,8.57
2026-01-28 12:25:14,8.93
2026-01-28 12:25:15,8.93
2026-01-28 12:25:16,8.93
2026-01-28 12:25:17,8.93
2026-01-28 12:25:18,8.93
2026-01-28 12:25:19,8.47
2026-01-28 12:25:20,8.47
2026-01-28 12:25:21,8.47
2026-01-28 12:25:22,8.47
2026-01-28 12:25:23,8.47
2026-01-28 12:25:24,8.55
2026-01-28 12:25:25,8.55
2026-01-28 12:25:26,8.55
2026-01-28 12:25:27,8.55
2026-01-28 12:25:28,8.55
2026-01-28 12:25:29,8.55
2026-01-28 12:25:30,8.55
2026-01-28 12:25:31,8.55
2026-01-28 12:25:32,8.55
2026-01-28 12:25:33,8.55
2026-01-28 12:25:34,9.08
2026-01-28 12:25:35,9.08
2026-01-28 12:25:36,9.08
2026-01-28 12:25:37,9.08
2026-01-28 12:25:38,9.08
2026-01-28 12:25:39,7.46
2026-01-28 12:25:40,7.46
2026-01-28 12:25:41,7.46
2026-01-28 12:25:42,7.46
2026-01-28 12:25:43,7.46
2026-01-28 12:25:44,7.50
2026-01-28 12:25:45,7.50
2026-01-28 12:25:46,7.50
2026-01-28 12:25:47,7.50
2026-01-28 12:25:48,7.50
2026-01-28 12:25:49,7.42
2026-01-28 12:25:50,7.42
2026-01-28 12:25:51,7.42
2026-01-28 12:25:52,7.42
2026-01-28 12:25:53,7.42
2026-01-28 12:25:54,7.41
2026-01-28 12:25:55,7.41
2026-01-28 12:25:56,7.41
2026-01-28 12:25:57,7.41
2026-01-28 12:25:58,7.41
2026-01-28 12:25:59,7.37
2026-01-28 12:26:00,7.37
2026-01-28 12:26:01,7.37
2026-01-28 12:26:02,7.37
2026-01-28 12:26:03,7.37
2026-01-28 12:26:04,7.52
2026-01-28 12:26:05,7.52
2026-01-28 12:26:06,7.52
2026-01-28 12:26:07,7.52
2026-01-28 12:26:08,7.52
2026-01-28 12:26:09,7.44
2026-01-28 12:26:10,7.44
2026-01-28 12:26:11,7.44
2026-01-28 12:26:12,7.44
2026-01-28 12:26:13,7.44
2026-01-28 12:26:14,7.49
2026-01-28 12:26:15,7.49
2026-01-28 12:26:16,7.49
2026-01-28 12:26:17,7.49
2026-01-28 12:26:18,7.49
2026-01-28 12:26:19,7.70
2026-01-28 12:26:20,7.70
2026-01-28 12:26:21,7.70
2026-01-28 12:26:22,7.70
2026-01-28 12:26:23,7.70
2026-01-28 12:26:24,7.40
2026-01-28 12:26:25,7.40
2026-01-28 12:26:26,7.40
2026-01-28 12:26:27,7.40
2026-01-28 12:26:28,7.40
2026-01-28 12:26:29,7.53
2026-01-28 12:26:30,7.53
2026-01-28 12:26:31,7.53
2026-01-28 12:26:32,7.53
2026-01-28 12:26:33,7.53
2026-01-28 12:26:34,7.75
2026-01-28 12:26:35,7.75
2026-01-28 12:26:36,7.75
2026-01-28 12:26:37,7.75
2026-01-28 12:26:38,7.75
2026-01-28 12:26:39,7.46
2026-01-28 12:26:40,7.46
2026-01-28 12:26:41,7.46
2026-01-28 12:26:42,7.46
2026-01-28 12:26:43,7.46
2026-01-28 12:26:44,6.43
2026-01-28 12:26:45,6.43
2026-01-28 12:26:46,6.43
2026-01-28 12:26:47,6.43
2026-01-28 12:26:48,6.43
2026-01-28 12:26:49,6.41
2026-01-28 12:26:50,6.41
2026-01-28 12:26:51,6.41
2026-01-28 12:26:52,6.41
2026-01-28 12:26:53,6.41
2026-01-28 12:26:54,6.30
2026-01-28 12:26:55,6.30
2026-01-28 12:26:56,6.30
2026-01-28 12:26:57,6.30
2026-01-28 12:26:58,6.30
2026-01-28 12:26:59,0
2026-01-28 12:27:00,0
2026-01-28 12:27:01,0
2026-01-28 12:27:02,0
2026-01-28 12:27:03,0
2026-01-28 12:27:04,0
2026-01-28 12:27:05,0
2026-01-28 12:27:06,0
2026-01-28 12:27:07,0
2026-01-28 12:27:08,0
2026-01-28 12:27:09,0
2026-01-28 12:27:10,0
2026-01-28 12:27:11,0
2026-01-28 12:27:12,0
2026-01-28 12:27:13,0
2026-01-28 12:27:14,0
2026-01-28 12:27:15,0
2026-01-28 12:27:16,0
2026-01-28 12:27:17,0
2026-01-28 12:27:18,0
2026-01-28 12:27:19,0
2026-01-28 12:27:20,0
2026-01-28 12:27:21,0
2026-01-28 12:27:22,0
2026-01-28 12:27:23,0
2026-01-28 12:27:24,0
2026-01-28 12:27:25,0
2026-01-28 12:27:26,0
2026-01-28 12:27:27,0
2026-01-28 12:27:28,0
2026-01-28 12:27:29,0
2026-01-28 12:27:30,0
2026-01-28 12:27:31,0
2026-01-28 12:27:32,0
2026-01-28 12:27:33,0
2026-01-28 12:27:34,0
2026-01-28 12:27:35,0
2026-01-28 12:27:36,0
2026-01-28 12:27:37,0
2026-01-28 12:27:38,0
2026-01-28 12:27:39,0
2026-01-28 12:27:40,0
2026-01-28 12:27:41,0
2026-01-28 12:27:42,0
2026-01-28 12:27:43,0
2026-01-28 12:27:44,0
2026-01-28 12:27:45,0
2026-01-28 12:27:46,0
2026-01-28 12:27:47,0
2026-01-28 12:27:48,0
2026-01-28 12:27:49,0
2026-01-28 12:27:50,0
2026-01-28 12:27:51,0
2026-01-28 12:27:52,0
2026-01-28 12:27:53,0
2026-01-28 12:27:54,0
2026-01-28 12:27:55,0
2026-01-28 12:27:56,0
2026-01-28 12:27:57,0
2026-01-28 12:27:58,0
2026-01-28 12:27:59,0
2026-01-28 12:28:00,0
2026-01-28 12:28:01,0
2026-01-28 12:28:02,0
2026-01-28 12:28:03,0
2026-01-28 12:28:04,0
2026-01-28 12:28:05,0
2026-01-28 12:28:06,0
2026-01-28 12:28:07,0
2026-01-28 12:28:08,0
2026-01-28 12:28:09,0
2026-01-28 12:28:10,0
2026-01-28 12:28:11,0
2026-01-28 12:28:12,0
2026-01-28 12:28:13,0
2026-01-28 12:28:14,0
2026-01-28 12:28:15,0
2026-01-28 12:28:16,0
2026-01-28 12:28:17,0
2026-01-28 12:28:18,0
2026-01-28 12:28:19,0
2026-01-28 12:28:20,0
2026-01-28 12:28:21,0
2026-01-28 12:28:22,0
2026-01-28 12:28:23,0
2026-01-28 12:28:24,0
2026-01-28 12:28:25,0
2026-01-28 12:28:26,0
2026-01-28 12:28:27,0
2026-01-28 12:28:28,0
2026-01-28 12:28:29,0
2026-01-28 12:28:30,0
2026-01-28 12:28:31,0
2026-01-28 12:28:32,0
2026-01-28 12:28:33,0
2026-01-28 12:33:34,8.61
2026-01-28 12:33:35,8.61
2026-01-28 12:33:36,8.61
2026-01-28 12:33:37,8.61
2026-01-28 12:33:38,8.61
2026-01-28 12:33:39,8.66
2026-01-28 12:33:40,8.66
2026-01-28 12:33:41,8.66
2026-01-28 12:33:42,8.66
2026-01-28 12:33:43,8.66
2026-01-28 12:33:44,8.71
2026-01-28 12:33:45,8.71
2026-01-28 12:33:46,8.71
2026-01-28 12:33:47,8.71
2026-01-28 12:33:48,8.71
2026-01-28 12:33:49,9.56
2026-01-28 12:33:50,9.56
2026-01-28 12:33:51,9.56
2026-01-28 12:33:52,9.56
2026-01-28 12:33:53,9.56
2026-01-28 12:33:54,8.55
2026-01-28 12:33:55,8.55
2026-01-28 12:33:56,8.55
2026-01-28 12:33:57,8.55
2026-01-28 12:33:58,8.55
2026-01-28 12:33:59,8.26
2026-01-28 12:34:00,8.26
2026-01-28 12:34:01,8.26
2026-01-28 12:34:02,8.26
2026-01-28 12:34:03,8.26
2026-01-28 12:34:04,7.52
2026-01-28 12:34:05,7.52
2026-01-28 12:34:06,7.52
2026-01-28 12:34:07,7.52
2026-01-28 12:34:08,7.52
2026-01-28 12:34:09,7.43
2026-01-28 12:34:10,7.43
2026-01-28 12:34:11,7.43
2026-01-28 12:34:12,7.43
2026-01-28 12:34:13,7.43
2026-01-28 12:34:14,8.06
2026-01-28 12:34:15,8.06
2026-01-28 12:34:16,8.06
2026-01-28 12:34:17,8.06
2026-01-28 12:34:18,8.06
2026-01-28 12:34:19,7.41
2026-01-28 12:34:20,7.41
2026-01-28 12:34:21,7.41
2026-01-28 12:34:22,7.41
2026-01-28 12:34:23,7.41
2026-01-28 12:34:24,8.57
2026-01-28 12:34:25,8.57
2026-01-28 12:34:26,8.57
2026-01-28 12:34:27,8.57
2026-01-28 12:34:28,8.57
2026-01-28 12:34:29,7.99
2026-01-28 12:34:30,7.99
2026-01-28 12:34:31,7.99
2026-01-28 12:34:32,7.99
2026-01-28 12:34:33,7.99
2026-01-28 12:34:34,7.77
2026-01-28 12:34:35,7.77
2026-01-28 12:34:36,7.77
2026-01-28 12:34:37,7.77
2026-01-28 12:34:38,7.77
2026-01-28 12:34:39,9.30
2026-01-28 12:34:40,9.30
2026-01-28 12:34:41,9.30
2026-01-28 12:34:42,9.30
2026-01-28 12:34:43,9.30
2026-01-28 12:34:44,6.36
2026-01-28 12:34:45,6.36
2026-01-28 12:34:46,6.36
2026-01-28 12:34:47,6.36
2026-01-28 12:34:48,6.36
2026-01-28 12:34:49,6.27
2026-01-28 12:34:50,6.27
2026-01-28 12:34:51,6.27
2026-01-28 12:34:52,6.27
2026-01-28 12:34:53,6.27
2026-01-28 12:34:54,8.26
2026-01-28 12:34:55,8.26
2026-01-28 12:34:56,8.26
2026-01-28 12:34:57,8.26
2026-01-28 12:34:58,8.26
2026-01-28 12:34:59,5.16
2026-01-28 12:35:00,5.16
2026-01-28 12:35:01,5.16
2026-01-28 12:35:02,5.16
2026-01-28 12:35:03,5.16
2026-01-28 12:35:04,5.30
2026-01-28 12:35:05,5.30
2026-01-28 12:35:06,5.30
2026-01-28 12:35:07,5.30
2026-01-28 12:35:08,5.30
2026-01-28 12:35:09,5.11
2026-01-28 12:35:10,5.11
2026-01-28 12:35:11,5.11
2026-01-28 12:35:12,5.11
2026-01-28 12:35:13,5.11
2026-01-28 12:35:14,5.25
2026-01-28 12:35:15,5.25
2026-01-28 12:35:16,5.25
2026-01-28 12:35:17,5.25
2026-01-28 12:35:18,5.25
2026-01-28 12:35:19,5.23
2026-01-28 12:35:20,5.23
2026-01-28 12:35:21,5.23
2026-01-28 12:35:22,5.23
2026-01-28 12:35:23,5.23
2026-01-28 12:35:24,5.24
2026-01-28 12:35:25,5.24
2026-01-28 12:35:26,5.24
2026-01-28 12:35:27,5.24
2026-01-28 12:35:28,5.24
2026-01-28 12:35:29,5.31
2026-01-28 12:35:30,5.31
2026-01-28 12:35:31,5.31
2026-01-28 12:35:32,5.31
2026-01-28 12:35:33,5.31
2026-01-28 12:35:34,5.61
2026-01-28 12:35:35,5.61
2026-01-28 12:35:36,5.61
2026-01-28 12:35:37,5.61
2026-01-28 12:35:38,5.61
2026-01-28 12:35:39,5.14
2026-01-28 12:35:40,5.14
2026-01-28 12:35:41,5.14
2026-01-28 12:35:42,5.14
2026-01-28 12:35:43,5.14
2026-01-28 12:35:44,5.16
2026-01-28 12:35:45,5.16
2026-01-28 12:35:46,5.16
2026-01-28 12:35:47,5.16
2026-01-28 12:35:48,5.16
2026-01-28 12:35:49,5.16
2026-01-28 12:35:50,5.16
2026-01-28 12:35:51,5.16
2026-01-28 12:35:52,5.16
2026-01-28 12:35:53,5.16
2026-01-28 12:35:54,5.08
2026-01-28 12:35:55,5.08
2026-01-28 12:35:56,5.08
2026-01-28 12:35:57,5.08
2026-01-28 12:35:58,5.08
2026-01-28 12:35:59,5.14
2026-01-28 12:36:00,5.14
2026-01-28 12:36:01,5.14
2026-01-28 12:36:02,5.14
2026-01-28 12:36:03,5.14
2026-01-28 12:36:04,5.26
2026-01-28 12:36:05,5.26
2026-01-28 12:36:06,5.26
2026-01-28 12:36:07,5.26
2026-01-28 12:36:08,5.26
2026-01-28 12:36:09,5.13
2026-01-28 12:36:10,5.13
2026-01-28 12:36:11,5.13
2026-01-28 12:36:12,5.13
2026-01-28 12:36:13,5.13
2026-01-28 12:36:14,5.19
2026-01-28 12:36:15,5.19
2026-01-28 12:36:16,5.19
2026-01-28 12:36:17,5.19
2026-01-28 12:36:18,5.19
2026-01-28 12:36:19,5.30
2026-01-28 12:36:20,5.30
2026-01-28 12:36:21,5.30
2026-01-28 12:36:22,5.30
2026-01-28 12:36:23,5.30
2026-01-28 12:36:24,5.08
2026-01-28 12:36:25,5.08
2026-01-28 12:36:26,5.08
2026-01-28 12:36:27,5.08
2026-01-28 12:36:28,5.08
2026-01-28 12:36:29,5.31
2026-01-28 12:36:30,5.31
2026-01-28 12:36:31,5.31
2026-01-28 12:36:32,5.31
2026-01-28 12:36:33,5.31
2026-01-28 12:36:34,5.52
2026-01-28 12:36:35,5.52
2026-01-28 12:36:36,5.52
2026-01-28 12:36:37,5.52
2026-01-28 12:36:38,5.52
2026-01-28 12:36:39,5.13
2026-01-28 12:36:40,5.13
2026-01-28 12:36:41,5.13
2026-01-28 12:36:42,5.13
2026-01-28 12:36:43,5.13
2026-01-28 12:36:44,0
2026-01-28 12:36:45,0
2026-01-28 12:36:46,0
2026-01-28 12:36:47,0
2026-01-28 12:36:48,0
2026-01-28 12:36:49,0
2026-01-28 12:36:50,0
2026-01-28 12:36:51,0
2026-01-28 12:36:52,0
2026-01-28 12:36:53,0
2026-01-28 12:36:54,0
2026-01-28 12:36:55,0
2026-01-28 12:36:56,0
2026-01-28 12:36:57,0
2026-01-28 12:36:58,0
2026-01-28 12:36:59,0
2026-01-28 12:37:00,0
2026-01-28 12:37:01,0
2026-01-28 12:37:02,0
2026-01-28 12:37:03,0
2026-01-28 12:37:04,0
2026-01-28 12:37:05,0
2026-01-28 12:37:06,0
2026-01-28 12:37:07,0
2026-01-28 12:37:08,0
2026-01-28 12:37:09,0
2026-01-28 12:37:10,0
2026-01-28 12:37:11,0
2026-01-28 12:37:12,0
2026-01-28 12:37:13,0
2026-01-28 12:37:14,0
2026-01-28 12:37:15,0
2026-01-28 12:37:16,0
2026-01-28 12:37:17,0
2026-01-28 12:37:18,0
2026-01-28 12:37:19,0
2026-01-28 12:37:20,0
2026-01-28 12:37:21,0
2026-01-28 12:37:22,0
2026-01-28 12:37:23,0
2026-01-28 12:37:24,0
2026-01-28 12:37:25,0
2026-01-28 12:37:26,0
2026-01-28 12:37:27,0
2026-01-28 12:37:28,0
2026-01-28 12:37:29,0
2026-01-28 12:37:30,0
2026-01-28 12:37:31,0
2026-01-28 12:37:32,0
2026-01-28 12:37:33,0
2026-01-28 12:37:34,0
2026-01-28 12:37:35,0
2026-01-28 12:37:36,0
2026-01-28 12:37:37,0
2026-01-28 12:37:38,0
2026-01-28 12:37:39,0
2026-01-28 12:37:40,0
2026-01-28 12:37:41,0
2026-01-28 12:37:42,0
2026-01-28 12:37:43,0
2026-01-28 12:37:44,0
2026-01-28 12:37:45,0
2026-01-28 12:37:46,0
2026-01-28 12:37:47,0
2026-01-28 12:37:48,0
2026-01-28 12:37:49,0
2026-01-28 12:37:50,0
2026-01-28 12:37:51,0
2026-01-28 12:37:52,0
2026-01-28 12:37:53,0
2026-01-28 12:37:54,0
2026-01-28 12:37:55,0
2026-01-28 12:37:56,0
2026-01-28 12:37:57,0
2026-01-28 12:37:58,0
2026-01-28 12:37:59,0
2026-01-28 12:38:00,0
2026-01-28 12:38:01,0
2026-01-28 12:38:02,0
2026-01-28 12:38:03,0
2026-01-28 12:38:04,0
2026-01-28 12:38:05,0
2026-01-28 12:38:06,0
2026-01-28 12:38:07,0
2026-01-28 12:38:08,0
2026-01-28 12:38:09,0
2026-01-28 12:38:10,0
2026-01-28 12:38:11,0
2026-01-28 12:38:12,0
2026-01-28 12:38:13,0
2026-01-28 12:38:14,0
2026-01-28 12:38:15,0
2026-01-28 12:38:16,0
2026-01-28 12:38:17,0
2026-01-28 12:38:18,0
2026-01-28 12:43:14,6.50
2026-01-28 12:43:15,6.50
2026-01-28 12:43:16,6.50
2026-01-28 12:43:17,6.50
2026-01-28 12:43:18,6.50
2026-01-28 12:43:19,7.53
2026-01-28 12:43:20,7.53
2026-01-28 12:43:21,7.53
2026-01-28 12:43:22,7.53
2026-01-28 12:43:23,7.53
2026-01-28 12:43:24,7.80
2026-01-28 12:43:25,7.80
2026-01-28 12:43:26,7.80
2026-01-28 12:43:27,7.80
2026-01-28 12:43:28,7.80
2026-01-28 12:43:29,7.34
2026-01-28 12:43:30,7.34
2026-01-28 12:43:31,7.34
2026-01-28 12:43:32,7.34
2026-01-28 12:43:33,7.34
2026-01-28 12:43:34,7.48
2026-01-28 12:43:35,7.48
2026-01-28 12:43:36,7.48
2026-01-28 12:43:37,7.48
2026-01-28 12:43:38,7.48
2026-01-28 12:43:39,7.52
2026-01-28 12:43:40,7.52
2026-01-28 12:43:41,7.52
2026-01-28 12:43:42,7.52
2026-01-28 12:43:43,7.52
2026-01-28 12:43:44,7.35
2026-01-28 12:43:45,7.35
2026-01-28 12:43:46,7.35
2026-01-28 12:43:47,7.35
2026-01-28 12:43:48,7.35
2026-01-28 12:43:49,7.46
2026-01-28 12:43:50,7.46
2026-01-28 12:43:51,7.46
2026-01-28 12:43:52,7.46
2026-01-28 12:43:53,7.46
2026-01-28 12:43:54,7.69
2026-01-28 12:43:55,7.69
2026-01-28 12:43:56,7.69
2026-01-28 12:43:57,7.69
2026-01-28 12:43:58,7.69
2026-01-28 12:43:59,6.13
2026-01-28 12:44:00,6.13
2026-01-28 12:44:01,6.13
2026-01-28 12:44:02,6.13
2026-01-28 12:44:03,6.13
2026-01-28 12:44:04,6.34
2026-01-28 12:44:05,6.34
2026-01-28 12:44:06,6.34
2026-01-28 12:44:07,6.34
2026-01-28 12:44:08,6.34
2026-01-28 12:44:09,6.25
2026-01-28 12:44:10,6.25
2026-01-28 12:44:11,6.25
2026-01-28 12:44:12,6.25
2026-01-28 12:44:13,6.25
2026-01-28 12:44:14,6.25
2026-01-28 12:44:15,6.25
2026-01-28 12:44:16,6.25
2026-01-28 12:44:17,6.25
2026-01-28 12:44:18,6.25
2026-01-28 12:44:19,6.16
2026-01-28 12:44:20,6.16
2026-01-28 12:44:21,6.16
2026-01-28 12:44:22,6.16
2026-01-28 12:44:23,6.16
2026-01-28 12:44:24,6.28
2026-01-28 12:44:25,6.28
2026-01-28 12:44:26,6.28
2026-01-28 12:44:27,6.28
2026-01-28 12:44:28,6.28
2026-01-28 12:44:29,6.30
2026-01-28 12:44:30,6.30
2026-01-28 12:44:31,6.30
2026-01-28 12:44:32,6.30
2026-01-28 12:44:33,6.30
2026-01-28 12:44:34,7.73
2026-01-28 12:44:35,7.73
2026-01-28 12:44:36,7.73
2026-01-28 12:44:37,7.73
2026-01-28 12:44:38,7.73
2026-01-28 12:44:39,6.94
2026-01-28 12:44:40,6.94
2026-01-28 12:44:41,6.94
2026-01-28 12:44:42,6.94
2026-01-28 12:44:43,6.94
2026-01-28 12:44:44,6.07
2026-01-28 12:44:45,6.07
2026-01-28 12:44:46,6.07
2026-01-28 12:44:47,6.07
2026-01-28 12:44:48,6.07
2026-01-28 12:44:49,6.33
2026-01-28 12:44:50,6.33
2026-01-28 12:44:51,6.33
2026-01-28 12:44:52,6.33
2026-01-28 12:44:53,6.33
2026-01-28 12:44:54,6.42
2026-01-28 12:44:55,6.42
2026-01-28 12:44:56,6.42
2026-01-28 12:44:57,6.42
2026-01-28 12:44:58,6.42
2026-01-28 12:44:59,6.22
2026-01-28 12:45:00,6.22
2026-01-28 12:45:01,6.22
2026-01-28 12:45:02,6.22
2026-01-28 12:45:03,6.22
2026-01-28 12:45:04,6.16
2026-01-28 12:45:05,6.16
2026-01-28 12:45:06,6.16
2026-01-28 12:45:07,6.16
2026-01-28 12:45:08,6.16
2026-01-28 12:45:09,6.11
2026-01-28 12:45:10,6.11
2026-01-28 12:45:11,6.11
2026-01-28 12:45:12,6.11
2026-01-28 12:45:13,6.11
2026-01-28 12:45:14,6.20
2026-01-28 12:45:15,6.20
2026-01-28 12:45:16,6.20
2026-01-28 12:45:17,6.20
2026-01-28 12:45:18,6.20
2026-01-28 12:45:19,6.31
2026-01-28 12:45:20,6.31
2026-01-28 12:45:21,6.31
2026-01-28 12:45:22,6.31
2026-01-28 12:45:23,6.31
2026-01-28 12:45:24,6.29
2026-01-28 12:45:25,6.29
2026-01-28 12:45:26,6.29
2026-01-28 12:45:27,6.29
2026-01-28 12:45:28,6.29
2026-01-28 12:45:29,6.20
2026-01-28 12:45:30,6.20
2026-01-28 12:45:31,6.20
2026-01-28 12:45:32,6.20
2026-01-28 12:45:33,6.20
2026-01-28 12:45:34,6.26
2026-01-28 12:45:35,6.26
2026-01-28 12:45:36,6.26
2026-01-28 12:45:37,6.26
2026-01-28 12:45:38,6.26
2026-01-28 12:45:39,6.44
2026-01-28 12:45:40,6.44
2026-01-28 12:45:41,6.44
2026-01-28 12:45:42,6.44
2026-01-28 12:45:43,6.44
2026-01-28 12:45:44,5.94
2026-01-28 12:45:45,5.94
2026-01-28 12:45:46,5.94
2026-01-28 12:45:47,5.94
2026-01-28 12:45:48,5.94
2026-01-28 12:45:49,6.29
2026-01-28 12:45:50,6.29
2026-01-28 12:45:51,6.29
2026-01-28 12:45:52,6.29
2026-01-28 12:45:53,6.29
2026-01-28 12:45:54,6.11
2026-01-28 12:45:55,6.11
2026-01-28 12:45:56,6.11
2026-01-28 12:45:57,6.11
2026-01-28 12:45:58,6.11
2026-01-28 12:45:59,6.13
2026-01-28 12:46:00,6.13
2026-01-28 12:46:01,6.13
2026-01-28 12:46:02,6.13
2026-01-28 12:46:03,6.13
2026-01-28 12:46:04,6.07
2026-01-28 12:46:05,6.07
2026-01-28 12:46:06,6.07
2026-01-28 12:46:07,6.07
2026-01-28 12:46:08,6.07
2026-01-28 12:46:09,6.18
2026-01-28 12:46:10,6.18
2026-01-28 12:46:11,6.18
2026-01-28 12:46:12,6.18
2026-01-28 12:46:13,6.18
2026-01-28 12:46:14,6.09
2026-01-28 12:46:15,6.09
2026-01-28 12:46:16,6.09
2026-01-28 12:46:17,6.09
2026-01-28 12:46:18,6.09
2026-01-28 12:46:19,6.24
2026-01-28 12:46:20,6.24
2026-01-28 12:46:21,6.24
2026-01-28 12:46:22,6.24
2026-01-28 12:46:23,6.24
2026-01-28 12:46:24,0
2026-01-28 12:46:25,0
2026-01-28 12:46:26,0
2026-01-28 12:46:27,0
2026-01-28 12:46:28,0
2026-01-28 12:46:29,0
2026-01-28 12:46:30,0
2026-01-28 12:46:31,0
2026-01-28 12:46:32,0
2026-01-28 12:46:33,0
2026-01-28 12:46:34,0
2026-01-28 12:46:35,0
2026-01-28 12:46:36,0
2026-01-28 12:46:37,0
2026-01-28 12:46:38,0
2026-01-28 12:46:39,0
2026-01-28 12:46:40,0
2026-01-28 12:46:41,0
2026-01-28 12:46:42,0
2026-01-28 12:46:43,0
2026-01-28 12:46:44,0
2026-01-28 12:46:45,0
2026-01-28 12:46:46,0
2026-01-28 12:46:47,0
2026-01-28 12:46:48,0
2026-01-28 12:46:49,0
2026-01-28 12:46:50,0
2026-01-28 12:46:51,0
2026-01-28 12:46:52,0
2026-01-28 12:46:53,0
2026-01-28 12:46:54,0
2026-01-28 12:46:55,0
2026-01-28 12:46:56,0
2026-01-28 12:46:57,0
2026-01-28 12:46:58,0
2026-01-28 12:46:59,0
2026-01-28 12:47:00,0
2026-01-28 12:47:01,0
2026-01-28 12:47:02,0
2026-01-28 12:47:03,0
2026-01-28 12:47:04,0
2026-01-28 12:47:05,0
2026-01-28 12:47:06,0
2026-01-28 12:47:07,0
2026-01-28 12:47:08,0
2026-01-28 12:47:09,0
2026-01-28 12:47:10,0
2026-01-28 12:47:11,0
2026-01-28 12:47:12,0
2026-01-28 12:47:13,0
2026-01-28 12:47:14,0
2026-01-28 12:47:15,0
2026-01-28 12:47:16,0
2026-01-28 12:47:17,0
2026-01-28 12:47:18,0
2026-01-28 12:47:19,0
2026-01-28 12:47:20,0
2026-01-28 12:47:21,0
2026-01-28 12:47:22,0
2026-01-28 12:47:23,0
2026-01-28 12:47:24,0
2026-01-28 12:47:25,0
2026-01-28 12:47:26,0
2026-01-28 12:47:27,0
2026-01-28 12:47:28,0
2026-01-28 12:47:29,0
2026-01-28 12:47:30,0
2026-01-28 12:47:31,0
2026-01-28 12:47:32,0
2026-01-28 12:47:33,0
2026-01-28 12:47:34,0
2026-01-28 12:47:35,0
2026-01-28 12:47:36,0
2026-01-28 12:47:37,0
2026-01-28 12:47:38,0
2026-01-28 12:47:39,0
2026-01-28 12:47:40,0
2026-01-28 12:47:41,0
2026-01-28 12:47:42,0
2026-01-28 12:47:43,0
2026-01-28 12:47:44,0
2026-01-28 12:47:45,0
2026-01-28 12:47:46,0
2026-01-28 12:47:47,0
2026-01-28 12:47:48,0
2026-01-28 12:47:49,0
2026-01-28 12:47:50,0
2026-01-28 12:47:51,0
2026-01-28 12:47:52,0
2026-01-28 12:47:53,0
2026-01-28 12:47:54,0
2026-01-28 12:47:55,0
2026-01-28 12:47:56,0
2026-01-28 12:47:57,0
2026-01-28 12:47:58,0
2026-01-28 12:47:59,0
2026-01-28 12:48:00,0
2026-01-28 12:48:01,0
2026-01-28 12:48:02,0
2026-01-28 12:48:03,0
2026-01-28 12:52:59,1.06
2026-01-28 12:53:00,1.06
2026-01-28 12:53:01,1.06
2026-01-28 12:53:02,1.06
2026-01-28 12:53:03,1.06
2026-01-28 12:53:04,6.03
2026-01-28 12:53:05,6.03
2026-01-28 12:53:06,6.03
2026-01-28 12:53:07,6.03
2026-01-28 12:53:08,6.03
2026-01-28 12:53:09,9.20
2026-01-28 12:53:10,9.20
2026-01-28 12:53:11,9.20
2026-01-28 12:53:12,9.20
2026-01-28 12:53:13,9.20
2026-01-28 12:53:14,6.58
2026-01-28 12:53:15,6.58
2026-01-28 12:53:16,6.58
2026-01-28 12:53:17,6.58
2026-01-28 12:53:18,6.58
2026-01-28 12:53:19,6.63
2026-01-28 12:53:20,6.63
2026-01-28 12:53:21,6.63
2026-01-28 12:53:22,6.63
2026-01-28 12:53:23,6.63
2026-01-28 12:53:24,6.39
2026-01-28 12:53:25,6.39
2026-01-28 12:53:26,6.39
2026-01-28 12:53:27,6.39
2026-01-28 12:53:28,6.39
2026-01-28 12:53:29,6.25
2026-01-28 12:53:30,6.25
2026-01-28 12:53:31,6.25
2026-01-28 12:53:32,6.25
2026-01-28 12:53:33,6.25
2026-01-28 12:53:34,6.38
2026-01-28 12:53:35,6.38
2026-01-28 12:53:36,6.38
2026-01-28 12:53:37,6.38
2026-01-28 12:53:38,6.38
2026-01-28 12:53:39,6.47
2026-01-28 12:53:40,6.47
2026-01-28 12:53:41,6.47
2026-01-28 12:53:42,6.47
2026-01-28 12:53:43,6.47
2026-01-28 12:53:44,6.41
2026-01-28 12:53:45,6.41
2026-01-28 12:53:46,6.41
2026-01-28 12:53:47,6.41
2026-01-28 12:53:48,6.41
2026-01-28 12:53:49,6.30
2026-01-28 12:53:50,6.30
2026-01-28 12:53:51,6.30
2026-01-28 12:53:52,6.30
2026-01-28 12:53:53,6.30
2026-01-28 12:53:54,6.31
2026-01-28 12:53:55,6.31
2026-01-28 12:53:56,6.31
2026-01-28 12:53:57,6.31
2026-01-28 12:53:58,6.31
2026-01-28 12:53:59,6.26
2026-01-28 12:54:00,6.26
2026-01-28 12:54:01,6.26
2026-01-28 12:54:02,6.26
2026-01-28 12:54:03,6.26
2026-01-28 12:54:04,6.33
2026-01-28 12:54:05,6.33
2026-01-28 12:54:06,6.33
2026-01-28 12:54:07,6.33
2026-01-28 12:54:08,6.33
2026-01-28 12:54:09,6.24
2026-01-28 12:54:10,6.24
2026-01-28 12:54:11,6.24
2026-01-28 12:54:12,6.24
2026-01-28 12:54:13,6.24
2026-01-28 12:54:14,6.20
2026-01-28 12:54:15,6.20
2026-01-28 12:54:16,6.20
2026-01-28 12:54:17,6.20
2026-01-28 12:54:18,6.20
2026-01-28 12:54:19,6.38
2026-01-28 12:54:20,6.38
2026-01-28 12:54:21,6.38
2026-01-28 12:54:22,6.38
2026-01-28 12:54:23,6.38
2026-01-28 12:54:24,6.28
2026-01-28 12:54:25,6.28
2026-01-28 12:54:26,6.28
2026-01-28 12:54:27,6.28
2026-01-28 12:54:28,6.28
2026-01-28 12:54:29,6.09
2026-01-28 12:54:30,6.09
2026-01-28 12:54:31,6.09
2026-01-28 12:54:32,6.09
2026-01-28 12:54:33,6.09
2026-01-28 12:54:34,5.54
2026-01-28 12:54:35,5.54
2026-01-28 12:54:36,5.54
2026-01-28 12:54:37,5.54
2026-01-28 12:54:38,5.54
2026-01-28 12:54:39,9.50
2026-01-28 12:54:40,9.50
2026-01-28 12:54:41,9.50
2026-01-28 12:54:42,9.50
2026-01-28 12:54:43,9.50
2026-01-28 12:54:44,9.07
2026-01-28 12:54:45,9.07
2026-01-28 12:54:46,9.07
2026-01-28 12:54:47,9.07
2026-01-28 12:54:48,9.07
2026-01-28 12:54:49,8.17
2026-01-28 12:54:50,8.17
2026-01-28 12:54:51,8.17
2026-01-28 12:54:52,8.17
2026-01-28 12:54:53,8.17
2026-01-28 12:54:54,6.27
2026-01-28 12:54:55,6.27
2026-01-28 12:54:56,6.27
2026-01-28 12:54:57,6.27
2026-01-28 12:54:58,6.27
2026-01-28 12:54:59,6.26
2026-01-28 12:55:00,6.26
2026-01-28 12:55:01,6.26
2026-01-28 12:55:02,6.26
2026-01-28 12:55:03,6.26
2026-01-28 12:55:04,6.29
2026-01-28 12:55:05,6.29
2026-01-28 12:55:06,6.29
2026-01-28 12:55:07,6.29
2026-01-28 12:55:08,6.29
2026-01-28 12:55:09,6.24
2026-01-28 12:55:10,6.24
2026-01-28 12:55:11,6.24
2026-01-28 12:55:12,6.24
2026-01-28 12:55:13,6.24
2026-01-28 12:55:14,6.18
2026-01-28 12:55:15,6.18
2026-01-28 12:55:16,6.18
2026-01-28 12:55:17,6.18
2026-01-28 12:55:18,6.18
2026-01-28 12:55:19,6.26
2026-01-28 12:55:20,6.26
2026-01-28 12:55:21,6.26
2026-01-28 12:55:22,6.26
2026-01-28 12:55:23,6.26
2026-01-28 12:55:24,6.23
2026-01-28 12:55:25,6.23
2026-01-28 12:55:26,6.23
2026-01-28 12:55:27,6.23
2026-01-28 12:55:28,6.23
2026-01-28 12:55:29,5.62
2026-01-28 12:55:30,5.62
2026-01-28 12:55:31,5.62
2026-01-28 12:55:32,5.62
2026-01-28 12:55:33,5.62
2026-01-28 12:55:34,7.06
2026-01-28 12:55:35,7.06
2026-01-28 12:55:36,7.06
2026-01-28 12:55:37,7.06
2026-01-28 12:55:38,7.06
2026-01-28 12:55:39,7.63
2026-01-28 12:55:40,7.63
2026-01-28 12:55:41,7.63
2026-01-28 12:55:42,7.63
2026-01-28 12:55:43,7.63
2026-01-28 12:55:44,7.54
2026-01-28 12:55:45,7.54
2026-01-28 12:55:46,7.54
2026-01-28 12:55:47,7.54
2026-01-28 12:55:48,7.54
2026-01-28 12:55:49,7.27
2026-01-28 12:55:50,7.27
2026-01-28 12:55:51,7.27
2026-01-28 12:55:52,7.27
2026-01-28 12:55:53,7.27
2026-01-28 12:55:54,7.26
2026-01-28 12:55:55,7.26
2026-01-28 12:55:56,7.26
2026-01-28 12:55:57,7.26
2026-01-28 12:55:58,7.26
2026-01-28 12:55:59,7.22
2026-01-28 12:56:00,7.22
2026-01-28 12:56:01,7.22
2026-01-28 12:56:02,7.22
2026-01-28 12:56:03,7.22
2026-01-28 12:56:04,7.23
2026-01-28 12:56:05,7.23
2026-01-28 12:56:06,7.23
2026-01-28 12:56:07,7.23
2026-01-28 12:56:08,7.23
2026-01-28 12:56:09,7.21
2026-01-28 12:56:10,7.21
2026-01-28 12:56:11,7.21
2026-01-28 12:56:12,7.21
2026-01-28 12:56:13,7.21
2026-01-28 12:56:14,0
2026-01-28 12:56:15,0
2026-01-28 12:56:16,0
2026-01-28 12:56:17,0
2026-01-28 12:56:18,0
2026-01-28 12:56:19,0
2026-01-28 12:56:20,0
2026-01-28 12:56:21,0
2026-01-28 12:56:22,0
2026-01-28 12:56:23,0
2026-01-28 12:56:24,0
2026-01-28 12:56:25,0
2026-01-28 12:56:26,0
2026-01-28 12:56:27,0
2026-01-28 12:56:28,0
2026-01-28 12:56:29,0
2026-01-28 12:56:30,0
2026-01-28 12:56:31,0
2026-01-28 12:56:32,0
2026-01-28 12:56:33,0
2026-01-28 12:56:34,0
2026-01-28 12:56:35,0
2026-01-28 12:56:36,0
2026-01-28 12:56:37,0
2026-01-28 12:56:38,0
2026-01-28 12:56:39,0
2026-01-28 12:56:40,0
2026-01-28 12:56:41,0
2026-01-28 12:56:42,0
2026-01-28 12:56:43,0
2026-01-28 12:56:44,0
2026-01-28 12:56:45,0
2026-01-28 12:56:46,0
2026-01-28 12:56:47,0
2026-01-28 12:56:48,0
2026-01-28 12:56:49,0
2026-01-28 12:56:50,0
2026-01-28 12:56:51,0
2026-01-28 12:56:52,0
2026-01-28 12:56:53,0
2026-01-28 12:56:54,0
2026-01-28 12:56:55,0
2026-01-28 12:56:56,0
2026-01-28 12:56:57,0
2026-01-28 12:56:58,0
2026-01-28 12:56:59,0
2026-01-28 12:57:00,0
2026-01-28 12:57:01,0
2026-01-28 12:57:02,0
2026-01-28 12:57:03,0
2026-01-28 12:57:04,0
2026-01-28 12:57:05,0
2026-01-28 12:57:06,0
2026-01-28 12:57:07,0
2026-01-28 12:57:08,0
2026-01-28 12:57:09,0
2026-01-28 12:57:10,0
2026-01-28 12:57:11,0
2026-01-28 12:57:12,0
2026-01-28 12:57:13,0
2026-01-28 12:57:14,0
2026-01-28 12:57:15,0
2026-01-28 12:57:16,0
2026-01-28 12:57:17,0
2026-01-28 12:57:18,0
2026-01-28 12:57:19,0
2026-01-28 12:57:20,0
2026-01-28 12:57:21,0
2026-01-28 12:57:22,0
2026-01-28 12:57:23,0
2026-01-28 12:57:24,0
2026-01-28 12:57:25,0
2026-01-28 12:57:26,0
2026-01-28 12:57:27,0
2026-01-28 12:57:28,0
2026-01-28 12:57:29,0
2026-01-28 12:57:30,0
2026-01-28 12:57:31,0
2026-01-28 12:57:32,0
2026-01-28 12:57:33,0
2026-01-28 12:57:34,0
2026-01-28 12:57:35,0
2026-01-28 12:57:36,0
2026-01-28 12:57:37,0
2026-01-28 12:57:38,0
2026-01-28 12:57:39,0
2026-01-28 12:57:40,0
2026-01-28 12:57:41,0
2026-01-28 12:57:42,0
2026-01-28 12:57:43,0
2026-01-28 12:57:44,0
2026-01-28 12:57:45,0
2026-01-28 12:57:46,0
2026-01-28 12:57:47,0
2026-01-28 12:57:48,0
2026-01-28 13:02:49,2.66
2026-01-28 13:02:50,2.66
2026-01-28 13:02:51,2.66
2026-01-28 13:02:52,2.66
2026-01-28 13:02:53,2.66
2026-01-28 13:02:54,5.41
2026-01-28 13:02:55,5.41
2026-01-28 13:02:56,5.41
2026-01-28 13:02:57,5.41
2026-01-28 13:02:58,5.41
2026-01-28 13:02:59,5.09
2026-01-28 13:03:00,5.09
2026-01-28 13:03:01,5.09
2026-01-28 13:03:02,5.09
2026-01-28 13:03:03,5.09
2026-01-28 13:03:04,5.09
2026-01-28 13:03:05,5.09
2026-01-28 13:03:06,5.09
2026-01-28 13:03:07,5.09
2026-01-28 13:03:08,5.09
2026-01-28 13:03:09,5.16
2026-01-28 13:03:10,5.16
2026-01-28 13:03:11,5.16
2026-01-28 13:03:12,5.16
2026-01-28 13:03:13,5.16
2026-01-28 13:03:14,5.08
2026-01-28 13:03:15,5.08
2026-01-28 13:03:16,5.08
2026-01-28 13:03:17,5.08
2026-01-28 13:03:18,5.08
2026-01-28 13:03:19,5.21
2026-01-28 13:03:20,5.21
2026-01-28 13:03:21,5.21
2026-01-28 13:03:22,5.21
2026-01-28 13:03:23,5.21
2026-01-28 13:03:24,4.55
2026-01-28 13:03:25,4.55
2026-01-28 13:03:26,4.55
2026-01-28 13:03:27,4.55
2026-01-28 13:03:28,4.55
2026-01-28 13:03:29,5.50
2026-01-28 13:03:30,5.50
2026-01-28 13:03:31,5.50
2026-01-28 13:03:32,5.50
2026-01-28 13:03:33,5.50
2026-01-28 13:03:34,6.39
2026-01-28 13:03:35,6.39
2026-01-28 13:03:36,6.39
2026-01-28 13:03:37,6.39
2026-01-28 13:03:38,6.39
2026-01-28 13:03:39,6.34
2026-01-28 13:03:40,6.34
2026-01-28 13:03:41,6.34
2026-01-28 13:03:42,6.34
2026-01-28 13:03:43,6.34
2026-01-28 13:03:44,5.83
2026-01-28 13:03:45,5.83
2026-01-28 13:03:46,5.83
2026-01-28 13:03:47,5.83
2026-01-28 13:03:48,5.83
2026-01-28 13:03:49,7.06
2026-01-28 13:03:50,7.06
2026-01-28 13:03:51,7.06
2026-01-28 13:03:52,7.06
2026-01-28 13:03:53,7.06
2026-01-28 13:03:54,7.96
2026-01-28 13:03:55,7.96
2026-01-28 13:03:56,7.96
2026-01-28 13:03:57,7.96
2026-01-28 13:03:58,7.96
2026-01-28 13:03:59,7.51
2026-01-28 13:04:00,7.51
2026-01-28 13:04:01,7.51
2026-01-28 13:04:02,7.51
2026-01-28 13:04:03,7.51
2026-01-28 13:04:04,7.27
2026-01-28 13:04:05,7.27
2026-01-28 13:04:06,7.27
2026-01-28 13:04:07,7.27
2026-01-28 13:04:08,7.27
2026-01-28 13:04:09,7.21
2026-01-28 13:04:10,7.21
2026-01-28 13:04:11,7.21
2026-01-28 13:04:12,7.21
2026-01-28 13:04:13,7.21
2026-01-28 13:04:14,7.23
2026-01-28 13:04:15,7.23
2026-01-28 13:04:16,7.23
2026-01-28 13:04:17,7.23
2026-01-28 13:04:18,7.23
2026-01-28 13:04:19,7.28
2026-01-28 13:04:20,7.28
2026-01-28 13:04:21,7.28
2026-01-28 13:04:22,7.28
2026-01-28 13:04:23,7.28
2026-01-28 13:04:24,7.24
2026-01-28 13:04:25,7.24
2026-01-28 13:04:26,7.24
2026-01-28 13:04:27,7.24
2026-01-28 13:04:28,7.24
2026-01-28 13:04:29,7.21
2026-01-28 13:04:30,7.21
2026-01-28 13:04:31,7.21
2026-01-28 13:04:32,7.21
2026-01-28 13:04:33,7.21
2026-01-28 13:04:34,7.24
2026-01-28 13:04:35,7.24
2026-01-28 13:04:36,7.24
2026-01-28 13:04:37,7.24
2026-01-28 13:04:38,7.24
2026-01-28 13:04:39,6.80
2026-01-28 13:04:40,6.80
2026-01-28 13:04:41,6.80
2026-01-28 13:04:42,6.80
2026-01-28 13:04:43,6.80
2026-01-28 13:04:44,8.50
2026-01-28 13:04:45,8.50
2026-01-28 13:04:46,8.50
2026-01-28 13:04:47,8.50
2026-01-28 13:04:48,8.50
2026-01-28 13:04:49,9.88
2026-01-28 13:04:50,9.88
2026-01-28 13:04:51,9.88
2026-01-28 13:04:52,9.88
2026-01-28 13:04:53,9.88
2026-01-28 13:04:54,8.09
2026-01-28 13:04:55,8.09
2026-01-28 13:04:56,8.09
2026-01-28 13:04:57,8.09
2026-01-28 13:04:58,8.09
2026-01-28 13:04:59,7.32
2026-01-28 13:05:00,7.32
2026-01-28 13:05:01,7.32
2026-01-28 13:05:02,7.32
2026-01-28 13:05:03,7.32
2026-01-28 13:05:04,7.38
2026-01-28 13:05:05,7.38
2026-01-28 13:05:06,7.38
2026-01-28 13:05:07,7.38
2026-01-28 13:05:08,7.38
2026-01-28 13:05:09,7.42
2026-01-28 13:05:10,7.42
2026-01-28 13:05:11,7.42
2026-01-28 13:05:12,7.42
2026-01-28 13:05:13,7.42
2026-01-28 13:05:14,7.66
2026-01-28 13:05:15,7.66
2026-01-28 13:05:16,7.66
2026-01-28 13:05:17,7.66
2026-01-28 13:05:18,7.66
2026-01-28 13:05:19,7.92
2026-01-28 13:05:20,7.92
2026-01-28 13:05:21,7.92
2026-01-28 13:05:22,7.92
2026-01-28 13:05:23,7.92
2026-01-28 13:05:24,7.39
2026-01-28 13:05:25,7.39
2026-01-28 13:05:26,7.39
2026-01-28 13:05:27,7.39
2026-01-28 13:05:28,7.39
2026-01-28 13:05:29,7.38
2026-01-28 13:05:30,7.38
2026-01-28 13:05:31,7.38
2026-01-28 13:05:32,7.38
2026-01-28 13:05:33,7.38
2026-01-28 13:05:34,7.46
2026-01-28 13:05:35,7.46
2026-01-28 13:05:36,7.46
2026-01-28 13:05:37,7.46
2026-01-28 13:05:38,7.46
2026-01-28 13:05:39,7.37
2026-01-28 13:05:40,7.37
2026-01-28 13:05:41,7.37
2026-01-28 13:05:42,7.37
2026-01-28 13:05:43,7.37
2026-01-28 13:05:44,7.43
2026-01-28 13:05:45,7.43
2026-01-28 13:05:46,7.43
2026-01-28 13:05:47,7.43
2026-01-28 13:05:48,7.43
2026-01-28 13:05:49,7.58
2026-01-28 13:05:50,7.58
2026-01-28 13:05:51,7.58
2026-01-28 13:05:52,7.58
2026-01-28 13:05:53,7.58
2026-01-28 13:05:54,7.40
2026-01-28 13:05:55,7.40
2026-01-28 13:05:56,7.40
2026-01-28 13:05:57,7.40
2026-01-28 13:05:58,7.40
2026-01-28 13:05:59,0
2026-01-28 13:06:00,0
2026-01-28 13:06:01,0
2026-01-28 13:06:02,0
2026-01-28 13:06:03,0
2026-01-28 13:06:04,0
2026-01-28 13:06:05,0
2026-01-28 13:06:06,0
2026-01-28 13:06:07,0
2026-01-28 13:06:08,0
2026-01-28 13:06:09,0
2026-01-28 13:06:10,0
2026-01-28 13:06:11,0
2026-01-28 13:06:12,0
2026-01-28 13:06:13,0
2026-01-28 13:06:14,0
2026-01-28 13:06:15,0
2026-01-28 13:06:16,0
2026-01-28 13:06:17,0
2026-01-28 13:06:18,0
2026-01-28 13:06:19,0
2026-01-28 13:06:20,0
2026-01-28 13:06:21,0
2026-01-28 13:06:22,0
2026-01-28 13:06:23,0
2026-01-28 13:06:24,0
2026-01-28 13:06:25,0
2026-01-28 13:06:26,0
2026-01-28 13:06:27,0
2026-01-28 13:06:28,0
2026-01-28 13:06:29,0
2026-01-28 13:06:30,0
2026-01-28 13:06:31,0
2026-01-28 13:06:32,0
2026-01-28 13:06:33,0
2026-01-28 13:06:34,0
2026-01-28 13:06:35,0
2026-01-28 13:06:36,0
2026-01-28 13:06:37,0
2026-01-28 13:06:38,0
2026-01-28 13:06:39,0
2026-01-28 13:06:40,0
2026-01-28 13:06:41,0
2026-01-28 13:06:42,0
2026-01-28 13:06:43,0
2026-01-28 13:06:44,0
2026-01-28 13:06:45,0
2026-01-28 13:06:46,0
2026-01-28 13:06:47,0
2026-01-28 13:06:48,0
2026-01-28 13:06:49,0
2026-01-28 13:06:50,0
2026-01-28 13:06:51,0
2026-01-28 13:06:52,0
2026-01-28 13:06:53,0
2026-01-28 13:06:54,0
2026-01-28 13:06:55,0
2026-01-28 13:06:56,0
2026-01-28 13:06:57,0
2026-01-28 13:06:58,0
2026-01-28 13:06:59,0
2026-01-28 13:07:00,0
2026-01-28 13:07:01,0
2026-01-28 13:07:02,0
2026-01-28 13:07:03,0
2026-01-28 13:07:04,0
2026-01-28 13:07:05,0
2026-01-28 13:07:06,0
2026-01-28 13:07:07,0
2026-01-28 13:07:08,0
2026-01-28 13:07:09,0
2026-01-28 13:07:10,0
2026-01-28 13:07:11,0
2026-01-28 13:07:12,0
2026-01-28 13:07:13,0
2026-01-28 13:07:14,0
2026-01-28 13:07:15,0
2026-01-28 13:07:16,0
2026-01-28 13:07:17,0
2026-01-28 13:07:18,0
2026-01-28 13:07:19,0
2026-01-28 13:07:20,0
2026-01-28 13:07:21,0
2026-01-28 13:07:22,0
2026-01-28 13:07:23,0
2026-01-28 13:07:24,0
2026-01-28 13:07:25,0
2026-01-28 13:07:26,0
2026-01-28 13:07:27,0
2026-01-28 13:07:28,0
2026-01-28 13:07:29,0
2026-01-28 13:07:30,0
2026-01-28 13:07:31,0
2026-01-28 13:07:32,0
2026-01-28 13:07:33,0
2026-01-28 13:12:39,2.12
2026-01-28 13:12:40,2.12
2026-01-28 13:12:41,2.12
2026-01-28 13:12:42,2.12
2026-01-28 13:12:43,2.12
2026-01-28 13:12:44,7.38
2026-01-28 13:12:45,7.38
2026-01-28 13:12:46,7.38
2026-01-28 13:12:47,7.38
2026-01-28 13:12:48,7.38
2026-01-28 13:12:49,10.4
2026-01-28 13:12:50,10.4
2026-01-28 13:12:51,10.4
2026-01-28 13:12:52,10.4
2026-01-28 13:12:53,10.4
2026-01-28 13:12:54,8.57
2026-01-28 13:12:55,8.57
2026-01-28 13:12:56,8.57
2026-01-28 13:12:57,8.57
2026-01-28 13:12:58,8.57
2026-01-28 13:12:59,7.55
2026-01-28 13:13:00,7.55
2026-01-28 13:13:01,7.55
2026-01-28 13:13:02,7.55
2026-01-28 13:13:03,7.55
2026-01-28 13:13:04,7.58
2026-01-28 13:13:05,7.58
2026-01-28 13:13:06,7.58
2026-01-28 13:13:07,7.58
2026-01-28 13:13:08,7.58
2026-01-28 13:13:09,7.74
2026-01-28 13:13:10,7.74
2026-01-28 13:13:11,7.74
2026-01-28 13:13:12,7.74
2026-01-28 13:13:13,7.74
2026-01-28 13:13:14,20.7
2026-01-28 13:13:15,20.7
2026-01-28 13:13:16,20.7
2026-01-28 13:13:17,20.7
2026-01-28 13:13:18,20.7
2026-01-28 13:13:19,10.7
2026-01-28 13:13:20,10.7
2026-01-28 13:13:21,10.7
2026-01-28 13:13:22,10.7
2026-01-28 13:13:23,10.7
2026-01-28 13:13:24,8.45
2026-01-28 13:13:25,8.45
2026-01-28 13:13:26,8.45
2026-01-28 13:13:27,8.45
2026-01-28 13:13:28,8.45
2026-01-28 13:13:29,8.76
2026-01-28 13:13:30,8.76
2026-01-28 13:13:31,8.76
2026-01-28 13:13:32,8.76
2026-01-28 13:13:33,8.76
2026-01-28 13:13:34,7.03
2026-01-28 13:13:35,7.03
2026-01-28 13:13:36,7.03
2026-01-28 13:13:37,7.03
2026-01-28 13:13:38,7.03
2026-01-28 13:13:39,6.67
2026-01-28 13:13:40,6.67
2026-01-28 13:13:41,6.67
2026-01-28 13:13:42,6.67
2026-01-28 13:13:43,6.67
2026-01-28 13:13:44,7.46
2026-01-28 13:13:45,7.46
2026-01-28 13:13:46,7.46
2026-01-28 13:13:47,7.46
2026-01-28 13:13:48,7.46
2026-01-28 13:13:49,8.56
2026-01-28 13:13:50,8.56
2026-01-28 13:13:51,8.56
2026-01-28 13:13:52,8.56
2026-01-28 13:13:53,8.56
2026-01-28 13:13:54,6.82
2026-01-28 13:13:55,6.82
2026-01-28 13:13:56,6.82
2026-01-28 13:13:57,6.82
2026-01-28 13:13:58,6.82
2026-01-28 13:13:59,7.76
2026-01-28 13:14:00,7.76
2026-01-28 13:14:01,7.76
2026-01-28 13:14:02,7.76
2026-01-28 13:14:03,7.76
2026-01-28 13:14:04,11.4
2026-01-28 13:14:05,11.4
2026-01-28 13:14:06,11.4
2026-01-28 13:14:07,11.4
2026-01-28 13:14:08,11.4
2026-01-28 13:14:09,10.1
2026-01-28 13:14:10,10.1
2026-01-28 13:14:11,10.1
2026-01-28 13:14:12,10.1
2026-01-28 13:14:13,10.1
2026-01-28 13:14:14,6.55
2026-01-28 13:14:15,6.55
2026-01-28 13:14:16,6.55
2026-01-28 13:14:17,6.55
2026-01-28 13:14:18,6.55
2026-01-28 13:14:19,7.10
2026-01-28 13:14:20,7.10
2026-01-28 13:14:21,7.10
2026-01-28 13:14:22,7.10
2026-01-28 13:14:23,7.10
2026-01-28 13:14:24,8.69
2026-01-28 13:14:25,8.69
2026-01-28 13:14:26,8.69
2026-01-28 13:14:27,8.69
2026-01-28 13:14:28,8.69
2026-01-28 13:14:29,7.28
2026-01-28 13:14:30,7.28
2026-01-28 13:14:31,7.28
2026-01-28 13:14:32,7.28
2026-01-28 13:14:33,7.28
2026-01-28 13:14:34,10.4
2026-01-28 13:14:35,10.4
2026-01-28 13:14:36,10.4
2026-01-28 13:14:37,10.4
2026-01-28 13:14:38,10.4
2026-01-28 13:14:39,10.6
2026-01-28 13:14:40,10.6
2026-01-28 13:14:41,10.6
2026-01-28 13:14:42,10.6
2026-01-28 13:14:43,10.6
2026-01-28 13:14:44,8.43
2026-01-28 13:14:45,8.43
2026-01-28 13:14:46,8.43
2026-01-28 13:14:47,8.43
2026-01-28 13:14:48,8.43
2026-01-28 13:14:49,11.3
2026-01-28 13:14:50,11.3
2026-01-28 13:14:51,11.3
2026-01-28 13:14:52,11.3
2026-01-28 13:14:53,11.3
2026-01-28 13:14:54,8.79
2026-01-28 13:14:55,8.79
2026-01-28 13:14:56,8.79
2026-01-28 13:14:57,8.79
2026-01-28 13:14:58,8.79
2026-01-28 13:14:59,7.35
2026-01-28 13:15:00,7.35
2026-01-28 13:15:01,7.35
2026-01-28 13:15:02,7.35
2026-01-28 13:15:03,7.35
2026-01-28 13:15:04,9.12
2026-01-28 13:15:05,9.12
2026-01-28 13:15:06,9.12
2026-01-28 13:15:07,9.12
2026-01-28 13:15:08,9.12
2026-01-28 13:15:09,8.06
2026-01-28 13:15:10,8.06
2026-01-28 13:15:11,8.06
2026-01-28 13:15:12,8.06
2026-01-28 13:15:13,8.06
2026-01-28 13:15:14,9.83
2026-01-28 13:15:15,9.83
2026-01-28 13:15:16,9.83
2026-01-28 13:15:17,9.83
2026-01-28 13:15:18,9.83
2026-01-28 13:15:19,8.91
2026-01-28 13:15:20,8.91
2026-01-28 13:15:21,8.91
2026-01-28 13:15:22,8.91
2026-01-28 13:15:23,8.91
2026-01-28 13:15:24,9.93
2026-01-28 13:15:25,9.93
2026-01-28 13:15:26,9.93
2026-01-28 13:15:27,9.93
2026-01-28 13:15:28,9.93
2026-01-28 13:15:29,8.87
2026-01-28 13:15:30,8.87
2026-01-28 13:15:31,8.87
2026-01-28 13:15:32,8.87
2026-01-28 13:15:33,8.87
2026-01-28 13:15:34,9.27
2026-01-28 13:15:35,9.27
2026-01-28 13:15:36,9.27
2026-01-28 13:15:37,9.27
2026-01-28 13:15:38,9.27
2026-01-28 13:15:39,8.77
2026-01-28 13:15:40,8.77
2026-01-28 13:15:41,8.77
2026-01-28 13:15:42,8.77
2026-01-28 13:15:43,8.77
2026-01-28 13:15:44,10.8
2026-01-28 13:15:45,10.8
2026-01-28 13:15:46,10.8
2026-01-28 13:15:47,10.8
2026-01-28 13:15:48,10.8
2026-01-28 13:15:49,7.77
2026-01-28 13:15:50,7.77
2026-01-28 13:15:51,7.77
2026-01-28 13:15:52,7.77
2026-01-28 13:15:53,7.77
2026-01-28 13:15:54,0
2026-01-28 13:15:55,0
2026-01-28 13:15:56,0
2026-01-28 13:15:57,0
2026-01-28 13:15:58,0
2026-01-28 13:15:59,0
2026-01-28 13:16:00,0
2026-01-28 13:16:01,0
2026-01-28 13:16:02,0
2026-01-28 13:16:03,0
2026-01-28 13:16:04,0
2026-01-28 13:16:05,0
2026-01-28 13:16:06,0
2026-01-28 13:16:07,0
2026-01-28 13:16:08,0
2026-01-28 13:16:09,0
2026-01-28 13:16:10,0
2026-01-28 13:16:11,0
2026-01-28 13:16:12,0
2026-01-28 13:16:13,0
2026-01-28 13:16:14,0
2026-01-28 13:16:15,0
2026-01-28 13:16:16,0
2026-01-28 13:16:17,0
2026-01-28 13:16:18,0
2026-01-28 13:16:19,0
2026-01-28 13:16:20,0
2026-01-28 13:16:21,0
2026-01-28 13:16:22,0
2026-01-28 13:16:23,0
2026-01-28 13:16:24,0
2026-01-28 13:16:25,0
2026-01-28 13:16:26,0
2026-01-28 13:16:27,0
2026-01-28 13:16:28,0
2026-01-28 13:16:29,0
2026-01-28 13:16:30,0
2026-01-28 13:16:31,0
2026-01-28 13:16:32,0
2026-01-28 13:16:33,0
2026-01-28 13:16:34,0
2026-01-28 13:16:35,0
2026-01-28 13:16:36,0
2026-01-28 13:16:37,0
2026-01-28 13:16:38,0
2026-01-28 13:16:39,0
2026-01-28 13:16:40,0
2026-01-28 13:16:41,0
2026-01-28 13:16:42,0
2026-01-28 13:16:43,0
2026-01-28 13:16:44,0
2026-01-28 13:16:45,0
2026-01-28 13:16:46,0
2026-01-28 13:16:47,0
2026-01-28 13:16:48,0
2026-01-28 13:16:49,0
2026-01-28 13:16:50,0
2026-01-28 13:16:51,0
2026-01-28 13:16:52,0
2026-01-28 13:16:53,0
2026-01-28 13:16:54,0
2026-01-28 13:16:55,0
2026-01-28 13:16:56,0
2026-01-28 13:16:57,0
2026-01-28 13:16:58,0
2026-01-28 13:16:59,0
2026-01-28 13:17:00,0
2026-01-28 13:17:01,0
2026-01-28 13:17:02,0
2026-01-28 13:17:03,0
2026-01-28 13:17:04,0
2026-01-28 13:17:05,0
2026-01-28 13:17:06,0
2026-01-28 13:17:07,0
2026-01-28 13:17:08,0
2026-01-28 13:17:09,0
2026-01-28 13:17:10,0
2026-01-28 13:17:11,0
2026-01-28 13:17:12,0
2026-01-28 13:17:13,0
2026-01-28 13:17:14,0
2026-01-28 13:17:15,0
2026-01-28 13:17:16,0
2026-01-28 13:17:17,0
2026-01-28 13:17:18,0
2026-01-28 13:17:19,0
2026-01-28 13:17:20,0
2026-01-28 13:17:21,0
2026-01-28 13:17:22,0
2026-01-28 13:17:23,0
2026-01-28 13:17:24,0
2026-01-28 13:17:25,0
2026-01-28 13:17:26,0
2026-01-28 13:17:27,0
2026-01-28 13:17:28,0